# Created by Open3D 
# object name: 33bfb06af948d3415cab680ae8f530b6
# number of vertices: 5816
# number of triangles: 2848
mtllib 33bfb06af948d3415cab680ae8f530b6.mtl
v 2.17693 0.340348 0.0944019
vn 0 -5.50112e-17 -1
v 1.68217 0.300213 0.0944019
vn 0 -5.95887e-17 -1
v 1.68217 0.340348 0.0944019
vn 0 -6.00725e-17 -1
v 2.07798 0.300213 0.0944019
vn 0 -5.81831e-17 -1
v 1.68217 0.340348 0.0944019
vn 0 6.00725e-17 1
v 1.68217 0.300213 0.0944019
vn 0 5.95887e-17 1
v 2.17693 0.340348 0.0944019
vn 0 5.50112e-17 1
v 2.07798 0.300213 0.0944019
vn 0 5.81831e-17 1
v 1.58323 0.300213 0.0944019
vn 0 -5.59823e-17 -1
v 1.58323 0.300213 0.0944019
vn 0 5.59823e-17 1
v 1.68217 0.300213 0.0944019
vn 1 -1.21396e-16 7.43337e-33
v 1.68217 0.340348 0
vn 1 -1.21396e-16 7.43337e-33
v 1.68217 0.340348 0.0944019
vn 1 -1.21928e-16 7.46594e-33
v 1.68217 0.340348 0.0944019
vn -1 1.21928e-16 -7.46594e-33
v 1.68217 0.340348 0
vn -1 1.21396e-16 -7.43337e-33
v 1.68217 0.300213 0.0944019
vn -1 1.21396e-16 -7.43337e-33
v 1.68217 0.340348 0.0944019
vn 1.20851e-16 1 -6.04255e-17
v -2.17693 0.340348 0.103843
vn 1.18312e-16 1 -5.91559e-17
v 2.17693 0.340348 0.0944019
vn 1.18051e-16 1 -5.90253e-17
v 2.17693 0.340348 0.0944019
vn -1.18051e-16 -1 5.90253e-17
v -2.17693 0.340348 0.103843
vn -1.18312e-16 -1 5.91559e-17
v 1.68217 0.340348 0.0944019
vn -1.20851e-16 -1 6.04255e-17
v 2.07798 -0.30182 0.0944019
vn 0 -5.50112e-17 -1
v 2.07798 -0.30182 0.0944019
vn 0 5.50112e-17 1
v 2.07798 0.300213 0.0944019
vn -1.13381e-16 -1 5.66904e-17
v 1.58323 0.300213 0.0944019
vn -1.21768e-16 -1 6.08839e-17
v 1.68217 0.300213 0.0944019
vn -1.21079e-16 -1 6.05395e-17
v 1.68217 0.300213 0.0944019
vn 1.21079e-16 1 -6.05395e-17
v 1.58323 0.300213 0.0944019
vn 1.21768e-16 1 -6.08839e-17
v 2.07798 0.300213 0.0944019
vn 1.13381e-16 1 -5.66904e-17
v 1.58323 0.340348 0.0944019
vn 0 -5.19233e-17 -1
v 1.58323 0.340348 0.0944019
vn 0 5.19233e-17 1
v 1.58323 0.300213 0.0236006
vn -1.20852e-16 -1 6.04256e-17
v 1.58323 0.300213 0.0236006
vn 1.20852e-16 1 -6.04256e-17
v 1.68217 0.300213 0
vn 1 -1.18049e-16 7.22837e-33
v 1.68217 0.300213 0
vn -1 1.18049e-16 -7.22837e-33
v 1.68217 0.340348 0
vn 1.22e-16 1 -6.09997e-17
v 1.6426 0.340348 0.0236006
vn 1.21125e-16 1 -6.05624e-17
v 1.6426 0.340348 0.0236006
vn -1.21125e-16 -1 6.05624e-17
v 1.68217 0.340348 0
vn -1.22e-16 -1 6.09997e-17
v 1.58323 0.340348 0.0944019
vn 1.18225e-16 1 -5.91124e-17
v 1.58323 0.340348 0.0944019
vn -1.18225e-16 -1 5.91124e-17
v -2.07798 0.340348 0.103843
vn 1.14883e-16 1 -5.74411e-17
v -2.07798 0.340348 0.103843
vn -1.14883e-16 -1 5.74411e-17
v 2.17693 -0.341954 0.0944019
vn 0 -5.77292e-17 -1
v 2.17693 -0.341954 0.0944019
vn 0 5.77292e-17 1
v 2.07798 -0.30182 0.0944019
vn -1 1.18552e-16 -7.25917e-33
v 2.07798 0.300213 0.118002
vn -1 1.18552e-16 -7.25917e-33
v 2.07798 0.300213 0.0944019
vn -1 1.20477e-16 -7.37704e-33
v 2.07798 0.300213 0.0944019
vn 1 -1.20477e-16 7.37704e-33
v 2.07798 0.300213 0.118002
vn 1 -1.18552e-16 7.25917e-33
v 2.07798 -0.30182 0.0944019
vn 1 -1.18552e-16 7.25917e-33
v -1.58321 0.300213 0.0944019
vn -1.21079e-16 -1 6.05394e-17
v -1.58321 0.300213 0.0944019
vn 1.21079e-16 1 -6.05394e-17
v 1.58323 0.300213 0
vn -1 1.19442e-16 -7.3137e-33
v 1.58323 0.300213 0.0944019
vn -1 1.21928e-16 -7.46594e-33
v 1.58323 0.340348 0.0944019
vn -1 1.21396e-16 -7.43337e-33
v 1.58323 0.340348 0.0944019
vn 1 -1.21396e-16 7.43337e-33
v 1.58323 0.300213 0.0944019
vn 1 -1.21928e-16 7.46594e-33
v 1.58323 0.300213 0
vn 1 -1.19442e-16 7.3137e-33
v -1.58321 0.300213 0.0944019
vn 0 -5.19233e-17 -1
v -1.58321 0.300213 0.0944019
vn 0 5.19233e-17 1
v 1.68217 0.300213 0.0236006
vn -1.21308e-16 -1 6.06539e-17
v 1.68217 0.300213 0.0236006
vn 1.21308e-16 1 -6.06539e-17
v 1.58323 0.300213 0.0236006
vn -1 1.18552e-16 -7.25917e-33
v 1.58323 0.300213 0.0236006
vn 1 -1.18552e-16 7.25917e-33
v 1.68217 0.300213 0.0236006
vn 1 -1.20477e-16 7.37704e-33
v 1.68217 0.300213 0.0236006
vn -1 1.20477e-16 -7.37704e-33
v 1.68217 0.300213 0
vn 0 -5.63238e-17 -1
v 1.6426 0.340348 0
vn 0 -6.11312e-17 -1
v 1.68217 0.340348 0
vn 0 -6.11648e-17 -1
v 1.68217 0.340348 0
vn 0 6.11648e-17 1
v 1.6426 0.340348 0
vn 0 6.11312e-17 1
v 1.68217 0.300213 0
vn 0 5.63238e-17 1
v 1.6426 0.340348 0
vn 1.22278e-16 1 -6.1139e-17
v 1.6426 0.340348 0
vn -1.22278e-16 -1 6.1139e-17
v -1.58321 0.340348 0.0944019
vn 1.18443e-16 1 -5.92214e-17
v -1.58321 0.340348 0.0944019
vn -1.18443e-16 -1 5.92214e-17
v -2.07798 0.340348 0.108563
vn 1.20443e-16 1 -6.02214e-17
v -2.07798 0.340348 0.108563
vn -1.20443e-16 -1 6.02214e-17
v 2.17693 0.340348 0.103843
vn 1.18531e-16 1 -5.92651e-17
v 2.17693 0.340348 0.103843
vn -1.18531e-16 -1 5.92651e-17
v 1.68217 -0.341954 0.0944019
vn 0 -5.95888e-17 -1
v 1.68217 -0.341954 0.0944019
vn 0 5.95888e-17 1
v 2.17693 0.340348 0.0944019
vn 1 -1.18049e-16 7.22837e-33
v 2.17693 -0.341954 0.103843
vn 1 -1.21106e-16 7.41557e-33
v 2.17693 -0.341954 0.0944019
vn 1 -1.21555e-16 7.44311e-33
v 2.17693 -0.341954 0.0944019
vn -1 1.21555e-16 -7.44311e-33
v 2.17693 -0.341954 0.103843
vn -1 1.21106e-16 -7.41557e-33
v 2.17693 0.340348 0.0944019
vn -1 1.18049e-16 -7.22837e-33
v 2.07798 -0.30182 0.118002
vn -1 1.20477e-16 -7.37704e-33
v 2.07798 -0.30182 0.118002
vn 1 -1.20477e-16 7.37704e-33
v -2.07798 0.300213 0.0944019
vn -1.05552e-16 -1 5.27758e-17
v 2.07798 0.300213 0.118002
vn -1.05552e-16 -1 5.27758e-17
v 2.07798 0.300213 0.118002
vn 1.05552e-16 1 -5.27758e-17
v -2.07798 0.300213 0.0944019
vn 1.05552e-16 1 -5.27758e-17
v -1.68217 0.300213 0.0944019
vn -1.21768e-16 -1 6.08839e-17
v -1.68217 0.300213 0.0944019
vn 1.21768e-16 1 -6.08839e-17
v 1.58323 0.340348 0
vn -1 1.21928e-16 -7.46594e-33
v 1.58323 0.340348 0
vn 1 -1.21928e-16 7.46594e-33
v -1.58321 0.340348 0.0944019
vn 0 -5.59823e-17 -1
v -1.58321 0.340348 0.0944019
vn 0 5.59823e-17 1
v 1.62281 0.340348 0.0236006
vn 1.22139e-16 1 -6.10692e-17
v 1.62281 0.340348 0.0236006
vn -1.22139e-16 -1 6.10692e-17
v 1.58323 0.300213 0.0236006
vn 0 5.65533e-17 1
v 1.68217 -0.30182 0.0236006
vn 0 5.65533e-17 1
v 1.68217 0.300213 0.0236006
vn 0 5.87999e-17 1
v 1.68217 0.300213 0.0236006
vn 0 -5.87999e-17 -1
v 1.68217 -0.30182 0.0236006
vn 0 -5.65533e-17 -1
v 1.58323 0.300213 0.0236006
vn 0 -5.65533e-17 -1
v 1.58323 0.300213 0
vn -1.22e-16 -1 6.09996e-17
v 1.58323 0.300213 0
vn 1.22e-16 1 -6.09996e-17
v 1.58323 -0.30182 0
vn -1 1.18049e-16 -7.22837e-33
v 1.58323 -0.30182 0
vn 1 -1.18049e-16 7.22837e-33
v 1.68217 -0.30182 0.0236006
vn 1 -1.18552e-16 7.25917e-33
v 1.68217 -0.30182 0.0236006
vn -1 1.18552e-16 -7.25917e-33
v 1.68217 0.300213 0
vn -1.22232e-16 -1 6.11157e-17
v 1.68217 0.300213 0
vn 1.22232e-16 1 -6.11157e-17
v 1.62281 0.340348 0
vn 0 -6.09633e-17 -1
v 1.62281 0.340348 0
vn 0 6.09633e-17 1
v -1.68217 0.340348 0.0944019
vn 1.20624e-16 1 -6.03119e-17
v -1.68217 0.340348 0.0944019
vn -1.20624e-16 -1 6.03119e-17
v -2.17693 0.340348 0.108563
vn 1.18531e-16 1 -5.92653e-17
v -2.17693 0.340348 0.108563
vn -1.18531e-16 -1 5.92653e-17
v 2.07798 0.340348 0.108563
vn 1.11375e-16 1 -5.56875e-17
v 2.07798 0.340348 0.108563
vn -1.11375e-16 -1 5.56875e-17
v 2.07798 0.340348 0.103843
vn 1.20443e-16 1 -6.02214e-17
v 2.07798 0.340348 0.103843
vn -1.20443e-16 -1 6.02214e-17
v 2.17693 0.340348 0.118002
vn 1 -1.20216e-16 7.3611e-33
v 2.17693 0.340348 0.103843
vn 1 -1.22465e-16 7.4988e-33
v 2.17693 0.340348 0.103843
vn -1 1.22465e-16 -7.4988e-33
v 2.17693 0.340348 0.118002
vn -1 1.20216e-16 -7.3611e-33
v 1.68217 -0.30182 0.0944019
vn 0 -6.02355e-17 -1
v 1.68217 -0.30182 0.0944019
vn 0 6.02355e-17 1
v 2.17693 -0.341954 0.103843
vn -1.148e-16 -1 5.73998e-17
v 1.68217 -0.341954 0.0944019
vn -1.21907e-16 -1 6.09532e-17
v 2.17693 -0.341954 0.0944019
vn -1.22e-16 -1 6.09996e-17
v 2.17693 -0.341954 0.0944019
vn 1.22e-16 1 -6.09996e-17
v 1.68217 -0.341954 0.0944019
vn 1.21907e-16 1 -6.09532e-17
v 2.17693 -0.341954 0.103843
vn 1.148e-16 1 -5.73998e-17
v 2.17693 -0.341954 0.108563
vn 1 -1.21106e-16 7.41557e-33
v 2.17693 -0.341954 0.108563
vn -1 1.21106e-16 -7.41557e-33
v 2.07798 -0.30182 0.0944019
vn 1.05552e-16 1 -5.27758e-17
v -2.07798 -0.30182 0.118002
vn 1.05552e-16 1 -5.27758e-17
v 2.07798 -0.30182 0.118002
vn 1.13381e-16 1 -5.66904e-17
v 2.07798 -0.30182 0.118002
vn -1.13381e-16 -1 5.66904e-17
v -2.07798 -0.30182 0.118002
vn -1.05552e-16 -1 5.27758e-17
v 2.07798 -0.30182 0.0944019
vn -1.05552e-16 -1 5.27758e-17
v 2.07798 -0.30182 0.118002
vn 0 5.29135e-17 1
v 2.17693 -0.341954 0.118002
vn 0 4.61968e-17 1
v 2.07798 0.300213 0.118002
vn 0 5.08528e-17 1
v 2.07798 0.300213 0.118002
vn 0 -5.08528e-17 -1
v 2.17693 -0.341954 0.118002
vn 0 -4.61968e-17 -1
v 2.07798 -0.30182 0.118002
vn 0 -5.29135e-17 -1
v -2.07798 0.300213 0.118002
vn -1.13381e-16 -1 5.66904e-17
v -2.07798 0.300213 0.118002
vn 1.13381e-16 1 -5.66904e-17
v -1.68217 0.300213 0.0944019
vn 0 -6.02354e-17 -1
v -1.68217 0.300213 0.0944019
vn 0 6.02354e-17 1
v -1.68217 0.300213 0.0236006
vn -1.20851e-16 -1 6.04254e-17
v -1.68217 0.300213 0.0236006
vn 1.20851e-16 1 -6.04254e-17
v 1.62281 0.340348 0
vn 1.21953e-16 1 -6.09764e-17
v 1.58323 0.340348 0
vn 1.22092e-16 1 -6.1046e-17
v 1.58323 0.340348 0
vn -1.22092e-16 -1 6.1046e-17
v 1.62281 0.340348 0
vn -1.21953e-16 -1 6.09764e-17
v 1.58323 0.300213 0
vn 0 -5.85827e-17 -1
v 1.58323 0.340348 0
vn 0 -6.11648e-17 -1
v 1.58323 0.340348 0
vn 0 6.11648e-17 1
v 1.58323 0.300213 0
vn 0 5.85827e-17 1
v -1.58321 0.300213 0.0944019
vn 1 -1.21396e-16 7.43337e-33
v -1.58321 0.340348 0
vn 1 -1.21396e-16 7.43337e-33
v -1.58321 0.340348 0.0944019
vn 1 -1.21928e-16 7.46594e-33
v -1.58321 0.340348 0.0944019
vn -1 1.21928e-16 -7.46594e-33
v -1.58321 0.340348 0
vn -1 1.21396e-16 -7.43337e-33
v -1.58321 0.300213 0.0944019
vn -1 1.21396e-16 -7.43337e-33
v 1.58323 -0.30182 0.0236006
vn 0 5.87999e-17 1
v 1.58323 -0.30182 0.0236006
vn 0 -5.87999e-17 -1
v 1.58323 -0.30182 0.0236006
vn -1 1.20477e-16 -7.37704e-33
v 1.58323 -0.30182 0.0236006
vn 1 -1.20477e-16 7.37704e-33
v 1.58323 -0.30182 0
vn 0 -5.64096e-17 -1
v 1.58323 -0.30182 0
vn 0 5.64096e-17 1
v 1.68217 -0.30182 0
vn 1 -1.19442e-16 7.31371e-33
v 1.68217 -0.30182 0
vn -1 1.19442e-16 -7.31371e-33
v -2.17693 0.340348 0.0944019
vn 1.22e-16 1 -6.09996e-17
v -2.17693 0.340348 0.0944019
vn -1.22e-16 -1 6.09996e-17
v -1.68217 0.340348 0.0944019
vn 0 -5.95887e-17 -1
v -1.68217 0.340348 0.0944019
vn 0 5.95887e-17 1
v -1.6228 0.340348 0.0236006
vn 1.21125e-16 1 -6.05622e-17
v -1.6228 0.340348 0.0236006
vn -1.21125e-16 -1 6.05622e-17
v -2.17693 0.340348 0.0944019
vn -1 1.20216e-16 -7.3611e-33
v -2.17693 0.340348 0.108563
vn -1 1.22465e-16 -7.4988e-33
v -2.17693 0.340348 0.103843
vn -1 1.22465e-16 -7.4988e-33
v -2.17693 0.340348 0.103843
vn 1 -1.22465e-16 7.4988e-33
v -2.17693 0.340348 0.108563
vn 1 -1.22465e-16 7.4988e-33
v -2.17693 0.340348 0.0944019
vn 1 -1.20216e-16 7.3611e-33
v 2.17693 0.340348 0.108563
vn 1.22278e-16 1 -6.1139e-17
v 2.17693 0.340348 0.108563
vn -1.22278e-16 -1 6.1139e-17
v 2.17693 -0.341954 0.118002
vn 1 -1.1934e-16 7.30743e-33
v 2.17693 -0.341954 0.118002
vn -1 1.1934e-16 -7.30743e-33
v 2.17693 0.340348 0.108563
vn 1 -1.22465e-16 7.4988e-33
v 2.17693 0.340348 0.108563
vn -1 1.22465e-16 -7.4988e-33
v 1.68217 -0.341954 0.0944019
vn 1 -1.21396e-16 7.43337e-33
v 1.68217 -0.30182 0.0944019
vn 1 -1.21928e-16 7.46594e-33
v 1.68217 -0.30182 0.0944019
vn -1 1.21928e-16 -7.46594e-33
v 1.68217 -0.341954 0.0944019
vn -1 1.21396e-16 -7.43337e-33
v 1.58323 -0.341954 0.0944019
vn 0 -5.59825e-17 -1
v 1.58323 -0.341954 0.0944019
vn 0 5.59825e-17 1
v 1.68217 -0.30182 0.0944019
vn 1.21768e-16 1 -6.08839e-17
v -2.07798 -0.30182 0.0944019
vn 1.13381e-16 1 -5.66904e-17
v -2.07798 -0.30182 0.0944019
vn -1.13381e-16 -1 5.66904e-17
v 1.68217 -0.30182 0.0944019
vn -1.21768e-16 -1 6.08839e-17
v 1.58323 -0.341954 0.0944019
vn -1.19457e-16 -1 5.97283e-17
v 1.58323 -0.341954 0.0944019
vn 1.19457e-16 1 -5.97283e-17
v 2.17693 -0.341954 0.108563
vn -1.22278e-16 -1 6.1139e-17
v 2.07798 -0.341954 0.103843
vn -1.20443e-16 -1 6.02214e-17
v 2.07798 -0.341954 0.103843
vn 1.20443e-16 1 -6.02214e-17
v 2.17693 -0.341954 0.108563
vn 1.22278e-16 1 -6.1139e-17
v -2.07798 -0.30182 0.118002
vn 0 4.61968e-17 1
v -2.07798 -0.30182 0.118002
vn 0 -4.61968e-17 -1
v 2.17693 0.340348 0.118002
vn 0 4.76851e-17 1
v 2.17693 0.340348 0.118002
vn 0 -4.76851e-17 -1
v -2.07798 0.300213 0.0944019
vn 0 -5.50112e-17 -1
v -2.07798 0.300213 0.0944019
vn 0 5.50112e-17 1
v -2.07798 0.300213 0.118002
vn 0 4.78908e-17 1
v -2.07798 0.300213 0.118002
vn 0 -4.78908e-17 -1
v -2.07798 -0.30182 0.118002
vn 1 -1.18552e-16 7.25917e-33
v -2.07798 0.300213 0.0944019
vn 1 -1.18552e-16 7.25917e-33
v -2.07798 0.300213 0.118002
vn 1 -1.20477e-16 7.37704e-33
v -2.07798 0.300213 0.118002
vn -1 1.20477e-16 -7.37704e-33
v -2.07798 0.300213 0.0944019
vn -1 1.18552e-16 -7.25917e-33
v -2.07798 -0.30182 0.118002
vn -1 1.18552e-16 -7.25917e-33
v -1.58321 0.300213 0.0236006
vn -1.21308e-16 -1 6.06538e-17
v -1.58321 0.300213 0.0236006
vn 1.21308e-16 1 -6.06538e-17
v -1.68217 0.300213 0.0944019
vn -1 1.21928e-16 -7.46594e-33
v -1.68217 0.300213 0
vn -1 1.19442e-16 -7.3137e-33
v -1.68217 0.300213 0.0236006
vn -1 1.18552e-16 -7.25917e-33
v -1.68217 0.300213 0.0236006
vn 1 -1.18552e-16 7.25917e-33
v -1.68217 0.300213 0
vn 1 -1.19442e-16 7.3137e-33
v -1.68217 0.300213 0.0944019
vn 1 -1.21928e-16 7.46594e-33
v -1.58321 0.300213 0
vn 1 -1.18049e-16 7.22837e-33
v -1.58321 0.300213 0
vn -1 1.18049e-16 -7.22837e-33
v -1.58321 0.340348 0
vn 1.22e-16 1 -6.09996e-17
v -1.58321 0.340348 0
vn -1.22e-16 -1 6.09996e-17
v 1.58323 -0.30182 0.0944019
vn 1.21079e-16 1 -6.05395e-17
v 1.68217 -0.30182 0.0236006
vn 1.20852e-16 1 -6.04256e-17
v 1.58323 -0.30182 0.0236006
vn 1.21308e-16 1 -6.06539e-17
v 1.58323 -0.30182 0.0236006
vn -1.21308e-16 -1 6.06539e-17
v 1.68217 -0.30182 0.0236006
vn -1.20852e-16 -1 6.04256e-17
v 1.58323 -0.30182 0.0944019
vn -1.21079e-16 -1 6.05395e-17
v 1.68217 -0.30182 0
vn 1.22e-16 1 -6.09996e-17
v 1.68217 -0.30182 0
vn -1.22e-16 -1 6.09996e-17
v 1.58323 -0.30182 0.0944019
vn -1 1.21396e-16 -7.43337e-33
v 1.58323 -0.30182 0.0944019
vn 1 -1.21396e-16 7.43337e-33
v 1.58323 -0.30182 0
vn 1.22232e-16 1 -6.11157e-17
v 1.58323 -0.30182 0
vn -1.22232e-16 -1 6.11157e-17
v 1.68217 -0.30182 0
vn 0 -5.84901e-17 -1
v 1.68217 -0.30182 0
vn 0 5.84901e-17 1
v -2.17693 0.340348 0.0944019
vn 0 -5.77292e-17 -1
v -2.17693 0.340348 0.0944019
vn 0 5.77292e-17 1
v -1.68217 0.340348 0.0944019
vn -1 1.21396e-16 -7.43337e-33
v -1.68217 0.340348 0.0944019
vn 1 -1.21396e-16 7.43337e-33
v -1.64259 0.340348 0.0236006
vn 1.22139e-16 1 -6.10692e-17
v -1.64259 0.340348 0.0236006
vn -1.22139e-16 -1 6.10692e-17
v -2.17693 0.340348 0.118002
vn -1 1.18049e-16 -7.22837e-33
v -2.17693 0.340348 0.118002
vn 1 -1.18049e-16 7.22837e-33
v -2.17693 0.340348 0.118002
vn 1.14842e-16 1 -5.74207e-17
v -2.17693 0.340348 0.118002
vn -1.14842e-16 -1 5.74207e-17
v 2.17693 0.340348 0.118002
vn 1.184e-16 1 -5.91997e-17
v 2.17693 0.340348 0.118002
vn -1.184e-16 -1 5.91997e-17
v 1.68217 -0.341954 0
vn 1 -1.21928e-16 7.46594e-33
v 1.68217 -0.341954 0
vn -1 1.21928e-16 -7.46594e-33
v 1.58323 -0.30182 0.0944019
vn 0 -5.19235e-17 -1
v 1.58323 -0.30182 0.0944019
vn 0 5.19235e-17 1
v 1.68217 -0.341954 0.0944019
vn 1.214e-16 1 -6.06998e-17
v 1.6426 -0.341954 0.0236006
vn 1.21125e-16 1 -6.05624e-17
v 1.58323 -0.341954 0.0944019
vn 1.21171e-16 1 -6.05852e-17
v 1.58323 -0.341954 0.0944019
vn -1.21171e-16 -1 6.05852e-17
v 1.6426 -0.341954 0.0236006
vn -1.21125e-16 -1 6.05624e-17
v 1.68217 -0.341954 0.0944019
vn -1.214e-16 -1 6.06998e-17
v -1.58321 -0.341954 0.0944019
vn -1.19457e-16 -1 5.97283e-17
v -1.58321 -0.341954 0.0944019
vn 1.19457e-16 1 -5.97283e-17
v 2.17693 -0.341954 0.118002
vn -1.184e-16 -1 5.91997e-17
v 2.07798 -0.341954 0.108563
vn -1.11375e-16 -1 5.56875e-17
v 2.07798 -0.341954 0.108563
vn 1.11375e-16 1 -5.56875e-17
v 2.17693 -0.341954 0.118002
vn 1.184e-16 1 -5.91997e-17
v -2.07798 -0.341954 0.103843
vn -1.14883e-16 -1 5.74411e-17
v -2.07798 -0.341954 0.103843
vn 1.14883e-16 1 -5.74411e-17
v -2.07798 -0.30182 0.0944019
vn 1 -1.20477e-16 7.37704e-33
v -2.07798 -0.30182 0.0944019
vn -1 1.20477e-16 -7.37704e-33
v -2.17693 -0.341954 0.118002
vn 0 5.24137e-17 1
v -2.17693 -0.341954 0.118002
vn 0 -5.24137e-17 -1
v -2.17693 0.340348 0.118002
vn 0 5.06209e-17 1
v -2.17693 0.340348 0.118002
vn 0 -5.06209e-17 -1
v -1.68217 0.300213 0
vn -1.22e-16 -1 6.09996e-17
v -1.68217 0.300213 0
vn 1.22e-16 1 -6.09996e-17
v -1.68217 0.300213 0.0236006
vn 0 5.65527e-17 1
v -1.58321 -0.30182 0.0236006
vn 0 5.65527e-17 1
v -1.58321 0.300213 0.0236006
vn 0 5.87995e-17 1
v -1.58321 0.300213 0.0236006
vn 0 -5.87995e-17 -1
v -1.58321 -0.30182 0.0236006
vn 0 -5.65527e-17 -1
v -1.68217 0.300213 0.0236006
vn 0 -5.65527e-17 -1
v -1.58321 0.300213 0.0236006
vn 1 -1.20477e-16 7.37704e-33
v -1.58321 0.300213 0.0236006
vn -1 1.20477e-16 -7.37704e-33
v -1.68217 -0.30182 0
vn -1 1.18049e-16 -7.22837e-33
v -1.68217 -0.30182 0
vn 1 -1.18049e-16 7.22837e-33
v -1.58321 0.300213 0
vn 0 -5.63231e-17 -1
v -1.6228 0.340348 0
vn 0 -6.11311e-17 -1
v -1.58321 0.340348 0
vn 0 -6.11648e-17 -1
v -1.58321 0.340348 0
vn 0 6.11648e-17 1
v -1.6228 0.340348 0
vn 0 6.11311e-17 1
v -1.58321 0.300213 0
vn 0 5.63231e-17 1
v -1.6228 0.340348 0
vn 1.22278e-16 1 -6.1139e-17
v -1.6228 0.340348 0
vn -1.22278e-16 -1 6.1139e-17
v 1.58323 -0.341954 0
vn -1 1.21396e-16 -7.43337e-33
v 1.58323 -0.341954 0
vn 1 -1.21396e-16 7.43337e-33
v 1.58323 -0.341954 0
vn 0 -6.09968e-17 -1
v 1.58323 -0.341954 0
vn 0 6.09968e-17 1
v -2.17693 -0.341954 0.0944019
vn 0 -5.55619e-17 -1
v -2.17693 -0.341954 0.0944019
vn 0 5.55619e-17 1
v -1.68217 0.340348 0
vn -1 1.21928e-16 -7.46594e-33
v -1.68217 0.340348 0
vn 1 -1.21928e-16 7.46594e-33
v -1.64259 0.340348 0
vn 1.21953e-16 1 -6.09764e-17
v -1.64259 0.340348 0
vn -1.21953e-16 -1 6.09764e-17
v -2.17693 -0.341954 0.0944019
vn -1 1.1934e-16 -7.30743e-33
v -2.17693 -0.341954 0.0944019
vn 1 -1.1934e-16 7.30743e-33
v 1.68217 -0.341954 0
vn 1.22e-16 1 -6.09997e-17
v 1.68217 -0.341954 0
vn -1.22e-16 -1 6.09997e-17
v 1.6426 -0.341954 0
vn 0 -6.11312e-17 -1
v 1.68217 -0.341954 0
vn 0 -6.11648e-17 -1
v 1.68217 -0.341954 0
vn 0 6.11648e-17 1
v 1.6426 -0.341954 0
vn 0 6.11312e-17 1
v 1.58323 -0.341954 0.0944019
vn -1 1.21928e-16 -7.46594e-33
v 1.58323 -0.341954 0.0944019
vn 1 -1.21928e-16 7.46594e-33
v -1.58321 -0.341954 0.0944019
vn 0 -5.19235e-17 -1
v -1.58321 -0.341954 0.0944019
vn 0 5.19235e-17 1
v 1.62281 -0.341954 0.0236006
vn 1.22139e-16 1 -6.10692e-17
v 1.62281 -0.341954 0.0236006
vn -1.22139e-16 -1 6.10692e-17
v -1.58321 -0.30182 0.0944019
vn 1.21768e-16 1 -6.08839e-17
v -1.58321 -0.30182 0.0944019
vn -1.21768e-16 -1 6.08839e-17
v -1.68217 -0.341954 0.0944019
vn -1.21907e-16 -1 6.09532e-17
v -1.68217 -0.341954 0.0944019
vn 1.21907e-16 1 -6.09532e-17
v -2.17693 -0.341954 0.118002
vn -1.14842e-16 -1 5.74207e-17
v -2.17693 -0.341954 0.118002
vn 1.14842e-16 1 -5.74207e-17
v -2.17693 -0.341954 0.0944019
vn -1.18051e-16 -1 5.90253e-17
v -2.17693 -0.341954 0.0944019
vn 1.18051e-16 1 -5.90253e-17
v -2.07798 -0.30182 0.0944019
vn 0 -5.74305e-17 -1
v -2.07798 -0.30182 0.0944019
vn 0 5.74305e-17 1
v -1.58321 0.300213 0
vn -1.22232e-16 -1 6.11157e-17
v -1.58321 0.300213 0
vn 1.22232e-16 1 -6.11157e-17
v -1.68217 -0.30182 0.0236006
vn 0 5.87995e-17 1
v -1.68217 -0.30182 0.0236006
vn 0 -5.87995e-17 -1
v -1.58321 -0.30182 0.0236006
vn 1 -1.18552e-16 7.25917e-33
v -1.58321 -0.30182 0.0236006
vn -1 1.18552e-16 -7.25917e-33
v -1.68217 -0.30182 0.0236006
vn -1 1.20477e-16 -7.37704e-33
v -1.68217 -0.30182 0.0236006
vn 1 -1.20477e-16 7.37704e-33
v -1.68217 -0.30182 0
vn 0 -5.6409e-17 -1
v -1.68217 0.300213 0
vn 0 -5.85823e-17 -1
v -1.68217 0.300213 0
vn 0 5.85823e-17 1
v -1.68217 -0.30182 0
vn 0 5.6409e-17 1
v -1.64259 0.340348 0
vn 0 -6.09633e-17 -1
v -1.64259 0.340348 0
vn 0 6.09633e-17 1
v 1.62281 -0.341954 0
vn 0 -6.11311e-17 -1
v 1.62281 -0.341954 0
vn 0 6.11311e-17 1
v -1.68217 0.340348 0
vn 1.22092e-16 1 -6.1046e-17
v -1.68217 0.340348 0
vn -1.22092e-16 -1 6.1046e-17
v -1.68217 0.340348 0
vn 0 -6.11648e-17 -1
v -1.68217 0.340348 0
vn 0 6.11648e-17 1
v -2.17693 -0.341954 0.103843
vn -1 1.21106e-16 -7.41557e-33
v -2.17693 -0.341954 0.103843
vn 1 -1.21106e-16 7.41557e-33
v 1.6426 -0.341954 0
vn 1.22278e-16 1 -6.1139e-17
v 1.6426 -0.341954 0
vn -1.22278e-16 -1 6.1139e-17
v 1.62281 -0.341954 0
vn 1.21953e-16 1 -6.09764e-17
v 1.58323 -0.341954 0
vn 1.22092e-16 1 -6.1046e-17
v 1.58323 -0.341954 0
vn -1.22092e-16 -1 6.1046e-17
v 1.62281 -0.341954 0
vn -1.21953e-16 -1 6.09764e-17
v -1.58321 -0.30182 0.0944019
vn 0 -5.59824e-17 -1
v -1.58321 -0.30182 0.0944019
vn 0 5.59824e-17 1
v -1.68217 -0.30182 0.0944019
vn 1.21079e-16 1 -6.05394e-17
v -1.68217 -0.30182 0.0944019
vn -1.21079e-16 -1 6.05394e-17
v -1.68217 -0.341954 0.0944019
vn 0 -5.94292e-17 -1
v -1.68217 -0.341954 0.0944019
vn 0 5.94292e-17 1
v -1.58321 -0.341954 0.0944019
vn 1.214e-16 1 -6.06997e-17
v -1.6228 -0.341954 0.0236006
vn 1.21125e-16 1 -6.05622e-17
v -1.68217 -0.341954 0.0944019
vn 1.21171e-16 1 -6.05851e-17
v -1.68217 -0.341954 0.0944019
vn -1.21171e-16 -1 6.05851e-17
v -1.6228 -0.341954 0.0236006
vn -1.21125e-16 -1 6.05622e-17
v -1.58321 -0.341954 0.0944019
vn -1.214e-16 -1 6.06997e-17
v -2.17693 -0.341954 0.108563
vn -1.18531e-16 -1 5.92653e-17
v -2.17693 -0.341954 0.108563
vn 1.18531e-16 1 -5.92653e-17
v -2.07798 -0.341954 0.108563
vn -1.20443e-16 -1 6.02214e-17
v -2.07798 -0.341954 0.108563
vn 1.20443e-16 1 -6.02214e-17
v -2.17693 -0.341954 0.103843
vn -1.22278e-16 -1 6.1139e-17
v -2.17693 -0.341954 0.103843
vn 1.22278e-16 1 -6.1139e-17
v -2.17693 -0.341954 0.108563
vn -1 1.21106e-16 -7.41557e-33
v -2.17693 -0.341954 0.118002
vn -1 1.21556e-16 -7.44311e-33
v -2.17693 -0.341954 0.118002
vn 1 -1.21556e-16 7.44311e-33
v -2.17693 -0.341954 0.108563
vn 1 -1.21106e-16 7.41557e-33
v -1.58321 -0.30182 0.0236006
vn 1.20851e-16 1 -6.04254e-17
v -1.68217 -0.30182 0.0236006
vn 1.21308e-16 1 -6.06538e-17
v -1.68217 -0.30182 0.0236006
vn -1.21308e-16 -1 6.06538e-17
v -1.58321 -0.30182 0.0236006
vn -1.20851e-16 -1 6.04254e-17
v -1.58321 -0.30182 0
vn 1.22e-16 1 -6.09996e-17
v -1.58321 -0.30182 0
vn -1.22e-16 -1 6.09996e-17
v -1.58321 -0.30182 0
vn 1 -1.19442e-16 7.31371e-33
v -1.58321 -0.30182 0
vn -1 1.19442e-16 -7.31371e-33
v -1.68217 -0.30182 0.0944019
vn -1 1.21396e-16 -7.43337e-33
v -1.68217 -0.30182 0.0944019
vn 1 -1.21396e-16 7.43337e-33
v -1.68217 -0.30182 0
vn 1.22232e-16 1 -6.11157e-17
v -1.68217 -0.30182 0
vn -1.22232e-16 -1 6.11157e-17
v -1.58321 -0.30182 0
vn 0 -5.84897e-17 -1
v -1.58321 -0.30182 0
vn 0 5.84897e-17 1
v -1.58321 -0.341954 0.0944019
vn 1 -1.21396e-16 7.43337e-33
v -1.58321 -0.30182 0.0944019
vn 1 -1.21928e-16 7.46594e-33
v -1.58321 -0.30182 0.0944019
vn -1 1.21928e-16 -7.46594e-33
v -1.58321 -0.341954 0.0944019
vn -1 1.21396e-16 -7.43337e-33
v -1.68217 -0.30182 0.0944019
vn 0 -6.03993e-17 -1
v -1.68217 -0.30182 0.0944019
vn 0 6.03993e-17 1
v -1.58321 -0.341954 0
vn 1.22e-16 1 -6.09996e-17
v -1.58321 -0.341954 0
vn -1.22e-16 -1 6.09996e-17
v -1.64259 -0.341954 0.0236006
vn 1.22139e-16 1 -6.10692e-17
v -1.64259 -0.341954 0.0236006
vn -1.22139e-16 -1 6.10692e-17
v -1.68217 -0.341954 0
vn -1 1.21396e-16 -7.43337e-33
v -1.68217 -0.341954 0
vn 1 -1.21396e-16 7.43337e-33
v -1.68217 -0.341954 0
vn 0 -6.09968e-17 -1
v -1.68217 -0.341954 0
vn 0 6.09968e-17 1
v -1.58321 -0.341954 0
vn 1 -1.21928e-16 7.46594e-33
v -1.58321 -0.341954 0
vn -1 1.21928e-16 -7.46594e-33
v -1.68217 -0.341954 0.0944019
vn -1 1.21928e-16 -7.46594e-33
v -1.68217 -0.341954 0.0944019
vn 1 -1.21928e-16 7.46594e-33
v -1.6228 -0.341954 0
vn 1.22278e-16 1 -6.1139e-17
v -1.6228 -0.341954 0
vn -1.22278e-16 -1 6.1139e-17
v -1.64259 -0.341954 0
vn 1.21953e-16 1 -6.09764e-17
v -1.64259 -0.341954 0
vn -1.21953e-16 -1 6.09764e-17
v -1.64259 -0.341954 0
vn 0 -6.11311e-17 -1
v -1.64259 -0.341954 0
vn 0 6.11311e-17 1
v -1.6228 -0.341954 0
vn 0 -6.11311e-17 -1
v -1.58321 -0.341954 0
vn 0 -6.11648e-17 -1
v -1.58321 -0.341954 0
vn 0 6.11648e-17 1
v -1.6228 -0.341954 0
vn 0 6.11311e-17 1
v -1.68217 -0.341954 0
vn 1.22092e-16 1 -6.1046e-17
v -1.68217 -0.341954 0
vn -1.22092e-16 -1 6.1046e-17
v -1.76073 -0.341231 0.12401
vn 0.961023 -0.204385 -0.186175
v -1.76463 -0.345606 0.332088
vn 0.753132 -0.653064 0.0793682
v -1.76463 -0.345606 0.12401
vn 0.753001 -0.653203 -0.0794657
v -1.76073 -0.341231 0.332088
vn 0.961073 -0.203957 0.186389
v -1.76463 -0.345606 0.12401
vn -0.753001 0.653203 0.0794657
v -1.76463 -0.345606 0.332088
vn -0.753132 0.653064 -0.0793682
v -1.76073 -0.341231 0.12401
vn -0.961023 0.204385 0.186175
v -1.76073 -0.341231 0.332088
vn -0.961073 0.203957 -0.186389
v -1.76463 -0.345606 0.332088
vn 0.751609 -0.654827 0.0792775
v -1.77528 -0.348809 0.12401
vn 0.350592 -0.929791 -0.112133
v -1.76463 -0.345606 0.12401
vn 0.752162 -0.654175 -0.0794173
v -1.76463 -0.345606 0.12401
vn -0.752162 0.654175 0.0794173
v -1.77528 -0.348809 0.12401
vn -0.350592 0.929791 0.112133
v -1.76463 -0.345606 0.332088
vn -0.751609 0.654827 -0.0792775
v -1.76073 -0.341231 0.12401
vn 0.961119 -0.203476 -0.186674
v -1.76463 -0.345606 0.12401
vn 0.752779 -0.653444 -0.0795931
v -1.76463 -0.345021 0.122831
vn 0.762657 -0.571574 -0.302749
v -1.76463 -0.345021 0.122831
vn -0.762657 0.571574 0.302749
v -1.76463 -0.345606 0.12401
vn -0.752779 0.653444 0.0795931
v -1.76073 -0.341231 0.12401
vn -0.961119 0.203476 0.186674
v -1.76073 0.341231 0.12401
vn 0.98016 0.146055 -0.133996
v -1.76073 -0.341231 0.332088
vn 0.98016 -0.146055 0.133996
v -1.76073 -0.341231 0.12401
vn 0.974183 -0.166355 -0.15262
v -1.76073 -0.341231 0.12401
vn -0.974183 0.166355 0.15262
v -1.76073 -0.341231 0.332088
vn -0.98016 0.146055 -0.133996
v -1.76073 0.341231 0.12401
vn -0.98016 -0.146055 0.133996
v -1.76073 -0.341231 0.332088
vn 0.961119 -0.203476 0.186674
v -1.76463 -0.345021 0.333268
vn 0.762657 -0.571574 0.302749
v -1.76463 -0.345606 0.332088
vn 0.752779 -0.653444 0.0795931
v -1.76463 -0.345606 0.332088
vn -0.752779 0.653444 -0.0795931
v -1.76463 -0.345021 0.333268
vn -0.762657 0.571574 -0.302749
v -1.76073 -0.341231 0.332088
vn -0.961119 0.203476 -0.186674
v -1.77528 -0.348809 0.332088
vn 0.350503 -0.929798 0.112352
v -1.77528 -0.348809 0.332088
vn -0.350503 0.929798 -0.112352
v -1.77528 -0.348809 0.12401
vn 0.3503 -0.929841 -0.112627
v -1.76463 -0.345021 0.122831
vn 0.762647 -0.571586 -0.302753
v -1.76463 -0.345606 0.12401
vn 0.752774 -0.65345 -0.0795959
v -1.76463 -0.345606 0.12401
vn -0.752774 0.65345 0.0795959
v -1.76463 -0.345021 0.122831
vn -0.762647 0.571586 0.302753
v -1.77528 -0.348809 0.12401
vn -0.3503 0.929841 0.112627
v -1.76073 -0.341231 0.12401
vn 0.961119 -0.203475 -0.186677
v -1.76463 -0.345021 0.122831
vn 0.762658 -0.571572 -0.302752
v -1.76463 -0.343418 0.121966
vn 0.776157 -0.335838 -0.533661
v -1.76463 -0.343418 0.121966
vn -0.776157 0.335838 0.533661
v -1.76463 -0.345021 0.122831
vn -0.762658 0.571572 0.302752
v -1.76073 -0.341231 0.12401
vn -0.961119 0.203475 0.186677
v -1.76073 0.341231 0.332088
vn 0.974183 0.166355 0.15262
v -1.76073 0.341231 0.332088
vn -0.974183 -0.166355 -0.15262
v -1.76073 -0.341231 0.12401
vn 0.960741 -0.20247 -0.189691
v -1.76463 0.341231 0.12165
vn 0.778902 0.0892639 -0.62076
v -1.76073 0.341231 0.12401
vn 0.960933 0.202904 -0.18825
v -1.76073 0.341231 0.12401
vn -0.960933 -0.202904 0.18825
v -1.76463 0.341231 0.12165
vn -0.778902 -0.0892639 0.62076
v -1.76073 -0.341231 0.12401
vn -0.960741 0.20247 0.189691
v -1.76073 -0.341231 0.332088
vn 0.961119 -0.203475 0.186677
v -1.76463 -0.343418 0.334132
vn 0.776157 -0.335838 0.533661
v -1.76463 -0.345021 0.333268
vn 0.762658 -0.571572 0.302752
v -1.76463 -0.345021 0.333268
vn -0.762658 0.571572 -0.302752
v -1.76463 -0.343418 0.334132
vn -0.776157 0.335838 -0.533661
v -1.76073 -0.341231 0.332088
vn -0.961119 0.203475 -0.186677
v -1.76463 -0.345021 0.333268
vn 0.762647 -0.571586 0.302753
v -1.77528 -0.348809 0.332088
vn 0.3503 -0.929841 0.112627
v -1.76463 -0.345606 0.332088
vn 0.752774 -0.65345 0.0795959
v -1.76463 -0.345606 0.332088
vn -0.752774 0.65345 -0.0795959
v -1.77528 -0.348809 0.332088
vn -0.3503 0.929841 -0.112627
v -1.76463 -0.345021 0.333268
vn -0.762647 0.571586 -0.302753
v -1.77528 -0.348809 0.332088
vn 0.349118 -0.930358 0.112027
v -1.78981 -0.349981 0.12401
vn 0.0823742 -0.989483 -0.118905
v -1.77528 -0.348809 0.12401
vn 0.34967 -0.930119 -0.112295
v -1.77528 -0.348809 0.12401
vn -0.34967 0.930119 0.112295
v -1.78981 -0.349981 0.12401
vn -0.0823742 0.989483 0.118905
v -1.77528 -0.348809 0.332088
vn -0.349118 0.930358 -0.112027
v -1.77528 -0.347793 0.121966
vn 0.359273 -0.824691 -0.436815
v -1.77528 -0.347793 0.121966
vn -0.359273 0.824691 0.436815
v -1.77528 -0.347793 0.121966
vn 0.359272 -0.824681 -0.436835
v -1.76463 -0.343418 0.121966
vn 0.776142 -0.335848 -0.533675
v -1.76463 -0.345021 0.122831
vn 0.762653 -0.571575 -0.302759
v -1.76463 -0.345021 0.122831
vn -0.762653 0.571575 0.302759
v -1.76463 -0.343418 0.121966
vn -0.776142 0.335848 0.533675
v -1.77528 -0.347793 0.121966
vn -0.359272 0.824681 0.436835
v -1.76073 -0.341231 0.12401
vn 0.961119 -0.203474 -0.186679
v -1.76463 -0.343418 0.121966
vn 0.776156 -0.335836 -0.533662
v -1.76463 -0.341231 0.12165
vn 0.779091 -0.0897882 -0.620447
v -1.76463 -0.341231 0.12165
vn -0.779091 0.0897882 0.620447
v -1.76463 -0.343418 0.121966
vn -0.776156 0.335836 0.533662
v -1.76073 -0.341231 0.12401
vn -0.961119 0.203474 0.186679
v -1.76463 0.345606 0.12401
vn 0.753132 0.653064 -0.0793682
v -1.76073 0.341231 0.332088
vn 0.961023 0.204385 0.186175
v -1.76073 0.341231 0.12401
vn 0.961073 0.203957 -0.186389
v -1.76073 0.341231 0.12401
vn -0.961073 -0.203957 0.186389
v -1.76073 0.341231 0.332088
vn -0.961023 -0.204385 -0.186175
v -1.76463 0.345606 0.12401
vn -0.753132 -0.653064 0.0793682
v -1.76073 0.341231 0.332088
vn 0.960741 0.20247 0.189691
v -1.76463 -0.341231 0.334448
vn 0.778903 -0.0892638 0.62076
v -1.76073 -0.341231 0.332088
vn 0.960933 -0.202904 0.18825
v -1.76073 -0.341231 0.332088
vn -0.960933 0.202904 -0.18825
v -1.76463 -0.341231 0.334448
vn -0.778903 0.0892638 -0.62076
v -1.76073 0.341231 0.332088
vn -0.960741 -0.20247 -0.189691
v -1.76463 -0.341231 0.12165
vn 0.779061 -0.0894959 -0.620527
v -1.76463 -0.341231 0.12165
vn -0.779061 0.0894959 0.620527
v -1.76463 0.343418 0.121966
vn 0.776156 0.335836 -0.533662
v -1.76073 0.341231 0.12401
vn 0.961119 0.203474 -0.186679
v -1.76463 0.341231 0.12165
vn 0.779091 0.0897882 -0.620447
v -1.76463 0.341231 0.12165
vn -0.779091 -0.0897882 0.620447
v -1.76073 0.341231 0.12401
vn -0.961119 -0.203474 0.186679
v -1.76463 0.343418 0.121966
vn -0.776156 -0.335836 0.533662
v -1.76463 -0.341231 0.334448
vn 0.779091 -0.0897882 0.620447
v -1.76463 -0.343418 0.334132
vn 0.776156 -0.335836 0.533662
v -1.76073 -0.341231 0.332088
vn 0.961119 -0.203474 0.186679
v -1.76073 -0.341231 0.332088
vn -0.961119 0.203474 -0.186679
v -1.76463 -0.343418 0.334132
vn -0.776156 0.335836 -0.533662
v -1.76463 -0.341231 0.334448
vn -0.779091 0.0897882 -0.620447
v -1.76463 -0.343418 0.334132
vn 0.776142 -0.335848 0.533675
v -1.77528 -0.347793 0.334132
vn 0.359272 -0.824681 0.436835
v -1.76463 -0.345021 0.333268
vn 0.762653 -0.571575 0.302759
v -1.76463 -0.345021 0.333268
vn -0.762653 0.571575 -0.302759
v -1.77528 -0.347793 0.334132
vn -0.359272 0.824681 -0.436835
v -1.76463 -0.343418 0.334132
vn -0.776142 0.335848 -0.533675
v -1.77528 -0.347793 0.334132
vn 0.359273 -0.824691 0.436815
v -1.77528 -0.347793 0.334132
vn -0.359273 0.824691 -0.436815
v -1.78981 -0.349981 0.332088
vn 0.0822942 -0.989454 0.119197
v -1.78981 -0.349981 0.332088
vn -0.0822942 0.989454 -0.119197
v -1.78981 -0.349981 0.12401
vn 0.0821591 -0.989421 -0.119567
v -1.77528 -0.347793 0.121966
vn 0.359257 -0.824698 -0.436814
v -1.77528 -0.348809 0.12401
vn 0.350291 -0.929845 -0.112628
v -1.77528 -0.348809 0.12401
vn -0.350291 0.929845 0.112628
v -1.77528 -0.347793 0.121966
vn -0.359257 0.824698 0.436814
v -1.78981 -0.349981 0.12401
vn -0.0821591 0.989421 0.119567
v -1.77528 -0.345021 0.12047
vn 0.372905 -0.4942 -0.785308
v -1.77528 -0.345021 0.12047
vn -0.372905 0.4942 0.785308
v -1.76463 -0.343418 0.121966
vn 0.77614 -0.335834 -0.533687
v -1.77528 -0.341231 0.119922
vn 0.376529 -0.131949 -0.91696
v -1.76463 -0.341231 0.12165
vn 0.779085 -0.0897898 -0.620456
v -1.76463 -0.341231 0.12165
vn -0.779085 0.0897898 0.620456
v -1.77528 -0.341231 0.119922
vn -0.376529 0.131949 0.91696
v -1.76463 -0.343418 0.121966
vn -0.77614 0.335834 0.533687
v -1.76463 0.345606 0.332088
vn 0.753001 0.653203 0.0794657
v -1.76463 0.345606 0.332088
vn -0.753001 -0.653203 -0.0794657
v -1.76463 0.345606 0.12401
vn 0.752779 0.653444 -0.0795931
v -1.76073 0.341231 0.12401
vn 0.961119 0.203476 -0.186674
v -1.76463 0.345021 0.122831
vn 0.762657 0.571574 -0.302749
v -1.76463 0.345021 0.122831
vn -0.762657 -0.571574 0.302749
v -1.76073 0.341231 0.12401
vn -0.961119 -0.203476 0.186674
v -1.76463 0.345606 0.12401
vn -0.752779 -0.653444 0.0795931
v -1.76463 0.341231 0.334448
vn 0.779061 0.0894959 0.620527
v -1.76463 0.341231 0.334448
vn -0.779061 -0.0894959 -0.620527
v -1.77528 -0.341231 0.119922
vn 0.375574 -0.130498 -0.917559
v -1.76463 0.341231 0.12165
vn 0.775158 0.0889681 -0.625472
v -1.76463 -0.341231 0.12165
vn 0.777046 -0.0893414 -0.623071
v -1.76463 -0.341231 0.12165
vn -0.777046 0.0893414 0.623071
v -1.76463 0.341231 0.12165
vn -0.775158 -0.0889681 0.625472
v -1.77528 -0.341231 0.119922
vn -0.375574 0.130498 0.917559
v -1.76463 0.345021 0.122831
vn 0.762658 0.571572 -0.302752
v -1.76073 0.341231 0.12401
vn 0.961119 0.203475 -0.186677
v -1.76463 0.343418 0.121966
vn 0.776157 0.335838 -0.533661
v -1.76463 0.343418 0.121966
vn -0.776157 -0.335838 0.533661
v -1.76073 0.341231 0.12401
vn -0.961119 -0.203475 0.186677
v -1.76463 0.345021 0.122831
vn -0.762658 -0.571572 0.302752
v -1.77528 0.341231 0.119922
vn 0.376529 0.131949 -0.91696
v -1.76463 0.343418 0.121966
vn 0.77614 0.335834 -0.533687
v -1.76463 0.341231 0.12165
vn 0.779085 0.0897898 -0.620456
v -1.76463 0.341231 0.12165
vn -0.779085 -0.0897898 0.620456
v -1.76463 0.343418 0.121966
vn -0.77614 -0.335834 0.533687
v -1.77528 0.341231 0.119922
vn -0.376529 -0.131949 0.91696
v -1.77528 -0.341231 0.336175
vn 0.376529 -0.131949 0.91696
v -1.76463 -0.343418 0.334132
vn 0.77614 -0.335834 0.533687
v -1.76463 -0.341231 0.334448
vn 0.779085 -0.0897898 0.620456
v -1.76463 -0.341231 0.334448
vn -0.779085 0.0897898 -0.620456
v -1.76463 -0.343418 0.334132
vn -0.77614 0.335834 -0.533687
v -1.77528 -0.341231 0.336175
vn -0.376529 0.131949 -0.91696
v -1.77528 -0.345021 0.335628
vn 0.372905 -0.4942 0.785308
v -1.77528 -0.345021 0.335628
vn -0.372905 0.4942 -0.785308
v -1.77528 -0.347793 0.334132
vn 0.359257 -0.824698 0.436814
v -1.78981 -0.349981 0.332088
vn 0.0821591 -0.989421 0.119567
v -1.77528 -0.348809 0.332088
vn 0.350291 -0.929845 0.112628
v -1.77528 -0.348809 0.332088
vn -0.350291 0.929845 -0.112628
v -1.78981 -0.349981 0.332088
vn -0.0821591 0.989421 -0.119567
v -1.77528 -0.347793 0.334132
vn -0.359257 0.824698 -0.436814
v -1.78981 -0.349981 0.332088
vn 0.0719779 -0.991892 0.104738
v -2.16766 -0.349981 0.12401
vn -0.0719779 -0.991892 -0.104738
v -1.78981 -0.349981 0.12401
vn 0.0762867 -0.990887 -0.111008
v -1.78981 -0.349981 0.12401
vn -0.0762867 0.990887 0.111008
v -2.16766 -0.349981 0.12401
vn 0.0719779 0.991892 0.104738
v -1.78981 -0.349981 0.332088
vn -0.0719779 0.991892 -0.104738
v -1.78981 -0.348809 0.12165
vn 0.0844402 -0.88053 -0.466408
v -1.78981 -0.348809 0.12165
vn -0.0844402 0.88053 0.466408
v -1.78981 -0.348809 0.12165
vn 0.0844403 -0.88051 -0.466445
v -1.77528 -0.345021 0.12047
vn 0.372885 -0.494204 -0.785314
v -1.77528 -0.347793 0.121966
vn 0.359264 -0.824685 -0.436835
v -1.77528 -0.347793 0.121966
vn -0.359264 0.824685 0.436835
v -1.77528 -0.345021 0.12047
vn -0.372885 0.494204 0.785314
v -1.78981 -0.348809 0.12165
vn -0.0844403 0.88051 0.466445
v -1.77528 -0.345021 0.12047
vn 0.372904 -0.494189 -0.785315
v -1.77528 -0.345021 0.12047
vn -0.372904 0.494189 0.785315
v -1.77528 0.348809 0.12401
vn 0.350592 0.929791 -0.112133
v -1.76463 0.345606 0.332088
vn 0.751609 0.654827 0.0792775
v -1.76463 0.345606 0.12401
vn 0.752162 0.654175 -0.0794173
v -1.76463 0.345606 0.12401
vn -0.752162 -0.654175 0.0794173
v -1.76463 0.345606 0.332088
vn -0.751609 -0.654827 -0.0792775
v -1.77528 0.348809 0.12401
vn -0.350592 -0.929791 0.112133
v -1.76463 0.345606 0.332088
vn 0.752779 0.653444 0.0795931
v -1.76463 0.345021 0.333268
vn 0.762657 0.571574 0.302749
v -1.76073 0.341231 0.332088
vn 0.961119 0.203476 0.186674
v -1.76073 0.341231 0.332088
vn -0.961119 -0.203476 -0.186674
v -1.76463 0.345021 0.333268
vn -0.762657 -0.571574 -0.302749
v -1.76463 0.345606 0.332088
vn -0.752779 -0.653444 -0.0795931
v -1.76463 0.345021 0.122831
vn 0.762647 0.571586 -0.302753
v -1.77528 0.348809 0.12401
vn 0.3503 0.929841 -0.112627
v -1.76463 0.345606 0.12401
vn 0.752774 0.65345 -0.0795959
v -1.76463 0.345606 0.12401
vn -0.752774 -0.65345 0.0795959
v -1.77528 0.348809 0.12401
vn -0.3503 -0.929841 0.112627
v -1.76463 0.345021 0.122831
vn -0.762647 -0.571586 0.302753
v -1.76463 0.343418 0.334132
vn 0.776156 0.335836 0.533662
v -1.76463 0.341231 0.334448
vn 0.779091 0.0897882 0.620447
v -1.76073 0.341231 0.332088
vn 0.961119 0.203474 0.186679
v -1.76073 0.341231 0.332088
vn -0.961119 -0.203474 -0.186679
v -1.76463 0.341231 0.334448
vn -0.779091 -0.0897882 -0.620447
v -1.76463 0.343418 0.334132
vn -0.776156 -0.335836 -0.533662
v -1.77528 0.341231 0.336175
vn 0.375573 0.130499 0.917559
v -1.76463 -0.341231 0.334448
vn 0.775157 -0.0889682 0.625473
v -1.76463 0.341231 0.334448
vn 0.777046 0.0893414 0.623072
v -1.76463 0.341231 0.334448
vn -0.777046 -0.0893414 -0.623072
v -1.76463 -0.341231 0.334448
vn -0.775157 0.0889682 -0.625473
v -1.77528 0.341231 0.336175
vn -0.375573 -0.130499 -0.917559
v -1.77528 0.341231 0.119922
vn 0.376133 0.131166 -0.917234
v -1.77528 0.341231 0.119922
vn -0.376133 -0.131166 0.917234
v -1.76463 0.343418 0.121966
vn 0.776142 0.335848 -0.533675
v -1.77528 0.347793 0.121966
vn 0.359272 0.824681 -0.436835
v -1.76463 0.345021 0.122831
vn 0.762653 0.571575 -0.302759
v -1.76463 0.345021 0.122831
vn -0.762653 -0.571575 0.302759
v -1.77528 0.347793 0.121966
vn -0.359272 -0.824681 0.436835
v -1.76463 0.343418 0.121966
vn -0.776142 -0.335848 0.533675
v -1.77528 0.345021 0.12047
vn 0.372904 0.494189 -0.785315
v -1.77528 0.345021 0.12047
vn -0.372904 -0.494189 0.785315
v -1.77528 -0.345021 0.335628
vn 0.372904 -0.494189 0.785315
v -1.77528 -0.345021 0.335628
vn -0.372904 0.494189 -0.785315
v -1.77528 -0.341231 0.336175
vn 0.376133 -0.131166 0.917235
v -1.77528 -0.341231 0.336175
vn -0.376133 0.131166 -0.917235
v -1.77528 -0.345021 0.335628
vn 0.372885 -0.494204 0.785314
v -1.78981 -0.348809 0.334448
vn 0.0844403 -0.88051 0.466445
v -1.77528 -0.347793 0.334132
vn 0.359264 -0.824685 0.436835
v -1.77528 -0.347793 0.334132
vn -0.359264 0.824685 -0.436835
v -1.78981 -0.348809 0.334448
vn -0.0844403 0.88051 -0.466445
v -1.77528 -0.345021 0.335628
vn -0.372885 0.494204 -0.785314
v -1.78981 -0.348809 0.334448
vn 0.0844402 -0.88053 0.466408
v -1.78981 -0.348809 0.334448
vn -0.0844402 0.88053 -0.466408
v -2.16766 -0.349981 0.332088
vn -0.0762867 -0.990887 0.111008
v -2.16766 -0.349981 0.332088
vn 0.0762867 0.990887 -0.111008
v -2.16766 -0.348809 0.12165
vn -0.0842944 -0.880618 -0.466269
v -1.78981 -0.349981 0.12401
vn 0.0820207 -0.989379 -0.120007
v -2.16766 -0.349981 0.12401
vn -0.0820827 -0.9894 -0.119791
v -2.16766 -0.349981 0.12401
vn 0.0820827 0.9894 0.119791
v -1.78981 -0.349981 0.12401
vn -0.0820207 0.989379 0.120007
v -2.16766 -0.348809 0.12165
vn 0.0842944 0.880618 0.466269
v -1.78981 -0.348809 0.12165
vn 0.0843605 -0.88058 -0.466328
v -1.78981 -0.348809 0.12165
vn -0.0843605 0.88058 0.466328
v -1.78981 -0.345606 0.119922
vn 0.0881214 -0.530562 -0.843053
v -1.78981 -0.345606 0.119922
vn -0.0881214 0.530562 0.843053
v -1.78981 -0.345606 0.119922
vn 0.0881207 -0.530532 -0.843072
v -1.77528 -0.341231 0.119922
vn 0.376509 -0.131953 -0.916968
v -1.77528 -0.345021 0.12047
vn 0.372895 -0.494188 -0.78532
v -1.77528 -0.345021 0.12047
vn -0.372895 0.494188 0.78532
v -1.77528 -0.341231 0.119922
vn -0.376509 0.131953 0.916968
v -1.78981 -0.345606 0.119922
vn -0.0881207 0.530532 0.843072
v -1.77528 0.348809 0.332088
vn 0.350503 0.929798 0.112352
v -1.77528 0.348809 0.332088
vn -0.350503 -0.929798 -0.112352
v -1.77528 0.348809 0.332088
vn 0.3503 0.929841 0.112627
v -1.76463 0.345021 0.333268
vn 0.762647 0.571586 0.302753
v -1.76463 0.345606 0.332088
vn 0.752774 0.65345 0.0795959
v -1.76463 0.345606 0.332088
vn -0.752774 -0.65345 -0.0795959
v -1.76463 0.345021 0.333268
vn -0.762647 -0.571586 -0.302753
v -1.77528 0.348809 0.332088
vn -0.3503 -0.929841 -0.112627
v -1.76463 0.345021 0.333268
vn 0.762658 0.571572 0.302752
v -1.76463 0.343418 0.334132
vn 0.776157 0.335838 0.533661
v -1.76073 0.341231 0.332088
vn 0.961119 0.203475 0.186677
v -1.76073 0.341231 0.332088
vn -0.961119 -0.203475 -0.186677
v -1.76463 0.343418 0.334132
vn -0.776157 -0.335838 -0.533661
v -1.76463 0.345021 0.333268
vn -0.762658 -0.571572 -0.302752
v -1.77528 0.347793 0.121966
vn 0.359273 0.824691 -0.436815
v -1.77528 0.347793 0.121966
vn -0.359273 -0.824691 0.436815
v -1.77528 0.345021 0.335628
vn 0.372903 0.494184 0.785319
v -1.76463 0.341231 0.334448
vn 0.779074 0.0897924 0.620469
v -1.76463 0.343418 0.334132
vn 0.77615 0.335836 0.533671
v -1.76463 0.343418 0.334132
vn -0.77615 -0.335836 -0.533671
v -1.76463 0.341231 0.334448
vn -0.779074 -0.0897924 -0.620469
v -1.77528 0.345021 0.335628
vn -0.372903 -0.494184 -0.785319
v -1.77528 0.341231 0.336175
vn 0.376531 0.131949 0.916959
v -1.77528 0.341231 0.336175
vn -0.376531 -0.131949 -0.916959
v -1.78981 -0.341231 0.11929
vn 0.0891051 -0.139493 -0.986206
v -1.77528 0.341231 0.119922
vn 0.372512 0.130132 -0.918858
v -1.77528 -0.341231 0.119922
vn 0.374423 -0.130974 -0.917962
v -1.77528 -0.341231 0.119922
vn -0.374423 0.130974 0.917962
v -1.77528 0.341231 0.119922
vn -0.372512 -0.130132 0.918858
v -1.78981 -0.341231 0.11929
vn -0.0891051 0.139493 0.986206
v -1.77528 0.345021 0.12047
vn 0.372905 0.4942 -0.785308
v -1.77528 0.345021 0.12047
vn -0.372905 -0.4942 0.785308
v -1.78981 0.341231 0.11929
vn 0.089232 0.141534 -0.985904
v -1.77528 0.345021 0.12047
vn 0.372883 0.494175 -0.785333
v -1.77528 0.341231 0.119922
vn 0.376522 0.131951 -0.916963
v -1.77528 0.341231 0.119922
vn -0.376522 -0.131951 0.916963
v -1.77528 0.345021 0.12047
vn -0.372883 -0.494175 0.785333
v -1.78981 0.341231 0.11929
vn -0.089232 -0.141534 0.985904
v -1.78981 -0.341231 0.336808
vn 0.089232 -0.141534 0.985904
v -1.77528 -0.345021 0.335628
vn 0.372883 -0.494175 0.785333
v -1.77528 -0.341231 0.336175
vn 0.376522 -0.131951 0.916963
v -1.77528 -0.341231 0.336175
vn -0.376522 0.131951 -0.916963
v -1.77528 -0.345021 0.335628
vn -0.372883 0.494175 -0.785333
v -1.78981 -0.341231 0.336808
vn -0.089232 0.141534 -0.985904
v -1.78981 0.341231 0.336808
vn 0.0891051 0.139493 0.986206
v -1.77528 -0.341231 0.336175
vn 0.372512 -0.130132 0.918858
v -1.77528 0.341231 0.336175
vn 0.374423 0.130974 0.917962
v -1.77528 0.341231 0.336175
vn -0.374423 -0.130974 -0.917962
v -1.77528 -0.341231 0.336175
vn -0.372512 0.130132 -0.918858
v -1.78981 0.341231 0.336808
vn -0.0891051 -0.139493 -0.986206
v -1.78981 -0.345606 0.336175
vn 0.0881214 -0.530562 0.843053
v -1.78981 -0.345606 0.336175
vn -0.0881214 0.530562 -0.843053
v -1.78981 -0.348809 0.334448
vn 0.0842944 -0.880618 0.466269
v -2.16766 -0.349981 0.332088
vn -0.0820206 -0.989379 0.120007
v -1.78981 -0.349981 0.332088
vn 0.0820827 -0.9894 0.119791
v -1.78981 -0.349981 0.332088
vn -0.0820827 0.9894 -0.119791
v -2.16766 -0.349981 0.332088
vn 0.0820206 0.989379 -0.120007
v -1.78981 -0.348809 0.334448
vn -0.0842944 0.880618 -0.466269
v -2.16766 -0.349981 0.332088
vn -0.0823742 -0.989483 0.118905
v -2.18218 -0.348809 0.12401
vn -0.349118 -0.930358 -0.112027
v -2.16766 -0.349981 0.12401
vn -0.0822942 -0.989454 -0.119197
v -2.16766 -0.349981 0.12401
vn 0.0822942 0.989454 0.119197
v -2.18218 -0.348809 0.12401
vn 0.349118 0.930358 0.112027
v -2.16766 -0.349981 0.332088
vn 0.0823742 0.989483 -0.118905
v -2.16766 -0.349981 0.12401
vn -0.0821591 -0.989421 -0.119567
v -2.18218 -0.347793 0.121966
vn -0.359257 -0.824698 -0.436814
v -2.16766 -0.348809 0.12165
vn -0.0844402 -0.88053 -0.466408
v -2.16766 -0.348809 0.12165
vn 0.0844402 0.88053 0.466408
v -2.18218 -0.347793 0.121966
vn 0.359257 0.824698 0.436814
v -2.16766 -0.349981 0.12401
vn 0.0821591 0.989421 0.119567
v -2.16766 -0.345606 0.119922
vn -0.0879331 -0.5306 -0.843049
v -1.78981 -0.348809 0.12165
vn 0.0842814 -0.880054 -0.467334
v -2.16766 -0.348809 0.12165
vn -0.084354 -0.880279 -0.466897
v -2.16766 -0.348809 0.12165
vn 0.084354 0.880279 0.466897
v -1.78981 -0.348809 0.12165
vn -0.0842814 0.880054 0.467334
v -2.16766 -0.345606 0.119922
vn 0.0879331 0.5306 0.843049
v -1.78981 -0.345606 0.119922
vn 0.0880202 -0.530592 -0.843045
v -1.78981 -0.345606 0.119922
vn -0.0880202 0.530592 0.843045
v -1.78981 -0.341231 0.11929
vn 0.0892327 -0.141534 -0.985903
v -1.78981 -0.341231 0.11929
vn -0.0892327 0.141534 0.985903
v -1.78981 0.349981 0.12401
vn 0.0823742 0.989483 -0.118905
v -1.77528 0.348809 0.332088
vn 0.349118 0.930358 0.112027
v -1.77528 0.348809 0.12401
vn 0.34967 0.930119 -0.112295
v -1.77528 0.348809 0.12401
vn -0.34967 -0.930119 0.112295
v -1.77528 0.348809 0.332088
vn -0.349118 -0.930358 -0.112027
v -1.78981 0.349981 0.12401
vn -0.0823742 -0.989483 0.118905
v -1.77528 0.347793 0.334132
vn 0.359273 0.824691 0.436815
v -1.77528 0.347793 0.334132
vn -0.359273 -0.824691 -0.436815
v -1.77528 0.347793 0.334132
vn 0.359272 0.824681 0.436835
v -1.76463 0.343418 0.334132
vn 0.776142 0.335848 0.533675
v -1.76463 0.345021 0.333268
vn 0.762653 0.571575 0.302759
v -1.76463 0.345021 0.333268
vn -0.762653 -0.571575 -0.302759
v -1.76463 0.343418 0.334132
vn -0.776142 -0.335848 -0.533675
v -1.77528 0.347793 0.334132
vn -0.359272 -0.824681 -0.436835
v -1.77528 0.347793 0.121966
vn 0.359257 0.824698 -0.436814
v -1.78981 0.349981 0.12401
vn 0.0821591 0.989421 -0.119567
v -1.77528 0.348809 0.12401
vn 0.350291 0.929845 -0.112628
v -1.77528 0.348809 0.12401
vn -0.350291 -0.929845 0.112628
v -1.78981 0.349981 0.12401
vn -0.0821591 -0.989421 0.119567
v -1.77528 0.347793 0.121966
vn -0.359257 -0.824698 0.436814
v -1.77528 0.345021 0.335628
vn 0.372905 0.4942 0.785308
v -1.77528 0.345021 0.335628
vn -0.372905 -0.4942 -0.785308
v -1.78981 0.345606 0.336175
vn 0.0881207 0.530532 0.843072
v -1.77528 0.341231 0.336175
vn 0.376509 0.131953 0.916968
v -1.77528 0.345021 0.335628
vn 0.372895 0.494188 0.78532
v -1.77528 0.345021 0.335628
vn -0.372895 -0.494188 -0.78532
v -1.77528 0.341231 0.336175
vn -0.376509 -0.131953 -0.916968
v -1.78981 0.345606 0.336175
vn -0.0881207 -0.530532 -0.843072
v -1.78981 0.341231 0.11929
vn 0.0892121 0.140439 -0.986062
v -1.78981 0.341231 0.11929
vn -0.0892121 -0.140439 0.986062
v -1.77528 0.345021 0.12047
vn 0.372885 0.494204 -0.785314
v -1.78981 0.348809 0.12165
vn 0.0844403 0.88051 -0.466445
v -1.77528 0.347793 0.121966
vn 0.359264 0.824685 -0.436835
v -1.77528 0.347793 0.121966
vn -0.359264 -0.824685 0.436835
v -1.78981 0.348809 0.12165
vn -0.0844403 -0.88051 0.466445
v -1.77528 0.345021 0.12047
vn -0.372885 -0.494204 0.785314
v -1.78981 0.345606 0.119922
vn 0.0881212 0.530544 -0.843064
v -1.78981 0.345606 0.119922
vn -0.0881212 -0.530544 0.843064
v -1.78981 -0.345606 0.336175
vn 0.0881212 -0.530544 0.843064
v -1.78981 -0.345606 0.336175
vn -0.0881212 0.530544 -0.843064
v -1.78981 -0.341231 0.336808
vn 0.0892121 -0.140439 0.986062
v -1.78981 -0.341231 0.336808
vn -0.0892121 0.140439 -0.986062
v -1.78981 0.341231 0.336808
vn 0.0892327 0.141534 0.985903
v -1.78981 0.341231 0.336808
vn -0.0892327 -0.141534 -0.985903
v -1.78981 -0.345606 0.336175
vn 0.0879331 -0.530599 0.843049
v -2.16766 -0.348809 0.334448
vn -0.0842814 -0.880054 0.467334
v -1.78981 -0.348809 0.334448
vn 0.084354 -0.880279 0.466897
v -1.78981 -0.348809 0.334448
vn -0.084354 0.880279 -0.466897
v -2.16766 -0.348809 0.334448
vn 0.0842814 0.880054 -0.467334
v -1.78981 -0.345606 0.336175
vn -0.0879331 0.530599 -0.843049
v -2.16766 -0.348809 0.334448
vn -0.0843605 -0.88058 0.466328
v -2.16766 -0.348809 0.334448
vn 0.0843605 0.88058 -0.466328
v -2.18218 -0.348809 0.332088
vn -0.34967 -0.930119 0.112295
v -2.18218 -0.348809 0.332088
vn 0.34967 0.930119 -0.112295
v -2.18218 -0.348809 0.12401
vn -0.350291 -0.929845 -0.112628
v -2.18218 -0.348809 0.12401
vn 0.350291 0.929845 0.112628
v -2.18218 -0.345021 0.12047
vn -0.372885 -0.494204 -0.785314
v -2.16766 -0.348809 0.12165
vn -0.0844403 -0.88051 -0.466445
v -2.18218 -0.347793 0.121966
vn -0.359264 -0.824685 -0.436835
v -2.18218 -0.347793 0.121966
vn 0.359264 0.824685 0.436835
v -2.16766 -0.348809 0.12165
vn 0.0844403 0.88051 0.466445
v -2.18218 -0.345021 0.12047
vn 0.372885 0.494204 0.785314
v -2.16766 -0.345606 0.119922
vn -0.0881214 -0.530562 -0.843053
v -2.16766 -0.345606 0.119922
vn 0.0881214 0.530562 0.843053
v -2.16766 -0.345606 0.119922
vn -0.0879191 -0.529773 -0.84357
v -1.78981 -0.341231 0.11929
vn 0.0890122 -0.14161 -0.985913
v -1.78981 -0.345606 0.119922
vn 0.0880132 -0.530145 -0.843327
v -1.78981 -0.345606 0.119922
vn -0.0880132 0.530145 0.843327
v -1.78981 -0.341231 0.11929
vn -0.0890122 0.14161 0.985913
v -2.16766 -0.345606 0.119922
vn 0.0879191 0.529773 0.84357
v -1.78981 0.349981 0.332088
vn 0.0822942 0.989454 0.119197
v -1.78981 0.349981 0.332088
vn -0.0822942 -0.989454 -0.119197
v -1.78981 0.349981 0.332088
vn 0.0821591 0.989421 0.119567
v -1.77528 0.347793 0.334132
vn 0.359257 0.824698 0.436814
v -1.77528 0.348809 0.332088
vn 0.350291 0.929845 0.112628
v -1.77528 0.348809 0.332088
vn -0.350291 -0.929845 -0.112628
v -1.77528 0.347793 0.334132
vn -0.359257 -0.824698 -0.436814
v -1.78981 0.349981 0.332088
vn -0.0821591 -0.989421 -0.119567
v -1.78981 0.348809 0.12165
vn 0.0844402 0.88053 -0.466408
v -1.78981 0.348809 0.12165
vn -0.0844402 -0.88053 0.466408
v -1.78981 0.348809 0.334448
vn 0.0844403 0.88051 0.466445
v -1.77528 0.345021 0.335628
vn 0.372885 0.494204 0.785314
v -1.77528 0.347793 0.334132
vn 0.359264 0.824685 0.436835
v -1.77528 0.347793 0.334132
vn -0.359264 -0.824685 -0.436835
v -1.77528 0.345021 0.335628
vn -0.372885 -0.494204 -0.785314
v -1.78981 0.348809 0.334448
vn -0.0844403 -0.88051 -0.466445
v -1.78981 0.345606 0.336175
vn 0.0881214 0.530562 0.843053
v -1.78981 0.345606 0.336175
vn -0.0881214 -0.530562 -0.843053
v -2.16766 -0.341231 0.11929
vn -0.0643201 -0.102018 -0.992701
v -1.78981 0.341231 0.11929
vn 0.0643201 0.102018 -0.992701
v -1.78981 -0.341231 0.11929
vn 0.0740244 -0.11741 -0.990321
v -1.78981 -0.341231 0.11929
vn -0.0740244 0.11741 0.990321
v -1.78981 0.341231 0.11929
vn -0.0643201 -0.102018 0.992701
v -2.16766 -0.341231 0.11929
vn 0.0643201 0.102018 0.992701
v -1.78981 0.345606 0.119922
vn 0.0881214 0.530562 -0.843053
v -1.78981 0.345606 0.119922
vn -0.0881214 -0.530562 0.843053
v -2.16766 0.341231 0.11929
vn -0.0890122 0.14161 -0.985913
v -1.78981 0.345606 0.119922
vn 0.0879191 0.529773 -0.84357
v -1.78981 0.341231 0.11929
vn 0.0891153 0.141579 -0.985908
v -1.78981 0.341231 0.11929
vn -0.0891153 -0.141579 0.985908
v -1.78981 0.345606 0.119922
vn -0.0879191 -0.529773 0.84357
v -2.16766 0.341231 0.11929
vn 0.0890122 -0.14161 0.985913
v -2.16766 -0.341231 0.336808
vn -0.0890122 -0.14161 0.985913
v -1.78981 -0.345606 0.336175
vn 0.0879191 -0.529773 0.84357
v -1.78981 -0.341231 0.336808
vn 0.0891153 -0.141579 0.985908
v -1.78981 -0.341231 0.336808
vn -0.0891153 0.141579 -0.985908
v -1.78981 -0.345606 0.336175
vn -0.0879191 0.529773 -0.84357
v -2.16766 -0.341231 0.336808
vn 0.0890122 0.14161 -0.985913
v -2.16766 0.341231 0.336808
vn -0.0643201 0.102018 0.992701
v -1.78981 -0.341231 0.336808
vn 0.0643201 -0.102018 0.992701
v -1.78981 0.341231 0.336808
vn 0.0740244 0.11741 0.990321
v -1.78981 0.341231 0.336808
vn -0.0740244 -0.11741 -0.990321
v -1.78981 -0.341231 0.336808
vn -0.0643201 0.102018 -0.992701
v -2.16766 0.341231 0.336808
vn 0.0643201 -0.102018 -0.992701
v -2.16766 0.345606 0.336175
vn -0.0879191 0.529773 0.84357
v -1.78981 0.341231 0.336808
vn 0.0890122 0.14161 0.985913
v -1.78981 0.345606 0.336175
vn 0.0880132 0.530145 0.843327
v -1.78981 0.345606 0.336175
vn -0.0880132 -0.530145 -0.843327
v -1.78981 0.341231 0.336808
vn -0.0890122 -0.14161 -0.985913
v -2.16766 0.345606 0.336175
vn 0.0879191 -0.529773 -0.84357
v -2.16766 -0.345606 0.336175
vn -0.0880202 -0.530592 0.843045
v -2.16766 -0.345606 0.336175
vn 0.0880202 0.530592 -0.843045
v -2.16766 -0.348809 0.334448
vn -0.0844408 -0.880531 0.466406
v -2.18218 -0.348809 0.332088
vn -0.350285 -0.929846 0.112636
v -2.16766 -0.349981 0.332088
vn -0.0821584 -0.989422 0.119559
v -2.16766 -0.349981 0.332088
vn 0.0821584 0.989422 -0.119559
v -2.18218 -0.348809 0.332088
vn 0.350285 0.929846 -0.112636
v -2.16766 -0.348809 0.334448
vn 0.0844408 0.880531 -0.466406
v -2.18218 -0.348809 0.332088
vn -0.350592 -0.929791 0.112133
v -2.19283 -0.345606 0.12401
vn -0.75161 -0.654826 -0.0792776
v -2.18218 -0.348809 0.12401
vn -0.350503 -0.929798 -0.112352
v -2.18218 -0.348809 0.12401
vn 0.350503 0.929798 0.112352
v -2.19283 -0.345606 0.12401
vn 0.75161 0.654826 0.0792776
v -2.18218 -0.348809 0.332088
vn 0.350592 0.929791 -0.112133
v -2.18218 -0.348809 0.12401
vn -0.3503 -0.929841 -0.112628
v -2.19283 -0.345021 0.122831
vn -0.762646 -0.571587 -0.302753
v -2.18218 -0.347793 0.121966
vn -0.359273 -0.824691 -0.436815
v -2.18218 -0.347793 0.121966
vn 0.359273 0.824691 0.436815
v -2.19283 -0.345021 0.122831
vn 0.762646 0.571587 0.302753
v -2.18218 -0.348809 0.12401
vn 0.3503 0.929841 0.112628
v -2.18218 -0.347793 0.121966
vn -0.359272 -0.824681 -0.436835
v -2.19283 -0.343418 0.121966
vn -0.776141 -0.335848 -0.533677
v -2.18218 -0.345021 0.12047
vn -0.372905 -0.4942 -0.785308
v -2.18218 -0.345021 0.12047
vn 0.372905 0.4942 0.785308
v -2.19283 -0.343418 0.121966
vn 0.776141 0.335848 0.533677
v -2.18218 -0.347793 0.121966
vn 0.359272 0.824681 0.436835
v -2.18218 -0.345021 0.12047
vn -0.372883 -0.494175 -0.785333
v -2.16766 -0.341231 0.11929
vn -0.089232 -0.141535 -0.985903
v -2.16766 -0.345606 0.119922
vn -0.0881212 -0.530544 -0.843064
v -2.16766 -0.345606 0.119922
vn 0.0881212 0.530544 0.843064
v -2.16766 -0.341231 0.11929
vn 0.089232 0.141535 0.985903
v -2.18218 -0.345021 0.12047
vn 0.372883 0.494175 0.785333
v -2.16766 -0.341231 0.11929
vn -0.0891153 -0.141579 -0.985908
v -2.16766 -0.341231 0.11929
vn 0.0891153 0.141579 0.985908
v -2.16766 0.349981 0.12401
vn -0.0719779 0.991892 -0.104738
v -1.78981 0.349981 0.332088
vn 0.0719779 0.991892 0.104738
v -1.78981 0.349981 0.12401
vn 0.0762867 0.990887 -0.111008
v -1.78981 0.349981 0.12401
vn -0.0762867 -0.990887 0.111008
v -1.78981 0.349981 0.332088
vn -0.0719779 -0.991892 -0.104738
v -2.16766 0.349981 0.12401
vn 0.0719779 -0.991892 0.104738
v -1.78981 0.348809 0.334448
vn 0.0844402 0.88053 0.466408
v -1.78981 0.348809 0.334448
vn -0.0844402 -0.88053 -0.466408
v -2.16766 0.348809 0.12165
vn -0.0842944 0.880618 -0.466269
v -1.78981 0.349981 0.12401
vn 0.0820207 0.989379 -0.120007
v -1.78981 0.348809 0.12165
vn 0.0843605 0.88058 -0.466328
v -1.78981 0.348809 0.12165
vn -0.0843605 -0.88058 0.466328
v -1.78981 0.349981 0.12401
vn -0.0820207 -0.989379 0.120007
v -2.16766 0.348809 0.12165
vn 0.0842944 -0.880618 0.466269
v -2.16766 0.348809 0.334448
vn -0.0842814 0.880054 0.467334
v -1.78981 0.345606 0.336175
vn 0.0879331 0.530599 0.843049
v -1.78981 0.348809 0.334448
vn 0.084354 0.880279 0.466897
v -1.78981 0.348809 0.334448
vn -0.084354 -0.880279 -0.466897
v -1.78981 0.345606 0.336175
vn -0.0879331 -0.530599 -0.843049
v -2.16766 0.348809 0.334448
vn 0.0842814 -0.880054 -0.467334
v -2.16766 0.341231 0.11929
vn -0.0740244 0.11741 -0.990321
v -2.16766 0.341231 0.11929
vn 0.0740244 -0.11741 0.990321
v -2.16766 0.345606 0.119922
vn -0.0879331 0.5306 -0.843049
v -1.78981 0.348809 0.12165
vn 0.0842814 0.880054 -0.467334
v -1.78981 0.345606 0.119922
vn 0.0880202 0.530592 -0.843045
v -1.78981 0.345606 0.119922
vn -0.0880202 -0.530592 0.843045
v -1.78981 0.348809 0.12165
vn -0.0842814 -0.880054 0.467334
v -2.16766 0.345606 0.119922
vn 0.0879331 -0.5306 0.843049
v -2.16766 0.345606 0.119922
vn -0.0880132 0.530145 -0.843327
v -2.16766 0.345606 0.119922
vn 0.0880132 -0.530145 0.843327
v -2.16766 -0.345606 0.336175
vn -0.0880132 -0.530145 0.843327
v -2.16766 -0.345606 0.336175
vn 0.0880132 0.530145 -0.843327
v -2.16766 -0.341231 0.336808
vn -0.0740244 -0.11741 0.990321
v -2.16766 -0.341231 0.336808
vn 0.0740244 0.11741 -0.990321
v -2.16766 0.341231 0.336808
vn -0.0891153 0.141579 0.985908
v -2.16766 0.341231 0.336808
vn 0.0891153 -0.141579 -0.985908
v -2.16766 0.345606 0.336175
vn -0.0880202 0.530592 0.843045
v -2.16766 0.345606 0.336175
vn 0.0880202 -0.530592 -0.843045
v -2.18218 -0.345021 0.335628
vn -0.372885 -0.494204 0.785314
v -2.16766 -0.348809 0.334448
vn -0.0844403 -0.88051 0.466445
v -2.16766 -0.345606 0.336175
vn -0.0881214 -0.530562 0.843053
v -2.16766 -0.345606 0.336175
vn 0.0881214 0.530562 -0.843053
v -2.16766 -0.348809 0.334448
vn 0.0844403 0.88051 -0.466445
v -2.18218 -0.345021 0.335628
vn 0.372885 0.494204 -0.785314
v -2.18218 -0.347793 0.334132
vn -0.359265 -0.824695 0.436815
v -2.18218 -0.347793 0.334132
vn 0.359265 0.824695 -0.436815
v -2.19283 -0.345606 0.332088
vn -0.752162 -0.654175 0.0794174
v -2.19283 -0.345606 0.332088
vn 0.752162 0.654175 -0.0794174
v -2.19283 -0.345606 0.12401
vn -0.752774 -0.65345 -0.0795959
v -2.19283 -0.345606 0.12401
vn 0.752774 0.65345 0.0795959
v -2.19283 -0.345021 0.122831
vn -0.762653 -0.571575 -0.302759
v -2.19283 -0.345021 0.122831
vn 0.762653 0.571575 0.302759
v -2.19283 -0.343418 0.121966
vn -0.77614 -0.335834 -0.533688
v -2.18218 -0.341231 0.119922
vn -0.37653 -0.131949 -0.91696
v -2.18218 -0.345021 0.12047
vn -0.372904 -0.494189 -0.785315
v -2.18218 -0.345021 0.12047
vn 0.372904 0.494189 0.785315
v -2.18218 -0.341231 0.119922
vn 0.37653 0.131949 0.91696
v -2.19283 -0.343418 0.121966
vn 0.77614 0.335834 0.533688
v -2.18218 -0.341231 0.119922
vn -0.376522 -0.131951 -0.916963
v -2.18218 -0.341231 0.119922
vn 0.376522 0.131951 0.916963
v -2.16766 0.349981 0.332088
vn -0.0762867 0.990887 0.111008
v -2.16766 0.349981 0.332088
vn 0.0762867 -0.990887 -0.111008
v -2.16766 0.349981 0.12401
vn -0.0820827 0.9894 -0.119791
v -2.16766 0.349981 0.12401
vn 0.0820827 -0.9894 0.119791
v -2.16766 0.349981 0.332088
vn -0.0820206 0.989379 0.120007
v -1.78981 0.348809 0.334448
vn 0.0842944 0.880618 0.466269
v -1.78981 0.349981 0.332088
vn 0.0820827 0.9894 0.119791
v -1.78981 0.349981 0.332088
vn -0.0820827 -0.9894 -0.119791
v -1.78981 0.348809 0.334448
vn -0.0842944 -0.880618 -0.466269
v -2.16766 0.349981 0.332088
vn 0.0820206 -0.989379 -0.120007
v -2.16766 0.348809 0.12165
vn -0.084354 0.880279 -0.466897
v -2.16766 0.348809 0.12165
vn 0.084354 -0.880279 0.466897
v -2.16766 0.348809 0.334448
vn -0.0843605 0.88058 0.466328
v -2.16766 0.348809 0.334448
vn 0.0843605 -0.88058 -0.466328
v -2.18218 -0.341231 0.119922
vn -0.372512 -0.130132 -0.918858
v -2.16766 0.341231 0.11929
vn -0.0891051 0.139493 -0.986206
v -2.16766 -0.341231 0.11929
vn -0.0892121 -0.140439 -0.986062
v -2.16766 -0.341231 0.11929
vn 0.0892121 0.140439 0.986062
v -2.16766 0.341231 0.11929
vn 0.0891051 -0.139493 0.986206
v -2.18218 -0.341231 0.119922
vn 0.372512 0.130132 0.918858
v -2.18218 0.341231 0.119922
vn -0.376509 0.131953 -0.916968
v -2.16766 0.345606 0.119922
vn -0.0881208 0.530532 -0.843072
v -2.16766 0.341231 0.11929
vn -0.0892327 0.141534 -0.985903
v -2.16766 0.341231 0.11929
vn 0.0892327 -0.141534 0.985903
v -2.16766 0.345606 0.119922
vn 0.0881208 -0.530532 0.843072
v -2.18218 0.341231 0.119922
vn 0.376509 -0.131953 0.916968
v -2.18218 -0.341231 0.336175
vn -0.376509 -0.131953 0.916968
v -2.16766 -0.345606 0.336175
vn -0.0881208 -0.530532 0.843072
v -2.16766 -0.341231 0.336808
vn -0.0892327 -0.141534 0.985903
v -2.16766 -0.341231 0.336808
vn 0.0892327 0.141534 -0.985903
v -2.16766 -0.345606 0.336175
vn 0.0881208 0.530532 -0.843072
v -2.18218 -0.341231 0.336175
vn 0.376509 0.131953 -0.916968
v -2.18218 0.341231 0.336175
vn -0.372512 0.130132 0.918858
v -2.16766 -0.341231 0.336808
vn -0.0891051 -0.139493 0.986206
v -2.16766 0.341231 0.336808
vn -0.0892121 0.140439 0.986062
v -2.16766 0.341231 0.336808
vn 0.0892121 -0.140439 -0.986062
v -2.16766 -0.341231 0.336808
vn 0.0891051 0.139493 -0.986206
v -2.18218 0.341231 0.336175
vn 0.372512 -0.130132 -0.918858
v -2.18218 0.345021 0.335628
vn -0.372883 0.494175 0.785333
v -2.16766 0.341231 0.336808
vn -0.089232 0.141535 0.985903
v -2.16766 0.345606 0.336175
vn -0.0881212 0.530544 0.843064
v -2.16766 0.345606 0.336175
vn 0.0881212 -0.530544 -0.843064
v -2.16766 0.341231 0.336808
vn 0.089232 -0.141535 -0.985903
v -2.18218 0.345021 0.335628
vn 0.372883 -0.494175 -0.785333
v -2.16766 0.348809 0.334448
vn -0.0844403 0.88051 0.466445
v -2.18218 0.345021 0.335628
vn -0.372885 0.494204 0.785314
v -2.16766 0.345606 0.336175
vn -0.0881214 0.530562 0.843053
v -2.16766 0.345606 0.336175
vn 0.0881214 -0.530562 -0.843053
v -2.18218 0.345021 0.335628
vn 0.372885 -0.494204 -0.785314
v -2.16766 0.348809 0.334448
vn 0.0844403 -0.88051 -0.466445
v -2.18218 -0.347793 0.334132
vn -0.359264 -0.824685 0.436835
v -2.18218 -0.347793 0.334132
vn 0.359264 0.824685 -0.436835
v -2.18218 -0.345021 0.335628
vn -0.372895 -0.494188 0.78532
v -2.18218 -0.345021 0.335628
vn 0.372895 0.494188 -0.78532
v -2.18218 -0.347793 0.334132
vn -0.359273 -0.824692 0.436814
v -2.19283 -0.345606 0.332088
vn -0.752767 -0.653457 0.0796023
v -2.18218 -0.348809 0.332088
vn -0.350299 -0.929842 0.112625
v -2.18218 -0.348809 0.332088
vn 0.350299 0.929842 -0.112625
v -2.19283 -0.345606 0.332088
vn 0.752767 0.653457 -0.0796023
v -2.18218 -0.347793 0.334132
vn 0.359273 0.824692 -0.436814
v -2.19672 -0.341231 0.332088
vn -0.961024 -0.20438 0.186175
v -2.19283 -0.345606 0.12401
vn -0.753134 -0.653061 -0.0793685
v -2.19283 -0.345606 0.332088
vn -0.753002 -0.653202 0.0794659
v -2.19283 -0.345606 0.332088
vn 0.753002 0.653202 -0.0794659
v -2.19283 -0.345606 0.12401
vn 0.753134 0.653061 0.0793685
v -2.19672 -0.341231 0.332088
vn 0.961024 0.20438 -0.186175
v -2.19672 -0.341231 0.12401
vn -0.961119 -0.203476 -0.186674
v -2.19283 -0.345021 0.122831
vn -0.762657 -0.571574 -0.302749
v -2.19283 -0.345606 0.12401
vn -0.752779 -0.653444 -0.0795931
v -2.19283 -0.345606 0.12401
vn 0.752779 0.653444 0.0795931
v -2.19283 -0.345021 0.122831
vn 0.762657 0.571574 0.302749
v -2.19672 -0.341231 0.12401
vn 0.961119 0.203476 0.186674
v -2.19672 -0.341231 0.12401
vn -0.961119 -0.203475 -0.186677
v -2.19283 -0.343418 0.121966
vn -0.776157 -0.335838 -0.533661
v -2.19283 -0.345021 0.122831
vn -0.762658 -0.571572 -0.302752
v -2.19283 -0.345021 0.122831
vn 0.762658 0.571572 0.302752
v -2.19283 -0.343418 0.121966
vn 0.776157 0.335838 0.533661
v -2.19672 -0.341231 0.12401
vn 0.961119 0.203475 0.186677
v -2.19283 -0.341231 0.12165
vn -0.779085 -0.0897898 -0.620456
v -2.19283 -0.341231 0.12165
vn 0.779085 0.0897898 0.620456
v -2.18218 0.348809 0.12401
vn -0.349118 0.930358 -0.112027
v -2.16766 0.349981 0.332088
vn -0.0823742 0.989483 0.118905
v -2.16766 0.349981 0.12401
vn -0.0822942 0.989454 -0.119197
v -2.16766 0.349981 0.12401
vn 0.0822942 -0.989454 0.119197
v -2.16766 0.349981 0.332088
vn 0.0823742 -0.989483 -0.118905
v -2.18218 0.348809 0.12401
vn 0.349118 -0.930358 0.112027
v -2.18218 0.347793 0.121966
vn -0.359257 0.824698 -0.436814
v -2.16766 0.349981 0.12401
vn -0.0821591 0.989421 -0.119567
v -2.16766 0.348809 0.12165
vn -0.0844402 0.88053 -0.466408
v -2.16766 0.348809 0.12165
vn 0.0844402 -0.88053 0.466408
v -2.16766 0.349981 0.12401
vn 0.0821591 -0.989421 0.119567
v -2.18218 0.347793 0.121966
vn 0.359257 -0.824698 0.436814
v -2.18218 0.345021 0.12047
vn -0.372885 0.494204 -0.785314
v -2.16766 0.348809 0.12165
vn -0.0844403 0.88051 -0.466445
v -2.16766 0.345606 0.119922
vn -0.0881214 0.530562 -0.843053
v -2.16766 0.345606 0.119922
vn 0.0881214 -0.530562 0.843053
v -2.16766 0.348809 0.12165
vn 0.0844403 -0.88051 0.466445
v -2.18218 0.345021 0.12047
vn 0.372885 -0.494204 0.785314
v -2.18218 0.348809 0.332088
vn -0.350285 0.929846 0.112636
v -2.16766 0.348809 0.334448
vn -0.0844408 0.880531 0.466406
v -2.16766 0.349981 0.332088
vn -0.0821584 0.989422 0.119559
v -2.16766 0.349981 0.332088
vn 0.0821584 -0.989422 -0.119559
v -2.16766 0.348809 0.334448
vn 0.0844408 -0.880531 -0.466406
v -2.18218 0.348809 0.332088
vn 0.350285 -0.929846 -0.112636
v -2.18218 0.341231 0.119922
vn -0.374423 0.130974 -0.917961
v -2.18218 0.341231 0.119922
vn 0.374423 -0.130974 0.917961
v -2.18218 0.345021 0.12047
vn -0.372895 0.494188 -0.78532
v -2.18218 0.345021 0.12047
vn 0.372895 -0.494188 0.78532
v -2.18218 -0.341231 0.336175
vn -0.374423 -0.130974 0.917961
v -2.18218 -0.341231 0.336175
vn 0.374423 0.130974 -0.917961
v -2.18218 0.341231 0.336175
vn -0.376522 0.131951 0.916963
v -2.18218 0.341231 0.336175
vn 0.376522 -0.131951 -0.916963
v -2.18218 0.347793 0.334132
vn -0.359264 0.824685 0.436835
v -2.18218 0.347793 0.334132
vn 0.359264 -0.824685 -0.436835
v -2.19283 -0.343418 0.334132
vn -0.776141 -0.335848 0.533677
v -2.18218 -0.347793 0.334132
vn -0.359272 -0.824681 0.436835
v -2.18218 -0.345021 0.335628
vn -0.372905 -0.4942 0.785308
v -2.18218 -0.345021 0.335628
vn 0.372905 0.4942 -0.785308
v -2.18218 -0.347793 0.334132
vn 0.359272 0.824681 -0.436835
v -2.19283 -0.343418 0.334132
vn 0.776141 0.335848 -0.533677
v -2.19283 -0.341231 0.334448
vn -0.779073 -0.0897928 0.620469
v -2.18218 -0.345021 0.335628
vn -0.372903 -0.494184 0.785319
v -2.18218 -0.341231 0.336175
vn -0.376531 -0.131949 0.916959
v -2.18218 -0.341231 0.336175
vn 0.376531 0.131949 -0.916959
v -2.18218 -0.345021 0.335628
vn 0.372903 0.494184 -0.785319
v -2.19283 -0.341231 0.334448
vn 0.779073 0.0897928 -0.620469
v -2.19283 -0.345021 0.333268
vn -0.762653 -0.571579 0.302751
v -2.19283 -0.345021 0.333268
vn 0.762653 0.571579 -0.302751
v -2.19672 -0.341231 0.12401
vn -0.961073 -0.203955 -0.186389
v -2.19672 -0.341231 0.12401
vn 0.961073 0.203955 0.186389
v -2.19672 -0.341231 0.332088
vn -0.961119 -0.203476 0.186674
v -2.19283 -0.345606 0.332088
vn -0.752779 -0.653444 0.0795931
v -2.19283 -0.345021 0.333268
vn -0.762657 -0.571574 0.302749
v -2.19283 -0.345021 0.333268
vn 0.762657 0.571574 -0.302749
v -2.19283 -0.345606 0.332088
vn 0.752779 0.653444 -0.0795931
v -2.19672 -0.341231 0.332088
vn 0.961119 0.203476 -0.186674
v -2.19283 -0.341231 0.12165
vn -0.779091 -0.0897882 -0.620447
v -2.19283 -0.343418 0.121966
vn -0.776156 -0.335836 -0.533662
v -2.19672 -0.341231 0.12401
vn -0.961119 -0.203474 -0.186679
v -2.19672 -0.341231 0.12401
vn 0.961119 0.203474 0.186679
v -2.19283 -0.343418 0.121966
vn 0.776156 0.335836 0.533662
v -2.19283 -0.341231 0.12165
vn 0.779091 0.0897882 0.620447
v -2.19283 -0.341231 0.12165
vn -0.775158 -0.088968 -0.625471
v -2.18218 0.341231 0.119922
vn -0.375575 0.130498 -0.917558
v -2.18218 -0.341231 0.119922
vn -0.376134 -0.131166 -0.917234
v -2.18218 -0.341231 0.119922
vn 0.376134 0.131166 0.917234
v -2.18218 0.341231 0.119922
vn 0.375575 -0.130498 0.917558
v -2.19283 -0.341231 0.12165
vn 0.775158 0.088968 0.625471
v -2.18218 0.348809 0.332088
vn -0.34967 0.930119 0.112295
v -2.18218 0.348809 0.332088
vn 0.34967 -0.930119 -0.112295
v -2.18218 0.348809 0.12401
vn -0.350291 0.929845 -0.112628
v -2.18218 0.348809 0.12401
vn 0.350291 -0.929845 0.112628
v -2.18218 0.347793 0.121966
vn -0.359264 0.824685 -0.436835
v -2.18218 0.347793 0.121966
vn 0.359264 -0.824685 0.436835
v -2.18218 0.347793 0.334132
vn -0.359265 0.824695 0.436815
v -2.18218 0.347793 0.334132
vn 0.359265 -0.824695 -0.436815
v -2.19283 0.341231 0.12165
vn -0.779073 0.0897928 -0.620469
v -2.18218 0.345021 0.12047
vn -0.372903 0.494184 -0.785319
v -2.18218 0.341231 0.119922
vn -0.376531 0.131949 -0.916959
v -2.18218 0.341231 0.119922
vn 0.376531 -0.131949 0.916959
v -2.18218 0.345021 0.12047
vn 0.372903 -0.494184 0.785319
v -2.19283 0.341231 0.12165
vn 0.779073 -0.0897928 0.620469
v -2.19283 0.341231 0.334448
vn -0.775158 0.0889681 0.625472
v -2.18218 -0.341231 0.336175
vn -0.375574 -0.130498 0.917559
v -2.18218 0.341231 0.336175
vn -0.376134 0.131166 0.917234
v -2.18218 0.341231 0.336175
vn 0.376134 -0.131166 -0.917234
v -2.18218 -0.341231 0.336175
vn 0.375574 0.130498 -0.917559
v -2.19283 0.341231 0.334448
vn 0.775158 -0.0889681 -0.625472
v -2.18218 0.345021 0.335628
vn -0.372903 0.494184 0.785319
v -2.19283 0.341231 0.334448
vn -0.779073 0.0897928 0.620469
v -2.18218 0.341231 0.336175
vn -0.376531 0.131949 0.916959
v -2.18218 0.341231 0.336175
vn 0.376531 -0.131949 -0.916959
v -2.19283 0.341231 0.334448
vn 0.779073 -0.0897928 -0.620469
v -2.18218 0.345021 0.335628
vn 0.372903 -0.494184 -0.785319
v -2.18218 0.347793 0.334132
vn -0.359272 0.824681 0.436835
v -2.19283 0.343418 0.334132
vn -0.776141 0.335848 0.533677
v -2.18218 0.345021 0.335628
vn -0.372905 0.4942 0.785308
v -2.18218 0.345021 0.335628
vn 0.372905 -0.4942 -0.785308
v -2.19283 0.343418 0.334132
vn 0.776141 -0.335848 -0.533677
v -2.18218 0.347793 0.334132
vn 0.359272 -0.824681 -0.436835
v -2.19283 -0.345021 0.333268
vn -0.762653 -0.571575 0.302759
v -2.19283 -0.345021 0.333268
vn 0.762653 0.571575 -0.302759
v -2.19283 -0.343418 0.334132
vn -0.77615 -0.335836 0.533671
v -2.19283 -0.343418 0.334132
vn 0.77615 0.335836 -0.533671
v -2.19283 -0.341231 0.334448
vn -0.777046 -0.0893413 0.623071
v -2.19283 -0.341231 0.334448
vn 0.777046 0.0893413 -0.623071
v -2.19672 0.341231 0.332088
vn -0.98016 0.146055 0.133996
v -2.19672 -0.341231 0.12401
vn -0.98016 -0.146055 -0.133996
v -2.19672 -0.341231 0.332088
vn -0.974183 -0.166355 0.15262
v -2.19672 -0.341231 0.332088
vn 0.974183 0.166355 -0.15262
v -2.19672 -0.341231 0.12401
vn 0.98016 0.146055 0.133996
v -2.19672 0.341231 0.332088
vn 0.98016 -0.146055 -0.133996
v -2.19672 -0.341231 0.332088
vn -0.961119 -0.203475 0.186677
v -2.19283 -0.345021 0.333268
vn -0.762658 -0.571572 0.302752
v -2.19283 -0.343418 0.334132
vn -0.776157 -0.335838 0.533661
v -2.19283 -0.343418 0.334132
vn 0.776157 0.335838 -0.533661
v -2.19283 -0.345021 0.333268
vn 0.762658 0.571572 -0.302752
v -2.19672 -0.341231 0.332088
vn 0.961119 0.203475 -0.186677
v -2.19672 0.341231 0.12401
vn -0.960743 0.202471 -0.189678
v -2.19283 -0.341231 0.12165
vn -0.778909 -0.0892646 -0.620752
v -2.19672 -0.341231 0.12401
vn -0.960934 -0.202904 -0.188243
v -2.19672 -0.341231 0.12401
vn 0.960934 0.202904 0.188243
v -2.19283 -0.341231 0.12165
vn 0.778909 0.0892646 0.620752
v -2.19672 0.341231 0.12401
vn 0.960743 -0.202471 0.189678
v -2.19283 0.341231 0.12165
vn -0.777046 0.0893413 -0.623071
v -2.19283 0.341231 0.12165
vn 0.777046 -0.0893413 0.623071
v -2.19283 0.345606 0.12401
vn -0.75161 0.654826 -0.0792776
v -2.18218 0.348809 0.332088
vn -0.350592 0.929791 0.112133
v -2.18218 0.348809 0.12401
vn -0.350503 0.929798 -0.112352
v -2.18218 0.348809 0.12401
vn 0.350503 -0.929798 0.112352
v -2.18218 0.348809 0.332088
vn 0.350592 -0.929791 -0.112133
v -2.19283 0.345606 0.12401
vn 0.75161 -0.654826 0.0792776
v -2.19283 0.345021 0.122831
vn -0.762646 0.571587 -0.302753
v -2.18218 0.348809 0.12401
vn -0.3503 0.929841 -0.112628
v -2.18218 0.347793 0.121966
vn -0.359273 0.824691 -0.436815
v -2.18218 0.347793 0.121966
vn 0.359273 -0.824691 0.436815
v -2.18218 0.348809 0.12401
vn 0.3503 -0.929841 0.112628
v -2.19283 0.345021 0.122831
vn 0.762646 -0.571587 0.302753
v -2.19283 0.343418 0.121966
vn -0.776141 0.335848 -0.533677
v -2.18218 0.347793 0.121966
vn -0.359272 0.824681 -0.436835
v -2.18218 0.345021 0.12047
vn -0.372905 0.4942 -0.785308
v -2.18218 0.345021 0.12047
vn 0.372905 -0.4942 0.785308
v -2.18218 0.347793 0.121966
vn 0.359272 -0.824681 0.436835
v -2.19283 0.343418 0.121966
vn 0.776141 -0.335848 0.533677
v -2.19283 0.345606 0.332088
vn -0.752767 0.653457 0.0796023
v -2.18218 0.347793 0.334132
vn -0.359273 0.824692 0.436814
v -2.18218 0.348809 0.332088
vn -0.350299 0.929842 0.112625
v -2.18218 0.348809 0.332088
vn 0.350299 -0.929842 -0.112625
v -2.18218 0.347793 0.334132
vn 0.359273 -0.824692 -0.436814
v -2.19283 0.345606 0.332088
vn 0.752767 -0.653457 -0.0796023
v -2.19283 0.343418 0.121966
vn -0.77615 0.335836 -0.533671
v -2.19283 0.343418 0.121966
vn 0.77615 -0.335836 0.533671
v -2.19283 0.343418 0.334132
vn -0.77615 0.335836 0.533671
v -2.19283 0.343418 0.334132
vn 0.77615 -0.335836 -0.533671
v -2.19283 0.345021 0.333268
vn -0.762653 0.571575 0.302759
v -2.19283 0.345021 0.333268
vn 0.762653 -0.571575 -0.302759
v -2.19672 -0.341231 0.332088
vn -0.961119 -0.203474 0.186679
v -2.19283 -0.343418 0.334132
vn -0.776156 -0.335836 0.533662
v -2.19283 -0.341231 0.334448
vn -0.779091 -0.0897882 0.620447
v -2.19283 -0.341231 0.334448
vn 0.779091 0.0897882 -0.620447
v -2.19283 -0.343418 0.334132
vn 0.776156 0.335836 -0.533662
v -2.19672 -0.341231 0.332088
vn 0.961119 0.203474 -0.186679
v -2.19283 0.341231 0.334448
vn -0.778909 0.0892645 0.620751
v -2.19672 -0.341231 0.332088
vn -0.960744 -0.20247 0.189678
v -2.19283 -0.341231 0.334448
vn -0.779065 -0.0894963 0.620523
v -2.19283 -0.341231 0.334448
vn 0.779065 0.0894963 -0.620523
v -2.19672 -0.341231 0.332088
vn 0.960744 0.20247 -0.189678
v -2.19283 0.341231 0.334448
vn 0.778909 -0.0892645 -0.620751
v -2.19672 0.341231 0.12401
vn -0.974183 0.166355 -0.15262
v -2.19672 0.341231 0.12401
vn 0.974183 -0.166355 0.15262
v -2.19672 0.341231 0.332088
vn -0.960934 0.202904 0.188243
v -2.19672 0.341231 0.332088
vn 0.960934 -0.202904 -0.188243
v -2.19283 0.341231 0.12165
vn -0.779064 0.0894963 -0.620523
v -2.19283 0.341231 0.12165
vn 0.779064 -0.0894963 0.620523
v -2.19283 0.345606 0.332088
vn -0.752162 0.654175 0.0794174
v -2.19283 0.345606 0.332088
vn 0.752162 -0.654175 -0.0794174
v -2.19283 0.345606 0.12401
vn -0.752774 0.65345 -0.0795959
v -2.19283 0.345606 0.12401
vn 0.752774 -0.65345 0.0795959
v -2.19283 0.345021 0.122831
vn -0.762653 0.571575 -0.302759
v -2.19283 0.345021 0.122831
vn 0.762653 -0.571575 0.302759
v -2.19283 0.345021 0.333268
vn -0.762653 0.571579 0.302751
v -2.19283 0.345021 0.333268
vn 0.762653 -0.571579 -0.302751
v -2.19283 0.343418 0.121966
vn -0.776156 0.335836 -0.533662
v -2.19283 0.341231 0.12165
vn -0.779091 0.0897882 -0.620447
v -2.19672 0.341231 0.12401
vn -0.961119 0.203474 -0.186679
v -2.19672 0.341231 0.12401
vn 0.961119 -0.203474 0.186679
v -2.19283 0.341231 0.12165
vn 0.779091 -0.0897882 0.620447
v -2.19283 0.343418 0.121966
vn 0.776156 -0.335836 0.533662
v -2.19283 0.343418 0.334132
vn -0.776156 0.335836 0.533662
v -2.19672 0.341231 0.332088
vn -0.961119 0.203474 0.186679
v -2.19283 0.341231 0.334448
vn -0.779091 0.0897882 0.620447
v -2.19283 0.341231 0.334448
vn 0.779091 -0.0897882 -0.620447
v -2.19672 0.341231 0.332088
vn 0.961119 -0.203474 -0.186679
v -2.19283 0.343418 0.334132
vn 0.776156 -0.335836 -0.533662
v -2.19283 0.345021 0.333268
vn -0.762658 0.571572 0.302752
v -2.19672 0.341231 0.332088
vn -0.961119 0.203475 0.186677
v -2.19283 0.343418 0.334132
vn -0.776157 0.335838 0.533661
v -2.19283 0.343418 0.334132
vn 0.776157 -0.335838 -0.533661
v -2.19672 0.341231 0.332088
vn 0.961119 -0.203475 -0.186677
v -2.19283 0.345021 0.333268
vn 0.762658 -0.571572 -0.302752
v -2.19283 0.345606 0.332088
vn -0.753134 0.653061 0.0793685
v -2.19672 0.341231 0.12401
vn -0.961024 0.20438 -0.186175
v -2.19672 0.341231 0.332088
vn -0.961073 0.203955 0.186389
v -2.19672 0.341231 0.332088
vn 0.961073 -0.203955 -0.186389
v -2.19672 0.341231 0.12401
vn 0.961024 -0.20438 0.186175
v -2.19283 0.345606 0.332088
vn 0.753134 -0.653061 -0.0793685
v -2.19283 0.345606 0.12401
vn -0.753002 0.653202 -0.0794659
v -2.19283 0.345606 0.12401
vn 0.753002 -0.653202 0.0794659
v -2.19283 0.345606 0.12401
vn -0.752779 0.653444 -0.0795931
v -2.19283 0.345021 0.122831
vn -0.762657 0.571574 -0.302749
v -2.19672 0.341231 0.12401
vn -0.961119 0.203476 -0.186674
v -2.19672 0.341231 0.12401
vn 0.961119 -0.203476 0.186674
v -2.19283 0.345021 0.122831
vn 0.762657 -0.571574 0.302749
v -2.19283 0.345606 0.12401
vn 0.752779 -0.653444 0.0795931
v -2.19283 0.345021 0.122831
vn -0.762658 0.571572 -0.302752
v -2.19283 0.343418 0.121966
vn -0.776157 0.335838 -0.533661
v -2.19672 0.341231 0.12401
vn -0.961119 0.203475 -0.186677
v -2.19672 0.341231 0.12401
vn 0.961119 -0.203475 0.186677
v -2.19283 0.343418 0.121966
vn 0.776157 -0.335838 0.533661
v -2.19283 0.345021 0.122831
vn 0.762658 -0.571572 0.302752
v -2.19283 0.345606 0.332088
vn -0.752779 0.653444 0.0795931
v -2.19672 0.341231 0.332088
vn -0.961119 0.203476 0.186674
v -2.19283 0.345021 0.333268
vn -0.762657 0.571574 0.302749
v -2.19283 0.345021 0.333268
vn 0.762657 -0.571574 -0.302749
v -2.19672 0.341231 0.332088
vn 0.961119 -0.203476 -0.186674
v -2.19283 0.345606 0.332088
vn 0.752779 -0.653444 -0.0795931
v 1.77527 0.345021 0.335628
vn -0.372885 0.494204 0.785314
v 1.78979 0.348809 0.334448
vn -0.0844403 0.88051 0.466445
v 1.77527 0.347793 0.334132
vn -0.359264 0.824685 0.436835
v 1.78979 0.345606 0.336175
vn -0.0881214 0.530562 0.843053
v 1.77527 0.347793 0.334132
vn 0.359264 -0.824685 -0.436835
v 1.78979 0.348809 0.334448
vn 0.0844403 -0.88051 -0.466445
v 1.77527 0.345021 0.335628
vn 0.372885 -0.494204 -0.785314
v 1.78979 0.345606 0.336175
vn 0.0881214 -0.530562 -0.843053
v 1.78979 0.348809 0.334448
vn -0.0844408 0.880531 0.466406
v 1.77527 0.348809 0.332088
vn -0.350285 0.929846 0.112636
v 1.77527 0.347793 0.334132
vn -0.359265 0.824695 0.436815
v 1.77527 0.347793 0.334132
vn 0.359265 -0.824695 -0.436815
v 1.77527 0.348809 0.332088
vn 0.350285 -0.929846 -0.112636
v 1.78979 0.348809 0.334448
vn 0.0844408 -0.880531 -0.466406
v 1.77527 0.347793 0.334132
vn -0.359272 0.824681 0.436835
v 1.76462 0.343418 0.334132
vn -0.776141 0.335848 0.533677
v 1.77527 0.345021 0.335628
vn -0.372905 0.4942 0.785308
v 1.77527 0.345021 0.335628
vn 0.372905 -0.4942 -0.785308
v 1.76462 0.343418 0.334132
vn 0.776141 -0.335848 -0.533677
v 1.77527 0.347793 0.334132
vn 0.359272 -0.824681 -0.436835
v 1.77527 0.341231 0.336175
vn -0.376509 0.131953 0.916968
v 1.78979 0.345606 0.336175
vn -0.0881207 0.530532 0.843072
v 1.77527 0.345021 0.335628
vn -0.372895 0.494188 0.78532
v 1.77527 0.345021 0.335628
vn 0.372895 -0.494188 -0.78532
v 1.78979 0.345606 0.336175
vn 0.0881207 -0.530532 -0.843072
v 1.77527 0.341231 0.336175
vn 0.376509 -0.131953 -0.916968
v 2.16764 0.345606 0.336175
vn 0.0879331 0.530599 0.843049
v 1.78979 0.348809 0.334448
vn -0.0842814 0.880054 0.467334
v 1.78979 0.345606 0.336175
vn -0.0880202 0.530592 0.843045
v 1.78979 0.345606 0.336175
vn 0.0880202 -0.530592 -0.843045
v 1.78979 0.348809 0.334448
vn 0.0842814 -0.880054 -0.467334
v 2.16764 0.345606 0.336175
vn -0.0879331 -0.530599 -0.843049
v 1.78979 0.349981 0.332088
vn -0.0821584 0.989422 0.119559
v 1.78979 0.349981 0.332088
vn 0.0821584 -0.989422 -0.119559
v 1.76462 0.345606 0.332088
vn -0.752767 0.653457 0.0796023
v 1.77527 0.347793 0.334132
vn -0.359273 0.824692 0.436814
v 1.77527 0.348809 0.332088
vn -0.350299 0.929842 0.112625
v 1.77527 0.348809 0.332088
vn 0.350299 -0.929842 -0.112625
v 1.77527 0.347793 0.334132
vn 0.359273 -0.824692 -0.436814
v 1.76462 0.345606 0.332088
vn 0.752767 -0.653457 -0.0796023
v 1.76462 0.345021 0.333268
vn -0.762653 0.571575 0.302759
v 1.76462 0.345021 0.333268
vn 0.762653 -0.571575 -0.302759
v 1.76462 0.343418 0.334132
vn -0.77614 0.335834 0.533688
v 1.77527 0.341231 0.336175
vn -0.37653 0.131949 0.91696
v 1.77527 0.345021 0.335628
vn -0.372904 0.494189 0.785315
v 1.77527 0.345021 0.335628
vn 0.372904 -0.494189 -0.785315
v 1.77527 0.341231 0.336175
vn 0.37653 -0.131949 -0.91696
v 1.76462 0.343418 0.334132
vn 0.77614 -0.335834 -0.533688
v 1.78979 0.341231 0.336808
vn -0.0892327 0.141534 0.985903
v 1.78979 0.341231 0.336808
vn 0.0892327 -0.141534 -0.985903
v 2.16764 0.348809 0.334448
vn 0.084354 0.880279 0.466897
v 2.16764 0.348809 0.334448
vn -0.084354 -0.880279 -0.466897
v 1.78979 0.345606 0.336175
vn -0.0879191 0.529773 0.84357
v 2.16764 0.341231 0.336808
vn 0.0890122 0.14161 0.985913
v 2.16764 0.345606 0.336175
vn 0.0880132 0.530145 0.843327
v 2.16764 0.345606 0.336175
vn -0.0880132 -0.530145 -0.843327
v 2.16764 0.341231 0.336808
vn -0.0890122 -0.14161 -0.985913
v 1.78979 0.345606 0.336175
vn 0.0879191 -0.529773 -0.84357
v 2.16764 0.348809 0.334448
vn 0.0842944 0.880618 0.466269
v 1.78979 0.349981 0.332088
vn -0.0820206 0.989379 0.120007
v 1.78979 0.348809 0.334448
vn -0.0843605 0.88058 0.466328
v 1.78979 0.348809 0.334448
vn 0.0843605 -0.88058 -0.466328
v 1.78979 0.349981 0.332088
vn 0.0820206 -0.989379 -0.120007
v 2.16764 0.348809 0.334448
vn -0.0842944 -0.880618 -0.466269
v 1.78979 0.349981 0.332088
vn -0.0823742 0.989483 0.118905
v 1.77527 0.348809 0.12401
vn -0.349118 0.930358 -0.112027
v 1.77527 0.348809 0.332088
vn -0.34967 0.930119 0.112295
v 1.77527 0.348809 0.332088
vn 0.34967 -0.930119 -0.112295
v 1.77527 0.348809 0.12401
vn 0.349118 -0.930358 0.112027
v 1.78979 0.349981 0.332088
vn 0.0823742 -0.989483 -0.118905
v 1.76462 0.345021 0.333268
vn -0.762653 0.571579 0.302751
v 1.76462 0.345021 0.333268
vn 0.762653 -0.571579 -0.302751
v 1.77527 0.348809 0.332088
vn -0.350592 0.929791 0.112133
v 1.76462 0.345606 0.12401
vn -0.75161 0.654826 -0.0792776
v 1.76462 0.345606 0.332088
vn -0.752162 0.654175 0.0794174
v 1.76462 0.345606 0.332088
vn 0.752162 -0.654175 -0.0794174
v 1.76462 0.345606 0.12401
vn 0.75161 -0.654826 0.0792776
v 1.77527 0.348809 0.332088
vn 0.350592 -0.929791 -0.112133
v 1.76462 0.345021 0.333268
vn -0.762658 0.571572 0.302752
v 1.76074 0.341231 0.332088
vn -0.961119 0.203475 0.186677
v 1.76462 0.343418 0.334132
vn -0.776157 0.335838 0.533661
v 1.76462 0.343418 0.334132
vn 0.776157 -0.335838 -0.533661
v 1.76074 0.341231 0.332088
vn 0.961119 -0.203475 -0.186677
v 1.76462 0.345021 0.333268
vn 0.762658 -0.571572 -0.302752
v 1.76462 0.341231 0.334448
vn -0.779085 0.0897898 0.620456
v 1.76462 0.341231 0.334448
vn 0.779085 -0.0897898 -0.620456
v 1.77527 0.341231 0.336175
vn -0.372512 0.130132 0.918858
v 1.78979 -0.341231 0.336808
vn -0.0891051 -0.139493 0.986206
v 1.78979 0.341231 0.336808
vn -0.0892121 0.140439 0.986062
v 1.78979 0.341231 0.336808
vn 0.0892121 -0.140439 -0.986062
v 1.78979 -0.341231 0.336808
vn 0.0891051 0.139493 -0.986206
v 1.77527 0.341231 0.336175
vn 0.372512 -0.130132 -0.918858
v 1.78979 0.341231 0.336808
vn -0.0891153 0.141579 0.985908
v 1.78979 0.341231 0.336808
vn 0.0891153 -0.141579 -0.985908
v 2.18218 0.345021 0.335628
vn 0.372885 0.494204 0.785314
v 2.16764 0.348809 0.334448
vn 0.0844403 0.88051 0.466445
v 2.16764 0.345606 0.336175
vn 0.0881214 0.530562 0.843053
v 2.16764 0.345606 0.336175
vn -0.0881214 -0.530562 -0.843053
v 2.16764 0.348809 0.334448
vn -0.0844403 -0.88051 -0.466445
v 2.18218 0.345021 0.335628
vn -0.372885 -0.494204 -0.785314
v 2.16764 0.341231 0.336808
vn 0.089232 0.141535 0.985903
v 2.18218 0.345021 0.335628
vn 0.372883 0.494175 0.785333
v 2.16764 0.345606 0.336175
vn 0.0881212 0.530544 0.843064
v 2.16764 0.345606 0.336175
vn -0.0881212 -0.530544 -0.843064
v 2.18218 0.345021 0.335628
vn -0.372883 -0.494175 -0.785333
v 2.16764 0.341231 0.336808
vn -0.089232 -0.141535 -0.985903
v 2.16764 0.349981 0.332088
vn 0.0820827 0.9894 0.119791
v 2.16764 0.349981 0.332088
vn -0.0820827 -0.9894 -0.119791
v 1.78979 0.349981 0.12401
vn -0.0822942 0.989454 -0.119197
v 1.78979 0.349981 0.12401
vn 0.0822942 -0.989454 0.119197
v 1.77527 0.348809 0.12401
vn -0.350503 0.929798 -0.112352
v 1.77527 0.348809 0.12401
vn 0.350503 -0.929798 0.112352
v 1.76462 0.345606 0.332088
vn -0.752779 0.653444 0.0795931
v 1.76074 0.341231 0.332088
vn -0.961119 0.203476 0.186674
v 1.76462 0.345021 0.333268
vn -0.762657 0.571574 0.302749
v 1.76462 0.345021 0.333268
vn 0.762657 -0.571574 -0.302749
v 1.76074 0.341231 0.332088
vn 0.961119 -0.203476 -0.186674
v 1.76462 0.345606 0.332088
vn 0.752779 -0.653444 -0.0795931
v 1.76074 0.341231 0.12401
vn -0.961025 0.204376 -0.186175
v 1.76462 0.345606 0.332088
vn -0.753137 0.653059 0.0793687
v 1.76462 0.345606 0.12401
vn -0.753003 0.653201 -0.079466
v 1.76462 0.345606 0.12401
vn 0.753003 -0.653201 0.079466
v 1.76462 0.345606 0.332088
vn 0.753137 -0.653059 -0.0793687
v 1.76074 0.341231 0.12401
vn 0.961025 -0.204376 0.186175
v 1.76462 0.343418 0.334132
vn -0.776156 0.335836 0.533662
v 1.76074 0.341231 0.332088
vn -0.961119 0.203474 0.186679
v 1.76462 0.341231 0.334448
vn -0.779091 0.0897882 0.620447
v 1.76462 0.341231 0.334448
vn 0.779091 -0.0897882 -0.620447
v 1.76074 0.341231 0.332088
vn 0.961119 -0.203474 -0.186679
v 1.76462 0.343418 0.334132
vn 0.776156 -0.335836 -0.533662
v 1.76462 0.341231 0.334448
vn -0.775158 0.0889681 0.625472
v 1.77527 -0.341231 0.336175
vn -0.375573 -0.130499 0.917559
v 1.77527 0.341231 0.336175
vn -0.376133 0.131166 0.917235
v 1.77527 0.341231 0.336175
vn 0.376133 -0.131166 -0.917235
v 1.77527 -0.341231 0.336175
vn 0.375573 0.130499 -0.917559
v 1.76462 0.341231 0.334448
vn 0.775158 -0.0889681 -0.625472
v 1.77527 -0.341231 0.336175
vn -0.374423 -0.130974 0.917962
v 1.77527 -0.341231 0.336175
vn 0.374423 0.130974 -0.917962
v 2.16764 -0.341231 0.336808
vn 0.0643201 -0.102018 0.992701
v 1.78979 0.341231 0.336808
vn -0.0643201 0.102018 0.992701
v 1.78979 -0.341231 0.336808
vn -0.0740244 -0.11741 0.990321
v 1.78979 -0.341231 0.336808
vn 0.0740244 0.11741 -0.990321
v 1.78979 0.341231 0.336808
vn 0.0643201 -0.102018 -0.992701
v 2.16764 -0.341231 0.336808
vn -0.0643201 0.102018 -0.992701
v 2.16764 0.341231 0.336808
vn 0.0740244 0.11741 0.990321
v 2.16764 0.341231 0.336808
vn -0.0740244 -0.11741 -0.990321
v 2.18218 0.347793 0.334132
vn 0.359264 0.824685 0.436835
v 2.18218 0.347793 0.334132
vn -0.359264 -0.824685 -0.436835
v 2.18218 0.341231 0.336175
vn 0.376522 0.131951 0.916963
v 2.18218 0.341231 0.336175
vn -0.376522 -0.131951 -0.916963
v 2.18218 0.347793 0.334132
vn 0.359257 0.824698 0.436814
v 2.16764 0.349981 0.332088
vn 0.0821591 0.989421 0.119567
v 2.16764 0.348809 0.334448
vn 0.0844402 0.88053 0.466408
v 2.16764 0.348809 0.334448
vn -0.0844402 -0.88053 -0.466408
v 2.16764 0.349981 0.332088
vn -0.0821591 -0.989421 -0.119567
v 2.18218 0.347793 0.334132
vn -0.359257 -0.824698 -0.436814
v 2.16764 0.349981 0.332088
vn 0.0719779 0.991892 0.104738
v 1.78979 0.349981 0.12401
vn -0.0719779 0.991892 -0.104738
v 1.78979 0.349981 0.332088
vn -0.0762867 0.990887 0.111008
v 1.78979 0.349981 0.332088
vn 0.0762867 -0.990887 -0.111008
v 1.78979 0.349981 0.12401
vn 0.0719779 -0.991892 0.104738
v 2.16764 0.349981 0.332088
vn -0.0719779 -0.991892 -0.104738
v 1.78979 0.349981 0.12401
vn -0.0821591 0.989421 -0.119567
v 1.77527 0.347793 0.121966
vn -0.359257 0.824698 -0.436814
v 1.77527 0.348809 0.12401
vn -0.350291 0.929845 -0.112628
v 1.77527 0.348809 0.12401
vn 0.350291 -0.929845 0.112628
v 1.77527 0.347793 0.121966
vn 0.359257 -0.824698 0.436814
v 1.78979 0.349981 0.12401
vn 0.0821591 -0.989421 0.119567
v 1.77527 0.348809 0.12401
vn -0.3503 0.929841 -0.112627
v 1.76462 0.345021 0.122831
vn -0.762647 0.571586 -0.302753
v 1.76462 0.345606 0.12401
vn -0.752774 0.65345 -0.0795959
v 1.76462 0.345606 0.12401
vn 0.752774 -0.65345 0.0795959
v 1.76462 0.345021 0.122831
vn 0.762647 -0.571586 0.302753
v 1.77527 0.348809 0.12401
vn 0.3503 -0.929841 0.112627
v 1.76074 0.341231 0.332088
vn -0.961074 0.203952 0.18639
v 1.76074 0.341231 0.332088
vn 0.961074 -0.203952 -0.18639
v 1.76462 0.345606 0.12401
vn -0.752779 0.653444 -0.0795931
v 1.76462 0.345021 0.122831
vn -0.762657 0.571574 -0.302749
v 1.76074 0.341231 0.12401
vn -0.961119 0.203476 -0.186674
v 1.76074 0.341231 0.12401
vn 0.961119 -0.203476 0.186674
v 1.76462 0.345021 0.122831
vn 0.762657 -0.571574 0.302749
v 1.76462 0.345606 0.12401
vn 0.752779 -0.653444 0.0795931
v 1.76074 -0.341231 0.332088
vn -0.960746 -0.202471 0.189664
v 1.76462 0.341231 0.334448
vn -0.778917 0.0892654 0.620742
v 1.76074 0.341231 0.332088
vn -0.960936 0.202904 0.188236
v 1.76074 0.341231 0.332088
vn 0.960936 -0.202904 -0.188236
v 1.76462 0.341231 0.334448
vn 0.778917 -0.0892654 -0.620742
v 1.76074 -0.341231 0.332088
vn 0.960746 0.202471 -0.189664
v 1.76462 -0.341231 0.334448
vn -0.777046 -0.0893413 0.623071
v 1.76462 -0.341231 0.334448
vn 0.777046 0.0893413 -0.623071
v 1.77527 -0.341231 0.336175
vn -0.376509 -0.131953 0.916968
v 1.78979 -0.345606 0.336175
vn -0.0881208 -0.530532 0.843072
v 1.78979 -0.341231 0.336808
vn -0.0892327 -0.141534 0.985903
v 1.78979 -0.341231 0.336808
vn 0.0892327 0.141534 -0.985903
v 1.78979 -0.345606 0.336175
vn 0.0881208 0.530532 -0.843072
v 1.77527 -0.341231 0.336175
vn 0.376509 0.131953 -0.916968
v 1.78979 -0.341231 0.336808
vn -0.0890122 -0.14161 0.985913
v 2.16764 -0.345606 0.336175
vn 0.0879191 -0.529773 0.84357
v 2.16764 -0.341231 0.336808
vn 0.0891153 -0.141579 0.985908
v 2.16764 -0.341231 0.336808
vn -0.0891153 0.141579 -0.985908
v 2.16764 -0.345606 0.336175
vn -0.0879191 0.529773 -0.84357
v 1.78979 -0.341231 0.336808
vn 0.0890122 0.14161 -0.985913
v 2.18218 -0.341231 0.336175
vn 0.372507 -0.130131 0.91886
v 2.16764 0.341231 0.336808
vn 0.089104 0.139491 0.986206
v 2.16764 -0.341231 0.336808
vn 0.0892115 -0.140438 0.986062
v 2.16764 -0.341231 0.336808
vn -0.0892115 0.140438 -0.986062
v 2.16764 0.341231 0.336808
vn -0.089104 -0.139491 -0.986206
v 2.18218 -0.341231 0.336175
vn -0.372507 0.130131 -0.91886
v 2.19281 0.343418 0.334132
vn 0.776141 0.335848 0.533677
v 2.18218 0.347793 0.334132
vn 0.359272 0.824681 0.436835
v 2.18218 0.345021 0.335628
vn 0.372905 0.4942 0.785308
v 2.18218 0.345021 0.335628
vn -0.372905 -0.4942 -0.785308
v 2.18218 0.347793 0.334132
vn -0.359272 -0.824681 -0.436835
v 2.19281 0.343418 0.334132
vn -0.776141 -0.335848 -0.533677
v 2.18218 0.341231 0.336175
vn 0.374421 0.130973 0.917963
v 2.18218 0.341231 0.336175
vn -0.374421 -0.130973 -0.917963
v 2.18218 0.341231 0.336175
vn 0.37653 0.131949 0.91696
v 2.19281 0.343418 0.334132
vn 0.77614 0.335834 0.533688
v 2.18218 0.345021 0.335628
vn 0.372904 0.494189 0.785315
v 2.18218 0.345021 0.335628
vn -0.372904 -0.494189 -0.785315
v 2.19281 0.343418 0.334132
vn -0.77614 -0.335834 -0.533688
v 2.18218 0.341231 0.336175
vn -0.37653 -0.131949 -0.91696
v 2.18218 0.348809 0.332088
vn 0.350291 0.929845 0.112628
v 2.18218 0.348809 0.332088
vn -0.350291 -0.929845 -0.112628
v 2.16764 0.349981 0.12401
vn 0.0762867 0.990887 -0.111008
v 2.16764 0.349981 0.12401
vn -0.0762867 -0.990887 0.111008
v 1.78979 0.348809 0.12165
vn -0.0844402 0.88053 -0.466408
v 1.78979 0.348809 0.12165
vn 0.0844402 -0.88053 0.466408
v 1.77527 0.347793 0.121966
vn -0.359273 0.824691 -0.436815
v 1.77527 0.347793 0.121966
vn 0.359273 -0.824691 0.436815
v 1.76074 -0.341231 0.12401
vn -0.98016 -0.146055 -0.133996
v 1.76074 0.341231 0.332088
vn -0.98016 0.146055 0.133996
v 1.76074 0.341231 0.12401
vn -0.974183 0.166355 -0.15262
v 1.76074 0.341231 0.12401
vn 0.974183 -0.166355 0.15262
v 1.76074 0.341231 0.332088
vn 0.98016 -0.146055 -0.133996
v 1.76074 -0.341231 0.12401
vn 0.98016 0.146055 0.133996
v 1.76462 0.345021 0.122831
vn -0.762658 0.571572 -0.302752
v 1.76462 0.343418 0.121966
vn -0.776157 0.335838 -0.533661
v 1.76074 0.341231 0.12401
vn -0.961119 0.203475 -0.186677
v 1.76074 0.341231 0.12401
vn 0.961119 -0.203475 0.186677
v 1.76462 0.343418 0.121966
vn 0.776157 -0.335838 0.533661
v 1.76462 0.345021 0.122831
vn 0.762658 -0.571572 0.302752
v 1.76462 -0.341231 0.334448
vn -0.779069 -0.0894967 0.620518
v 1.76462 -0.341231 0.334448
vn 0.779069 0.0894967 -0.620518
v 1.76074 -0.341231 0.332088
vn -0.974183 -0.166355 0.15262
v 1.76074 -0.341231 0.332088
vn 0.974183 0.166355 -0.15262
v 1.76462 -0.341231 0.334448
vn -0.779073 -0.0897928 0.620469
v 1.77527 -0.345021 0.335628
vn -0.372903 -0.494184 0.785319
v 1.77527 -0.341231 0.336175
vn -0.376531 -0.131949 0.916959
v 1.77527 -0.341231 0.336175
vn 0.376531 0.131949 -0.916959
v 1.77527 -0.345021 0.335628
vn 0.372903 0.494184 -0.785319
v 1.76462 -0.341231 0.334448
vn 0.779073 0.0897928 -0.620469
v 1.77527 -0.345021 0.335628
vn -0.372895 -0.494188 0.78532
v 1.77527 -0.345021 0.335628
vn 0.372895 0.494188 -0.78532
v 1.78979 -0.345606 0.336175
vn -0.0880132 -0.530145 0.843327
v 1.78979 -0.345606 0.336175
vn 0.0880132 0.530145 -0.843327
v 2.18218 -0.345021 0.335628
vn 0.372883 -0.494175 0.785333
v 2.16764 -0.341231 0.336808
vn 0.089232 -0.141535 0.985903
v 2.16764 -0.345606 0.336175
vn 0.0881212 -0.530544 0.843064
v 2.16764 -0.345606 0.336175
vn -0.0881212 0.530544 -0.843064
v 2.16764 -0.341231 0.336808
vn -0.089232 0.141535 -0.985903
v 2.18218 -0.345021 0.335628
vn -0.372883 0.494175 -0.785333
v 2.18218 -0.341231 0.336175
vn 0.376522 -0.131951 0.916963
v 2.18218 -0.341231 0.336175
vn -0.376522 0.131951 -0.916963
v 2.19281 0.345021 0.333268
vn 0.762653 0.571575 0.302759
v 2.19281 0.345021 0.333268
vn -0.762653 -0.571575 -0.302759
v 2.19281 -0.341231 0.334448
vn 0.775164 -0.0889688 0.625464
v 2.18218 0.341231 0.336175
vn 0.375578 0.1305 0.917557
v 2.18218 -0.341231 0.336175
vn 0.376135 -0.131167 0.917234
v 2.18218 -0.341231 0.336175
vn -0.376135 0.131167 -0.917234
v 2.18218 0.341231 0.336175
vn -0.375578 -0.1305 -0.917557
v 2.19281 -0.341231 0.334448
vn -0.775164 0.0889688 -0.625464
v 2.19281 0.341231 0.334448
vn 0.779085 0.0897898 0.620456
v 2.19281 0.341231 0.334448
vn -0.779085 -0.0897898 -0.620456
v 2.19281 0.345021 0.333268
vn 0.762646 0.571587 0.302753
v 2.18218 0.348809 0.332088
vn 0.3503 0.929841 0.112628
v 2.18218 0.347793 0.334132
vn 0.359273 0.824691 0.436815
v 2.18218 0.347793 0.334132
vn -0.359273 -0.824691 -0.436815
v 2.18218 0.348809 0.332088
vn -0.3503 -0.929841 -0.112628
v 2.19281 0.345021 0.333268
vn -0.762646 -0.571587 -0.302753
v 2.18218 0.348809 0.332088
vn 0.349117 0.930359 0.112027
v 2.16764 0.349981 0.12401
vn 0.0823738 0.989483 -0.118904
v 2.16764 0.349981 0.332088
vn 0.082294 0.989454 0.119197
v 2.16764 0.349981 0.332088
vn -0.082294 -0.989454 -0.119197
v 2.16764 0.349981 0.12401
vn -0.0823738 -0.989483 0.118904
v 2.18218 0.348809 0.332088
vn -0.349117 -0.930359 -0.112027
v 2.16764 0.349981 0.12401
vn 0.0820207 0.989379 -0.120007
v 1.78979 0.348809 0.12165
vn -0.0842944 0.880618 -0.466269
v 1.78979 0.349981 0.12401
vn -0.0820827 0.9894 -0.119791
v 1.78979 0.349981 0.12401
vn 0.0820827 -0.9894 0.119791
v 1.78979 0.348809 0.12165
vn 0.0842944 -0.880618 0.466269
v 2.16764 0.349981 0.12401
vn -0.0820207 -0.989379 0.120007
v 1.78979 0.348809 0.12165
vn -0.0844403 0.88051 -0.466445
v 1.77527 0.345021 0.12047
vn -0.372885 0.494204 -0.785314
v 1.77527 0.347793 0.121966
vn -0.359264 0.824685 -0.436835
v 1.77527 0.347793 0.121966
vn 0.359264 -0.824685 0.436835
v 1.77527 0.345021 0.12047
vn 0.372885 -0.494204 0.785314
v 1.78979 0.348809 0.12165
vn 0.0844403 -0.88051 0.466445
v 1.77527 0.347793 0.121966
vn -0.359272 0.824681 -0.436835
v 1.76462 0.343418 0.121966
vn -0.776142 0.335848 -0.533675
v 1.76462 0.345021 0.122831
vn -0.762653 0.571575 -0.302759
v 1.76462 0.345021 0.122831
vn 0.762653 -0.571575 0.302759
v 1.76462 0.343418 0.121966
vn 0.776142 -0.335848 0.533675
v 1.77527 0.347793 0.121966
vn 0.359272 -0.824681 0.436835
v 1.76074 0.341231 0.12401
vn -0.960746 0.202471 -0.189664
v 1.76462 -0.341231 0.12165
vn -0.778916 -0.0892655 -0.620743
v 1.76074 -0.341231 0.12401
vn -0.960936 -0.202904 -0.188236
v 1.76074 -0.341231 0.12401
vn 0.960936 0.202904 0.188236
v 1.76462 -0.341231 0.12165
vn 0.778916 0.0892655 0.620743
v 1.76074 0.341231 0.12401
vn 0.960746 -0.202471 0.189664
v 1.76462 0.343418 0.121966
vn -0.776156 0.335836 -0.533662
v 1.76462 0.341231 0.12165
vn -0.779091 0.0897882 -0.620447
v 1.76074 0.341231 0.12401
vn -0.961119 0.203474 -0.186679
v 1.76074 0.341231 0.12401
vn 0.961119 -0.203474 0.186679
v 1.76462 0.341231 0.12165
vn 0.779091 -0.0897882 0.620447
v 1.76462 0.343418 0.121966
vn 0.776156 -0.335836 0.533662
v 1.76074 -0.341231 0.332088
vn -0.961119 -0.203474 0.186679
v 1.76462 -0.343418 0.334132
vn -0.776156 -0.335836 0.533662
v 1.76462 -0.341231 0.334448
vn -0.779091 -0.0897882 0.620447
v 1.76462 -0.341231 0.334448
vn 0.779091 0.0897882 -0.620447
v 1.76462 -0.343418 0.334132
vn 0.776156 0.335836 -0.533662
v 1.76074 -0.341231 0.332088
vn 0.961119 0.203474 -0.186679
v 1.76462 -0.345606 0.12401
vn -0.753137 -0.653059 -0.0793687
v 1.76074 -0.341231 0.332088
vn -0.961025 -0.204376 0.186175
v 1.76074 -0.341231 0.12401
vn -0.961074 -0.203952 -0.18639
v 1.76074 -0.341231 0.12401
vn 0.961074 0.203952 0.18639
v 1.76074 -0.341231 0.332088
vn 0.961025 0.204376 -0.186175
v 1.76462 -0.345606 0.12401
vn 0.753137 0.653059 0.0793687
v 1.76462 -0.343418 0.334132
vn -0.77615 -0.335836 0.533671
v 1.76462 -0.343418 0.334132
vn 0.77615 0.335836 -0.533671
v 1.77527 -0.345021 0.335628
vn -0.372885 -0.494204 0.785314
v 1.78979 -0.348809 0.334448
vn -0.0844403 -0.88051 0.466445
v 1.78979 -0.345606 0.336175
vn -0.0881214 -0.530562 0.843053
v 1.78979 -0.345606 0.336175
vn 0.0881214 0.530562 -0.843053
v 1.78979 -0.348809 0.334448
vn 0.0844403 0.88051 -0.466445
v 1.77527 -0.345021 0.335628
vn 0.372885 0.494204 -0.785314
v 1.78979 -0.348809 0.334448
vn -0.0842814 -0.880054 0.467334
v 2.16764 -0.345606 0.336175
vn 0.0879331 -0.530599 0.843049
v 1.78979 -0.345606 0.336175
vn -0.0880202 -0.530592 0.843045
v 1.78979 -0.345606 0.336175
vn 0.0880202 0.530592 -0.843045
v 2.16764 -0.345606 0.336175
vn -0.0879331 0.530599 -0.843049
v 1.78979 -0.348809 0.334448
vn 0.0842814 0.880054 -0.467334
v 2.16764 -0.348809 0.334448
vn 0.0844403 -0.88051 0.466445
v 2.18218 -0.345021 0.335628
vn 0.372885 -0.494204 0.785314
v 2.16764 -0.345606 0.336175
vn 0.0881214 -0.530562 0.843053
v 2.16764 -0.345606 0.336175
vn -0.0881214 0.530562 -0.843053
v 2.18218 -0.345021 0.335628
vn -0.372885 0.494204 -0.785314
v 2.16764 -0.348809 0.334448
vn -0.0844403 0.88051 -0.466445
v 2.19281 -0.343418 0.334132
vn 0.77614 -0.335834 0.533688
v 2.18218 -0.341231 0.336175
vn 0.37653 -0.131949 0.91696
v 2.18218 -0.345021 0.335628
vn 0.372904 -0.494189 0.785315
v 2.18218 -0.345021 0.335628
vn -0.372904 0.494189 -0.785315
v 2.18218 -0.341231 0.336175
vn -0.37653 0.131949 -0.91696
v 2.19281 -0.343418 0.334132
vn -0.77614 0.335834 -0.533688
v 2.19281 0.345021 0.333268
vn 0.762658 0.571572 0.302752
v 2.19281 0.343418 0.334132
vn 0.776157 0.335838 0.533661
v 2.19672 0.341231 0.332088
vn 0.961119 0.203475 0.186677
v 2.19672 0.341231 0.332088
vn -0.961119 -0.203475 -0.186677
v 2.19281 0.343418 0.334132
vn -0.776157 -0.335838 -0.533661
v 2.19281 0.345021 0.333268
vn -0.762658 -0.571572 -0.302752
v 2.19281 0.341231 0.334448
vn 0.777049 0.0893417 0.623067
v 2.19281 0.341231 0.334448
vn -0.777049 -0.0893417 -0.623067
v 2.19281 -0.341231 0.334448
vn 0.779085 -0.0897898 0.620456
v 2.19281 -0.341231 0.334448
vn -0.779085 0.0897898 -0.620456
v 2.19281 0.343418 0.334132
vn 0.776156 0.335836 0.533662
v 2.19281 0.341231 0.334448
vn 0.779091 0.0897882 0.620447
v 2.19672 0.341231 0.332088
vn 0.961119 0.203474 0.186679
v 2.19672 0.341231 0.332088
vn -0.961119 -0.203474 -0.186679
v 2.19281 0.341231 0.334448
vn -0.779091 -0.0897882 -0.620447
v 2.19281 0.343418 0.334132
vn -0.776156 -0.335836 -0.533662
v 2.19281 0.345606 0.332088
vn 0.752774 0.65345 0.0795959
v 2.19281 0.345606 0.332088
vn -0.752774 -0.65345 -0.0795959
v 2.18218 0.348809 0.12401
vn 0.349669 0.930119 -0.112295
v 2.18218 0.348809 0.12401
vn -0.349669 -0.930119 0.112295
v 2.16764 0.348809 0.12165
vn 0.0843605 0.88058 -0.466328
v 2.16764 0.348809 0.12165
vn -0.0843605 -0.88058 0.466328
v 1.78979 0.345606 0.119922
vn -0.0881214 0.530562 -0.843053
v 1.78979 0.345606 0.119922
vn 0.0881214 -0.530562 0.843053
v 1.77527 0.345021 0.12047
vn -0.372905 0.4942 -0.785308
v 1.77527 0.345021 0.12047
vn 0.372905 -0.4942 0.785308
v 1.76462 0.341231 0.12165
vn -0.779069 0.0894968 -0.620518
v 1.76462 0.341231 0.12165
vn 0.779069 -0.0894968 0.620518
v 1.76462 -0.341231 0.12165
vn -0.779091 -0.0897882 -0.620447
v 1.76462 -0.343418 0.121966
vn -0.776156 -0.335836 -0.533662
v 1.76074 -0.341231 0.12401
vn -0.961119 -0.203474 -0.186679
v 1.76074 -0.341231 0.12401
vn 0.961119 0.203474 0.186679
v 1.76462 -0.343418 0.121966
vn 0.776156 0.335836 0.533662
v 1.76462 -0.341231 0.12165
vn 0.779091 0.0897882 0.620447
v 1.76462 0.343418 0.121966
vn -0.77614 0.335834 -0.533687
v 1.77527 0.341231 0.119922
vn -0.376529 0.131949 -0.91696
v 1.76462 0.341231 0.12165
vn -0.779085 0.0897898 -0.620456
v 1.76462 0.341231 0.12165
vn 0.779085 -0.0897898 0.620456
v 1.77527 0.341231 0.119922
vn 0.376529 -0.131949 0.91696
v 1.76462 0.343418 0.121966
vn 0.77614 -0.335834 0.533687
v 1.76074 -0.341231 0.332088
vn -0.961119 -0.203475 0.186677
v 1.76462 -0.345021 0.333268
vn -0.762658 -0.571572 0.302752
v 1.76462 -0.343418 0.334132
vn -0.776157 -0.335838 0.533661
v 1.76462 -0.343418 0.334132
vn 0.776157 0.335838 -0.533661
v 1.76462 -0.345021 0.333268
vn 0.762658 0.571572 -0.302752
v 1.76074 -0.341231 0.332088
vn 0.961119 0.203475 -0.186677
v 1.76462 -0.345606 0.332088
vn -0.753003 -0.653201 0.079466
v 1.76462 -0.345606 0.332088
vn 0.753003 0.653201 -0.079466
v 1.76074 -0.341231 0.12401
vn -0.961119 -0.203476 -0.186674
v 1.76462 -0.345021 0.122831
vn -0.762657 -0.571574 -0.302749
v 1.76462 -0.345606 0.12401
vn -0.752779 -0.653444 -0.0795931
v 1.76462 -0.345606 0.12401
vn 0.752779 0.653444 0.0795931
v 1.76462 -0.345021 0.122831
vn 0.762657 0.571574 0.302749
v 1.76074 -0.341231 0.12401
vn 0.961119 0.203476 0.186674
v 1.76462 -0.345021 0.333268
vn -0.762645 -0.571577 0.302774
v 1.77527 -0.345021 0.335628
vn -0.372904 -0.4942 0.785309
v 1.76462 -0.343418 0.334132
vn -0.776151 -0.335842 0.533666
v 1.76462 -0.343418 0.334132
vn 0.776151 0.335842 -0.533666
v 1.77527 -0.345021 0.335628
vn 0.372904 0.4942 -0.785309
v 1.76462 -0.345021 0.333268
vn 0.762645 0.571577 -0.302774
v 1.77527 -0.347793 0.334132
vn -0.359264 -0.824685 0.436835
v 1.77527 -0.347793 0.334132
vn 0.359264 0.824685 -0.436835
v 2.16764 -0.348809 0.334448
vn 0.084354 -0.880279 0.466897
v 2.16764 -0.348809 0.334448
vn -0.084354 0.880279 -0.466897
v 2.18218 -0.347793 0.334132
vn 0.359264 -0.824685 0.436835
v 2.18218 -0.347793 0.334132
vn -0.359264 0.824685 -0.436835
v 2.18218 -0.347793 0.334132
vn 0.359272 -0.824681 0.436835
v 2.19281 -0.343418 0.334132
vn 0.776141 -0.335848 0.533677
v 2.18218 -0.345021 0.335628
vn 0.372905 -0.4942 0.785308
v 2.18218 -0.345021 0.335628
vn -0.372905 0.4942 -0.785308
v 2.19281 -0.343418 0.334132
vn -0.776141 0.335848 -0.533677
v 2.18218 -0.347793 0.334132
vn -0.359272 0.824681 -0.436835
v 2.19281 0.345606 0.332088
vn 0.752779 0.653444 0.0795931
v 2.19281 0.345021 0.333268
vn 0.762657 0.571574 0.302749
v 2.19672 0.341231 0.332088
vn 0.961119 0.203476 0.186674
v 2.19672 0.341231 0.332088
vn -0.961119 -0.203476 -0.186674
v 2.19281 0.345021 0.333268
vn -0.762657 -0.571574 -0.302749
v 2.19281 0.345606 0.332088
vn -0.752779 -0.653444 -0.0795931
v 2.19281 -0.341231 0.334448
vn 0.778903 -0.0892638 0.62076
v 2.19672 0.341231 0.332088
vn 0.960741 0.20247 0.189692
v 2.19281 0.341231 0.334448
vn 0.779061 0.0894959 0.620527
v 2.19281 0.341231 0.334448
vn -0.779061 -0.0894959 -0.620527
v 2.19672 0.341231 0.332088
vn -0.960741 -0.20247 -0.189692
v 2.19281 -0.341231 0.334448
vn -0.778903 0.0892638 -0.62076
v 2.19281 -0.341231 0.334448
vn 0.779091 -0.0897882 0.620447
v 2.19281 -0.343418 0.334132
vn 0.776156 -0.335836 0.533662
v 2.19672 -0.341231 0.332088
vn 0.961119 -0.203474 0.186679
v 2.19672 -0.341231 0.332088
vn -0.961119 0.203474 -0.186679
v 2.19281 -0.343418 0.334132
vn -0.776156 0.335836 -0.533662
v 2.19281 -0.341231 0.334448
vn -0.779091 0.0897882 -0.620447
v 2.19281 0.345606 0.332088
vn 0.751612 0.654824 0.0792779
v 2.18218 0.348809 0.12401
vn 0.350594 0.92979 -0.112133
v 2.18218 0.348809 0.332088
vn 0.350504 0.929798 0.112352
v 2.18218 0.348809 0.332088
vn -0.350504 -0.929798 -0.112352
v 2.18218 0.348809 0.12401
vn -0.350594 -0.92979 0.112133
v 2.19281 0.345606 0.332088
vn -0.751612 -0.654824 -0.0792779
v 2.18218 0.347793 0.121966
vn 0.359257 0.824698 -0.436814
v 2.16764 0.349981 0.12401
vn 0.0821591 0.989421 -0.119567
v 2.18218 0.348809 0.12401
vn 0.350291 0.929845 -0.112628
v 2.18218 0.348809 0.12401
vn -0.350291 -0.929845 0.112628
v 2.16764 0.349981 0.12401
vn -0.0821591 -0.989421 0.119567
v 2.18218 0.347793 0.121966
vn -0.359257 -0.824698 0.436814
v 2.16764 0.348809 0.12165
vn 0.0844402 0.88053 -0.466408
v 2.16764 0.348809 0.12165
vn -0.0844402 -0.88053 0.466408
v 2.16764 0.348809 0.12165
vn 0.0842814 0.880054 -0.467334
v 1.78979 0.345606 0.119922
vn -0.0879331 0.5306 -0.843049
v 1.78979 0.348809 0.12165
vn -0.084354 0.880279 -0.466897
v 1.78979 0.348809 0.12165
vn 0.084354 -0.880279 0.466897
v 1.78979 0.345606 0.119922
vn 0.0879331 -0.5306 0.843049
v 2.16764 0.348809 0.12165
vn -0.0842814 -0.880054 0.467334
v 1.78979 0.341231 0.11929
vn -0.089232 0.141535 -0.985903
v 1.77527 0.345021 0.12047
vn -0.372883 0.494175 -0.785333
v 1.78979 0.345606 0.119922
vn -0.0881212 0.530544 -0.843064
v 1.78979 0.345606 0.119922
vn 0.0881212 -0.530544 0.843064
v 1.77527 0.345021 0.12047
vn 0.372883 -0.494175 0.785333
v 1.78979 0.341231 0.11929
vn 0.089232 -0.141535 0.985903
v 1.77527 0.345021 0.12047
vn -0.372904 0.494189 -0.785315
v 1.77527 0.345021 0.12047
vn 0.372904 -0.494189 0.785315
v 1.77527 0.341231 0.119922
vn -0.375574 0.130498 -0.917559
v 1.76462 -0.341231 0.12165
vn -0.775158 -0.088968 -0.625471
v 1.76462 0.341231 0.12165
vn -0.777046 0.0893413 -0.623071
v 1.76462 0.341231 0.12165
vn 0.777046 -0.0893413 0.623071
v 1.76462 -0.341231 0.12165
vn 0.775158 0.088968 0.625471
v 1.77527 0.341231 0.119922
vn 0.375574 -0.130498 0.917559
v 1.77527 -0.341231 0.119922
vn -0.376529 -0.131949 -0.91696
v 1.76462 -0.343418 0.121966
vn -0.77614 -0.335834 -0.533687
v 1.76462 -0.341231 0.12165
vn -0.779085 -0.0897898 -0.620456
v 1.76462 -0.341231 0.12165
vn 0.779085 0.0897898 0.620456
v 1.76462 -0.343418 0.121966
vn 0.77614 0.335834 0.533687
v 1.77527 -0.341231 0.119922
vn 0.376529 0.131949 0.91696
v 1.76074 -0.341231 0.12401
vn -0.961119 -0.203475 -0.186677
v 1.76462 -0.343418 0.121966
vn -0.776157 -0.335838 -0.533661
v 1.76462 -0.345021 0.122831
vn -0.762658 -0.571572 -0.302752
v 1.76462 -0.345021 0.122831
vn 0.762658 0.571572 0.302752
v 1.76462 -0.343418 0.121966
vn 0.776157 0.335838 0.533661
v 1.76074 -0.341231 0.12401
vn 0.961119 0.203475 0.186677
v 1.76074 -0.341231 0.332088
vn -0.961119 -0.203476 0.186674
v 1.76462 -0.345606 0.332088
vn -0.752779 -0.653444 0.0795931
v 1.76462 -0.345021 0.333268
vn -0.762657 -0.571574 0.302749
v 1.76462 -0.345021 0.333268
vn 0.762657 0.571574 -0.302749
v 1.76462 -0.345606 0.332088
vn 0.752779 0.653444 -0.0795931
v 1.76074 -0.341231 0.332088
vn 0.961119 0.203476 -0.186674
v 1.76462 -0.345606 0.12401
vn -0.75161 -0.654826 -0.0792776
v 1.77527 -0.348809 0.332088
vn -0.350592 -0.929791 0.112133
v 1.76462 -0.345606 0.332088
vn -0.752162 -0.654175 0.0794174
v 1.76462 -0.345606 0.332088
vn 0.752162 0.654175 -0.0794174
v 1.77527 -0.348809 0.332088
vn 0.350592 0.929791 -0.112133
v 1.76462 -0.345606 0.12401
vn 0.75161 0.654826 0.0792776
v 1.76462 -0.345021 0.122831
vn -0.762647 -0.571586 -0.302753
v 1.77527 -0.348809 0.12401
vn -0.3503 -0.929841 -0.112627
v 1.76462 -0.345606 0.12401
vn -0.752774 -0.65345 -0.0795959
v 1.76462 -0.345606 0.12401
vn 0.752774 0.65345 0.0795959
v 1.77527 -0.348809 0.12401
vn 0.3503 0.929841 0.112627
v 1.76462 -0.345021 0.122831
vn 0.762647 0.571586 0.302753
v 1.77527 -0.347793 0.334132
vn -0.359273 -0.824684 0.436829
v 1.77527 -0.347793 0.334132
vn 0.359273 0.824684 -0.436829
v 1.77527 -0.348809 0.332088
vn -0.350285 -0.929846 0.112636
v 1.78979 -0.348809 0.334448
vn -0.0844408 -0.880531 0.466406
v 1.77527 -0.347793 0.334132
vn -0.359265 -0.824695 0.436815
v 1.77527 -0.347793 0.334132
vn 0.359265 0.824695 -0.436815
v 1.78979 -0.348809 0.334448
vn 0.0844408 0.880531 -0.466406
v 1.77527 -0.348809 0.332088
vn 0.350285 0.929846 -0.112636
v 1.78979 -0.349981 0.332088
vn -0.0820206 -0.989379 0.120007
v 2.16764 -0.348809 0.334448
vn 0.0842944 -0.880618 0.466269
v 1.78979 -0.348809 0.334448
vn -0.0843605 -0.88058 0.466328
v 1.78979 -0.348809 0.334448
vn 0.0843605 0.88058 -0.466328
v 2.16764 -0.348809 0.334448
vn -0.0842944 0.880618 -0.466269
v 1.78979 -0.349981 0.332088
vn 0.0820206 0.989379 -0.120007
v 2.16764 -0.349981 0.332088
vn 0.0821591 -0.989421 0.119567
v 2.18218 -0.347793 0.334132
vn 0.359257 -0.824698 0.436814
v 2.16764 -0.348809 0.334448
vn 0.0844402 -0.88053 0.466408
v 2.16764 -0.348809 0.334448
vn -0.0844402 0.88053 -0.466408
v 2.18218 -0.347793 0.334132
vn -0.359257 0.824698 -0.436814
v 2.16764 -0.349981 0.332088
vn -0.0821591 0.989421 -0.119567
v 2.19281 -0.345021 0.333268
vn 0.762653 -0.571575 0.302759
v 2.19281 -0.345021 0.333268
vn -0.762653 0.571575 -0.302759
v 2.19672 0.341231 0.332088
vn 0.961023 0.204386 0.186175
v 2.19281 0.345606 0.12401
vn 0.753132 0.653064 -0.0793682
v 2.19281 0.345606 0.332088
vn 0.753001 0.653203 0.0794657
v 2.19281 0.345606 0.332088
vn -0.753001 -0.653203 -0.0794657
v 2.19281 0.345606 0.12401
vn -0.753132 -0.653064 0.0793682
v 2.19672 0.341231 0.332088
vn -0.961023 -0.204386 -0.186175
v 2.19672 -0.341231 0.332088
vn 0.960933 -0.202904 0.188251
v 2.19672 -0.341231 0.332088
vn -0.960933 0.202904 -0.188251
v 2.19672 -0.341231 0.332088
vn 0.961119 -0.203475 0.186677
v 2.19281 -0.343418 0.334132
vn 0.776157 -0.335838 0.533661
v 2.19281 -0.345021 0.333268
vn 0.762658 -0.571572 0.302752
v 2.19281 -0.345021 0.333268
vn -0.762658 0.571572 -0.302752
v 2.19281 -0.343418 0.334132
vn -0.776157 0.335838 -0.533661
v 2.19672 -0.341231 0.332088
vn -0.961119 0.203475 -0.186677
v 2.19281 0.345606 0.12401
vn 0.752164 0.654173 -0.0794175
v 2.19281 0.345606 0.12401
vn -0.752164 -0.654173 0.0794175
v 2.18218 0.348809 0.12401
vn 0.3503 0.929841 -0.112628
v 2.19281 0.345021 0.122831
vn 0.762646 0.571587 -0.302753
v 2.18218 0.347793 0.121966
vn 0.359273 0.824691 -0.436815
v 2.18218 0.347793 0.121966
vn -0.359273 -0.824691 0.436815
v 2.19281 0.345021 0.122831
vn -0.762646 -0.571587 0.302753
v 2.18218 0.348809 0.12401
vn -0.3503 -0.929841 0.112628
v 2.18218 0.345021 0.12047
vn 0.372885 0.494204 -0.785314
v 2.16764 0.348809 0.12165
vn 0.0844403 0.88051 -0.466445
v 2.18218 0.347793 0.121966
vn 0.359264 0.824685 -0.436835
v 2.18218 0.347793 0.121966
vn -0.359264 -0.824685 0.436835
v 2.16764 0.348809 0.12165
vn -0.0844403 -0.88051 0.466445
v 2.18218 0.345021 0.12047
vn -0.372885 -0.494204 0.785314
v 2.16764 0.345606 0.119922
vn 0.0880202 0.530592 -0.843045
v 2.16764 0.345606 0.119922
vn -0.0880202 -0.530592 0.843045
v 1.77527 0.341231 0.119922
vn -0.376522 0.131951 -0.916963
v 1.77527 0.341231 0.119922
vn 0.376522 -0.131951 0.916963
v 2.16764 0.345606 0.119922
vn 0.0879191 0.529773 -0.84357
v 1.78979 0.341231 0.11929
vn -0.0890122 0.14161 -0.985913
v 1.78979 0.345606 0.119922
vn -0.0880132 0.530145 -0.843327
v 1.78979 0.345606 0.119922
vn 0.0880132 -0.530145 0.843327
v 1.78979 0.341231 0.11929
vn 0.0890122 -0.14161 0.985913
v 2.16764 0.345606 0.119922
vn -0.0879191 -0.529773 0.84357
v 1.77527 -0.341231 0.119922
vn -0.376133 -0.131166 -0.917234
v 1.77527 -0.341231 0.119922
vn 0.376133 0.131166 0.917234
v 1.77527 -0.345021 0.12047
vn -0.372904 -0.494189 -0.785315
v 1.77527 -0.345021 0.12047
vn 0.372904 0.494189 0.785315
v 1.76462 -0.343418 0.121966
vn -0.776142 -0.335848 -0.533675
v 1.77527 -0.347793 0.121966
vn -0.359272 -0.824681 -0.436835
v 1.76462 -0.345021 0.122831
vn -0.762653 -0.571575 -0.302759
v 1.76462 -0.345021 0.122831
vn 0.762653 0.571575 0.302759
v 1.77527 -0.347793 0.121966
vn 0.359272 0.824681 0.436835
v 1.76462 -0.343418 0.121966
vn 0.776142 0.335848 0.533675
v 1.76462 -0.345606 0.332088
vn -0.752768 -0.653456 0.079602
v 1.77527 -0.347793 0.334132
vn -0.359273 -0.824691 0.436815
v 1.76462 -0.345021 0.333268
vn -0.762653 -0.571579 0.302751
v 1.76462 -0.345021 0.333268
vn 0.762653 0.571579 -0.302751
v 1.77527 -0.347793 0.334132
vn 0.359273 0.824691 -0.436815
v 1.76462 -0.345606 0.332088
vn 0.752768 0.653456 -0.079602
v 1.77527 -0.348809 0.12401
vn -0.350503 -0.929798 -0.112352
v 1.77527 -0.348809 0.12401
vn 0.350503 0.929798 0.112352
v 1.77527 -0.348809 0.332088
vn -0.350299 -0.929842 0.112625
v 1.77527 -0.348809 0.332088
vn 0.350299 0.929842 -0.112625
v 1.77527 -0.347793 0.121966
vn -0.359273 -0.824691 -0.436815
v 1.77527 -0.347793 0.121966
vn 0.359273 0.824691 0.436815
v 1.78979 -0.349981 0.332088
vn -0.0821584 -0.989422 0.119559
v 1.78979 -0.349981 0.332088
vn 0.0821584 0.989422 -0.119559
v 2.16764 -0.349981 0.332088
vn 0.0820827 -0.9894 0.119791
v 2.16764 -0.349981 0.332088
vn -0.0820827 0.9894 -0.119791
v 2.18218 -0.348809 0.332088
vn 0.350291 -0.929845 0.112628
v 2.18218 -0.348809 0.332088
vn -0.350291 0.929845 -0.112628
v 2.18218 -0.348809 0.332088
vn 0.3503 -0.929841 0.112628
v 2.19281 -0.345021 0.333268
vn 0.762646 -0.571587 0.302753
v 2.18218 -0.347793 0.334132
vn 0.359273 -0.824691 0.436815
v 2.18218 -0.347793 0.334132
vn -0.359273 0.824691 -0.436815
v 2.19281 -0.345021 0.333268
vn -0.762646 0.571587 -0.302753
v 2.18218 -0.348809 0.332088
vn -0.3503 0.929841 -0.112628
v 2.19672 0.341231 0.12401
vn 0.961072 0.203958 -0.186389
v 2.19672 0.341231 0.12401
vn -0.961072 -0.203958 0.186389
v 2.19672 -0.341231 0.332088
vn 0.98016 -0.146055 0.133996
v 2.19672 0.341231 0.12401
vn 0.98016 0.146055 -0.133996
v 2.19672 0.341231 0.332088
vn 0.974183 0.166355 0.15262
v 2.19672 0.341231 0.332088
vn -0.974183 -0.166355 -0.15262
v 2.19672 0.341231 0.12401
vn -0.98016 -0.146055 0.133996
v 2.19672 -0.341231 0.332088
vn -0.98016 0.146055 -0.133996
v 2.19672 -0.341231 0.332088
vn 0.961119 -0.203476 0.186674
v 2.19281 -0.345021 0.333268
vn 0.762657 -0.571574 0.302749
v 2.19281 -0.345606 0.332088
vn 0.752779 -0.653444 0.0795931
v 2.19281 -0.345606 0.332088
vn -0.752779 0.653444 -0.0795931
v 2.19281 -0.345021 0.333268
vn -0.762657 0.571574 -0.302749
v 2.19672 -0.341231 0.332088
vn -0.961119 0.203476 -0.186674
v 2.19281 0.345606 0.12401
vn 0.752774 0.65345 -0.0795959
v 2.19281 0.345606 0.12401
vn -0.752774 -0.65345 0.0795959
v 2.19281 0.343418 0.121966
vn 0.776142 0.335848 -0.533675
v 2.18218 0.347793 0.121966
vn 0.359272 0.824681 -0.436835
v 2.19281 0.345021 0.122831
vn 0.762653 0.571575 -0.302759
v 2.19281 0.345021 0.122831
vn -0.762653 -0.571575 0.302759
v 2.18218 0.347793 0.121966
vn -0.359272 -0.824681 0.436835
v 2.19281 0.343418 0.121966
vn -0.776142 -0.335848 0.533675
v 2.16764 0.345606 0.119922
vn 0.0881214 0.530562 -0.843053
v 2.16764 0.345606 0.119922
vn -0.0881214 -0.530562 0.843053
v 2.18218 0.345021 0.12047
vn 0.372905 0.4942 -0.785308
v 2.18218 0.345021 0.12047
vn -0.372905 -0.4942 0.785308
v 1.78979 0.341231 0.11929
vn -0.0891051 0.139493 -0.986206
v 1.77527 -0.341231 0.119922
vn -0.372512 -0.130132 -0.918858
v 1.77527 0.341231 0.119922
vn -0.374423 0.130974 -0.917962
v 1.77527 0.341231 0.119922
vn 0.374423 -0.130974 0.917962
v 1.77527 -0.341231 0.119922
vn 0.372512 0.130132 0.918858
v 1.78979 0.341231 0.11929
vn 0.0891051 -0.139493 0.986206
v 2.16764 0.341231 0.11929
vn 0.0891153 0.141579 -0.985908
v 2.16764 0.341231 0.11929
vn -0.0891153 -0.141579 0.985908
v 1.78979 -0.341231 0.11929
vn -0.089232 -0.141534 -0.985904
v 1.77527 -0.345021 0.12047
vn -0.372883 -0.494175 -0.785333
v 1.77527 -0.341231 0.119922
vn -0.376522 -0.131951 -0.916963
v 1.77527 -0.341231 0.119922
vn 0.376522 0.131951 0.916963
v 1.77527 -0.345021 0.12047
vn 0.372883 0.494175 0.785333
v 1.78979 -0.341231 0.11929
vn 0.089232 0.141534 0.985904
v 1.77527 -0.345021 0.12047
vn -0.372905 -0.4942 -0.785308
v 1.77527 -0.345021 0.12047
vn 0.372905 0.4942 0.785308
v 1.77527 -0.348809 0.12401
vn -0.349118 -0.930358 -0.112027
v 1.78979 -0.349981 0.332088
vn -0.0823742 -0.989483 0.118905
v 1.77527 -0.348809 0.332088
vn -0.34967 -0.930119 0.112295
v 1.77527 -0.348809 0.332088
vn 0.34967 0.930119 -0.112295
v 1.78979 -0.349981 0.332088
vn 0.0823742 0.989483 -0.118905
v 1.77527 -0.348809 0.12401
vn 0.349118 0.930358 0.112027
v 1.77527 -0.347793 0.121966
vn -0.359257 -0.824698 -0.436814
v 1.78979 -0.349981 0.12401
vn -0.0821591 -0.989421 -0.119567
v 1.77527 -0.348809 0.12401
vn -0.350291 -0.929845 -0.112628
v 1.77527 -0.348809 0.12401
vn 0.350291 0.929845 0.112628
v 1.78979 -0.349981 0.12401
vn 0.0821591 0.989421 0.119567
v 1.77527 -0.347793 0.121966
vn 0.359257 0.824698 0.436814
v 1.78979 -0.349981 0.12401
vn -0.0719779 -0.991892 -0.104738
v 2.16764 -0.349981 0.332088
vn 0.0719779 -0.991892 0.104738
v 1.78979 -0.349981 0.332088
vn -0.0762867 -0.990887 0.111008
v 1.78979 -0.349981 0.332088
vn 0.0762867 0.990887 -0.111008
v 2.16764 -0.349981 0.332088
vn -0.0719779 0.991892 -0.104738
v 1.78979 -0.349981 0.12401
vn 0.0719779 0.991892 0.104738
v 2.16764 -0.349981 0.12401
vn 0.0823738 -0.989483 -0.118904
v 2.18218 -0.348809 0.332088
vn 0.349117 -0.930359 0.112027
v 2.16764 -0.349981 0.332088
vn 0.082294 -0.989454 0.119197
v 2.16764 -0.349981 0.332088
vn -0.082294 0.989454 -0.119197
v 2.18218 -0.348809 0.332088
vn -0.349117 0.930359 -0.112027
v 2.16764 -0.349981 0.12401
vn -0.0823738 0.989483 0.118904
v 2.19281 -0.345606 0.332088
vn 0.752774 -0.65345 0.0795959
v 2.19281 -0.345606 0.332088
vn -0.752774 0.65345 -0.0795959
v 2.19281 0.345606 0.12401
vn 0.752779 0.653444 -0.0795931
v 2.19672 0.341231 0.12401
vn 0.961119 0.203476 -0.186674
v 2.19281 0.345021 0.122831
vn 0.762657 0.571574 -0.302749
v 2.19281 0.345021 0.122831
vn -0.762657 -0.571574 0.302749
v 2.19672 0.341231 0.12401
vn -0.961119 -0.203476 0.186674
v 2.19281 0.345606 0.12401
vn -0.752779 -0.653444 0.0795931
v 2.19672 -0.341231 0.12401
vn 0.974183 -0.166355 -0.15262
v 2.19672 -0.341231 0.12401
vn -0.974183 0.166355 0.15262
v 2.19281 -0.345606 0.332088
vn 0.753132 -0.653064 0.0793682
v 2.19672 -0.341231 0.12401
vn 0.961023 -0.204386 -0.186175
v 2.19672 -0.341231 0.332088
vn 0.961072 -0.203958 0.186389
v 2.19672 -0.341231 0.332088
vn -0.961072 0.203958 -0.186389
v 2.19672 -0.341231 0.12401
vn -0.961023 0.204386 0.186175
v 2.19281 -0.345606 0.332088
vn -0.753132 0.653064 -0.0793682
v 2.19281 0.345021 0.122831
vn 0.762658 0.571572 -0.302752
v 2.19672 0.341231 0.12401
vn 0.961119 0.203475 -0.186677
v 2.19281 0.343418 0.121966
vn 0.776157 0.335838 -0.533661
v 2.19281 0.343418 0.121966
vn -0.776157 -0.335838 0.533661
v 2.19672 0.341231 0.12401
vn -0.961119 -0.203475 0.186677
v 2.19281 0.345021 0.122831
vn -0.762658 -0.571572 0.302752
v 2.18218 0.345021 0.12047
vn 0.372883 0.494175 -0.785333
v 2.16764 0.341231 0.11929
vn 0.089232 0.141535 -0.985903
v 2.16764 0.345606 0.119922
vn 0.0881212 0.530544 -0.843064
v 2.16764 0.345606 0.119922
vn -0.0881212 -0.530544 0.843064
v 2.16764 0.341231 0.11929
vn -0.089232 -0.141535 0.985903
v 2.18218 0.345021 0.12047
vn -0.372883 -0.494175 0.785333
v 2.19281 0.343418 0.121966
vn 0.77614 0.335834 -0.533688
v 2.18218 0.341231 0.119922
vn 0.37653 0.131949 -0.91696
v 2.18218 0.345021 0.12047
vn 0.372904 0.494189 -0.785315
v 2.18218 0.345021 0.12047
vn -0.372904 -0.494189 0.785315
v 2.18218 0.341231 0.119922
vn -0.37653 -0.131949 0.91696
v 2.19281 0.343418 0.121966
vn -0.77614 -0.335834 0.533688
v 1.78979 -0.341231 0.11929
vn -0.0892121 -0.140439 -0.986062
v 1.78979 -0.341231 0.11929
vn 0.0892121 0.140439 0.986062
v 2.16764 0.341231 0.11929
vn 0.0643201 0.102018 -0.992701
v 1.78979 -0.341231 0.11929
vn -0.0643201 -0.102018 -0.992701
v 1.78979 0.341231 0.11929
vn -0.0740244 0.11741 -0.990321
v 1.78979 0.341231 0.11929
vn 0.0740244 -0.11741 0.990321
v 1.78979 -0.341231 0.11929
vn 0.0643201 0.102018 0.992701
v 2.16764 0.341231 0.11929
vn -0.0643201 -0.102018 0.992701
v 1.78979 -0.345606 0.119922
vn -0.0881212 -0.530544 -0.843064
v 1.78979 -0.345606 0.119922
vn 0.0881212 0.530544 0.843064
v 1.77527 -0.345021 0.12047
vn -0.372885 -0.494204 -0.785314
v 1.78979 -0.348809 0.12165
vn -0.0844403 -0.88051 -0.466445
v 1.77527 -0.347793 0.121966
vn -0.359264 -0.824685 -0.436835
v 1.77527 -0.347793 0.121966
vn 0.359264 0.824685 0.436835
v 1.78979 -0.348809 0.12165
vn 0.0844403 0.88051 0.466445
v 1.77527 -0.345021 0.12047
vn 0.372885 0.494204 0.785314
v 1.78979 -0.349981 0.12401
vn -0.0822942 -0.989454 -0.119197
v 1.78979 -0.349981 0.12401
vn 0.0822942 0.989454 0.119197
v 1.78979 -0.348809 0.12165
vn -0.0844402 -0.88053 -0.466408
v 1.78979 -0.348809 0.12165
vn 0.0844402 0.88053 0.466408
v 2.16764 -0.349981 0.12401
vn 0.0762867 -0.990887 -0.111008
v 2.16764 -0.349981 0.12401
vn -0.0762867 0.990887 0.111008
v 2.18218 -0.348809 0.12401
vn 0.349669 -0.930119 -0.112295
v 2.18218 -0.348809 0.12401
vn -0.349669 0.930119 0.112295
v 2.18218 -0.348809 0.12401
vn 0.350594 -0.92979 -0.112133
v 2.19281 -0.345606 0.332088
vn 0.751612 -0.654824 0.0792779
v 2.18218 -0.348809 0.332088
vn 0.350504 -0.929798 0.112352
v 2.18218 -0.348809 0.332088
vn -0.350504 0.929798 -0.112352
v 2.19281 -0.345606 0.332088
vn -0.751612 0.654824 -0.0792779
v 2.18218 -0.348809 0.12401
vn -0.350594 0.92979 0.112133
v 2.19672 -0.341231 0.12401
vn 0.960741 -0.20247 -0.189692
v 2.19281 0.341231 0.12165
vn 0.778902 0.0892639 -0.62076
v 2.19672 0.341231 0.12401
vn 0.960933 0.202904 -0.188251
v 2.19672 0.341231 0.12401
vn -0.960933 -0.202904 0.188251
v 2.19281 0.341231 0.12165
vn -0.778902 -0.0892639 0.62076
v 2.19672 -0.341231 0.12401
vn -0.960741 0.20247 0.189692
v 2.19281 -0.345606 0.12401
vn 0.753001 -0.653203 -0.0794657
v 2.19281 -0.345606 0.12401
vn -0.753001 0.653203 0.0794657
v 2.19281 0.343418 0.121966
vn 0.776156 0.335836 -0.533662
v 2.19672 0.341231 0.12401
vn 0.961119 0.203474 -0.186679
v 2.19281 0.341231 0.12165
vn 0.779091 0.0897882 -0.620447
v 2.19281 0.341231 0.12165
vn -0.779091 -0.0897882 0.620447
v 2.19672 0.341231 0.12401
vn -0.961119 -0.203474 0.186679
v 2.19281 0.343418 0.121966
vn -0.776156 -0.335836 0.533662
v 2.18218 0.341231 0.119922
vn 0.376522 0.131951 -0.916963
v 2.18218 0.341231 0.119922
vn -0.376522 -0.131951 0.916963
v 2.19281 0.341231 0.12165
vn 0.779085 0.0897898 -0.620456
v 2.19281 0.341231 0.12165
vn -0.779085 -0.0897898 0.620456
v 2.16764 -0.341231 0.11929
vn 0.0740244 -0.11741 -0.990321
v 2.16764 -0.341231 0.11929
vn -0.0740244 0.11741 0.990321
v 1.78979 -0.341231 0.11929
vn -0.0890122 -0.14161 -0.985913
v 2.16764 -0.345606 0.119922
vn 0.0879191 -0.529773 -0.84357
v 1.78979 -0.345606 0.119922
vn -0.0880132 -0.530145 -0.843327
v 1.78979 -0.345606 0.119922
vn 0.0880132 0.530145 0.843327
v 2.16764 -0.345606 0.119922
vn -0.0879191 0.529773 0.84357
v 1.78979 -0.341231 0.11929
vn 0.0890122 0.14161 0.985913
v 1.78979 -0.345606 0.119922
vn -0.0881214 -0.530562 -0.843053
v 1.78979 -0.345606 0.119922
vn 0.0881214 0.530562 0.843053
v 1.78979 -0.348809 0.12165
vn -0.0842944 -0.880618 -0.466269
v 2.16764 -0.349981 0.12401
vn 0.0820207 -0.989379 -0.120007
v 1.78979 -0.349981 0.12401
vn -0.0820827 -0.9894 -0.119791
v 1.78979 -0.349981 0.12401
vn 0.0820827 0.9894 0.119791
v 2.16764 -0.349981 0.12401
vn -0.0820207 0.989379 0.120007
v 1.78979 -0.348809 0.12165
vn 0.0842944 0.880618 0.466269
v 2.16764 -0.349981 0.12401
vn 0.0821591 -0.989421 -0.119567
v 2.18218 -0.347793 0.121966
vn 0.359257 -0.824698 -0.436814
v 2.18218 -0.348809 0.12401
vn 0.350291 -0.929845 -0.112628
v 2.18218 -0.348809 0.12401
vn -0.350291 0.929845 0.112628
v 2.18218 -0.347793 0.121966
vn -0.359257 0.824698 0.436814
v 2.16764 -0.349981 0.12401
vn -0.0821591 0.989421 0.119567
v 2.19281 -0.345606 0.12401
vn 0.752164 -0.654173 -0.0794175
v 2.19281 -0.345606 0.12401
vn -0.752164 0.654173 0.0794175
v 2.19281 -0.341231 0.12165
vn 0.779061 -0.0894959 -0.620527
v 2.19281 -0.341231 0.12165
vn -0.779061 0.0894959 0.620527
v 2.19672 -0.341231 0.12401
vn 0.961119 -0.203476 -0.186674
v 2.19281 -0.345606 0.12401
vn 0.752779 -0.653444 -0.0795931
v 2.19281 -0.345021 0.122831
vn 0.762657 -0.571574 -0.302749
v 2.19281 -0.345021 0.122831
vn -0.762657 0.571574 0.302749
v 2.19281 -0.345606 0.12401
vn -0.752779 0.653444 0.0795931
v 2.19672 -0.341231 0.12401
vn -0.961119 0.203476 0.186674
v 2.18218 0.341231 0.119922
vn 0.372507 0.130131 -0.91886
v 2.16764 -0.341231 0.11929
vn 0.089104 -0.139491 -0.986206
v 2.16764 0.341231 0.11929
vn 0.0892115 0.140438 -0.986062
v 2.16764 0.341231 0.11929
vn -0.0892115 -0.140438 0.986062
v 2.16764 -0.341231 0.11929
vn -0.089104 0.139491 0.986206
v 2.18218 0.341231 0.119922
vn -0.372507 -0.130131 0.91886
v 2.19281 0.341231 0.12165
vn 0.775165 0.0889688 -0.625463
v 2.18218 -0.341231 0.119922
vn 0.375579 -0.1305 -0.917557
v 2.18218 0.341231 0.119922
vn 0.376136 0.131167 -0.917233
v 2.18218 0.341231 0.119922
vn -0.376136 -0.131167 0.917233
v 2.18218 -0.341231 0.119922
vn -0.375579 0.1305 0.917557
v 2.19281 0.341231 0.12165
vn -0.775165 -0.0889688 0.625463
v 2.16764 -0.341231 0.11929
vn 0.0891153 -0.141579 -0.985908
v 2.16764 -0.341231 0.11929
vn -0.0891153 0.141579 0.985908
v 2.16764 -0.348809 0.12165
vn 0.0842814 -0.880054 -0.467334
v 1.78979 -0.345606 0.119922
vn -0.0879331 -0.5306 -0.843049
v 2.16764 -0.345606 0.119922
vn 0.0880202 -0.530592 -0.843045
v 2.16764 -0.345606 0.119922
vn -0.0880202 0.530592 0.843045
v 1.78979 -0.345606 0.119922
vn 0.0879331 0.5306 0.843049
v 2.16764 -0.348809 0.12165
vn -0.0842814 0.880054 0.467334
v 1.78979 -0.348809 0.12165
vn -0.084354 -0.880279 -0.466897
v 1.78979 -0.348809 0.12165
vn 0.084354 0.880279 0.466897
v 2.16764 -0.348809 0.12165
vn 0.0843605 -0.88058 -0.466328
v 2.16764 -0.348809 0.12165
vn -0.0843605 0.88058 0.466328
v 2.16764 -0.348809 0.12165
vn 0.0844402 -0.88053 -0.466408
v 2.16764 -0.348809 0.12165
vn -0.0844402 0.88053 0.466408
v 2.19281 -0.345021 0.122831
vn 0.762646 -0.571587 -0.302753
v 2.18218 -0.348809 0.12401
vn 0.3503 -0.929841 -0.112628
v 2.18218 -0.347793 0.121966
vn 0.359273 -0.824691 -0.436815
v 2.18218 -0.347793 0.121966
vn -0.359273 0.824691 0.436815
v 2.18218 -0.348809 0.12401
vn -0.3503 0.929841 0.112628
v 2.19281 -0.345021 0.122831
vn -0.762646 0.571587 0.302753
v 2.19281 -0.345606 0.12401
vn 0.752774 -0.65345 -0.0795959
v 2.19281 -0.345606 0.12401
vn -0.752774 0.65345 0.0795959
v 2.19672 -0.341231 0.12401
vn 0.961119 -0.203474 -0.186679
v 2.19281 -0.343418 0.121966
vn 0.776156 -0.335836 -0.533662
v 2.19281 -0.341231 0.12165
vn 0.779091 -0.0897882 -0.620447
v 2.19281 -0.341231 0.12165
vn -0.779091 0.0897882 0.620447
v 2.19281 -0.343418 0.121966
vn -0.776156 0.335836 0.533662
v 2.19672 -0.341231 0.12401
vn -0.961119 0.203474 0.186679
v 2.19281 -0.341231 0.12165
vn 0.77705 -0.0893417 -0.623067
v 2.19281 -0.341231 0.12165
vn -0.77705 0.0893417 0.623067
v 2.19672 -0.341231 0.12401
vn 0.961119 -0.203475 -0.186677
v 2.19281 -0.345021 0.122831
vn 0.762658 -0.571572 -0.302752
v 2.19281 -0.343418 0.121966
vn 0.776157 -0.335838 -0.533661
v 2.19281 -0.343418 0.121966
vn -0.776157 0.335838 0.533661
v 2.19281 -0.345021 0.122831
vn -0.762658 0.571572 0.302752
v 2.19672 -0.341231 0.12401
vn -0.961119 0.203475 0.186677
v 2.18218 -0.341231 0.119922
vn 0.374421 -0.130973 -0.917963
v 2.18218 -0.341231 0.119922
vn -0.374421 0.130973 0.917963
v 2.16764 -0.341231 0.11929
vn 0.089232 -0.141535 -0.985903
v 2.18218 -0.345021 0.12047
vn 0.372883 -0.494175 -0.785333
v 2.16764 -0.345606 0.119922
vn 0.0881212 -0.530544 -0.843064
v 2.16764 -0.345606 0.119922
vn -0.0881212 0.530544 0.843064
v 2.18218 -0.345021 0.12047
vn -0.372883 0.494175 0.785333
v 2.16764 -0.341231 0.11929
vn -0.089232 0.141535 0.985903
v 2.18218 -0.345021 0.12047
vn 0.372885 -0.494204 -0.785314
v 2.16764 -0.348809 0.12165
vn 0.0844403 -0.88051 -0.466445
v 2.16764 -0.345606 0.119922
vn 0.0881214 -0.530562 -0.843053
v 2.16764 -0.345606 0.119922
vn -0.0881214 0.530562 0.843053
v 2.16764 -0.348809 0.12165
vn -0.0844403 0.88051 0.466445
v 2.18218 -0.345021 0.12047
vn -0.372885 0.494204 0.785314
v 2.18218 -0.347793 0.121966
vn 0.359264 -0.824685 -0.436835
v 2.18218 -0.347793 0.121966
vn -0.359264 0.824685 0.436835
v 2.18218 -0.347793 0.121966
vn 0.359272 -0.824681 -0.436835
v 2.19281 -0.343418 0.121966
vn 0.776142 -0.335848 -0.533675
v 2.19281 -0.345021 0.122831
vn 0.762653 -0.571575 -0.302759
v 2.19281 -0.345021 0.122831
vn -0.762653 0.571575 0.302759
v 2.19281 -0.343418 0.121966
vn -0.776142 0.335848 0.533675
v 2.18218 -0.347793 0.121966
vn -0.359272 0.824681 0.436835
v 2.19281 -0.343418 0.121966
vn 0.77614 -0.335834 -0.533687
v 2.18218 -0.341231 0.119922
vn 0.376529 -0.131949 -0.91696
v 2.19281 -0.341231 0.12165
vn 0.779085 -0.0897898 -0.620456
v 2.19281 -0.341231 0.12165
vn -0.779085 0.0897898 0.620456
v 2.18218 -0.341231 0.119922
vn -0.376529 0.131949 0.91696
v 2.19281 -0.343418 0.121966
vn -0.77614 0.335834 0.533687
v 2.18218 -0.341231 0.119922
vn 0.376522 -0.131951 -0.916963
v 2.18218 -0.341231 0.119922
vn -0.376522 0.131951 0.916963
v 2.18218 -0.345021 0.12047
vn 0.372905 -0.4942 -0.785308
v 2.18218 -0.345021 0.12047
vn -0.372905 0.4942 0.785308
v 2.18218 -0.345021 0.12047
vn 0.372904 -0.494189 -0.785315
v 2.18218 -0.345021 0.12047
vn -0.372904 0.494189 0.785315
v 1.74912 0.34747 0.203351
vn 0.678857 0.476136 -0.558969
v 1.758 0.344961 0.203931
vn 0.960557 0.0883923 -0.263661
v 1.75048 0.344961 0.203082
vn 0.766221 0.122117 -0.630867
v 1.75562 0.34747 0.204087
vn 0.898278 0.363747 -0.246545
v 1.75048 0.344961 0.203082
vn -0.766221 -0.122117 0.630867
v 1.758 0.344961 0.203931
vn -0.960557 -0.0883923 0.263661
v 1.74912 0.34747 0.203351
vn -0.678857 -0.476136 0.558969
v 1.75562 0.34747 0.204087
vn -0.898278 -0.363747 0.246545
v 1.758 0.279688 0.203931
vn 0.960391 -0.0883581 -0.264277
v 1.75048 0.344961 0.203082
vn 0.765937 0.122046 -0.631225
v 1.758 0.344961 0.203931
vn 0.960472 0.0883716 -0.263976
v 1.758 0.344961 0.203931
vn -0.960472 -0.0883716 0.263976
v 1.75048 0.344961 0.203082
vn -0.765937 -0.122046 0.631225
v 1.758 0.279688 0.203931
vn -0.960391 0.0883581 0.264277
v 1.74027 0.344961 0.20277
vn 0.263647 0.15941 -0.951356
v 1.74912 0.34747 0.203351
vn 0.678852 0.476135 -0.558977
v 1.75048 0.344961 0.203082
vn 0.766217 0.122117 -0.630871
v 1.75048 0.344961 0.203082
vn -0.766217 -0.122117 0.630871
v 1.74912 0.34747 0.203351
vn -0.678852 -0.476135 0.558977
v 1.74027 0.344961 0.20277
vn -0.263647 -0.15941 0.951356
v 1.74912 0.34747 0.203351
vn 0.678859 0.476145 -0.558961
v 1.74912 0.349309 0.204511
vn 0.62605 0.760614 -0.171834
v 1.75562 0.34747 0.204087
vn 0.898277 0.363752 -0.246542
v 1.75562 0.34747 0.204087
vn -0.898277 -0.363752 0.246542
v 1.74912 0.349309 0.204511
vn -0.62605 -0.760614 0.171834
v 1.74912 0.34747 0.203351
vn -0.678859 -0.476145 0.558961
v 1.758 0.34747 0.205091
vn 0.942235 0.329673 -0.059231
v 1.758 0.344961 0.203931
vn 0.960561 0.0883923 -0.263644
v 1.75562 0.34747 0.204087
vn 0.89828 0.363748 -0.246537
v 1.75562 0.34747 0.204087
vn -0.89828 -0.363748 0.246537
v 1.758 0.344961 0.203931
vn -0.960561 -0.0883923 0.263644
v 1.758 0.34747 0.205091
vn -0.942235 -0.329673 0.059231
v 1.75048 0.279688 0.203082
vn 0.766075 -0.122078 -0.631051
v 1.75048 0.279688 0.203082
vn -0.766075 0.122078 0.631051
v 1.758 0.344961 0.203931
vn 0.960512 0.0883642 -0.263833
v 1.76074 0.279688 0.205091
vn 0.994892 -0.0792294 -0.0625583
v 1.758 0.279688 0.203931
vn 0.960537 -0.0883746 -0.26374
v 1.758 0.279688 0.203931
vn -0.960537 0.0883746 0.26374
v 1.76074 0.279688 0.205091
vn -0.994892 0.0792294 0.0625583
v 1.758 0.344961 0.203931
vn -0.960512 -0.0883642 0.263833
v 1.74027 0.34747 0.203082
vn 0.218589 0.578431 -0.785899
v 1.74027 0.34747 0.203082
vn -0.218589 -0.578431 0.785899
v 1.75048 0.344961 0.203082
vn 0.765772 0.122034 -0.631428
v 1.74027 0.279688 0.20277
vn 0.263458 -0.159258 -0.951434
v 1.74027 0.344961 0.20277
vn 0.263552 0.159329 -0.951396
v 1.74027 0.344961 0.20277
vn -0.263552 -0.159329 0.951396
v 1.74027 0.279688 0.20277
vn -0.263458 0.159258 0.951434
v 1.75048 0.344961 0.203082
vn -0.765772 -0.122034 0.631428
v 1.74539 0.349309 0.204087
vn 0.404683 0.851589 -0.333207
v 1.74539 0.349309 0.204087
vn -0.404683 -0.851589 0.333207
v 1.75048 0.349309 0.205091
vn 0.689118 0.723337 -0.0435946
v 1.75562 0.34747 0.204087
vn 0.898277 0.363755 -0.246537
v 1.74912 0.349309 0.204511
vn 0.626055 0.760613 -0.171823
v 1.74912 0.349309 0.204511
vn -0.626055 -0.760613 0.171823
v 1.75562 0.34747 0.204087
vn -0.898277 -0.363755 0.246537
v 1.75048 0.349309 0.205091
vn -0.689118 -0.723337 0.0435946
v 1.76074 0.344961 0.205091
vn 0.994905 0.0792497 -0.0623111
v 1.76074 0.344961 0.205091
vn -0.994905 -0.0792497 0.0623111
v 1.758 0.34747 0.205091
vn 0.942234 0.329677 -0.0592252
v 1.758 0.34747 0.205091
vn -0.942234 -0.329677 0.0592252
v 1.758 0.279688 0.203931
vn 0.960557 -0.0883923 -0.263661
v 1.74912 0.277176 0.203351
vn 0.678857 -0.476136 -0.558969
v 1.75048 0.279688 0.203082
vn 0.766221 -0.122117 -0.630867
v 1.75048 0.279688 0.203082
vn -0.766221 0.122117 0.630867
v 1.74912 0.277176 0.203351
vn -0.678857 0.476136 0.558969
v 1.758 0.279688 0.203931
vn -0.960557 0.0883923 0.263661
v 1.75048 0.279688 0.203082
vn 0.765986 -0.122072 -0.631161
v 1.75048 0.279688 0.203082
vn -0.765986 0.122072 0.631161
v 1.76074 0.344961 0.205091
vn 0.994898 0.079237 -0.0624397
v 1.76074 0.344961 0.205091
vn -0.994898 -0.079237 0.0624397
v 1.76074 0.279688 0.205091
vn 0.994905 -0.0792517 -0.0623151
v 1.75562 0.277176 0.204087
vn 0.898279 -0.363748 -0.246541
v 1.758 0.279688 0.203931
vn 0.960562 -0.0883905 -0.263641
v 1.758 0.279688 0.203931
vn -0.960562 0.0883905 0.263641
v 1.75562 0.277176 0.204087
vn -0.898279 0.363748 0.246541
v 1.76074 0.279688 0.205091
vn -0.994905 0.0792517 0.0623151
v 1.74027 0.344961 0.20277
vn 0.26036 0.159341 -0.952273
v -1.73959 0.34747 0.203082
vn -0.216141 0.573876 -0.789905
v 1.74027 0.34747 0.203082
vn 0.217279 0.576017 -0.788032
v 1.74027 0.34747 0.203082
vn -0.217279 -0.576017 0.788032
v -1.73959 0.34747 0.203082
vn 0.216141 -0.573876 0.789905
v 1.74027 0.344961 0.20277
vn -0.26036 -0.159341 0.952273
v 1.74027 0.34747 0.203082
vn 0.218588 0.578435 -0.785896
v 1.74539 0.349309 0.204087
vn 0.404679 0.851587 -0.333217
v 1.74912 0.34747 0.203351
vn 0.678859 0.476143 -0.558962
v 1.74912 0.34747 0.203351
vn -0.678859 -0.476143 0.558962
v 1.74539 0.349309 0.204087
vn -0.404679 -0.851587 0.333217
v 1.74027 0.34747 0.203082
vn -0.218588 -0.578435 0.785896
v 1.74027 0.279688 0.20277
vn 0.198082 -0.119764 -0.972841
v -1.73959 0.344961 0.20277
vn -0.198082 0.119764 -0.972841
v 1.74027 0.344961 0.20277
vn 0.224385 0.135667 -0.965011
v 1.74027 0.344961 0.20277
vn -0.224385 -0.135667 0.965011
v -1.73959 0.344961 0.20277
vn 0.198082 -0.119764 0.972841
v 1.74027 0.279688 0.20277
vn -0.198082 0.119764 0.972841
v 1.74912 0.349309 0.204511
vn 0.626053 0.760615 -0.171823
v 1.74539 0.349309 0.204087
vn 0.404682 0.851591 -0.333203
v 1.74027 0.349981 0.205091
vn 0.213974 0.971529 -0.101718
v 1.74027 0.349981 0.205091
vn -0.213974 -0.971529 0.101718
v 1.74539 0.349309 0.204087
vn -0.404682 -0.851591 0.333203
v 1.74912 0.349309 0.204511
vn -0.626053 -0.760615 0.171823
v 1.75048 0.349309 0.205091
vn 0.689119 0.723336 -0.0435906
v 1.74912 0.349309 0.204511
vn 0.626053 0.760615 -0.171822
v 1.74027 0.349981 0.205091
vn 0.213974 0.971529 -0.101717
v 1.74027 0.349981 0.205091
vn -0.213974 -0.971529 0.101717
v 1.74912 0.349309 0.204511
vn -0.626053 -0.760615 0.171822
v 1.75048 0.349309 0.205091
vn -0.689119 -0.723336 0.0435906
v 1.758 0.34747 0.205091
vn 0.942098 0.330083 -0.0591357
v 1.76074 0.344961 0.386152
vn 0.994848 0.0800361 0.0622251
v 1.76074 0.344961 0.205091
vn 0.994875 0.0796746 -0.0622597
v 1.76074 0.344961 0.205091
vn -0.994875 -0.0796746 0.0622597
v 1.76074 0.344961 0.386152
vn -0.994848 -0.0800361 -0.0622251
v 1.758 0.34747 0.205091
vn -0.942098 -0.330083 0.0591357
v 1.75048 0.349309 0.205091
vn 0.688381 0.724045 -0.043486
v 1.758 0.34747 0.386152
vn 0.941579 0.331562 0.0591239
v 1.758 0.34747 0.205091
vn 0.941881 0.330694 -0.0591672
v 1.758 0.34747 0.205091
vn -0.941881 -0.330694 0.0591672
v 1.758 0.34747 0.386152
vn -0.941579 -0.331562 -0.0591239
v 1.75048 0.349309 0.205091
vn -0.688381 -0.724045 0.043486
v 1.75562 0.277176 0.204087
vn 0.898278 -0.363747 -0.246545
v 1.75562 0.277176 0.204087
vn -0.898278 0.363747 0.246545
v 1.74912 0.277176 0.203351
vn 0.678852 -0.476135 -0.558977
v 1.74027 0.279688 0.20277
vn 0.263647 -0.15941 -0.951356
v 1.75048 0.279688 0.203082
vn 0.766217 -0.122117 -0.630871
v 1.75048 0.279688 0.203082
vn -0.766217 0.122117 0.630871
v 1.74027 0.279688 0.20277
vn -0.263647 0.15941 0.951356
v 1.74912 0.277176 0.203351
vn -0.678852 0.476135 0.558977
v 1.76074 0.344961 0.386152
vn 0.995219 0.0767802 0.0603665
v 1.76074 0.279688 0.205091
vn 0.995219 -0.0767802 -0.0603665
v 1.76074 0.344961 0.205091
vn 0.995089 0.077815 -0.0611802
v 1.76074 0.344961 0.205091
vn -0.995089 -0.077815 0.0611802
v 1.76074 0.279688 0.205091
vn -0.995219 0.0767802 0.0603665
v 1.76074 0.344961 0.386152
vn -0.995219 -0.0767802 -0.0603665
v 1.758 0.277176 0.205091
vn 0.942236 -0.329672 -0.0592265
v 1.758 0.277176 0.205091
vn -0.942236 0.329672 0.0592265
v -1.73959 0.344961 0.20277
vn -0.261891 0.159398 -0.951843
v -1.73959 0.344961 0.20277
vn 0.261891 -0.159398 0.951843
v -1.73959 0.349309 0.203931
vn -0.113726 0.902365 -0.415697
v 1.74027 0.34747 0.203082
vn 0.21631 0.577658 -0.787097
v -1.73959 0.34747 0.203082
vn -0.217363 0.578066 -0.786506
v -1.73959 0.34747 0.203082
vn 0.217363 -0.578066 0.786506
v 1.74027 0.34747 0.203082
vn -0.21631 -0.577658 0.787097
v -1.73959 0.349309 0.203931
vn 0.113726 -0.902365 0.415697
v 1.74027 0.349309 0.203931
vn 0.114718 0.90492 -0.409828
v 1.74027 0.349309 0.203931
vn -0.114718 -0.90492 0.409828
v -1.73959 0.279688 0.20277
vn -0.224385 -0.135667 -0.965011
v -1.73959 0.279688 0.20277
vn 0.224385 0.135667 0.965011
v 1.74539 0.349309 0.204087
vn 0.404682 0.851591 -0.333204
v 1.74027 0.349309 0.203931
vn 0.114717 0.904923 -0.409823
v 1.74027 0.349981 0.205091
vn 0.213974 0.971529 -0.101719
v 1.74027 0.349981 0.205091
vn -0.213974 -0.971529 0.101719
v 1.74027 0.349309 0.203931
vn -0.114717 -0.904923 0.409823
v 1.74539 0.349309 0.204087
vn -0.404682 -0.851591 0.333204
v 1.74027 0.349981 0.386152
vn 0.213602 0.971646 0.101382
v 1.75048 0.349309 0.205091
vn 0.687642 0.724748 -0.0434755
v 1.74027 0.349981 0.205091
vn 0.21378 0.971591 -0.101534
v 1.74027 0.349981 0.205091
vn -0.21378 -0.971591 0.101534
v 1.75048 0.349309 0.205091
vn -0.687642 -0.724748 0.0434755
v 1.74027 0.349981 0.386152
vn -0.213602 -0.971646 -0.101382
v 1.758 0.34747 0.386152
vn 0.942165 0.329885 0.059173
v 1.758 0.34747 0.386152
vn -0.942165 -0.329885 -0.059173
v 1.75048 0.349309 0.386152
vn 0.68873 0.723709 0.0435325
v 1.75048 0.349309 0.386152
vn -0.68873 -0.723709 -0.0435325
v 1.74912 0.275338 0.204511
vn 0.62605 -0.760614 -0.171834
v 1.74912 0.277176 0.203351
vn 0.678859 -0.476145 -0.558961
v 1.75562 0.277176 0.204087
vn 0.898277 -0.363752 -0.246542
v 1.75562 0.277176 0.204087
vn -0.898277 0.363752 0.246542
v 1.74912 0.277176 0.203351
vn -0.678859 0.476145 0.558961
v 1.74912 0.275338 0.204511
vn -0.62605 0.760614 0.171834
v 1.74027 0.277176 0.203082
vn 0.218589 -0.578431 -0.785899
v 1.74027 0.277176 0.203082
vn -0.218589 0.578431 0.785899
v 1.76074 0.279688 0.386152
vn 0.995089 -0.077815 0.0611802
v 1.76074 0.279688 0.386152
vn -0.995089 0.077815 -0.0611802
v 1.76074 0.279688 0.386152
vn 0.994848 -0.080036 0.062225
v 1.758 0.277176 0.205091
vn 0.942098 -0.330082 -0.0591356
v 1.76074 0.279688 0.205091
vn 0.994875 -0.0796745 -0.0622597
v 1.76074 0.279688 0.205091
vn -0.994875 0.0796745 0.0622597
v 1.758 0.277176 0.205091
vn -0.942098 0.330082 0.0591356
v 1.76074 0.279688 0.386152
vn -0.994848 0.080036 -0.062225
v 1.75048 0.275338 0.205091
vn 0.689118 -0.723337 -0.0435947
v 1.75562 0.277176 0.204087
vn 0.898277 -0.363755 -0.246537
v 1.758 0.277176 0.205091
vn 0.942234 -0.329677 -0.0592252
v 1.758 0.277176 0.205091
vn -0.942234 0.329677 0.0592252
v 1.75562 0.277176 0.204087
vn -0.898277 0.363755 0.246537
v 1.75048 0.275338 0.205091
vn -0.689118 0.723337 0.0435947
v -1.74982 0.344961 0.203082
vn -0.76621 0.122118 -0.63088
v -1.73959 0.34747 0.203082
vn -0.218586 0.578424 -0.785904
v -1.73959 0.344961 0.20277
vn -0.26365 0.15941 -0.951355
v -1.73959 0.344961 0.20277
vn 0.26365 -0.15941 0.951355
v -1.73959 0.34747 0.203082
vn 0.218586 -0.578424 0.785904
v -1.74982 0.344961 0.203082
vn 0.76621 -0.122118 0.63088
v 1.74027 0.349309 0.203931
vn 0.114182 0.903574 -0.412937
v 1.74027 0.349309 0.203931
vn -0.114182 -0.903574 0.412937
v -1.73959 0.34747 0.203082
vn -0.218587 0.578435 -0.785896
v -1.7447 0.349309 0.204087
vn -0.404679 0.851587 -0.333217
v -1.73959 0.349309 0.203931
vn -0.114718 0.90492 -0.409828
v -1.73959 0.349309 0.203931
vn 0.114718 -0.90492 0.409828
v -1.7447 0.349309 0.204087
vn 0.404679 -0.851587 0.333217
v -1.73959 0.34747 0.203082
vn 0.218587 -0.578435 0.785896
v 1.74027 0.277176 0.203082
vn 0.216137 -0.573869 -0.789911
v -1.73959 0.279688 0.20277
vn -0.260356 -0.159339 -0.952274
v 1.74027 0.279688 0.20277
vn 0.261889 -0.159397 -0.951844
v 1.74027 0.279688 0.20277
vn -0.261889 0.159397 0.951844
v -1.73959 0.279688 0.20277
vn 0.260356 0.159339 0.952274
v 1.74027 0.277176 0.203082
vn -0.216137 0.573869 0.789911
v -1.74982 0.279688 0.203082
vn -0.765771 -0.122034 -0.631429
v -1.73959 0.344961 0.20277
vn -0.263457 0.159257 -0.951434
v -1.73959 0.279688 0.20277
vn -0.263552 -0.159329 -0.951396
v -1.73959 0.279688 0.20277
vn 0.263552 0.159329 0.951396
v -1.73959 0.344961 0.20277
vn 0.263457 -0.159257 0.951434
v -1.74982 0.279688 0.203082
vn 0.765771 0.122034 0.631429
v -1.73959 0.349309 0.203931
vn -0.113809 0.904947 -0.410022
v 1.74027 0.349981 0.205091
vn 0.212403 0.971587 -0.104417
v 1.74027 0.349309 0.203931
vn 0.114223 0.904953 -0.409895
v 1.74027 0.349309 0.203931
vn -0.114223 -0.904953 0.409895
v 1.74027 0.349981 0.205091
vn -0.212403 -0.971587 0.104417
v -1.73959 0.349309 0.203931
vn 0.113809 -0.904947 0.410022
v 1.75048 0.349309 0.386152
vn 0.688319 0.724101 0.0435273
v 1.75048 0.349309 0.386152
vn -0.688319 -0.724101 -0.0435273
v 1.74027 0.349981 0.205091
vn 0.0965092 0.994274 -0.0458775
v -1.73959 0.349981 0.386152
vn -0.0965092 0.994274 0.0458775
v 1.74027 0.349981 0.386152
vn 0.129223 0.989711 0.0614285
v 1.74027 0.349981 0.386152
vn -0.129223 -0.989711 -0.0614285
v -1.73959 0.349981 0.386152
vn 0.0965092 -0.994274 -0.0458775
v 1.74027 0.349981 0.205091
vn -0.0965092 -0.994274 0.0458775
v 1.75562 0.34747 0.387158
vn 0.898279 0.363748 0.246541
v 1.76074 0.344961 0.386152
vn 0.994905 0.0792517 0.062315
v 1.758 0.34747 0.386152
vn 0.942236 0.329672 0.0592264
v 1.758 0.34747 0.386152
vn -0.942236 -0.329672 -0.0592264
v 1.76074 0.344961 0.386152
vn -0.994905 -0.0792517 -0.062315
v 1.75562 0.34747 0.387158
vn -0.898279 -0.363748 -0.246541
v 1.75048 0.349309 0.386152
vn 0.689118 0.723337 0.0435948
v 1.75562 0.34747 0.387158
vn 0.898277 0.363755 0.246537
v 1.758 0.34747 0.386152
vn 0.942234 0.329677 0.0592252
v 1.758 0.34747 0.386152
vn -0.942234 -0.329677 -0.0592252
v 1.75562 0.34747 0.387158
vn -0.898277 -0.363755 -0.246537
v 1.75048 0.349309 0.386152
vn -0.689118 -0.723337 -0.0435948
v 1.74539 0.275338 0.204087
vn 0.404683 -0.851589 -0.333207
v 1.74539 0.275338 0.204087
vn -0.404683 0.851589 0.333207
v 1.74912 0.275338 0.204511
vn 0.626055 -0.760613 -0.171823
v 1.74912 0.275338 0.204511
vn -0.626055 0.760613 0.171823
v 1.74912 0.277176 0.203351
vn 0.678856 -0.476144 -0.558965
v 1.74027 0.275338 0.203931
vn 0.114717 -0.904917 -0.409835
v 1.74027 0.277176 0.203082
vn 0.218589 -0.578436 -0.785895
v 1.74027 0.277176 0.203082
vn -0.218589 0.578436 0.785895
v 1.74027 0.275338 0.203931
vn -0.114717 0.904917 0.409835
v 1.74912 0.277176 0.203351
vn -0.678856 0.476144 0.558965
v 1.758 0.344961 0.387314
vn 0.960512 0.0883642 0.263833
v 1.76074 0.279688 0.386152
vn 0.994892 -0.0792294 0.0625583
v 1.76074 0.344961 0.386152
vn 0.994898 0.079237 0.0624397
v 1.76074 0.344961 0.386152
vn -0.994898 -0.079237 -0.0624397
v 1.76074 0.279688 0.386152
vn -0.994892 0.0792294 -0.0625583
v 1.758 0.344961 0.387314
vn -0.960512 -0.0883642 -0.263833
v 1.758 0.277176 0.386152
vn 0.942165 -0.329885 0.059173
v 1.758 0.277176 0.386152
vn -0.942165 0.329885 -0.059173
v 1.758 0.277176 0.205091
vn 0.941579 -0.331562 -0.0591239
v 1.75048 0.275338 0.386152
vn 0.68838 -0.724045 0.043486
v 1.75048 0.275338 0.205091
vn 0.68873 -0.72371 -0.0435325
v 1.75048 0.275338 0.205091
vn -0.68873 0.72371 0.0435325
v 1.75048 0.275338 0.386152
vn -0.68838 0.724045 -0.043486
v 1.758 0.277176 0.205091
vn -0.941579 0.331562 0.0591239
v -1.74846 0.34747 0.203351
vn -0.678859 0.476138 -0.558966
v -1.74846 0.34747 0.203351
vn 0.678859 -0.476138 0.558966
v -1.74982 0.344961 0.203082
vn -0.765985 0.122072 -0.631162
v -1.74982 0.344961 0.203082
vn 0.765985 -0.122072 0.631162
v -1.74846 0.34747 0.203351
vn -0.678859 0.476143 -0.558962
v -1.74846 0.34747 0.203351
vn 0.678859 -0.476143 0.558962
v -1.73959 0.349309 0.203931
vn -0.114717 0.904923 -0.409823
v -1.7447 0.349309 0.204087
vn -0.404682 0.851591 -0.333204
v -1.73959 0.349981 0.205091
vn -0.213974 0.971529 -0.101719
v -1.73959 0.349981 0.205091
vn 0.213974 -0.971529 0.101719
v -1.7447 0.349309 0.204087
vn 0.404682 -0.851591 0.333204
v -1.73959 0.349309 0.203931
vn 0.114717 -0.904923 0.409823
v -1.73959 0.277176 0.203082
vn -0.217277 -0.576014 -0.788035
v -1.73959 0.277176 0.203082
vn 0.217277 0.576014 0.788035
v -1.73959 0.279688 0.20277
vn -0.263647 -0.15941 -0.951356
v -1.74846 0.277176 0.203351
vn -0.678852 -0.476135 -0.558977
v -1.74982 0.279688 0.203082
vn -0.766217 -0.122117 -0.630871
v -1.74982 0.279688 0.203082
vn 0.766217 0.122117 0.630871
v -1.74846 0.277176 0.203351
vn 0.678852 0.476135 0.558977
v -1.73959 0.279688 0.20277
vn 0.263647 0.15941 0.951356
v -1.73959 0.349981 0.205091
vn -0.213117 0.971567 -0.103149
v -1.73959 0.349981 0.205091
vn 0.213117 -0.971567 0.103149
v 1.75048 0.349309 0.386152
vn 0.689119 0.723336 0.0435906
v 1.74027 0.349981 0.386152
vn 0.213974 0.971529 0.101717
v 1.74912 0.349309 0.386733
vn 0.626053 0.760615 0.171822
v 1.74912 0.349309 0.386733
vn -0.626053 -0.760615 -0.171822
v 1.74027 0.349981 0.386152
vn -0.213974 -0.971529 -0.101717
v 1.75048 0.349309 0.386152
vn -0.689119 -0.723336 -0.0435906
v -1.73959 0.349981 0.205091
vn -0.129223 0.989711 -0.0614285
v -1.73959 0.349981 0.205091
vn 0.129223 -0.989711 0.0614285
v -1.73959 0.349309 0.387314
vn -0.113808 0.904949 0.410018
v 1.74027 0.349981 0.386152
vn 0.212401 0.971588 0.104416
v -1.73959 0.349981 0.386152
vn -0.213116 0.971567 0.103148
v -1.73959 0.349981 0.386152
vn 0.213116 -0.971567 -0.103148
v 1.74027 0.349981 0.386152
vn -0.212401 -0.971588 -0.104416
v -1.73959 0.349309 0.387314
vn 0.113808 -0.904949 -0.410018
v 1.758 0.344961 0.387314
vn 0.960562 0.0883906 0.263641
v 1.758 0.344961 0.387314
vn -0.960562 -0.0883906 -0.263641
v 1.74912 0.349309 0.386733
vn 0.626055 0.760613 0.171823
v 1.74912 0.349309 0.386733
vn -0.626055 -0.760613 -0.171823
v 1.74912 0.275338 0.204511
vn 0.626053 -0.760615 -0.171823
v 1.74027 0.274666 0.205091
vn 0.213974 -0.971529 -0.101718
v 1.74539 0.275338 0.204087
vn 0.404682 -0.851591 -0.333203
v 1.74539 0.275338 0.204087
vn -0.404682 0.851591 0.333203
v 1.74027 0.274666 0.205091
vn -0.213974 0.971529 0.101718
v 1.74912 0.275338 0.204511
vn -0.626053 0.760615 0.171823
v 1.74539 0.275338 0.204087
vn 0.404682 -0.851589 -0.333209
v 1.74539 0.275338 0.204087
vn -0.404682 0.851589 0.333209
v 1.75048 0.275338 0.205091
vn 0.689119 -0.723336 -0.0435906
v 1.74027 0.274666 0.205091
vn 0.213974 -0.971529 -0.101717
v 1.74912 0.275338 0.204511
vn 0.626053 -0.760615 -0.171822
v 1.74912 0.275338 0.204511
vn -0.626053 0.760615 0.171822
v 1.74027 0.274666 0.205091
vn -0.213974 0.971529 0.101717
v 1.75048 0.275338 0.205091
vn -0.689119 0.723336 0.0435906
v 1.74027 0.275338 0.203931
vn 0.113727 -0.902366 -0.415693
v -1.73959 0.277176 0.203082
vn -0.216311 -0.57766 -0.787095
v 1.74027 0.277176 0.203082
vn 0.217364 -0.578068 -0.786506
v 1.74027 0.277176 0.203082
vn -0.217364 0.578068 0.786506
v -1.73959 0.277176 0.203082
vn 0.216311 0.57766 0.787095
v 1.74027 0.275338 0.203931
vn -0.113727 0.902366 0.415693
v 1.758 0.279688 0.387314
vn 0.960537 -0.0883746 0.26374
v 1.758 0.279688 0.387314
vn -0.960537 0.0883746 -0.26374
v 1.76074 0.279688 0.386152
vn 0.994905 -0.0792517 0.062315
v 1.75562 0.277176 0.387158
vn 0.898279 -0.363748 0.246541
v 1.758 0.277176 0.386152
vn 0.942236 -0.329672 0.0592265
v 1.758 0.277176 0.386152
vn -0.942236 0.329672 -0.0592265
v 1.75562 0.277176 0.387158
vn -0.898279 0.363748 -0.246541
v 1.76074 0.279688 0.386152
vn -0.994905 0.0792517 -0.062315
v 1.758 0.277176 0.386152
vn 0.941881 -0.330695 0.0591672
v 1.758 0.277176 0.386152
vn -0.941881 0.330695 -0.0591672
v 1.74027 0.274666 0.386152
vn 0.213602 -0.971646 0.101382
v 1.75048 0.275338 0.205091
vn 0.687642 -0.724748 -0.0434755
v 1.75048 0.275338 0.386152
vn 0.688319 -0.724101 0.0435273
v 1.75048 0.275338 0.386152
vn -0.688319 0.724101 -0.0435273
v 1.75048 0.275338 0.205091
vn -0.687642 0.724748 0.0434755
v 1.74027 0.274666 0.386152
vn -0.213602 0.971646 -0.101382
v -1.74982 0.344961 0.203082
vn -0.766216 0.122119 -0.630872
v -1.75495 0.34747 0.204087
vn -0.898275 0.363747 -0.246556
v -1.74846 0.34747 0.203351
vn -0.678862 0.476139 -0.558962
v -1.74846 0.34747 0.203351
vn 0.678862 -0.476139 0.558962
v -1.75495 0.34747 0.204087
vn 0.898275 -0.363747 0.246556
v -1.74982 0.344961 0.203082
vn 0.766216 -0.122119 0.630872
v -1.74982 0.279688 0.203082
vn -0.765938 -0.122046 -0.631224
v -1.75732 0.344961 0.203931
vn -0.960391 0.0883582 -0.264276
v -1.74982 0.344961 0.203082
vn -0.766076 0.122078 -0.631051
v -1.74982 0.344961 0.203082
vn 0.766076 -0.122078 0.631051
v -1.75732 0.344961 0.203931
vn 0.960391 -0.0883582 0.264276
v -1.74982 0.279688 0.203082
vn 0.765938 0.122046 0.631224
v -1.74846 0.34747 0.203351
vn -0.678859 0.476144 -0.55896
v -1.74846 0.349309 0.204511
vn -0.626051 0.760614 -0.171833
v -1.7447 0.349309 0.204087
vn -0.404683 0.851589 -0.333207
v -1.7447 0.349309 0.204087
vn 0.404683 -0.851589 0.333207
v -1.74846 0.349309 0.204511
vn 0.626051 -0.760614 0.171833
v -1.74846 0.34747 0.203351
vn 0.678859 -0.476144 0.55896
v -1.73959 0.349981 0.205091
vn -0.213974 0.971529 -0.101718
v -1.7447 0.349309 0.204087
vn -0.404682 0.851591 -0.333203
v -1.74846 0.349309 0.204511
vn -0.626053 0.760615 -0.171823
v -1.74846 0.349309 0.204511
vn 0.626053 -0.760615 0.171823
v -1.7447 0.349309 0.204087
vn 0.404682 -0.851591 0.333203
v -1.73959 0.349981 0.205091
vn 0.213974 -0.971529 0.101718
v -1.73959 0.277176 0.203082
vn -0.218589 -0.57843 -0.785899
v -1.73959 0.277176 0.203082
vn 0.218589 0.57843 0.785899
v -1.74846 0.277176 0.203351
vn -0.678857 -0.476136 -0.558969
v -1.75732 0.279688 0.203931
vn -0.960557 -0.0883923 -0.263661
v -1.74982 0.279688 0.203082
vn -0.766221 -0.122117 -0.630867
v -1.74982 0.279688 0.203082
vn 0.766221 0.122117 0.630867
v -1.75732 0.279688 0.203931
vn 0.960557 0.0883923 0.263661
v -1.74846 0.277176 0.203351
vn 0.678857 0.476136 0.558969
v 1.74912 0.349309 0.386733
vn 0.626053 0.760615 0.171823
v 1.74027 0.349981 0.386152
vn 0.213974 0.971529 0.101718
v 1.74539 0.349309 0.387158
vn 0.404682 0.851591 0.333203
v 1.74539 0.349309 0.387158
vn -0.404682 -0.851591 -0.333203
v 1.74027 0.349981 0.386152
vn -0.213974 -0.971529 -0.101718
v 1.74912 0.349309 0.386733
vn -0.626053 -0.760615 -0.171823
v -1.74982 0.349309 0.205091
vn -0.687639 0.72475 -0.0434754
v -1.73959 0.349981 0.386152
vn -0.213601 0.971646 0.101382
v -1.73959 0.349981 0.205091
vn -0.21378 0.971591 -0.101534
v -1.73959 0.349981 0.205091
vn 0.21378 -0.971591 0.101534
v -1.73959 0.349981 0.386152
vn 0.213601 -0.971646 -0.101382
v -1.74982 0.349309 0.205091
vn 0.687639 -0.72475 0.0434754
v 1.74027 0.349309 0.387314
vn 0.114223 0.904954 0.409893
v 1.74027 0.349309 0.387314
vn -0.114223 -0.904954 -0.409893
v -1.73959 0.349309 0.387314
vn -0.114717 0.904923 0.409823
v -1.73959 0.349981 0.386152
vn -0.213974 0.971529 0.101719
v -1.7447 0.349309 0.387158
vn -0.404682 0.851591 0.333204
v -1.7447 0.349309 0.387158
vn 0.404682 -0.851591 -0.333204
v -1.73959 0.349981 0.386152
vn 0.213974 -0.971529 -0.101719
v -1.73959 0.349309 0.387314
vn 0.114717 -0.904923 -0.409823
v 1.74912 0.34747 0.387894
vn 0.678857 0.476136 0.558969
v 1.758 0.344961 0.387314
vn 0.960557 0.0883922 0.263661
v 1.75562 0.34747 0.387158
vn 0.898278 0.363747 0.246545
v 1.75562 0.34747 0.387158
vn -0.898278 -0.363747 -0.246545
v 1.758 0.344961 0.387314
vn -0.960557 -0.0883922 -0.263661
v 1.74912 0.34747 0.387894
vn -0.678857 -0.476136 -0.558969
v 1.74912 0.349309 0.386733
vn 0.62605 0.760614 0.171834
v 1.74912 0.34747 0.387894
vn 0.678859 0.476145 0.558961
v 1.75562 0.34747 0.387158
vn 0.898277 0.363752 0.246542
v 1.75562 0.34747 0.387158
vn -0.898277 -0.363752 -0.246542
v 1.74912 0.34747 0.387894
vn -0.678859 -0.476145 -0.558961
v 1.74912 0.349309 0.386733
vn -0.62605 -0.760614 -0.171834
v 1.74539 0.275338 0.204087
vn 0.404682 -0.851591 -0.333204
v 1.74027 0.274666 0.205091
vn 0.213974 -0.971529 -0.101719
v 1.74027 0.275338 0.203931
vn 0.114717 -0.904923 -0.409823
v 1.74027 0.275338 0.203931
vn -0.114717 0.904923 0.409823
v 1.74027 0.274666 0.205091
vn -0.213974 0.971529 0.101719
v 1.74539 0.275338 0.204087
vn -0.404682 0.851591 0.333204
v 1.74027 0.274666 0.205091
vn 0.21378 -0.971591 -0.101534
v 1.74027 0.274666 0.205091
vn -0.21378 0.971591 0.101534
v -1.73959 0.275338 0.203931
vn -0.114182 -0.903575 -0.412935
v -1.73959 0.275338 0.203931
vn 0.114182 0.903575 0.412935
v 1.75048 0.344961 0.388163
vn 0.765937 0.122046 0.631225
v 1.758 0.279688 0.387314
vn 0.960391 -0.0883581 0.264277
v 1.758 0.344961 0.387314
vn 0.960472 0.0883716 0.263976
v 1.758 0.344961 0.387314
vn -0.960472 -0.0883716 -0.263976
v 1.758 0.279688 0.387314
vn -0.960391 0.0883581 -0.264277
v 1.75048 0.344961 0.388163
vn -0.765937 -0.122046 -0.631225
v 1.758 0.279688 0.387314
vn 0.960562 -0.0883905 0.263641
v 1.758 0.279688 0.387314
vn -0.960562 0.0883905 -0.263641
v 1.75562 0.277176 0.387158
vn 0.898277 -0.363755 0.246537
v 1.75048 0.275338 0.386152
vn 0.689118 -0.723337 0.0435947
v 1.758 0.277176 0.386152
vn 0.942234 -0.329677 0.0592252
v 1.758 0.277176 0.386152
vn -0.942234 0.329677 -0.0592252
v 1.75048 0.275338 0.386152
vn -0.689118 0.723337 -0.0435947
v 1.75562 0.277176 0.387158
vn -0.898277 0.363755 -0.246537
v 1.75048 0.275338 0.386152
vn 0.689119 -0.723336 0.0435906
v 1.74912 0.275338 0.386733
vn 0.626053 -0.760615 0.171822
v 1.74027 0.274666 0.386152
vn 0.213974 -0.971529 0.101717
v 1.74027 0.274666 0.386152
vn -0.213974 0.971529 -0.101717
v 1.74912 0.275338 0.386733
vn -0.626053 0.760615 -0.171822
v 1.75048 0.275338 0.386152
vn -0.689119 0.723336 -0.0435906
v -1.75732 0.344961 0.203931
vn -0.96056 0.0883905 -0.263651
v -1.75732 0.344961 0.203931
vn 0.96056 -0.0883905 0.263651
v -1.75495 0.34747 0.204087
vn -0.898277 0.363752 -0.246542
v -1.75495 0.34747 0.204087
vn 0.898277 -0.363752 0.246542
v -1.75732 0.279688 0.203931
vn -0.960472 -0.0883716 -0.263976
v -1.75732 0.279688 0.203931
vn 0.960472 0.0883716 0.263976
v -1.73959 0.349981 0.205091
vn -0.213974 0.971529 -0.101717
v -1.74846 0.349309 0.204511
vn -0.626053 0.760615 -0.171822
v -1.74982 0.349309 0.205091
vn -0.689119 0.723336 -0.0435906
v -1.74982 0.349309 0.205091
vn 0.689119 -0.723336 0.0435906
v -1.74846 0.349309 0.204511
vn 0.626053 -0.760615 0.171822
v -1.73959 0.349981 0.205091
vn 0.213974 -0.971529 0.101717
v -1.73959 0.277176 0.203082
vn -0.218588 -0.578435 -0.785896
v -1.7447 0.275338 0.204087
vn -0.404679 -0.851587 -0.333217
v -1.74846 0.277176 0.203351
vn -0.678859 -0.476143 -0.558962
v -1.74846 0.277176 0.203351
vn 0.678859 0.476143 0.558962
v -1.7447 0.275338 0.204087
vn 0.404679 0.851587 0.333217
v -1.73959 0.277176 0.203082
vn 0.218588 0.578435 0.785896
v -1.75495 0.277176 0.204087
vn -0.898278 -0.363747 -0.246545
v -1.75495 0.277176 0.204087
vn 0.898278 0.363747 0.246545
v 1.74539 0.349309 0.387158
vn 0.404682 0.851591 0.333204
v 1.74027 0.349981 0.386152
vn 0.213974 0.971529 0.101719
v 1.74027 0.349309 0.387314
vn 0.114717 0.904923 0.409823
v 1.74027 0.349309 0.387314
vn -0.114717 -0.904923 -0.409823
v 1.74027 0.349981 0.386152
vn -0.213974 -0.971529 -0.101719
v 1.74539 0.349309 0.387158
vn -0.404682 -0.851591 -0.333204
v 1.74539 0.349309 0.387158
vn 0.404683 0.851589 0.333207
v 1.74539 0.349309 0.387158
vn -0.404683 -0.851589 -0.333207
v -1.74982 0.349309 0.386152
vn -0.688318 0.724102 0.0435272
v -1.74982 0.349309 0.386152
vn 0.688318 -0.724102 -0.0435272
v -1.73959 0.349309 0.387314
vn -0.113726 0.902365 0.415697
v 1.74027 0.34747 0.388163
vn 0.21631 0.577658 0.787097
v 1.74027 0.349309 0.387314
vn 0.114182 0.903574 0.412937
v 1.74027 0.349309 0.387314
vn -0.114182 -0.903574 -0.412937
v 1.74027 0.34747 0.388163
vn -0.21631 -0.577658 -0.787097
v -1.73959 0.349309 0.387314
vn 0.113726 -0.902365 -0.415697
v -1.73959 0.349981 0.386152
vn -0.213974 0.971529 0.101718
v -1.74846 0.349309 0.386733
vn -0.626053 0.760615 0.171823
v -1.7447 0.349309 0.387158
vn -0.404682 0.851591 0.333203
v -1.7447 0.349309 0.387158
vn 0.404682 -0.851591 -0.333203
v -1.74846 0.349309 0.386733
vn 0.626053 -0.760615 -0.171823
v -1.73959 0.349981 0.386152
vn 0.213974 -0.971529 -0.101718
v -1.7447 0.349309 0.387158
vn -0.404679 0.851587 0.333217
v -1.73959 0.34747 0.388163
vn -0.218587 0.578435 0.785896
v -1.73959 0.349309 0.387314
vn -0.114718 0.90492 0.409828
v -1.73959 0.349309 0.387314
vn 0.114718 -0.90492 -0.409828
v -1.73959 0.34747 0.388163
vn 0.218587 -0.578435 -0.785896
v -1.7447 0.349309 0.387158
vn 0.404679 -0.851587 -0.333217
v 1.75048 0.344961 0.388163
vn 0.766221 0.122117 0.630867
v 1.75048 0.344961 0.388163
vn -0.766221 -0.122117 -0.630867
v 1.74027 0.274666 0.205091
vn 0.212403 -0.971587 -0.104417
v -1.73959 0.275338 0.203931
vn -0.113809 -0.904947 -0.410022
v 1.74027 0.275338 0.203931
vn 0.114223 -0.904953 -0.409895
v 1.74027 0.275338 0.203931
vn -0.114223 0.904953 0.409895
v -1.73959 0.275338 0.203931
vn 0.113809 0.904947 0.410022
v 1.74027 0.274666 0.205091
vn -0.212403 0.971587 0.104417
v -1.73959 0.274666 0.386152
vn -0.0965092 -0.994274 0.0458775
v 1.74027 0.274666 0.205091
vn 0.0965092 -0.994274 -0.0458775
v 1.74027 0.274666 0.386152
vn 0.129223 -0.989711 0.0614285
v 1.74027 0.274666 0.386152
vn -0.129223 0.989711 -0.0614285
v 1.74027 0.274666 0.205091
vn -0.0965092 0.994274 0.0458775
v -1.73959 0.274666 0.386152
vn 0.0965092 0.994274 -0.0458775
v -1.73959 0.275338 0.203931
vn -0.114718 -0.90492 -0.409828
v -1.73959 0.275338 0.203931
vn 0.114718 0.90492 0.409828
v 1.75048 0.279688 0.388163
vn 0.766075 -0.122078 0.631051
v 1.75048 0.279688 0.388163
vn -0.766075 0.122078 -0.631051
v 1.758 0.279688 0.387314
vn 0.960557 -0.0883922 0.263661
v 1.74912 0.277176 0.387894
vn 0.678857 -0.476136 0.558969
v 1.75562 0.277176 0.387158
vn 0.898278 -0.363747 0.246545
v 1.75562 0.277176 0.387158
vn -0.898278 0.363747 -0.246545
v 1.74912 0.277176 0.387894
vn -0.678857 0.476136 -0.558969
v 1.758 0.279688 0.387314
vn -0.960557 0.0883922 -0.263661
v 1.74912 0.275338 0.386733
vn 0.626055 -0.760613 0.171823
v 1.74912 0.275338 0.386733
vn -0.626055 0.760613 -0.171823
v 1.74912 0.275338 0.386733
vn 0.626053 -0.760615 0.171823
v 1.74539 0.275338 0.387158
vn 0.404682 -0.851591 0.333203
v 1.74027 0.274666 0.386152
vn 0.213974 -0.971529 0.101718
v 1.74027 0.274666 0.386152
vn -0.213974 0.971529 -0.101718
v 1.74539 0.275338 0.387158
vn -0.404682 0.851591 -0.333203
v 1.74912 0.275338 0.386733
vn -0.626053 0.760615 -0.171823
v -1.75732 0.344961 0.203931
vn -0.960561 0.0883923 -0.263644
v -1.75732 0.34747 0.205091
vn -0.942235 0.329673 -0.059231
v -1.75495 0.34747 0.204087
vn -0.89828 0.363748 -0.246537
v -1.75495 0.34747 0.204087
vn 0.89828 -0.363748 0.246537
v -1.75732 0.34747 0.205091
vn 0.942235 -0.329673 0.059231
v -1.75732 0.344961 0.203931
vn 0.960561 -0.0883923 0.263644
v -1.75495 0.34747 0.204087
vn -0.898277 0.363755 -0.246537
v -1.74982 0.349309 0.205091
vn -0.689118 0.723337 -0.0435946
v -1.74846 0.349309 0.204511
vn -0.626055 0.760613 -0.171823
v -1.74846 0.349309 0.204511
vn 0.626055 -0.760613 0.171823
v -1.74982 0.349309 0.205091
vn 0.689118 -0.723337 0.0435946
v -1.75495 0.34747 0.204087
vn 0.898277 -0.363755 0.246537
v -1.76006 0.279688 0.205091
vn -0.994892 -0.0792294 -0.0625569
v -1.75732 0.344961 0.203931
vn -0.960513 0.0883643 -0.263832
v -1.75732 0.279688 0.203931
vn -0.960537 -0.0883746 -0.263739
v -1.75732 0.279688 0.203931
vn 0.960537 0.0883746 0.263739
v -1.75732 0.344961 0.203931
vn 0.960513 -0.0883643 0.263832
v -1.76006 0.279688 0.205091
vn 0.994892 0.0792294 0.0625569
v -1.74846 0.275338 0.204511
vn -0.626051 -0.760614 -0.171833
v -1.74846 0.277176 0.203351
vn -0.678859 -0.476144 -0.55896
v -1.7447 0.275338 0.204087
vn -0.404683 -0.851589 -0.333207
v -1.7447 0.275338 0.204087
vn 0.404683 0.851589 0.333207
v -1.74846 0.277176 0.203351
vn 0.678859 0.476144 0.55896
v -1.74846 0.275338 0.204511
vn 0.626051 0.760614 0.171833
v -1.75495 0.277176 0.204087
vn -0.898277 -0.363752 -0.246542
v -1.75495 0.277176 0.204087
vn 0.898277 0.363752 0.246542
v -1.75495 0.277176 0.204087
vn -0.898279 -0.363748 -0.246541
v -1.76006 0.279688 0.205091
vn -0.994905 -0.0792517 -0.0623151
v -1.75732 0.279688 0.203931
vn -0.960563 -0.0883905 -0.263641
v -1.75732 0.279688 0.203931
vn 0.960563 0.0883905 0.263641
v -1.76006 0.279688 0.205091
vn 0.994905 0.0792517 0.0623151
v -1.75495 0.277176 0.204087
vn 0.898279 0.363748 0.246541
v 1.74027 0.349309 0.387314
vn 0.114717 0.904917 0.409835
v 1.74912 0.34747 0.387894
vn 0.678857 0.476143 0.558964
v 1.74539 0.349309 0.387158
vn 0.404682 0.851589 0.333209
v 1.74539 0.349309 0.387158
vn -0.404682 -0.851589 -0.333209
v 1.74912 0.34747 0.387894
vn -0.678857 -0.476143 -0.558964
v 1.74027 0.349309 0.387314
vn -0.114717 -0.904917 -0.409835
v -1.74982 0.349309 0.205091
vn -0.688383 0.724043 -0.0434861
v -1.75732 0.34747 0.386152
vn -0.94158 0.331558 0.059124
v -1.74982 0.349309 0.386152
vn -0.688731 0.723708 0.0435326
v -1.74982 0.349309 0.386152
vn 0.688731 -0.723708 -0.0435326
v -1.75732 0.34747 0.386152
vn 0.94158 -0.331558 -0.059124
v -1.74982 0.349309 0.205091
vn 0.688383 -0.724043 0.0434861
v -1.73959 0.349981 0.386152
vn -0.213974 0.971529 0.101717
v -1.74982 0.349309 0.386152
vn -0.689119 0.723336 0.0435906
v -1.74846 0.349309 0.386733
vn -0.626053 0.760615 0.171822
v -1.74846 0.349309 0.386733
vn 0.626053 -0.760615 -0.171822
v -1.74982 0.349309 0.386152
vn 0.689119 -0.723336 -0.0435906
v -1.73959 0.349981 0.386152
vn 0.213974 -0.971529 -0.101717
v -1.73959 0.34747 0.388163
vn -0.217363 0.578066 0.786506
v -1.73959 0.34747 0.388163
vn 0.217363 -0.578066 -0.786506
v 1.74027 0.34747 0.388163
vn 0.218589 0.578436 0.785895
v 1.74027 0.34747 0.388163
vn -0.218589 -0.578436 -0.785895
v -1.74846 0.349309 0.386733
vn -0.626051 0.760614 0.171833
v -1.74846 0.34747 0.387894
vn -0.678859 0.476144 0.55896
v -1.7447 0.349309 0.387158
vn -0.404683 0.851589 0.333207
v -1.7447 0.349309 0.387158
vn 0.404683 -0.851589 -0.333207
v -1.74846 0.34747 0.387894
vn 0.678859 -0.476144 -0.55896
v -1.74846 0.349309 0.386733
vn 0.626051 -0.760614 -0.171833
v -1.74846 0.34747 0.387894
vn -0.678859 0.476143 0.558962
v -1.74846 0.34747 0.387894
vn 0.678859 -0.476143 -0.558962
v 1.74912 0.34747 0.387894
vn 0.678852 0.476135 0.558977
v 1.74027 0.344961 0.388474
vn 0.263647 0.15941 0.951356
v 1.75048 0.344961 0.388163
vn 0.766217 0.122117 0.630871
v 1.75048 0.344961 0.388163
vn -0.766217 -0.122117 -0.630871
v 1.74027 0.344961 0.388474
vn -0.263647 -0.15941 -0.951356
v 1.74912 0.34747 0.387894
vn -0.678852 -0.476135 -0.558977
v -1.73959 0.274666 0.205091
vn -0.213117 -0.971567 -0.103149
v -1.73959 0.274666 0.205091
vn 0.213117 0.971567 0.103149
v -1.73959 0.274666 0.205091
vn -0.129223 -0.989711 -0.0614285
v -1.73959 0.274666 0.205091
vn 0.129223 0.989711 0.0614285
v 1.74027 0.274666 0.386152
vn 0.212401 -0.971588 0.104416
v -1.73959 0.275338 0.387314
vn -0.113808 -0.904949 0.410018
v -1.73959 0.274666 0.386152
vn -0.213116 -0.971567 0.103148
v -1.73959 0.274666 0.386152
vn 0.213116 0.971567 -0.103148
v -1.73959 0.275338 0.387314
vn 0.113808 0.904949 -0.410018
v 1.74027 0.274666 0.386152
vn -0.212401 0.971588 -0.104416
v -1.73959 0.275338 0.203931
vn -0.114717 -0.904923 -0.409823
v -1.73959 0.274666 0.205091
vn -0.213974 -0.971529 -0.101719
v -1.7447 0.275338 0.204087
vn -0.404682 -0.851591 -0.333204
v -1.7447 0.275338 0.204087
vn 0.404682 0.851591 0.333204
v -1.73959 0.274666 0.205091
vn 0.213974 0.971529 0.101719
v -1.73959 0.275338 0.203931
vn 0.114717 0.904923 0.409823
v 1.75048 0.344961 0.388163
vn 0.765772 0.122034 0.631428
v 1.74027 0.279688 0.388474
vn 0.263458 -0.159258 0.951434
v 1.75048 0.279688 0.388163
vn 0.765986 -0.122072 0.631161
v 1.75048 0.279688 0.388163
vn -0.765986 0.122072 -0.631161
v 1.74027 0.279688 0.388474
vn -0.263458 0.159258 -0.951434
v 1.75048 0.344961 0.388163
vn -0.765772 -0.122034 -0.631428
v 1.75048 0.279688 0.388163
vn 0.766221 -0.122117 0.630867
v 1.75048 0.279688 0.388163
vn -0.766221 0.122117 -0.630867
v 1.74912 0.277176 0.387894
vn 0.678859 -0.476145 0.558961
v 1.74912 0.275338 0.386733
vn 0.62605 -0.760614 0.171834
v 1.75562 0.277176 0.387158
vn 0.898277 -0.363752 0.246542
v 1.75562 0.277176 0.387158
vn -0.898277 0.363752 -0.246542
v 1.74912 0.275338 0.386733
vn -0.62605 0.760614 -0.171834
v 1.74912 0.277176 0.387894
vn -0.678859 0.476145 -0.558961
v 1.74539 0.275338 0.387158
vn 0.404683 -0.851589 0.333207
v 1.74539 0.275338 0.387158
vn -0.404683 0.851589 -0.333207
v 1.74539 0.275338 0.387158
vn 0.404682 -0.851591 0.333204
v 1.74027 0.275338 0.387314
vn 0.114717 -0.904923 0.409823
v 1.74027 0.274666 0.386152
vn 0.213974 -0.971529 0.101719
v 1.74027 0.274666 0.386152
vn -0.213974 0.971529 -0.101719
v 1.74027 0.275338 0.387314
vn -0.114717 0.904923 -0.409823
v 1.74539 0.275338 0.387158
vn -0.404682 0.851591 -0.333204
v -1.76006 0.344961 0.205091
vn -0.994905 0.0792497 -0.0623111
v -1.76006 0.344961 0.205091
vn 0.994905 -0.0792497 0.0623111
v -1.75732 0.34747 0.205091
vn -0.942234 0.329677 -0.0592252
v -1.75732 0.34747 0.205091
vn 0.942234 -0.329677 0.0592252
v -1.76006 0.344961 0.205091
vn -0.994898 0.079237 -0.062439
v -1.76006 0.344961 0.205091
vn 0.994898 -0.079237 0.062439
v -1.73959 0.274666 0.205091
vn -0.213974 -0.971529 -0.101718
v -1.74846 0.275338 0.204511
vn -0.626053 -0.760615 -0.171823
v -1.7447 0.275338 0.204087
vn -0.404682 -0.851591 -0.333203
v -1.7447 0.275338 0.204087
vn 0.404682 0.851591 0.333203
v -1.74846 0.275338 0.204511
vn 0.626053 0.760615 0.171823
v -1.73959 0.274666 0.205091
vn 0.213974 0.971529 0.101718
v -1.74982 0.275338 0.205091
vn -0.689118 -0.723337 -0.0435945
v -1.75495 0.277176 0.204087
vn -0.898277 -0.363755 -0.246537
v -1.74846 0.275338 0.204511
vn -0.626055 -0.760613 -0.171823
v -1.74846 0.275338 0.204511
vn 0.626055 0.760613 0.171823
v -1.75495 0.277176 0.204087
vn 0.898277 0.363755 0.246537
v -1.74982 0.275338 0.205091
vn 0.689118 0.723337 0.0435945
v -1.75732 0.277176 0.205091
vn -0.942236 -0.329672 -0.0592265
v -1.75732 0.277176 0.205091
vn 0.942236 0.329672 0.0592265
v -1.75732 0.34747 0.205091
vn -0.941882 0.330693 -0.0591672
v -1.75732 0.34747 0.205091
vn 0.941882 -0.330693 0.0591672
v -1.75495 0.34747 0.387158
vn -0.898277 0.363755 0.246537
v -1.74982 0.349309 0.386152
vn -0.689118 0.723337 0.0435948
v -1.75732 0.34747 0.386152
vn -0.942234 0.329677 0.0592252
v -1.75732 0.34747 0.386152
vn 0.942234 -0.329677 -0.0592252
v -1.74982 0.349309 0.386152
vn 0.689118 -0.723337 -0.0435948
v -1.75495 0.34747 0.387158
vn 0.898277 -0.363755 -0.246537
v -1.74846 0.349309 0.386733
vn -0.626055 0.760613 0.171823
v -1.74846 0.349309 0.386733
vn 0.626055 -0.760613 -0.171823
v -1.73959 0.34747 0.388163
vn -0.216141 0.573876 0.789905
v 1.74027 0.344961 0.388474
vn 0.26036 0.159341 0.952273
v 1.74027 0.34747 0.388163
vn 0.217279 0.576017 0.788032
v 1.74027 0.34747 0.388163
vn -0.217279 -0.576017 -0.788032
v 1.74027 0.344961 0.388474
vn -0.26036 -0.159341 -0.952273
v -1.73959 0.34747 0.388163
vn 0.216141 -0.573876 -0.789905
v 1.74027 0.34747 0.388163
vn 0.218589 0.578431 0.785899
v 1.74027 0.34747 0.388163
vn -0.218589 -0.578431 -0.785899
v -1.75495 0.34747 0.387158
vn -0.898277 0.363752 0.246542
v -1.75495 0.34747 0.387158
vn 0.898277 -0.363752 -0.246542
v -1.74982 0.344961 0.388163
vn -0.76621 0.122118 0.63088
v -1.73959 0.34747 0.388163
vn -0.218586 0.578424 0.785904
v -1.74846 0.34747 0.387894
vn -0.678859 0.476138 0.558966
v -1.74846 0.34747 0.387894
vn 0.678859 -0.476138 -0.558966
v -1.73959 0.34747 0.388163
vn 0.218586 -0.578424 -0.785904
v -1.74982 0.344961 0.388163
vn 0.76621 -0.122118 -0.63088
v 1.74027 0.344961 0.388474
vn 0.263552 0.159329 0.951396
v 1.74027 0.344961 0.388474
vn -0.263552 -0.159329 -0.951396
v -1.73959 0.274666 0.386152
vn -0.213601 -0.971646 0.101382
v -1.74982 0.275338 0.205091
vn -0.687639 -0.72475 -0.0434754
v -1.73959 0.274666 0.205091
vn -0.21378 -0.971591 -0.101534
v -1.73959 0.274666 0.205091
vn 0.21378 0.971591 0.101534
v -1.74982 0.275338 0.205091
vn 0.687639 0.72475 0.0434754
v -1.73959 0.274666 0.386152
vn 0.213601 0.971646 -0.101382
v 1.74027 0.275338 0.387314
vn 0.114223 -0.904954 0.409893
v 1.74027 0.275338 0.387314
vn -0.114223 0.904954 -0.409893
v -1.73959 0.275338 0.387314
vn -0.114717 -0.904923 0.409823
v -1.7447 0.275338 0.387158
vn -0.404682 -0.851591 0.333204
v -1.73959 0.274666 0.386152
vn -0.213974 -0.971529 0.101719
v -1.73959 0.274666 0.386152
vn 0.213974 0.971529 -0.101719
v -1.7447 0.275338 0.387158
vn 0.404682 0.851591 -0.333204
v -1.73959 0.275338 0.387314
vn 0.114717 0.904923 -0.409823
v 1.74027 0.277176 0.388163
vn 0.218586 -0.578424 0.785904
v 1.75048 0.279688 0.388163
vn 0.76621 -0.122118 0.63088
v 1.74027 0.279688 0.388474
vn 0.26365 -0.15941 0.951355
v 1.74027 0.279688 0.388474
vn -0.26365 0.15941 -0.951355
v 1.75048 0.279688 0.388163
vn -0.76621 0.122118 -0.63088
v 1.74027 0.277176 0.388163
vn -0.218586 0.578424 -0.785904
v 1.74912 0.277176 0.387894
vn 0.678859 -0.476138 0.558966
v 1.74912 0.277176 0.387894
vn -0.678859 0.476138 -0.558966
v 1.74912 0.277176 0.387894
vn 0.678857 -0.476143 0.558964
v 1.74027 0.275338 0.387314
vn 0.114717 -0.904917 0.409835
v 1.74539 0.275338 0.387158
vn 0.404682 -0.851589 0.333209
v 1.74539 0.275338 0.387158
vn -0.404682 0.851589 -0.333209
v 1.74027 0.275338 0.387314
vn -0.114717 0.904917 -0.409835
v 1.74912 0.277176 0.387894
vn -0.678857 0.476143 -0.558964
v -1.76006 0.344961 0.386152
vn -0.994848 0.0800313 0.062225
v -1.75732 0.34747 0.205091
vn -0.942099 0.330078 -0.0591358
v -1.76006 0.344961 0.205091
vn -0.994875 0.0796719 -0.0622597
v -1.76006 0.344961 0.205091
vn 0.994875 -0.0796719 0.0622597
v -1.75732 0.34747 0.205091
vn 0.942099 -0.330078 0.0591358
v -1.76006 0.344961 0.386152
vn 0.994848 -0.0800313 -0.062225
v -1.76006 0.279688 0.386152
vn -0.995219 -0.0767802 0.0603665
v -1.76006 0.344961 0.205091
vn -0.995219 0.0767802 -0.0603665
v -1.76006 0.279688 0.205091
vn -0.995089 -0.077815 -0.0611802
v -1.76006 0.279688 0.205091
vn 0.995089 0.077815 0.0611802
v -1.76006 0.344961 0.205091
vn 0.995219 -0.0767802 0.0603665
v -1.76006 0.279688 0.386152
vn 0.995219 0.0767802 -0.0603665
v -1.73959 0.274666 0.205091
vn -0.213974 -0.971529 -0.101717
v -1.74982 0.275338 0.205091
vn -0.689119 -0.723336 -0.0435906
v -1.74846 0.275338 0.204511
vn -0.626053 -0.760615 -0.171822
v -1.74846 0.275338 0.204511
vn 0.626053 0.760615 0.171822
v -1.74982 0.275338 0.205091
vn 0.689119 0.723336 0.0435906
v -1.73959 0.274666 0.205091
vn 0.213974 0.971529 0.101717
v -1.75732 0.277176 0.205091
vn -0.942234 -0.329677 -0.0592252
v -1.75732 0.277176 0.205091
vn 0.942234 0.329677 0.0592252
v -1.75732 0.277176 0.205091
vn -0.9421 -0.330078 -0.0591357
v -1.76006 0.279688 0.386152
vn -0.994848 -0.0800311 0.0622249
v -1.76006 0.279688 0.205091
vn -0.994875 -0.0796717 -0.0622596
v -1.76006 0.279688 0.205091
vn 0.994875 0.0796717 0.0622596
v -1.76006 0.279688 0.386152
vn 0.994848 0.0800311 -0.0622249
v -1.75732 0.277176 0.205091
vn 0.9421 0.330078 0.0591357
v -1.75732 0.34747 0.386152
vn -0.942166 0.329882 0.0591731
v -1.75732 0.34747 0.386152
vn 0.942166 -0.329882 -0.0591731
v -1.76006 0.344961 0.386152
vn -0.994905 0.0792517 0.0623149
v -1.75495 0.34747 0.387158
vn -0.898279 0.363748 0.246541
v -1.75732 0.34747 0.386152
vn -0.942236 0.329672 0.0592264
v -1.75732 0.34747 0.386152
vn 0.942236 -0.329672 -0.0592264
v -1.75495 0.34747 0.387158
vn 0.898279 -0.363748 -0.246541
v -1.76006 0.344961 0.386152
vn 0.994905 -0.0792517 -0.0623149
v -1.73959 0.344961 0.388474
vn -0.261891 0.159398 0.951843
v -1.73959 0.344961 0.388474
vn 0.261891 -0.159398 -0.951843
v -1.75732 0.344961 0.387314
vn -0.960557 0.0883922 0.26366
v -1.74846 0.34747 0.387894
vn -0.678857 0.476136 0.558969
v -1.75495 0.34747 0.387158
vn -0.898278 0.363747 0.246545
v -1.75495 0.34747 0.387158
vn 0.898278 -0.363747 -0.246545
v -1.74846 0.34747 0.387894
vn 0.678857 -0.476136 -0.558969
v -1.75732 0.344961 0.387314
vn 0.960557 -0.0883922 -0.26366
v -1.73959 0.344961 0.388474
vn -0.26365 0.15941 0.951355
v -1.73959 0.344961 0.388474
vn 0.26365 -0.15941 -0.951355
v -1.74982 0.344961 0.388163
vn -0.766221 0.122117 0.630867
v -1.74982 0.344961 0.388163
vn 0.766221 -0.122117 -0.630867
v -1.73959 0.344961 0.388474
vn -0.198082 0.119764 0.972841
v 1.74027 0.279688 0.388474
vn 0.198082 -0.119764 0.972841
v 1.74027 0.344961 0.388474
vn 0.224385 0.135667 0.965011
v 1.74027 0.344961 0.388474
vn -0.224385 -0.135667 -0.965011
v 1.74027 0.279688 0.388474
vn -0.198082 0.119764 -0.972841
v -1.73959 0.344961 0.388474
vn 0.198082 -0.119764 -0.972841
v -1.74982 0.275338 0.386152
vn -0.688318 -0.724102 0.0435272
v -1.74982 0.275338 0.386152
vn 0.688318 0.724102 -0.0435272
v 1.74027 0.275338 0.387314
vn 0.113727 -0.902367 0.415693
v -1.73959 0.277176 0.388163
vn -0.216311 -0.57766 0.787095
v -1.73959 0.275338 0.387314
vn -0.114182 -0.903575 0.412935
v -1.73959 0.275338 0.387314
vn 0.114182 0.903575 -0.412935
v -1.73959 0.277176 0.388163
vn 0.216311 0.57766 -0.787095
v 1.74027 0.275338 0.387314
vn -0.113727 0.902367 -0.415693
v -1.73959 0.277176 0.388163
vn -0.218587 -0.578435 0.785896
v -1.7447 0.275338 0.387158
vn -0.404679 -0.851587 0.333217
v -1.73959 0.275338 0.387314
vn -0.114718 -0.90492 0.409828
v -1.73959 0.275338 0.387314
vn 0.114718 0.90492 -0.409828
v -1.7447 0.275338 0.387158
vn 0.404679 0.851587 -0.333217
v -1.73959 0.277176 0.388163
vn 0.218587 0.578435 -0.785896
v -1.73959 0.274666 0.386152
vn -0.213974 -0.971529 0.101718
v -1.7447 0.275338 0.387158
vn -0.404682 -0.851591 0.333203
v -1.74846 0.275338 0.386733
vn -0.626053 -0.760615 0.171823
v -1.74846 0.275338 0.386733
vn 0.626053 0.760615 -0.171823
v -1.7447 0.275338 0.387158
vn 0.404682 0.851591 -0.333203
v -1.73959 0.274666 0.386152
vn 0.213974 0.971529 -0.101718
v -1.73959 0.279688 0.388474
vn -0.260356 -0.159338 0.952274
v 1.74027 0.277176 0.388163
vn 0.216137 -0.573869 0.789911
v 1.74027 0.279688 0.388474
vn 0.261889 -0.159397 0.951844
v 1.74027 0.279688 0.388474
vn -0.261889 0.159397 -0.951844
v 1.74027 0.277176 0.388163
vn -0.216137 0.573869 -0.789911
v -1.73959 0.279688 0.388474
vn 0.260356 0.159338 -0.952274
v 1.74027 0.277176 0.388163
vn 0.218589 -0.578436 0.785895
v 1.74027 0.277176 0.388163
vn -0.218589 0.578436 -0.785895
v -1.76006 0.344961 0.386152
vn -0.995089 0.077815 0.0611802
v -1.76006 0.344961 0.386152
vn 0.995089 -0.077815 -0.0611802
v -1.74982 0.275338 0.386152
vn -0.688382 -0.724043 0.0434861
v -1.75732 0.277176 0.205091
vn -0.94158 -0.331559 -0.059124
v -1.74982 0.275338 0.205091
vn -0.688731 -0.723709 -0.0435326
v -1.74982 0.275338 0.205091
vn 0.688731 0.723709 0.0435326
v -1.75732 0.277176 0.205091
vn 0.94158 0.331559 0.059124
v -1.74982 0.275338 0.386152
vn 0.688382 0.724043 -0.0434861
v -1.75732 0.277176 0.386152
vn -0.942166 -0.329882 0.0591731
v -1.75732 0.277176 0.386152
vn 0.942166 0.329882 -0.0591731
v -1.75732 0.344961 0.387314
vn -0.960563 0.0883905 0.263641
v -1.75732 0.344961 0.387314
vn 0.960563 -0.0883905 -0.263641
v -1.74982 0.279688 0.388163
vn -0.765771 -0.122034 0.631429
v -1.73959 0.344961 0.388474
vn -0.263457 0.159257 0.951434
v -1.74982 0.344961 0.388163
vn -0.765985 0.122072 0.631162
v -1.74982 0.344961 0.388163
vn 0.765985 -0.122072 -0.631162
v -1.73959 0.344961 0.388474
vn 0.263457 -0.159257 -0.951434
v -1.74982 0.279688 0.388163
vn 0.765771 0.122034 -0.631429
v -1.75732 0.344961 0.387314
vn -0.960391 0.0883582 0.264276
v -1.74982 0.279688 0.388163
vn -0.765938 -0.122046 0.631224
v -1.74982 0.344961 0.388163
vn -0.766076 0.122078 0.631051
v -1.74982 0.344961 0.388163
vn 0.766076 -0.122078 -0.631051
v -1.74982 0.279688 0.388163
vn 0.765938 0.122046 -0.631224
v -1.75732 0.344961 0.387314
vn 0.960391 -0.0883582 -0.264276
v -1.73959 0.279688 0.388474
vn -0.224385 -0.135667 0.965011
v -1.73959 0.279688 0.388474
vn 0.224385 0.135667 -0.965011
v -1.73959 0.274666 0.386152
vn -0.213974 -0.971529 0.101717
v -1.74846 0.275338 0.386733
vn -0.626053 -0.760615 0.171822
v -1.74982 0.275338 0.386152
vn -0.689119 -0.723336 0.0435906
v -1.74982 0.275338 0.386152
vn 0.689119 0.723336 -0.0435906
v -1.74846 0.275338 0.386733
vn 0.626053 0.760615 -0.171822
v -1.73959 0.274666 0.386152
vn 0.213974 0.971529 -0.101717
v 1.74027 0.277176 0.388163
vn 0.217364 -0.578068 0.786506
v 1.74027 0.277176 0.388163
vn -0.217364 0.578068 -0.786506
v -1.74846 0.277176 0.387894
vn -0.678859 -0.476143 0.558962
v -1.74846 0.277176 0.387894
vn 0.678859 0.476143 -0.558962
v -1.74846 0.277176 0.387894
vn -0.678859 -0.476144 0.55896
v -1.74846 0.275338 0.386733
vn -0.626051 -0.760614 0.171833
v -1.7447 0.275338 0.387158
vn -0.404683 -0.851589 0.333207
v -1.7447 0.275338 0.387158
vn 0.404683 0.851589 -0.333207
v -1.74846 0.275338 0.386733
vn 0.626051 0.760614 -0.171833
v -1.74846 0.277176 0.387894
vn 0.678859 0.476144 -0.55896
v -1.73959 0.277176 0.388163
vn -0.217277 -0.576014 0.788035
v -1.73959 0.277176 0.388163
vn 0.217277 0.576014 -0.788035
v -1.75732 0.279688 0.387314
vn -0.960513 -0.0883643 0.263832
v -1.76006 0.344961 0.386152
vn -0.994892 0.0792294 0.0625569
v -1.76006 0.279688 0.386152
vn -0.994898 -0.079237 0.062439
v -1.76006 0.279688 0.386152
vn 0.994898 0.079237 -0.062439
v -1.76006 0.344961 0.386152
vn 0.994892 -0.0792294 -0.0625569
v -1.75732 0.279688 0.387314
vn 0.960513 0.0883643 -0.263832
v -1.75732 0.277176 0.386152
vn -0.941882 -0.330693 0.0591672
v -1.75732 0.277176 0.386152
vn 0.941882 0.330693 -0.0591672
v -1.75495 0.277176 0.387158
vn -0.898279 -0.363748 0.246541
v -1.76006 0.279688 0.386152
vn -0.994905 -0.0792517 0.062315
v -1.75732 0.277176 0.386152
vn -0.942236 -0.329672 0.0592265
v -1.75732 0.277176 0.386152
vn 0.942236 0.329672 -0.0592265
v -1.76006 0.279688 0.386152
vn 0.994905 0.0792517 -0.062315
v -1.75495 0.277176 0.387158
vn 0.898279 0.363748 -0.246541
v -1.75732 0.344961 0.387314
vn -0.960537 0.0883746 0.263739
v -1.75732 0.344961 0.387314
vn 0.960537 -0.0883746 -0.263739
v -1.73959 0.279688 0.388474
vn -0.263552 -0.159329 0.951396
v -1.73959 0.279688 0.388474
vn 0.263552 0.159329 -0.951396
v -1.75732 0.279688 0.387314
vn -0.960472 -0.0883716 0.263976
v -1.75732 0.279688 0.387314
vn 0.960472 0.0883716 -0.263976
v -1.75495 0.277176 0.387158
vn -0.898277 -0.363755 0.246537
v -1.74982 0.275338 0.386152
vn -0.689118 -0.723337 0.0435945
v -1.74846 0.275338 0.386733
vn -0.626055 -0.760613 0.171823
v -1.74846 0.275338 0.386733
vn 0.626055 0.760613 -0.171823
v -1.74982 0.275338 0.386152
vn 0.689118 0.723337 -0.0435945
v -1.75495 0.277176 0.387158
vn 0.898277 0.363755 -0.246537
v -1.73959 0.279688 0.388474
vn -0.263647 -0.15941 0.951356
v -1.74846 0.277176 0.387894
vn -0.678852 -0.476135 0.558977
v -1.73959 0.277176 0.388163
vn -0.218589 -0.57843 0.785899
v -1.73959 0.277176 0.388163
vn 0.218589 0.57843 -0.785899
v -1.74846 0.277176 0.387894
vn 0.678852 0.476135 -0.558977
v -1.73959 0.279688 0.388474
vn 0.263647 0.15941 -0.951356
v -1.75495 0.277176 0.387158
vn -0.898277 -0.363752 0.246542
v -1.75495 0.277176 0.387158
vn 0.898277 0.363752 -0.246542
v -1.75732 0.279688 0.387314
vn -0.960563 -0.0883905 0.263641
v -1.75732 0.279688 0.387314
vn 0.960563 0.0883905 -0.263641
v -1.75732 0.277176 0.386152
vn -0.942234 -0.329677 0.0592252
v -1.75732 0.277176 0.386152
vn 0.942234 0.329677 -0.0592252
v -1.74982 0.279688 0.388163
vn -0.766217 -0.122117 0.630871
v -1.74982 0.279688 0.388163
vn 0.766217 0.122117 -0.630871
v -1.75732 0.279688 0.387314
vn -0.960557 -0.0883923 0.263661
v -1.74846 0.277176 0.387894
vn -0.678857 -0.476136 0.558969
v -1.74982 0.279688 0.388163
vn -0.766221 -0.122117 0.630867
v -1.74982 0.279688 0.388163
vn 0.766221 0.122117 -0.630867
v -1.74846 0.277176 0.387894
vn 0.678857 0.476136 -0.558969
v -1.75732 0.279688 0.387314
vn 0.960557 0.0883923 -0.263661
v -1.75495 0.277176 0.387158
vn -0.898278 -0.363747 0.246545
v -1.75495 0.277176 0.387158
vn 0.898278 0.363747 -0.246545
v 1.75048 0.348809 0.206091
vn 0.47425 0.865424 0.161643
v 1.75562 0.345021 0.209249
vn 0.68681 0.417808 0.594751
v 1.758 0.345606 0.206091
vn 0.842511 0.51253 0.165797
v 1.74912 0.347793 0.209249
vn 0.389843 0.711425 0.58472
v 1.758 0.345606 0.206091
vn -0.842511 -0.51253 -0.165797
v 1.75562 0.345021 0.209249
vn -0.68681 -0.417808 -0.594751
v 1.75048 0.348809 0.206091
vn -0.47425 -0.865424 -0.161643
v 1.74912 0.347793 0.209249
vn -0.389843 -0.711425 -0.58472
v 1.758 0.341231 0.209249
vn 0.795747 0.110863 0.595396
v 1.758 0.345606 0.206091
vn 0.842519 0.512514 0.165802
v 1.75562 0.345021 0.209249
vn 0.686818 0.417785 0.594757
v 1.75562 0.345021 0.209249
vn -0.686818 -0.417785 -0.594757
v 1.758 0.345606 0.206091
vn -0.842519 -0.512514 -0.165802
v 1.758 0.341231 0.209249
vn -0.795747 -0.110863 -0.595396
v 1.758 0.345606 0.12401
vn 0.842248 0.513027 -0.165598
v 1.75048 0.348809 0.206091
vn 0.474348 0.865411 0.161425
v 1.758 0.345606 0.206091
vn 0.842376 0.512788 0.165684
v 1.758 0.345606 0.206091
vn -0.842376 -0.512788 -0.165684
v 1.75048 0.348809 0.206091
vn -0.474348 -0.865411 -0.161425
v 1.758 0.345606 0.12401
vn -0.842248 -0.513027 0.165598
v 1.75048 0.348809 0.206091
vn 0.474232 0.865434 0.161643
v 1.74027 0.348809 0.209249
vn 0.101789 0.811095 0.57599
v 1.74912 0.347793 0.209249
vn 0.389834 0.71143 0.584719
v 1.74912 0.347793 0.209249
vn -0.389834 -0.71143 -0.584719
v 1.74027 0.348809 0.209249
vn -0.101789 -0.811095 -0.57599
v 1.75048 0.348809 0.206091
vn -0.474232 -0.865434 -0.161643
v 1.74912 0.347793 0.209249
vn 0.389838 0.711415 0.584736
v 1.74912 0.343418 0.21156
vn 0.350921 0.213477 0.911747
v 1.75562 0.345021 0.209249
vn 0.686806 0.41779 0.594768
v 1.75562 0.345021 0.209249
vn -0.686806 -0.41779 -0.594768
v 1.74912 0.343418 0.21156
vn -0.350921 -0.213477 -0.911747
v 1.74912 0.347793 0.209249
vn -0.389838 -0.711415 -0.584736
v 1.76074 0.341231 0.206091
vn 0.976698 0.135575 0.166376
v 1.76074 0.341231 0.206091
vn -0.976698 -0.135575 -0.166376
v 1.75562 0.345021 0.209249
vn 0.686809 0.417778 0.594773
v 1.75048 0.341231 0.21156
vn 0.406281 0.0569647 0.911971
v 1.758 0.341231 0.209249
vn 0.795737 0.110855 0.59541
v 1.758 0.341231 0.209249
vn -0.795737 -0.110855 -0.59541
v 1.75048 0.341231 0.21156
vn -0.406281 -0.0569647 -0.911971
v 1.75562 0.345021 0.209249
vn -0.686809 -0.417778 -0.594773
v 1.75048 0.348809 0.12401
vn 0.474318 0.86541 -0.161519
v 1.75048 0.348809 0.12401
vn -0.474318 -0.86541 0.161519
v 1.758 0.345606 0.206091
vn 0.842627 0.512396 0.165621
v 1.76074 0.341231 0.12401
vn 0.976691 0.135837 -0.166203
v 1.758 0.345606 0.12401
vn 0.842585 0.512441 -0.165695
v 1.758 0.345606 0.12401
vn -0.842585 -0.512441 0.165695
v 1.76074 0.341231 0.12401
vn -0.976691 -0.135837 0.166203
v 1.758 0.345606 0.206091
vn -0.842627 -0.512396 -0.165621
v 1.74027 0.349981 0.206091
vn 0.122508 0.979745 0.158403
v 1.74027 0.349981 0.206091
vn -0.122508 -0.979745 -0.158403
v 1.74027 0.348809 0.209249
vn 0.101786 0.811079 0.576012
v 1.74539 0.345021 0.21156
vn 0.201689 0.368087 0.907653
v 1.74912 0.347793 0.209249
vn 0.389831 0.711422 0.584732
v 1.74912 0.347793 0.209249
vn -0.389831 -0.711422 -0.584732
v 1.74539 0.345021 0.21156
vn -0.201689 -0.368087 -0.907653
v 1.74027 0.348809 0.209249
vn -0.101786 -0.811079 -0.576012
v 1.74539 0.345021 0.21156
vn 0.201696 0.368075 0.907656
v 1.74539 0.345021 0.21156
vn -0.201696 -0.368075 -0.907656
v 1.74912 0.343418 0.21156
vn 0.350923 0.213464 0.911749
v 1.74912 0.343418 0.21156
vn -0.350923 -0.213464 -0.911749
v 1.758 -0.341231 0.209249
vn 0.79657 -0.110156 0.594425
v 1.76074 0.341231 0.206091
vn 0.976516 0.134734 0.168114
v 1.758 0.341231 0.209249
vn 0.796273 0.11046 0.594767
v 1.758 0.341231 0.209249
vn -0.796273 -0.11046 -0.594767
v 1.76074 0.341231 0.206091
vn -0.976516 -0.134734 -0.168114
v 1.758 -0.341231 0.209249
vn -0.79657 0.110156 -0.594425
v 1.76074 0.341231 0.206091
vn 0.976696 0.135712 0.166275
v 1.76074 0.341231 0.206091
vn -0.976696 -0.135712 -0.166275
v 1.75048 0.341231 0.21156
vn 0.407035 0.0564685 0.911665
v 1.758 -0.341231 0.209249
vn 0.793722 -0.109978 0.598256
v 1.758 0.341231 0.209249
vn 0.79473 0.110371 0.596843
v 1.758 0.341231 0.209249
vn -0.79473 -0.110371 -0.596843
v 1.758 -0.341231 0.209249
vn -0.793722 0.109978 -0.598256
v 1.75048 0.341231 0.21156
vn -0.407035 -0.0564685 -0.911665
v 1.758 0.345606 0.12401
vn 0.842506 0.512537 -0.165801
v 1.74912 0.347793 0.120854
vn 0.389846 0.711428 -0.584714
v 1.75048 0.348809 0.12401
vn 0.474249 0.865425 -0.161639
v 1.75048 0.348809 0.12401
vn -0.474249 -0.865425 0.161639
v 1.74912 0.347793 0.120854
vn -0.389846 -0.711428 0.584714
v 1.758 0.345606 0.12401
vn -0.842506 -0.512537 0.165801
v 1.74027 0.349981 0.12401
vn 0.122583 0.979775 -0.15816
v 1.75048 0.348809 0.206091
vn 0.473833 0.865697 0.161404
v 1.75048 0.348809 0.12401
vn 0.474028 0.865571 -0.161509
v 1.75048 0.348809 0.12401
vn -0.474028 -0.865571 0.161509
v 1.75048 0.348809 0.206091
vn -0.473833 -0.865697 -0.161404
v 1.74027 0.349981 0.12401
vn -0.122583 -0.979775 0.15816
v 1.76074 0.341231 0.12401
vn 0.976696 0.135579 -0.166381
v 1.75562 0.345021 0.120854
vn 0.686822 0.417784 -0.594754
v 1.758 0.345606 0.12401
vn 0.842519 0.512516 -0.165797
v 1.758 0.345606 0.12401
vn -0.842519 -0.512516 0.165797
v 1.75562 0.345021 0.120854
vn -0.686822 -0.417784 0.594754
v 1.76074 0.341231 0.12401
vn -0.976696 -0.135579 0.166381
v 1.74027 0.349981 0.206091
vn 0.122555 0.979761 0.158269
v 1.74027 0.349981 0.206091
vn -0.122555 -0.979761 -0.158269
v 1.74027 0.349981 0.206091
vn 0.120066 0.979593 0.161186
v -1.73959 0.348809 0.209249
vn -0.0998343 0.814918 0.570913
v 1.74027 0.348809 0.209249
vn 0.100718 0.813233 0.573156
v 1.74027 0.348809 0.209249
vn -0.100718 -0.813233 -0.573156
v -1.73959 0.348809 0.209249
vn 0.0998343 -0.814918 -0.570913
v 1.74027 0.349981 0.206091
vn -0.120066 -0.979593 -0.161186
v 1.74027 0.345606 0.21156
vn 0.0535862 0.42429 0.903939
v 1.74027 0.345606 0.21156
vn -0.0535862 -0.42429 -0.903939
v 1.74912 0.343418 0.21156
vn 0.350917 0.213463 0.911751
v 1.74539 0.345021 0.21156
vn 0.201691 0.36807 0.907659
v 1.74027 0.341231 0.212405
vn 0.101856 0.107317 0.988994
v 1.74027 0.341231 0.212405
vn -0.101856 -0.107317 -0.988994
v 1.74539 0.345021 0.21156
vn -0.201691 -0.36807 -0.907659
v 1.74912 0.343418 0.21156
vn -0.350917 -0.213463 -0.911751
v 1.75048 0.341231 0.21156
vn 0.406273 0.0569592 0.911975
v 1.74912 0.343418 0.21156
vn 0.350918 0.213462 0.911752
v 1.74027 0.341231 0.212405
vn 0.101857 0.107315 0.988994
v 1.74027 0.341231 0.212405
vn -0.101857 -0.107315 -0.988994
v 1.74912 0.343418 0.21156
vn -0.350918 -0.213462 -0.911752
v 1.75048 0.341231 0.21156
vn -0.406273 -0.0569592 -0.911975
v 1.76074 -0.341231 0.206091
vn 0.976613 -0.135092 0.167262
v 1.76074 -0.341231 0.206091
vn -0.976613 0.135092 -0.167262
v 1.76074 -0.341231 0.206091
vn 0.982498 -0.117668 0.144403
v 1.76074 0.341231 0.12401
vn 0.982498 0.117668 -0.144403
v 1.76074 0.341231 0.206091
vn 0.980311 0.124733 0.153073
v 1.76074 0.341231 0.206091
vn -0.980311 -0.124733 -0.153073
v 1.76074 0.341231 0.12401
vn -0.982498 -0.117668 0.144403
v 1.76074 -0.341231 0.206091
vn -0.982498 0.117668 -0.144403
v 1.75048 -0.341231 0.21156
vn 0.406829 -0.056693 0.911743
v 1.75048 -0.341231 0.21156
vn -0.406829 0.056693 -0.911743
v 1.75562 0.345021 0.120854
vn 0.686812 0.417797 -0.594756
v 1.75562 0.345021 0.120854
vn -0.686812 -0.417797 0.594756
v 1.74912 0.347793 0.120854
vn 0.389828 0.71144 -0.584712
v 1.74027 0.349981 0.12401
vn 0.122509 0.979744 -0.158406
v 1.75048 0.348809 0.12401
vn 0.474239 0.865431 -0.161639
v 1.75048 0.348809 0.12401
vn -0.474239 -0.865431 0.161639
v 1.74027 0.349981 0.12401
vn -0.122509 -0.979744 0.158406
v 1.74912 0.347793 0.120854
vn -0.389828 -0.71144 0.584712
v 1.758 0.341231 0.120854
vn 0.795746 0.110858 -0.595398
v 1.758 0.341231 0.120854
vn -0.795746 -0.110858 0.595398
v 1.74027 0.349981 0.12401
vn 0.0802405 0.991361 -0.103749
v -1.73959 0.349981 0.206091
vn -0.0802405 0.991361 0.103749
v 1.74027 0.349981 0.206091
vn 0.0953071 0.987791 0.12323
v 1.74027 0.349981 0.206091
vn -0.0953071 -0.987791 -0.12323
v -1.73959 0.349981 0.206091
vn 0.0802405 -0.991361 -0.103749
v 1.74027 0.349981 0.12401
vn -0.0802405 -0.991361 0.103749
v -1.73959 0.349981 0.206091
vn -0.121166 0.979676 0.159856
v -1.73959 0.349981 0.206091
vn 0.121166 -0.979676 -0.159856
v -1.73959 0.348809 0.209249
vn -0.0996639 0.808339 0.58022
v 1.74027 0.345606 0.21156
vn 0.0524766 0.429665 0.901462
v 1.74027 0.348809 0.209249
vn 0.100631 0.809677 0.578184
v 1.74027 0.348809 0.209249
vn -0.100631 -0.809677 -0.578184
v 1.74027 0.345606 0.21156
vn -0.0524766 -0.429665 -0.901462
v -1.73959 0.348809 0.209249
vn 0.0996639 -0.808339 -0.58022
v 1.74539 0.345021 0.21156
vn 0.20169 0.368071 0.907659
v 1.74027 0.345606 0.21156
vn 0.0535849 0.424283 0.903943
v 1.74027 0.341231 0.212405
vn 0.101855 0.107318 0.988994
v 1.74027 0.341231 0.212405
vn -0.101855 -0.107318 -0.988994
v 1.74027 0.345606 0.21156
vn -0.0535849 -0.424283 -0.903943
v 1.74539 0.345021 0.21156
vn -0.20169 -0.368071 -0.907659
v 1.74027 0.341231 0.212405
vn 0.102362 0.106211 0.989061
v 1.75048 -0.341231 0.21156
vn 0.403775 -0.0563903 0.913119
v 1.75048 0.341231 0.21156
vn 0.404994 0.0566536 0.912562
v 1.75048 0.341231 0.21156
vn -0.404994 -0.0566536 -0.912562
v 1.75048 -0.341231 0.21156
vn -0.403775 0.0563903 -0.913119
v 1.74027 0.341231 0.212405
vn -0.102362 -0.106211 -0.989061
v 1.75562 -0.345021 0.209249
vn 0.686821 -0.417784 0.594754
v 1.76074 -0.341231 0.206091
vn 0.976696 -0.135579 0.166381
v 1.758 -0.341231 0.209249
vn 0.795746 -0.110858 0.595398
v 1.758 -0.341231 0.209249
vn -0.795746 0.110858 -0.595398
v 1.76074 -0.341231 0.206091
vn -0.976696 0.135579 -0.166381
v 1.75562 -0.345021 0.209249
vn -0.686821 0.417784 -0.594754
v 1.76074 -0.341231 0.12401
vn 0.980311 -0.124733 -0.153073
v 1.76074 -0.341231 0.12401
vn -0.980311 0.124733 0.153073
v 1.75048 -0.341231 0.21156
vn 0.406281 -0.0569647 0.911971
v 1.75562 -0.345021 0.209249
vn 0.686809 -0.417778 0.594773
v 1.758 -0.341231 0.209249
vn 0.795737 -0.110855 0.59541
v 1.758 -0.341231 0.209249
vn -0.795737 0.110855 -0.59541
v 1.75562 -0.345021 0.209249
vn -0.686809 0.417778 -0.594773
v 1.75048 -0.341231 0.21156
vn -0.406281 0.0569647 -0.911971
v 1.74912 0.343418 0.118542
vn 0.350921 0.213477 -0.911747
v 1.74912 0.347793 0.120854
vn 0.389838 0.711415 -0.584736
v 1.75562 0.345021 0.120854
vn 0.686806 0.41779 -0.594768
v 1.75562 0.345021 0.120854
vn -0.686806 -0.41779 0.594768
v 1.74912 0.347793 0.120854
vn -0.389838 -0.711415 0.584736
v 1.74912 0.343418 0.118542
vn -0.350921 -0.213477 0.911747
v 1.74027 0.348809 0.120854
vn 0.101787 0.81109 -0.575997
v 1.74027 0.348809 0.120854
vn -0.101787 -0.81109 0.575997
v 1.76074 -0.341231 0.12401
vn 0.976516 -0.134735 -0.168115
v 1.758 0.341231 0.120854
vn 0.796569 0.110156 -0.594427
v 1.76074 0.341231 0.12401
vn 0.976613 0.135093 -0.167262
v 1.76074 0.341231 0.12401
vn -0.976613 -0.135093 0.167262
v 1.758 0.341231 0.120854
vn -0.796569 -0.110156 0.594427
v 1.76074 -0.341231 0.12401
vn -0.976516 0.134735 0.168115
v 1.75048 0.341231 0.118542
vn 0.406281 0.0569647 -0.911971
v 1.75562 0.345021 0.120854
vn 0.686809 0.417778 -0.594773
v 1.758 0.341231 0.120854
vn 0.795737 0.110855 -0.59541
v 1.758 0.341231 0.120854
vn -0.795737 -0.110855 0.59541
v 1.75562 0.345021 0.120854
vn -0.686809 -0.417778 0.594773
v 1.75048 0.341231 0.118542
vn -0.406281 -0.0569647 0.911971
v -1.73959 0.349981 0.12401
vn -0.0953071 0.987791 -0.12323
v -1.73959 0.349981 0.12401
vn 0.0953071 -0.987791 0.12323
v -1.74982 0.348809 0.206091
vn -0.474232 0.865434 0.161643
v -1.73959 0.348809 0.209249
vn -0.101789 0.811095 0.575989
v -1.73959 0.349981 0.206091
vn -0.122508 0.979745 0.158403
v -1.73959 0.349981 0.206091
vn 0.122508 -0.979745 -0.158403
v -1.73959 0.348809 0.209249
vn 0.101789 -0.811095 -0.575989
v -1.74982 0.348809 0.206091
vn 0.474232 -0.865434 -0.161643
v -1.73959 0.345606 0.21156
vn -0.0529857 0.427329 0.902542
v -1.73959 0.345606 0.21156
vn 0.0529857 -0.427329 -0.902542
v -1.73959 0.345606 0.21156
vn -0.0523954 0.420036 0.905994
v 1.74027 0.341231 0.212405
vn 0.0995706 0.110077 0.988923
v 1.74027 0.345606 0.21156
vn 0.0529443 0.422058 0.905021
v 1.74027 0.345606 0.21156
vn -0.0529443 -0.422058 -0.905021
v 1.74027 0.341231 0.212405
vn -0.0995706 -0.110077 -0.988923
v -1.73959 0.345606 0.21156
vn 0.0523954 -0.420036 -0.905994
v 1.74027 -0.341231 0.212405
vn 0.10219 -0.106725 0.989023
v 1.74027 -0.341231 0.212405
vn -0.10219 0.106725 -0.989023
v 1.758 -0.345606 0.206091
vn 0.842519 -0.512516 0.165797
v 1.758 -0.345606 0.206091
vn -0.842519 0.512516 -0.165797
v 1.758 -0.345606 0.206091
vn 0.842627 -0.512396 0.165621
v 1.76074 -0.341231 0.12401
vn 0.976691 -0.135837 -0.166203
v 1.76074 -0.341231 0.206091
vn 0.976696 -0.135712 0.166275
v 1.76074 -0.341231 0.206091
vn -0.976696 0.135712 -0.166275
v 1.76074 -0.341231 0.12401
vn -0.976691 0.135837 0.166203
v 1.758 -0.345606 0.206091
vn -0.842627 0.512396 -0.165621
v 1.74912 -0.343418 0.21156
vn 0.350923 -0.213464 0.911749
v 1.74912 -0.343418 0.21156
vn -0.350923 0.213464 -0.911749
v 1.74539 0.345021 0.118542
vn 0.201696 0.368075 -0.907656
v 1.74539 0.345021 0.118542
vn -0.201696 -0.368075 0.907656
v 1.74912 0.343418 0.118542
vn 0.350923 0.213464 -0.911749
v 1.74912 0.343418 0.118542
vn -0.350923 -0.213464 0.911749
v 1.74912 0.347793 0.120854
vn 0.389827 0.711421 -0.584735
v 1.74027 0.345606 0.118542
vn 0.0535879 0.424298 -0.903936
v 1.74027 0.348809 0.120854
vn 0.101786 0.811081 -0.576009
v 1.74027 0.348809 0.120854
vn -0.101786 -0.811081 0.576009
v 1.74027 0.345606 0.118542
vn -0.0535879 -0.424298 0.903936
v 1.74912 0.347793 0.120854
vn -0.389827 -0.711421 0.584735
v 1.74027 0.348809 0.120854
vn 0.0998351 0.814915 -0.570918
v -1.73959 0.349981 0.12401
vn -0.120067 0.979593 -0.161188
v 1.74027 0.349981 0.12401
vn 0.121166 0.979676 -0.159857
v 1.74027 0.349981 0.12401
vn -0.121166 -0.979676 0.159857
v -1.73959 0.349981 0.12401
vn 0.120067 -0.979593 0.161188
v 1.74027 0.348809 0.120854
vn -0.0998351 -0.814915 0.570918
v 1.758 -0.341231 0.120854
vn 0.796272 -0.11046 -0.594769
v 1.758 -0.341231 0.120854
vn -0.796272 0.11046 0.594769
v 1.758 0.341231 0.120854
vn 0.793723 0.109978 -0.598255
v 1.75048 -0.341231 0.118542
vn 0.407036 -0.0564684 -0.911665
v 1.75048 0.341231 0.118542
vn 0.40683 0.056693 -0.911743
v 1.75048 0.341231 0.118542
vn -0.40683 -0.056693 0.911743
v 1.75048 -0.341231 0.118542
vn -0.407036 0.0564684 0.911665
v 1.758 0.341231 0.120854
vn -0.793723 -0.109978 0.598255
v -1.73959 0.349981 0.12401
vn -0.122582 0.979775 -0.15816
v -1.74982 0.348809 0.206091
vn -0.473833 0.865697 0.161404
v -1.73959 0.349981 0.206091
vn -0.122555 0.979761 0.158268
v -1.73959 0.349981 0.206091
vn 0.122555 -0.979761 -0.158268
v -1.74982 0.348809 0.206091
vn 0.473833 -0.865697 -0.161404
v -1.73959 0.349981 0.12401
vn 0.122582 -0.979775 0.15816
v -1.74846 0.347793 0.209249
vn -0.389834 0.711431 0.584719
v -1.74846 0.347793 0.209249
vn 0.389834 -0.711431 -0.584719
v -1.73959 0.348809 0.209249
vn -0.101785 0.811079 0.576012
v -1.7447 0.345021 0.21156
vn -0.201689 0.368086 0.907653
v -1.73959 0.345606 0.21156
vn -0.0535862 0.42429 0.903939
v -1.73959 0.345606 0.21156
vn 0.0535862 -0.42429 -0.903939
v -1.7447 0.345021 0.21156
vn 0.201689 -0.368086 -0.907653
v -1.73959 0.348809 0.209249
vn 0.101785 -0.811079 -0.576012
v -1.73959 0.341231 0.212405
vn -0.100627 0.108867 0.98895
v -1.73959 0.341231 0.212405
vn 0.100627 -0.108867 -0.98895
v -1.73959 0.341231 0.212405
vn -0.0193945 0.0204342 0.999603
v 1.74027 -0.341231 0.212405
vn 0.0193945 -0.0204342 0.999603
v 1.74027 0.341231 0.212405
vn 0.0314817 0.0331693 0.998954
v 1.74027 0.341231 0.212405
vn -0.0314817 -0.0331693 -0.998954
v 1.74027 -0.341231 0.212405
vn -0.0193945 0.0204342 -0.999603
v -1.73959 0.341231 0.212405
vn 0.0193945 -0.0204342 -0.999603
v 1.75048 -0.341231 0.21156
vn 0.406273 -0.0569592 0.911975
v 1.74027 -0.341231 0.212405
vn 0.101857 -0.107315 0.988994
v 1.74912 -0.343418 0.21156
vn 0.350918 -0.213462 0.911752
v 1.74912 -0.343418 0.21156
vn -0.350918 0.213462 -0.911752
v 1.74027 -0.341231 0.212405
vn -0.101857 0.107315 -0.988994
v 1.75048 -0.341231 0.21156
vn -0.406273 0.0569592 -0.911975
v 1.75562 -0.345021 0.209249
vn 0.68681 -0.417808 0.594751
v 1.75048 -0.348809 0.206091
vn 0.47425 -0.865424 0.161643
v 1.758 -0.345606 0.206091
vn 0.842511 -0.51253 0.165797
v 1.758 -0.345606 0.206091
vn -0.842511 0.51253 -0.165797
v 1.75048 -0.348809 0.206091
vn -0.47425 0.865424 -0.161643
v 1.75562 -0.345021 0.209249
vn -0.68681 0.417808 -0.594751
v 1.758 -0.345606 0.12401
vn 0.842585 -0.512441 -0.165695
v 1.758 -0.345606 0.12401
vn -0.842585 0.512441 0.165695
v 1.74912 -0.343418 0.21156
vn 0.350921 -0.213477 0.911747
v 1.74912 -0.347793 0.209249
vn 0.389838 -0.711415 0.584736
v 1.75562 -0.345021 0.209249
vn 0.686806 -0.41779 0.594768
v 1.75562 -0.345021 0.209249
vn -0.686806 0.41779 -0.594768
v 1.74912 -0.347793 0.209249
vn -0.389838 0.711415 -0.584736
v 1.74912 -0.343418 0.21156
vn -0.350921 0.213477 -0.911747
v 1.74912 0.343418 0.118542
vn 0.350917 0.213463 -0.911751
v 1.74027 0.341231 0.117696
vn 0.101856 0.107317 -0.988994
v 1.74539 0.345021 0.118542
vn 0.201691 0.36807 -0.907659
v 1.74539 0.345021 0.118542
vn -0.201691 -0.36807 0.907659
v 1.74027 0.341231 0.117696
vn -0.101856 -0.107317 0.988994
v 1.74912 0.343418 0.118542
vn -0.350917 -0.213463 0.911751
v 1.74539 0.345021 0.118542
vn 0.201692 0.368078 -0.907656
v 1.74539 0.345021 0.118542
vn -0.201692 -0.368078 0.907656
v 1.75048 0.341231 0.118542
vn 0.406273 0.0569592 -0.911975
v 1.74027 0.341231 0.117696
vn 0.101857 0.107315 -0.988994
v 1.74912 0.343418 0.118542
vn 0.350918 0.213462 -0.911752
v 1.74912 0.343418 0.118542
vn -0.350918 -0.213462 0.911752
v 1.74027 0.341231 0.117696
vn -0.101857 -0.107315 0.988994
v 1.75048 0.341231 0.118542
vn -0.406273 -0.0569592 0.911975
v 1.74027 0.345606 0.118542
vn 0.0524765 0.429669 -0.90146
v -1.73959 0.348809 0.120854
vn -0.0996635 0.80834 -0.580218
v 1.74027 0.348809 0.120854
vn 0.100631 0.809678 -0.578183
v 1.74027 0.348809 0.120854
vn -0.100631 -0.809678 0.578183
v -1.73959 0.348809 0.120854
vn 0.0996635 -0.80834 0.580218
v 1.74027 0.345606 0.118542
vn -0.0524765 -0.429669 0.90146
v -1.73959 0.348809 0.120854
vn -0.100718 0.813231 -0.573159
v -1.73959 0.348809 0.120854
vn 0.100718 -0.813231 0.573159
v 1.76074 -0.341231 0.12401
vn 0.976696 -0.135579 -0.166381
v 1.75562 -0.345021 0.120854
vn 0.686821 -0.417784 -0.594754
v 1.758 -0.341231 0.120854
vn 0.795746 -0.110858 -0.595398
v 1.758 -0.341231 0.120854
vn -0.795746 0.110858 0.595398
v 1.75562 -0.345021 0.120854
vn -0.686821 0.417784 0.594754
v 1.76074 -0.341231 0.12401
vn -0.976696 0.135579 0.166381
v 1.758 -0.341231 0.120854
vn 0.79473 -0.110371 -0.596843
v 1.758 -0.341231 0.120854
vn -0.79473 0.110371 0.596843
v 1.74027 -0.341231 0.117696
vn 0.102363 -0.106211 -0.989061
v 1.75048 0.341231 0.118542
vn 0.403777 0.0563903 -0.913118
v 1.75048 -0.341231 0.118542
vn 0.404995 -0.0566536 -0.912562
v 1.75048 -0.341231 0.118542
vn -0.404995 0.0566536 0.912562
v 1.75048 0.341231 0.118542
vn -0.403777 -0.0563903 0.913118
v 1.74027 -0.341231 0.117696
vn -0.102363 0.106211 0.989061
v -1.74982 0.348809 0.12401
vn -0.474027 0.865571 -0.161509
v -1.74982 0.348809 0.12401
vn 0.474027 -0.865571 0.161509
v -1.74982 0.348809 0.206091
vn -0.47425 0.865424 0.161643
v -1.75495 0.345021 0.209249
vn -0.68681 0.417807 0.594752
v -1.74846 0.347793 0.209249
vn -0.389843 0.711425 0.58472
v -1.74846 0.347793 0.209249
vn 0.389843 -0.711425 -0.58472
v -1.75495 0.345021 0.209249
vn 0.68681 -0.417807 -0.594752
v -1.74982 0.348809 0.206091
vn 0.47425 -0.865424 -0.161643
v -1.74846 0.347793 0.209249
vn -0.389831 0.711422 0.584732
v -1.74846 0.347793 0.209249
vn 0.389831 -0.711422 -0.584732
v -1.73959 0.345606 0.21156
vn -0.0535849 0.424283 0.903943
v -1.7447 0.345021 0.21156
vn -0.20169 0.368071 0.907659
v -1.73959 0.341231 0.212405
vn -0.101855 0.107318 0.988994
v -1.73959 0.341231 0.212405
vn 0.101855 -0.107318 -0.988994
v -1.7447 0.345021 0.21156
vn 0.20169 -0.368071 -0.907659
v -1.73959 0.345606 0.21156
vn 0.0535849 -0.424283 -0.903943
v -1.73959 -0.341231 0.212405
vn -0.0314817 -0.0331693 0.998954
v -1.73959 -0.341231 0.212405
vn 0.0314817 0.0331693 -0.998954
v 1.74912 -0.343418 0.21156
vn 0.350917 -0.213463 0.911751
v 1.74027 -0.341231 0.212405
vn 0.101856 -0.107317 0.988994
v 1.74539 -0.345021 0.21156
vn 0.201691 -0.36807 0.907659
v 1.74539 -0.345021 0.21156
vn -0.201691 0.36807 -0.907659
v 1.74027 -0.341231 0.212405
vn -0.101856 0.107317 -0.988994
v 1.74912 -0.343418 0.21156
vn -0.350917 0.213463 -0.911751
v 1.74912 -0.347793 0.209249
vn 0.389843 -0.711425 0.58472
v 1.74912 -0.347793 0.209249
vn -0.389843 0.711425 -0.58472
v 1.75048 -0.348809 0.12401
vn 0.474348 -0.865411 -0.161425
v 1.758 -0.345606 0.206091
vn 0.842248 -0.513027 0.165598
v 1.75048 -0.348809 0.206091
vn 0.474318 -0.86541 0.161519
v 1.75048 -0.348809 0.206091
vn -0.474318 0.86541 -0.161519
v 1.758 -0.345606 0.206091
vn -0.842248 0.513027 -0.165598
v 1.75048 -0.348809 0.12401
vn -0.474348 0.865411 0.161425
v 1.758 -0.345606 0.12401
vn 0.842376 -0.512788 -0.165684
v 1.758 -0.345606 0.12401
vn -0.842376 0.512788 0.165684
v 1.758 -0.345606 0.12401
vn 0.842519 -0.512516 -0.165797
v 1.758 -0.345606 0.12401
vn -0.842519 0.512516 0.165797
v 1.74539 -0.345021 0.21156
vn 0.201696 -0.368075 0.907656
v 1.74539 -0.345021 0.21156
vn -0.201696 0.368075 -0.907656
v 1.74539 0.345021 0.118542
vn 0.20169 0.368071 -0.907659
v 1.74027 0.341231 0.117696
vn 0.101855 0.107318 -0.988994
v 1.74027 0.345606 0.118542
vn 0.0535849 0.424283 -0.903943
v 1.74027 0.345606 0.118542
vn -0.0535849 -0.424283 0.903943
v 1.74027 0.341231 0.117696
vn -0.101855 -0.107318 0.988994
v 1.74539 0.345021 0.118542
vn -0.20169 -0.368071 0.907659
v 1.74027 0.341231 0.117696
vn 0.10219 0.106725 -0.989023
v 1.74027 0.341231 0.117696
vn -0.10219 -0.106725 0.989023
v -1.73959 0.345606 0.118542
vn -0.0529857 0.427331 -0.902541
v -1.73959 0.345606 0.118542
vn 0.0529857 -0.427331 0.902541
v -1.74846 0.347793 0.120854
vn -0.389829 0.711439 -0.584712
v -1.73959 0.349981 0.12401
vn -0.122509 0.979744 -0.158406
v -1.73959 0.348809 0.120854
vn -0.101787 0.81109 -0.575997
v -1.73959 0.348809 0.120854
vn 0.101787 -0.81109 0.575997
v -1.73959 0.349981 0.12401
vn 0.122509 -0.979744 0.158406
v -1.74846 0.347793 0.120854
vn 0.389829 -0.711439 0.584712
v 1.75562 -0.345021 0.120854
vn 0.686809 -0.417778 -0.594773
v 1.75048 -0.341231 0.118542
vn 0.406281 -0.0569647 -0.911971
v 1.758 -0.341231 0.120854
vn 0.795737 -0.110855 -0.59541
v 1.758 -0.341231 0.120854
vn -0.795737 0.110855 0.59541
v 1.75048 -0.341231 0.118542
vn -0.406281 0.0569647 0.911971
v 1.75562 -0.345021 0.120854
vn -0.686809 0.417778 0.594773
v 1.75048 -0.341231 0.118542
vn 0.406273 -0.0569592 -0.911975
v 1.74912 -0.343418 0.118542
vn 0.350918 -0.213462 -0.911752
v 1.74027 -0.341231 0.117696
vn 0.101857 -0.107315 -0.988994
v 1.74027 -0.341231 0.117696
vn -0.101857 0.107315 0.988994
v 1.74912 -0.343418 0.118542
vn -0.350918 0.213462 0.911752
v 1.75048 -0.341231 0.118542
vn -0.406273 0.0569592 0.911975
v -1.74982 0.348809 0.12401
vn -0.474239 0.865431 -0.161639
v -1.74982 0.348809 0.12401
vn 0.474239 -0.865431 0.161639
v -1.75732 0.345606 0.12401
vn -0.842248 0.513025 -0.165598
v -1.74982 0.348809 0.206091
vn -0.474348 0.86541 0.161426
v -1.74982 0.348809 0.12401
vn -0.474318 0.86541 -0.161519
v -1.74982 0.348809 0.12401
vn 0.474318 -0.86541 0.161519
v -1.74982 0.348809 0.206091
vn 0.474348 -0.86541 -0.161426
v -1.75732 0.345606 0.12401
vn 0.842248 -0.513025 0.165598
v -1.75732 0.345606 0.206091
vn -0.842511 0.51253 0.165797
v -1.75732 0.345606 0.206091
vn 0.842511 -0.51253 -0.165797
v -1.74846 0.343418 0.21156
vn -0.350921 0.213477 0.911747
v -1.74846 0.347793 0.209249
vn -0.389838 0.711415 0.584736
v -1.75495 0.345021 0.209249
vn -0.686806 0.41779 0.594768
v -1.75495 0.345021 0.209249
vn 0.686806 -0.41779 -0.594768
v -1.74846 0.347793 0.209249
vn 0.389838 -0.711415 -0.584736
v -1.74846 0.343418 0.21156
vn 0.350921 -0.213477 -0.911747
v -1.7447 0.345021 0.21156
vn -0.201696 0.368075 0.907656
v -1.7447 0.345021 0.21156
vn 0.201696 -0.368075 -0.907656
v -1.73959 0.341231 0.212405
vn -0.101856 0.107317 0.988994
v -1.7447 0.345021 0.21156
vn -0.201691 0.36807 0.907659
v -1.74846 0.343418 0.21156
vn -0.350917 0.213463 0.911751
v -1.74846 0.343418 0.21156
vn 0.350917 -0.213463 -0.911751
v -1.7447 0.345021 0.21156
vn 0.201691 -0.36807 -0.907659
v -1.73959 0.341231 0.212405
vn 0.101856 -0.107317 -0.988994
v -1.74982 0.341231 0.21156
vn -0.40377 0.0563896 0.913121
v -1.73959 -0.341231 0.212405
vn -0.10236 -0.10621 0.989061
v -1.73959 0.341231 0.212405
vn -0.102189 0.106724 0.989023
v -1.73959 0.341231 0.212405
vn 0.102189 -0.106724 -0.989023
v -1.73959 -0.341231 0.212405
vn 0.10236 0.10621 -0.989061
v -1.74982 0.341231 0.21156
vn 0.40377 -0.0563896 -0.913121
v -1.73959 -0.341231 0.212405
vn -0.0995706 -0.110077 0.988923
v 1.74027 -0.345606 0.21156
vn 0.0523954 -0.420036 0.905994
v 1.74027 -0.341231 0.212405
vn 0.100627 -0.108867 0.98895
v 1.74027 -0.341231 0.212405
vn -0.100627 0.108867 -0.98895
v 1.74027 -0.345606 0.21156
vn -0.0523954 0.420036 -0.905994
v -1.73959 -0.341231 0.212405
vn 0.0995706 0.110077 -0.988923
v 1.74539 -0.345021 0.21156
vn 0.20169 -0.368071 0.907659
v 1.74027 -0.341231 0.212405
vn 0.101855 -0.107318 0.988994
v 1.74027 -0.345606 0.21156
vn 0.0535849 -0.424283 0.903943
v 1.74027 -0.345606 0.21156
vn -0.0535849 0.424283 -0.903943
v 1.74027 -0.341231 0.212405
vn -0.101855 0.107318 -0.988994
v 1.74539 -0.345021 0.21156
vn -0.20169 0.368071 -0.907659
v 1.74027 -0.348809 0.209249
vn 0.101789 -0.811095 0.57599
v 1.75048 -0.348809 0.206091
vn 0.474232 -0.865434 0.161643
v 1.74912 -0.347793 0.209249
vn 0.389834 -0.71143 0.584719
v 1.74912 -0.347793 0.209249
vn -0.389834 0.71143 -0.584719
v 1.75048 -0.348809 0.206091
vn -0.474232 0.865434 -0.161643
v 1.74027 -0.348809 0.209249
vn -0.101789 0.811095 -0.57599
v 1.75048 -0.348809 0.206091
vn 0.473833 -0.865697 0.161404
v 1.74027 -0.349981 0.12401
vn 0.122583 -0.979775 -0.15816
v 1.75048 -0.348809 0.12401
vn 0.474028 -0.865571 -0.161509
v 1.75048 -0.348809 0.12401
vn -0.474028 0.865571 0.161509
v 1.74027 -0.349981 0.12401
vn -0.122583 0.979775 0.15816
v 1.75048 -0.348809 0.206091
vn -0.473833 0.865697 -0.161404
v 1.74912 -0.347793 0.120854
vn 0.389846 -0.711428 -0.584714
v 1.758 -0.345606 0.12401
vn 0.842506 -0.512537 -0.165801
v 1.75048 -0.348809 0.12401
vn 0.474249 -0.865425 -0.161639
v 1.75048 -0.348809 0.12401
vn -0.474249 0.865425 0.161639
v 1.758 -0.345606 0.12401
vn -0.842506 0.512537 0.165801
v 1.74912 -0.347793 0.120854
vn -0.389846 0.711428 0.584714
v 1.75562 -0.345021 0.120854
vn 0.686812 -0.417797 -0.594756
v 1.75562 -0.345021 0.120854
vn -0.686812 0.417797 0.594756
v 1.74027 -0.345606 0.21156
vn 0.0535876 -0.424297 0.903936
v 1.74912 -0.347793 0.209249
vn 0.389828 -0.711421 0.584734
v 1.74539 -0.345021 0.21156
vn 0.201692 -0.368078 0.907656
v 1.74539 -0.345021 0.21156
vn -0.201692 0.368078 -0.907656
v 1.74912 -0.347793 0.209249
vn -0.389828 0.711421 -0.584734
v 1.74027 -0.345606 0.21156
vn -0.0535876 0.424297 -0.903936
v -1.73959 0.341231 0.117696
vn -0.0995705 0.110082 -0.988922
v 1.74027 0.345606 0.118542
vn 0.0523953 0.42004 -0.905992
v 1.74027 0.341231 0.117696
vn 0.100627 0.10887 -0.98895
v 1.74027 0.341231 0.117696
vn -0.100627 -0.10887 0.98895
v 1.74027 0.345606 0.118542
vn -0.0523953 -0.42004 0.905992
v -1.73959 0.341231 0.117696
vn 0.0995705 -0.110082 0.988922
v -1.73959 -0.341231 0.117696
vn -0.0193945 -0.0204342 -0.999603
v 1.74027 0.341231 0.117696
vn 0.0193945 0.0204342 -0.999603
v 1.74027 -0.341231 0.117696
vn 0.0314817 -0.0331693 -0.998954
v 1.74027 -0.341231 0.117696
vn -0.0314817 0.0331693 0.998954
v 1.74027 0.341231 0.117696
vn -0.0193945 -0.0204342 0.999603
v -1.73959 -0.341231 0.117696
vn 0.0193945 0.0204342 0.999603
v -1.73959 0.345606 0.118542
vn -0.0529442 0.422061 -0.90502
v -1.73959 0.345606 0.118542
vn 0.0529442 -0.422061 0.90502
v -1.7447 0.345021 0.118542
vn -0.201689 0.368086 -0.907653
v -1.73959 0.348809 0.120854
vn -0.101785 0.811079 -0.576012
v -1.73959 0.345606 0.118542
vn -0.0535862 0.42429 -0.903939
v -1.73959 0.345606 0.118542
vn 0.0535862 -0.42429 0.903939
v -1.73959 0.348809 0.120854
vn 0.101785 -0.811079 0.576012
v -1.7447 0.345021 0.118542
vn 0.201689 -0.368086 0.907653
v -1.74846 0.347793 0.120854
vn -0.389831 0.711422 -0.584732
v -1.74846 0.347793 0.120854
vn 0.389831 -0.711422 0.584732
v 1.74912 -0.343418 0.118542
vn 0.350923 -0.213464 -0.911749
v 1.74912 -0.343418 0.118542
vn -0.350923 0.213464 0.911749
v 1.74912 -0.343418 0.118542
vn 0.350917 -0.213463 -0.911751
v 1.74539 -0.345021 0.118542
vn 0.201691 -0.36807 -0.907659
v 1.74027 -0.341231 0.117696
vn 0.101856 -0.107317 -0.988994
v 1.74027 -0.341231 0.117696
vn -0.101856 0.107317 0.988994
v 1.74539 -0.345021 0.118542
vn -0.201691 0.36807 0.907659
v 1.74912 -0.343418 0.118542
vn -0.350917 0.213463 0.911751
v -1.74846 0.347793 0.120854
vn -0.389846 0.711427 -0.584714
v -1.75732 0.345606 0.12401
vn -0.842506 0.512537 -0.165801
v -1.74982 0.348809 0.12401
vn -0.474249 0.865425 -0.161639
v -1.74982 0.348809 0.12401
vn 0.474249 -0.865425 0.161639
v -1.75732 0.345606 0.12401
vn 0.842506 -0.512537 0.165801
v -1.74846 0.347793 0.120854
vn 0.389846 -0.711427 0.584714
v -1.75732 0.345606 0.206091
vn -0.842377 0.512787 0.165684
v -1.75732 0.345606 0.206091
vn 0.842377 -0.512787 -0.165684
v -1.75732 0.345606 0.206091
vn -0.842519 0.512514 0.165802
v -1.75732 0.341231 0.209249
vn -0.795747 0.110863 0.595396
v -1.75495 0.345021 0.209249
vn -0.686818 0.417785 0.594757
v -1.75495 0.345021 0.209249
vn 0.686818 -0.417785 -0.594757
v -1.75732 0.341231 0.209249
vn 0.795747 -0.110863 -0.595396
v -1.75732 0.345606 0.206091
vn 0.842519 -0.512514 -0.165802
v -1.75495 0.345021 0.209249
vn -0.686809 0.417779 0.594773
v -1.74982 0.341231 0.21156
vn -0.40628 0.0569645 0.911971
v -1.74846 0.343418 0.21156
vn -0.350923 0.213464 0.911749
v -1.74846 0.343418 0.21156
vn 0.350923 -0.213464 -0.911749
v -1.74982 0.341231 0.21156
vn 0.40628 -0.0569645 -0.911971
v -1.75495 0.345021 0.209249
vn 0.686809 -0.417779 -0.594773
v -1.73959 0.341231 0.212405
vn -0.101857 0.107315 0.988994
v -1.74846 0.343418 0.21156
vn -0.350918 0.213462 0.911752
v -1.74982 0.341231 0.21156
vn -0.406273 0.0569592 0.911975
v -1.74982 0.341231 0.21156
vn 0.406273 -0.0569592 -0.911975
v -1.74846 0.343418 0.21156
vn 0.350918 -0.213462 -0.911752
v -1.73959 0.341231 0.212405
vn 0.101857 -0.107315 -0.988994
v -1.74982 -0.341231 0.21156
vn -0.404991 -0.0566533 0.912564
v -1.74982 -0.341231 0.21156
vn 0.404991 0.0566533 -0.912564
v -1.73959 -0.345606 0.21156
vn -0.0529443 -0.422058 0.905021
v -1.73959 -0.345606 0.21156
vn 0.0529443 0.422058 -0.905021
v 1.74027 -0.349981 0.206091
vn 0.122508 -0.979745 0.158403
v 1.74027 -0.349981 0.206091
vn -0.122508 0.979745 -0.158403
v 1.74027 -0.348809 0.209249
vn 0.101786 -0.811081 0.576009
v 1.74027 -0.348809 0.209249
vn -0.101786 0.811081 -0.576009
v 1.74027 -0.349981 0.206091
vn 0.122555 -0.979761 0.158269
v 1.74027 -0.349981 0.206091
vn -0.122555 0.979761 -0.158269
v 1.74027 -0.348809 0.120854
vn 0.101789 -0.811095 -0.575989
v 1.75048 -0.348809 0.12401
vn 0.474232 -0.865434 -0.161643
v 1.74027 -0.349981 0.12401
vn 0.122508 -0.979745 -0.158403
v 1.74027 -0.349981 0.12401
vn -0.122508 0.979745 0.158403
v 1.75048 -0.348809 0.12401
vn -0.474232 0.865434 0.161643
v 1.74027 -0.348809 0.120854
vn -0.101789 0.811095 0.575989
v 1.74912 -0.347793 0.120854
vn 0.389834 -0.71143 -0.584719
v 1.74912 -0.347793 0.120854
vn -0.389834 0.71143 0.584719
v 1.74912 -0.347793 0.120854
vn 0.389838 -0.711415 -0.584736
v 1.74912 -0.343418 0.118542
vn 0.350921 -0.213477 -0.911747
v 1.75562 -0.345021 0.120854
vn 0.686806 -0.41779 -0.594768
v 1.75562 -0.345021 0.120854
vn -0.686806 0.41779 0.594768
v 1.74912 -0.343418 0.118542
vn -0.350921 0.213477 0.911747
v 1.74912 -0.347793 0.120854
vn -0.389838 0.711415 0.584736
v -1.73959 0.341231 0.117696
vn -0.0314817 0.0331693 -0.998954
v -1.73959 0.341231 0.117696
vn 0.0314817 -0.0331693 0.998954
v 1.74027 -0.341231 0.117696
vn 0.0995705 -0.110082 -0.988922
v -1.73959 -0.345606 0.118542
vn -0.0523953 -0.42004 -0.905992
v -1.73959 -0.341231 0.117696
vn -0.100627 -0.10887 -0.98895
v -1.73959 -0.341231 0.117696
vn 0.100627 0.10887 0.98895
v -1.73959 -0.345606 0.118542
vn 0.0523953 0.42004 0.905992
v 1.74027 -0.341231 0.117696
vn -0.0995705 0.110082 0.988922
v -1.73959 0.341231 0.117696
vn -0.101855 0.107318 -0.988994
v -1.7447 0.345021 0.118542
vn -0.20169 0.368071 -0.907659
v -1.73959 0.345606 0.118542
vn -0.0535849 0.424283 -0.903943
v -1.73959 0.345606 0.118542
vn 0.0535849 -0.424283 0.903943
v -1.7447 0.345021 0.118542
vn 0.20169 -0.368071 0.907659
v -1.73959 0.341231 0.117696
vn 0.101855 -0.107318 0.988994
v -1.74846 0.343418 0.118542
vn -0.350921 0.213477 -0.911747
v -1.74846 0.347793 0.120854
vn -0.389836 0.711415 -0.584736
v -1.7447 0.345021 0.118542
vn -0.201696 0.368075 -0.907656
v -1.7447 0.345021 0.118542
vn 0.201696 -0.368075 0.907656
v -1.74846 0.347793 0.120854
vn 0.389836 -0.711415 0.584736
v -1.74846 0.343418 0.118542
vn 0.350921 -0.213477 0.911747
v 1.74539 -0.345021 0.118542
vn 0.201696 -0.368075 -0.907656
v 1.74539 -0.345021 0.118542
vn -0.201696 0.368075 0.907656
v 1.74539 -0.345021 0.118542
vn 0.20169 -0.368071 -0.907659
v 1.74027 -0.345606 0.118542
vn 0.0535849 -0.424283 -0.903943
v 1.74027 -0.341231 0.117696
vn 0.101855 -0.107318 -0.988994
v 1.74027 -0.341231 0.117696
vn -0.101855 0.107318 0.988994
v 1.74027 -0.345606 0.118542
vn -0.0535849 0.424283 0.903943
v 1.74539 -0.345021 0.118542
vn -0.20169 0.368071 0.907659
v -1.75495 0.345021 0.120854
vn -0.686812 0.417797 -0.594756
v -1.75495 0.345021 0.120854
vn 0.686812 -0.417797 0.594756
v -1.76006 0.341231 0.12401
vn -0.976691 0.135835 -0.166203
v -1.75732 0.345606 0.206091
vn -0.842627 0.512395 0.165621
v -1.75732 0.345606 0.12401
vn -0.842586 0.51244 -0.165695
v -1.75732 0.345606 0.12401
vn 0.842586 -0.51244 0.165695
v -1.75732 0.345606 0.206091
vn 0.842627 -0.512395 -0.165621
v -1.76006 0.341231 0.12401
vn 0.976691 -0.135835 0.166203
v -1.76006 0.341231 0.206091
vn -0.976698 0.135575 0.166376
v -1.76006 0.341231 0.206091
vn 0.976698 -0.135575 -0.166376
v -1.75732 0.341231 0.209249
vn -0.795737 0.110855 0.59541
v -1.75732 0.341231 0.209249
vn 0.795737 -0.110855 -0.59541
v -1.75732 0.341231 0.209249
vn -0.793729 0.109979 0.598247
v -1.74982 -0.341231 0.21156
vn -0.40704 -0.0564692 0.911663
v -1.74982 0.341231 0.21156
vn -0.406832 0.0566933 0.911742
v -1.74982 0.341231 0.21156
vn 0.406832 -0.0566933 -0.911742
v -1.74982 -0.341231 0.21156
vn 0.40704 0.0564692 -0.911663
v -1.75732 0.341231 0.209249
vn 0.793729 -0.109979 -0.598247
v -1.73959 -0.341231 0.212405
vn -0.101857 -0.107315 0.988994
v -1.74982 -0.341231 0.21156
vn -0.406273 -0.0569592 0.911975
v -1.74846 -0.343418 0.21156
vn -0.350918 -0.213462 0.911752
v -1.74846 -0.343418 0.21156
vn 0.350918 0.213462 -0.911752
v -1.74982 -0.341231 0.21156
vn 0.406273 0.0569592 -0.911975
v -1.73959 -0.341231 0.212405
vn 0.101857 0.107315 -0.988994
v -1.73959 -0.341231 0.212405
vn -0.101855 -0.107318 0.988994
v -1.7447 -0.345021 0.21156
vn -0.20169 -0.368071 0.907659
v -1.73959 -0.345606 0.21156
vn -0.0535849 -0.424283 0.903943
v -1.73959 -0.345606 0.21156
vn 0.0535849 0.424283 -0.903943
v -1.7447 -0.345021 0.21156
vn 0.20169 0.368071 -0.907659
v -1.73959 -0.341231 0.212405
vn 0.101855 0.107318 -0.988994
v -1.73959 -0.348809 0.209249
vn -0.0996639 -0.808339 0.58022
v 1.74027 -0.345606 0.21156
vn 0.0524766 -0.429665 0.901462
v -1.73959 -0.345606 0.21156
vn -0.0529857 -0.427329 0.902542
v -1.73959 -0.345606 0.21156
vn 0.0529857 0.427329 -0.902542
v 1.74027 -0.345606 0.21156
vn -0.0524766 0.429665 -0.901462
v -1.73959 -0.348809 0.209249
vn 0.0996639 0.808339 -0.58022
v 1.74027 -0.348809 0.209249
vn 0.0998343 -0.814918 0.570913
v -1.73959 -0.349981 0.206091
vn -0.120066 -0.979593 0.161186
v 1.74027 -0.349981 0.206091
vn 0.121166 -0.979676 0.159856
v 1.74027 -0.349981 0.206091
vn -0.121166 0.979676 -0.159856
v -1.73959 -0.349981 0.206091
vn 0.120066 0.979593 -0.161186
v 1.74027 -0.348809 0.209249
vn -0.0998343 0.814918 -0.570913
v 1.74027 -0.348809 0.209249
vn 0.100631 -0.809677 0.578184
v 1.74027 -0.348809 0.209249
vn -0.100631 0.809677 -0.578184
v 1.74027 -0.349981 0.206091
vn 0.0802405 -0.991361 0.103749
v -1.73959 -0.349981 0.12401
vn -0.0802405 -0.991361 -0.103749
v 1.74027 -0.349981 0.12401
vn 0.0953071 -0.987791 -0.12323
v 1.74027 -0.349981 0.12401
vn -0.0953071 0.987791 0.12323
v -1.73959 -0.349981 0.12401
vn 0.0802405 0.991361 0.103749
v 1.74027 -0.349981 0.206091
vn -0.0802405 0.991361 -0.103749
v 1.74027 -0.349981 0.12401
vn 0.120067 -0.979593 -0.161188
v -1.73959 -0.348809 0.120854
vn -0.0998351 -0.814915 -0.570918
v 1.74027 -0.348809 0.120854
vn 0.100718 -0.813231 -0.573159
v 1.74027 -0.348809 0.120854
vn -0.100718 0.813231 0.573159
v -1.73959 -0.348809 0.120854
vn 0.0998351 0.814915 0.570918
v 1.74027 -0.349981 0.12401
vn -0.120067 0.979593 0.161188
v 1.74027 -0.348809 0.120854
vn 0.101786 -0.811079 -0.576012
v 1.74539 -0.345021 0.118542
vn 0.201689 -0.368087 -0.907653
v 1.74912 -0.347793 0.120854
vn 0.389831 -0.711422 -0.584732
v 1.74912 -0.347793 0.120854
vn -0.389831 0.711422 0.584732
v 1.74539 -0.345021 0.118542
vn -0.201689 0.368087 0.907653
v 1.74027 -0.348809 0.120854
vn -0.101786 0.811079 0.576012
v -1.74982 -0.341231 0.118542
vn -0.403772 -0.0563896 -0.91312
v -1.73959 0.341231 0.117696
vn -0.102362 0.10621 -0.989061
v -1.73959 -0.341231 0.117696
vn -0.10219 -0.106724 -0.989023
v -1.73959 -0.341231 0.117696
vn 0.10219 0.106724 0.989023
v -1.73959 0.341231 0.117696
vn 0.102362 -0.10621 0.989061
v -1.74982 -0.341231 0.118542
vn 0.403772 0.0563896 0.91312
v 1.74027 -0.345606 0.118542
vn 0.0529442 -0.422061 -0.90502
v 1.74027 -0.345606 0.118542
vn -0.0529442 0.422061 0.90502
v -1.73959 -0.345606 0.118542
vn -0.0535849 -0.424283 -0.903943
v -1.7447 -0.345021 0.118542
vn -0.20169 -0.368071 -0.907659
v -1.73959 -0.341231 0.117696
vn -0.101855 -0.107318 -0.988994
v -1.73959 -0.341231 0.117696
vn 0.101855 0.107318 0.988994
v -1.7447 -0.345021 0.118542
vn 0.20169 0.368071 0.907659
v -1.73959 -0.345606 0.118542
vn 0.0535849 0.424283 0.903943
v -1.73959 0.341231 0.117696
vn -0.101856 0.107317 -0.988994
v -1.74846 0.343418 0.118542
vn -0.350917 0.213463 -0.911751
v -1.7447 0.345021 0.118542
vn -0.201691 0.36807 -0.907659
v -1.7447 0.345021 0.118542
vn 0.201691 -0.36807 0.907659
v -1.74846 0.343418 0.118542
vn 0.350917 -0.213463 0.911751
v -1.73959 0.341231 0.117696
vn 0.101856 -0.107317 0.988994
v -1.75495 0.345021 0.120854
vn -0.686806 0.41779 -0.594768
v -1.75495 0.345021 0.120854
vn 0.686806 -0.41779 0.594768
v 1.74027 -0.345606 0.118542
vn 0.0535862 -0.42429 -0.903939
v 1.74027 -0.345606 0.118542
vn -0.0535862 0.42429 0.903939
v -1.75495 0.345021 0.120854
vn -0.686822 0.417784 -0.594754
v -1.76006 0.341231 0.12401
vn -0.976696 0.135579 -0.166381
v -1.75732 0.345606 0.12401
vn -0.842519 0.512516 -0.165797
v -1.75732 0.345606 0.12401
vn 0.842519 -0.512516 0.165797
v -1.76006 0.341231 0.12401
vn 0.976696 -0.135579 0.166381
v -1.75495 0.345021 0.120854
vn 0.686822 -0.417784 0.594754
v -1.76006 0.341231 0.206091
vn -0.976696 0.135711 0.166275
v -1.76006 0.341231 0.206091
vn 0.976696 -0.135711 -0.166275
v -1.76006 -0.341231 0.206091
vn -0.976519 -0.134735 0.1681
v -1.75732 0.341231 0.209249
vn -0.796577 0.110157 0.594416
v -1.76006 0.341231 0.206091
vn -0.976615 0.135093 0.167254
v -1.76006 0.341231 0.206091
vn 0.976615 -0.135093 -0.167254
v -1.75732 0.341231 0.209249
vn 0.796577 -0.110157 -0.594416
v -1.76006 -0.341231 0.206091
vn 0.976519 0.134735 -0.1681
v -1.75732 -0.341231 0.209249
vn -0.794733 -0.110371 0.596839
v -1.75732 -0.341231 0.209249
vn 0.794733 0.110371 -0.596839
v -1.74982 -0.341231 0.21156
vn -0.40628 -0.0569645 0.911971
v -1.75495 -0.345021 0.209249
vn -0.686809 -0.417779 0.594773
v -1.74846 -0.343418 0.21156
vn -0.350923 -0.213464 0.911749
v -1.74846 -0.343418 0.21156
vn 0.350923 0.213464 -0.911749
v -1.75495 -0.345021 0.209249
vn 0.686809 0.417779 -0.594773
v -1.74982 -0.341231 0.21156
vn 0.40628 0.0569645 -0.911971
v -1.73959 -0.341231 0.212405
vn -0.101856 -0.107317 0.988994
v -1.74846 -0.343418 0.21156
vn -0.350917 -0.213463 0.911751
v -1.7447 -0.345021 0.21156
vn -0.201691 -0.36807 0.907659
v -1.7447 -0.345021 0.21156
vn 0.201691 0.36807 -0.907659
v -1.74846 -0.343418 0.21156
vn 0.350917 0.213463 -0.911751
v -1.73959 -0.341231 0.212405
vn 0.101856 0.107317 -0.988994
v -1.7447 -0.345021 0.21156
vn -0.201689 -0.368086 0.907653
v -1.73959 -0.348809 0.209249
vn -0.101785 -0.811079 0.576012
v -1.73959 -0.345606 0.21156
vn -0.0535862 -0.42429 0.903939
v -1.73959 -0.345606 0.21156
vn 0.0535862 0.42429 -0.903939
v -1.73959 -0.348809 0.209249
vn 0.101785 0.811079 -0.576012
v -1.7447 -0.345021 0.21156
vn 0.201689 0.368086 -0.907653
v -1.73959 -0.348809 0.209249
vn -0.100718 -0.813233 0.573156
v -1.73959 -0.348809 0.209249
vn 0.100718 0.813233 -0.573156
v -1.73959 -0.349981 0.206091
vn -0.0953071 -0.987791 0.12323
v -1.73959 -0.349981 0.206091
vn 0.0953071 0.987791 -0.12323
v -1.73959 -0.349981 0.12401
vn -0.121166 -0.979676 -0.159857
v -1.73959 -0.349981 0.12401
vn 0.121166 0.979676 0.159857
v -1.73959 -0.345606 0.118542
vn -0.0524765 -0.429669 -0.90146
v 1.74027 -0.348809 0.120854
vn 0.0996635 -0.80834 -0.580218
v -1.73959 -0.348809 0.120854
vn -0.100631 -0.809678 -0.578183
v -1.73959 -0.348809 0.120854
vn 0.100631 0.809678 0.578183
v 1.74027 -0.348809 0.120854
vn -0.0996635 0.80834 0.580218
v -1.73959 -0.345606 0.118542
vn 0.0524765 0.429669 0.90146
v -1.74982 0.341231 0.118542
vn -0.404992 0.0566533 -0.912563
v -1.74982 0.341231 0.118542
vn 0.404992 -0.0566533 0.912563
v -1.73959 -0.341231 0.117696
vn -0.101857 -0.107315 -0.988994
v -1.74846 -0.343418 0.118542
vn -0.350918 -0.213462 -0.911752
v -1.74982 -0.341231 0.118542
vn -0.406273 -0.0569592 -0.911975
v -1.74982 -0.341231 0.118542
vn 0.406273 0.0569592 0.911975
v -1.74846 -0.343418 0.118542
vn 0.350918 0.213462 0.911752
v -1.73959 -0.341231 0.117696
vn 0.101857 0.107315 0.988994
v 1.74027 -0.345606 0.118542
vn 0.0529857 -0.427331 -0.902541
v 1.74027 -0.345606 0.118542
vn -0.0529857 0.427331 0.902541
v -1.73959 -0.348809 0.120854
vn -0.101785 -0.811079 -0.576012
v -1.7447 -0.345021 0.118542
vn -0.201689 -0.368086 -0.907653
v -1.73959 -0.345606 0.118542
vn -0.0535862 -0.42429 -0.903939
v -1.73959 -0.345606 0.118542
vn 0.0535862 0.42429 0.903939
v -1.7447 -0.345021 0.118542
vn 0.201689 0.368086 0.907653
v -1.73959 -0.348809 0.120854
vn 0.101785 0.811079 0.576012
v -1.73959 -0.341231 0.117696
vn -0.101856 -0.107317 -0.988994
v -1.7447 -0.345021 0.118542
vn -0.201691 -0.36807 -0.907659
v -1.74846 -0.343418 0.118542
vn -0.350917 -0.213463 -0.911751
v -1.74846 -0.343418 0.118542
vn 0.350917 0.213463 0.911751
v -1.7447 -0.345021 0.118542
vn 0.201691 0.36807 0.907659
v -1.73959 -0.341231 0.117696
vn 0.101856 0.107317 0.988994
v -1.73959 0.341231 0.117696
vn -0.101857 0.107315 -0.988994
v -1.74982 0.341231 0.118542
vn -0.406273 0.0569592 -0.911975
v -1.74846 0.343418 0.118542
vn -0.350918 0.213462 -0.911752
v -1.74846 0.343418 0.118542
vn 0.350918 -0.213462 0.911752
v -1.74982 0.341231 0.118542
vn 0.406273 -0.0569592 0.911975
v -1.73959 0.341231 0.117696
vn 0.101857 -0.107315 0.988994
v -1.74982 0.341231 0.118542
vn -0.40628 0.0569645 -0.911971
v -1.75495 0.345021 0.120854
vn -0.686809 0.417779 -0.594773
v -1.74846 0.343418 0.118542
vn -0.350923 0.213464 -0.911749
v -1.74846 0.343418 0.118542
vn 0.350923 -0.213464 0.911749
v -1.75495 0.345021 0.120854
vn 0.686809 -0.417779 0.594773
v -1.74982 0.341231 0.118542
vn 0.40628 -0.0569645 0.911971
v -1.75732 0.341231 0.120854
vn -0.795746 0.110858 -0.595398
v -1.75732 0.341231 0.120854
vn 0.795746 -0.110858 0.595398
v -1.76006 -0.341231 0.12401
vn -0.982498 -0.117668 -0.144403
v -1.76006 0.341231 0.206091
vn -0.982498 0.117668 0.144403
v -1.76006 0.341231 0.12401
vn -0.980311 0.124733 -0.153073
v -1.76006 0.341231 0.12401
vn 0.980311 -0.124733 0.153073
v -1.76006 0.341231 0.206091
vn 0.982498 -0.117668 -0.144403
v -1.76006 -0.341231 0.12401
vn 0.982498 0.117668 0.144403
v -1.75732 -0.341231 0.209249
vn -0.796276 -0.110461 0.594762
v -1.75732 -0.341231 0.209249
vn 0.796276 0.110461 -0.594762
v -1.76006 -0.341231 0.206091
vn -0.980311 -0.124733 0.153073
v -1.76006 -0.341231 0.206091
vn 0.980311 0.124733 -0.153073
v -1.75732 -0.341231 0.209249
vn -0.795737 -0.110855 0.59541
v -1.75732 -0.341231 0.209249
vn 0.795737 0.110855 -0.59541
v -1.74846 -0.347793 0.209249
vn -0.389838 -0.711415 0.584736
v -1.74846 -0.343418 0.21156
vn -0.350921 -0.213477 0.911747
v -1.75495 -0.345021 0.209249
vn -0.686806 -0.41779 0.594768
v -1.75495 -0.345021 0.209249
vn 0.686806 0.41779 -0.594768
v -1.74846 -0.343418 0.21156
vn 0.350921 0.213477 -0.911747
v -1.74846 -0.347793 0.209249
vn 0.389838 0.711415 -0.584736
v -1.7447 -0.345021 0.21156
vn -0.201696 -0.368075 0.907656
v -1.7447 -0.345021 0.21156
vn 0.201696 0.368075 -0.907656
v -1.74846 -0.347793 0.209249
vn -0.389831 -0.711422 0.584732
v -1.74846 -0.347793 0.209249
vn 0.389831 0.711422 -0.584732
v -1.73959 -0.348809 0.209249
vn -0.101789 -0.811095 0.575989
v -1.74982 -0.348809 0.206091
vn -0.474232 -0.865434 0.161643
v -1.73959 -0.349981 0.206091
vn -0.122508 -0.979745 0.158403
v -1.73959 -0.349981 0.206091
vn 0.122508 0.979745 -0.158403
v -1.74982 -0.348809 0.206091
vn 0.474232 0.865434 -0.161643
v -1.73959 -0.348809 0.209249
vn 0.101789 0.811095 -0.575989
v -1.73959 -0.349981 0.206091
vn -0.122582 -0.979775 0.15816
v -1.74982 -0.348809 0.12401
vn -0.473833 -0.865697 -0.161404
v -1.73959 -0.349981 0.12401
vn -0.122555 -0.979761 -0.158268
v -1.73959 -0.349981 0.12401
vn 0.122555 0.979761 0.158268
v -1.74982 -0.348809 0.12401
vn 0.473833 0.865697 0.161404
v -1.73959 -0.349981 0.206091
vn 0.122582 0.979775 -0.15816
v -1.73959 -0.349981 0.12401
vn -0.122509 -0.979744 -0.158406
v -1.74846 -0.347793 0.120854
vn -0.389829 -0.711439 -0.584712
v -1.73959 -0.348809 0.120854
vn -0.101787 -0.81109 -0.575997
v -1.73959 -0.348809 0.120854
vn 0.101787 0.81109 0.575997
v -1.74846 -0.347793 0.120854
vn 0.389829 0.711439 0.584712
v -1.73959 -0.349981 0.12401
vn 0.122509 0.979744 0.158406
v -1.75732 -0.341231 0.120854
vn -0.793729 -0.109979 -0.598246
v -1.74982 0.341231 0.118542
vn -0.407041 0.0564691 -0.911662
v -1.74982 -0.341231 0.118542
vn -0.406832 -0.0566933 -0.911742
v -1.74982 -0.341231 0.118542
vn 0.406832 0.0566933 0.911742
v -1.74982 0.341231 0.118542
vn 0.407041 -0.0564691 0.911662
v -1.75732 -0.341231 0.120854
vn 0.793729 0.109979 0.598246
v -1.75495 -0.345021 0.120854
vn -0.686809 -0.417779 -0.594773
v -1.74982 -0.341231 0.118542
vn -0.40628 -0.0569645 -0.911971
v -1.74846 -0.343418 0.118542
vn -0.350923 -0.213464 -0.911749
v -1.74846 -0.343418 0.118542
vn 0.350923 0.213464 0.911749
v -1.74982 -0.341231 0.118542
vn 0.40628 0.0569645 0.911971
v -1.75495 -0.345021 0.120854
vn 0.686809 0.417779 0.594773
v -1.74846 -0.347793 0.120854
vn -0.389831 -0.711422 -0.584732
v -1.74846 -0.347793 0.120854
vn 0.389831 0.711422 0.584732
v -1.74846 -0.347793 0.120854
vn -0.389836 -0.711415 -0.584736
v -1.74846 -0.343418 0.118542
vn -0.350921 -0.213477 -0.911747
v -1.7447 -0.345021 0.118542
vn -0.201696 -0.368075 -0.907656
v -1.7447 -0.345021 0.118542
vn 0.201696 0.368075 0.907656
v -1.74846 -0.343418 0.118542
vn 0.350921 0.213477 0.911747
v -1.74846 -0.347793 0.120854
vn 0.389836 0.711415 0.584736
v -1.75732 0.341231 0.120854
vn -0.795737 0.110855 -0.59541
v -1.75732 0.341231 0.120854
vn 0.795737 -0.110855 0.59541
v -1.75732 -0.341231 0.120854
vn -0.796576 -0.110157 -0.594417
v -1.76006 0.341231 0.12401
vn -0.976519 0.134735 -0.168101
v -1.75732 0.341231 0.120854
vn -0.796276 0.110461 -0.594763
v -1.75732 0.341231 0.120854
vn 0.796276 -0.110461 0.594763
v -1.76006 0.341231 0.12401
vn 0.976519 -0.134735 0.168101
v -1.75732 -0.341231 0.120854
vn 0.796576 0.110157 0.594417
v -1.76006 -0.341231 0.12401
vn -0.976614 -0.135093 -0.167255
v -1.76006 -0.341231 0.12401
vn 0.976614 0.135093 0.167255
v -1.76006 -0.341231 0.206091
vn -0.976696 -0.135579 0.166381
v -1.75495 -0.345021 0.209249
vn -0.686821 -0.417784 0.594754
v -1.75732 -0.341231 0.209249
vn -0.795746 -0.110858 0.595398
v -1.75732 -0.341231 0.209249
vn 0.795746 0.110858 -0.595398
v -1.75495 -0.345021 0.209249
vn 0.686821 0.417784 -0.594754
v -1.76006 -0.341231 0.206091
vn 0.976696 0.135579 -0.166381
v -1.75732 -0.345606 0.12401
vn -0.842627 -0.512395 -0.165621
v -1.76006 -0.341231 0.206091
vn -0.976691 -0.135835 0.166203
v -1.76006 -0.341231 0.12401
vn -0.976696 -0.135711 -0.166275
v -1.76006 -0.341231 0.12401
vn 0.976696 0.135711 0.166275
v -1.76006 -0.341231 0.206091
vn 0.976691 0.135835 -0.166203
v -1.75732 -0.345606 0.12401
vn 0.842627 0.512395 0.165621
v -1.75732 -0.345606 0.206091
vn -0.842506 -0.512537 0.165801
v -1.74846 -0.347793 0.209249
vn -0.389846 -0.711427 0.584714
v -1.75495 -0.345021 0.209249
vn -0.686812 -0.417797 0.594756
v -1.75495 -0.345021 0.209249
vn 0.686812 0.417797 -0.594756
v -1.74846 -0.347793 0.209249
vn 0.389846 0.711427 -0.584714
v -1.75732 -0.345606 0.206091
vn 0.842506 0.512537 -0.165801
v -1.74846 -0.347793 0.209249
vn -0.389834 -0.711431 0.584719
v -1.74846 -0.347793 0.209249
vn 0.389834 0.711431 -0.584719
v -1.74982 -0.348809 0.206091
vn -0.474027 -0.865571 0.161509
v -1.74982 -0.348809 0.206091
vn 0.474027 0.865571 -0.161509
v -1.74982 -0.348809 0.12401
vn -0.474239 -0.865431 -0.161639
v -1.74982 -0.348809 0.12401
vn 0.474239 0.865431 0.161639
v -1.75732 0.341231 0.120854
vn -0.794734 0.110371 -0.596839
v -1.75732 0.341231 0.120854
vn 0.794734 -0.110371 0.596839
v -1.75732 -0.341231 0.120854
vn -0.795737 -0.110855 -0.59541
v -1.75732 -0.341231 0.120854
vn 0.795737 0.110855 0.59541
v -1.75495 -0.345021 0.120854
vn -0.686806 -0.41779 -0.594768
v -1.75495 -0.345021 0.120854
vn 0.686806 0.41779 0.594768
v -1.75495 -0.345021 0.120854
vn -0.686821 -0.417784 -0.594754
v -1.76006 -0.341231 0.12401
vn -0.976696 -0.135579 -0.166381
v -1.75732 -0.341231 0.120854
vn -0.795746 -0.110858 -0.595398
v -1.75732 -0.341231 0.120854
vn 0.795746 0.110858 0.595398
v -1.76006 -0.341231 0.12401
vn 0.976696 0.135579 0.166381
v -1.75495 -0.345021 0.120854
vn 0.686821 0.417784 0.594754
v -1.75732 -0.345606 0.206091
vn -0.842519 -0.512516 0.165797
v -1.75732 -0.345606 0.206091
vn 0.842519 0.512516 -0.165797
v -1.75732 -0.345606 0.206091
vn -0.842586 -0.51244 0.165695
v -1.75732 -0.345606 0.206091
vn 0.842586 0.51244 -0.165695
v -1.75732 -0.345606 0.12401
vn -0.842519 -0.512516 -0.165797
v -1.75732 -0.345606 0.12401
vn 0.842519 0.512516 0.165797
v -1.74982 -0.348809 0.206091
vn -0.474249 -0.865425 0.161639
v -1.74982 -0.348809 0.206091
vn 0.474249 0.865425 -0.161639
v -1.74982 -0.348809 0.206091
vn -0.474348 -0.86541 0.161426
v -1.75732 -0.345606 0.12401
vn -0.842248 -0.513025 -0.165598
v -1.74982 -0.348809 0.12401
vn -0.474318 -0.86541 -0.161519
v -1.74982 -0.348809 0.12401
vn 0.474318 0.86541 0.161519
v -1.75732 -0.345606 0.12401
vn 0.842248 0.513025 0.165598
v -1.74982 -0.348809 0.206091
vn 0.474348 0.86541 -0.161426
v -1.74982 -0.348809 0.12401
vn -0.47425 -0.865424 -0.161643
v -1.75495 -0.345021 0.120854
vn -0.68681 -0.417807 -0.594752
v -1.74846 -0.347793 0.120854
vn -0.389843 -0.711425 -0.58472
v -1.74846 -0.347793 0.120854
vn 0.389843 0.711425 0.58472
v -1.75495 -0.345021 0.120854
vn 0.68681 0.417807 0.594752
v -1.74982 -0.348809 0.12401
vn 0.47425 0.865424 0.161643
v -1.75732 -0.345606 0.206091
vn -0.842377 -0.512787 0.165684
v -1.75732 -0.345606 0.206091
vn 0.842377 0.512787 -0.165684
v -1.75732 -0.345606 0.12401
vn -0.842511 -0.51253 -0.165797
v -1.75732 -0.345606 0.12401
vn 0.842511 0.51253 0.165797
v -0.145019 0.0928435 0.228081
vn 0.0523442 -0.663572 -0.746279
v -0.145019 0.113765 0.221899
vn 0.112076 -0.31349 -0.942954
v -0.108761 0.09574 0.227785
vn 0.203871 -0.606605 -0.768419
v -0.108761 0.09574 0.227785
vn -0.203871 0.606605 0.768419
v -0.145019 0.113765 0.221899
vn -0.112076 0.31349 0.942954
v -0.145019 0.0928435 0.228081
vn -0.0523442 0.663572 0.746279
v -0.145019 0.0928435 0.228081
vn 0.0501236 -0.650882 -0.757523
v -1.59525 0.113765 0.221899
vn -0.107029 -0.314617 -0.943165
v -0.145019 0.113765 0.221899
vn 0.109351 -0.314278 -0.943012
v -0.145019 0.113765 0.221899
vn -0.109351 0.314278 0.943012
v -1.59525 0.113765 0.221899
vn 0.107029 0.314617 0.943165
v -0.145019 0.0928435 0.228081
vn -0.0501236 0.650882 0.757523
v -0.108761 0.09574 0.227785
vn 0.203905 -0.606575 -0.768433
v -0.145019 0.113765 0.221899
vn 0.112108 -0.313453 -0.942963
v -0.0822237 0.10365 0.226976
vn 0.372794 -0.429879 -0.822331
v -0.0822237 0.10365 0.226976
vn -0.372794 0.429879 0.822331
v -0.145019 0.113765 0.221899
vn -0.112108 0.313453 0.942963
v -0.108761 0.09574 0.227785
vn -0.203905 0.606575 0.768433
v -0.108761 0.09574 0.227785
vn 0.203905 -0.606835 -0.768228
v -0.145019 0.0789185 0.240547
vn 0.0855765 -0.935239 -0.343518
v -0.145019 0.0928435 0.228081
vn 0.0523758 -0.663794 -0.746079
v -0.145019 0.0928435 0.228081
vn -0.0523758 0.663794 0.746079
v -0.145019 0.0789185 0.240547
vn -0.0855765 0.935239 0.343518
v -0.108761 0.09574 0.227785
vn -0.203905 0.606835 0.768228
v -1.59525 0.0928435 0.228081
vn -0.05114 -0.656905 -0.752237
v -1.59525 0.0928435 0.228081
vn 0.05114 0.656905 0.752237
v -1.59525 0.200226 0.213053
vn -0.0958314 -0.0348398 -0.994788
v -0.145019 0.113765 0.221899
vn 0.0945868 -0.284063 -0.954129
v -1.59525 0.113765 0.221899
vn -0.102074 -0.296895 -0.949439
v -1.59525 0.113765 0.221899
vn 0.102074 0.296895 0.949439
v -0.145019 0.113765 0.221899
vn -0.0945868 0.284063 0.954129
v -1.59525 0.200226 0.213053
vn 0.0958314 0.0348398 0.994788
v -0.0822237 0.10365 0.226976
vn 0.372817 -0.429819 -0.822352
v -0.145019 0.113765 0.221899
vn 0.112128 -0.313391 -0.942981
v -0.0725081 0.11446 0.225869
vn 0.44572 -0.230495 -0.864989
v -0.0725081 0.11446 0.225869
vn -0.44572 0.230495 0.864989
v -0.145019 0.113765 0.221899
vn -0.112128 0.313391 0.942981
v -0.0822237 0.10365 0.226976
vn -0.372817 0.429819 0.822352
v -0.0362502 0.097636 0.238631
vn 0.670525 -0.586949 -0.453748
v -0.108761 0.09574 0.227785
vn 0.203997 -0.606753 -0.768268
v -0.0822237 0.10365 0.226976
vn 0.372901 -0.430061 -0.822187
v -0.0822237 0.10365 0.226976
vn -0.372901 0.430061 0.822187
v -0.108761 0.09574 0.227785
vn -0.203997 0.606753 0.768268
v -0.0362502 0.097636 0.238631
vn -0.670525 0.586949 0.453748
v -0.145019 0.0789185 0.240547
vn 0.0855781 -0.935183 -0.34367
v -0.108761 0.09574 0.227785
vn 0.203854 -0.606899 -0.768191
v -0.0822237 0.0839343 0.240033
vn 0.346662 -0.860335 -0.373697
v -0.0822237 0.0839343 0.240033
vn -0.346662 0.860335 0.373697
v -0.108761 0.09574 0.227785
vn -0.203854 0.606899 0.768191
v -0.145019 0.0789185 0.240547
vn -0.0855781 0.935183 0.34367
v -1.59525 0.0789185 0.240547
vn -0.0822107 -0.929827 -0.358697
v -0.145019 0.0928435 0.228081
vn 0.0501482 -0.666921 -0.743439
v -0.145019 0.0789185 0.240547
vn 0.0837224 -0.932428 -0.351524
v -0.145019 0.0789185 0.240547
vn -0.0837224 0.932428 0.351524
v -0.145019 0.0928435 0.228081
vn -0.0501482 0.666921 0.743439
v -1.59525 0.0789185 0.240547
vn 0.0822107 0.929827 0.358697
v -1.59525 0.0928435 0.228081
vn -0.0511447 -0.6657 -0.744465
v -1.59525 0.0928435 0.228081
vn 0.0511447 0.6657 0.744465
v -1.59525 0.0928435 0.228081
vn -0.0523442 -0.663572 -0.746279
v -1.63151 0.09574 0.227785
vn -0.203871 -0.606605 -0.768419
v -1.59525 0.113765 0.221899
vn -0.112076 -0.31349 -0.942954
v -1.59525 0.113765 0.221899
vn 0.112076 0.31349 0.942954
v -1.63151 0.09574 0.227785
vn 0.203871 0.606605 0.768419
v -1.59525 0.0928435 0.228081
vn 0.0523442 0.663572 0.746279
v -0.145019 0.200226 0.213053
vn 0.103497 -0.0279846 -0.994236
v -0.145019 0.200226 0.213053
vn -0.103497 0.0279846 0.994236
v -1.59525 0.113765 0.221899
vn -0.112045 -0.31174 -0.943538
v -1.66776 0.20092 0.217024
vn -0.448013 -0.0734963 -0.891001
v -1.59525 0.200226 0.213053
vn -0.113793 -0.0186357 -0.99333
v -1.59525 0.200226 0.213053
vn 0.113793 0.0186357 0.99333
v -1.66776 0.20092 0.217024
vn 0.448013 0.0734963 0.891001
v -1.59525 0.113765 0.221899
vn 0.112045 0.31174 0.943538
v -0.145019 0.113765 0.221899
vn 0.112045 -0.31174 -0.943538
v -0.0725081 0.20092 0.217024
vn 0.448013 -0.0734963 -0.891001
v -0.0725081 0.11446 0.225869
vn 0.444382 -0.230067 -0.865791
v -0.0725081 0.11446 0.225869
vn -0.444382 0.230067 0.865791
v -0.0725081 0.20092 0.217024
vn -0.448013 0.0734963 0.891001
v -0.145019 0.113765 0.221899
vn -0.112045 0.31174 0.943538
v -0.0194288 0.116358 0.236717
vn 0.821189 -0.236202 -0.519478
v -0.0822237 0.10365 0.226976
vn 0.372965 -0.429898 -0.822243
v -0.0725081 0.11446 0.225869
vn 0.445877 -0.23056 -0.864891
v -0.0725081 0.11446 0.225869
vn -0.445877 0.23056 0.864891
v -0.0822237 0.10365 0.226976
vn -0.372965 0.429898 0.822243
v -0.0194288 0.116358 0.236717
vn -0.821189 0.236202 0.519478
v -0.108761 0.09574 0.227785
vn 0.204015 -0.606756 -0.768261
v -0.0362502 0.097636 0.238631
vn 0.670391 -0.586992 -0.453891
v -0.0822237 0.0839343 0.240033
vn 0.346844 -0.860236 -0.373756
v -0.0822237 0.0839343 0.240033
vn -0.346844 0.860236 0.373756
v -0.0362502 0.097636 0.238631
vn -0.670391 0.586992 0.453891
v -0.108761 0.09574 0.227785
vn -0.204015 0.606756 0.768261
v -0.0822237 0.10365 0.226976
vn 0.372965 -0.429858 -0.822264
v -0.0194288 0.116358 0.236717
vn 0.821073 -0.236248 -0.51964
v -0.0362502 0.097636 0.238631
vn 0.670546 -0.586743 -0.453982
v -0.0362502 0.097636 0.238631
vn -0.670546 0.586743 0.453982
v -0.0194288 0.116358 0.236717
vn -0.821073 0.236248 0.51964
v -0.0822237 0.10365 0.226976
vn -0.372965 0.429858 0.822264
v -0.0822237 0.0839343 0.240033
vn 0.346501 -0.860698 -0.37301
v -0.145019 0.0757179 0.255956
vn 0.0969538 -0.995241 -0.00979644
v -0.145019 0.0789185 0.240547
vn 0.0856106 -0.935374 -0.343143
v -0.145019 0.0789185 0.240547
vn -0.0856106 0.935374 0.343143
v -0.145019 0.0757179 0.255956
vn -0.0969538 0.995241 0.00979644
v -0.0822237 0.0839343 0.240033
vn -0.346501 0.860698 0.37301
v -0.145019 0.0789185 0.240547
vn 0.0822791 -0.937997 -0.336736
v -1.59525 0.0757179 0.255956
vn -0.0931752 -0.995525 -0.0157725
v -1.59525 0.0789185 0.240547
vn -0.08375 -0.936838 -0.33959
v -1.59525 0.0789185 0.240547
vn 0.08375 0.936838 0.33959
v -1.59525 0.0757179 0.255956
vn 0.0931752 0.995525 0.0157725
v -0.145019 0.0789185 0.240547
vn -0.0822791 0.937997 0.336736
v -1.59525 0.0789185 0.240547
vn -0.0855765 -0.935239 -0.343518
v -1.63151 0.09574 0.227785
vn -0.203905 -0.606835 -0.768228
v -1.59525 0.0928435 0.228081
vn -0.0523758 -0.663794 -0.746079
v -1.59525 0.0928435 0.228081
vn 0.0523758 0.663794 0.746079
v -1.63151 0.09574 0.227785
vn 0.203905 0.606835 0.768228
v -1.59525 0.0789185 0.240547
vn 0.0855765 0.935239 0.343518
v -1.63151 0.09574 0.227785
vn -0.203905 -0.606575 -0.768433
v -1.65804 0.10365 0.226976
vn -0.372794 -0.429879 -0.822331
v -1.59525 0.113765 0.221899
vn -0.112108 -0.313453 -0.942963
v -1.59525 0.113765 0.221899
vn 0.112108 0.313453 0.942963
v -1.65804 0.10365 0.226976
vn 0.372794 0.429879 0.822331
v -1.63151 0.09574 0.227785
vn 0.203905 0.606575 0.768433
v -1.59525 0.222535 0.214813
vn -0.0536666 0.400891 -0.914553
v -0.145019 0.200226 0.213053
vn 0.108626 -0.0128915 -0.993999
v -1.59525 0.200226 0.213053
vn -0.110996 -0.015212 -0.993704
v -1.59525 0.200226 0.213053
vn 0.110996 0.015212 0.993704
v -0.145019 0.200226 0.213053
vn -0.108626 0.0128915 0.993999
v -1.59525 0.222535 0.214813
vn 0.0536666 -0.400891 0.914553
v -0.145019 0.200226 0.213053
vn 0.113793 -0.0186357 -0.99333
v -0.145019 0.200226 0.213053
vn -0.113793 0.0186357 0.99333
v -1.66776 0.11446 0.225869
vn -0.444383 -0.230067 -0.865791
v -1.66776 0.11446 0.225869
vn 0.444383 0.230067 0.865791
v -1.66776 0.20092 0.217024
vn -0.450805 -0.0729887 -0.889633
v -1.65804 0.211728 0.215919
vn -0.387113 0.141932 -0.911043
v -1.59525 0.200226 0.213053
vn -0.113812 -0.0181302 -0.993337
v -1.59525 0.200226 0.213053
vn 0.113812 0.0181302 0.993337
v -1.65804 0.211728 0.215919
vn 0.387113 -0.141932 0.911043
v -1.66776 0.20092 0.217024
vn 0.450805 0.0729887 0.889633
v -0.0194288 0.202817 0.22787
vn 0.827613 0.0508236 -0.558993
v -0.0725081 0.11446 0.225869
vn 0.445286 -0.229693 -0.865426
v -0.0725081 0.20092 0.217024
vn 0.450721 -0.0731631 -0.889661
v -0.0725081 0.20092 0.217024
vn -0.450721 0.0731631 0.889661
v -0.0725081 0.11446 0.225869
vn -0.445286 0.229693 0.865426
v -0.0194288 0.202817 0.22787
vn -0.827613 -0.0508236 0.558993
v -0.0194288 0.116358 0.236717
vn 0.820197 -0.235842 -0.521205
v -0.0194288 0.116358 0.236717
vn -0.820197 0.235842 0.521205
v -0.0362502 0.097636 0.238631
vn 0.670378 -0.587455 -0.453311
v -0.0725081 0.0815112 0.255364
vn 0.399995 -0.916161 -0.0255444
v -0.0822237 0.0839343 0.240033
vn 0.346953 -0.860408 -0.373258
v -0.0822237 0.0839343 0.240033
vn -0.346953 0.860408 0.373258
v -0.0725081 0.0815112 0.255364
vn -0.399995 0.916161 0.0255444
v -0.0362502 0.097636 0.238631
vn -0.670378 0.587455 0.453311
v 2.54517e-06 0.118949 0.251533
vn 0.972384 -0.194556 -0.128912
v -0.0362502 0.097636 0.238631
vn 0.670788 -0.586793 -0.45356
v -0.0194288 0.116358 0.236717
vn 0.821327 -0.236289 -0.51922
v -0.0194288 0.116358 0.236717
vn -0.821327 0.236289 0.51922
v -0.0362502 0.097636 0.238631
vn -0.670788 0.586793 0.45356
v 2.54517e-06 0.118949 0.251533
vn -0.972384 0.194556 0.128912
v -0.0725081 0.0815112 0.255364
vn 0.399713 -0.91629 -0.0253503
v -0.0725081 0.0815112 0.255364
vn -0.399713 0.91629 0.0253503
v -0.145019 0.0757179 0.255956
vn 0.0948423 -0.995409 -0.0128888
v -0.145019 0.0757179 0.255956
vn -0.0948423 0.995409 0.0128888
v -1.59525 0.0757179 0.255956
vn -0.0969538 -0.995241 -0.00979644
v -1.65804 0.0839343 0.240033
vn -0.346501 -0.860698 -0.37301
v -1.59525 0.0789185 0.240547
vn -0.0856106 -0.935374 -0.343143
v -1.59525 0.0789185 0.240547
vn 0.0856106 0.935374 0.343143
v -1.65804 0.0839343 0.240033
vn 0.346501 0.860698 0.37301
v -1.59525 0.0757179 0.255956
vn 0.0969538 0.995241 0.00979644
v -1.63151 0.09574 0.227785
vn -0.203854 -0.606899 -0.768191
v -1.59525 0.0789185 0.240547
vn -0.0855781 -0.935183 -0.34367
v -1.65804 0.0839343 0.240033
vn -0.346662 -0.860335 -0.373697
v -1.65804 0.0839343 0.240033
vn 0.346662 0.860335 0.373697
v -1.59525 0.0789185 0.240547
vn 0.0855781 0.935183 0.34367
v -1.63151 0.09574 0.227785
vn 0.203854 0.606899 0.768191
v -1.63151 0.09574 0.227785
vn -0.203997 -0.606753 -0.768268
v -1.70402 0.097636 0.238631
vn -0.670525 -0.586949 -0.453748
v -1.65804 0.10365 0.226976
vn -0.372901 -0.430061 -0.822187
v -1.65804 0.10365 0.226976
vn 0.372901 0.430061 0.822187
v -1.70402 0.097636 0.238631
vn 0.670525 0.586949 0.453748
v -1.63151 0.09574 0.227785
vn 0.203997 0.606753 0.768268
v -1.65804 0.10365 0.226976
vn -0.372817 -0.429819 -0.822352
v -1.66776 0.11446 0.225869
vn -0.44572 -0.230495 -0.864989
v -1.59525 0.113765 0.221899
vn -0.112128 -0.313391 -0.942981
v -1.59525 0.113765 0.221899
vn 0.112128 0.313391 0.942981
v -1.66776 0.11446 0.225869
vn 0.44572 0.230495 0.864989
v -1.65804 0.10365 0.226976
vn 0.372817 0.429819 0.822352
v -0.145019 0.222535 0.214813
vn 0.054789 0.407234 -0.911679
v -0.145019 0.222535 0.214813
vn -0.054789 -0.407234 0.911679
v -1.59525 0.200226 0.213053
vn -0.113761 -0.0180271 -0.993345
v -1.63151 0.21964 0.215109
vn -0.216646 0.345412 -0.913102
v -1.59525 0.222535 0.214813
vn -0.0561062 0.414449 -0.908341
v -1.59525 0.222535 0.214813
vn 0.0561062 -0.414449 0.908341
v -1.63151 0.21964 0.215109
vn 0.216646 -0.345412 0.913102
v -1.59525 0.200226 0.213053
vn 0.113761 0.0180271 0.993345
v -0.0725081 0.20092 0.217024
vn 0.450805 -0.0729887 -0.889633
v -0.145019 0.200226 0.213053
vn 0.113812 -0.0181302 -0.993337
v -0.0822237 0.211728 0.215919
vn 0.387113 0.141932 -0.911043
v -0.0822237 0.211728 0.215919
vn -0.387113 -0.141932 0.911043
v -0.145019 0.200226 0.213053
vn -0.113812 0.0181302 0.993337
v -0.0725081 0.20092 0.217024
vn -0.450805 0.0729887 0.889633
v -1.66776 0.11446 0.225869
vn -0.445286 -0.229693 -0.865426
v -1.72083 0.202817 0.22787
vn -0.827613 0.0508237 -0.558993
v -1.66776 0.20092 0.217024
vn -0.450721 -0.0731631 -0.889661
v -1.66776 0.20092 0.217024
vn 0.450721 0.0731631 0.889661
v -1.72083 0.202817 0.22787
vn 0.827613 -0.0508237 0.558993
v -1.66776 0.11446 0.225869
vn 0.445286 0.229693 0.865426
v -1.72083 0.202817 0.22787
vn -0.829744 0.0519911 -0.555718
v -1.65804 0.211728 0.215919
vn -0.387264 0.142031 -0.910963
v -1.66776 0.20092 0.217024
vn -0.450965 -0.0729091 -0.889559
v -1.66776 0.20092 0.217024
vn 0.450965 0.0729091 0.889559
v -1.65804 0.211728 0.215919
vn 0.387264 -0.142031 0.910963
v -1.72083 0.202817 0.22787
vn 0.829744 -0.0519911 0.555718
v -1.59525 0.200226 0.213053
vn -0.113793 -0.0180649 -0.99334
v -1.65804 0.211728 0.215919
vn -0.387091 0.141995 -0.911042
v -1.63151 0.21964 0.215109
vn -0.216681 0.345379 -0.913106
v -1.63151 0.21964 0.215109
vn 0.216681 -0.345379 0.913106
v -1.65804 0.211728 0.215919
vn 0.387091 -0.141995 0.911042
v -1.59525 0.200226 0.213053
vn 0.113793 0.0180649 0.99334
v -0.0822237 0.211728 0.215919
vn 0.387264 0.142031 -0.910963
v -0.0194288 0.202817 0.22787
vn 0.829744 0.0519911 -0.555718
v -0.0725081 0.20092 0.217024
vn 0.450965 -0.0729091 -0.889559
v -0.0725081 0.20092 0.217024
vn -0.450965 0.0729091 0.889559
v -0.0194288 0.202817 0.22787
vn -0.829744 -0.0519911 0.555718
v -0.0822237 0.211728 0.215919
vn -0.387264 -0.142031 0.910963
v 2.54517e-06 0.205409 0.242689
vn 0.975595 0.143516 -0.166185
v -0.0194288 0.116358 0.236717
vn 0.821377 -0.235441 -0.519525
v -0.0194288 0.202817 0.22787
vn 0.829932 0.0516739 -0.555467
v -0.0194288 0.202817 0.22787
vn -0.829932 -0.0516739 0.555467
v -0.0194288 0.116358 0.236717
vn -0.821377 0.235441 0.519525
v 2.54517e-06 0.205409 0.242689
vn -0.975595 -0.143516 0.166185
v -0.0194288 0.0973342 0.253745
vn 0.790478 -0.607802 -0.0756429
v -0.0194288 0.0973342 0.253745
vn -0.790478 0.607802 0.0756429
v -0.0194288 0.0973342 0.253745
vn 0.790759 -0.607426 -0.0757257
v -0.0194288 0.0973342 0.253745
vn -0.790759 0.607426 0.0757257
v 2.54517e-06 0.118949 0.251533
vn 0.972419 -0.193939 -0.129571
v 2.54517e-06 0.118949 0.251533
vn -0.972419 0.193939 0.129571
v -0.0725081 0.0815112 0.255364
vn 0.39406 -0.918837 -0.0213637
v -0.145019 0.106822 0.433764
vn 0.0989263 -0.971894 0.213626
v -0.145019 0.0757179 0.255956
vn 0.0973161 -0.995224 -0.00761448
v -0.145019 0.0757179 0.255956
vn -0.0973161 0.995224 0.00761448
v -0.145019 0.106822 0.433764
vn -0.0989263 0.971894 -0.213626
v -0.0725081 0.0815112 0.255364
vn -0.39406 0.918837 0.0213637
v -0.145019 0.0757179 0.255956
vn 0.065486 -0.997029 0.0405648
v -1.59525 0.106822 0.433764
vn -0.0663576 -0.979132 0.192086
v -1.59525 0.0757179 0.255956
vn -0.0769031 -0.996801 0.0217495
v -1.59525 0.0757179 0.255956
vn 0.0769031 0.996801 -0.0217495
v -1.59525 0.106822 0.433764
vn 0.0663576 0.979132 -0.192086
v -0.145019 0.0757179 0.255956
vn -0.065486 0.997029 -0.0405648
v -1.66776 0.0815112 0.255364
vn -0.399713 -0.91629 -0.0253503
v -1.66776 0.0815112 0.255364
vn 0.399713 0.91629 0.0253503
v -1.70402 0.097636 0.238631
vn -0.670391 -0.586992 -0.453891
v -1.63151 0.09574 0.227785
vn -0.204015 -0.606756 -0.768261
v -1.65804 0.0839343 0.240033
vn -0.346844 -0.860236 -0.373756
v -1.65804 0.0839343 0.240033
vn 0.346844 0.860236 0.373756
v -1.63151 0.09574 0.227785
vn 0.204015 0.606756 0.768261
v -1.70402 0.097636 0.238631
vn 0.670391 0.586992 0.453891
v -1.72083 0.116358 0.236717
vn -0.821073 -0.236248 -0.51964
v -1.65804 0.10365 0.226976
vn -0.372965 -0.429858 -0.822264
v -1.70402 0.097636 0.238631
vn -0.670546 -0.586743 -0.453982
v -1.70402 0.097636 0.238631
vn 0.670546 0.586743 0.453982
v -1.65804 0.10365 0.226976
vn 0.372965 0.429858 0.822264
v -1.72083 0.116358 0.236717
vn 0.821073 0.236248 0.51964
v -1.65804 0.10365 0.226976
vn -0.372965 -0.429898 -0.822243
v -1.72083 0.116358 0.236717
vn -0.821189 -0.236202 -0.519478
v -1.66776 0.11446 0.225869
vn -0.445877 -0.23056 -0.864891
v -1.66776 0.11446 0.225869
vn 0.445877 0.23056 0.864891
v -1.72083 0.116358 0.236717
vn 0.821189 0.236202 0.519478
v -1.65804 0.10365 0.226976
vn 0.372965 0.429898 0.822243
v -1.59525 0.222535 0.214813
vn -0.0537183 0.419938 -0.905962
v -0.145019 0.240256 0.22404
vn 0.0866549 0.817719 -0.569058
v -0.145019 0.222535 0.214813
vn 0.0548107 0.417768 -0.906899
v -0.145019 0.222535 0.214813
vn -0.0548107 -0.417768 0.906899
v -0.145019 0.240256 0.22404
vn -0.0866549 -0.817719 0.569058
v -1.59525 0.222535 0.214813
vn 0.0537183 -0.419938 0.905962
v -0.145019 0.200226 0.213053
vn 0.113761 -0.0180271 -0.993345
v -0.145019 0.222535 0.214813
vn 0.0561062 0.414449 -0.908341
v -0.108761 0.21964 0.215109
vn 0.216646 0.345412 -0.913102
v -0.108761 0.21964 0.215109
vn -0.216646 -0.345412 0.913102
v -0.145019 0.222535 0.214813
vn -0.0561062 -0.414449 0.908341
v -0.145019 0.200226 0.213053
vn -0.113761 0.0180271 0.993345
v -1.63151 0.21964 0.215109
vn -0.216683 0.345684 -0.91299
v -1.59525 0.240256 0.22404
vn -0.0902336 0.827269 -0.554512
v -1.59525 0.222535 0.214813
vn -0.0561382 0.414718 -0.908217
v -1.59525 0.222535 0.214813
vn 0.0561382 -0.414718 0.908217
v -1.59525 0.240256 0.22404
vn 0.0902336 -0.827269 0.554512
v -1.63151 0.21964 0.215109
vn 0.216683 -0.345684 0.91299
v -0.145019 0.200226 0.213053
vn 0.113793 -0.0180649 -0.99334
v -0.108761 0.21964 0.215109
vn 0.216681 0.345379 -0.913106
v -0.0822237 0.211728 0.215919
vn 0.387091 0.141995 -0.911042
v -0.0822237 0.211728 0.215919
vn -0.387091 -0.141995 0.911042
v -0.108761 0.21964 0.215109
vn -0.216681 -0.345379 0.913106
v -0.145019 0.200226 0.213053
vn -0.113793 0.0180649 0.99334
v -1.72083 0.116358 0.236717
vn -0.820197 -0.235842 -0.521205
v -1.72083 0.116358 0.236717
vn 0.820197 0.235842 0.521205
v -1.65804 0.211728 0.215919
vn -0.387257 0.142011 -0.910969
v -1.72083 0.202817 0.22787
vn -0.829627 0.0520085 -0.555891
v -1.70402 0.221536 0.225956
vn -0.693287 0.427783 -0.579961
v -1.70402 0.221536 0.225956
vn 0.693287 -0.427783 0.579961
v -1.72083 0.202817 0.22787
vn 0.829627 -0.0520085 0.555891
v -1.65804 0.211728 0.215919
vn 0.387257 -0.142011 0.910969
v -1.70402 0.221536 0.225956
vn -0.693275 0.428035 -0.579789
v -1.63151 0.21964 0.215109
vn -0.216776 0.345591 -0.913003
v -1.65804 0.211728 0.215919
vn -0.387203 0.142205 -0.910962
v -1.65804 0.211728 0.215919
vn 0.387203 -0.142205 0.910962
v -1.63151 0.21964 0.215109
vn 0.216776 -0.345591 0.913003
v -1.70402 0.221536 0.225956
vn 0.693275 -0.428035 0.579789
v -0.0194288 0.202817 0.22787
vn 0.829627 0.0520086 -0.555891
v -0.0822237 0.211728 0.215919
vn 0.387257 0.142011 -0.910969
v -0.0362502 0.221536 0.225956
vn 0.693287 0.427783 -0.579961
v -0.0362502 0.221536 0.225956
vn -0.693287 -0.427783 0.579961
v -0.0822237 0.211728 0.215919
vn -0.387257 -0.142011 0.910969
v -0.0194288 0.202817 0.22787
vn -0.829627 -0.0520086 0.555891
v -0.0194288 0.202817 0.22787
vn 0.829844 0.0523234 -0.555537
v -0.0194288 0.227025 0.240476
vn 0.799091 0.567084 -0.199674
v 2.54517e-06 0.205409 0.242689
vn 0.975714 0.144529 -0.164601
v 2.54517e-06 0.205409 0.242689
vn -0.975714 -0.144529 0.164601
v -0.0194288 0.227025 0.240476
vn -0.799091 -0.567084 0.199674
v -0.0194288 0.202817 0.22787
vn -0.829844 -0.0523234 0.555537
v -0.0194288 0.0973342 0.253745
vn 0.785708 -0.61441 -0.0718529
v -0.0725081 0.112616 0.433172
vn 0.40611 -0.888695 0.21283
v -0.0725081 0.0815112 0.255364
vn 0.400378 -0.916045 -0.0236467
v -0.0725081 0.0815112 0.255364
vn -0.400378 0.916045 0.0236467
v -0.0725081 0.112616 0.433172
vn -0.40611 0.888695 -0.21283
v -0.0194288 0.0973342 0.253745
vn -0.785708 0.61441 0.0718529
v 2.54517e-06 0.150055 0.429341
vn 0.975269 -0.14888 0.163353
v -0.0194288 0.0973342 0.253745
vn 0.791791 -0.606331 -0.0736885
v 2.54517e-06 0.118949 0.251533
vn 0.972257 -0.196295 -0.127218
v 2.54517e-06 0.118949 0.251533
vn -0.972257 0.196295 0.127218
v -0.0194288 0.0973342 0.253745
vn -0.791791 0.606331 0.0736885
v 2.54517e-06 0.150055 0.429341
vn -0.975269 0.14888 -0.163353
v 2.54517e-06 0.236514 0.420495
vn 0.974691 0.186425 0.123385
v 2.54517e-06 0.118949 0.251533
vn 0.974691 -0.186425 -0.123385
v 2.54517e-06 0.205409 0.242689
vn 0.976915 0.141 -0.160486
v 2.54517e-06 0.205409 0.242689
vn -0.976915 -0.141 0.160486
v 2.54517e-06 0.118949 0.251533
vn -0.974691 0.186425 0.123385
v 2.54517e-06 0.236514 0.420495
vn -0.974691 -0.186425 -0.123385
v -0.0725081 0.112616 0.433172
vn 0.402622 -0.890112 0.213533
v -0.0725081 0.112616 0.433172
vn -0.402622 0.890112 -0.213533
v -0.145019 0.106822 0.433764
vn 0.0779739 -0.976717 0.199859
v -0.145019 0.106822 0.433764
vn -0.0779739 0.976717 -0.199859
v -1.66776 0.112616 0.433172
vn -0.39979 -0.891531 0.212932
v -1.59525 0.0757179 0.255956
vn -0.0974999 -0.995217 -0.00600173
v -1.59525 0.106822 0.433764
vn -0.0987675 -0.971754 0.214336
v -1.59525 0.106822 0.433764
vn 0.0987675 0.971754 -0.214336
v -1.59525 0.0757179 0.255956
vn 0.0974999 0.995217 0.00600173
v -1.66776 0.112616 0.433172
vn 0.39979 0.891531 -0.212932
v -1.66776 0.0815112 0.255364
vn -0.396801 -0.917613 -0.0231285
v -1.66776 0.0815112 0.255364
vn 0.396801 0.917613 0.0231285
v -1.66776 0.0815112 0.255364
vn -0.399995 -0.916161 -0.0255443
v -1.70402 0.097636 0.238631
vn -0.670378 -0.587455 -0.453311
v -1.65804 0.0839343 0.240033
vn -0.346953 -0.860408 -0.373258
v -1.65804 0.0839343 0.240033
vn 0.346953 0.860408 0.373258
v -1.70402 0.097636 0.238631
vn 0.670378 0.587455 0.453311
v -1.66776 0.0815112 0.255364
vn 0.399995 0.916161 0.0255443
v -1.70402 0.097636 0.238631
vn -0.670789 -0.586793 -0.45356
v -1.74027 0.118949 0.251533
vn -0.972384 -0.194555 -0.128912
v -1.72083 0.116358 0.236717
vn -0.821327 -0.236289 -0.51922
v -1.72083 0.116358 0.236717
vn 0.821327 0.236289 0.51922
v -1.74027 0.118949 0.251533
vn 0.972384 0.194555 0.128912
v -1.70402 0.097636 0.238631
vn 0.670789 0.586793 0.45356
v -1.59525 0.240256 0.22404
vn -0.0882758 0.822287 -0.562185
v -1.59525 0.240256 0.22404
vn 0.0882758 -0.822287 0.562185
v -0.0822237 0.23524 0.224553
vn 0.364163 0.738604 -0.567318
v -0.145019 0.222535 0.214813
vn 0.0561501 0.414775 -0.90819
v -0.145019 0.240256 0.22404
vn 0.0902333 0.827172 -0.554657
v -0.145019 0.240256 0.22404
vn -0.0902333 -0.827172 0.554657
v -0.145019 0.222535 0.214813
vn -0.0561501 -0.414775 0.90819
v -0.0822237 0.23524 0.224553
vn -0.364163 -0.738604 0.567318
v -0.145019 0.222535 0.214813
vn 0.0561382 0.414718 -0.908217
v -0.0822237 0.23524 0.224553
vn 0.364272 0.738661 -0.567173
v -0.108761 0.21964 0.215109
vn 0.216683 0.345684 -0.91299
v -0.108761 0.21964 0.215109
vn -0.216683 -0.345684 0.91299
v -0.0822237 0.23524 0.224553
vn -0.364272 -0.738661 0.567173
v -0.145019 0.222535 0.214813
vn -0.0561382 -0.414718 0.908217
v -1.59525 0.240256 0.22404
vn -0.0902333 0.827172 -0.554657
v -1.63151 0.21964 0.215109
vn -0.216626 0.345775 -0.912969
v -1.65804 0.23524 0.224553
vn -0.364163 0.738604 -0.567318
v -1.65804 0.23524 0.224553
vn 0.364163 -0.738604 0.567318
v -1.63151 0.21964 0.215109
vn 0.216626 -0.345775 0.912969
v -1.59525 0.240256 0.22404
vn 0.0902333 -0.827172 0.554657
v -0.108761 0.21964 0.215109
vn 0.216776 0.345592 -0.913003
v -0.0362502 0.221536 0.225956
vn 0.693275 0.428035 -0.579789
v -0.0822237 0.211728 0.215919
vn 0.387203 0.142205 -0.910962
v -0.0822237 0.211728 0.215919
vn -0.387203 -0.142205 0.910962
v -0.0362502 0.221536 0.225956
vn -0.693275 -0.428035 0.579789
v -0.108761 0.21964 0.215109
vn -0.216776 -0.345592 0.913003
v -1.72083 0.116358 0.236717
vn -0.821377 -0.235441 -0.519526
v -1.74027 0.205409 0.242689
vn -0.975595 0.143516 -0.166185
v -1.72083 0.202817 0.22787
vn -0.829932 0.0516739 -0.555467
v -1.72083 0.202817 0.22787
vn 0.829932 -0.0516739 0.555467
v -1.74027 0.205409 0.242689
vn 0.975595 -0.143516 0.166185
v -1.72083 0.116358 0.236717
vn 0.821377 0.235441 0.519526
v -1.72083 0.202817 0.22787
vn -0.829842 0.052319 -0.555541
v -1.72083 0.227025 0.240476
vn -0.799088 0.567089 -0.199671
v -1.70402 0.221536 0.225956
vn -0.693506 0.427974 -0.579558
v -1.70402 0.221536 0.225956
vn 0.693506 -0.427974 0.579558
v -1.72083 0.227025 0.240476
vn 0.799088 -0.567089 0.199671
v -1.72083 0.202817 0.22787
vn 0.829842 -0.052319 0.555541
v -1.63151 0.21964 0.215109
vn -0.216787 0.345615 -0.912992
v -1.70402 0.221536 0.225956
vn -0.693133 0.42805 -0.579948
v -1.65804 0.23524 0.224553
vn -0.364346 0.738494 -0.567344
v -1.65804 0.23524 0.224553
vn 0.364346 -0.738494 0.567344
v -1.70402 0.221536 0.225956
vn 0.693133 -0.42805 0.579948
v -1.63151 0.21964 0.215109
vn 0.216787 -0.345615 0.912992
v -0.0362502 0.221536 0.225956
vn 0.693506 0.427974 -0.579558
v -0.0362502 0.221536 0.225956
vn -0.693506 -0.427974 0.579558
v -0.0194288 0.25813 0.418285
vn 0.791791 0.60633 0.0736885
v 2.54517e-06 0.205409 0.242689
vn 0.975269 0.14888 -0.163353
v -0.0194288 0.227025 0.240476
vn 0.799673 0.566732 -0.198336
v -0.0194288 0.227025 0.240476
vn -0.799673 -0.566732 0.198336
v 2.54517e-06 0.205409 0.242689
vn -0.975269 -0.14888 0.163353
v -0.0194288 0.25813 0.418285
vn -0.791791 -0.60633 -0.0736885
v -0.0194288 0.128438 0.431553
vn 0.796313 -0.57131 0.198724
v -0.0194288 0.128438 0.431553
vn -0.796313 0.57131 -0.198724
v -0.0194288 0.128438 0.431553
vn 0.799673 -0.566732 0.198336
v -0.0194288 0.128438 0.431553
vn -0.799673 0.566732 -0.198336
v 2.54517e-06 0.150055 0.429341
vn 0.976915 -0.141 0.160486
v 2.54517e-06 0.150055 0.429341
vn -0.976915 0.141 -0.160486
v 2.54517e-06 0.236514 0.420495
vn 0.972257 0.196295 0.127218
v 2.54517e-06 0.236514 0.420495
vn -0.972257 -0.196295 -0.127218
v -0.0725081 0.112616 0.433172
vn 0.405415 -0.888531 0.214826
v -0.145019 0.115209 0.447989
vn 0.090284 -0.827546 0.554091
v -0.145019 0.106822 0.433764
vn 0.0984243 -0.971521 0.215543
v -0.145019 0.106822 0.433764
vn -0.0984243 0.971521 -0.215543
v -0.145019 0.115209 0.447989
vn -0.090284 0.827546 -0.554091
v -0.0725081 0.112616 0.433172
vn -0.405415 0.888531 -0.214826
v -0.145019 0.106822 0.433764
vn 0.0946077 -0.969889 0.224421
v -1.59525 0.115209 0.447989
vn -0.0866975 -0.830663 0.549984
v -1.59525 0.106822 0.433764
vn -0.0963014 -0.970702 0.220143
v -1.59525 0.106822 0.433764
vn 0.0963014 0.970702 -0.220143
v -1.59525 0.115209 0.447989
vn 0.0866975 0.830663 -0.549984
v -0.145019 0.106822 0.433764
vn -0.0946077 0.969889 -0.224421
v -1.59525 0.106822 0.433764
vn -0.0984338 -0.971477 0.215737
v -1.65804 0.120222 0.447476
vn -0.363974 -0.739113 0.566776
v -1.66776 0.112616 0.433172
vn -0.405636 -0.888479 0.214624
v -1.66776 0.112616 0.433172
vn 0.405636 0.888479 -0.214624
v -1.65804 0.120222 0.447476
vn 0.363974 0.739113 -0.566776
v -1.59525 0.106822 0.433764
vn 0.0984338 0.971477 -0.215737
v -1.72083 0.128438 0.431553
vn -0.79387 -0.574802 0.198427
v -1.66776 0.0815112 0.255364
vn -0.400356 -0.916088 -0.0223246
v -1.66776 0.112616 0.433172
vn -0.406212 -0.888493 0.213476
v -1.66776 0.112616 0.433172
vn 0.406212 0.888493 -0.213476
v -1.66776 0.0815112 0.255364
vn 0.400356 0.916088 0.0223246
v -1.72083 0.128438 0.431553
vn 0.79387 0.574802 -0.198427
v -1.72083 0.0973342 0.253745
vn -0.790478 -0.607802 -0.0756428
v -1.72083 0.0973342 0.253745
vn 0.790478 0.607802 0.0756428
v -1.72083 0.0973342 0.253745
vn -0.790759 -0.607426 -0.0757256
v -1.72083 0.0973342 0.253745
vn 0.790759 0.607426 0.0757256
v -1.74027 0.118949 0.251533
vn -0.972419 -0.193939 -0.129571
v -1.74027 0.118949 0.251533
vn 0.972419 0.193939 0.129571
v -1.59525 0.240256 0.22404
vn -0.0866979 0.830665 -0.549981
v -0.145019 0.24864 0.238264
vn 0.0946081 0.96989 -0.224415
v -0.145019 0.240256 0.22404
vn 0.0882841 0.829321 -0.551754
v -0.145019 0.240256 0.22404
vn -0.0882841 -0.829321 0.551754
v -0.145019 0.24864 0.238264
vn -0.0946081 -0.96989 0.224415
v -1.59525 0.240256 0.22404
vn 0.0866979 -0.830665 0.549981
v -0.145019 0.240256 0.22404
vn 0.0902814 0.827543 -0.554096
v -0.0725081 0.242849 0.238858
vn 0.40542 0.88853 -0.214824
v -0.0822237 0.23524 0.224553
vn 0.364204 0.738929 -0.566869
v -0.0822237 0.23524 0.224553
vn -0.364204 -0.738929 0.566869
v -0.0725081 0.242849 0.238858
vn -0.40542 -0.88853 0.214824
v -0.145019 0.240256 0.22404
vn -0.0902814 -0.827543 0.554096
v -0.0362502 0.221536 0.225956
vn 0.693133 0.42805 -0.579948
v -0.108761 0.21964 0.215109
vn 0.216787 0.345614 -0.912992
v -0.0822237 0.23524 0.224553
vn 0.364346 0.738494 -0.567344
v -0.0822237 0.23524 0.224553
vn -0.364346 -0.738494 0.567344
v -0.108761 0.21964 0.215109
vn -0.216787 -0.345614 0.912992
v -0.0362502 0.221536 0.225956
vn -0.693133 -0.42805 0.579948
v -1.65804 0.23524 0.224553
vn -0.363978 0.739107 -0.566781
v -1.59525 0.24864 0.238264
vn -0.0984315 0.971478 -0.215735
v -1.59525 0.240256 0.22404
vn -0.0902649 0.827479 -0.554194
v -1.59525 0.240256 0.22404
vn 0.0902649 -0.827479 0.554194
v -1.59525 0.24864 0.238264
vn 0.0984315 -0.971478 0.215735
v -1.65804 0.23524 0.224553
vn 0.363978 -0.739107 0.566781
v -1.74027 0.205409 0.242689
vn -0.975714 0.144529 -0.164601
v -1.74027 0.205409 0.242689
vn 0.975714 -0.144529 0.164601
v -1.66776 0.242849 0.238858
vn -0.40592 0.888303 -0.214818
v -1.70402 0.221536 0.225956
vn -0.693103 0.428663 -0.579531
v -1.72083 0.227025 0.240476
vn -0.798815 0.567531 -0.199507
v -1.72083 0.227025 0.240476
vn 0.798815 -0.567531 0.199507
v -1.70402 0.221536 0.225956
vn 0.693103 -0.428663 0.579531
v -1.66776 0.242849 0.238858
vn 0.40592 -0.888303 0.214818
v -1.65804 0.23524 0.224553
vn -0.364453 0.738777 -0.566905
v -1.65804 0.23524 0.224553
vn 0.364453 -0.738777 0.566905
v -0.0362502 0.221536 0.225956
vn 0.693103 0.428663 -0.579531
v -0.0725081 0.242849 0.238858
vn 0.40592 0.888303 -0.214818
v -0.0194288 0.227025 0.240476
vn 0.798815 0.567531 -0.199507
v -0.0194288 0.227025 0.240476
vn -0.798815 -0.567531 0.199507
v -0.0725081 0.242849 0.238858
vn -0.40592 -0.888303 0.214818
v -0.0362502 0.221536 0.225956
vn -0.693103 -0.428663 0.579531
v -0.0725081 0.242849 0.238858
vn 0.40611 0.888695 -0.21283
v -0.0194288 0.25813 0.418285
vn 0.785708 0.61441 0.0718529
v -0.0194288 0.227025 0.240476
vn 0.796313 0.571309 -0.198724
v -0.0194288 0.227025 0.240476
vn -0.796313 -0.571309 0.198724
v -0.0194288 0.25813 0.418285
vn -0.785708 -0.61441 -0.0718529
v -0.0725081 0.242849 0.238858
vn -0.40611 -0.888695 0.21283
v -0.0362502 0.133926 0.446073
vn 0.693103 -0.428663 0.579531
v -0.0725081 0.112616 0.433172
vn 0.405921 -0.888303 0.214818
v -0.0194288 0.128438 0.431553
vn 0.798815 -0.567532 0.199507
v -0.0194288 0.128438 0.431553
vn -0.798815 0.567532 -0.199507
v -0.0725081 0.112616 0.433172
vn -0.405921 0.888303 -0.214818
v -0.0362502 0.133926 0.446073
vn -0.693103 0.428663 -0.579531
v -0.0194288 0.152646 0.444159
vn 0.829844 -0.0523234 0.555537
v -0.0194288 0.128438 0.431553
vn 0.799091 -0.567084 0.199674
v 2.54517e-06 0.150055 0.429341
vn 0.975714 -0.144529 0.164601
v 2.54517e-06 0.150055 0.429341
vn -0.975714 0.144529 -0.164601
v -0.0194288 0.128438 0.431553
vn -0.799091 0.567084 -0.199674
v -0.0194288 0.152646 0.444159
vn -0.829844 0.0523234 -0.555537
v -0.0194288 0.239106 0.435313
vn 0.821377 0.235441 0.519525
v 2.54517e-06 0.150055 0.429341
vn 0.975595 -0.143516 0.166185
v 2.54517e-06 0.236514 0.420495
vn 0.972419 0.193939 0.129571
v 2.54517e-06 0.236514 0.420495
vn -0.972419 -0.193939 -0.129571
v 2.54517e-06 0.150055 0.429341
vn -0.975595 0.143516 -0.166185
v -0.0194288 0.239106 0.435313
vn -0.821377 -0.235441 -0.519525
v -0.0362502 0.257825 0.433398
vn 0.670794 0.58679 0.453556
v 2.54517e-06 0.236514 0.420495
vn 0.972383 0.19456 0.128914
v -0.0194288 0.25813 0.418285
vn 0.790759 0.607426 0.0757258
v -0.0194288 0.25813 0.418285
vn -0.790759 -0.607426 -0.0757258
v 2.54517e-06 0.236514 0.420495
vn -0.972383 -0.19456 -0.128914
v -0.0362502 0.257825 0.433398
vn -0.670794 -0.58679 -0.453556
v -0.0822237 0.120222 0.447476
vn 0.364204 -0.738929 0.566869
v -0.0822237 0.120222 0.447476
vn -0.364204 0.738929 -0.566869
v -0.145019 0.115209 0.447989
vn 0.0882839 -0.82932 0.551755
v -0.145019 0.115209 0.447989
vn -0.0882839 0.82932 -0.551755
v -1.59525 0.115209 0.447989
vn -0.0902648 -0.827479 0.554194
v -1.59525 0.115209 0.447989
vn 0.0902648 0.827479 -0.554194
v -1.70402 0.133926 0.446073
vn -0.693104 -0.428656 0.579535
v -1.66776 0.112616 0.433172
vn -0.405915 -0.888306 0.214816
v -1.65804 0.120222 0.447476
vn -0.364453 -0.738778 0.566905
v -1.65804 0.120222 0.447476
vn 0.364453 0.738778 -0.566905
v -1.66776 0.112616 0.433172
vn 0.405915 0.888306 -0.214816
v -1.70402 0.133926 0.446073
vn 0.693104 0.428656 -0.579535
v -1.72083 0.0973342 0.253745
vn -0.788068 -0.611183 -0.0735092
v -1.72083 0.0973342 0.253745
vn 0.788068 0.611183 0.0735092
v -1.72083 0.128438 0.431553
vn -0.798815 -0.567531 0.199507
v -1.72083 0.128438 0.431553
vn 0.798815 0.567531 -0.199507
v -1.72083 0.0973342 0.253745
vn -0.791791 -0.606331 -0.0736884
v -1.74027 0.150055 0.429341
vn -0.975269 -0.148881 0.163353
v -1.74027 0.118949 0.251533
vn -0.972257 -0.196295 -0.127218
v -1.74027 0.118949 0.251533
vn 0.972257 0.196295 0.127218
v -1.74027 0.150055 0.429341
vn 0.975269 0.148881 -0.163353
v -1.72083 0.0973342 0.253745
vn 0.791791 0.606331 0.0736884
v -1.74027 0.118949 0.251533
vn -0.974691 -0.186425 -0.123385
v -1.74027 0.236514 0.420495
vn -0.974691 0.186425 0.123385
v -1.74027 0.205409 0.242689
vn -0.976915 0.141 -0.160486
v -1.74027 0.205409 0.242689
vn 0.976915 -0.141 0.160486
v -1.74027 0.236514 0.420495
vn 0.974691 -0.186425 -0.123385
v -1.74027 0.118949 0.251533
vn 0.974691 0.186425 0.123385
v -1.59525 0.24864 0.238264
vn -0.0963016 0.970703 -0.220139
v -1.59525 0.24864 0.238264
vn 0.0963016 -0.970703 0.220139
v -0.145019 0.24864 0.238264
vn 0.0984243 0.971521 -0.215543
v -0.145019 0.24864 0.238264
vn -0.0984243 -0.971521 0.215543
v -0.0822237 0.23524 0.224553
vn 0.364453 0.738777 -0.566905
v -0.0822237 0.23524 0.224553
vn -0.364453 -0.738777 0.566905
v -1.66776 0.242849 0.238858
vn -0.405636 0.888479 -0.214624
v -1.66776 0.242849 0.238858
vn 0.405636 -0.888479 0.214624
v -1.74027 0.205409 0.242689
vn -0.975269 0.148881 -0.163353
v -1.72083 0.25813 0.418285
vn -0.791791 0.606331 0.0736884
v -1.72083 0.227025 0.240476
vn -0.799673 0.566732 -0.198336
v -1.72083 0.227025 0.240476
vn 0.799673 -0.566732 0.198336
v -1.72083 0.25813 0.418285
vn 0.791791 -0.606331 -0.0736884
v -1.74027 0.205409 0.242689
vn 0.975269 -0.148881 0.163353
v -1.72083 0.227025 0.240476
vn -0.79387 0.574802 -0.198427
v -1.66776 0.273953 0.416666
vn -0.400356 0.916088 0.0223246
v -1.66776 0.242849 0.238858
vn -0.406212 0.888493 -0.213476
v -1.66776 0.242849 0.238858
vn 0.406212 -0.888493 0.213476
v -1.66776 0.273953 0.416666
vn 0.400356 -0.916088 -0.0223246
v -1.72083 0.227025 0.240476
vn 0.79387 -0.574802 0.198427
v -0.0725081 0.273953 0.416666
vn 0.400378 0.916045 0.0236468
v -0.0725081 0.273953 0.416666
vn -0.400378 -0.916045 -0.0236468
v -0.0822237 0.120222 0.447476
vn 0.364453 -0.738778 0.566905
v -0.0822237 0.120222 0.447476
vn -0.364453 0.738778 -0.566905
v -0.0362502 0.133926 0.446073
vn 0.693506 -0.427974 0.579558
v -0.0362502 0.133926 0.446073
vn -0.693506 0.427974 -0.579558
v -0.0194288 0.152646 0.444159
vn 0.829932 -0.0516739 0.555467
v -0.0194288 0.152646 0.444159
vn -0.829932 0.0516739 -0.555467
v -0.0194288 0.239106 0.435313
vn 0.821327 0.236289 0.51922
v -0.0194288 0.239106 0.435313
vn -0.821327 -0.236289 -0.51922
v -0.0725081 0.273953 0.416666
vn 0.4 0.916159 0.0255476
v -0.0362502 0.257825 0.433398
vn 0.670377 0.587461 0.453305
v -0.0194288 0.25813 0.418285
vn 0.790478 0.607802 0.075643
v -0.0194288 0.25813 0.418285
vn -0.790478 -0.607802 -0.075643
v -0.0362502 0.257825 0.433398
vn -0.670377 -0.587461 -0.453305
v -0.0725081 0.273953 0.416666
vn -0.4 -0.916159 -0.0255476
v -0.0822237 0.120222 0.447476
vn 0.364163 -0.738604 0.567318
v -0.145019 0.132927 0.457217
vn 0.0561501 -0.414775 0.90819
v -0.145019 0.115209 0.447989
vn 0.0902333 -0.827172 0.554657
v -0.145019 0.115209 0.447989
vn -0.0902333 0.827172 -0.554657
v -0.145019 0.132927 0.457217
vn -0.0561501 0.414775 -0.90819
v -0.0822237 0.120222 0.447476
vn -0.364163 0.738604 -0.567318
v -0.145019 0.115209 0.447989
vn 0.0866551 -0.817722 0.569053
v -1.59525 0.132927 0.457217
vn -0.0537186 -0.41994 0.905961
v -1.59525 0.115209 0.447989
vn -0.0882758 -0.822288 0.562183
v -1.59525 0.115209 0.447989
vn 0.0882758 0.822288 -0.562183
v -1.59525 0.132927 0.457217
vn 0.0537186 0.41994 -0.905961
v -0.145019 0.115209 0.447989
vn -0.0866551 0.817722 -0.569053
v -1.59525 0.115209 0.447989
vn -0.0902333 -0.827172 0.554657
v -1.63151 0.135824 0.456921
vn -0.216626 -0.345775 0.912969
v -1.65804 0.120222 0.447476
vn -0.364163 -0.738604 0.567318
v -1.65804 0.120222 0.447476
vn 0.364163 0.738604 -0.567318
v -1.63151 0.135824 0.456921
vn 0.216626 0.345775 -0.912969
v -1.59525 0.115209 0.447989
vn 0.0902333 0.827172 -0.554657
v -1.63151 0.135824 0.456921
vn -0.216787 -0.345615 0.912992
v -1.70402 0.133926 0.446073
vn -0.693133 -0.42805 0.579948
v -1.65804 0.120222 0.447476
vn -0.364346 -0.738494 0.567344
v -1.65804 0.120222 0.447476
vn 0.364346 0.738494 -0.567344
v -1.70402 0.133926 0.446073
vn 0.693133 0.42805 -0.579948
v -1.63151 0.135824 0.456921
vn 0.216787 0.345615 -0.912992
v -1.72083 0.128438 0.431553
vn -0.799673 -0.566732 0.198336
v -1.72083 0.128438 0.431553
vn 0.799673 0.566732 -0.198336
v -1.72083 0.152646 0.444159
vn -0.829842 -0.052319 0.555541
v -1.72083 0.128438 0.431553
vn -0.799088 -0.567089 0.199671
v -1.70402 0.133926 0.446073
vn -0.693506 -0.427974 0.579558
v -1.70402 0.133926 0.446073
vn 0.693506 0.427974 -0.579558
v -1.72083 0.128438 0.431553
vn 0.799088 0.567089 -0.199671
v -1.72083 0.152646 0.444159
vn 0.829842 0.052319 -0.555541
v -1.74027 0.150055 0.429341
vn -0.976915 -0.141 0.160486
v -1.74027 0.150055 0.429341
vn 0.976915 0.141 -0.160486
v -1.74027 0.236514 0.420495
vn -0.972257 0.196295 0.127218
v -1.74027 0.236514 0.420495
vn 0.972257 -0.196295 -0.127218
v -1.59525 0.24864 0.238264
vn -0.0663573 0.979132 -0.192085
v -0.145019 0.279743 0.416074
vn 0.0654858 0.997029 -0.0405646
v -0.145019 0.24864 0.238264
vn 0.0779737 0.976717 -0.199859
v -0.145019 0.24864 0.238264
vn -0.0779737 -0.976717 0.199859
v -0.145019 0.279743 0.416074
vn -0.0654858 -0.997029 0.0405646
v -1.59525 0.24864 0.238264
vn 0.0663573 -0.979132 0.192085
v -0.145019 0.24864 0.238264
vn 0.0989251 0.971894 -0.213626
v -0.0725081 0.273953 0.416666
vn 0.394059 0.918837 0.0213638
v -0.0725081 0.242849 0.238858
vn 0.402621 0.890112 -0.213533
v -0.0725081 0.242849 0.238858
vn -0.402621 -0.890112 0.213533
v -0.0725081 0.273953 0.416666
vn -0.394059 -0.918837 -0.0213638
v -0.145019 0.24864 0.238264
vn -0.0989251 -0.971894 0.213626
v -1.66776 0.242849 0.238858
vn -0.399789 0.891532 -0.212932
v -1.59525 0.279743 0.416074
vn -0.0974987 0.995218 0.00600176
v -1.59525 0.24864 0.238264
vn -0.0987669 0.971754 -0.214336
v -1.59525 0.24864 0.238264
vn 0.0987669 -0.971754 0.214336
v -1.59525 0.279743 0.416074
vn 0.0974987 -0.995218 -0.00600176
v -1.66776 0.242849 0.238858
vn 0.399789 -0.891532 0.212932
v -1.72083 0.25813 0.418285
vn -0.788068 0.611183 0.0735092
v -1.72083 0.25813 0.418285
vn 0.788068 -0.611183 -0.0735092
v -1.66776 0.273953 0.416666
vn -0.3968 0.917614 0.0231285
v -1.66776 0.273953 0.416666
vn 0.3968 -0.917614 -0.0231285
v -0.0362502 0.133926 0.446073
vn 0.693133 -0.42805 0.579948
v -0.108761 0.135824 0.456921
vn 0.216787 -0.345615 0.912992
v -0.0822237 0.120222 0.447476
vn 0.364346 -0.738494 0.567344
v -0.0822237 0.120222 0.447476
vn -0.364346 0.738494 -0.567344
v -0.108761 0.135824 0.456921
vn -0.216787 0.345615 -0.912992
v -0.0362502 0.133926 0.446073
vn -0.693133 0.42805 -0.579948
v -0.0725081 0.154543 0.455006
vn 0.450938 0.0728493 0.889578
v -0.0362502 0.133926 0.446073
vn 0.693287 -0.427783 0.579961
v -0.0194288 0.152646 0.444159
vn 0.829627 -0.0520086 0.555891
v -0.0194288 0.152646 0.444159
vn -0.829627 0.0520086 -0.555891
v -0.0362502 0.133926 0.446073
vn -0.693287 0.427783 -0.579961
v -0.0725081 0.154543 0.455006
vn -0.450938 -0.0728493 -0.889578
v -0.0725081 0.241005 0.44616
vn 0.445286 0.229693 0.865426
v -0.0194288 0.152646 0.444159
vn 0.827613 -0.0508236 0.558993
v -0.0194288 0.239106 0.435313
vn 0.820197 0.235842 0.521205
v -0.0194288 0.239106 0.435313
vn -0.820197 -0.235842 -0.521205
v -0.0194288 0.152646 0.444159
vn -0.827613 0.0508236 -0.558993
v -0.0725081 0.241005 0.44616
vn -0.445286 -0.229693 -0.865426
v -0.0822237 0.251811 0.445054
vn 0.372965 0.429858 0.822264
v -0.0194288 0.239106 0.435313
vn 0.821073 0.236248 0.51964
v -0.0362502 0.257825 0.433398
vn 0.670546 0.586744 0.453982
v -0.0362502 0.257825 0.433398
vn -0.670546 -0.586744 -0.453982
v -0.0194288 0.239106 0.435313
vn -0.821073 -0.236248 -0.51964
v -0.0822237 0.251811 0.445054
vn -0.372965 -0.429858 -0.822264
v -0.0822237 0.271528 0.431997
vn 0.346953 0.860408 0.373259
v -0.0822237 0.271528 0.431997
vn -0.346953 -0.860408 -0.373259
v -0.145019 0.132927 0.457217
vn 0.0561382 -0.414718 0.908217
v -0.0822237 0.120222 0.447476
vn 0.364272 -0.738661 0.567173
v -0.108761 0.135824 0.456921
vn 0.216683 -0.345684 0.91299
v -0.108761 0.135824 0.456921
vn -0.216683 0.345684 -0.91299
v -0.0822237 0.120222 0.447476
vn -0.364272 0.738661 -0.567173
v -0.145019 0.132927 0.457217
vn -0.0561382 0.414718 -0.908217
v -0.145019 0.132927 0.457217
vn 0.0548108 -0.41777 0.906898
v -0.145019 0.132927 0.457217
vn -0.0548108 0.41777 -0.906898
v -1.63151 0.135824 0.456921
vn -0.216683 -0.345684 0.91299
v -1.59525 0.115209 0.447989
vn -0.0902336 -0.82727 0.554512
v -1.59525 0.132927 0.457217
vn -0.0561382 -0.414718 0.908217
v -1.59525 0.132927 0.457217
vn 0.0561382 0.414718 -0.908217
v -1.59525 0.115209 0.447989
vn 0.0902336 0.82727 -0.554512
v -1.63151 0.135824 0.456921
vn 0.216683 0.345684 -0.91299
v -1.70402 0.133926 0.446073
vn -0.693275 -0.428035 0.579789
v -1.63151 0.135824 0.456921
vn -0.216776 -0.345591 0.913003
v -1.65804 0.143737 0.456111
vn -0.387203 -0.142205 0.910962
v -1.65804 0.143737 0.456111
vn 0.387203 0.142205 -0.910962
v -1.63151 0.135824 0.456921
vn 0.216776 0.345591 -0.913003
v -1.70402 0.133926 0.446073
vn 0.693275 0.428035 -0.579789
v -1.74027 0.150055 0.429341
vn -0.975714 -0.144529 0.164601
v -1.74027 0.150055 0.429341
vn 0.975714 0.144529 -0.164601
v -1.70402 0.133926 0.446073
vn -0.693287 -0.427783 0.579961
v -1.66776 0.154543 0.455006
vn -0.450938 0.0728493 0.889578
v -1.72083 0.152646 0.444159
vn -0.829627 -0.0520086 0.555891
v -1.72083 0.152646 0.444159
vn 0.829627 0.0520086 -0.555891
v -1.66776 0.154543 0.455006
vn 0.450938 -0.0728493 -0.889578
v -1.70402 0.133926 0.446073
vn 0.693287 0.427783 -0.579961
v -1.74027 0.150055 0.429341
vn -0.975595 -0.143516 0.166185
v -1.72083 0.239106 0.435313
vn -0.821377 0.235441 0.519526
v -1.74027 0.236514 0.420495
vn -0.972419 0.193939 0.129571
v -1.74027 0.236514 0.420495
vn 0.972419 -0.193939 -0.129571
v -1.72083 0.239106 0.435313
vn 0.821377 -0.235441 -0.519526
v -1.74027 0.150055 0.429341
vn 0.975595 0.143516 -0.166185
v -1.74027 0.236514 0.420495
vn -0.972383 0.194559 0.128914
v -1.70402 0.257825 0.433398
vn -0.670794 0.58679 0.453556
v -1.72083 0.25813 0.418285
vn -0.790759 0.607426 0.0757257
v -1.72083 0.25813 0.418285
vn 0.790759 -0.607426 -0.0757257
v -1.70402 0.257825 0.433398
vn 0.670794 -0.58679 -0.453556
v -1.74027 0.236514 0.420495
vn 0.972383 -0.194559 -0.128914
v -1.59525 0.279743 0.416074
vn -0.076903 0.996801 -0.0217494
v -1.59525 0.279743 0.416074
vn 0.076903 -0.996801 0.0217494
v -0.145019 0.279743 0.416074
vn 0.0973155 0.995224 0.00761449
v -0.145019 0.279743 0.416074
vn -0.0973155 -0.995224 -0.00761449
v -1.70402 0.257825 0.433398
vn -0.670377 0.587461 0.453305
v -1.66776 0.273953 0.416666
vn -0.4 0.916159 0.0255475
v -1.72083 0.25813 0.418285
vn -0.790478 0.607802 0.075643
v -1.72083 0.25813 0.418285
vn 0.790478 -0.607802 -0.075643
v -1.66776 0.273953 0.416666
vn 0.4 -0.916159 -0.0255475
v -1.70402 0.257825 0.433398
vn 0.670377 -0.587461 -0.453305
v -1.65804 0.271528 0.431997
vn -0.346498 0.860702 0.373004
v -1.59525 0.279743 0.416074
vn -0.096956 0.99524 0.00979912
v -1.66776 0.273953 0.416666
vn -0.399713 0.91629 0.0253504
v -1.66776 0.273953 0.416666
vn 0.399713 -0.91629 -0.0253504
v -1.59525 0.279743 0.416074
vn 0.096956 -0.99524 -0.00979912
v -1.65804 0.271528 0.431997
vn 0.346498 -0.860702 -0.373004
v -0.108761 0.135824 0.456921
vn 0.216776 -0.345592 0.913003
v -0.0362502 0.133926 0.446073
vn 0.693275 -0.428035 0.579789
v -0.0822237 0.143737 0.456111
vn 0.387203 -0.142205 0.910962
v -0.0822237 0.143737 0.456111
vn -0.387203 0.142205 -0.910962
v -0.0362502 0.133926 0.446073
vn -0.693275 0.428035 -0.579789
v -0.108761 0.135824 0.456921
vn -0.216776 0.345592 -0.913003
v -0.0362502 0.133926 0.446073
vn 0.693364 -0.427881 0.579797
v -0.0725081 0.154543 0.455006
vn 0.450965 0.0729091 0.889559
v -0.0822237 0.143737 0.456111
vn 0.387264 -0.142031 0.910963
v -0.0822237 0.143737 0.456111
vn -0.387264 0.142031 -0.910963
v -0.0725081 0.154543 0.455006
vn -0.450965 -0.0729091 -0.889559
v -0.0362502 0.133926 0.446073
vn -0.693364 0.427881 -0.579797
v -0.0725081 0.154543 0.455006
vn 0.450721 0.0731631 0.889661
v -0.0725081 0.154543 0.455006
vn -0.450721 -0.0731631 -0.889661
v -0.0194288 0.239106 0.435313
vn 0.821189 0.236202 0.519478
v -0.0822237 0.251811 0.445054
vn 0.372965 0.429898 0.822243
v -0.0725081 0.241005 0.44616
vn 0.445877 0.23056 0.864891
v -0.0725081 0.241005 0.44616
vn -0.445877 -0.23056 -0.864891
v -0.0822237 0.251811 0.445054
vn -0.372965 -0.429898 -0.822243
v -0.0194288 0.239106 0.435313
vn -0.821189 -0.236202 -0.519478
v -0.0362502 0.257825 0.433398
vn 0.670525 0.586949 0.453748
v -0.108761 0.259724 0.444244
vn 0.203997 0.606753 0.768268
v -0.0822237 0.251811 0.445054
vn 0.372901 0.430061 0.822187
v -0.0822237 0.251811 0.445054
vn -0.372901 -0.430061 -0.822187
v -0.108761 0.259724 0.444244
vn -0.203997 -0.606753 -0.768268
v -0.0362502 0.257825 0.433398
vn -0.670525 -0.586949 -0.453748
v -0.145019 0.279743 0.416074
vn 0.096956 0.99524 0.00979913
v -0.0822237 0.271528 0.431997
vn 0.346498 0.860702 0.373004
v -0.0725081 0.273953 0.416666
vn 0.399713 0.91629 0.0253504
v -0.0725081 0.273953 0.416666
vn -0.399713 -0.91629 -0.0253504
v -0.0822237 0.271528 0.431997
vn -0.346498 -0.860702 -0.373004
v -0.145019 0.279743 0.416074
vn -0.096956 -0.99524 -0.00979913
v -0.108761 0.259724 0.444244
vn 0.204015 0.606756 0.768261
v -0.0362502 0.257825 0.433398
vn 0.670391 0.586992 0.453891
v -0.0822237 0.271528 0.431997
vn 0.346844 0.860236 0.373756
v -0.0822237 0.271528 0.431997
vn -0.346844 -0.860236 -0.373756
v -0.0362502 0.257825 0.433398
vn -0.670391 -0.586992 -0.453891
v -0.108761 0.259724 0.444244
vn -0.204015 -0.606756 -0.768261
v -0.145019 0.132927 0.457217
vn 0.0561062 -0.414449 0.908341
v -0.108761 0.135824 0.456921
vn 0.216646 -0.345412 0.913102
v -0.145019 0.155238 0.458976
vn 0.113761 0.0180271 0.993345
v -0.145019 0.155238 0.458976
vn -0.113761 -0.0180271 -0.993345
v -0.108761 0.135824 0.456921
vn -0.216646 0.345412 -0.913102
v -0.145019 0.132927 0.457217
vn -0.0561062 0.414449 -0.908341
v -0.145019 0.155238 0.458976
vn 0.108626 0.0128934 0.993999
v -1.59525 0.132927 0.457217
vn -0.0536665 -0.400888 0.914554
v -0.145019 0.132927 0.457217
vn 0.0547889 -0.407232 0.91168
v -0.145019 0.132927 0.457217
vn -0.0547889 0.407232 -0.91168
v -1.59525 0.132927 0.457217
vn 0.0536665 0.400888 -0.914554
v -0.145019 0.155238 0.458976
vn -0.108626 -0.0128934 -0.993999
v -1.59525 0.132927 0.457217
vn -0.0561062 -0.414449 0.908341
v -1.59525 0.155238 0.458976
vn -0.113761 0.0180271 0.993345
v -1.63151 0.135824 0.456921
vn -0.216646 -0.345412 0.913102
v -1.63151 0.135824 0.456921
vn 0.216646 0.345412 -0.913102
v -1.59525 0.155238 0.458976
vn 0.113761 -0.0180271 -0.993345
v -1.59525 0.132927 0.457217
vn 0.0561062 0.414449 -0.908341
v -1.63151 0.135824 0.456921
vn -0.216681 -0.345379 0.913106
v -1.59525 0.155238 0.458976
vn -0.113793 0.0180649 0.99334
v -1.65804 0.143737 0.456111
vn -0.387091 -0.141995 0.911042
v -1.65804 0.143737 0.456111
vn 0.387091 0.141995 -0.911042
v -1.59525 0.155238 0.458976
vn 0.113793 -0.0180649 -0.99334
v -1.63151 0.135824 0.456921
vn 0.216681 0.345379 -0.913106
v -1.66776 0.154543 0.455006
vn -0.450965 0.0729091 0.889559
v -1.70402 0.133926 0.446073
vn -0.693364 -0.427881 0.579797
v -1.65804 0.143737 0.456111
vn -0.387264 -0.142031 0.910963
v -1.65804 0.143737 0.456111
vn 0.387264 0.142031 -0.910963
v -1.70402 0.133926 0.446073
vn 0.693364 0.427881 -0.579797
v -1.66776 0.154543 0.455006
vn 0.450965 -0.0729091 -0.889559
v -1.72083 0.152646 0.444159
vn -0.829932 -0.0516739 0.555467
v -1.72083 0.152646 0.444159
vn 0.829932 0.0516739 -0.555467
v -1.66776 0.241005 0.44616
vn -0.445286 0.229693 0.865426
v -1.72083 0.152646 0.444159
vn -0.827613 -0.0508236 0.558993
v -1.66776 0.154543 0.455006
vn -0.450721 0.0731631 0.889661
v -1.66776 0.154543 0.455006
vn 0.450721 -0.0731631 -0.889661
v -1.72083 0.152646 0.444159
vn 0.827613 0.0508236 -0.558993
v -1.66776 0.241005 0.44616
vn 0.445286 -0.229693 -0.865426
v -1.72083 0.239106 0.435313
vn -0.821327 0.236289 0.51922
v -1.72083 0.239106 0.435313
vn 0.821327 -0.236289 -0.51922
v -1.59525 0.279743 0.416074
vn -0.0931752 0.995525 0.0157668
v -0.145019 0.276546 0.431483
vn 0.0822793 0.937999 0.336731
v -0.145019 0.279743 0.416074
vn 0.0948423 0.995409 0.0128857
v -0.145019 0.279743 0.416074
vn -0.0948423 -0.995409 -0.0128857
v -0.145019 0.276546 0.431483
vn -0.0822793 -0.937999 -0.336731
v -1.59525 0.279743 0.416074
vn 0.0931752 -0.995525 -0.0157668
v -1.65804 0.271528 0.431997
vn -0.346953 0.860408 0.373259
v -1.65804 0.271528 0.431997
vn 0.346953 -0.860408 -0.373259
v -1.59525 0.276546 0.431483
vn -0.0856107 0.935374 0.343143
v -1.59525 0.276546 0.431483
vn 0.0856107 -0.935374 -0.343143
v -0.108761 0.135824 0.456921
vn 0.216681 -0.345379 0.913106
v -0.0822237 0.143737 0.456111
vn 0.387091 -0.141995 0.911042
v -0.145019 0.155238 0.458976
vn 0.113793 0.0180649 0.99334
v -0.145019 0.155238 0.458976
vn -0.113793 -0.0180649 -0.99334
v -0.0822237 0.143737 0.456111
vn -0.387091 0.141995 -0.911042
v -0.108761 0.135824 0.456921
vn -0.216681 0.345379 -0.913106
v -0.0822237 0.143737 0.456111
vn 0.387113 -0.141932 0.911043
v -0.0725081 0.154543 0.455006
vn 0.450805 0.0729887 0.889633
v -0.145019 0.155238 0.458976
vn 0.113812 0.0181303 0.993337
v -0.145019 0.155238 0.458976
vn -0.113812 -0.0181303 -0.993337
v -0.0725081 0.154543 0.455006
vn -0.450805 -0.0729887 -0.889633
v -0.0822237 0.143737 0.456111
vn -0.387113 0.141932 -0.911043
v -0.145019 0.241699 0.450129
vn 0.112044 0.31174 0.943538
v -0.0725081 0.154543 0.455006
vn 0.448013 0.0734963 0.891001
v -0.0725081 0.241005 0.44616
vn 0.444382 0.230067 0.865791
v -0.0725081 0.241005 0.44616
vn -0.444382 -0.230067 -0.865791
v -0.0725081 0.154543 0.455006
vn -0.448013 -0.0734963 -0.891001
v -0.145019 0.241699 0.450129
vn -0.112044 -0.31174 -0.943538
v -0.145019 0.241699 0.450129
vn 0.112128 0.313391 0.942981
v -0.0725081 0.241005 0.44616
vn 0.44572 0.230495 0.864989
v -0.0822237 0.251811 0.445054
vn 0.372817 0.429819 0.822352
v -0.0822237 0.251811 0.445054
vn -0.372817 -0.429819 -0.822352
v -0.0725081 0.241005 0.44616
vn -0.44572 -0.230495 -0.864989
v -0.145019 0.241699 0.450129
vn -0.112128 -0.313391 -0.942981
v -0.145019 0.241699 0.450129
vn 0.112108 0.313453 0.942963
v -0.0822237 0.251811 0.445054
vn 0.372794 0.429879 0.822331
v -0.108761 0.259724 0.444244
vn 0.203905 0.606575 0.768433
v -0.108761 0.259724 0.444244
vn -0.203905 -0.606575 -0.768433
v -0.0822237 0.251811 0.445054
vn -0.372794 -0.429879 -0.822331
v -0.145019 0.241699 0.450129
vn -0.112108 -0.313453 -0.942963
v -0.145019 0.276546 0.431483
vn 0.0856107 0.935374 0.343143
v -0.145019 0.276546 0.431483
vn -0.0856107 -0.935374 -0.343143
v -0.145019 0.276546 0.431483
vn 0.0855782 0.935183 0.34367
v -0.108761 0.259724 0.444244
vn 0.203854 0.606899 0.768191
v -0.0822237 0.271528 0.431997
vn 0.346662 0.860335 0.373697
v -0.0822237 0.271528 0.431997
vn -0.346662 -0.860335 -0.373697
v -0.108761 0.259724 0.444244
vn -0.203854 -0.606899 -0.768191
v -0.145019 0.276546 0.431483
vn -0.0855782 -0.935183 -0.34367
v -1.59525 0.155238 0.458976
vn -0.110996 0.0152129 0.993704
v -1.59525 0.155238 0.458976
vn 0.110996 -0.0152129 -0.993704
v -1.65804 0.143737 0.456111
vn -0.387113 -0.141932 0.911043
v -1.59525 0.155238 0.458976
vn -0.113812 0.0181303 0.993337
v -1.66776 0.154543 0.455006
vn -0.450805 0.0729887 0.889633
v -1.66776 0.154543 0.455006
vn 0.450805 -0.0729887 -0.889633
v -1.59525 0.155238 0.458976
vn 0.113812 -0.0181303 -0.993337
v -1.65804 0.143737 0.456111
vn 0.387113 0.141932 -0.911043
v -1.72083 0.239106 0.435313
vn -0.820197 0.235842 0.521205
v -1.72083 0.239106 0.435313
vn 0.820197 -0.235842 -0.521205
v -1.66776 0.154543 0.455006
vn -0.448013 0.0734963 0.891001
v -1.59525 0.241699 0.450129
vn -0.112044 0.31174 0.943538
v -1.66776 0.241005 0.44616
vn -0.444382 0.230067 0.865791
v -1.66776 0.241005 0.44616
vn 0.444382 -0.230067 -0.865791
v -1.59525 0.241699 0.450129
vn 0.112044 -0.31174 -0.943538
v -1.66776 0.154543 0.455006
vn 0.448013 -0.0734963 -0.891001
v -1.72083 0.239106 0.435313
vn -0.821073 0.236248 0.51964
v -1.65804 0.251811 0.445054
vn -0.372965 0.429858 0.822264
v -1.70402 0.257825 0.433398
vn -0.670546 0.586743 0.453982
v -1.70402 0.257825 0.433398
vn 0.670546 -0.586743 -0.453982
v -1.65804 0.251811 0.445054
vn 0.372965 -0.429858 -0.822264
v -1.72083 0.239106 0.435313
vn 0.821073 -0.236248 -0.51964
v -1.59525 0.276546 0.431483
vn -0.0837501 0.936839 0.339587
v -1.59525 0.276546 0.431483
vn 0.0837501 -0.936839 -0.339587
v -1.70402 0.257825 0.433398
vn -0.670391 0.586992 0.453891
v -1.63151 0.259724 0.444244
vn -0.204015 0.606756 0.768261
v -1.65804 0.271528 0.431997
vn -0.346844 0.860236 0.373756
v -1.65804 0.271528 0.431997
vn 0.346844 -0.860236 -0.373756
v -1.63151 0.259724 0.444244
vn 0.204015 -0.606756 -0.768261
v -1.70402 0.257825 0.433398
vn 0.670391 -0.586992 -0.453891
v -1.63151 0.259724 0.444244
vn -0.203854 0.606899 0.768191
v -1.59525 0.276546 0.431483
vn -0.0855782 0.935183 0.34367
v -1.65804 0.271528 0.431997
vn -0.346662 0.860335 0.373697
v -1.65804 0.271528 0.431997
vn 0.346662 -0.860335 -0.373697
v -1.59525 0.276546 0.431483
vn 0.0855782 -0.935183 -0.34367
v -1.63151 0.259724 0.444244
vn 0.203854 -0.606899 -0.768191
v -0.145019 0.155238 0.458976
vn 0.113792 0.0186357 0.99333
v -0.145019 0.155238 0.458976
vn -0.113792 -0.0186357 -0.99333
v -0.145019 0.241699 0.450129
vn 0.112076 0.31349 0.942954
v -0.108761 0.259724 0.444244
vn 0.203871 0.606605 0.768419
v -0.145019 0.262619 0.443948
vn 0.0523442 0.663572 0.746279
v -0.145019 0.262619 0.443948
vn -0.0523442 -0.663572 -0.746279
v -0.108761 0.259724 0.444244
vn -0.203871 -0.606605 -0.768419
v -0.145019 0.241699 0.450129
vn -0.112076 -0.31349 -0.942954
v -0.108761 0.259724 0.444244
vn 0.203905 0.606835 0.768228
v -0.145019 0.276546 0.431483
vn 0.0855763 0.935239 0.343518
v -0.145019 0.262619 0.443948
vn 0.0523758 0.663794 0.746079
v -0.145019 0.262619 0.443948
vn -0.0523758 -0.663794 -0.746079
v -0.145019 0.276546 0.431483
vn -0.0855763 -0.935239 -0.343518
v -0.108761 0.259724 0.444244
vn -0.203905 -0.606835 -0.768228
v -0.145019 0.241699 0.450129
vn 0.0945868 0.284063 0.954129
v -1.59525 0.155238 0.458976
vn -0.0958314 0.0348398 0.994788
v -0.145019 0.155238 0.458976
vn 0.103497 0.0279847 0.994236
v -0.145019 0.155238 0.458976
vn -0.103497 -0.0279847 -0.994236
v -1.59525 0.155238 0.458976
vn 0.0958314 -0.0348398 -0.994788
v -0.145019 0.241699 0.450129
vn -0.0945868 -0.284063 -0.954129
v -1.59525 0.155238 0.458976
vn -0.113792 0.0186357 0.99333
v -1.59525 0.155238 0.458976
vn 0.113792 -0.0186357 -0.99333
v -1.65804 0.251811 0.445054
vn -0.372965 0.429898 0.822243
v -1.72083 0.239106 0.435313
vn -0.821189 0.236202 0.519478
v -1.66776 0.241005 0.44616
vn -0.445877 0.23056 0.864891
v -1.66776 0.241005 0.44616
vn 0.445877 -0.23056 -0.864891
v -1.72083 0.239106 0.435313
vn 0.821189 -0.236202 -0.519478
v -1.65804 0.251811 0.445054
vn 0.372965 -0.429898 -0.822243
v -1.59525 0.241699 0.450129
vn -0.112128 0.313391 0.942981
v -1.65804 0.251811 0.445054
vn -0.372817 0.429819 0.822352
v -1.66776 0.241005 0.44616
vn -0.44572 0.230495 0.864989
v -1.66776 0.241005 0.44616
vn 0.44572 -0.230495 -0.864989
v -1.65804 0.251811 0.445054
vn 0.372817 -0.429819 -0.822352
v -1.59525 0.241699 0.450129
vn 0.112128 -0.313391 -0.942981
v -1.63151 0.259724 0.444244
vn -0.203997 0.606753 0.768268
v -1.70402 0.257825 0.433398
vn -0.670525 0.586949 0.453748
v -1.65804 0.251811 0.445054
vn -0.372901 0.430061 0.822187
v -1.65804 0.251811 0.445054
vn 0.372901 -0.430061 -0.822187
v -1.70402 0.257825 0.433398
vn 0.670525 -0.586949 -0.453748
v -1.63151 0.259724 0.444244
vn 0.203997 -0.606753 -0.768268
v -1.59525 0.276546 0.431483
vn -0.0822107 0.929825 0.358701
v -0.145019 0.262619 0.443948
vn 0.0501481 0.666918 0.743442
v -0.145019 0.276546 0.431483
vn 0.0837223 0.932427 0.351526
v -0.145019 0.276546 0.431483
vn -0.0837223 -0.932427 -0.351526
v -0.145019 0.262619 0.443948
vn -0.0501481 -0.666918 -0.743442
v -1.59525 0.276546 0.431483
vn 0.0822107 -0.929825 -0.358701
v -1.59525 0.276546 0.431483
vn -0.0855763 0.935239 0.343518
v -1.63151 0.259724 0.444244
vn -0.203905 0.606835 0.768228
v -1.59525 0.262619 0.443948
vn -0.0523758 0.663794 0.746079
v -1.59525 0.262619 0.443948
vn 0.0523758 -0.663794 -0.746079
v -1.63151 0.259724 0.444244
vn 0.203905 -0.606835 -0.768228
v -1.59525 0.276546 0.431483
vn 0.0855763 -0.935239 -0.343518
v -0.145019 0.262619 0.443948
vn 0.0501238 0.650882 0.757523
v -1.59525 0.241699 0.450129
vn -0.107029 0.314616 0.943166
v -0.145019 0.241699 0.450129
vn 0.109351 0.314277 0.943012
v -0.145019 0.241699 0.450129
vn -0.109351 -0.314277 -0.943012
v -1.59525 0.241699 0.450129
vn 0.107029 -0.314616 -0.943166
v -0.145019 0.262619 0.443948
vn -0.0501238 -0.650882 -0.757523
v -1.59525 0.241699 0.450129
vn -0.102074 0.296895 0.949439
v -1.59525 0.241699 0.450129
vn 0.102074 -0.296895 -0.949439
v -1.59525 0.241699 0.450129
vn -0.112108 0.313453 0.942963
v -1.63151 0.259724 0.444244
vn -0.203905 0.606575 0.768433
v -1.65804 0.251811 0.445054
vn -0.372794 0.429879 0.822331
v -1.65804 0.251811 0.445054
vn 0.372794 -0.429879 -0.822331
v -1.63151 0.259724 0.444244
vn 0.203905 -0.606575 -0.768433
v -1.59525 0.241699 0.450129
vn 0.112108 -0.313453 -0.942963
v -1.59525 0.262619 0.443948
vn -0.0511446 0.665698 0.744467
v -1.59525 0.262619 0.443948
vn 0.0511446 -0.665698 -0.744467
v -1.59525 0.241699 0.450129
vn -0.112076 0.31349 0.942954
v -1.59525 0.262619 0.443948
vn -0.0523442 0.663572 0.746279
v -1.63151 0.259724 0.444244
vn -0.203871 0.606605 0.768419
v -1.63151 0.259724 0.444244
vn 0.203871 -0.606605 -0.768419
v -1.59525 0.262619 0.443948
vn 0.0523442 -0.663572 -0.746279
v -1.59525 0.241699 0.450129
vn 0.112076 -0.31349 -0.942954
v -1.59525 0.262619 0.443948
vn -0.0511401 0.656905 0.752237
v -1.59525 0.262619 0.443948
vn 0.0511401 -0.656905 -0.752237
v 1.59523 0.0928435 0.228081
vn 0.0523442 -0.663572 -0.746279
v 1.59523 0.113765 0.221899
vn 0.112076 -0.31349 -0.942954
v 1.6315 0.09574 0.227785
vn 0.203871 -0.606605 -0.768419
v 1.6315 0.09574 0.227785
vn -0.203871 0.606605 0.768419
v 1.59523 0.113765 0.221899
vn -0.112076 0.31349 0.942954
v 1.59523 0.0928435 0.228081
vn -0.0523442 0.663572 0.746279
v 1.59523 0.0928435 0.228081
vn 0.0501236 -0.650882 -0.757522
v 0.145029 0.113765 0.221899
vn -0.107029 -0.314617 -0.943165
v 1.59523 0.113765 0.221899
vn 0.109351 -0.314278 -0.943012
v 1.59523 0.113765 0.221899
vn -0.109351 0.314278 0.943012
v 0.145029 0.113765 0.221899
vn 0.107029 0.314617 0.943165
v 1.59523 0.0928435 0.228081
vn -0.0501236 0.650882 0.757522
v 1.6315 0.09574 0.227785
vn 0.203905 -0.606575 -0.768433
v 1.59523 0.113765 0.221899
vn 0.112108 -0.313453 -0.942963
v 1.65803 0.10365 0.226976
vn 0.372794 -0.429879 -0.822331
v 1.65803 0.10365 0.226976
vn -0.372794 0.429879 0.822331
v 1.59523 0.113765 0.221899
vn -0.112108 0.313453 0.942963
v 1.6315 0.09574 0.227785
vn -0.203905 0.606575 0.768433
v 1.6315 0.09574 0.227785
vn 0.203905 -0.606835 -0.768228
v 1.59523 0.0789185 0.240547
vn 0.0855765 -0.935239 -0.343518
v 1.59523 0.0928435 0.228081
vn 0.0523758 -0.663794 -0.746079
v 1.59523 0.0928435 0.228081
vn -0.0523758 0.663794 0.746079
v 1.59523 0.0789185 0.240547
vn -0.0855765 0.935239 0.343518
v 1.6315 0.09574 0.227785
vn -0.203905 0.606835 0.768228
v 0.145029 0.0928435 0.228081
vn -0.05114 -0.656905 -0.752237
v 0.145029 0.0928435 0.228081
vn 0.05114 0.656905 0.752237
v 0.145029 0.200226 0.213053
vn -0.0958316 -0.0348395 -0.994788
v 1.59523 0.113765 0.221899
vn 0.094587 -0.284063 -0.954129
v 0.145029 0.113765 0.221899
vn -0.102074 -0.296896 -0.949439
v 0.145029 0.113765 0.221899
vn 0.102074 0.296896 0.949439
v 1.59523 0.113765 0.221899
vn -0.094587 0.284063 0.954129
v 0.145029 0.200226 0.213053
vn 0.0958316 0.0348395 0.994788
v 1.65803 0.10365 0.226976
vn 0.372817 -0.429819 -0.822352
v 1.59523 0.113765 0.221899
vn 0.112128 -0.313391 -0.942981
v 1.66774 0.11446 0.225869
vn 0.44572 -0.230495 -0.864989
v 1.66774 0.11446 0.225869
vn -0.44572 0.230495 0.864989
v 1.59523 0.113765 0.221899
vn -0.112128 0.313391 0.942981
v 1.65803 0.10365 0.226976
vn -0.372817 0.429819 0.822352
v 1.704 0.097636 0.238631
vn 0.670525 -0.586949 -0.453748
v 1.6315 0.09574 0.227785
vn 0.203997 -0.606753 -0.768268
v 1.65803 0.10365 0.226976
vn 0.372901 -0.430061 -0.822187
v 1.65803 0.10365 0.226976
vn -0.372901 0.430061 0.822187
v 1.6315 0.09574 0.227785
vn -0.203997 0.606753 0.768268
v 1.704 0.097636 0.238631
vn -0.670525 0.586949 0.453748
v 1.59523 0.0789185 0.240547
vn 0.0855781 -0.935183 -0.34367
v 1.6315 0.09574 0.227785
vn 0.203854 -0.606899 -0.768191
v 1.65803 0.0839343 0.240033
vn 0.346662 -0.860335 -0.373697
v 1.65803 0.0839343 0.240033
vn -0.346662 0.860335 0.373697
v 1.6315 0.09574 0.227785
vn -0.203854 0.606899 0.768191
v 1.59523 0.0789185 0.240547
vn -0.0855781 0.935183 0.34367
v 0.145029 0.0789185 0.240547
vn -0.0822108 -0.929827 -0.358697
v 1.59523 0.0928435 0.228081
vn 0.0501482 -0.666921 -0.743439
v 1.59523 0.0789185 0.240547
vn 0.0837224 -0.932428 -0.351524
v 1.59523 0.0789185 0.240547
vn -0.0837224 0.932428 0.351524
v 1.59523 0.0928435 0.228081
vn -0.0501482 0.666921 0.743439
v 0.145029 0.0789185 0.240547
vn 0.0822108 0.929827 0.358697
v 0.145029 0.0928435 0.228081
vn -0.0511447 -0.6657 -0.744465
v 0.145029 0.0928435 0.228081
vn 0.0511447 0.6657 0.744465
v 0.145029 0.0928435 0.228081
vn -0.0523442 -0.663572 -0.746279
v 0.108771 0.09574 0.227785
vn -0.203871 -0.606605 -0.768419
v 0.145029 0.113765 0.221899
vn -0.112076 -0.31349 -0.942954
v 0.145029 0.113765 0.221899
vn 0.112076 0.31349 0.942954
v 0.108771 0.09574 0.227785
vn 0.203871 0.606605 0.768419
v 0.145029 0.0928435 0.228081
vn 0.0523442 0.663572 0.746279
v 1.59523 0.200226 0.213053
vn 0.103497 -0.0279844 -0.994236
v 1.59523 0.200226 0.213053
vn -0.103497 0.0279844 0.994236
v 0.145029 0.113765 0.221899
vn -0.112045 -0.31174 -0.943538
v 0.0725182 0.20092 0.217024
vn -0.448013 -0.0734963 -0.891001
v 0.145029 0.200226 0.213053
vn -0.113793 -0.0186357 -0.99333
v 0.145029 0.200226 0.213053
vn 0.113793 0.0186357 0.99333
v 0.0725182 0.20092 0.217024
vn 0.448013 0.0734963 0.891001
v 0.145029 0.113765 0.221899
vn 0.112045 0.31174 0.943538
v 1.59523 0.113765 0.221899
vn 0.112045 -0.31174 -0.943538
v 1.66774 0.20092 0.217024
vn 0.448013 -0.0734963 -0.891001
v 1.66774 0.11446 0.225869
vn 0.444383 -0.230067 -0.865791
v 1.66774 0.11446 0.225869
vn -0.444383 0.230067 0.865791
v 1.66774 0.20092 0.217024
vn -0.448013 0.0734963 0.891001
v 1.59523 0.113765 0.221899
vn -0.112045 0.31174 0.943538
v 1.72083 0.116358 0.236717
vn 0.821189 -0.236202 -0.519478
v 1.65803 0.10365 0.226976
vn 0.372965 -0.429898 -0.822243
v 1.66774 0.11446 0.225869
vn 0.445877 -0.23056 -0.864891
v 1.66774 0.11446 0.225869
vn -0.445877 0.23056 0.864891
v 1.65803 0.10365 0.226976
vn -0.372965 0.429898 0.822243
v 1.72083 0.116358 0.236717
vn -0.821189 0.236202 0.519478
v 1.6315 0.09574 0.227785
vn 0.204015 -0.606756 -0.768261
v 1.704 0.097636 0.238631
vn 0.670391 -0.586992 -0.453891
v 1.65803 0.0839343 0.240033
vn 0.346844 -0.860236 -0.373756
v 1.65803 0.0839343 0.240033
vn -0.346844 0.860236 0.373756
v 1.704 0.097636 0.238631
vn -0.670391 0.586992 0.453891
v 1.6315 0.09574 0.227785
vn -0.204015 0.606756 0.768261
v 1.65803 0.10365 0.226976
vn 0.372965 -0.429858 -0.822264
v 1.72083 0.116358 0.236717
vn 0.821073 -0.236248 -0.51964
v 1.704 0.097636 0.238631
vn 0.670546 -0.586744 -0.453982
v 1.704 0.097636 0.238631
vn -0.670546 0.586744 0.453982
v 1.72083 0.116358 0.236717
vn -0.821073 0.236248 0.51964
v 1.65803 0.10365 0.226976
vn -0.372965 0.429858 0.822264
v 1.65803 0.0839343 0.240033
vn 0.346501 -0.860698 -0.37301
v 1.59523 0.0757179 0.255956
vn 0.0969538 -0.995241 -0.00979644
v 1.59523 0.0789185 0.240547
vn 0.0856106 -0.935374 -0.343143
v 1.59523 0.0789185 0.240547
vn -0.0856106 0.935374 0.343143
v 1.59523 0.0757179 0.255956
vn -0.0969538 0.995241 0.00979644
v 1.65803 0.0839343 0.240033
vn -0.346501 0.860698 0.37301
v 1.59523 0.0789185 0.240547
vn 0.0822792 -0.937997 -0.336736
v 0.145029 0.0757179 0.255956
vn -0.0931753 -0.995525 -0.0157724
v 0.145029 0.0789185 0.240547
vn -0.0837501 -0.936838 -0.33959
v 0.145029 0.0789185 0.240547
vn 0.0837501 0.936838 0.33959
v 0.145029 0.0757179 0.255956
vn 0.0931753 0.995525 0.0157724
v 1.59523 0.0789185 0.240547
vn -0.0822792 0.937997 0.336736
v 0.145029 0.0789185 0.240547
vn -0.0855765 -0.935239 -0.343518
v 0.108771 0.09574 0.227785
vn -0.203905 -0.606835 -0.768228
v 0.145029 0.0928435 0.228081
vn -0.0523758 -0.663794 -0.746079
v 0.145029 0.0928435 0.228081
vn 0.0523758 0.663794 0.746079
v 0.108771 0.09574 0.227785
vn 0.203905 0.606835 0.768228
v 0.145029 0.0789185 0.240547
vn 0.0855765 0.935239 0.343518
v 0.108771 0.09574 0.227785
vn -0.203905 -0.606575 -0.768434
v 0.0822136 0.10365 0.226976
vn -0.372794 -0.429879 -0.822331
v 0.145029 0.113765 0.221899
vn -0.112108 -0.313453 -0.942963
v 0.145029 0.113765 0.221899
vn 0.112108 0.313453 0.942963
v 0.0822136 0.10365 0.226976
vn 0.372794 0.429879 0.822331
v 0.108771 0.09574 0.227785
vn 0.203905 0.606575 0.768434
v 0.145029 0.222535 0.214813
vn -0.0536667 0.400891 -0.914553
v 1.59523 0.200226 0.213053
vn 0.108626 -0.0128916 -0.993999
v 0.145029 0.200226 0.213053
vn -0.110996 -0.015212 -0.993704
v 0.145029 0.200226 0.213053
vn 0.110996 0.015212 0.993704
v 1.59523 0.200226 0.213053
vn -0.108626 0.0128916 0.993999
v 0.145029 0.222535 0.214813
vn 0.0536667 -0.400891 0.914553
v 1.59523 0.200226 0.213053
vn 0.113793 -0.0186357 -0.99333
v 1.59523 0.200226 0.213053
vn -0.113793 0.0186357 0.99333
v 0.0725182 0.11446 0.225869
vn -0.444382 -0.230067 -0.865791
v 0.0725182 0.11446 0.225869
vn 0.444382 0.230067 0.865791
v 0.0725182 0.20092 0.217024
vn -0.450805 -0.0729887 -0.889633
v 0.0822136 0.211728 0.215919
vn -0.387113 0.141932 -0.911043
v 0.145029 0.200226 0.213053
vn -0.113812 -0.0181303 -0.993337
v 0.145029 0.200226 0.213053
vn 0.113812 0.0181303 0.993337
v 0.0822136 0.211728 0.215919
vn 0.387113 -0.141932 0.911043
v 0.0725182 0.20092 0.217024
vn 0.450805 0.0729887 0.889633
v 1.72083 0.202817 0.22787
vn 0.827613 0.0508234 -0.558994
v 1.66774 0.11446 0.225869
vn 0.445285 -0.229693 -0.865426
v 1.66774 0.20092 0.217024
vn 0.450721 -0.0731631 -0.889662
v 1.66774 0.20092 0.217024
vn -0.450721 0.0731631 0.889662
v 1.66774 0.11446 0.225869
vn -0.445285 0.229693 0.865426
v 1.72083 0.202817 0.22787
vn -0.827613 -0.0508234 0.558994
v 1.72083 0.116358 0.236717
vn 0.820197 -0.235842 -0.521206
v 1.72083 0.116358 0.236717
vn -0.820197 0.235842 0.521206
v 1.704 0.097636 0.238631
vn 0.670378 -0.587455 -0.453311
v 1.66774 0.0815112 0.255364
vn 0.399995 -0.916161 -0.0255445
v 1.65803 0.0839343 0.240033
vn 0.346953 -0.860408 -0.373258
v 1.65803 0.0839343 0.240033
vn -0.346953 0.860408 0.373258
v 1.66774 0.0815112 0.255364
vn -0.399995 0.916161 0.0255445
v 1.704 0.097636 0.238631
vn -0.670378 0.587455 0.453311
v 1.74027 0.118949 0.251533
vn 0.972384 -0.194556 -0.128912
v 1.704 0.097636 0.238631
vn 0.670788 -0.586793 -0.45356
v 1.72083 0.116358 0.236717
vn 0.821327 -0.236289 -0.51922
v 1.72083 0.116358 0.236717
vn -0.821327 0.236289 0.51922
v 1.704 0.097636 0.238631
vn -0.670788 0.586793 0.45356
v 1.74027 0.118949 0.251533
vn -0.972384 0.194556 0.128912
v 1.66774 0.0815112 0.255364
vn 0.399713 -0.91629 -0.0253503
v 1.66774 0.0815112 0.255364
vn -0.399713 0.91629 0.0253503
v 1.59523 0.0757179 0.255956
vn 0.0948423 -0.995409 -0.0128887
v 1.59523 0.0757179 0.255956
vn -0.0948423 0.995409 0.0128887
v 0.145029 0.0757179 0.255956
vn -0.0969537 -0.995241 -0.00979641
v 0.0822136 0.0839343 0.240033
vn -0.346501 -0.860698 -0.37301
v 0.145029 0.0789185 0.240547
vn -0.0856106 -0.935374 -0.343143
v 0.145029 0.0789185 0.240547
vn 0.0856106 0.935374 0.343143
v 0.0822136 0.0839343 0.240033
vn 0.346501 0.860698 0.37301
v 0.145029 0.0757179 0.255956
vn 0.0969537 0.995241 0.00979641
v 0.108771 0.09574 0.227785
vn -0.203853 -0.606899 -0.768191
v 0.145029 0.0789185 0.240547
vn -0.0855781 -0.935183 -0.34367
v 0.0822136 0.0839343 0.240033
vn -0.346662 -0.860335 -0.373697
v 0.0822136 0.0839343 0.240033
vn 0.346662 0.860335 0.373697
v 0.145029 0.0789185 0.240547
vn 0.0855781 0.935183 0.34367
v 0.108771 0.09574 0.227785
vn 0.203853 0.606899 0.768191
v 0.108771 0.09574 0.227785
vn -0.203997 -0.606753 -0.768268
v 0.0362605 0.097636 0.238631
vn -0.670525 -0.586949 -0.453747
v 0.0822136 0.10365 0.226976
vn -0.372901 -0.430061 -0.822187
v 0.0822136 0.10365 0.226976
vn 0.372901 0.430061 0.822187
v 0.0362605 0.097636 0.238631
vn 0.670525 0.586949 0.453747
v 0.108771 0.09574 0.227785
vn 0.203997 0.606753 0.768268
v 0.0822136 0.10365 0.226976
vn -0.372817 -0.429819 -0.822352
v 0.0725182 0.11446 0.225869
vn -0.44572 -0.230495 -0.864989
v 0.145029 0.113765 0.221899
vn -0.112128 -0.313391 -0.942981
v 0.145029 0.113765 0.221899
vn 0.112128 0.313391 0.942981
v 0.0725182 0.11446 0.225869
vn 0.44572 0.230495 0.864989
v 0.0822136 0.10365 0.226976
vn 0.372817 0.429819 0.822352
v 1.59523 0.222535 0.214813
vn 0.054789 0.407234 -0.911679
v 1.59523 0.222535 0.214813
vn -0.054789 -0.407234 0.911679
v 0.145029 0.200226 0.213053
vn -0.113761 -0.0180271 -0.993345
v 0.108771 0.21964 0.215109
vn -0.216646 0.345412 -0.913102
v 0.145029 0.222535 0.214813
vn -0.0561062 0.414449 -0.908341
v 0.145029 0.222535 0.214813
vn 0.0561062 -0.414449 0.908341
v 0.108771 0.21964 0.215109
vn 0.216646 -0.345412 0.913102
v 0.145029 0.200226 0.213053
vn 0.113761 0.0180271 0.993345
v 1.66774 0.20092 0.217024
vn 0.450805 -0.0729887 -0.889633
v 1.59523 0.200226 0.213053
vn 0.113812 -0.0181302 -0.993337
v 1.65803 0.211728 0.215919
vn 0.387113 0.141932 -0.911043
v 1.65803 0.211728 0.215919
vn -0.387113 -0.141932 0.911043
v 1.59523 0.200226 0.213053
vn -0.113812 0.0181302 0.993337
v 1.66774 0.20092 0.217024
vn -0.450805 0.0729887 0.889633
v 0.0725182 0.11446 0.225869
vn -0.445284 -0.229693 -0.865427
v 0.0194186 0.202817 0.22787
vn -0.827612 0.0508231 -0.558995
v 0.0725182 0.20092 0.217024
vn -0.45072 -0.0731631 -0.889662
v 0.0725182 0.20092 0.217024
vn 0.45072 0.0731631 0.889662
v 0.0194186 0.202817 0.22787
vn 0.827612 -0.0508231 0.558995
v 0.0725182 0.11446 0.225869
vn 0.445284 0.229693 0.865427
v 0.0194186 0.202817 0.22787
vn -0.829744 0.0519908 -0.555718
v 0.0822136 0.211728 0.215919
vn -0.387264 0.14203 -0.910963
v 0.0725182 0.20092 0.217024
vn -0.450965 -0.0729093 -0.889559
v 0.0725182 0.20092 0.217024
vn 0.450965 0.0729093 0.889559
v 0.0822136 0.211728 0.215919
vn 0.387264 -0.14203 0.910963
v 0.0194186 0.202817 0.22787
vn 0.829744 -0.0519908 0.555718
v 0.145029 0.200226 0.213053
vn -0.113793 -0.0180648 -0.99334
v 0.0822136 0.211728 0.215919
vn -0.387091 0.141995 -0.911042
v 0.108771 0.21964 0.215109
vn -0.216681 0.345378 -0.913106
v 0.108771 0.21964 0.215109
vn 0.216681 -0.345378 0.913106
v 0.0822136 0.211728 0.215919
vn 0.387091 -0.141995 0.911042
v 0.145029 0.200226 0.213053
vn 0.113793 0.0180648 0.99334
v 1.65803 0.211728 0.215919
vn 0.387264 0.142031 -0.910963
v 1.72083 0.202817 0.22787
vn 0.829744 0.0519911 -0.555718
v 1.66774 0.20092 0.217024
vn 0.450965 -0.0729091 -0.889559
v 1.66774 0.20092 0.217024
vn -0.450965 0.0729091 0.889559
v 1.72083 0.202817 0.22787
vn -0.829744 -0.0519911 0.555718
v 1.65803 0.211728 0.215919
vn -0.387264 -0.142031 0.910963
v 1.74027 0.205409 0.242689
vn 0.975595 0.143516 -0.166185
v 1.72083 0.116358 0.236717
vn 0.821377 -0.235441 -0.519526
v 1.72083 0.202817 0.22787
vn 0.829932 0.0516739 -0.555467
v 1.72083 0.202817 0.22787
vn -0.829932 -0.0516739 0.555467
v 1.72083 0.116358 0.236717
vn -0.821377 0.235441 0.519526
v 1.74027 0.205409 0.242689
vn -0.975595 -0.143516 0.166185
v 1.72083 0.0973342 0.253745
vn 0.790478 -0.607802 -0.075643
v 1.72083 0.0973342 0.253745
vn -0.790478 0.607802 0.075643
v 1.72083 0.0973342 0.253745
vn 0.790759 -0.607426 -0.0757258
v 1.72083 0.0973342 0.253745
vn -0.790759 0.607426 0.0757258
v 1.74027 0.118949 0.251533
vn 0.972419 -0.193939 -0.129571
v 1.74027 0.118949 0.251533
vn -0.972419 0.193939 0.129571
v 1.66774 0.0815112 0.255364
vn 0.39406 -0.918836 -0.0213638
v 1.59523 0.106822 0.433764
vn 0.0989263 -0.971894 0.213626
v 1.59523 0.0757179 0.255956
vn 0.0973161 -0.995224 -0.00761454
v 1.59523 0.0757179 0.255956
vn -0.0973161 0.995224 0.00761454
v 1.59523 0.106822 0.433764
vn -0.0989263 0.971894 -0.213626
v 1.66774 0.0815112 0.255364
vn -0.39406 0.918836 0.0213638
v 1.59523 0.0757179 0.255956
vn 0.0654864 -0.997029 0.0405643
v 0.145029 0.106822 0.433764
vn -0.0663579 -0.979132 0.192086
v 0.145029 0.0757179 0.255956
vn -0.0769034 -0.996801 0.0217491
v 0.145029 0.0757179 0.255956
vn 0.0769034 0.996801 -0.0217491
v 0.145029 0.106822 0.433764
vn 0.0663579 0.979132 -0.192086
v 1.59523 0.0757179 0.255956
vn -0.0654864 0.997029 -0.0405643
v 0.0725182 0.0815112 0.255364
vn -0.399713 -0.91629 -0.0253502
v 0.0725182 0.0815112 0.255364
vn 0.399713 0.91629 0.0253502
v 0.0362605 0.097636 0.238631
vn -0.670391 -0.586992 -0.453891
v 0.108771 0.09574 0.227785
vn -0.204015 -0.606756 -0.768261
v 0.0822136 0.0839343 0.240033
vn -0.346844 -0.860236 -0.373756
v 0.0822136 0.0839343 0.240033
vn 0.346844 0.860236 0.373756
v 0.108771 0.09574 0.227785
vn 0.204015 0.606756 0.768261
v 0.0362605 0.097636 0.238631
vn 0.670391 0.586992 0.453891
v 0.0194186 0.116358 0.236717
vn -0.821073 -0.236248 -0.51964
v 0.0822136 0.10365 0.226976
vn -0.372966 -0.429859 -0.822264
v 0.0362605 0.097636 0.238631
vn -0.670546 -0.586744 -0.453981
v 0.0362605 0.097636 0.238631
vn 0.670546 0.586744 0.453981
v 0.0822136 0.10365 0.226976
vn 0.372966 0.429859 0.822264
v 0.0194186 0.116358 0.236717
vn 0.821073 0.236248 0.51964
v 0.0822136 0.10365 0.226976
vn -0.372965 -0.429897 -0.822244
v 0.0194186 0.116358 0.236717
vn -0.821189 -0.236202 -0.519478
v 0.0725182 0.11446 0.225869
vn -0.445876 -0.23056 -0.864891
v 0.0725182 0.11446 0.225869
vn 0.445876 0.23056 0.864891
v 0.0194186 0.116358 0.236717
vn 0.821189 0.236202 0.519478
v 0.0822136 0.10365 0.226976
vn 0.372965 0.429897 0.822244
v 0.145029 0.222535 0.214813
vn -0.0537183 0.419938 -0.905962
v 1.59523 0.240256 0.22404
vn 0.086655 0.817719 -0.569057
v 1.59523 0.222535 0.214813
vn 0.0548107 0.417768 -0.906899
v 1.59523 0.222535 0.214813
vn -0.0548107 -0.417768 0.906899
v 1.59523 0.240256 0.22404
vn -0.086655 -0.817719 0.569057
v 0.145029 0.222535 0.214813
vn 0.0537183 -0.419938 0.905962
v 1.59523 0.200226 0.213053
vn 0.113761 -0.0180271 -0.993345
v 1.59523 0.222535 0.214813
vn 0.0561062 0.414449 -0.908341
v 1.6315 0.21964 0.215109
vn 0.216646 0.345412 -0.913102
v 1.6315 0.21964 0.215109
vn -0.216646 -0.345412 0.913102
v 1.59523 0.222535 0.214813
vn -0.0561062 -0.414449 0.908341
v 1.59523 0.200226 0.213053
vn -0.113761 0.0180271 0.993345
v 0.108771 0.21964 0.215109
vn -0.216683 0.345684 -0.91299
v 0.145029 0.240256 0.22404
vn -0.0902336 0.827269 -0.554512
v 0.145029 0.222535 0.214813
vn -0.0561382 0.414718 -0.908217
v 0.145029 0.222535 0.214813
vn 0.0561382 -0.414718 0.908217
v 0.145029 0.240256 0.22404
vn 0.0902336 -0.827269 0.554512
v 0.108771 0.21964 0.215109
vn 0.216683 -0.345684 0.91299
v 1.59523 0.200226 0.213053
vn 0.113793 -0.0180649 -0.99334
v 1.6315 0.21964 0.215109
vn 0.216681 0.345379 -0.913106
v 1.65803 0.211728 0.215919
vn 0.387091 0.141995 -0.911042
v 1.65803 0.211728 0.215919
vn -0.387091 -0.141995 0.911042
v 1.6315 0.21964 0.215109
vn -0.216681 -0.345379 0.913106
v 1.59523 0.200226 0.213053
vn -0.113793 0.0180649 0.99334
v 0.0194186 0.116358 0.236717
vn -0.820197 -0.235842 -0.521206
v 0.0194186 0.116358 0.236717
vn 0.820197 0.235842 0.521206
v 0.0822136 0.211728 0.215919
vn -0.387257 0.142012 -0.910969
v 0.0194186 0.202817 0.22787
vn -0.829627 0.0520088 -0.555891
v 0.0362605 0.221536 0.225956
vn -0.693287 0.427783 -0.579961
v 0.0362605 0.221536 0.225956
vn 0.693287 -0.427783 0.579961
v 0.0194186 0.202817 0.22787
vn 0.829627 -0.0520088 0.555891
v 0.0822136 0.211728 0.215919
vn 0.387257 -0.142012 0.910969
v 0.0362605 0.221536 0.225956
vn -0.693275 0.428035 -0.579789
v 0.108771 0.21964 0.215109
vn -0.216776 0.345592 -0.913003
v 0.0822136 0.211728 0.215919
vn -0.387203 0.142205 -0.910962
v 0.0822136 0.211728 0.215919
vn 0.387203 -0.142205 0.910962
v 0.108771 0.21964 0.215109
vn 0.216776 -0.345592 0.913003
v 0.0362605 0.221536 0.225956
vn 0.693275 -0.428035 0.579789
v 1.72083 0.202817 0.22787
vn 0.829627 0.0520086 -0.555891
v 1.65803 0.211728 0.215919
vn 0.387257 0.142011 -0.910969
v 1.704 0.221536 0.225956
vn 0.693287 0.427783 -0.579961
v 1.704 0.221536 0.225956
vn -0.693287 -0.427783 0.579961
v 1.65803 0.211728 0.215919
vn -0.387257 -0.142011 0.910969
v 1.72083 0.202817 0.22787
vn -0.829627 -0.0520086 0.555891
v 1.72083 0.202817 0.22787
vn 0.829844 0.0523234 -0.555537
v 1.72083 0.227025 0.240476
vn 0.799091 0.567084 -0.199674
v 1.74027 0.205409 0.242689
vn 0.975714 0.144529 -0.164601
v 1.74027 0.205409 0.242689
vn -0.975714 -0.144529 0.164601
v 1.72083 0.227025 0.240476
vn -0.799091 -0.567084 0.199674
v 1.72083 0.202817 0.22787
vn -0.829844 -0.0523234 0.555537
v 1.72083 0.0973342 0.253745
vn 0.785707 -0.614412 -0.0718524
v 1.66774 0.112616 0.433172
vn 0.406109 -0.888695 0.21283
v 1.66774 0.0815112 0.255364
vn 0.400378 -0.916045 -0.0236465
v 1.66774 0.0815112 0.255364
vn -0.400378 0.916045 0.0236465
v 1.66774 0.112616 0.433172
vn -0.406109 0.888695 -0.21283
v 1.72083 0.0973342 0.253745
vn -0.785707 0.614412 0.0718524
v 1.74027 0.150055 0.429341
vn 0.975269 -0.148881 0.163353
v 1.72083 0.0973342 0.253745
vn 0.791791 -0.606331 -0.0736884
v 1.74027 0.118949 0.251533
vn 0.972257 -0.196295 -0.127218
v 1.74027 0.118949 0.251533
vn -0.972257 0.196295 0.127218
v 1.72083 0.0973342 0.253745
vn -0.791791 0.606331 0.0736884
v 1.74027 0.150055 0.429341
vn -0.975269 0.148881 -0.163353
v 1.74027 0.236514 0.420495
vn 0.974691 0.186425 0.123385
v 1.74027 0.118949 0.251533
vn 0.974691 -0.186425 -0.123385
v 1.74027 0.205409 0.242689
vn 0.976915 0.141 -0.160486
v 1.74027 0.205409 0.242689
vn -0.976915 -0.141 0.160486
v 1.74027 0.118949 0.251533
vn -0.974691 0.186425 0.123385
v 1.74027 0.236514 0.420495
vn -0.974691 -0.186425 -0.123385
v 1.66774 0.112616 0.433172
vn 0.402622 -0.890112 0.213533
v 1.66774 0.112616 0.433172
vn -0.402622 0.890112 -0.213533
v 1.59523 0.106822 0.433764
vn 0.0779741 -0.976717 0.199859
v 1.59523 0.106822 0.433764
vn -0.0779741 0.976717 -0.199859
v 0.0725182 0.112616 0.433172
vn -0.399789 -0.891531 0.212932
v 0.145029 0.0757179 0.255956
vn -0.0974998 -0.995217 -0.00600161
v 0.145029 0.106822 0.433764
vn -0.0987675 -0.971754 0.214336
v 0.145029 0.106822 0.433764
vn 0.0987675 0.971754 -0.214336
v 0.145029 0.0757179 0.255956
vn 0.0974998 0.995217 0.00600161
v 0.0725182 0.112616 0.433172
vn 0.399789 0.891531 -0.212932
v 0.0725182 0.0815112 0.255364
vn -0.396801 -0.917613 -0.0231284
v 0.0725182 0.0815112 0.255364
vn 0.396801 0.917613 0.0231284
v 0.0725182 0.0815112 0.255364
vn -0.399995 -0.916161 -0.0255444
v 0.0362605 0.097636 0.238631
vn -0.670378 -0.587455 -0.453311
v 0.0822136 0.0839343 0.240033
vn -0.346953 -0.860408 -0.373258
v 0.0822136 0.0839343 0.240033
vn 0.346953 0.860408 0.373258
v 0.0362605 0.097636 0.238631
vn 0.670378 0.587455 0.453311
v 0.0725182 0.0815112 0.255364
vn 0.399995 0.916161 0.0255444
v 0.0362605 0.097636 0.238631
vn -0.670788 -0.586793 -0.45356
v 2.54517e-06 0.118949 0.251533
vn -0.972383 -0.194557 -0.128912
v 0.0194186 0.116358 0.236717
vn -0.821327 -0.236289 -0.51922
v 0.0194186 0.116358 0.236717
vn 0.821327 0.236289 0.51922
v 2.54517e-06 0.118949 0.251533
vn 0.972383 0.194557 0.128912
v 0.0362605 0.097636 0.238631
vn 0.670788 0.586793 0.45356
v 0.145029 0.240256 0.22404
vn -0.0882758 0.822287 -0.562185
v 0.145029 0.240256 0.22404
vn 0.0882758 -0.822287 0.562185
v 1.65803 0.23524 0.224553
vn 0.364163 0.738604 -0.567318
v 1.59523 0.222535 0.214813
vn 0.0561501 0.414775 -0.90819
v 1.59523 0.240256 0.22404
vn 0.0902333 0.827172 -0.554657
v 1.59523 0.240256 0.22404
vn -0.0902333 -0.827172 0.554657
v 1.59523 0.222535 0.214813
vn -0.0561501 -0.414775 0.90819
v 1.65803 0.23524 0.224553
vn -0.364163 -0.738604 0.567318
v 1.59523 0.222535 0.214813
vn 0.0561382 0.414718 -0.908217
v 1.65803 0.23524 0.224553
vn 0.364272 0.738661 -0.567173
v 1.6315 0.21964 0.215109
vn 0.216683 0.345684 -0.91299
v 1.6315 0.21964 0.215109
vn -0.216683 -0.345684 0.91299
v 1.65803 0.23524 0.224553
vn -0.364272 -0.738661 0.567173
v 1.59523 0.222535 0.214813
vn -0.0561382 -0.414718 0.908217
v 0.145029 0.240256 0.22404
vn -0.0902333 0.827172 -0.554657
v 0.108771 0.21964 0.215109
vn -0.216626 0.345775 -0.912969
v 0.0822136 0.23524 0.224553
vn -0.364163 0.738604 -0.567318
v 0.0822136 0.23524 0.224553
vn 0.364163 -0.738604 0.567318
v 0.108771 0.21964 0.215109
vn 0.216626 -0.345775 0.912969
v 0.145029 0.240256 0.22404
vn 0.0902333 -0.827172 0.554657
v 1.6315 0.21964 0.215109
vn 0.216776 0.345591 -0.913003
v 1.704 0.221536 0.225956
vn 0.693275 0.428035 -0.579789
v 1.65803 0.211728 0.215919
vn 0.387203 0.142205 -0.910962
v 1.65803 0.211728 0.215919
vn -0.387203 -0.142205 0.910962
v 1.704 0.221536 0.225956
vn -0.693275 -0.428035 0.579789
v 1.6315 0.21964 0.215109
vn -0.216776 -0.345591 0.913003
v 0.0194186 0.116358 0.236717
vn -0.821378 -0.235441 -0.519524
v 2.54517e-06 0.205409 0.242689
vn -0.975595 0.143517 -0.166182
v 0.0194186 0.202817 0.22787
vn -0.829932 0.0516741 -0.555466
v 0.0194186 0.202817 0.22787
vn 0.829932 -0.0516741 0.555466
v 2.54517e-06 0.205409 0.242689
vn 0.975595 -0.143517 0.166182
v 0.0194186 0.116358 0.236717
vn 0.821378 0.235441 0.519524
v 0.0194186 0.202817 0.22787
vn -0.829842 0.0523191 -0.555541
v 0.0194186 0.227025 0.240476
vn -0.799088 0.567089 -0.199671
v 0.0362605 0.221536 0.225956
vn -0.693506 0.427974 -0.579558
v 0.0362605 0.221536 0.225956
vn 0.693506 -0.427974 0.579558
v 0.0194186 0.227025 0.240476
vn 0.799088 -0.567089 0.199671
v 0.0194186 0.202817 0.22787
vn 0.829842 -0.0523191 0.555541
v 0.108771 0.21964 0.215109
vn -0.216787 0.345614 -0.912992
v 0.0362605 0.221536 0.225956
vn -0.693133 0.42805 -0.579948
v 0.0822136 0.23524 0.224553
vn -0.364346 0.738494 -0.567344
v 0.0822136 0.23524 0.224553
vn 0.364346 -0.738494 0.567344
v 0.0362605 0.221536 0.225956
vn 0.693133 -0.42805 0.579948
v 0.108771 0.21964 0.215109
vn 0.216787 -0.345614 0.912992
v 1.704 0.221536 0.225956
vn 0.693506 0.427974 -0.579558
v 1.704 0.221536 0.225956
vn -0.693506 -0.427974 0.579558
v 1.72083 0.25813 0.418285
vn 0.791791 0.606331 0.0736884
v 1.74027 0.205409 0.242689
vn 0.975269 0.148881 -0.163353
v 1.72083 0.227025 0.240476
vn 0.799673 0.566732 -0.198336
v 1.72083 0.227025 0.240476
vn -0.799673 -0.566732 0.198336
v 1.74027 0.205409 0.242689
vn -0.975269 -0.148881 0.163353
v 1.72083 0.25813 0.418285
vn -0.791791 -0.606331 -0.0736884
v 1.72083 0.128438 0.431553
vn 0.796312 -0.57131 0.198724
v 1.72083 0.128438 0.431553
vn -0.796312 0.57131 -0.198724
v 1.72083 0.128438 0.431553
vn 0.799673 -0.566732 0.198336
v 1.72083 0.128438 0.431553
vn -0.799673 0.566732 -0.198336
v 1.74027 0.150055 0.429341
vn 0.976915 -0.141 0.160486
v 1.74027 0.150055 0.429341
vn -0.976915 0.141 -0.160486
v 1.74027 0.236514 0.420495
vn 0.972257 0.196295 0.127218
v 1.74027 0.236514 0.420495
vn -0.972257 -0.196295 -0.127218
v 1.66774 0.112616 0.433172
vn 0.405415 -0.888531 0.214826
v 1.59523 0.115209 0.447989
vn 0.090284 -0.827546 0.554091
v 1.59523 0.106822 0.433764
vn 0.0984243 -0.971521 0.215543
v 1.59523 0.106822 0.433764
vn -0.0984243 0.971521 -0.215543
v 1.59523 0.115209 0.447989
vn -0.090284 0.827546 -0.554091
v 1.66774 0.112616 0.433172
vn -0.405415 0.888531 -0.214826
v 1.59523 0.106822 0.433764
vn 0.0946078 -0.969889 0.224421
v 0.145029 0.115209 0.447989
vn -0.0866975 -0.830663 0.549984
v 0.145029 0.106822 0.433764
vn -0.0963014 -0.970703 0.220142
v 0.145029 0.106822 0.433764
vn 0.0963014 0.970703 -0.220142
v 0.145029 0.115209 0.447989
vn 0.0866975 0.830663 -0.549984
v 1.59523 0.106822 0.433764
vn -0.0946078 0.969889 -0.224421
v 0.145029 0.106822 0.433764
vn -0.0984337 -0.971477 0.215737
v 0.0822136 0.120222 0.447476
vn -0.363974 -0.739113 0.566776
v 0.0725182 0.112616 0.433172
vn -0.405636 -0.888479 0.214624
v 0.0725182 0.112616 0.433172
vn 0.405636 0.888479 -0.214624
v 0.0822136 0.120222 0.447476
vn 0.363974 0.739113 -0.566776
v 0.145029 0.106822 0.433764
vn 0.0984337 0.971477 -0.215737
v 0.0194186 0.128438 0.431553
vn -0.793867 -0.574806 0.198427
v 0.0725182 0.0815112 0.255364
vn -0.400353 -0.916089 -0.0223233
v 0.0725182 0.112616 0.433172
vn -0.406211 -0.888494 0.213476
v 0.0725182 0.112616 0.433172
vn 0.406211 0.888494 -0.213476
v 0.0725182 0.0815112 0.255364
vn 0.400353 0.916089 0.0223233
v 0.0194186 0.128438 0.431553
vn 0.793867 0.574806 -0.198427
v 0.0194186 0.0973342 0.253745
vn -0.790478 -0.607802 -0.0756432
v 0.0194186 0.0973342 0.253745
vn 0.790478 0.607802 0.0756432
v 0.0194186 0.0973342 0.253745
vn -0.790759 -0.607426 -0.075726
v 0.0194186 0.0973342 0.253745
vn 0.790759 0.607426 0.075726
v 2.54517e-06 0.118949 0.251533
vn -0.972419 -0.193939 -0.12957
v 2.54517e-06 0.118949 0.251533
vn 0.972419 0.193939 0.12957
v 0.145029 0.240256 0.22404
vn -0.0866979 0.830665 -0.549981
v 1.59523 0.24864 0.238264
vn 0.0946081 0.96989 -0.224415
v 1.59523 0.240256 0.22404
vn 0.0882841 0.829321 -0.551754
v 1.59523 0.240256 0.22404
vn -0.0882841 -0.829321 0.551754
v 1.59523 0.24864 0.238264
vn -0.0946081 -0.96989 0.224415
v 0.145029 0.240256 0.22404
vn 0.0866979 -0.830665 0.549981
v 1.59523 0.240256 0.22404
vn 0.0902814 0.827543 -0.554096
v 1.66774 0.242849 0.238858
vn 0.40542 0.88853 -0.214824
v 1.65803 0.23524 0.224553
vn 0.364204 0.738929 -0.566869
v 1.65803 0.23524 0.224553
vn -0.364204 -0.738929 0.566869
v 1.66774 0.242849 0.238858
vn -0.40542 -0.88853 0.214824
v 1.59523 0.240256 0.22404
vn -0.0902814 -0.827543 0.554096
v 1.704 0.221536 0.225956
vn 0.693133 0.42805 -0.579948
v 1.6315 0.21964 0.215109
vn 0.216787 0.345615 -0.912992
v 1.65803 0.23524 0.224553
vn 0.364346 0.738494 -0.567344
v 1.65803 0.23524 0.224553
vn -0.364346 -0.738494 0.567344
v 1.6315 0.21964 0.215109
vn -0.216787 -0.345615 0.912992
v 1.704 0.221536 0.225956
vn -0.693133 -0.42805 0.579948
v 0.0822136 0.23524 0.224553
vn -0.363978 0.739107 -0.566781
v 0.145029 0.24864 0.238264
vn -0.0984314 0.971478 -0.215735
v 0.145029 0.240256 0.22404
vn -0.0902648 0.827479 -0.554194
v 0.145029 0.240256 0.22404
vn 0.0902648 -0.827479 0.554194
v 0.145029 0.24864 0.238264
vn 0.0984314 -0.971478 0.215735
v 0.0822136 0.23524 0.224553
vn 0.363978 -0.739107 0.566781
v 2.54517e-06 0.205409 0.242689
vn -0.975714 0.144528 -0.164601
v 2.54517e-06 0.205409 0.242689
vn 0.975714 -0.144528 0.164601
v 0.0725182 0.242849 0.238858
vn -0.40592 0.888303 -0.214818
v 0.0362605 0.221536 0.225956
vn -0.693103 0.428664 -0.579531
v 0.0194186 0.227025 0.240476
vn -0.798815 0.567532 -0.199507
v 0.0194186 0.227025 0.240476
vn 0.798815 -0.567532 0.199507
v 0.0362605 0.221536 0.225956
vn 0.693103 -0.428664 0.579531
v 0.0725182 0.242849 0.238858
vn 0.40592 -0.888303 0.214818
v 0.0822136 0.23524 0.224553
vn -0.364453 0.738778 -0.566905
v 0.0822136 0.23524 0.224553
vn 0.364453 -0.738778 0.566905
v 1.704 0.221536 0.225956
vn 0.693103 0.428663 -0.579531
v 1.66774 0.242849 0.238858
vn 0.40592 0.888303 -0.214818
v 1.72083 0.227025 0.240476
vn 0.798815 0.567532 -0.199507
v 1.72083 0.227025 0.240476
vn -0.798815 -0.567532 0.199507
v 1.66774 0.242849 0.238858
vn -0.40592 -0.888303 0.214818
v 1.704 0.221536 0.225956
vn -0.693103 -0.428663 0.579531
v 1.66774 0.242849 0.238858
vn 0.406109 0.888695 -0.21283
v 1.72083 0.25813 0.418285
vn 0.785707 0.614412 0.0718524
v 1.72083 0.227025 0.240476
vn 0.796312 0.57131 -0.198724
v 1.72083 0.227025 0.240476
vn -0.796312 -0.57131 0.198724
v 1.72083 0.25813 0.418285
vn -0.785707 -0.614412 -0.0718524
v 1.66774 0.242849 0.238858
vn -0.406109 -0.888695 0.21283
v 1.704 0.133926 0.446073
vn 0.693103 -0.428663 0.579531
v 1.66774 0.112616 0.433172
vn 0.40592 -0.888303 0.214818
v 1.72083 0.128438 0.431553
vn 0.798815 -0.567532 0.199507
v 1.72083 0.128438 0.431553
vn -0.798815 0.567532 -0.199507
v 1.66774 0.112616 0.433172
vn -0.40592 0.888303 -0.214818
v 1.704 0.133926 0.446073
vn -0.693103 0.428663 -0.579531
v 1.72083 0.152646 0.444159
vn 0.829844 -0.0523235 0.555537
v 1.72083 0.128438 0.431553
vn 0.799091 -0.567084 0.199674
v 1.74027 0.150055 0.429341
vn 0.975714 -0.144529 0.164601
v 1.74027 0.150055 0.429341
vn -0.975714 0.144529 -0.164601
v 1.72083 0.128438 0.431553
vn -0.799091 0.567084 -0.199674
v 1.72083 0.152646 0.444159
vn -0.829844 0.0523235 -0.555537
v 1.72083 0.239106 0.435313
vn 0.821377 0.235441 0.519526
v 1.74027 0.150055 0.429341
vn 0.975595 -0.143516 0.166185
v 1.74027 0.236514 0.420495
vn 0.972419 0.193939 0.129571
v 1.74027 0.236514 0.420495
vn -0.972419 -0.193939 -0.129571
v 1.74027 0.150055 0.429341
vn -0.975595 0.143516 -0.166185
v 1.72083 0.239106 0.435313
vn -0.821377 -0.235441 -0.519526
v 1.704 0.257825 0.433398
vn 0.670794 0.58679 0.453556
v 1.74027 0.236514 0.420495
vn 0.972383 0.19456 0.128914
v 1.72083 0.25813 0.418285
vn 0.790759 0.607426 0.0757259
v 1.72083 0.25813 0.418285
vn -0.790759 -0.607426 -0.0757259
v 1.74027 0.236514 0.420495
vn -0.972383 -0.19456 -0.128914
v 1.704 0.257825 0.433398
vn -0.670794 -0.58679 -0.453556
v 1.65803 0.120222 0.447476
vn 0.364204 -0.738929 0.566869
v 1.65803 0.120222 0.447476
vn -0.364204 0.738929 -0.566869
v 1.59523 0.115209 0.447989
vn 0.0882839 -0.82932 0.551755
v 1.59523 0.115209 0.447989
vn -0.0882839 0.82932 -0.551755
v 0.145029 0.115209 0.447989
vn -0.0902648 -0.827479 0.554194
v 0.145029 0.115209 0.447989
vn 0.0902648 0.827479 -0.554194
v 0.0362605 0.133926 0.446073
vn -0.693104 -0.428656 0.579535
v 0.0725182 0.112616 0.433172
vn -0.405915 -0.888306 0.214816
v 0.0822136 0.120222 0.447476
vn -0.364453 -0.738778 0.566905
v 0.0822136 0.120222 0.447476
vn 0.364453 0.738778 -0.566905
v 0.0725182 0.112616 0.433172
vn 0.405915 0.888306 -0.214816
v 0.0362605 0.133926 0.446073
vn 0.693104 0.428656 -0.579535
v 0.0194186 0.0973342 0.253745
vn -0.788066 -0.611186 -0.0735086
v 0.0194186 0.0973342 0.253745
vn 0.788066 0.611186 0.0735086
v 0.0194186 0.128438 0.431553
vn -0.798815 -0.567532 0.199507
v 0.0194186 0.128438 0.431553
vn 0.798815 0.567532 -0.199507
v 0.0194186 0.0973342 0.253745
vn -0.791794 -0.606327 -0.0736894
v 2.54517e-06 0.150055 0.429341
vn -0.97527 -0.148875 0.163353
v 2.54517e-06 0.118949 0.251533
vn -0.972258 -0.196292 -0.127218
v 2.54517e-06 0.118949 0.251533
vn 0.972258 0.196292 0.127218
v 2.54517e-06 0.150055 0.429341
vn 0.97527 0.148875 -0.163353
v 0.0194186 0.0973342 0.253745
vn 0.791794 0.606327 0.0736894
v 2.54517e-06 0.118949 0.251533
vn -0.974691 -0.186425 -0.123385
v 2.54517e-06 0.236514 0.420495
vn -0.974691 0.186425 0.123385
v 2.54517e-06 0.205409 0.242689
vn -0.976915 0.141 -0.160486
v 2.54517e-06 0.205409 0.242689
vn 0.976915 -0.141 0.160486
v 2.54517e-06 0.236514 0.420495
vn 0.974691 -0.186425 -0.123385
v 2.54517e-06 0.118949 0.251533
vn 0.974691 0.186425 0.123385
v 0.145029 0.24864 0.238264
vn -0.0963016 0.970703 -0.220139
v 0.145029 0.24864 0.238264
vn 0.0963016 -0.970703 0.220139
v 1.59523 0.24864 0.238264
vn 0.0984243 0.971521 -0.215543
v 1.59523 0.24864 0.238264
vn -0.0984243 -0.971521 0.215543
v 1.65803 0.23524 0.224553
vn 0.364453 0.738777 -0.566905
v 1.65803 0.23524 0.224553
vn -0.364453 -0.738777 0.566905
v 0.0725182 0.242849 0.238858
vn -0.405636 0.888479 -0.214624
v 0.0725182 0.242849 0.238858
vn 0.405636 -0.888479 0.214624
v 2.54517e-06 0.205409 0.242689
vn -0.97527 0.148875 -0.163353
v 0.0194186 0.25813 0.418285
vn -0.791794 0.606327 0.0736894
v 0.0194186 0.227025 0.240476
vn -0.799674 0.566731 -0.198336
v 0.0194186 0.227025 0.240476
vn 0.799674 -0.566731 0.198336
v 0.0194186 0.25813 0.418285
vn 0.791794 -0.606327 -0.0736894
v 2.54517e-06 0.205409 0.242689
vn 0.97527 -0.148875 0.163353
v 0.0194186 0.227025 0.240476
vn -0.793867 0.574806 -0.198427
v 0.0725182 0.273953 0.416666
vn -0.400353 0.916089 0.0223233
v 0.0725182 0.242849 0.238858
vn -0.406211 0.888494 -0.213475
v 0.0725182 0.242849 0.238858
vn 0.406211 -0.888494 0.213475
v 0.0725182 0.273953 0.416666
vn 0.400353 -0.916089 -0.0223233
v 0.0194186 0.227025 0.240476
vn 0.793867 -0.574806 0.198427
v 1.66774 0.273953 0.416666
vn 0.400378 0.916045 0.0236465
v 1.66774 0.273953 0.416666
vn -0.400378 -0.916045 -0.0236465
v 1.65803 0.120222 0.447476
vn 0.364453 -0.738778 0.566905
v 1.65803 0.120222 0.447476
vn -0.364453 0.738778 -0.566905
v 1.704 0.133926 0.446073
vn 0.693506 -0.427974 0.579558
v 1.704 0.133926 0.446073
vn -0.693506 0.427974 -0.579558
v 1.72083 0.152646 0.444159
vn 0.829932 -0.0516739 0.555467
v 1.72083 0.152646 0.444159
vn -0.829932 0.0516739 -0.555467
v 1.72083 0.239106 0.435313
vn 0.821327 0.236289 0.51922
v 1.72083 0.239106 0.435313
vn -0.821327 -0.236289 -0.51922
v 1.66774 0.273953 0.416666
vn 0.399999 0.916159 0.0255477
v 1.704 0.257825 0.433398
vn 0.670376 0.587461 0.453305
v 1.72083 0.25813 0.418285
vn 0.790478 0.607802 0.0756431
v 1.72083 0.25813 0.418285
vn -0.790478 -0.607802 -0.0756431
v 1.704 0.257825 0.433398
vn -0.670376 -0.587461 -0.453305
v 1.66774 0.273953 0.416666
vn -0.399999 -0.916159 -0.0255477
v 1.65803 0.120222 0.447476
vn 0.364163 -0.738604 0.567318
v 1.59523 0.132927 0.457217
vn 0.0561501 -0.414775 0.90819
v 1.59523 0.115209 0.447989
vn 0.0902333 -0.827172 0.554657
v 1.59523 0.115209 0.447989
vn -0.0902333 0.827172 -0.554657
v 1.59523 0.132927 0.457217
vn -0.0561501 0.414775 -0.90819
v 1.65803 0.120222 0.447476
vn -0.364163 0.738604 -0.567318
v 1.59523 0.115209 0.447989
vn 0.0866552 -0.817722 0.569053
v 0.145029 0.132927 0.457217
vn -0.0537186 -0.41994 0.905961
v 0.145029 0.115209 0.447989
vn -0.0882759 -0.822288 0.562183
v 0.145029 0.115209 0.447989
vn 0.0882759 0.822288 -0.562183
v 0.145029 0.132927 0.457217
vn 0.0537186 0.41994 -0.905961
v 1.59523 0.115209 0.447989
vn -0.0866552 0.817722 -0.569053
v 0.145029 0.115209 0.447989
vn -0.0902333 -0.827172 0.554657
v 0.108771 0.135824 0.456921
vn -0.216626 -0.345775 0.912969
v 0.0822136 0.120222 0.447476
vn -0.364163 -0.738604 0.567318
v 0.0822136 0.120222 0.447476
vn 0.364163 0.738604 -0.567318
v 0.108771 0.135824 0.456921
vn 0.216626 0.345775 -0.912969
v 0.145029 0.115209 0.447989
vn 0.0902333 0.827172 -0.554657
v 0.108771 0.135824 0.456921
vn -0.216787 -0.345614 0.912992
v 0.0362605 0.133926 0.446073
vn -0.693133 -0.42805 0.579948
v 0.0822136 0.120222 0.447476
vn -0.364346 -0.738494 0.567344
v 0.0822136 0.120222 0.447476
vn 0.364346 0.738494 -0.567344
v 0.0362605 0.133926 0.446073
vn 0.693133 0.42805 -0.579948
v 0.108771 0.135824 0.456921
vn 0.216787 0.345614 -0.912992
v 0.0194186 0.128438 0.431553
vn -0.799674 -0.566731 0.198336
v 0.0194186 0.128438 0.431553
vn 0.799674 0.566731 -0.198336
v 0.0194186 0.152646 0.444159
vn -0.829842 -0.0523191 0.555541
v 0.0194186 0.128438 0.431553
vn -0.799088 -0.567089 0.199671
v 0.0362605 0.133926 0.446073
vn -0.693506 -0.427974 0.579558
v 0.0362605 0.133926 0.446073
vn 0.693506 0.427974 -0.579558
v 0.0194186 0.128438 0.431553
vn 0.799088 0.567089 -0.199671
v 0.0194186 0.152646 0.444159
vn 0.829842 0.0523191 -0.555541
v 2.54517e-06 0.150055 0.429341
vn -0.976915 -0.141 0.160486
v 2.54517e-06 0.150055 0.429341
vn 0.976915 0.141 -0.160486
v 2.54517e-06 0.236514 0.420495
vn -0.972258 0.196292 0.127218
v 2.54517e-06 0.236514 0.420495
vn 0.972258 -0.196292 -0.127218
v 0.145029 0.24864 0.238264
vn -0.0663577 0.979132 -0.192085
v 1.59523 0.279743 0.416074
vn 0.0654862 0.997029 -0.040564
v 1.59523 0.24864 0.238264
vn 0.077974 0.976717 -0.199859
v 1.59523 0.24864 0.238264
vn -0.077974 -0.976717 0.199859
v 1.59523 0.279743 0.416074
vn -0.0654862 -0.997029 0.040564
v 0.145029 0.24864 0.238264
vn 0.0663577 -0.979132 0.192085
v 1.59523 0.24864 0.238264
vn 0.0989252 0.971894 -0.213626
v 1.66774 0.273953 0.416666
vn 0.394059 0.918837 0.0213639
v 1.66774 0.242849 0.238858
vn 0.402622 0.890112 -0.213533
v 1.66774 0.242849 0.238858
vn -0.402622 -0.890112 0.213533
v 1.66774 0.273953 0.416666
vn -0.394059 -0.918837 -0.0213639
v 1.59523 0.24864 0.238264
vn -0.0989252 -0.971894 0.213626
v 0.0725182 0.242849 0.238858
vn -0.399788 0.891532 -0.212932
v 0.145029 0.279743 0.416074
vn -0.0974986 0.995218 0.00600164
v 0.145029 0.24864 0.238264
vn -0.0987669 0.971754 -0.214336
v 0.145029 0.24864 0.238264
vn 0.0987669 -0.971754 0.214336
v 0.145029 0.279743 0.416074
vn 0.0974986 -0.995218 -0.00600164
v 0.0725182 0.242849 0.238858
vn 0.399788 -0.891532 0.212932
v 0.0194186 0.25813 0.418285
vn -0.788066 0.611186 0.0735085
v 0.0194186 0.25813 0.418285
vn 0.788066 -0.611186 -0.0735085
v 0.0725182 0.273953 0.416666
vn -0.3968 0.917614 0.0231284
v 0.0725182 0.273953 0.416666
vn 0.3968 -0.917614 -0.0231284
v 1.704 0.133926 0.446073
vn 0.693133 -0.42805 0.579948
v 1.6315 0.135824 0.456921
vn 0.216787 -0.345615 0.912992
v 1.65803 0.120222 0.447476
vn 0.364346 -0.738494 0.567344
v 1.65803 0.120222 0.447476
vn -0.364346 0.738494 -0.567344
v 1.6315 0.135824 0.456921
vn -0.216787 0.345615 -0.912992
v 1.704 0.133926 0.446073
vn -0.693133 0.42805 -0.579948
v 1.66774 0.154543 0.455006
vn 0.450938 0.0728492 0.889578
v 1.704 0.133926 0.446073
vn 0.693287 -0.427783 0.579961
v 1.72083 0.152646 0.444159
vn 0.829627 -0.0520087 0.555891
v 1.72083 0.152646 0.444159
vn -0.829627 0.0520087 -0.555891
v 1.704 0.133926 0.446073
vn -0.693287 0.427783 -0.579961
v 1.66774 0.154543 0.455006
vn -0.450938 -0.0728492 -0.889578
v 1.66774 0.241005 0.44616
vn 0.445285 0.229693 0.865426
v 1.72083 0.152646 0.444159
vn 0.827613 -0.0508234 0.558994
v 1.72083 0.239106 0.435313
vn 0.820197 0.235842 0.521206
v 1.72083 0.239106 0.435313
vn -0.820197 -0.235842 -0.521206
v 1.72083 0.152646 0.444159
vn -0.827613 0.0508234 -0.558994
v 1.66774 0.241005 0.44616
vn -0.445285 -0.229693 -0.865426
v 1.65803 0.251811 0.445054
vn 0.372965 0.429858 0.822264
v 1.72083 0.239106 0.435313
vn 0.821073 0.236248 0.51964
v 1.704 0.257825 0.433398
vn 0.670546 0.586744 0.453982
v 1.704 0.257825 0.433398
vn -0.670546 -0.586744 -0.453982
v 1.72083 0.239106 0.435313
vn -0.821073 -0.236248 -0.51964
v 1.65803 0.251811 0.445054
vn -0.372965 -0.429858 -0.822264
v 1.65803 0.271528 0.431997
vn 0.346953 0.860408 0.373259
v 1.65803 0.271528 0.431997
vn -0.346953 -0.860408 -0.373259
v 1.59523 0.132927 0.457217
vn 0.0561382 -0.414718 0.908217
v 1.65803 0.120222 0.447476
vn 0.364272 -0.738661 0.567173
v 1.6315 0.135824 0.456921
vn 0.216683 -0.345684 0.91299
v 1.6315 0.135824 0.456921
vn -0.216683 0.345684 -0.91299
v 1.65803 0.120222 0.447476
vn -0.364272 0.738661 -0.567173
v 1.59523 0.132927 0.457217
vn -0.0561382 0.414718 -0.908217
v 1.59523 0.132927 0.457217
vn 0.0548108 -0.417769 0.906898
v 1.59523 0.132927 0.457217
vn -0.0548108 0.417769 -0.906898
v 0.108771 0.135824 0.456921
vn -0.216683 -0.345684 0.91299
v 0.145029 0.115209 0.447989
vn -0.0902336 -0.82727 0.554512
v 0.145029 0.132927 0.457217
vn -0.0561383 -0.414718 0.908217
v 0.145029 0.132927 0.457217
vn 0.0561383 0.414718 -0.908217
v 0.145029 0.115209 0.447989
vn 0.0902336 0.82727 -0.554512
v 0.108771 0.135824 0.456921
vn 0.216683 0.345684 -0.91299
v 0.0362605 0.133926 0.446073
vn -0.693275 -0.428035 0.579789
v 0.108771 0.135824 0.456921
vn -0.216776 -0.345592 0.913003
v 0.0822136 0.143737 0.456111
vn -0.387203 -0.142205 0.910962
v 0.0822136 0.143737 0.456111
vn 0.387203 0.142205 -0.910962
v 0.108771 0.135824 0.456921
vn 0.216776 0.345592 -0.913003
v 0.0362605 0.133926 0.446073
vn 0.693275 0.428035 -0.579789
v 2.54517e-06 0.150055 0.429341
vn -0.975714 -0.144529 0.164601
v 2.54517e-06 0.150055 0.429341
vn 0.975714 0.144529 -0.164601
v 0.0362605 0.133926 0.446073
vn -0.693287 -0.427783 0.579961
v 0.0725182 0.154543 0.455006
vn -0.450938 0.0728491 0.889578
v 0.0194186 0.152646 0.444159
vn -0.829627 -0.0520088 0.555891
v 0.0194186 0.152646 0.444159
vn 0.829627 0.0520088 -0.555891
v 0.0725182 0.154543 0.455006
vn 0.450938 -0.0728491 -0.889578
v 0.0362605 0.133926 0.446073
vn 0.693287 0.427783 -0.579961
v 2.54517e-06 0.150055 0.429341
vn -0.975595 -0.143517 0.166182
v 0.0194186 0.239106 0.435313
vn -0.821378 0.235441 0.519524
v 2.54517e-06 0.236514 0.420495
vn -0.972419 0.193939 0.12957
v 2.54517e-06 0.236514 0.420495
vn 0.972419 -0.193939 -0.12957
v 0.0194186 0.239106 0.435313
vn 0.821378 -0.235441 -0.519524
v 2.54517e-06 0.150055 0.429341
vn 0.975595 0.143517 -0.166182
v 2.54517e-06 0.236514 0.420495
vn -0.972383 0.19456 0.128914
v 0.0362605 0.257825 0.433398
vn -0.670794 0.58679 0.453556
v 0.0194186 0.25813 0.418285
vn -0.790759 0.607426 0.0757261
v 0.0194186 0.25813 0.418285
vn 0.790759 -0.607426 -0.0757261
v 0.0362605 0.257825 0.433398
vn 0.670794 -0.58679 -0.453556
v 2.54517e-06 0.236514 0.420495
vn 0.972383 -0.19456 -0.128914
v 0.145029 0.279743 0.416074
vn -0.0769032 0.996801 -0.021749
v 0.145029 0.279743 0.416074
vn 0.0769032 -0.996801 0.021749
v 1.59523 0.279743 0.416074
vn 0.0973155 0.995224 0.00761455
v 1.59523 0.279743 0.416074
vn -0.0973155 -0.995224 -0.00761455
v 0.0362605 0.257825 0.433398
vn -0.670377 0.587461 0.453305
v 0.0725182 0.273953 0.416666
vn -0.4 0.916159 0.0255477
v 0.0194186 0.25813 0.418285
vn -0.790478 0.607802 0.0756433
v 0.0194186 0.25813 0.418285
vn 0.790478 -0.607802 -0.0756433
v 0.0725182 0.273953 0.416666
vn 0.4 -0.916159 -0.0255477
v 0.0362605 0.257825 0.433398
vn 0.670377 -0.587461 -0.453305
v 0.0822136 0.271528 0.431997
vn -0.346498 0.860702 0.373004
v 0.145029 0.279743 0.416074
vn -0.096956 0.99524 0.00979907
v 0.0725182 0.273953 0.416666
vn -0.399713 0.91629 0.0253503
v 0.0725182 0.273953 0.416666
vn 0.399713 -0.91629 -0.0253503
v 0.145029 0.279743 0.416074
vn 0.096956 -0.99524 -0.00979907
v 0.0822136 0.271528 0.431997
vn 0.346498 -0.860702 -0.373004
v 1.6315 0.135824 0.456921
vn 0.216776 -0.345591 0.913003
v 1.704 0.133926 0.446073
vn 0.693275 -0.428035 0.579789
v 1.65803 0.143737 0.456111
vn 0.387203 -0.142205 0.910962
v 1.65803 0.143737 0.456111
vn -0.387203 0.142205 -0.910962
v 1.704 0.133926 0.446073
vn -0.693275 0.428035 -0.579789
v 1.6315 0.135824 0.456921
vn -0.216776 0.345591 -0.913003
v 1.704 0.133926 0.446073
vn 0.693364 -0.427881 0.579797
v 1.66774 0.154543 0.455006
vn 0.450965 0.0729091 0.889559
v 1.65803 0.143737 0.456111
vn 0.387264 -0.142031 0.910963
v 1.65803 0.143737 0.456111
vn -0.387264 0.142031 -0.910963
v 1.66774 0.154543 0.455006
vn -0.450965 -0.0729091 -0.889559
v 1.704 0.133926 0.446073
vn -0.693364 0.427881 -0.579797
v 1.66774 0.154543 0.455006
vn 0.450721 0.0731631 0.889662
v 1.66774 0.154543 0.455006
vn -0.450721 -0.0731631 -0.889662
v 1.72083 0.239106 0.435313
vn 0.821189 0.236202 0.519478
v 1.65803 0.251811 0.445054
vn 0.372965 0.429898 0.822243
v 1.66774 0.241005 0.44616
vn 0.445877 0.23056 0.864891
v 1.66774 0.241005 0.44616
vn -0.445877 -0.23056 -0.864891
v 1.65803 0.251811 0.445054
vn -0.372965 -0.429898 -0.822243
v 1.72083 0.239106 0.435313
vn -0.821189 -0.236202 -0.519478
v 1.704 0.257825 0.433398
vn 0.670525 0.586949 0.453748
v 1.6315 0.259724 0.444244
vn 0.203997 0.606753 0.768268
v 1.65803 0.251811 0.445054
vn 0.372901 0.430061 0.822187
v 1.65803 0.251811 0.445054
vn -0.372901 -0.430061 -0.822187
v 1.6315 0.259724 0.444244
vn -0.203997 -0.606753 -0.768268
v 1.704 0.257825 0.433398
vn -0.670525 -0.586949 -0.453748
v 1.59523 0.279743 0.416074
vn 0.096956 0.99524 0.00979912
v 1.65803 0.271528 0.431997
vn 0.346498 0.860702 0.373004
v 1.66774 0.273953 0.416666
vn 0.399713 0.91629 0.0253504
v 1.66774 0.273953 0.416666
vn -0.399713 -0.91629 -0.0253504
v 1.65803 0.271528 0.431997
vn -0.346498 -0.860702 -0.373004
v 1.59523 0.279743 0.416074
vn -0.096956 -0.99524 -0.00979912
v 1.6315 0.259724 0.444244
vn 0.204015 0.606756 0.768261
v 1.704 0.257825 0.433398
vn 0.670391 0.586992 0.453891
v 1.65803 0.271528 0.431997
vn 0.346844 0.860236 0.373756
v 1.65803 0.271528 0.431997
vn -0.346844 -0.860236 -0.373756
v 1.704 0.257825 0.433398
vn -0.670391 -0.586992 -0.453891
v 1.6315 0.259724 0.444244
vn -0.204015 -0.606756 -0.768261
v 1.59523 0.132927 0.457217
vn 0.0561062 -0.414449 0.908341
v 1.6315 0.135824 0.456921
vn 0.216646 -0.345412 0.913102
v 1.59523 0.155238 0.458976
vn 0.113761 0.0180271 0.993345
v 1.59523 0.155238 0.458976
vn -0.113761 -0.0180271 -0.993345
v 1.6315 0.135824 0.456921
vn -0.216646 0.345412 -0.913102
v 1.59523 0.132927 0.457217
vn -0.0561062 0.414449 -0.908341
v 1.59523 0.155238 0.458976
vn 0.108626 0.0128935 0.993999
v 0.145029 0.132927 0.457217
vn -0.0536665 -0.400888 0.914554
v 1.59523 0.132927 0.457217
vn 0.054789 -0.407232 0.91168
v 1.59523 0.132927 0.457217
vn -0.054789 0.407232 -0.91168
v 0.145029 0.132927 0.457217
vn 0.0536665 0.400888 -0.914554
v 1.59523 0.155238 0.458976
vn -0.108626 -0.0128935 -0.993999
v 0.145029 0.132927 0.457217
vn -0.0561062 -0.414449 0.908341
v 0.145029 0.155238 0.458976
vn -0.113761 0.0180271 0.993345
v 0.108771 0.135824 0.456921
vn -0.216646 -0.345412 0.913102
v 0.108771 0.135824 0.456921
vn 0.216646 0.345412 -0.913102
v 0.145029 0.155238 0.458976
vn 0.113761 -0.0180271 -0.993345
v 0.145029 0.132927 0.457217
vn 0.0561062 0.414449 -0.908341
v 0.108771 0.135824 0.456921
vn -0.21668 -0.345378 0.913106
v 0.145029 0.155238 0.458976
vn -0.113793 0.0180648 0.99334
v 0.0822136 0.143737 0.456111
vn -0.387091 -0.141995 0.911042
v 0.0822136 0.143737 0.456111
vn 0.387091 0.141995 -0.911042
v 0.145029 0.155238 0.458976
vn 0.113793 -0.0180648 -0.99334
v 0.108771 0.135824 0.456921
vn 0.21668 0.345378 -0.913106
v 0.0725182 0.154543 0.455006
vn -0.450965 0.0729093 0.889559
v 0.0362605 0.133926 0.446073
vn -0.693364 -0.427881 0.579796
v 0.0822136 0.143737 0.456111
vn -0.387264 -0.14203 0.910963
v 0.0822136 0.143737 0.456111
vn 0.387264 0.14203 -0.910963
v 0.0362605 0.133926 0.446073
vn 0.693364 0.427881 -0.579796
v 0.0725182 0.154543 0.455006
vn 0.450965 -0.0729093 -0.889559
v 0.0194186 0.152646 0.444159
vn -0.829932 -0.0516741 0.555466
v 0.0194186 0.152646 0.444159
vn 0.829932 0.0516741 -0.555466
v 0.0725182 0.241005 0.44616
vn -0.445285 0.229693 0.865426
v 0.0194186 0.152646 0.444159
vn -0.827612 -0.0508231 0.558995
v 0.0725182 0.154543 0.455006
vn -0.45072 0.0731631 0.889662
v 0.0725182 0.154543 0.455006
vn 0.45072 -0.0731631 -0.889662
v 0.0194186 0.152646 0.444159
vn 0.827612 0.0508231 -0.558995
v 0.0725182 0.241005 0.44616
vn 0.445285 -0.229693 -0.865426
v 0.0194186 0.239106 0.435313
vn -0.821327 0.236289 0.519219
v 0.0194186 0.239106 0.435313
vn 0.821327 -0.236289 -0.519219
v 0.145029 0.279743 0.416074
vn -0.0931753 0.995525 0.0157666
v 1.59523 0.276546 0.431483
vn 0.0822793 0.937999 0.336731
v 1.59523 0.279743 0.416074
vn 0.0948423 0.995409 0.0128856
v 1.59523 0.279743 0.416074
vn -0.0948423 -0.995409 -0.0128856
v 1.59523 0.276546 0.431483
vn -0.0822793 -0.937999 -0.336731
v 0.145029 0.279743 0.416074
vn 0.0931753 -0.995525 -0.0157666
v 0.0822136 0.271528 0.431997
vn -0.346953 0.860408 0.373258
v 0.0822136 0.271528 0.431997
vn 0.346953 -0.860408 -0.373258
v 0.145029 0.276546 0.431483
vn -0.0856106 0.935374 0.343143
v 0.145029 0.276546 0.431483
vn 0.0856106 -0.935374 -0.343143
v 1.6315 0.135824 0.456921
vn 0.216681 -0.345379 0.913106
v 1.65803 0.143737 0.456111
vn 0.387091 -0.141995 0.911042
v 1.59523 0.155238 0.458976
vn 0.113793 0.0180649 0.99334
v 1.59523 0.155238 0.458976
vn -0.113793 -0.0180649 -0.99334
v 1.65803 0.143737 0.456111
vn -0.387091 0.141995 -0.911042
v 1.6315 0.135824 0.456921
vn -0.216681 0.345379 -0.913106
v 1.65803 0.143737 0.456111
vn 0.387113 -0.141932 0.911043
v 1.66774 0.154543 0.455006
vn 0.450805 0.0729887 0.889633
v 1.59523 0.155238 0.458976
vn 0.113812 0.0181303 0.993337
v 1.59523 0.155238 0.458976
vn -0.113812 -0.0181303 -0.993337
v 1.66774 0.154543 0.455006
vn -0.450805 -0.0729887 -0.889633
v 1.65803 0.143737 0.456111
vn -0.387113 0.141932 -0.911043
v 1.59523 0.241699 0.450129
vn 0.112044 0.31174 0.943538
v 1.66774 0.154543 0.455006
vn 0.448013 0.0734963 0.891001
v 1.66774 0.241005 0.44616
vn 0.444382 0.230067 0.865791
v 1.66774 0.241005 0.44616
vn -0.444382 -0.230067 -0.865791
v 1.66774 0.154543 0.455006
vn -0.448013 -0.0734963 -0.891001
v 1.59523 0.241699 0.450129
vn -0.112044 -0.31174 -0.943538
v 1.59523 0.241699 0.450129
vn 0.112128 0.313391 0.942981
v 1.66774 0.241005 0.44616
vn 0.44572 0.230495 0.864989
v 1.65803 0.251811 0.445054
vn 0.372817 0.429819 0.822352
v 1.65803 0.251811 0.445054
vn -0.372817 -0.429819 -0.822352
v 1.66774 0.241005 0.44616
vn -0.44572 -0.230495 -0.864989
v 1.59523 0.241699 0.450129
vn -0.112128 -0.313391 -0.942981
v 1.59523 0.241699 0.450129
vn 0.112108 0.313453 0.942963
v 1.65803 0.251811 0.445054
vn 0.372794 0.429879 0.822331
v 1.6315 0.259724 0.444244
vn 0.203905 0.606575 0.768433
v 1.6315 0.259724 0.444244
vn -0.203905 -0.606575 -0.768433
v 1.65803 0.251811 0.445054
vn -0.372794 -0.429879 -0.822331
v 1.59523 0.241699 0.450129
vn -0.112108 -0.313453 -0.942963
v 1.59523 0.276546 0.431483
vn 0.0856107 0.935374 0.343143
v 1.59523 0.276546 0.431483
vn -0.0856107 -0.935374 -0.343143
v 1.59523 0.276546 0.431483
vn 0.0855782 0.935183 0.34367
v 1.6315 0.259724 0.444244
vn 0.203854 0.606899 0.768191
v 1.65803 0.271528 0.431997
vn 0.346662 0.860335 0.373697
v 1.65803 0.271528 0.431997
vn -0.346662 -0.860335 -0.373697
v 1.6315 0.259724 0.444244
vn -0.203854 -0.606899 -0.768191
v 1.59523 0.276546 0.431483
vn -0.0855782 -0.935183 -0.34367
v 0.145029 0.155238 0.458976
vn -0.110996 0.015213 0.993704
v 0.145029 0.155238 0.458976
vn 0.110996 -0.015213 -0.993704
v 0.0822136 0.143737 0.456111
vn -0.387113 -0.141932 0.911043
v 0.145029 0.155238 0.458976
vn -0.113812 0.0181303 0.993337
v 0.0725182 0.154543 0.455006
vn -0.450805 0.0729888 0.889633
v 0.0725182 0.154543 0.455006
vn 0.450805 -0.0729888 -0.889633
v 0.145029 0.155238 0.458976
vn 0.113812 -0.0181303 -0.993337
v 0.0822136 0.143737 0.456111
vn 0.387113 0.141932 -0.911043
v 0.0194186 0.239106 0.435313
vn -0.820197 0.235842 0.521206
v 0.0194186 0.239106 0.435313
vn 0.820197 -0.235842 -0.521206
v 0.0725182 0.154543 0.455006
vn -0.448013 0.0734963 0.891001
v 0.145029 0.241699 0.450129
vn -0.112044 0.31174 0.943538
v 0.0725182 0.241005 0.44616
vn -0.444382 0.230067 0.865791
v 0.0725182 0.241005 0.44616
vn 0.444382 -0.230067 -0.865791
v 0.145029 0.241699 0.450129
vn 0.112044 -0.31174 -0.943538
v 0.0725182 0.154543 0.455006
vn 0.448013 -0.0734963 -0.891001
v 0.0194186 0.239106 0.435313
vn -0.821073 0.236248 0.51964
v 0.0822136 0.251811 0.445054
vn -0.372966 0.429859 0.822264
v 0.0362605 0.257825 0.433398
vn -0.670547 0.586744 0.453981
v 0.0362605 0.257825 0.433398
vn 0.670547 -0.586744 -0.453981
v 0.0822136 0.251811 0.445054
vn 0.372966 -0.429859 -0.822264
v 0.0194186 0.239106 0.435313
vn 0.821073 -0.236248 -0.51964
v 0.145029 0.276546 0.431483
vn -0.0837501 0.936839 0.339587
v 0.145029 0.276546 0.431483
vn 0.0837501 -0.936839 -0.339587
v 0.0362605 0.257825 0.433398
vn -0.670391 0.586992 0.453891
v 0.108771 0.259724 0.444244
vn -0.204015 0.606756 0.768261
v 0.0822136 0.271528 0.431997
vn -0.346844 0.860236 0.373756
v 0.0822136 0.271528 0.431997
vn 0.346844 -0.860236 -0.373756
v 0.108771 0.259724 0.444244
vn 0.204015 -0.606756 -0.768261
v 0.0362605 0.257825 0.433398
vn 0.670391 -0.586992 -0.453891
v 0.108771 0.259724 0.444244
vn -0.203853 0.606899 0.768191
v 0.145029 0.276546 0.431483
vn -0.0855781 0.935183 0.34367
v 0.0822136 0.271528 0.431997
vn -0.346662 0.860335 0.373697
v 0.0822136 0.271528 0.431997
vn 0.346662 -0.860335 -0.373697
v 0.145029 0.276546 0.431483
vn 0.0855781 -0.935183 -0.34367
v 0.108771 0.259724 0.444244
vn 0.203853 -0.606899 -0.768191
v 1.59523 0.155238 0.458976
vn 0.113792 0.0186357 0.99333
v 1.59523 0.155238 0.458976
vn -0.113792 -0.0186357 -0.99333
v 1.59523 0.241699 0.450129
vn 0.112076 0.31349 0.942954
v 1.6315 0.259724 0.444244
vn 0.203871 0.606605 0.768419
v 1.59523 0.262619 0.443948
vn 0.0523442 0.663572 0.746279
v 1.59523 0.262619 0.443948
vn -0.0523442 -0.663572 -0.746279
v 1.6315 0.259724 0.444244
vn -0.203871 -0.606605 -0.768419
v 1.59523 0.241699 0.450129
vn -0.112076 -0.31349 -0.942954
v 1.6315 0.259724 0.444244
vn 0.203905 0.606835 0.768228
v 1.59523 0.276546 0.431483
vn 0.0855763 0.935239 0.343518
v 1.59523 0.262619 0.443948
vn 0.0523758 0.663794 0.746079
v 1.59523 0.262619 0.443948
vn -0.0523758 -0.663794 -0.746079
v 1.59523 0.276546 0.431483
vn -0.0855763 -0.935239 -0.343518
v 1.6315 0.259724 0.444244
vn -0.203905 -0.606835 -0.768228
v 1.59523 0.241699 0.450129
vn 0.094587 0.284063 0.954129
v 0.145029 0.155238 0.458976
vn -0.0958316 0.0348395 0.994788
v 1.59523 0.155238 0.458976
vn 0.103497 0.0279844 0.994236
v 1.59523 0.155238 0.458976
vn -0.103497 -0.0279844 -0.994236
v 0.145029 0.155238 0.458976
vn 0.0958316 -0.0348395 -0.994788
v 1.59523 0.241699 0.450129
vn -0.094587 -0.284063 -0.954129
v 0.145029 0.155238 0.458976
vn -0.113792 0.0186357 0.99333
v 0.145029 0.155238 0.458976
vn 0.113792 -0.0186357 -0.99333
v 0.0822136 0.251811 0.445054
vn -0.372965 0.429897 0.822244
v 0.0194186 0.239106 0.435313
vn -0.821189 0.236202 0.519478
v 0.0725182 0.241005 0.44616
vn -0.445877 0.23056 0.864891
v 0.0725182 0.241005 0.44616
vn 0.445877 -0.23056 -0.864891
v 0.0194186 0.239106 0.435313
vn 0.821189 -0.236202 -0.519478
v 0.0822136 0.251811 0.445054
vn 0.372965 -0.429897 -0.822244
v 0.145029 0.241699 0.450129
vn -0.112128 0.313391 0.942981
v 0.0822136 0.251811 0.445054
vn -0.372817 0.429819 0.822352
v 0.0725182 0.241005 0.44616
vn -0.44572 0.230495 0.864989
v 0.0725182 0.241005 0.44616
vn 0.44572 -0.230495 -0.864989
v 0.0822136 0.251811 0.445054
vn 0.372817 -0.429819 -0.822352
v 0.145029 0.241699 0.450129
vn 0.112128 -0.313391 -0.942981
v 0.108771 0.259724 0.444244
vn -0.203997 0.606753 0.768268
v 0.0362605 0.257825 0.433398
vn -0.670525 0.586949 0.453748
v 0.0822136 0.251811 0.445054
vn -0.372901 0.430061 0.822187
v 0.0822136 0.251811 0.445054
vn 0.372901 -0.430061 -0.822187
v 0.0362605 0.257825 0.433398
vn 0.670525 -0.586949 -0.453748
v 0.108771 0.259724 0.444244
vn 0.203997 -0.606753 -0.768268
v 0.145029 0.276546 0.431483
vn -0.0822107 0.929825 0.358701
v 1.59523 0.262619 0.443948
vn 0.0501481 0.666918 0.743442
v 1.59523 0.276546 0.431483
vn 0.0837223 0.932427 0.351526
v 1.59523 0.276546 0.431483
vn -0.0837223 -0.932427 -0.351526
v 1.59523 0.262619 0.443948
vn -0.0501481 -0.666918 -0.743442
v 0.145029 0.276546 0.431483
vn 0.0822107 -0.929825 -0.358701
v 0.145029 0.276546 0.431483
vn -0.0855763 0.935239 0.343518
v 0.108771 0.259724 0.444244
vn -0.203905 0.606835 0.768228
v 0.145029 0.262619 0.443948
vn -0.0523758 0.663794 0.746079
v 0.145029 0.262619 0.443948
vn 0.0523758 -0.663794 -0.746079
v 0.108771 0.259724 0.444244
vn 0.203905 -0.606835 -0.768228
v 0.145029 0.276546 0.431483
vn 0.0855763 -0.935239 -0.343518
v 1.59523 0.262619 0.443948
vn 0.0501238 0.650882 0.757522
v 0.145029 0.241699 0.450129
vn -0.107029 0.314616 0.943166
v 1.59523 0.241699 0.450129
vn 0.109351 0.314277 0.943012
v 1.59523 0.241699 0.450129
vn -0.109351 -0.314277 -0.943012
v 0.145029 0.241699 0.450129
vn 0.107029 -0.314616 -0.943166
v 1.59523 0.262619 0.443948
vn -0.0501238 -0.650882 -0.757522
v 0.145029 0.241699 0.450129
vn -0.102074 0.296896 0.949439
v 0.145029 0.241699 0.450129
vn 0.102074 -0.296896 -0.949439
v 0.145029 0.241699 0.450129
vn -0.112108 0.313453 0.942963
v 0.108771 0.259724 0.444244
vn -0.203905 0.606575 0.768434
v 0.0822136 0.251811 0.445054
vn -0.372794 0.429879 0.822331
v 0.0822136 0.251811 0.445054
vn 0.372794 -0.429879 -0.822331
v 0.108771 0.259724 0.444244
vn 0.203905 -0.606575 -0.768434
v 0.145029 0.241699 0.450129
vn 0.112108 -0.313453 -0.942963
v 0.145029 0.262619 0.443948
vn -0.0511446 0.665698 0.744467
v 0.145029 0.262619 0.443948
vn 0.0511446 -0.665698 -0.744467
v 0.145029 0.241699 0.450129
vn -0.112076 0.31349 0.942954
v 0.145029 0.262619 0.443948
vn -0.0523442 0.663572 0.746279
v 0.108771 0.259724 0.444244
vn -0.203871 0.606605 0.768419
v 0.108771 0.259724 0.444244
vn 0.203871 -0.606605 -0.768419
v 0.145029 0.262619 0.443948
vn 0.0523442 -0.663572 -0.746279
v 0.145029 0.241699 0.450129
vn 0.112076 -0.31349 -0.942954
v 0.145029 0.262619 0.443948
vn -0.0511401 0.656905 0.752237
v 0.145029 0.262619 0.443948
vn 0.0511401 -0.656905 -0.752237
vt -22 8.5
vt -19.5 8
vt -19.5 8.5
vt -19.5 8
vt -22 8.5
vt -21.5 8
vt -21.5 8
vt -22 8.5
vt -21.5 0.5
vt -22 -0
vt -21.5 0.5
vt -22 8.5
vt -19 8
vt -19.5 8.5
vt -19.5 8
vt -19.5 8.5
vt -19 8
vt -19 8.5
vt -3 8
vt -19 8.5
vt -19 8
vt -19 8.5
vt -3 8
vt -3 8.5
vt -2.5 8
vt -3 8.5
vt -3 8
vt -3 8.5
vt -2.5 8
vt -2.5 8.5
vt -0.5 8
vt -2.5 8.5
vt -2.5 8
vt -0.5 8
vt -0 8.5
vt -2.5 8.5
vt -0 8.5
vt -0.5 8
vt 0 0
vt -0.5 0.5
vt 0 0
vt -0.5 8
vt 0 0
vt -0.5 0.5
vt -2.5 0
vt -2.5 0
vt -0.5 0.5
vt -2.5 0.5
vt -2.5 0
vt -3 0.5
vt -3 0
vt -3 0.5
vt -2.5 0
vt -2.5 0.5
vt -19 0.5
vt -3 0
vt -3 0.5
vt -3 0
vt -19 0.5
vt -19 0
vt -19.5 0.5
vt -19 0
vt -19 0.5
vt -19 0
vt -19.5 0.5
vt -19.5 0
vt -21.5 0.5
vt -19.5 0
vt -19.5 0.5
vt -19.5 0
vt -21.5 0.5
vt -22 -0
vt -19.5 8.5
vt -19.5 8
vt -22 8.5
vt -19.5 8
vt -19.5 8.5
vt -19 8
vt -19 8.5
vt -19 8
vt -19.5 8.5
vt -21.5 8
vt -22 8.5
vt -19.5 8
vt -21.5 0.5
vt -22 8.5
vt -21.5 8
vt -22 8.5
vt -21.5 0.5
vt -22 -0
vt -22 -0
vt -21.5 0.5
vt -19.5 0
vt -19.5 0.5
vt -19.5 0
vt -21.5 0.5
vt -19.5 0
vt -19.5 0.5
vt -19 0
vt -19 0.5
vt -19 0
vt -19.5 0.5
vt -19 0
vt -19 0.5
vt -3 0
vt -3 0.5
vt -3 0
vt -19 0.5
vt -3 0
vt -3 0.5
vt -2.5 0
vt -2.5 0.5
vt -2.5 0
vt -3 0.5
vt -2.5 0
vt -0.5 0.5
vt 0 0
vt -2.5 0.5
vt -0.5 0.5
vt -2.5 0
vt -0.5 8
vt 0 0
vt -0.5 0.5
vt 0 0
vt -0.5 8
vt -0 8.5
vt -2.5 8
vt -2.5 8.5
vt -0.5 8
vt -2.5 8.5
vt -0 8.5
vt -0.5 8
vt -3 8
vt -3 8.5
vt -2.5 8
vt -2.5 8.5
vt -2.5 8
vt -3 8.5
vt -19 8
vt -19 8.5
vt -3 8
vt -3 8.5
vt -3 8
vt -19 8.5
vt 8 2
vt 8.5 0
vt 8.5 2
vt 8 2
vt 8 0
vt 8.5 0
vt 8 0
vt 8 2
vt 8 0.5
vt 0.5 0.5
vt 8 0
vt 8 0.5
vt 8 0
vt 0.5 0.5
vt 0.5 0
vt 0.5 2
vt 0.5 0
vt 0.5 0.5
vt 0 2
vt 0.5 0
vt 0.5 2
vt 0.5 0
vt 0 2
vt 0 0
vt 8.5 2
vt 8.5 0
vt 8 2
vt 8.5 0
vt 8 0
vt 8 2
vt 8 0.5
vt 8 2
vt 8 0
vt 8 0.5
vt 8 0
vt 0.5 0.5
vt 0.5 0
vt 0.5 0.5
vt 8 0
vt 0.5 0.5
vt 0.5 0
vt 0.5 2
vt 0.5 2
vt 0.5 0
vt 0 2
vt 0 0
vt 0 2
vt 0.5 0
vt -19.5 2
vt -0 2.2
vt -22 2
vt -19.5 0
vt -19.3 0.5
vt -19.5 2
vt -19 2
vt -0 2.2
vt -19.5 2
vt -19.5 2
vt -19.3 0.5
vt -19 2
vt -22 2
vt -0 2.2
vt -0.5 2.2
vt -22 2
vt -0.5 2.2
vt -22 2.2
vt -0 2.2
vt -0.5 2.3
vt -0.5 2.2
vt -21.5 2.3
vt -0.5 2.2
vt -0.5 2.3
vt -22 2.2
vt -0.5 2.2
vt -21.5 2.2
vt -0.5 2.2
vt -21.5 2.3
vt -21.5 2.2
vt -21.5 2.2
vt -22 2.3
vt -22 2.2
vt -22 2.3
vt -21.5 2.2
vt -21.5 2.3
vt -21.5 2.3
vt -0.5 2.3
vt -0 2.3
vt -21.5 2.3
vt -0 2.3
vt 0 2.5
vt -21.5 2.3
vt -22 2.5
vt -22 2.3
vt -22 2.5
vt -21.5 2.3
vt 0 2.5
vt -0.5 2.3
vt -0 2.2
vt -0 2.3
vt -3 2
vt -0 2.2
vt -19 2
vt -2.5 2
vt -0 2.2
vt -3 2
vt -0 2.2
vt -2.5 2
vt 0 2
vt -3 2
vt -2.8 0.5
vt -2.5 2
vt -3 0
vt -2.8 0.5
vt -3 2
vt -2.7 0.5
vt -2.5 2
vt -2.8 0.5
vt -2.7 0
vt -2.5 2
vt -2.7 0.5
vt -2.5 2
vt -2.7 0
vt -2.5 0
vt -2.8 0.5
vt -3 0
vt -2.8 0
vt -2.8 0
vt -2.7 0.5
vt -2.8 0.5
vt -2.7 0.5
vt -2.8 0
vt -2.7 0
vt -19.2 0.5
vt -19 2
vt -19.3 0.5
vt -19 2
vt -19.2 0
vt -19 0
vt -19.2 0
vt -19 2
vt -19.2 0.5
vt -19.3 0
vt -19.2 0.5
vt -19.3 0.5
vt -19.2 0.5
vt -19.3 0
vt -19.2 0
vt -19.3 0.5
vt -19.5 0
vt -19.3 0
vt -22 2
vt -0 2.2
vt -19.5 2
vt -0.5 2.2
vt -0 2.2
vt -22 2
vt -22 2.2
vt -0.5 2.2
vt -22 2
vt -19.5 2
vt -19.3 0.5
vt -19.5 0
vt -19.5 2
vt -0 2.2
vt -19 2
vt -19 2
vt -19.3 0.5
vt -19.5 2
vt -19.3 0
vt -19.5 0
vt -19.3 0.5
vt -19.3 0.5
vt -19 2
vt -19.2 0.5
vt -19.3 0.5
vt -19.2 0.5
vt -19.3 0
vt -19 2
vt -0 2.2
vt -3 2
vt -19 0
vt -19.2 0
vt -19 2
vt -19.2 0.5
vt -19 2
vt -19.2 0
vt -19.2 0
vt -19.3 0
vt -19.2 0.5
vt -3 2
vt -0 2.2
vt -2.5 2
vt -2.5 2
vt -2.8 0.5
vt -3 2
vt -3 2
vt -2.8 0.5
vt -3 0
vt 0 2
vt -2.5 2
vt -0 2.2
vt -2.8 0.5
vt -2.5 2
vt -2.7 0.5
vt -2.7 0.5
vt -2.5 2
vt -2.7 0
vt -2.5 0
vt -2.7 0
vt -2.5 2
vt -2.8 0
vt -3 0
vt -2.8 0.5
vt -2.8 0.5
vt -2.7 0.5
vt -2.8 0
vt -2.7 0
vt -2.8 0
vt -2.7 0.5
vt -0.5 2.2
vt -0.5 2.3
vt -0 2.2
vt -0 2.3
vt -0 2.2
vt -0.5 2.3
vt -0.5 2.3
vt -0.5 2.2
vt -21.5 2.3
vt -21.5 2.2
vt -0.5 2.2
vt -22 2.2
vt -21.5 2.2
vt -21.5 2.3
vt -0.5 2.2
vt -0 2.3
vt -0.5 2.3
vt -21.5 2.3
vt 0 2.5
vt -0 2.3
vt -21.5 2.3
vt -21.5 2.3
vt -21.5 2.2
vt -22 2.3
vt -22 2.3
vt -22 2.5
vt -21.5 2.3
vt 0 2.5
vt -21.5 2.3
vt -22 2.5
vt -22 2.2
vt -22 2.3
vt -21.5 2.2
vt 21.5 2
vt 19 2
vt 19.5 2
vt 19 2
vt 21.5 2
vt 3 2
vt 0.5 2
vt 21.5 2
vt 21.5 2.5
vt 3 2
vt 21.5 2
vt 2.5 2
vt 2.5 2
vt 21.5 2
vt 0.5 2
vt 19 0.5
vt 19.5 2
vt 19 2
vt 19.5 2
vt 19 0.5
vt 19.5 0.5
vt 19 -0
vt 19.5 0.5
vt 19 0.5
vt 19.5 0.5
vt 19 -0
vt 19.5 -0
vt 0.5 2
vt 21.5 2.5
vt 0.5 2.5
vt 2.5 0.5
vt 3 2
vt 2.5 2
vt 3 2
vt 2.5 0.5
vt 3 0.5
vt 2.5 -0
vt 3 0.5
vt 2.5 0.5
vt 3 0.5
vt 2.5 -0
vt 3 -0
vt 19.5 2
vt 19 2
vt 21.5 2
vt 19 2
vt 19.5 2
vt 19 0.5
vt 19.5 0.5
vt 19 0.5
vt 19.5 2
vt 3 2
vt 21.5 2
vt 19 2
vt 21.5 2.5
vt 21.5 2
vt 0.5 2
vt 2.5 2
vt 21.5 2
vt 3 2
vt 0.5 2
vt 21.5 2
vt 2.5 2
vt 2.5 2
vt 3 2
vt 2.5 0.5
vt 3 0.5
vt 2.5 0.5
vt 3 2
vt 2.5 0.5
vt 3 0.5
vt 2.5 -0
vt 3 -0
vt 2.5 -0
vt 3 0.5
vt 0.5 2.5
vt 21.5 2.5
vt 0.5 2
vt 19 0.5
vt 19.5 0.5
vt 19 -0
vt 19.5 -0
vt 19 -0
vt 19.5 0.5
vt -0.5 2
vt -8 2.5
vt -8 2
vt -8 2.5
vt -0.5 2
vt -0.5 2.5
vt -8 2
vt -8 2.5
vt -0.5 2
vt -0.5 2.5
vt -0.5 2
vt -8 2.5
vt -8 0
vt -8 2
vt -8.5 2
vt -8 2
vt -8 0
vt -8 0.5
vt -8 0
vt -8.5 2
vt -8.5 0
vt -0.5 0
vt -8 0.5
vt -8 0
vt -8 0.5
vt -0.5 0
vt -0.5 0.5
vt -0.5 0
vt -0.5 2
vt -0.5 0.5
vt 0 0
vt -0.5 2
vt -0.5 0
vt -0.5 2
vt 0 0
vt 0 2
vt -8.5 2
vt -8 2
vt -8 0
vt -8.5 0
vt -8.5 2
vt -8 0
vt -8 0.5
vt -8 0
vt -8 2
vt -8 0
vt -8 0.5
vt -0.5 0
vt -0.5 0.5
vt -0.5 0
vt -8 0.5
vt -0.5 0.5
vt -0.5 2
vt -0.5 0
vt -0.5 0
vt -0.5 2
vt 0 0
vt 0 2
vt 0 0
vt -0.5 2
vt -19.5 8
vt -19.3 8.5
vt -19.5 8.5
vt -19.5 8
vt -19.2 8.5
vt -19.3 8.5
vt -19.5 8
vt -19 0.5
vt -19 8
vt -19 8
vt -19.2 8.5
vt -19.5 8
vt -19 0.5
vt -19.5 8
vt -19.5 0.5
vt -19.2 8.5
vt -19 8
vt -19 8.5
vt -19.5 0.5
vt -19 0
vt -19 0.5
vt -19.3 0
vt -19.5 0.5
vt -19.5 0
vt -19 0
vt -19.5 0.5
vt -19.2 0
vt -19.2 0
vt -19.5 0.5
vt -19.3 0
vt -19.5 8.5
vt -19.3 8.5
vt -19.5 8
vt -19.3 8.5
vt -19.2 8.5
vt -19.5 8
vt -19 8
vt -19 0.5
vt -19.5 8
vt -19.5 8
vt -19.2 8.5
vt -19 8
vt -19.5 0.5
vt -19.5 8
vt -19 0.5
vt -19 8.5
vt -19 8
vt -19.2 8.5
vt -19 0.5
vt -19 0
vt -19.5 0.5
vt -19.5 0
vt -19.5 0.5
vt -19.3 0
vt -19.2 0
vt -19.5 0.5
vt -19 0
vt -19.3 0
vt -19.5 0.5
vt -19.2 0
vt 8.5 2
vt -0 2.2
vt 0 2
vt 8.5 2.5
vt 8.5 2
vt 8.5 2.2
vt -0 2.2
vt 8.5 2
vt -0 2.3
vt 0 2.5
vt 8.5 2
vt 8.5 2.5
vt -0 2.3
vt 8.5 2
vt 0 2.5
vt 8.5 2.5
vt 8.5 2.2
vt 8.5 2.3
vt 0 2
vt -0 2.2
vt 8.5 2
vt -0 2.3
vt 8.5 2
vt -0 2.2
vt 8.5 2.2
vt 8.5 2
vt 8.5 2.5
vt 8.5 2.5
vt 8.5 2
vt 0 2.5
vt 0 2.5
vt 8.5 2
vt -0 2.3
vt 8.5 2.3
vt 8.5 2.2
vt 8.5 2.5
vt 19 8
vt 19.5 0.5
vt 19.5 8
vt 19.5 0.5
vt 19 8
vt 19 0.5
vt 19.5 8
vt 19.5 0.5
vt 19 8
vt 19 0.5
vt 19 8
vt 19.5 0.5
vt 22 2.2
vt 19.5 2
vt 22 2
vt 19.5 2
vt 22 2.2
vt 19 2
vt 22 2.3
vt 21.5 2.2
vt 22 2.2
vt 19 2
vt 22 2.2
vt 3 2
vt 0.5 2.2
vt 22 2.2
vt 21.5 2.2
vt 3 2
vt 22 2.2
vt 2.5 2
vt 0 2
vt 22 2.2
vt 0.5 2.2
vt 2.5 2
vt 22 2.2
vt 0 2
vt 22 2.5
vt 21.5 2.3
vt 22 2.3
vt 21.5 2.2
vt 22 2.3
vt 21.5 2.3
vt 21.5 2.3
vt 0.5 2.2
vt 21.5 2.2
vt 0.5 2.2
vt 21.5 2.3
vt 0.5 2.3
vt 0 2
vt 0.5 2.2
vt -0 2.2
vt 0.5 2.3
vt -0 2.2
vt 0.5 2.2
vt 0 2.5
vt 21.5 2.3
vt 22 2.5
vt -0 2.3
vt 21.5 2.3
vt 0 2.5
vt 0.5 2.3
vt 21.5 2.3
vt -0 2.3
vt -0 2.2
vt 0.5 2.3
vt -0 2.3
vt 22 2
vt 19.5 2
vt 22 2.2
vt 19 2
vt 22 2.2
vt 19.5 2
vt 3 2
vt 22 2.2
vt 19 2
vt 2.5 2
vt 22 2.2
vt 3 2
vt 22 2.2
vt 21.5 2.2
vt 22 2.3
vt 21.5 2.2
vt 22 2.2
vt 0.5 2.2
vt 0.5 2.2
vt 22 2.2
vt 0 2
vt 0 2
vt 22 2.2
vt 2.5 2
vt 21.5 2.3
vt 22 2.3
vt 21.5 2.2
vt 21.5 2.2
vt 0.5 2.2
vt 21.5 2.3
vt 22 2.3
vt 21.5 2.3
vt 22 2.5
vt 22 2.5
vt 21.5 2.3
vt 0 2.5
vt 0 2.5
vt 21.5 2.3
vt -0 2.3
vt 0.5 2.3
vt 21.5 2.3
vt 0.5 2.2
vt -0 2.3
vt 21.5 2.3
vt 0.5 2.3
vt -0 2.2
vt 0.5 2.2
vt 0 2
vt 0.5 2.2
vt -0 2.2
vt 0.5 2.3
vt -0 2.3
vt 0.5 2.3
vt -0 2.2
vt -21.5 2
vt -0.5 2.5
vt -21.5 2.5
vt -19.5 2
vt -0.5 2
vt -21.5 2
vt -21.5 2
vt -0.5 2
vt -0.5 2.5
vt -19 2
vt -0.5 2
vt -19.5 2
vt -19.5 0.5
vt -19 2
vt -19.5 2
vt -3 2
vt -0.5 2
vt -19 2
vt -0.5 2
vt -3 2
vt -2.5 2
vt -19 2
vt -19.5 0.5
vt -19 0.5
vt -19.5 0
vt -19 0.5
vt -19.5 0.5
vt -19 0.5
vt -19.5 0
vt -19 0
vt -2.5 2
vt -3 0.5
vt -2.5 0.5
vt -3 0.5
vt -2.5 2
vt -3 2
vt -3 0
vt -2.5 0.5
vt -3 0.5
vt -2.5 0.5
vt -3 0
vt -2.5 0
vt -21.5 2.5
vt -0.5 2.5
vt -21.5 2
vt -0.5 2.5
vt -0.5 2
vt -21.5 2
vt -21.5 2
vt -0.5 2
vt -19.5 2
vt -19.5 2
vt -0.5 2
vt -19 2
vt -19 2
vt -0.5 2
vt -3 2
vt -2.5 2
vt -3 2
vt -0.5 2
vt -19.5 2
vt -19 2
vt -19.5 0.5
vt -19 0.5
vt -19.5 0.5
vt -19 2
vt -19.5 0.5
vt -19 0.5
vt -19.5 0
vt -19 0
vt -19.5 0
vt -19 0.5
vt -3 2
vt -2.5 2
vt -3 0.5
vt -2.5 0.5
vt -3 0.5
vt -2.5 2
vt -3 0.5
vt -2.5 0.5
vt -3 0
vt -2.5 0
vt -3 0
vt -2.5 0.5
vt 21.5 0.5
vt 22 0
vt 21.5 8
vt 0.5 0.5
vt 22 0
vt 21.5 0.5
vt 22 8.5
vt 21.5 8
vt 22 0
vt 0.5 0.5
vt 0 0
vt 22 0
vt 22 8.5
vt 0.5 8
vt 21.5 8
vt -0 8.5
vt 0.5 8
vt 22 8.5
vt 0.5 8
vt -0 8.5
vt 0.5 0.5
vt 0 0
vt 0.5 0.5
vt -0 8.5
vt 21.5 8
vt 22 0
vt 21.5 0.5
vt 22 0
vt 21.5 8
vt 22 8.5
vt 21.5 8
vt 0.5 8
vt 22 8.5
vt 21.5 0.5
vt 22 0
vt 0.5 0.5
vt 22 0
vt 0 0
vt 0.5 0.5
vt 0.5 0.5
vt -0 8.5
vt 0.5 8
vt -0 8.5
vt 0.5 0.5
vt 0 0
vt 22 8.5
vt 0.5 8
vt -0 8.5
vt 8 2
vt 8.5 0
vt 8.5 2
vt 8 2
vt 8 0
vt 8.5 0
vt 8 0
vt 8 2
vt 8 0.5
vt 0.5 0.5
vt 8 0
vt 8 0.5
vt 8 0
vt 0.5 0.5
vt 0.5 0
vt 0.5 2
vt 0.5 0
vt 0.5 0.5
vt 0 2
vt 0.5 0
vt 0.5 2
vt 0.5 0
vt 0 2
vt 0 0
vt 8.5 2
vt 8.5 0
vt 8 2
vt 8.5 0
vt 8 0
vt 8 2
vt 8 0.5
vt 8 2
vt 8 0
vt 8 0.5
vt 8 0
vt 0.5 0.5
vt 0.5 0
vt 0.5 0.5
vt 8 0
vt 0.5 0.5
vt 0.5 0
vt 0.5 2
vt 0.5 2
vt 0.5 0
vt 0 2
vt 0 0
vt 0 2
vt 0.5 0
vt -8.5 2
vt -8.5 2.3
vt -8.5 2.2
vt -8.5 2
vt -8.5 2.5
vt -8.5 2.3
vt 0 2
vt -8.5 2.5
vt -8.5 2
vt -0 2.2
vt -8.5 2.5
vt 0 2
vt -8.5 2.5
vt -0 2.3
vt 0 2.5
vt -0 2.3
vt -8.5 2.5
vt -0 2.2
vt -8.5 2.2
vt -8.5 2.3
vt -8.5 2
vt -8.5 2.3
vt -8.5 2.5
vt -8.5 2
vt -8.5 2
vt -8.5 2.5
vt 0 2
vt 0 2
vt -8.5 2.5
vt -0 2.2
vt 0 2.5
vt -0 2.3
vt -8.5 2.5
vt -0 2.2
vt -8.5 2.5
vt -0 2.3
vt 0.5 2.5
vt 8 2
vt 8 2.5
vt 8 2
vt 0.5 2.5
vt 0.5 2
vt 8 2.5
vt 8 2
vt 0.5 2.5
vt 0.5 2
vt 0.5 2.5
vt 8 2
vt -8 2
vt -8 0
vt -8 0.5
vt -8 0
vt -8 2
vt -8.5 2
vt -0.5 0
vt -8 0.5
vt -8 0
vt -8 0
vt -8.5 2
vt -8.5 0
vt -8 0.5
vt -0.5 0
vt -0.5 0.5
vt -0.5 0
vt -0.5 2
vt -0.5 0.5
vt 0 0
vt -0.5 2
vt -0.5 0
vt -0.5 2
vt 0 0
vt 0 2
vt -8 0.5
vt -8 0
vt -8 2
vt -8 0
vt -8 0.5
vt -0.5 0
vt -0.5 0.5
vt -0.5 0
vt -8 0.5
vt -8.5 2
vt -8 2
vt -8 0
vt -8.5 0
vt -8.5 2
vt -8 0
vt -0.5 0.5
vt -0.5 2
vt -0.5 0
vt -0.5 0
vt -0.5 2
vt 0 0
vt 0 2
vt 0 0
vt -0.5 2
vt -19.5 2
vt -19.3 0.5
vt -19 2
vt -19.5 0
vt -19.3 0.5
vt -19.5 2
vt -19.2 0.5
vt -19 2
vt -19.3 0.5
vt -19.3 0.5
vt -19.5 0
vt -19.3 0
vt -19.3 0
vt -19.2 0.5
vt -19.3 0.5
vt -19 2
vt -19.2 0
vt -19 0
vt -19.2 0
vt -19 2
vt -19.2 0.5
vt -19.2 0.5
vt -19.3 0
vt -19.2 0
vt -19 2
vt -19.3 0.5
vt -19.5 2
vt -19.3 0.5
vt -19 2
vt -19.2 0.5
vt -19 0
vt -19.2 0
vt -19 2
vt -19.2 0.5
vt -19 2
vt -19.2 0
vt -19.5 2
vt -19.3 0.5
vt -19.5 0
vt -19.3 0
vt -19.5 0
vt -19.3 0.5
vt -19.3 0.5
vt -19.2 0.5
vt -19.3 0
vt -19.2 0
vt -19.3 0
vt -19.2 0.5
vt 2.5 8
vt 3 0.5
vt 3 8
vt 3 0.5
vt 2.5 8
vt 2.5 0.5
vt 3 8
vt 3 0.5
vt 2.5 8
vt 2.5 0.5
vt 2.5 8
vt 3 0.5
vt -3 8
vt -2.8 8.5
vt -3 8.5
vt -3 8
vt -2.5 0.5
vt -2.5 8
vt -3 8
vt -2.7 8.5
vt -2.8 8.5
vt -2.5 8
vt -2.7 8.5
vt -3 8
vt -2.5 0.5
vt -3 8
vt -3 0.5
vt -3 0.5
vt -2.5 0
vt -2.5 0.5
vt -2.5 0
vt -3 0.5
vt -2.7 0
vt -2.8 0
vt -3 0.5
vt -3 0
vt -2.7 0
vt -3 0.5
vt -2.8 0
vt -2.7 8.5
vt -2.5 8
vt -2.5 8.5
vt -3 8.5
vt -2.8 8.5
vt -3 8
vt -2.8 8.5
vt -2.7 8.5
vt -3 8
vt -2.5 8
vt -2.5 0.5
vt -3 8
vt -3 8
vt -2.7 8.5
vt -2.5 8
vt -3 0.5
vt -3 8
vt -2.5 0.5
vt -2.5 8.5
vt -2.5 8
vt -2.7 8.5
vt -2.5 0.5
vt -2.5 0
vt -3 0.5
vt -2.7 0
vt -3 0.5
vt -2.5 0
vt -3 0
vt -3 0.5
vt -2.8 0
vt -2.8 0
vt -3 0.5
vt -2.7 0
vt -3 2
vt -2.8 0.5
vt -2.5 2
vt -3 0
vt -2.8 0.5
vt -3 2
vt -2.7 0.5
vt -2.5 2
vt -2.8 0.5
vt -2.8 0.5
vt -3 0
vt -2.8 0
vt -2.8 0
vt -2.7 0.5
vt -2.8 0.5
vt -2.7 0
vt -2.5 2
vt -2.7 0.5
vt -2.5 2
vt -2.7 0
vt -2.5 0
vt -2.7 0.5
vt -2.8 0
vt -2.7 0
vt -2.5 2
vt -2.8 0.5
vt -3 2
vt -2.8 0.5
vt -2.5 2
vt -2.7 0.5
vt -2.7 0.5
vt -2.5 2
vt -2.7 0
vt -2.5 0
vt -2.7 0
vt -2.5 2
vt -3 2
vt -2.8 0.5
vt -3 0
vt -2.8 0
vt -3 0
vt -2.8 0.5
vt -2.8 0.5
vt -2.7 0.5
vt -2.8 0
vt -2.7 0
vt -2.8 0
vt -2.7 0.5
vt 0.299969 0.025885
vt 0.282058 1.16696
vt 0.282058 0.025885
vt 0.282058 1.16696
vt 0.299969 0.025885
vt 0.299969 1.16696
vt 0.282058 0.025885
vt 0.282058 1.16696
vt 0.299969 0.025885
vt 0.299969 1.16696
vt 0.299969 0.025885
vt 0.282058 1.16696
vt 0.610946 1.16696
vt 0.589269 0.025885
vt 0.610946 0.025885
vt 0.589269 0.025885
vt 0.610946 1.16696
vt 0.589269 1.16696
vt 0.610946 0.025885
vt 0.589269 0.025885
vt 0.610946 1.16696
vt 0.589269 1.16696
vt 0.610946 1.16696
vt 0.589269 0.025885
vt 0.299969 0.076668
vt 0.282058 0.076668
vt 0.284136 0.070166
vt 0.284136 0.070166
vt 0.282058 0.076668
vt 0.299969 0.076668
vt 2.63333 0.025885
vt 0.033333 1.16696
vt 0.033333 0.025885
vt 0.033333 1.16696
vt 2.63333 0.025885
vt 2.63333 1.16696
vt 0.033333 0.025885
vt 0.033333 1.16696
vt 2.63333 0.025885
vt 2.63333 1.16696
vt 2.63333 0.025885
vt 0.033333 1.16696
vt 0.299969 1.11047
vt 0.284136 1.11697
vt 0.282058 1.11047
vt 0.282058 1.11047
vt 0.284136 1.11697
vt 0.299969 1.11047
vt 0.589261 0.091734
vt 0.612195 0.085106
vt 0.610938 0.091734
vt 0.612195 0.085106
vt 0.589261 0.091734
vt 0.591438 0.080254
vt 0.610938 0.091734
vt 0.612195 0.085106
vt 0.589261 0.091734
vt 0.591438 0.080254
vt 0.589261 0.091734
vt 0.612195 0.085106
vt 0.23535 0.169246
vt 0.219665 0.162531
vt 0.225527 0.157616
vt 0.225527 0.157616
vt 0.219665 0.162531
vt 0.23535 0.169246
vt 0.033333 0.232937
vt 2.63333 0.219028
vt 2.63333 0.232937
vt 2.63333 0.219028
vt 0.033333 0.232937
vt 0.033333 0.219028
vt 2.63333 0.232937
vt 2.63333 0.219028
vt 0.033333 0.232937
vt 0.033333 0.219028
vt 0.033333 0.232937
vt 2.63333 0.219028
vt 0.23535 0.980344
vt 0.225527 0.991973
vt 0.219665 0.987058
vt 0.219665 0.987058
vt 0.225527 0.991973
vt 0.23535 0.980344
vt 0.612195 1.07952
vt 0.589261 1.07289
vt 0.610938 1.07289
vt 0.589261 1.07289
vt 0.612195 1.07952
vt 0.591438 1.08437
vt 0.610938 1.07289
vt 0.589261 1.07289
vt 0.612195 1.07952
vt 0.591438 1.08437
vt 0.612195 1.07952
vt 0.589261 1.07289
vt 0.699126 1.16696
vt 0.674244 0.025885
vt 0.699126 0.025885
vt 0.674244 0.025885
vt 0.699126 1.16696
vt 0.674244 1.16696
vt 0.699126 0.025885
vt 0.674244 0.025885
vt 0.699126 1.16696
vt 0.674244 1.16696
vt 0.699126 1.16696
vt 0.674244 0.025885
vt 0.525436 0.230837
vt 0.549907 0.230837
vt 0.545753 0.236708
vt 0.549907 0.230837
vt 0.525436 0.230837
vt 0.532633 0.220667
vt 0.545753 0.236708
vt 0.549907 0.230837
vt 0.525436 0.230837
vt 0.532633 0.220667
vt 0.525436 0.230837
vt 0.549907 0.230837
vt 0.110183 0.229819
vt 0.101208 0.217783
vt 0.109495 0.215921
vt 0.109495 0.215921
vt 0.101208 0.217783
vt 0.110183 0.229819
vt 2.19932 0.025885
vt 2.18141 1.16696
vt 2.18141 0.025885
vt 2.18141 1.16696
vt 2.19932 0.025885
vt 2.19932 1.16696
vt 2.18141 0.025885
vt 2.18141 1.16696
vt 2.19932 0.025885
vt 2.19932 1.16696
vt 2.19932 0.025885
vt 2.18141 1.16696
vt 2.63333 0.877019
vt 0.033333 0.890928
vt 0.033333 0.877019
vt 0.033333 0.890928
vt 2.63333 0.877019
vt 2.63333 0.890928
vt 0.033333 0.877019
vt 0.033333 0.890928
vt 2.63333 0.877019
vt 2.63333 0.890928
vt 2.63333 0.877019
vt 0.033333 0.890928
vt 2.55075 0.296964
vt 2.54177 0.309
vt 2.54246 0.295101
vt 2.54246 0.295101
vt 2.54177 0.309
vt 2.55075 0.296964
vt 0.109495 0.894856
vt 0.101208 0.892993
vt 0.110183 0.880957
vt 0.110183 0.880957
vt 0.101208 0.892993
vt 0.109495 0.894856
vt 0.549907 0.731592
vt 0.525436 0.731592
vt 0.545753 0.725721
vt 0.525436 0.731592
vt 0.549907 0.731592
vt 0.532633 0.741762
vt 0.545753 0.725721
vt 0.525436 0.731592
vt 0.549907 0.731592
vt 0.532633 0.741762
vt 0.549907 0.731592
vt 0.525436 0.731592
vt 0.674247 0.049379
vt 0.699823 0.037788
vt 0.699129 0.049378
vt 0.699823 0.037788
vt 0.674247 0.049379
vt 0.675049 0.035994
vt 0.699129 0.049378
vt 0.699823 0.037788
vt 0.674247 0.049379
vt 0.675049 0.035994
vt 0.674247 0.049379
vt 0.699823 0.037788
vt 0.289738 0.427339
vt 0.290932 0.40836
vt 0.297492 0.424403
vt 0.290932 0.40836
vt 0.289738 0.427339
vt 0.277501 0.413445
vt 0.297492 0.424403
vt 0.290932 0.40836
vt 0.289738 0.427339
vt 0.277501 0.413445
vt 0.289738 0.427339
vt 0.290932 0.40836
vt 2.19932 0.150756
vt 2.18141 0.150756
vt 2.19724 0.144254
vt 2.19724 0.144254
vt 2.18141 0.150756
vt 2.19932 0.150756
vt 0.033333 0.457589
vt 2.63333 0.474422
vt 0.033333 0.474422
vt 2.63333 0.474422
vt 0.033333 0.457589
vt 2.63333 0.457589
vt 0.033333 0.474422
vt 2.63333 0.474422
vt 0.033333 0.457589
vt 2.63333 0.457589
vt 0.033333 0.457589
vt 2.63333 0.474422
vt 2.34275 0.315522
vt 2.32706 0.322237
vt 2.33689 0.310607
vt 2.33689 0.310607
vt 2.32706 0.322237
vt 2.34275 0.315522
vt 2.19055 1.02025
vt 2.19175 1.03923
vt 2.18399 1.03629
vt 2.19175 1.03923
vt 2.19055 1.02025
vt 2.20398 1.02534
vt 2.18399 1.03629
vt 2.19175 1.03923
vt 2.19055 1.02025
vt 2.20398 1.02534
vt 2.19055 1.02025
vt 2.19175 1.03923
vt 0.290932 0.29604
vt 0.289738 0.27706
vt 0.297492 0.279997
vt 0.289738 0.27706
vt 0.290932 0.29604
vt 0.277501 0.290955
vt 0.297492 0.279997
vt 0.289738 0.27706
vt 0.290932 0.29604
vt 0.277501 0.290955
vt 0.290932 0.29604
vt 0.289738 0.27706
vt 0.699823 1.11565
vt 0.674247 1.10406
vt 0.699129 1.10406
vt 0.674247 1.10406
vt 0.699823 1.11565
vt 0.675049 1.11744
vt 0.699129 1.10406
vt 0.674247 1.10406
vt 0.699823 1.11565
vt 0.675049 1.11744
vt 0.699823 1.11565
vt 0.674247 1.10406
vt 0.685377 1.16696
vt 0.048956 0.025885
vt 0.685377 0.025885
vt 0.048956 0.025885
vt 0.685377 1.16696
vt 0.048956 1.16696
vt 0.685377 0.025885
vt 0.048956 0.025885
vt 0.685377 1.16696
vt 0.048956 1.16696
vt 0.685377 1.16696
vt 0.048956 0.025885
vt 0.666118 0.096566
vt 0.693359 0.087549
vt 0.690804 0.098982
vt 0.693359 0.087549
vt 0.666118 0.096566
vt 0.669068 0.083365
vt 0.690804 0.098982
vt 0.693359 0.087549
vt 0.666118 0.096566
vt 0.669068 0.083365
vt 0.666118 0.096566
vt 0.693359 0.087549
vt 0.911566 0.025885
vt 0.889889 1.16696
vt 0.889889 0.025885
vt 0.889889 1.16696
vt 0.911566 0.025885
vt 0.911566 1.16696
vt 0.889889 0.025885
vt 0.889889 1.16696
vt 0.911566 0.025885
vt 0.911566 1.16696
vt 0.911566 0.025885
vt 0.889889 1.16696
vt 2.19932 1.03638
vt 2.19724 1.04288
vt 2.18141 1.03638
vt 2.18141 1.03638
vt 2.19724 1.04288
vt 2.19932 1.03638
vt 0.888682 0.455196
vt 0.911616 0.461824
vt 0.889939 0.461824
vt 0.911616 0.461824
vt 0.888682 0.455196
vt 0.909439 0.450345
vt 0.889939 0.461824
vt 0.911616 0.461824
vt 0.888682 0.455196
vt 0.909439 0.450345
vt 0.888682 0.455196
vt 0.911616 0.461824
vt 2.55075 0.813812
vt 2.54246 0.815675
vt 2.54177 0.801776
vt 2.54177 0.801776
vt 2.54246 0.815675
vt 2.55075 0.813812
vt 2.63333 0.213757
vt 0.033333 0.196924
vt 2.63333 0.196924
vt 0.033333 0.196924
vt 2.63333 0.213757
vt 0.033333 0.213757
vt 2.63333 0.196924
vt 0.033333 0.196924
vt 2.63333 0.213757
vt 0.033333 0.213757
vt 2.63333 0.213757
vt 0.033333 0.196924
vt 1.26631 1.12658
vt 1.29078 1.12658
vt 1.27047 1.13245
vt 1.29078 1.12658
vt 1.26631 1.12658
vt 1.28359 1.11641
vt 1.27047 1.13245
vt 1.29078 1.12658
vt 1.26631 1.12658
vt 1.28359 1.11641
vt 1.26631 1.12658
vt 1.29078 1.12658
vt 0.693359 0.768523
vt 0.666118 0.759506
vt 0.690804 0.75709
vt 0.666118 0.759506
vt 0.693359 0.768523
vt 0.669068 0.772707
vt 0.690804 0.75709
vt 0.666118 0.759506
vt 0.693359 0.768523
vt 0.669068 0.772707
vt 0.693359 0.768523
vt 0.666118 0.759506
vt 0.048956 0.011603
vt 0.685377 0.025002
vt 0.048956 0.025002
vt 0.685377 0.025002
vt 0.048956 0.011603
vt 0.685377 0.011603
vt 0.048956 0.025002
vt 0.685377 0.025002
vt 0.048956 0.011603
vt 0.685377 0.011603
vt 0.048956 0.011603
vt 0.685377 0.025002
vt 0.575904 0.275833
vt 0.605518 0.275833
vt 0.597394 0.285572
vt 0.605518 0.275833
vt 0.575904 0.275833
vt 0.585285 0.264587
vt 0.597394 0.285572
vt 0.605518 0.275833
vt 0.575904 0.275833
vt 0.585285 0.264587
vt 0.575904 0.275833
vt 0.605518 0.275833
vt 0.911616 0.702799
vt 0.888682 0.709427
vt 0.889939 0.702799
vt 0.888682 0.709427
vt 0.911616 0.702799
vt 0.909439 0.714278
vt 0.889939 0.702799
vt 0.888682 0.709427
vt 0.911616 0.702799
vt 0.909439 0.714278
vt 0.911616 0.702799
vt 0.888682 0.709427
vt 2.34275 0.834067
vt 2.33689 0.838982
vt 2.32706 0.827352
vt 2.32706 0.827352
vt 2.33689 0.838982
vt 2.34275 0.834067
vt 2.20398 -0.320936
vt 2.18399 -0.331894
vt 2.19175 -0.33483
vt 2.18399 -0.331894
vt 2.20398 -0.320936
vt 2.19055 -0.315851
vt 2.19175 -0.33483
vt 2.18399 -0.331894
vt 2.20398 -0.320936
vt 2.19055 -0.315851
vt 2.20398 -0.320936
vt 2.18399 -0.331894
vt 0.033333 0.523575
vt 2.63333 0.542896
vt 0.033333 0.542896
vt 2.63333 0.542896
vt 0.033333 0.523575
vt 2.63333 0.523575
vt 0.033333 0.542896
vt 2.63333 0.542896
vt 0.033333 0.523575
vt 2.63333 0.523575
vt 0.033333 0.523575
vt 2.63333 0.542896
vt 0.915537 1.89284
vt 0.903427 1.91382
vt 0.895304 1.90408
vt 0.903427 1.91382
vt 0.915537 1.89284
vt 0.924917 1.90408
vt 0.895304 1.90408
vt 0.903427 1.91382
vt 0.915537 1.89284
vt 0.924917 1.90408
vt 0.915537 1.89284
vt 0.903427 1.91382
vt 0.585285 0.103253
vt 0.597394 0.082268
vt 0.605518 0.092007
vt 0.597394 0.082268
vt 0.585285 0.103253
vt 0.575904 0.092007
vt 0.605518 0.092007
vt 0.597394 0.082268
vt 0.585285 0.103253
vt 0.575904 0.092007
vt 0.585285 0.103253
vt 0.597394 0.082268
vt 2.63333 -0.309443
vt 0.033333 -0.328765
vt 2.63333 -0.328765
vt 0.033333 -0.328765
vt 2.63333 -0.309443
vt 0.033333 -0.309443
vt 2.63333 -0.328765
vt 0.033333 -0.328765
vt 2.63333 -0.309443
vt 0.033333 -0.309443
vt 2.63333 -0.309443
vt 0.033333 -0.328765
vt 0.685377 1.14058
vt 0.048956 1.12718
vt 0.685377 1.12718
vt 0.048956 1.12718
vt 0.685377 1.14058
vt 0.048956 1.14058
vt 0.685377 1.12718
vt 0.048956 1.12718
vt 0.685377 1.14058
vt 0.048956 1.14058
vt 0.685377 1.14058
vt 0.048956 1.12718
vt 0.04816 1.16696
vt 0.023278 0.025885
vt 0.04816 0.025885
vt 0.023278 0.025885
vt 0.04816 1.16696
vt 0.023278 1.16696
vt 0.04816 0.025885
vt 0.023278 0.025885
vt 0.04816 1.16696
vt 0.023278 1.16696
vt 0.04816 1.16696
vt 0.023278 0.025885
vt 0.048161 0.02329
vt 0.022585 0.011699
vt 0.047359 0.009906
vt 0.022585 0.011699
vt 0.048161 0.02329
vt 0.023279 0.02329
vt 0.047359 0.009906
vt 0.022585 0.011699
vt 0.048161 0.02329
vt 0.023279 0.02329
vt 0.048161 0.02329
vt 0.022585 0.011699
vt 0.048956 -0.006699
vt 0.685377 0.006699
vt 0.048956 0.006699
vt 0.685377 0.006699
vt 0.048956 -0.006699
vt 0.685377 -0.006699
vt 0.048956 0.006699
vt 0.685377 0.006699
vt 0.048956 -0.006699
vt 0.685377 -0.006699
vt 0.048956 -0.006699
vt 0.685377 0.006699
vt -0.195539 0.025885
vt -0.220421 1.16696
vt -0.220421 0.025885
vt -0.220421 1.16696
vt -0.195539 0.025885
vt -0.195539 1.16696
vt -0.220421 0.025885
vt -0.220421 1.16696
vt -0.195539 0.025885
vt -0.195539 1.16696
vt -0.195539 0.025885
vt -0.220421 1.16696
vt 1.29078 -0.164153
vt 1.26631 -0.164153
vt 1.27047 -0.170024
vt 1.26631 -0.164153
vt 1.29078 -0.164153
vt 1.28359 -0.153983
vt 1.27047 -0.170024
vt 1.26631 -0.164153
vt 1.29078 -0.164153
vt 1.28359 -0.153983
vt 1.29078 -0.164153
vt 1.26631 -0.164153
vt -0.2212 0.557049
vt -0.195624 0.56864
vt -0.220506 0.56864
vt -0.195624 0.56864
vt -0.2212 0.557049
vt -0.196426 0.555255
vt -0.220506 0.56864
vt -0.195624 0.56864
vt -0.2212 0.557049
vt -0.196426 0.555255
vt -0.2212 0.557049
vt -0.195624 0.56864
vt 0.924917 -1.53624
vt 0.895304 -1.53624
vt 0.903427 -1.54598
vt 0.895304 -1.53624
vt 0.924917 -1.53624
vt 0.915537 -1.525
vt 0.903427 -1.54598
vt 0.895304 -1.53624
vt 0.924917 -1.53624
vt 0.915537 -1.525
vt 0.924917 -1.53624
vt 0.895304 -1.53624
vt -0.048532 1.48679
vt -0.021291 1.49581
vt -0.045977 1.49822
vt -0.021291 1.49581
vt -0.048532 1.48679
vt -0.024241 1.4826
vt -0.045977 1.49822
vt -0.021291 1.49581
vt -0.048532 1.48679
vt -0.024241 1.4826
vt -0.048532 1.48679
vt -0.021291 1.49581
vt 0.685377 0.850164
vt 0.048956 0.836766
vt 0.685377 0.836766
vt 0.048956 0.836766
vt 0.685377 0.850164
vt 0.048956 0.850164
vt 0.685377 0.836766
vt 0.048956 0.836766
vt 0.685377 0.850164
vt 0.048956 0.850164
vt 0.685377 0.850164
vt 0.048956 0.836766
vt 0.019181 -0.008474
vt 0.046423 0.000543
vt 0.021736 0.00296
vt 0.046423 0.000543
vt 0.019181 -0.008474
vt 0.043473 -0.012657
vt 0.021736 0.00296
vt 0.046423 0.000543
vt 0.019181 -0.008474
vt 0.043473 -0.012657
vt 0.019181 -0.008474
vt 0.046423 0.000543
vt 0.048956 -0.011603
vt 0.685377 -0.025002
vt 0.685377 -0.011603
vt 0.685377 -0.025002
vt 0.048956 -0.011603
vt 0.048956 -0.025002
vt 0.685377 -0.011603
vt 0.685377 -0.025002
vt 0.048956 -0.011603
vt 0.048956 -0.025002
vt 0.048956 -0.011603
vt 0.685377 -0.025002
vt -0.195624 0.584798
vt -0.2212 0.596389
vt -0.220506 0.584798
vt -0.2212 0.596389
vt -0.195624 0.584798
vt -0.196426 0.598183
vt -0.220506 0.584798
vt -0.2212 0.596389
vt -0.195624 0.584798
vt -0.196426 0.598183
vt -0.195624 0.584798
vt -0.2212 0.596389
vt -0.021291 -0.639732
vt -0.048532 -0.630716
vt -0.045977 -0.642149
vt -0.048532 -0.630716
vt -0.021291 -0.639732
vt -0.024241 -0.626532
vt -0.045977 -0.642149
vt -0.048532 -0.630716
vt -0.021291 -0.639732
vt -0.024241 -0.626532
vt -0.021291 -0.639732
vt -0.048532 -0.630716
vt -0.048956 0.025885
vt -0.685377 2.04488
vt -0.685377 0.025885
vt -0.685377 2.04488
vt -0.048956 0.025885
vt -0.048956 2.04488
vt -0.685377 0.025885
vt -0.685377 2.04488
vt -0.048956 0.025885
vt -0.048956 2.04488
vt -0.048956 0.025885
vt -0.685377 2.04488
vt -0.048956 1.97518
vt -0.685377 1.98857
vt -0.685377 1.97518
vt -0.685377 1.98857
vt -0.048956 1.97518
vt -0.048956 1.98857
vt -0.685377 1.97518
vt -0.685377 1.98857
vt -0.048956 1.97518
vt -0.048956 1.98857
vt -0.048956 1.97518
vt -0.685377 1.98857
vt 0.048956 0.333787
vt 0.685377 0.320388
vt 0.685377 0.333787
vt 0.685377 0.320388
vt 0.048956 0.333787
vt 0.048956 0.320388
vt 0.685377 0.333787
vt 0.685377 0.320388
vt 0.048956 0.333787
vt 0.048956 0.320388
vt 0.048956 0.333787
vt 0.685377 0.320388
vt 0.048956 2.04488
vt 0.685377 0.025885
vt 0.685377 2.04488
vt 0.685377 0.025885
vt 0.048956 2.04488
vt 0.048956 0.025885
vt 0.685377 2.04488
vt 0.685377 0.025885
vt 0.048956 2.04488
vt 0.048956 0.025885
vt 0.048956 2.04488
vt 0.685377 0.025885
vt -0.048956 -1.67979
vt -0.685377 -1.66639
vt -0.685377 -1.67979
vt -0.685377 -1.66639
vt -0.048956 -1.67979
vt -0.048956 -1.66639
vt -0.685377 -1.67979
vt -0.685377 -1.66639
vt -0.048956 -1.67979
vt -0.048956 -1.66639
vt -0.048956 -1.67979
vt -0.685377 -1.66639
vt 0.047359 1.14353
vt 0.023279 1.13015
vt 0.048161 1.13015
vt 0.023279 1.13015
vt 0.047359 1.14353
vt 0.022585 1.14174
vt 0.048161 1.13015
vt 0.023279 1.13015
vt 0.047359 1.14353
vt 0.022585 1.14174
vt 0.047359 1.14353
vt 0.023279 1.13015
vt 0.017719 1.16696
vt -0.003958 0.025885
vt 0.017719 0.025885
vt -0.003958 0.025885
vt 0.017719 1.16696
vt -0.003958 1.16696
vt 0.017719 0.025885
vt -0.003958 0.025885
vt 0.017719 1.16696
vt -0.003958 1.16696
vt 0.017719 1.16696
vt -0.003958 0.025885
vt 0.017719 0.022339
vt -0.005215 0.015711
vt 0.015542 0.01086
vt -0.005215 0.015711
vt 0.017719 0.022339
vt -0.003958 0.022339
vt 0.015542 0.01086
vt -0.005215 0.015711
vt 0.017719 0.022339
vt -0.003958 0.022339
vt 0.017719 0.022339
vt -0.005215 0.015711
vt 0.012247 0.001394
vt -0.012224 0.001394
vt 0.00505 -0.008776
vt -0.012224 0.001394
vt 0.012247 0.001394
vt -0.008069 0.007265
vt 0.00505 -0.008776
vt -0.012224 0.001394
vt 0.012247 0.001394
vt -0.008069 0.007265
vt 0.012247 0.001394
vt -0.012224 0.001394
vt 0.009596 -0.019721
vt 0.021706 -0.040706
vt 0.031086 -0.02946
vt 0.021706 -0.040706
vt 0.009596 -0.019721
vt 0.001473 -0.02946
vt 0.031086 -0.02946
vt 0.021706 -0.040706
vt 0.009596 -0.019721
vt 0.001473 -0.02946
vt 0.009596 -0.019721
vt 0.021706 -0.040706
vt -0.048956 0.025885
vt -0.685377 1.16696
vt -0.685377 0.025885
vt -0.685377 1.16696
vt -0.048956 0.025885
vt -0.048956 1.16696
vt -0.685377 0.025885
vt -0.685377 1.16696
vt -0.048956 0.025885
vt -0.048956 1.16696
vt -0.048956 0.025885
vt -0.685377 1.16696
vt -0.048956 0.547651
vt -0.685377 0.56105
vt -0.685377 0.547651
vt -0.685377 0.56105
vt -0.048956 0.547651
vt -0.048956 0.56105
vt -0.685377 0.547651
vt -0.685377 0.56105
vt -0.048956 0.547651
vt -0.048956 0.56105
vt -0.048956 0.547651
vt -0.685377 0.56105
vt -0.048956 -0.627485
vt -0.685377 -0.614087
vt -0.685377 -0.627485
vt -0.685377 -0.614087
vt -0.048956 -0.627485
vt -0.048956 -0.614087
vt -0.685377 -0.627485
vt -0.685377 -0.614087
vt -0.048956 -0.627485
vt -0.048956 -0.614087
vt -0.048956 -0.627485
vt -0.685377 -0.614087
vt -0.048956 1.45755
vt -0.685377 1.47095
vt -0.685377 1.45755
vt -0.685377 1.47095
vt -0.048956 1.45755
vt -0.048956 1.47095
vt -0.685377 1.45755
vt -0.685377 1.47095
vt -0.048956 1.45755
vt -0.048956 1.47095
vt -0.048956 1.45755
vt -0.685377 1.47095
vt 0.019181 0.864546
vt 0.046423 0.855529
vt 0.043473 0.86873
vt 0.046423 0.855529
vt 0.019181 0.864546
vt 0.021736 0.853113
vt 0.043473 0.86873
vt 0.046423 0.855529
vt 0.019181 0.864546
vt 0.021736 0.853113
vt 0.019181 0.864546
vt 0.046423 0.855529
vt -0.020862 -0.000895
vt -0.022056 -0.019875
vt -0.008625 -0.01479
vt -0.022056 -0.019875
vt -0.020862 -0.000895
vt -0.028617 -0.003831
vt -0.008625 -0.01479
vt -0.022056 -0.019875
vt -0.020862 -0.000895
vt -0.028617 -0.003831
vt -0.020862 -0.000895
vt -0.022056 -0.019875
vt -0.048956 0.59113
vt -0.685377 0.604529
vt -0.685377 0.59113
vt -0.685377 0.604529
vt -0.048956 0.59113
vt -0.048956 0.604529
vt -0.685377 0.59113
vt -0.685377 0.604529
vt -0.048956 0.59113
vt -0.048956 0.604529
vt -0.048956 0.59113
vt -0.685377 0.604529
vt -0.033333 -0.018076
vt -2.63333 -0.037398
vt -0.033333 -0.037398
vt -2.63333 -0.037398
vt -0.033333 -0.018076
vt -2.63333 -0.018076
vt -0.033333 -0.037398
vt -2.63333 -0.037398
vt -0.033333 -0.018076
vt -2.63333 -0.018076
vt -0.033333 -0.018076
vt -2.63333 -0.037398
vt -1.5023 1.59879
vt -1.53191 1.59879
vt -1.52253 1.58754
vt -1.53191 1.59879
vt -1.5023 1.59879
vt -1.51042 1.60853
vt -1.52253 1.58754
vt -1.53191 1.59879
vt -1.5023 1.59879
vt -1.51042 1.60853
vt -1.5023 1.59879
vt -1.53191 1.59879
vt 0.001473 0.3973
vt 0.031086 0.3973
vt 0.021706 0.408546
vt 0.031086 0.3973
vt 0.001473 0.3973
vt 0.009596 0.387561
vt 0.021706 0.408546
vt 0.031086 0.3973
vt 0.001473 0.3973
vt 0.009596 0.387561
vt 0.001473 0.3973
vt 0.031086 0.3973
vt -2.63333 0.232208
vt -0.033333 0.25153
vt -2.63333 0.25153
vt -0.033333 0.25153
vt -2.63333 0.232208
vt -0.033333 0.232208
vt -2.63333 0.25153
vt -0.033333 0.25153
vt -2.63333 0.232208
vt -0.033333 0.232208
vt -2.63333 0.232208
vt -0.033333 0.25153
vt -1.51042 -1.24069
vt -1.52253 -1.2197
vt -1.53191 -1.23095
vt -1.52253 -1.2197
vt -1.51042 -1.24069
vt -1.5023 -1.23095
vt -1.53191 -1.23095
vt -1.52253 -1.2197
vt -1.51042 -1.24069
vt -1.5023 -1.23095
vt -1.51042 -1.24069
vt -1.52253 -1.2197
vt -0.69125 -0.54371
vt -0.664008 -0.534693
vt -0.6883 -0.530509
vt -0.664008 -0.534693
vt -0.69125 -0.54371
vt -0.666564 -0.546126
vt -0.6883 -0.530509
vt -0.664008 -0.534693
vt -0.69125 -0.54371
vt -0.666564 -0.546126
vt -0.69125 -0.54371
vt -0.664008 -0.534693
vt 0.015542 1.15376
vt -0.003958 1.14228
vt 0.017719 1.14228
vt -0.003958 1.14228
vt 0.015542 1.15376
vt -0.005215 1.14891
vt 0.017719 1.14228
vt -0.003958 1.14228
vt 0.015542 1.15376
vt -0.005215 1.14891
vt 0.015542 1.15376
vt -0.003958 1.14228
vt -0.031017 1.16696
vt -0.013106 0.025885
vt -0.013106 1.16696
vt -0.013106 0.025885
vt -0.031017 1.16696
vt -0.031017 0.025885
vt -0.013106 1.16696
vt -0.013106 0.025885
vt -0.031017 1.16696
vt -0.031017 0.025885
vt -0.031017 1.16696
vt -0.013106 0.025885
vt -0.031017 0.024835
vt -0.015184 0.018332
vt -0.013106 0.024835
vt -0.013106 0.024835
vt -0.015184 0.018332
vt -0.031017 0.024835
vt -0.03203 0.023034
vt -0.022206 0.011404
vt -0.016345 0.016319
vt -0.016345 0.016319
vt -0.022206 0.011404
vt -0.03203 0.023034
vt -0.501983 0.025885
vt -0.526865 1.16696
vt -0.526865 0.025885
vt -0.526865 1.16696
vt -0.501983 0.025885
vt -0.501983 1.16696
vt -0.526865 0.025885
vt -0.526865 1.16696
vt -0.501983 0.025885
vt -0.501983 1.16696
vt -0.501983 0.025885
vt -0.526865 1.16696
vt -0.501208 0.530961
vt -0.526784 0.542552
vt -0.525982 0.529167
vt -0.526784 0.542552
vt -0.501208 0.530961
vt -0.501902 0.542551
vt -0.525982 0.529167
vt -0.526784 0.542552
vt -0.501208 0.530961
vt -0.501902 0.542551
vt -0.501208 0.530961
vt -0.526784 0.542552
vt -0.664008 1.39076
vt -0.69125 1.39978
vt -0.6883 1.38658
vt -0.69125 1.39978
vt -0.664008 1.39076
vt -0.666564 1.4022
vt -0.6883 1.38658
vt -0.69125 1.39978
vt -0.664008 1.39076
vt -0.666564 1.4022
vt -0.664008 1.39076
vt -0.69125 1.39978
vt -0.501902 0.610887
vt -0.525982 0.624271
vt -0.526784 0.610887
vt -0.525982 0.624271
vt -0.501902 0.610887
vt -0.501208 0.622477
vt -0.526784 0.610887
vt -0.525982 0.624271
vt -0.501902 0.610887
vt -0.501208 0.622477
vt -0.501902 0.610887
vt -0.525982 0.624271
vt -0.012224 0.961035
vt 0.012247 0.961035
vt 0.00505 0.971205
vt 0.012247 0.961035
vt -0.012224 0.961035
vt -0.008069 0.955164
vt 0.00505 0.971205
vt 0.012247 0.961035
vt -0.012224 0.961035
vt -0.008069 0.955164
vt -0.012224 0.961035
vt 0.012247 0.961035
vt -0.028617 0.708231
vt -0.008625 0.71919
vt -0.022056 0.724275
vt -0.008625 0.71919
vt -0.028617 0.708231
vt -0.020862 0.705295
vt -0.022056 0.724275
vt -0.008625 0.71919
vt -0.028617 0.708231
vt -0.020862 0.705295
vt -0.028617 0.708231
vt -0.008625 0.71919
vt -0.031017 1.1623
vt -0.013106 1.1623
vt -0.015184 1.1688
vt -0.015184 1.1688
vt -0.013106 1.1623
vt -0.031017 1.1623
vt -0.032461 0.009216
vt -0.024174 0.011078
vt -0.033149 0.023114
vt -0.033149 0.023114
vt -0.024174 0.011078
vt -0.032461 0.009216
vt -0.033333 0.003073
vt -2.63333 -0.013759
vt -0.033333 -0.013759
vt -2.63333 -0.013759
vt -0.033333 0.003073
vt -2.63333 0.003073
vt -0.033333 -0.013759
vt -2.63333 -0.013759
vt -0.033333 0.003073
vt -2.63333 0.003073
vt -0.033333 0.003073
vt -2.63333 -0.013759
vt -2.45287 0.608059
vt -2.47286 0.597101
vt -2.45943 0.592016
vt -2.47286 0.597101
vt -2.45287 0.608059
vt -2.46062 0.610996
vt -2.45943 0.592016
vt -2.47286 0.597101
vt -2.45287 0.608059
vt -2.46062 0.610996
vt -2.45287 0.608059
vt -2.47286 0.597101
vt -2.63333 0.668273
vt -0.033333 0.685105
vt -2.63333 0.685105
vt -0.033333 0.685105
vt -2.63333 0.668273
vt -0.033333 0.668273
vt -2.63333 0.685105
vt -0.033333 0.685105
vt -2.63333 0.668273
vt -0.033333 0.668273
vt -2.63333 0.668273
vt -0.033333 0.685105
vt -2.47286 0.107299
vt -2.45287 0.09634
vt -2.45943 0.112384
vt -2.45287 0.09634
vt -2.47286 0.107299
vt -2.46062 0.093404
vt -2.45943 0.112384
vt -2.45287 0.09634
vt -2.47286 0.107299
vt -2.46062 0.093404
vt -2.47286 0.107299
vt -2.45287 0.09634
vt -1.82847 0.06529
vt -1.804 0.06529
vt -1.82127 0.075459
vt -1.804 0.06529
vt -1.82847 0.06529
vt -1.80815 0.059419
vt -1.82127 0.075459
vt -1.804 0.06529
vt -1.82847 0.06529
vt -1.80815 0.059419
vt -1.82847 0.06529
vt -1.804 0.06529
vt -2.63333 1.16696
vt -0.033333 0.025885
vt -0.033333 1.16696
vt -0.033333 0.025885
vt -2.63333 1.16696
vt -2.63333 0.025885
vt -0.033333 1.16696
vt -0.033333 0.025885
vt -2.63333 1.16696
vt -2.63333 0.025885
vt -2.63333 1.16696
vt -0.033333 0.025885
vt -0.03203 1.12656
vt -0.016345 1.13327
vt -0.022206 1.13819
vt -0.022206 1.13819
vt -0.016345 1.13327
vt -0.03203 1.12656
vt -2.63333 0.024086
vt -0.033333 0.010177
vt -0.033333 0.024086
vt -0.033333 0.010177
vt -2.63333 0.024086
vt -2.63333 0.010177
vt -0.033333 0.024086
vt -0.033333 0.010177
vt -2.63333 0.024086
vt -2.63333 0.010177
vt -2.63333 0.024086
vt -0.033333 0.010177
vt -1.49688 0.025885
vt -1.51855 1.16696
vt -1.51855 0.025885
vt -1.51855 1.16696
vt -1.49688 0.025885
vt -1.49688 1.16696
vt -1.51855 0.025885
vt -1.51855 1.16696
vt -1.49688 0.025885
vt -1.49688 1.16696
vt -1.49688 0.025885
vt -1.51855 1.16696
vt -1.49566 0.385802
vt -1.5186 0.39243
vt -1.51642 0.38095
vt -1.5186 0.39243
vt -1.49566 0.385802
vt -1.49692 0.39243
vt -1.51642 0.38095
vt -1.5186 0.39243
vt -1.49566 0.385802
vt -1.49692 0.39243
vt -1.49566 0.385802
vt -1.5186 0.39243
vt -1.804 0.897139
vt -1.82847 0.897139
vt -1.82127 0.88697
vt -1.82847 0.897139
vt -1.804 0.897139
vt -1.80815 0.90301
vt -1.82127 0.88697
vt -1.82847 0.897139
vt -1.804 0.897139
vt -1.80815 0.90301
vt -1.804 0.897139
vt -1.82847 0.897139
vt -1.49692 0.772193
vt -1.51642 0.783673
vt -1.5186 0.772193
vt -1.51642 0.783673
vt -1.49692 0.772193
vt -1.49566 0.778821
vt -1.5186 0.772193
vt -1.51642 0.783673
vt -1.49692 0.772193
vt -1.49566 0.778821
vt -1.49692 0.772193
vt -1.51642 0.783673
vt -0.033149 1.08766
vt -0.024174 1.0997
vt -0.032461 1.10156
vt -0.032461 1.10156
vt -0.024174 1.0997
vt -0.033149 1.08766
vt -2.63333 1.09978
vt -0.033333 1.08587
vt -0.033333 1.09978
vt -0.033333 1.08587
vt -2.63333 1.09978
vt -2.63333 1.08587
vt -0.033333 1.09978
vt -0.033333 1.08587
vt -2.63333 1.09978
vt -2.63333 1.08587
vt -2.63333 1.09978
vt -0.033333 1.08587
vt -2.62778 0.090259
vt -2.61949 0.088396
vt -2.6188 0.102295
vt -2.6188 0.102295
vt -2.61949 0.088396
vt -2.62778 0.090259
vt -2.62778 1.02052
vt -2.6188 1.00848
vt -2.61949 1.02238
vt -2.61949 1.02238
vt -2.6188 1.00848
vt -2.62778 1.02052
vt -2.54607 0.980279
vt -2.53038 0.973565
vt -2.54021 0.985194
vt -2.54021 0.985194
vt -2.53038 0.973565
vt -2.54607 0.980279
vt -2.46827 1.16696
vt -2.45036 0.025885
vt -2.45036 1.16696
vt -2.45036 0.025885
vt -2.46827 1.16696
vt -2.46827 0.025885
vt -2.45036 1.16696
vt -2.45036 0.025885
vt -2.46827 1.16696
vt -2.46827 0.025885
vt -2.46827 1.16696
vt -2.45036 0.025885
vt -2.46827 0.098922
vt -2.46619 0.09242
vt -2.45036 0.098922
vt -2.45036 0.098922
vt -2.46619 0.09242
vt -2.46827 0.098922
vt -2.54607 0.16931
vt -2.54021 0.164395
vt -2.53038 0.176025
vt -2.53038 0.176025
vt -2.54021 0.164395
vt -2.54607 0.16931
vt -2.46827 1.08821
vt -2.45036 1.08821
vt -2.46619 1.09471
vt -2.46619 1.09471
vt -2.45036 1.08821
vt -2.46827 1.08821
vt -0.664008 -0.534693
vt -0.69125 -0.54371
vt -0.666564 -0.546126
vt -0.69125 -0.54371
vt -0.664008 -0.534693
vt -0.6883 -0.530509
vt -0.666564 -0.546126
vt -0.69125 -0.54371
vt -0.664008 -0.534693
vt -0.6883 -0.530509
vt -0.664008 -0.534693
vt -0.69125 -0.54371
vt -0.525982 0.624271
vt -0.501902 0.610887
vt -0.501208 0.622477
vt -0.501902 0.610887
vt -0.525982 0.624271
vt -0.526784 0.610887
vt -0.501208 0.622477
vt -0.501902 0.610887
vt -0.525982 0.624271
vt -0.526784 0.610887
vt -0.525982 0.624271
vt -0.501902 0.610887
vt -1.82847 0.06529
vt -1.804 0.06529
vt -1.82127 0.075459
vt -1.804 0.06529
vt -1.82847 0.06529
vt -1.80815 0.059419
vt -1.82127 0.075459
vt -1.804 0.06529
vt -1.82847 0.06529
vt -1.80815 0.059419
vt -1.82847 0.06529
vt -1.804 0.06529
vt -1.5023 -1.23095
vt -1.53191 -1.23095
vt -1.51042 -1.24069
vt -1.53191 -1.23095
vt -1.5023 -1.23095
vt -1.52253 -1.2197
vt -1.51042 -1.24069
vt -1.53191 -1.23095
vt -1.5023 -1.23095
vt -1.52253 -1.2197
vt -1.5023 -1.23095
vt -1.53191 -1.23095
vt -0.685377 -0.614087
vt -0.048956 -0.627485
vt -0.048956 -0.614087
vt -0.048956 -0.627485
vt -0.685377 -0.614087
vt -0.685377 -0.627485
vt -0.048956 -0.614087
vt -0.048956 -0.627485
vt -0.685377 -0.614087
vt -0.685377 -0.627485
vt -0.685377 -0.614087
vt -0.048956 -0.627485
vt -1.49692 0.772193
vt -1.51642 0.783673
vt -1.5186 0.772193
vt -1.51642 0.783673
vt -1.49692 0.772193
vt -1.49566 0.778821
vt -1.5186 0.772193
vt -1.51642 0.783673
vt -1.49692 0.772193
vt -1.49566 0.778821
vt -1.49692 0.772193
vt -1.51642 0.783673
vt -2.46062 0.093404
vt -2.45943 0.112384
vt -2.47286 0.107299
vt -2.45943 0.112384
vt -2.46062 0.093404
vt -2.45287 0.09634
vt -2.47286 0.107299
vt -2.45943 0.112384
vt -2.46062 0.093404
vt -2.45287 0.09634
vt -2.46062 0.093404
vt -2.45943 0.112384
vt -0.048956 -1.67979
vt -0.685377 -1.66639
vt -0.685377 -1.67979
vt -0.685377 -1.66639
vt -0.048956 -1.67979
vt -0.048956 -1.66639
vt -0.685377 -1.67979
vt -0.685377 -1.66639
vt -0.048956 -1.67979
vt -0.048956 -1.66639
vt -0.048956 -1.67979
vt -0.685377 -1.66639
vt -0.685377 0.604529
vt -0.048956 0.59113
vt -0.048956 0.604529
vt -0.048956 0.59113
vt -0.685377 0.604529
vt -0.685377 0.59113
vt -0.048956 0.604529
vt -0.048956 0.59113
vt -0.685377 0.604529
vt -0.685377 0.59113
vt -0.685377 0.604529
vt -0.048956 0.59113
vt -0.526865 1.16696
vt -0.501983 0.025885
vt -0.501983 1.16696
vt -0.501983 0.025885
vt -0.526865 1.16696
vt -0.526865 0.025885
vt -0.501983 1.16696
vt -0.501983 0.025885
vt -0.526865 1.16696
vt -0.526865 0.025885
vt -0.526865 1.16696
vt -0.501983 0.025885
vt -1.51855 1.16696
vt -1.49688 0.025885
vt -1.49688 1.16696
vt -1.49688 0.025885
vt -1.51855 1.16696
vt -1.51855 0.025885
vt -1.49688 1.16696
vt -1.49688 0.025885
vt -1.51855 1.16696
vt -1.51855 0.025885
vt -1.51855 1.16696
vt -1.49688 0.025885
vt -2.54607 0.980279
vt -2.53038 0.973565
vt -2.54021 0.985194
vt -2.54021 0.985194
vt -2.53038 0.973565
vt -2.54607 0.980279
vt -2.63333 0.232208
vt -0.033333 0.25153
vt -2.63333 0.25153
vt -0.033333 0.25153
vt -2.63333 0.232208
vt -0.033333 0.232208
vt -2.63333 0.25153
vt -0.033333 0.25153
vt -2.63333 0.232208
vt -0.033333 0.232208
vt -2.63333 0.232208
vt -0.033333 0.25153
vt -0.048532 -0.630716
vt -0.021291 -0.639732
vt -0.024241 -0.626532
vt -0.021291 -0.639732
vt -0.048532 -0.630716
vt -0.045977 -0.642149
vt -0.024241 -0.626532
vt -0.021291 -0.639732
vt -0.048532 -0.630716
vt -0.045977 -0.642149
vt -0.048532 -0.630716
vt -0.021291 -0.639732
vt 0.915537 -1.525
vt 0.903427 -1.54598
vt 0.924917 -1.53624
vt 0.903427 -1.54598
vt 0.915537 -1.525
vt 0.895304 -1.53624
vt 0.924917 -1.53624
vt 0.903427 -1.54598
vt 0.915537 -1.525
vt 0.895304 -1.53624
vt 0.915537 -1.525
vt 0.903427 -1.54598
vt -2.46827 1.08821
vt -2.45036 1.08821
vt -2.46619 1.09471
vt -2.46619 1.09471
vt -2.45036 1.08821
vt -2.46827 1.08821
vt -2.45036 0.025885
vt -2.46827 1.16696
vt -2.46827 0.025885
vt -2.46827 1.16696
vt -2.45036 0.025885
vt -2.45036 1.16696
vt -2.46827 0.025885
vt -2.46827 1.16696
vt -2.45036 0.025885
vt -2.45036 1.16696
vt -2.45036 0.025885
vt -2.46827 1.16696
vt -2.62778 1.02052
vt -2.6188 1.00848
vt -2.61949 1.02238
vt -2.61949 1.02238
vt -2.6188 1.00848
vt -2.62778 1.02052
vt -2.63333 0.668273
vt -0.033333 0.685105
vt -2.63333 0.685105
vt -0.033333 0.685105
vt -2.63333 0.668273
vt -0.033333 0.668273
vt -2.63333 0.685105
vt -0.033333 0.685105
vt -2.63333 0.668273
vt -0.033333 0.668273
vt -2.63333 0.668273
vt -0.033333 0.685105
vt 0.685377 0.025885
vt 0.048956 2.04488
vt 0.048956 0.025885
vt 0.048956 2.04488
vt 0.685377 0.025885
vt 0.685377 2.04488
vt 0.048956 0.025885
vt 0.048956 2.04488
vt 0.685377 0.025885
vt 0.685377 2.04488
vt 0.685377 0.025885
vt 0.048956 2.04488
vt -0.2212 0.596389
vt -0.195624 0.584798
vt -0.196426 0.598183
vt -0.195624 0.584798
vt -0.2212 0.596389
vt -0.220506 0.584798
vt -0.196426 0.598183
vt -0.195624 0.584798
vt -0.2212 0.596389
vt -0.220506 0.584798
vt -0.2212 0.596389
vt -0.195624 0.584798
vt -0.685377 1.16696
vt -0.048956 0.025885
vt -0.048956 1.16696
vt -0.048956 0.025885
vt -0.685377 1.16696
vt -0.685377 0.025885
vt -0.048956 1.16696
vt -0.048956 0.025885
vt -0.685377 1.16696
vt -0.685377 0.025885
vt -0.685377 1.16696
vt -0.048956 0.025885
vt -0.526784 0.542552
vt -0.501208 0.530961
vt -0.501902 0.542551
vt -0.501208 0.530961
vt -0.526784 0.542552
vt -0.525982 0.529167
vt -0.501902 0.542551
vt -0.501208 0.530961
vt -0.526784 0.542552
vt -0.525982 0.529167
vt -0.526784 0.542552
vt -0.501208 0.530961
vt -1.5186 0.39243
vt -1.49566 0.385802
vt -1.49692 0.39243
vt -1.49566 0.385802
vt -1.5186 0.39243
vt -1.51642 0.38095
vt -1.49692 0.39243
vt -1.49566 0.385802
vt -1.5186 0.39243
vt -1.51642 0.38095
vt -1.5186 0.39243
vt -1.49566 0.385802
vt -2.46827 0.098922
vt -2.46619 0.09242
vt -2.45036 0.098922
vt -2.45036 0.098922
vt -2.46619 0.09242
vt -2.46827 0.098922
vt -0.033333 1.08587
vt -2.63333 1.09978
vt -2.63333 1.08587
vt -2.63333 1.09978
vt -0.033333 1.08587
vt -0.033333 1.09978
vt -2.63333 1.08587
vt -2.63333 1.09978
vt -0.033333 1.08587
vt -0.033333 1.09978
vt -0.033333 1.08587
vt -2.63333 1.09978
vt 0.001473 0.3973
vt 0.031086 0.3973
vt 0.021706 0.408546
vt 0.031086 0.3973
vt 0.001473 0.3973
vt 0.009596 0.387561
vt 0.021706 0.408546
vt 0.031086 0.3973
vt 0.001473 0.3973
vt 0.009596 0.387561
vt 0.001473 0.3973
vt 0.031086 0.3973
vt 0.048956 0.333787
vt 0.685377 0.320388
vt 0.685377 0.333787
vt 0.685377 0.320388
vt 0.048956 0.333787
vt 0.048956 0.320388
vt 0.685377 0.333787
vt 0.685377 0.320388
vt 0.048956 0.333787
vt 0.048956 0.320388
vt 0.048956 0.333787
vt 0.685377 0.320388
vt 0.033333 -0.328765
vt 2.63333 -0.309443
vt 0.033333 -0.309443
vt 2.63333 -0.309443
vt 0.033333 -0.328765
vt 2.63333 -0.328765
vt 0.033333 -0.309443
vt 2.63333 -0.309443
vt 0.033333 -0.328765
vt 2.63333 -0.328765
vt 0.033333 -0.328765
vt 2.63333 -0.309443
vt 1.26631 -0.164153
vt 1.29078 -0.164153
vt 1.28359 -0.153983
vt 1.29078 -0.164153
vt 1.26631 -0.164153
vt 1.27047 -0.170024
vt 1.28359 -0.153983
vt 1.29078 -0.164153
vt 1.26631 -0.164153
vt 1.27047 -0.170024
vt 1.26631 -0.164153
vt 1.29078 -0.164153
vt 2.19055 -0.315851
vt 2.19175 -0.33483
vt 2.20398 -0.320936
vt 2.19175 -0.33483
vt 2.19055 -0.315851
vt 2.18399 -0.331894
vt 2.20398 -0.320936
vt 2.19175 -0.33483
vt 2.19055 -0.315851
vt 2.18399 -0.331894
vt 2.19055 -0.315851
vt 2.19175 -0.33483
vt -0.033333 0.025885
vt -2.63333 1.16696
vt -2.63333 0.025885
vt -2.63333 1.16696
vt -0.033333 0.025885
vt -0.033333 1.16696
vt -2.63333 0.025885
vt -2.63333 1.16696
vt -0.033333 0.025885
vt -0.033333 1.16696
vt -0.033333 0.025885
vt -2.63333 1.16696
vt -2.54607 0.16931
vt -2.54021 0.164395
vt -2.53038 0.176025
vt -2.53038 0.176025
vt -2.54021 0.164395
vt -2.54607 0.16931
vt -0.028617 0.708231
vt -0.008625 0.71919
vt -0.022056 0.724275
vt -0.008625 0.71919
vt -0.028617 0.708231
vt -0.020862 0.705295
vt -0.022056 0.724275
vt -0.008625 0.71919
vt -0.028617 0.708231
vt -0.020862 0.705295
vt -0.028617 0.708231
vt -0.008625 0.71919
vt 0.597394 0.082268
vt 0.585285 0.103253
vt 0.575904 0.092007
vt 0.585285 0.103253
vt 0.597394 0.082268
vt 0.605518 0.092007
vt 0.575904 0.092007
vt 0.585285 0.103253
vt 0.597394 0.082268
vt 0.605518 0.092007
vt 0.597394 0.082268
vt 0.585285 0.103253
vt 0.033333 0.196924
vt 2.63333 0.213757
vt 0.033333 0.213757
vt 2.63333 0.213757
vt 0.033333 0.196924
vt 2.63333 0.196924
vt 0.033333 0.213757
vt 2.63333 0.213757
vt 0.033333 0.196924
vt 2.63333 0.196924
vt 0.033333 0.196924
vt 2.63333 0.213757
vt 0.888682 0.709427
vt 0.911616 0.702799
vt 0.909439 0.714278
vt 0.911616 0.702799
vt 0.888682 0.709427
vt 0.889939 0.702799
vt 0.909439 0.714278
vt 0.911616 0.702799
vt 0.888682 0.709427
vt 0.889939 0.702799
vt 0.888682 0.709427
vt 0.911616 0.702799
vt -0.220421 1.16696
vt -0.195539 0.025885
vt -0.195539 1.16696
vt -0.195539 0.025885
vt -0.220421 1.16696
vt -0.220421 0.025885
vt -0.195539 1.16696
vt -0.195539 0.025885
vt -0.220421 1.16696
vt -0.220421 0.025885
vt -0.220421 1.16696
vt -0.195539 0.025885
vt -0.685377 0.56105
vt -0.048956 0.547651
vt -0.048956 0.56105
vt -0.048956 0.547651
vt -0.685377 0.56105
vt -0.685377 0.547651
vt -0.048956 0.56105
vt -0.048956 0.547651
vt -0.685377 0.56105
vt -0.685377 0.547651
vt -0.685377 0.56105
vt -0.048956 0.547651
vt -0.69125 1.39978
vt -0.664008 1.39076
vt -0.666564 1.4022
vt -0.664008 1.39076
vt -0.69125 1.39978
vt -0.6883 1.38658
vt -0.666564 1.4022
vt -0.664008 1.39076
vt -0.69125 1.39978
vt -0.6883 1.38658
vt -0.69125 1.39978
vt -0.664008 1.39076
vt -1.82847 0.897139
vt -1.804 0.897139
vt -1.80815 0.90301
vt -1.804 0.897139
vt -1.82847 0.897139
vt -1.82127 0.88697
vt -1.80815 0.90301
vt -1.804 0.897139
vt -1.82847 0.897139
vt -1.82127 0.88697
vt -1.82847 0.897139
vt -1.804 0.897139
vt -2.63333 0.024086
vt -0.033333 0.010177
vt -0.033333 0.024086
vt -0.033333 0.010177
vt -2.63333 0.024086
vt -2.63333 0.010177
vt -0.033333 0.024086
vt -0.033333 0.010177
vt -2.63333 0.024086
vt -2.63333 0.010177
vt -2.63333 0.024086
vt -0.033333 0.010177
vt -2.62778 0.090259
vt -2.61949 0.088396
vt -2.6188 0.102295
vt -2.6188 0.102295
vt -2.61949 0.088396
vt -2.62778 0.090259
vt -0.033149 1.08766
vt -0.024174 1.0997
vt -0.032461 1.10156
vt -0.032461 1.10156
vt -0.024174 1.0997
vt -0.033149 1.08766
vt -0.013106 0.025885
vt -0.031017 1.16696
vt -0.031017 0.025885
vt -0.031017 1.16696
vt -0.013106 0.025885
vt -0.013106 1.16696
vt -0.031017 0.025885
vt -0.031017 1.16696
vt -0.013106 0.025885
vt -0.013106 1.16696
vt -0.013106 0.025885
vt -0.031017 1.16696
vt 0.019181 0.864546
vt 0.046423 0.855529
vt 0.043473 0.86873
vt 0.046423 0.855529
vt 0.019181 0.864546
vt 0.021736 0.853113
vt 0.043473 0.86873
vt 0.046423 0.855529
vt 0.019181 0.864546
vt 0.021736 0.853113
vt 0.019181 0.864546
vt 0.046423 0.855529
vt 0.048956 0.836766
vt 0.685377 0.850164
vt 0.048956 0.850164
vt 0.685377 0.850164
vt 0.048956 0.836766
vt 0.685377 0.836766
vt 0.048956 0.850164
vt 0.685377 0.850164
vt 0.048956 0.836766
vt 0.685377 0.836766
vt 0.048956 0.836766
vt 0.685377 0.850164
vt 0.666118 0.759506
vt 0.693359 0.768523
vt 0.669068 0.772707
vt 0.693359 0.768523
vt 0.666118 0.759506
vt 0.690804 0.75709
vt 0.669068 0.772707
vt 0.693359 0.768523
vt 0.666118 0.759506
vt 0.690804 0.75709
vt 0.666118 0.759506
vt 0.693359 0.768523
vt 0.289738 0.27706
vt 0.290932 0.29604
vt 0.277501 0.290955
vt 0.290932 0.29604
vt 0.289738 0.27706
vt 0.297492 0.279997
vt 0.277501 0.290955
vt 0.290932 0.29604
vt 0.289738 0.27706
vt 0.297492 0.279997
vt 0.289738 0.27706
vt 0.290932 0.29604
vt 2.34275 0.834067
vt 2.33689 0.838982
vt 2.32706 0.827352
vt 2.32706 0.827352
vt 2.33689 0.838982
vt 2.34275 0.834067
vt 2.55075 0.813812
vt 2.54246 0.815675
vt 2.54177 0.801776
vt 2.54177 0.801776
vt 2.54246 0.815675
vt 2.55075 0.813812
vt -0.032461 0.009216
vt -0.024174 0.011078
vt -0.033149 0.023114
vt -0.033149 0.023114
vt -0.024174 0.011078
vt -0.032461 0.009216
vt -2.46062 0.610996
vt -2.45943 0.592016
vt -2.45287 0.608059
vt -2.45943 0.592016
vt -2.46062 0.610996
vt -2.47286 0.597101
vt -2.45287 0.608059
vt -2.45943 0.592016
vt -2.46062 0.610996
vt -2.47286 0.597101
vt -2.46062 0.610996
vt -2.45943 0.592016
vt -0.03203 1.12656
vt -0.016345 1.13327
vt -0.022206 1.13819
vt -0.022206 1.13819
vt -0.016345 1.13327
vt -0.03203 1.12656
vt -0.031017 0.024835
vt -0.015184 0.018332
vt -0.013106 0.024835
vt -0.013106 0.024835
vt -0.015184 0.018332
vt -0.031017 0.024835
vt -0.008069 0.955164
vt 0.00505 0.971205
vt -0.012224 0.961035
vt 0.00505 0.971205
vt -0.008069 0.955164
vt 0.012247 0.961035
vt -0.012224 0.961035
vt 0.00505 0.971205
vt -0.008069 0.955164
vt 0.012247 0.961035
vt -0.008069 0.955164
vt 0.00505 0.971205
vt 0.525436 0.731592
vt 0.549907 0.731592
vt 0.532633 0.741762
vt 0.549907 0.731592
vt 0.525436 0.731592
vt 0.545753 0.725721
vt 0.532633 0.741762
vt 0.549907 0.731592
vt 0.525436 0.731592
vt 0.545753 0.725721
vt 0.525436 0.731592
vt 0.549907 0.731592
vt 2.19932 1.03638
vt 2.19724 1.04288
vt 2.18141 1.03638
vt 2.18141 1.03638
vt 2.19724 1.04288
vt 2.19932 1.03638
vt 0.033333 0.890928
vt 2.63333 0.877019
vt 2.63333 0.890928
vt 2.63333 0.877019
vt 0.033333 0.890928
vt 0.033333 0.877019
vt 2.63333 0.890928
vt 2.63333 0.877019
vt 0.033333 0.890928
vt 0.033333 0.877019
vt 0.033333 0.890928
vt 2.63333 0.877019
vt 0.109495 0.894856
vt 0.101208 0.892993
vt 0.110183 0.880957
vt 0.110183 0.880957
vt 0.101208 0.892993
vt 0.109495 0.894856
vt 0.889889 1.16696
vt 0.911566 0.025885
vt 0.911566 1.16696
vt 0.911566 0.025885
vt 0.889889 1.16696
vt 0.889889 0.025885
vt 0.911566 1.16696
vt 0.911566 0.025885
vt 0.889889 1.16696
vt 0.889889 0.025885
vt 0.889889 1.16696
vt 0.911566 0.025885
vt -0.2212 0.557049
vt -0.195624 0.56864
vt -0.220506 0.56864
vt -0.195624 0.56864
vt -0.2212 0.557049
vt -0.196426 0.555255
vt -0.220506 0.56864
vt -0.195624 0.56864
vt -0.2212 0.557049
vt -0.196426 0.555255
vt -0.2212 0.557049
vt -0.195624 0.56864
vt -0.685377 1.47095
vt -0.048956 1.45755
vt -0.048956 1.47095
vt -0.048956 1.45755
vt -0.685377 1.47095
vt -0.685377 1.45755
vt -0.048956 1.47095
vt -0.048956 1.45755
vt -0.685377 1.47095
vt -0.685377 1.45755
vt -0.685377 1.47095
vt -0.048956 1.45755
vt -1.52253 1.58754
vt -1.51042 1.60853
vt -1.53191 1.59879
vt -1.51042 1.60853
vt -1.52253 1.58754
vt -1.5023 1.59879
vt -1.53191 1.59879
vt -1.51042 1.60853
vt -1.52253 1.58754
vt -1.5023 1.59879
vt -1.52253 1.58754
vt -1.51042 1.60853
vt -2.63333 -0.013759
vt -0.033333 0.003073
vt -2.63333 0.003073
vt -0.033333 0.003073
vt -2.63333 -0.013759
vt -0.033333 -0.013759
vt -2.63333 0.003073
vt -0.033333 0.003073
vt -2.63333 -0.013759
vt -0.033333 -0.013759
vt -2.63333 -0.013759
vt -0.033333 0.003073
vt -0.022056 -0.019875
vt -0.020862 -0.000895
vt -0.028617 -0.003831
vt -0.020862 -0.000895
vt -0.022056 -0.019875
vt -0.008625 -0.01479
vt -0.028617 -0.003831
vt -0.020862 -0.000895
vt -0.022056 -0.019875
vt -0.008625 -0.01479
vt -0.022056 -0.019875
vt -0.020862 -0.000895
vt -0.03203 0.023034
vt -0.022206 0.011404
vt -0.016345 0.016319
vt -0.016345 0.016319
vt -0.022206 0.011404
vt -0.03203 0.023034
vt -0.031017 1.1623
vt -0.013106 1.1623
vt -0.015184 1.1688
vt -0.015184 1.1688
vt -0.013106 1.1623
vt -0.031017 1.1623
vt -0.003958 0.025885
vt 0.017719 1.16696
vt -0.003958 1.16696
vt 0.017719 1.16696
vt -0.003958 0.025885
vt 0.017719 0.025885
vt -0.003958 1.16696
vt 0.017719 1.16696
vt -0.003958 0.025885
vt 0.017719 0.025885
vt -0.003958 0.025885
vt 0.017719 1.16696
vt -0.005215 0.015711
vt 0.017719 0.022339
vt -0.003958 0.022339
vt 0.017719 0.022339
vt -0.005215 0.015711
vt 0.015542 0.01086
vt -0.003958 0.022339
vt 0.017719 0.022339
vt -0.005215 0.015711
vt 0.015542 0.01086
vt -0.005215 0.015711
vt 0.017719 0.022339
vt 0.023279 1.13015
vt 0.047359 1.14353
vt 0.022585 1.14174
vt 0.047359 1.14353
vt 0.023279 1.13015
vt 0.048161 1.13015
vt 0.022585 1.14174
vt 0.047359 1.14353
vt 0.023279 1.13015
vt 0.048161 1.13015
vt 0.023279 1.13015
vt 0.047359 1.14353
vt 0.048956 1.12718
vt 0.685377 1.14058
vt 0.048956 1.14058
vt 0.685377 1.14058
vt 0.048956 1.12718
vt 0.685377 1.12718
vt 0.048956 1.14058
vt 0.685377 1.14058
vt 0.048956 1.12718
vt 0.685377 1.12718
vt 0.048956 1.12718
vt 0.685377 1.14058
vt 0.674247 1.10406
vt 0.699823 1.11565
vt 0.675049 1.11744
vt 0.699823 1.11565
vt 0.674247 1.10406
vt 0.699129 1.10406
vt 0.675049 1.11744
vt 0.699823 1.11565
vt 0.674247 1.10406
vt 0.699129 1.10406
vt 0.674247 1.10406
vt 0.699823 1.11565
vt 2.18141 1.16696
vt 2.19932 0.025885
vt 2.19932 1.16696
vt 2.19932 0.025885
vt 2.18141 1.16696
vt 2.18141 0.025885
vt 2.19932 1.16696
vt 2.19932 0.025885
vt 2.18141 1.16696
vt 2.18141 0.025885
vt 2.18141 1.16696
vt 2.19932 0.025885
vt 0.23535 0.980344
vt 0.225527 0.991973
vt 0.219665 0.987058
vt 0.219665 0.987058
vt 0.225527 0.991973
vt 0.23535 0.980344
vt 0.911616 0.461824
vt 0.888682 0.455196
vt 0.909439 0.450345
vt 0.888682 0.455196
vt 0.911616 0.461824
vt 0.889939 0.461824
vt 0.909439 0.450345
vt 0.888682 0.455196
vt 0.911616 0.461824
vt 0.889939 0.461824
vt 0.911616 0.461824
vt 0.888682 0.455196
vt -0.048532 1.48679
vt -0.021291 1.49581
vt -0.045977 1.49822
vt -0.021291 1.49581
vt -0.048532 1.48679
vt -0.024241 1.4826
vt -0.045977 1.49822
vt -0.021291 1.49581
vt -0.048532 1.48679
vt -0.024241 1.4826
vt -0.048532 1.48679
vt -0.021291 1.49581
vt -0.685377 1.98857
vt -0.048956 1.97518
vt -0.048956 1.98857
vt -0.048956 1.97518
vt -0.685377 1.98857
vt -0.685377 1.97518
vt -0.048956 1.98857
vt -0.048956 1.97518
vt -0.685377 1.98857
vt -0.685377 1.97518
vt -0.685377 1.98857
vt -0.048956 1.97518
vt -0.012224 0.001394
vt 0.012247 0.001394
vt -0.008069 0.007265
vt 0.012247 0.001394
vt -0.012224 0.001394
vt 0.00505 -0.008776
vt -0.008069 0.007265
vt 0.012247 0.001394
vt -0.012224 0.001394
vt 0.00505 -0.008776
vt -0.012224 0.001394
vt 0.012247 0.001394
vt -0.003958 1.14228
vt 0.015542 1.15376
vt -0.005215 1.14891
vt 0.015542 1.15376
vt -0.003958 1.14228
vt 0.017719 1.14228
vt -0.005215 1.14891
vt 0.015542 1.15376
vt -0.003958 1.14228
vt 0.017719 1.14228
vt -0.003958 1.14228
vt 0.015542 1.15376
vt 0.589261 1.07289
vt 0.612195 1.07952
vt 0.591438 1.08437
vt 0.612195 1.07952
vt 0.589261 1.07289
vt 0.610938 1.07289
vt 0.591438 1.08437
vt 0.612195 1.07952
vt 0.589261 1.07289
vt 0.610938 1.07289
vt 0.589261 1.07289
vt 0.612195 1.07952
vt 0.033333 1.16696
vt 2.63333 0.025885
vt 2.63333 1.16696
vt 2.63333 0.025885
vt 0.033333 1.16696
vt 0.033333 0.025885
vt 2.63333 1.16696
vt 2.63333 0.025885
vt 0.033333 1.16696
vt 0.033333 0.025885
vt 0.033333 1.16696
vt 2.63333 0.025885
vt 0.299969 1.11047
vt 0.284136 1.11697
vt 0.282058 1.11047
vt 0.282058 1.11047
vt 0.284136 1.11697
vt 0.299969 1.11047
vt 1.26631 1.12658
vt 1.29078 1.12658
vt 1.27047 1.13245
vt 1.29078 1.12658
vt 1.26631 1.12658
vt 1.28359 1.11641
vt 1.27047 1.13245
vt 1.29078 1.12658
vt 1.26631 1.12658
vt 1.28359 1.11641
vt 1.26631 1.12658
vt 1.29078 1.12658
vt -2.63333 -0.037398
vt -0.033333 -0.018076
vt -2.63333 -0.018076
vt -0.033333 -0.018076
vt -2.63333 -0.037398
vt -0.033333 -0.037398
vt -2.63333 -0.018076
vt -0.033333 -0.018076
vt -2.63333 -0.037398
vt -0.033333 -0.037398
vt -2.63333 -0.037398
vt -0.033333 -0.018076
vt 0.021706 -0.040706
vt 0.009596 -0.019721
vt 0.001473 -0.02946
vt 0.009596 -0.019721
vt 0.021706 -0.040706
vt 0.031086 -0.02946
vt 0.001473 -0.02946
vt 0.009596 -0.019721
vt 0.021706 -0.040706
vt 0.031086 -0.02946
vt 0.021706 -0.040706
vt 0.009596 -0.019721
vt 0.023278 0.025885
vt 0.04816 1.16696
vt 0.023278 1.16696
vt 0.04816 1.16696
vt 0.023278 0.025885
vt 0.04816 0.025885
vt 0.023278 1.16696
vt 0.04816 1.16696
vt 0.023278 0.025885
vt 0.04816 0.025885
vt 0.023278 0.025885
vt 0.04816 1.16696
vt 0.022585 0.011699
vt 0.048161 0.02329
vt 0.023279 0.02329
vt 0.048161 0.02329
vt 0.022585 0.011699
vt 0.047359 0.009906
vt 0.023279 0.02329
vt 0.048161 0.02329
vt 0.022585 0.011699
vt 0.047359 0.009906
vt 0.022585 0.011699
vt 0.048161 0.02329
vt 0.048956 0.025885
vt 0.685377 1.16696
vt 0.048956 1.16696
vt 0.685377 1.16696
vt 0.048956 0.025885
vt 0.685377 0.025885
vt 0.048956 1.16696
vt 0.685377 1.16696
vt 0.048956 0.025885
vt 0.685377 0.025885
vt 0.048956 0.025885
vt 0.685377 1.16696
vt 0.674244 0.025885
vt 0.699126 1.16696
vt 0.674244 1.16696
vt 0.699126 1.16696
vt 0.674244 0.025885
vt 0.699126 0.025885
vt 0.674244 1.16696
vt 0.699126 1.16696
vt 0.674244 0.025885
vt 0.699126 0.025885
vt 0.674244 0.025885
vt 0.699126 1.16696
vt 2.19932 0.150756
vt 2.18141 0.150756
vt 2.19724 0.144254
vt 2.19724 0.144254
vt 2.18141 0.150756
vt 2.19932 0.150756
vt 0.282058 1.16696
vt 0.299969 0.025885
vt 0.299969 1.16696
vt 0.299969 0.025885
vt 0.282058 1.16696
vt 0.282058 0.025885
vt 0.299969 1.16696
vt 0.299969 0.025885
vt 0.282058 1.16696
vt 0.282058 0.025885
vt 0.282058 1.16696
vt 0.299969 0.025885
vt 2.34275 0.315522
vt 2.32706 0.322237
vt 2.33689 0.310607
vt 2.33689 0.310607
vt 2.32706 0.322237
vt 2.34275 0.315522
vt 0.903427 1.91382
vt 0.915537 1.89284
vt 0.924917 1.90408
vt 0.915537 1.89284
vt 0.903427 1.91382
vt 0.895304 1.90408
vt 0.924917 1.90408
vt 0.915537 1.89284
vt 0.903427 1.91382
vt 0.895304 1.90408
vt 0.903427 1.91382
vt 0.915537 1.89284
vt 2.19175 1.03923
vt 2.19055 1.02025
vt 2.20398 1.02534
vt 2.19055 1.02025
vt 2.19175 1.03923
vt 2.18399 1.03629
vt 2.20398 1.02534
vt 2.19055 1.02025
vt 2.19175 1.03923
vt 2.18399 1.03629
vt 2.19175 1.03923
vt 2.19055 1.02025
vt -0.685377 2.04488
vt -0.048956 0.025885
vt -0.048956 2.04488
vt -0.048956 0.025885
vt -0.685377 2.04488
vt -0.685377 0.025885
vt -0.048956 2.04488
vt -0.048956 0.025885
vt -0.685377 2.04488
vt -0.685377 0.025885
vt -0.685377 2.04488
vt -0.048956 0.025885
vt 0.019181 -0.008474
vt 0.046423 0.000543
vt 0.021736 0.00296
vt 0.046423 0.000543
vt 0.019181 -0.008474
vt 0.043473 -0.012657
vt 0.021736 0.00296
vt 0.046423 0.000543
vt 0.019181 -0.008474
vt 0.043473 -0.012657
vt 0.019181 -0.008474
vt 0.046423 0.000543
vt 0.589269 0.025885
vt 0.610946 1.16696
vt 0.589269 1.16696
vt 0.610946 1.16696
vt 0.589269 0.025885
vt 0.610946 0.025885
vt 0.589269 1.16696
vt 0.610946 1.16696
vt 0.589269 0.025885
vt 0.610946 0.025885
vt 0.589269 0.025885
vt 0.610946 1.16696
vt 0.033333 0.232937
vt 2.63333 0.219028
vt 2.63333 0.232937
vt 2.63333 0.219028
vt 0.033333 0.232937
vt 0.033333 0.219028
vt 2.63333 0.232937
vt 2.63333 0.219028
vt 0.033333 0.232937
vt 0.033333 0.219028
vt 0.033333 0.232937
vt 2.63333 0.219028
vt 2.55075 0.296964
vt 2.54177 0.309
vt 2.54246 0.295101
vt 2.54246 0.295101
vt 2.54177 0.309
vt 2.55075 0.296964
vt 0.048956 -0.025002
vt 0.685377 -0.011603
vt 0.048956 -0.011603
vt 0.685377 -0.011603
vt 0.048956 -0.025002
vt 0.685377 -0.025002
vt 0.048956 -0.011603
vt 0.685377 -0.011603
vt 0.048956 -0.025002
vt 0.685377 -0.025002
vt 0.048956 -0.025002
vt 0.685377 -0.011603
vt 0.048956 0.011603
vt 0.685377 0.025002
vt 0.048956 0.025002
vt 0.685377 0.025002
vt 0.048956 0.011603
vt 0.685377 0.011603
vt 0.048956 0.025002
vt 0.685377 0.025002
vt 0.048956 0.011603
vt 0.685377 0.011603
vt 0.048956 0.011603
vt 0.685377 0.025002
vt 0.674247 0.049379
vt 0.699823 0.037788
vt 0.699129 0.049378
vt 0.699823 0.037788
vt 0.674247 0.049379
vt 0.675049 0.035994
vt 0.699129 0.049378
vt 0.699823 0.037788
vt 0.674247 0.049379
vt 0.675049 0.035994
vt 0.674247 0.049379
vt 0.699823 0.037788
vt 0.299969 0.076668
vt 0.282058 0.076668
vt 0.284136 0.070166
vt 0.284136 0.070166
vt 0.282058 0.076668
vt 0.299969 0.076668
vt 2.63333 0.542896
vt 0.033333 0.523575
vt 2.63333 0.523575
vt 0.033333 0.523575
vt 2.63333 0.542896
vt 0.033333 0.542896
vt 2.63333 0.523575
vt 0.033333 0.523575
vt 2.63333 0.542896
vt 0.033333 0.542896
vt 2.63333 0.542896
vt 0.033333 0.523575
vt 2.63333 0.474422
vt 0.033333 0.457589
vt 2.63333 0.457589
vt 0.033333 0.457589
vt 2.63333 0.474422
vt 0.033333 0.474422
vt 2.63333 0.457589
vt 0.033333 0.457589
vt 2.63333 0.474422
vt 0.033333 0.474422
vt 2.63333 0.474422
vt 0.033333 0.457589
vt 0.685377 0.006699
vt 0.048956 -0.006699
vt 0.685377 -0.006699
vt 0.048956 -0.006699
vt 0.685377 0.006699
vt 0.048956 0.006699
vt 0.685377 -0.006699
vt 0.048956 -0.006699
vt 0.685377 0.006699
vt 0.048956 0.006699
vt 0.685377 0.006699
vt 0.048956 -0.006699
vt 0.612195 0.085106
vt 0.589261 0.091734
vt 0.591438 0.080254
vt 0.589261 0.091734
vt 0.612195 0.085106
vt 0.610938 0.091734
vt 0.591438 0.080254
vt 0.589261 0.091734
vt 0.612195 0.085106
vt 0.610938 0.091734
vt 0.612195 0.085106
vt 0.589261 0.091734
vt 0.110183 0.229819
vt 0.101208 0.217783
vt 0.109495 0.215921
vt 0.109495 0.215921
vt 0.101208 0.217783
vt 0.110183 0.229819
vt 0.23535 0.169246
vt 0.219665 0.162531
vt 0.225527 0.157616
vt 0.225527 0.157616
vt 0.219665 0.162531
vt 0.23535 0.169246
vt 0.585285 0.264587
vt 0.597394 0.285572
vt 0.575904 0.275833
vt 0.597394 0.285572
vt 0.585285 0.264587
vt 0.605518 0.275833
vt 0.575904 0.275833
vt 0.597394 0.285572
vt 0.585285 0.264587
vt 0.605518 0.275833
vt 0.585285 0.264587
vt 0.597394 0.285572
vt 0.693359 0.087549
vt 0.666118 0.096566
vt 0.669068 0.083365
vt 0.666118 0.096566
vt 0.693359 0.087549
vt 0.690804 0.098982
vt 0.669068 0.083365
vt 0.666118 0.096566
vt 0.693359 0.087549
vt 0.690804 0.098982
vt 0.693359 0.087549
vt 0.666118 0.096566
vt 0.525436 0.230837
vt 0.549907 0.230837
vt 0.545753 0.236708
vt 0.549907 0.230837
vt 0.525436 0.230837
vt 0.532633 0.220667
vt 0.545753 0.236708
vt 0.549907 0.230837
vt 0.525436 0.230837
vt 0.532633 0.220667
vt 0.525436 0.230837
vt 0.549907 0.230837
vt 0.289738 0.427339
vt 0.290932 0.40836
vt 0.297492 0.424403
vt 0.290932 0.40836
vt 0.289738 0.427339
vt 0.277501 0.413445
vt 0.297492 0.424403
vt 0.290932 0.40836
vt 0.289738 0.427339
vt 0.277501 0.413445
vt 0.289738 0.427339
vt 0.290932 0.40836
vt -2.16019 -0.788361
vt -2.17628 -0.801729
vt -2.15903 -0.801729
vt -2.17628 -0.801729
vt -2.16019 -0.788361
vt -2.17513 -0.788361
vt -2.15903 -0.801729
vt -2.17628 -0.801729
vt -2.16019 -0.788361
vt -2.17513 -0.788361
vt -2.16019 -0.788361
vt -2.17628 -0.801729
vt -2.17628 0.025885
vt -2.15903 0.362384
vt -2.17628 0.362384
vt -2.15903 0.362384
vt -2.17628 0.025885
vt -2.15903 0.025885
vt -2.17628 0.362384
vt -2.15903 0.362384
vt -2.17628 0.025885
vt -2.15903 0.025885
vt -2.17628 0.025885
vt -2.15903 0.362384
vt -4.81447 -0.437356
vt -4.83057 -0.423988
vt -4.83172 -0.437356
vt -4.83057 -0.423988
vt -4.81447 -0.437356
vt -4.81563 -0.423988
vt -4.83172 -0.437356
vt -4.83057 -0.423988
vt -4.81447 -0.437356
vt -4.81563 -0.423988
vt -4.81447 -0.437356
vt -4.83057 -0.423988
vt -2.16019 -2.92379
vt -2.17197 -2.91062
vt -2.17513 -2.92379
vt -2.17197 -2.91062
vt -2.16019 -2.92379
vt -2.16334 -2.91062
vt -2.17513 -2.92379
vt -2.17197 -2.91062
vt -2.16019 -2.92379
vt -2.16334 -2.91062
vt -2.16019 -2.92379
vt -2.17197 -2.91062
vt 1.06112 -0.845751
vt 1.07721 -0.85912
vt 1.07606 -0.845751
vt 1.07721 -0.85912
vt 1.06112 -0.845751
vt 1.05996 -0.85912
vt 1.07606 -0.845751
vt 1.07721 -0.85912
vt 1.06112 -0.845751
vt 1.05996 -0.85912
vt 1.06112 -0.845751
vt 1.07721 -0.85912
vt 1.07696 0.362384
vt 1.05971 0.025885
vt 1.07696 0.025885
vt 1.05971 0.025885
vt 1.07696 0.362384
vt 1.05971 0.362384
vt 1.07696 0.025885
vt 1.05971 0.025885
vt 1.07696 0.362384
vt 1.05971 0.362384
vt 1.07696 0.362384
vt 1.05971 0.025885
vt -4.83156 0.362384
vt -4.8143 0.025885
vt -4.8143 0.362384
vt -4.8143 0.025885
vt -4.83156 0.362384
vt -4.83156 0.025885
vt -4.8143 0.362384
vt -4.8143 0.025885
vt -4.83156 0.362384
vt -4.83156 0.025885
vt -4.83156 0.362384
vt -4.8143 0.025885
vt 1.06446 -3.06944
vt 1.07625 -3.08261
vt 1.07309 -3.06944
vt 1.07625 -3.08261
vt 1.06446 -3.06944
vt 1.06131 -3.08261
vt 1.07309 -3.06944
vt 1.07625 -3.08261
vt 1.06446 -3.06944
vt 1.06131 -3.08261
vt 1.06446 -3.06944
vt 1.07625 -3.08261
vt -2.17628 1.17761
vt -2.16019 1.16425
vt -2.15903 1.17761
vt -2.16019 1.16425
vt -2.17628 1.17761
vt -2.17513 1.16425
vt -2.15903 1.17761
vt -2.16019 1.16425
vt -2.17628 1.17761
vt -2.17513 1.16425
vt -2.17628 1.17761
vt -2.16019 1.16425
vt 1.05996 1.235
vt 1.07606 1.22163
vt 1.07721 1.235
vt 1.07606 1.22163
vt 1.05996 1.235
vt 1.06112 1.22163
vt 1.07721 1.235
vt 1.07606 1.22163
vt 1.05996 1.235
vt 1.06112 1.22163
vt 1.05996 1.235
vt 1.07606 1.22163
vt -5.69886 -0.186017
vt -0.033333 -0.172618
vt -5.69886 -0.172618
vt -0.033333 -0.172618
vt -5.69886 -0.186017
vt -0.033333 -0.186017
vt -5.69886 -0.172618
vt -0.033333 -0.172618
vt -5.69886 -0.186017
vt -0.033333 -0.186017
vt -5.69886 -0.186017
vt -0.033333 -0.172618
vt -4.81575 -1.91309
vt -4.82753 -1.89992
vt -4.83069 -1.91309
vt -4.82753 -1.89992
vt -4.81575 -1.91309
vt -4.8189 -1.89992
vt -4.83069 -1.91309
vt -4.82753 -1.89992
vt -4.81575 -1.91309
vt -4.8189 -1.89992
vt -4.81575 -1.91309
vt -4.82753 -1.89992
vt -5.69886 0.025885
vt -0.033333 0.362384
vt -5.69886 0.362384
vt -0.033333 0.362384
vt -5.69886 0.025885
vt -0.033333 0.025885
vt -5.69886 0.362384
vt -0.033333 0.362384
vt -5.69886 0.025885
vt -0.033333 0.025885
vt -5.69886 0.025885
vt -0.033333 0.362384
vt -2.17197 -4.31778
vt -2.16334 -4.31778
vt -2.16766 -4.3048
vt -2.16766 -4.3048
vt -2.16334 -4.31778
vt -2.17197 -4.31778
vt 1.06402 -4.53817
vt 1.07265 -4.53817
vt 1.06834 -4.5252
vt 1.06834 -4.5252
vt 1.07265 -4.53817
vt 1.06402 -4.53817
vt 2.63333 -0.788844
vt 0.033333 -0.802243
vt 2.63333 -0.802243
vt 0.033333 -0.802243
vt 2.63333 -0.788844
vt 0.033333 -0.788844
vt 2.63333 -0.802243
vt 0.033333 -0.802243
vt 2.63333 -0.788844
vt 0.033333 -0.788844
vt 2.63333 -0.788844
vt 0.033333 -0.802243
vt 2.63333 -2.86627
vt 0.033333 -2.87967
vt 2.63333 -2.87967
vt 0.033333 -2.87967
vt 2.63333 -2.86627
vt 0.033333 -2.86627
vt 2.63333 -2.87967
vt 0.033333 -2.87967
vt 2.63333 -2.86627
vt 0.033333 -2.86627
vt 2.63333 -2.86627
vt 0.033333 -2.87967
vt -4.83057 0.79987
vt -4.81447 0.813239
vt -4.83172 0.813239
vt -4.81447 0.813239
vt -4.83057 0.79987
vt -4.81563 0.79987
vt -4.83172 0.813239
vt -4.81447 0.813239
vt -4.83057 0.79987
vt -4.81563 0.79987
vt -4.83057 0.79987
vt -4.81447 0.813239
vt 0.033333 0.362384
vt 2.63333 0.025885
vt 2.63333 0.362384
vt 2.63333 0.025885
vt 0.033333 0.362384
vt 0.033333 0.025885
vt 2.63333 0.362384
vt 2.63333 0.025885
vt 0.033333 0.362384
vt 0.033333 0.025885
vt 0.033333 0.362384
vt 2.63333 0.025885
vt -0.033333 -1.183
vt -5.69886 -1.1964
vt -0.033333 -1.1964
vt -5.69886 -1.1964
vt -0.033333 -1.183
vt -5.69886 -1.183
vt -0.033333 -1.1964
vt -5.69886 -1.1964
vt -0.033333 -1.183
vt -5.69886 -1.183
vt -0.033333 -1.183
vt -5.69886 -1.1964
vt -4.82725 -2.91631
vt -4.81862 -2.91631
vt -4.82293 -2.90334
vt -4.82293 -2.90334
vt -4.81862 -2.91631
vt -4.82725 -2.91631
vt 0.033333 -4.17402
vt 2.63333 -4.18742
vt 2.63333 -4.17402
vt 2.63333 -4.18742
vt 0.033333 -4.17402
vt 0.033333 -4.18742
vt 2.63333 -4.17402
vt 2.63333 -4.18742
vt 0.033333 -4.17402
vt 0.033333 -4.18742
vt 0.033333 -4.17402
vt 2.63333 -4.18742
vt -2.17197 3.18987
vt -2.16019 3.20304
vt -2.17513 3.20304
vt -2.16019 3.20304
vt -2.17197 3.18987
vt -2.16334 3.18987
vt -2.17513 3.20304
vt -2.16019 3.20304
vt -2.17197 3.18987
vt -2.16334 3.18987
vt -2.17197 3.18987
vt -2.16019 3.20304
vt 0.033333 1.17728
vt 2.63333 1.16388
vt 2.63333 1.17728
vt 2.63333 1.16388
vt 0.033333 1.17728
vt 0.033333 1.16388
vt 2.63333 1.17728
vt 2.63333 1.16388
vt 0.033333 1.17728
vt 0.033333 1.16388
vt 0.033333 1.17728
vt 2.63333 1.16388
vt 1.06446 3.3487
vt 1.07625 3.36187
vt 1.06131 3.36187
vt 1.07625 3.36187
vt 1.06446 3.3487
vt 1.07309 3.3487
vt 1.06131 3.36187
vt 1.07625 3.36187
vt 1.06446 3.3487
vt 1.07309 3.3487
vt 1.06446 3.3487
vt 1.07625 3.36187
vt -0.705144 -0.14868
vt -0.721243 -0.135311
vt -0.722399 -0.14868
vt -0.721243 -0.135311
vt -0.705144 -0.14868
vt -0.706301 -0.135311
vt -0.722399 -0.14868
vt -0.721243 -0.135311
vt -0.705144 -0.14868
vt -0.706301 -0.135311
vt -0.705144 -0.14868
vt -0.721243 -0.135311
vt -0.721165 -1.11275
vt -0.70938 -1.09958
vt -0.718008 -1.09958
vt -0.70938 -1.09958
vt -0.721165 -1.11275
vt -0.706223 -1.11275
vt -0.718008 -1.09958
vt -0.70938 -1.09958
vt -0.721165 -1.11275
vt -0.706223 -1.11275
vt -0.721165 -1.11275
vt -0.70938 -1.09958
vt -5.69886 0.547651
vt -0.033333 0.56105
vt -5.69886 0.56105
vt -0.033333 0.56105
vt -5.69886 0.547651
vt -0.033333 0.547651
vt -5.69886 0.56105
vt -0.033333 0.56105
vt -5.69886 0.547651
vt -0.033333 0.547651
vt -5.69886 0.547651
vt -0.033333 0.56105
vt -0.705249 0.025885
vt -0.722503 0.362384
vt -0.722503 0.025885
vt -0.722503 0.362384
vt -0.705249 0.025885
vt -0.705249 0.362384
vt -0.722503 0.025885
vt -0.722503 0.362384
vt -0.705249 0.025885
vt -0.705249 0.362384
vt -0.705249 0.025885
vt -0.722503 0.362384
vt -0.033333 -1.88807
vt -5.69886 -1.87467
vt -5.69886 -1.88807
vt -5.69886 -1.87467
vt -0.033333 -1.88807
vt -0.033333 -1.87467
vt -5.69886 -1.88807
vt -5.69886 -1.87467
vt -0.033333 -1.88807
vt -0.033333 -1.87467
vt -0.033333 -1.88807
vt -5.69886 -1.87467
vt 5.69886 2.04488
vt 0.033333 0.025885
vt 5.69886 0.025885
vt 0.033333 0.025885
vt 5.69886 2.04488
vt 0.033333 2.04488
vt 5.69886 0.025885
vt 0.033333 0.025885
vt 5.69886 2.04488
vt 0.033333 2.04488
vt 5.69886 2.04488
vt 0.033333 0.025885
vt 1.49974 -0.711457
vt 1.51584 -0.724825
vt 1.51468 -0.711456
vt 1.51584 -0.724825
vt 1.49974 -0.711457
vt 1.49858 -0.724825
vt 1.51468 -0.711456
vt 1.51584 -0.724825
vt 1.49974 -0.711457
vt 1.49858 -0.724825
vt 1.49974 -0.711457
vt 1.51584 -0.724825
vt 1.51135 -2.69711
vt 1.49957 -2.71028
vt 1.51451 -2.71028
vt 1.49957 -2.71028
vt 1.51135 -2.69711
vt 1.50273 -2.69711
vt 1.51451 -2.71028
vt 1.49957 -2.71028
vt 1.51135 -2.69711
vt 1.50273 -2.69711
vt 1.51135 -2.69711
vt 1.49957 -2.71028
vt -4.83069 2.19235
vt -4.8189 2.17918
vt -4.81575 2.19235
vt -4.8189 2.17918
vt -4.83069 2.19235
vt -4.82753 2.17918
vt -4.81575 2.19235
vt -4.8189 2.17918
vt -4.83069 2.19235
vt -4.82753 2.17918
vt -4.83069 2.19235
vt -4.8189 2.17918
vt 1.49881 0.362384
vt 1.51606 0.025885
vt 1.51606 0.362384
vt 1.51606 0.025885
vt 1.49881 0.362384
vt 1.49881 0.025885
vt 1.51606 0.362384
vt 1.51606 0.025885
vt 1.49881 0.362384
vt 1.49881 0.025885
vt 1.49881 0.362384
vt 1.51606 0.025885
vt 2.63333 3.15422
vt 0.033333 3.14082
vt 2.63333 3.14082
vt 0.033333 3.14082
vt 2.63333 3.15422
vt 0.033333 3.15422
vt 2.63333 3.14082
vt 0.033333 3.14082
vt 2.63333 3.15422
vt 0.033333 3.15422
vt 2.63333 3.15422
vt 0.033333 3.14082
vt -0.718189 -1.80598
vt -0.709562 -1.80598
vt -0.713875 -1.79301
vt -0.713875 -1.79301
vt -0.709562 -1.80598
vt -0.718189 -1.80598
vt -0.722399 0.524562
vt -0.706301 0.511193
vt -0.705144 0.524562
vt -0.706301 0.511193
vt -0.722399 0.524562
vt -0.721243 0.511193
vt -0.705144 0.524562
vt -0.706301 0.511193
vt -0.722399 0.524562
vt -0.721243 0.511193
vt -0.722399 0.524562
vt -0.706301 0.511193
vt 1.51175 -4.02164
vt 1.50743 -4.00866
vt 1.50312 -4.02164
vt 1.50312 -4.02164
vt 1.50743 -4.00866
vt 1.51175 -4.02164
vt 0.033333 0.112112
vt 5.69886 0.125511
vt 0.033333 0.125511
vt 5.69886 0.125511
vt 0.033333 0.112112
vt 5.69886 0.112112
vt 0.033333 0.125511
vt 5.69886 0.125511
vt 0.033333 0.112112
vt 5.69886 0.112112
vt 0.033333 0.112112
vt 5.69886 0.125511
vt -2.17197 4.42158
vt -2.16766 4.40861
vt -2.16334 4.42158
vt -2.16334 4.42158
vt -2.16766 4.40861
vt -2.17197 4.42158
vt 1.06402 4.64198
vt 1.06834 4.629
vt 1.07265 4.64198
vt 1.07265 4.64198
vt 1.06834 4.629
vt 1.06402 4.64198
vt -5.69886 1.45755
vt -0.033333 1.47095
vt -5.69886 1.47095
vt -0.033333 1.47095
vt -5.69886 1.45755
vt -0.033333 1.45755
vt -5.69886 1.47095
vt -0.033333 1.47095
vt -5.69886 1.45755
vt -0.033333 1.45755
vt -5.69886 1.45755
vt -0.033333 1.47095
vt 1.51584 1.10071
vt 1.49974 1.08734
vt 1.51468 1.08734
vt 1.49974 1.08734
vt 1.51584 1.10071
vt 1.49858 1.10071
vt 1.51468 1.08734
vt 1.49974 1.08734
vt 1.51584 1.10071
vt 1.49858 1.10071
vt 1.51584 1.10071
vt 1.49974 1.08734
vt 0.033333 4.27453
vt 2.63333 4.28793
vt 0.033333 4.28793
vt 2.63333 4.28793
vt 0.033333 4.27453
vt 2.63333 4.27453
vt 0.033333 4.28793
vt 2.63333 4.28793
vt 0.033333 4.27453
vt 2.63333 4.27453
vt 0.033333 4.27453
vt 2.63333 4.28793
vt -1.89425 -0.01313
vt -1.87815 0.000238
vt -1.89309 0.000238
vt -1.87815 0.000238
vt -1.89425 -0.01313
vt -1.87699 -0.01313
vt -1.89309 0.000238
vt -1.87815 0.000238
vt -1.89425 -0.01313
vt -1.87699 -0.01313
vt -1.89425 -0.01313
vt -1.87815 0.000238
vt -1.89425 0.025885
vt -1.87699 0.362384
vt -1.89425 0.362384
vt -1.87699 0.362384
vt -1.89425 0.025885
vt -1.87699 0.025885
vt -1.89425 0.362384
vt -1.87699 0.362384
vt -1.89425 0.025885
vt -1.87699 0.025885
vt -1.89425 0.025885
vt -1.87699 0.362384
vt -1.89309 -0.736985
vt -1.8813 -0.723813
vt -1.88993 -0.723813
vt -1.8813 -0.723813
vt -1.89309 -0.736985
vt -1.87815 -0.736985
vt -1.88993 -0.723813
vt -1.8813 -0.723813
vt -1.89309 -0.736985
vt -1.87815 -0.736985
vt -1.89309 -0.736985
vt -1.8813 -0.723813
vt -1.88562 -1.27187
vt -1.88993 -1.28484
vt -1.8813 -1.28484
vt -1.8813 -1.28484
vt -1.88993 -1.28484
vt -1.88562 -1.27187
vt -1.89309 0.375646
vt -1.87699 0.389015
vt -1.89425 0.389015
vt -1.87699 0.389015
vt -1.89309 0.375646
vt -1.87815 0.375646
vt -1.89425 0.389015
vt -1.87699 0.389015
vt -1.89309 0.375646
vt -1.87815 0.375646
vt -1.89309 0.375646
vt -1.87699 0.389015
vt 4.05759 -2.90683
vt 4.05328 -2.89386
vt 4.04896 -2.90683
vt 4.04896 -2.90683
vt 4.05328 -2.89386
vt 4.05759 -2.90683
vt -2.63333 0.112112
vt -0.033333 0.125511
vt -2.63333 0.125511
vt -0.033333 0.125511
vt -2.63333 0.112112
vt -0.033333 0.112112
vt -2.63333 0.125511
vt -0.033333 0.125511
vt -2.63333 0.112112
vt -0.033333 0.112112
vt -2.63333 0.112112
vt -0.033333 0.125511
vt 0.027883 0.121382
vt 0.023568 0.134355
vt 0.019255 0.121382
vt 0.019255 0.121382
vt 0.023568 0.134355
vt 0.027883 0.121382
vt 4.0458 -0.421498
vt 4.0619 -0.434866
vt 4.06075 -0.421498
vt 4.0619 -0.434866
vt 4.0458 -0.421498
vt 4.04465 -0.434866
vt 4.06075 -0.421498
vt 4.0619 -0.434866
vt 4.0458 -0.421498
vt 4.04465 -0.434866
vt 4.0458 -0.421498
vt 4.0619 -0.434866
vt 4.05759 -1.8933
vt 4.0458 -1.90647
vt 4.06075 -1.90647
vt 4.0458 -1.90647
vt 4.05759 -1.8933
vt 4.04896 -1.8933
vt 4.06075 -1.90647
vt 4.0458 -1.90647
vt 4.05759 -1.8933
vt 4.04896 -1.8933
vt 4.05759 -1.8933
vt 4.0458 -1.90647
vt -4.82725 3.02012
vt -4.82293 3.00715
vt -4.81862 3.02012
vt -4.81862 3.02012
vt -4.82293 3.00715
vt -4.82725 3.02012
vt 4.04465 0.362384
vt 4.0619 0.025885
vt 4.0619 0.362384
vt 4.0619 0.025885
vt 4.04465 0.362384
vt 4.04465 0.025885
vt 4.0619 0.362384
vt 4.0619 0.025885
vt 4.04465 0.362384
vt 4.04465 0.025885
vt 4.04465 0.362384
vt 4.0619 0.025885
vt 1.49957 2.98954
vt 1.51135 2.97637
vt 1.51451 2.98954
vt 1.51135 2.97637
vt 1.49957 2.98954
vt 1.50273 2.97637
vt 1.51451 2.98954
vt 1.51135 2.97637
vt 1.49957 2.98954
vt 1.50273 2.97637
vt 1.49957 2.98954
vt 1.51135 2.97637
vt 1.51175 4.12544
vt 1.50312 4.12544
vt 1.50743 4.11247
vt 1.50743 4.11247
vt 1.50312 4.12544
vt 1.51175 4.12544
vt -2.5522 -0.382179
vt -2.55651 -0.395153
vt -2.54789 -0.395153
vt -2.54789 -0.395153
vt -2.55651 -0.395153
vt -2.5522 -0.382179
vt -0.721165 1.392
vt -0.70938 1.37883
vt -0.706223 1.392
vt -0.70938 1.37883
vt -0.721165 1.392
vt -0.718008 1.37883
vt -0.706223 1.392
vt -0.70938 1.37883
vt -0.721165 1.392
vt -0.718008 1.37883
vt -0.721165 1.392
vt -0.70938 1.37883
vt 5.51755 -0.988947
vt 5.51324 -0.975974
vt 5.50892 -0.988947
vt 5.50892 -0.988947
vt 5.51324 -0.975974
vt 5.51755 -0.988947
vt 0.033333 0.281246
vt 5.69886 0.267848
vt 5.69886 0.281246
vt 5.69886 0.267848
vt 0.033333 0.281246
vt 0.033333 0.267848
vt 5.69886 0.281246
vt 5.69886 0.267848
vt 0.033333 0.281246
vt 0.033333 0.267848
vt 0.033333 0.281246
vt 5.69886 0.267848
vt -0 0.139081
vt -0.004313 0.126107
vt 0.004313 0.126107
vt 0.004313 0.126107
vt -0.004313 0.126107
vt -0 0.139081
vt 0.019257 0.290102
vt 0.031042 0.27693
vt 0.027884 0.290102
vt 0.031042 0.27693
vt 0.019257 0.290102
vt 0.016099 0.27693
vt 0.027884 0.290102
vt 0.031042 0.27693
vt 0.019257 0.290102
vt 0.016099 0.27693
vt 0.019257 0.290102
vt 0.031042 0.27693
vt -5.69886 1.97518
vt -0.033333 1.98857
vt -5.69886 1.98857
vt -0.033333 1.98857
vt -5.69886 1.97518
vt -0.033333 1.97518
vt -5.69886 1.98857
vt -0.033333 1.98857
vt -5.69886 1.97518
vt -0.033333 1.97518
vt -5.69886 1.97518
vt -0.033333 1.98857
vt -0.033333 0.025885
vt -5.69886 2.04488
vt -5.69886 0.025885
vt -5.69886 2.04488
vt -0.033333 0.025885
vt -0.033333 2.04488
vt -5.69886 0.025885
vt -5.69886 2.04488
vt -0.033333 0.025885
vt -0.033333 2.04488
vt -0.033333 0.025885
vt -5.69886 2.04488
vt 4.0619 0.810751
vt 4.0458 0.797382
vt 4.06075 0.797382
vt 4.0458 0.797382
vt 4.0619 0.810751
vt 4.04465 0.810751
vt 4.06075 0.797382
vt 4.0458 0.797382
vt 4.0619 0.810751
vt 4.04465 0.810751
vt 4.0619 0.810751
vt 4.0458 0.797382
vt 4.05759 3.01064
vt 4.04896 3.01064
vt 4.05328 2.99766
vt 4.05328 2.99766
vt 4.04896 3.01064
vt 4.05759 3.01064
vt -2.56085 0.218207
vt -2.54476 0.231576
vt -2.5597 0.231576
vt -2.54476 0.231576
vt -2.56085 0.218207
vt -2.5436 0.218207
vt -2.5597 0.231576
vt -2.54476 0.231576
vt -2.56085 0.218207
vt -2.5436 0.218207
vt -2.56085 0.218207
vt -2.54476 0.231576
vt -2.55972 -0.095397
vt -2.54793 -0.082226
vt -2.55656 -0.082225
vt -2.54793 -0.082226
vt -2.55972 -0.095397
vt -2.54478 -0.095397
vt -2.55656 -0.082225
vt -2.54793 -0.082226
vt -2.55972 -0.095397
vt -2.54478 -0.095397
vt -2.55972 -0.095397
vt -2.54793 -0.082226
vt -2.54357 0.025885
vt -2.56083 0.362384
vt -2.56083 0.025885
vt -2.56083 0.362384
vt -2.54357 0.025885
vt -2.54357 0.362384
vt -2.56083 0.025885
vt -2.56083 0.362384
vt -2.54357 0.025885
vt -2.54357 0.362384
vt -2.54357 0.025885
vt -2.56083 0.362384
vt -1.8813 1.00307
vt -1.89309 1.01624
vt -1.88993 1.00307
vt -1.89309 1.01624
vt -1.8813 1.00307
vt -1.87815 1.01624
vt -1.88993 1.00307
vt -1.89309 1.01624
vt -1.8813 1.00307
vt -1.87815 1.01624
vt -1.8813 1.00307
vt -1.89309 1.01624
vt -2.5597 0.144306
vt -2.5436 0.157675
vt -2.56085 0.157675
vt -2.5436 0.157675
vt -2.5597 0.144306
vt -2.54476 0.144306
vt -2.56085 0.157675
vt -2.5436 0.157675
vt -2.5597 0.144306
vt -2.54476 0.144306
vt -2.5597 0.144306
vt -2.5436 0.157675
vt 5.50903 -0.510244
vt 5.52081 -0.523416
vt 5.51766 -0.510244
vt 5.52081 -0.523416
vt 5.50903 -0.510244
vt 5.50587 -0.523416
vt 5.51766 -0.510244
vt 5.52081 -0.523416
vt 5.50903 -0.510244
vt 5.50587 -0.523416
vt 5.50903 -0.510244
vt 5.52081 -0.523416
vt -2.63333 0.281246
vt -0.033333 0.267848
vt -0.033333 0.281246
vt -0.033333 0.267848
vt -2.63333 0.281246
vt -2.63333 0.267848
vt -0.033333 0.281246
vt -0.033333 0.267848
vt -2.63333 0.281246
vt -2.63333 0.267848
vt -2.63333 0.281246
vt -0.033333 0.267848
vt -0.023568 0.134355
vt -0.027883 0.121382
vt -0.019255 0.121382
vt -0.019255 0.121382
vt -0.027883 0.121382
vt -0.023568 0.134355
vt -0.004313 0.293507
vt 0.007472 0.280335
vt 0.004313 0.293507
vt 0.007472 0.280335
vt -0.004313 0.293507
vt -0.007472 0.280335
vt 0.004313 0.293507
vt 0.007472 0.280335
vt -0.004313 0.293507
vt -0.007472 0.280335
vt -0.004313 0.293507
vt 0.007472 0.280335
vt 5.52077 0.077194
vt 5.50467 0.063825
vt 5.52192 0.063825
vt 5.50467 0.063825
vt 5.52077 0.077194
vt 5.50583 0.077194
vt 5.52192 0.063825
vt 5.50467 0.063825
vt 5.52077 0.077194
vt 5.50583 0.077194
vt 5.52077 0.077194
vt 5.50467 0.063825
vt 5.69886 -0.025002
vt 0.033333 -0.011603
vt 0.033333 -0.025002
vt 0.033333 -0.011603
vt 5.69886 -0.025002
vt 5.69886 -0.011603
vt 0.033333 -0.025002
vt 0.033333 -0.011603
vt 5.69886 -0.025002
vt 5.69886 -0.011603
vt 5.69886 -0.025002
vt 0.033333 -0.011603
vt -0.718189 1.90979
vt -0.713875 1.89682
vt -0.709562 1.90979
vt -0.709562 1.90979
vt -0.713875 1.89682
vt -0.718189 1.90979
vt 5.52186 0.362384
vt 5.50461 0.025885
vt 5.52186 0.025885
vt 5.50461 0.025885
vt 5.52186 0.362384
vt 5.50461 0.362384
vt 5.52186 0.025885
vt 5.50461 0.025885
vt 5.52186 0.362384
vt 5.50461 0.362384
vt 5.52186 0.362384
vt 5.50461 0.025885
vt 4.0458 2.18572
vt 4.05759 2.17255
vt 4.06075 2.18572
vt 4.05759 2.17255
vt 4.0458 2.18572
vt 4.04896 2.17255
vt 4.06075 2.18572
vt 4.05759 2.17255
vt 4.0458 2.18572
vt 4.04896 2.17255
vt 4.0458 2.18572
vt 4.05759 2.17255
vt 5.51755 1.09275
vt 5.50892 1.09275
vt 5.51324 1.07978
vt 5.51324 1.07978
vt 5.50892 1.09275
vt 5.51755 1.09275
vt -1.88562 1.37567
vt -1.8813 1.38865
vt -1.88993 1.38865
vt -1.88993 1.38865
vt -1.8813 1.38865
vt -1.88562 1.37567
vt -2.54793 0.361483
vt -2.55972 0.374655
vt -2.55656 0.361483
vt -2.55972 0.374655
vt -2.54793 0.361483
vt -2.54478 0.374655
vt -2.55656 0.361483
vt -2.55972 0.374655
vt -2.54793 0.361483
vt -2.54478 0.374655
vt -2.54793 0.361483
vt -2.55972 0.374655
vt -0.016099 0.27693
vt -0.027884 0.290102
vt -0.031042 0.27693
vt -0.027884 0.290102
vt -0.016099 0.27693
vt -0.019257 0.290102
vt -0.031042 0.27693
vt -0.027884 0.290102
vt -0.016099 0.27693
vt -0.019257 0.290102
vt -0.016099 0.27693
vt -0.027884 0.290102
vt 0.033333 0.36343
vt 5.69886 0.350031
vt 5.69886 0.36343
vt 5.69886 0.350031
vt 0.033333 0.36343
vt 0.033333 0.350031
vt 5.69886 0.36343
vt 5.69886 0.350031
vt 0.033333 0.36343
vt 0.033333 0.350031
vt 0.033333 0.36343
vt 5.69886 0.350031
vt 0.014943 0.352502
vt 0.031041 0.365871
vt 0.016099 0.365871
vt 0.031041 0.365871
vt 0.014943 0.352502
vt 0.032197 0.352502
vt 0.016099 0.365871
vt 0.031041 0.365871
vt 0.014943 0.352502
vt 0.032197 0.352502
vt 0.014943 0.352502
vt 0.031041 0.365871
vt -0.033333 -0.025002
vt -2.63333 -0.011603
vt -2.63333 -0.025002
vt -2.63333 -0.011603
vt -0.033333 -0.025002
vt -0.033333 -0.011603
vt -2.63333 -0.025002
vt -2.63333 -0.011603
vt -0.033333 -0.025002
vt -0.033333 -0.011603
vt -0.033333 -0.025002
vt -2.63333 -0.011603
vt 0.027883 -0.017575
vt 0.019255 -0.017575
vt 0.023568 -0.030549
vt 0.023568 -0.030549
vt 0.019255 -0.017575
vt 0.027883 -0.017575
vt 5.50583 0.298688
vt 5.52192 0.312057
vt 5.50467 0.312057
vt 5.52192 0.312057
vt 5.50583 0.298688
vt 5.52077 0.298688
vt 5.50467 0.312057
vt 5.52192 0.312057
vt 5.50583 0.298688
vt 5.52077 0.298688
vt 5.50583 0.298688
vt 5.52192 0.312057
vt 5.52081 0.802673
vt 5.50903 0.789501
vt 5.51766 0.789501
vt 5.50903 0.789501
vt 5.52081 0.802673
vt 5.50587 0.802673
vt 5.51766 0.789501
vt 5.50903 0.789501
vt 5.52081 0.802673
vt 5.50587 0.802673
vt 5.52081 0.802673
vt 5.50903 0.789501
vt -0.033333 0.350031
vt -2.63333 0.36343
vt -2.63333 0.350031
vt -2.63333 0.36343
vt -0.033333 0.350031
vt -0.033333 0.36343
vt -2.63333 0.350031
vt -2.63333 0.36343
vt -0.033333 0.350031
vt -0.033333 0.36343
vt -0.033333 0.350031
vt -2.63333 0.36343
vt -0.033333 0.025885
vt -2.63333 0.362384
vt -2.63333 0.025885
vt -2.63333 0.362384
vt -0.033333 0.025885
vt -0.033333 0.362384
vt -2.63333 0.025885
vt -2.63333 0.362384
vt -0.033333 0.025885
vt -0.033333 0.362384
vt -0.033333 0.025885
vt -2.63333 0.362384
vt -2.5522 0.485986
vt -2.54789 0.498959
vt -2.55651 0.498959
vt -2.55651 0.498959
vt -2.54789 0.498959
vt -2.5522 0.485986
vt -2.63333 0.011603
vt -0.033333 0.025002
vt -2.63333 0.025002
vt -0.033333 0.025002
vt -2.63333 0.011603
vt -0.033333 0.011603
vt -2.63333 0.025002
vt -0.033333 0.025002
vt -2.63333 0.011603
vt -0.033333 0.011603
vt -2.63333 0.011603
vt -0.033333 0.025002
vt -0.032197 0.352502
vt -0.016099 0.365871
vt -0.031041 0.365871
vt -0.016099 0.365871
vt -0.032197 0.352502
vt -0.014943 0.352502
vt -0.031041 0.365871
vt -0.016099 0.365871
vt -0.032197 0.352502
vt -0.014943 0.352502
vt -0.032197 0.352502
vt -0.016099 0.365871
vt -0.008627 0.353733
vt 0.007472 0.367101
vt -0.007472 0.367101
vt 0.007472 0.367101
vt -0.008627 0.353733
vt 0.008627 0.353733
vt -0.007472 0.367101
vt 0.007472 0.367101
vt -0.008627 0.353733
vt 0.008627 0.353733
vt -0.008627 0.353733
vt 0.007472 0.367101
vt 0.033333 0.362384
vt 5.69886 0.025885
vt 5.69886 0.362384
vt 5.69886 0.025885
vt 0.033333 0.362384
vt 0.033333 0.025885
vt 5.69886 0.362384
vt 5.69886 0.025885
vt 0.033333 0.362384
vt 0.033333 0.025885
vt 0.033333 0.362384
vt 5.69886 0.025885
vt 5.69886 -0.006699
vt 0.033333 0.006699
vt 0.033333 -0.006699
vt 0.033333 0.006699
vt 5.69886 -0.006699
vt 5.69886 0.006699
vt 0.033333 -0.006699
vt 0.033333 0.006699
vt 5.69886 -0.006699
vt 5.69886 0.006699
vt 5.69886 -0.006699
vt 0.033333 0.006699
vt 0.031042 0.002327
vt 0.019257 -0.010845
vt 0.027884 -0.010845
vt 0.019257 -0.010845
vt 0.031042 0.002327
vt 0.016099 0.002327
vt 0.027884 -0.010845
vt 0.019257 -0.010845
vt 0.031042 0.002327
vt 0.016099 0.002327
vt 0.031042 0.002327
vt 0.019257 -0.010845
vt 0 -0.035274
vt 0.004313 -0.0223
vt -0.004313 -0.0223
vt -0.004313 -0.0223
vt 0.004313 -0.0223
vt 0 -0.035274
vt 0.033333 0.025002
vt 5.69886 0.011603
vt 5.69886 0.025002
vt 5.69886 0.011603
vt 0.033333 0.025002
vt 0.033333 0.011603
vt 5.69886 0.025002
vt 5.69886 0.011603
vt 0.033333 0.025002
vt 0.033333 0.011603
vt 0.033333 0.025002
vt 5.69886 0.011603
vt -0.033333 -0.006699
vt -2.63333 0.006699
vt -2.63333 -0.006699
vt -2.63333 0.006699
vt -0.033333 -0.006699
vt -0.033333 0.006699
vt -2.63333 -0.006699
vt -2.63333 0.006699
vt -0.033333 -0.006699
vt -0.033333 0.006699
vt -0.033333 -0.006699
vt -2.63333 0.006699
vt 0.014942 0.025885
vt 0.032197 0.362384
vt 0.014942 0.362384
vt 0.032197 0.362384
vt 0.014942 0.025885
vt 0.032197 0.025885
vt 0.014942 0.362384
vt 0.032197 0.362384
vt 0.014942 0.025885
vt 0.032197 0.025885
vt 0.014942 0.025885
vt 0.032197 0.362384
vt -0.008627 0.362384
vt 0.008627 0.025885
vt 0.008627 0.362384
vt 0.008627 0.025885
vt -0.008627 0.362384
vt -0.008627 0.025885
vt 0.008627 0.362384
vt 0.008627 0.025885
vt -0.008627 0.362384
vt -0.008627 0.025885
vt -0.008627 0.362384
vt 0.008627 0.025885
vt -0.023568 -0.030549
vt -0.019255 -0.017575
vt -0.027883 -0.017575
vt -0.027883 -0.017575
vt -0.019255 -0.017575
vt -0.023568 -0.030549
vt 0.007472 -0.001081
vt -0.004313 -0.014253
vt 0.004313 -0.014253
vt -0.004313 -0.014253
vt 0.007472 -0.001081
vt -0.007472 -0.001081
vt 0.004313 -0.014253
vt -0.004313 -0.014253
vt 0.007472 -0.001081
vt -0.007472 -0.001081
vt 0.007472 -0.001081
vt -0.004313 -0.014253
vt -0.014942 0.025885
vt -0.032197 0.362384
vt -0.032197 0.025885
vt -0.032197 0.362384
vt -0.014942 0.025885
vt -0.014942 0.362384
vt -0.032197 0.025885
vt -0.032197 0.362384
vt -0.014942 0.025885
vt -0.014942 0.362384
vt -0.014942 0.025885
vt -0.032197 0.362384
vt -0.016099 0.010011
vt -0.032197 0.02338
vt -0.031041 0.010011
vt -0.032197 0.02338
vt -0.016099 0.010011
vt -0.014943 0.02338
vt -0.031041 0.010011
vt -0.032197 0.02338
vt -0.016099 0.010011
vt -0.014943 0.02338
vt -0.016099 0.010011
vt -0.032197 0.02338
vt -0.016099 0.002327
vt -0.027884 -0.010845
vt -0.019257 -0.010845
vt -0.027884 -0.010845
vt -0.016099 0.002327
vt -0.031042 0.002327
vt -0.019257 -0.010845
vt -0.027884 -0.010845
vt -0.016099 0.002327
vt -0.031042 0.002327
vt -0.016099 0.002327
vt -0.027884 -0.010845
vt 0.032197 0.02338
vt 0.016099 0.010011
vt 0.031041 0.010011
vt 0.016099 0.010011
vt 0.032197 0.02338
vt 0.014943 0.02338
vt 0.031041 0.010011
vt 0.016099 0.010011
vt 0.032197 0.02338
vt 0.014943 0.02338
vt 0.032197 0.02338
vt 0.016099 0.010011
vt -0.008627 0.022152
vt 0.007472 0.008783
vt 0.008627 0.022152
vt 0.007472 0.008783
vt -0.008627 0.022152
vt -0.007472 0.008783
vt 0.008627 0.022152
vt 0.007472 0.008783
vt -0.008627 0.022152
vt -0.007472 0.008783
vt -0.008627 0.022152
vt 0.007472 0.008783
vt -2.15903 -0.801729
vt -2.17513 -0.788361
vt -2.17628 -0.801729
vt -2.17513 -0.788361
vt -2.15903 -0.801729
vt -2.16019 -0.788361
vt -2.17628 -0.801729
vt -2.17513 -0.788361
vt -2.15903 -0.801729
vt -2.16019 -0.788361
vt -2.15903 -0.801729
vt -2.17513 -0.788361
vt 1.06112 -0.845751
vt 1.07721 -0.85912
vt 1.07606 -0.845751
vt 1.07721 -0.85912
vt 1.06112 -0.845751
vt 1.05996 -0.85912
vt 1.07606 -0.845751
vt 1.07721 -0.85912
vt 1.06112 -0.845751
vt 1.05996 -0.85912
vt 1.06112 -0.845751
vt 1.07721 -0.85912
vt -2.17628 0.025885
vt -2.15903 0.362384
vt -2.17628 0.362384
vt -2.15903 0.362384
vt -2.17628 0.025885
vt -2.15903 0.025885
vt -2.17628 0.362384
vt -2.15903 0.362384
vt -2.17628 0.025885
vt -2.15903 0.025885
vt -2.17628 0.025885
vt -2.15903 0.362384
vt -4.83172 -0.437356
vt -4.81563 -0.423988
vt -4.83057 -0.423988
vt -4.81563 -0.423988
vt -4.83172 -0.437356
vt -4.81447 -0.437356
vt -4.83057 -0.423988
vt -4.81563 -0.423988
vt -4.83172 -0.437356
vt -4.81447 -0.437356
vt -4.83172 -0.437356
vt -4.81563 -0.423988
vt -2.16019 -2.92379
vt -2.17197 -2.91062
vt -2.17513 -2.92379
vt -2.17197 -2.91062
vt -2.16019 -2.92379
vt -2.16334 -2.91062
vt -2.17513 -2.92379
vt -2.17197 -2.91062
vt -2.16019 -2.92379
vt -2.16334 -2.91062
vt -2.16019 -2.92379
vt -2.17197 -2.91062
vt 1.07625 -3.08261
vt 1.06446 -3.06944
vt 1.06131 -3.08261
vt 1.06446 -3.06944
vt 1.07625 -3.08261
vt 1.07309 -3.06944
vt 1.06131 -3.08261
vt 1.06446 -3.06944
vt 1.07625 -3.08261
vt 1.07309 -3.06944
vt 1.07625 -3.08261
vt 1.06446 -3.06944
vt 1.07696 0.362384
vt 1.05971 0.025885
vt 1.07696 0.025885
vt 1.05971 0.025885
vt 1.07696 0.362384
vt 1.05971 0.362384
vt 1.07696 0.025885
vt 1.05971 0.025885
vt 1.07696 0.362384
vt 1.05971 0.362384
vt 1.07696 0.362384
vt 1.05971 0.025885
vt -4.81575 -1.91309
vt -4.82753 -1.89992
vt -4.83069 -1.91309
vt -4.82753 -1.89992
vt -4.81575 -1.91309
vt -4.8189 -1.89992
vt -4.83069 -1.91309
vt -4.82753 -1.89992
vt -4.81575 -1.91309
vt -4.8189 -1.89992
vt -4.81575 -1.91309
vt -4.82753 -1.89992
vt 0.033333 -0.788844
vt 2.63333 -0.802243
vt 2.63333 -0.788844
vt 2.63333 -0.802243
vt 0.033333 -0.788844
vt 0.033333 -0.802243
vt 2.63333 -0.788844
vt 2.63333 -0.802243
vt 0.033333 -0.788844
vt 0.033333 -0.802243
vt 0.033333 -0.788844
vt 2.63333 -0.802243
vt 2.63333 -2.86627
vt 0.033333 -2.87967
vt 2.63333 -2.87967
vt 0.033333 -2.87967
vt 2.63333 -2.86627
vt 0.033333 -2.86627
vt 2.63333 -2.87967
vt 0.033333 -2.87967
vt 2.63333 -2.86627
vt 0.033333 -2.86627
vt 2.63333 -2.86627
vt 0.033333 -2.87967
vt -2.17628 1.17761
vt -2.16019 1.16425
vt -2.15903 1.17761
vt -2.16019 1.16425
vt -2.17628 1.17761
vt -2.17513 1.16425
vt -2.15903 1.17761
vt -2.16019 1.16425
vt -2.17628 1.17761
vt -2.17513 1.16425
vt -2.17628 1.17761
vt -2.16019 1.16425
vt -4.8143 0.025885
vt -4.83156 0.362384
vt -4.83156 0.025885
vt -4.83156 0.362384
vt -4.8143 0.025885
vt -4.8143 0.362384
vt -4.83156 0.025885
vt -4.83156 0.362384
vt -4.8143 0.025885
vt -4.8143 0.362384
vt -4.8143 0.025885
vt -4.83156 0.362384
vt 1.05996 1.235
vt 1.07606 1.22163
vt 1.07721 1.235
vt 1.07606 1.22163
vt 1.05996 1.235
vt 1.06112 1.22163
vt 1.07721 1.235
vt 1.07606 1.22163
vt 1.05996 1.235
vt 1.06112 1.22163
vt 1.05996 1.235
vt 1.07606 1.22163
vt -5.69886 -0.186017
vt -0.033333 -0.172618
vt -5.69886 -0.172618
vt -0.033333 -0.172618
vt -5.69886 -0.186017
vt -0.033333 -0.186017
vt -5.69886 -0.172618
vt -0.033333 -0.172618
vt -5.69886 -0.186017
vt -0.033333 -0.186017
vt -5.69886 -0.186017
vt -0.033333 -0.172618
vt -2.17197 -4.31778
vt -2.16334 -4.31778
vt -2.16766 -4.3048
vt -2.16766 -4.3048
vt -2.16334 -4.31778
vt -2.17197 -4.31778
vt 1.06402 -4.53817
vt 1.07265 -4.53817
vt 1.06834 -4.5252
vt 1.06834 -4.5252
vt 1.07265 -4.53817
vt 1.06402 -4.53817
vt 0.033333 0.362384
vt 2.63333 0.025885
vt 2.63333 0.362384
vt 2.63333 0.025885
vt 0.033333 0.362384
vt 0.033333 0.025885
vt 2.63333 0.362384
vt 2.63333 0.025885
vt 0.033333 0.362384
vt 0.033333 0.025885
vt 0.033333 0.362384
vt 2.63333 0.025885
vt -4.83057 0.79987
vt -4.81447 0.813239
vt -4.83172 0.813239
vt -4.81447 0.813239
vt -4.83057 0.79987
vt -4.81563 0.79987
vt -4.83172 0.813239
vt -4.81447 0.813239
vt -4.83057 0.79987
vt -4.81563 0.79987
vt -4.83057 0.79987
vt -4.81447 0.813239
vt -5.69886 0.025885
vt -0.033333 0.362384
vt -5.69886 0.362384
vt -0.033333 0.362384
vt -5.69886 0.025885
vt -0.033333 0.025885
vt -5.69886 0.362384
vt -0.033333 0.362384
vt -5.69886 0.025885
vt -0.033333 0.025885
vt -5.69886 0.025885
vt -0.033333 0.362384
vt -0.033333 -1.1964
vt -5.69886 -1.183
vt -5.69886 -1.1964
vt -5.69886 -1.183
vt -0.033333 -1.1964
vt -0.033333 -1.183
vt -5.69886 -1.1964
vt -5.69886 -1.183
vt -0.033333 -1.1964
vt -0.033333 -1.183
vt -0.033333 -1.1964
vt -5.69886 -1.183
vt -4.82725 -2.91631
vt -4.81862 -2.91631
vt -4.82293 -2.90334
vt -4.82293 -2.90334
vt -4.81862 -2.91631
vt -4.82725 -2.91631
vt 2.63333 -4.17402
vt 0.033333 -4.18742
vt 2.63333 -4.18742
vt 0.033333 -4.18742
vt 2.63333 -4.17402
vt 0.033333 -4.17402
vt 2.63333 -4.18742
vt 0.033333 -4.18742
vt 2.63333 -4.17402
vt 0.033333 -4.17402
vt 2.63333 -4.17402
vt 0.033333 -4.18742
vt 1.49974 -0.711457
vt 1.51584 -0.724825
vt 1.51468 -0.711456
vt 1.51584 -0.724825
vt 1.49974 -0.711457
vt 1.49858 -0.724825
vt 1.51468 -0.711456
vt 1.51584 -0.724825
vt 1.49974 -0.711457
vt 1.49858 -0.724825
vt 1.49974 -0.711457
vt 1.51584 -0.724825
vt 1.51135 -2.69711
vt 1.49957 -2.71028
vt 1.51451 -2.71028
vt 1.49957 -2.71028
vt 1.51135 -2.69711
vt 1.50273 -2.69711
vt 1.51451 -2.71028
vt 1.49957 -2.71028
vt 1.51135 -2.69711
vt 1.50273 -2.69711
vt 1.51135 -2.69711
vt 1.49957 -2.71028
vt -2.17197 3.18987
vt -2.16019 3.20304
vt -2.17513 3.20304
vt -2.16019 3.20304
vt -2.17197 3.18987
vt -2.16334 3.18987
vt -2.17513 3.20304
vt -2.16019 3.20304
vt -2.17197 3.18987
vt -2.16334 3.18987
vt -2.17197 3.18987
vt -2.16019 3.20304
vt 0.033333 1.17728
vt 2.63333 1.16388
vt 2.63333 1.17728
vt 2.63333 1.16388
vt 0.033333 1.17728
vt 0.033333 1.16388
vt 2.63333 1.17728
vt 2.63333 1.16388
vt 0.033333 1.17728
vt 0.033333 1.16388
vt 0.033333 1.17728
vt 2.63333 1.16388
vt 1.06446 3.3487
vt 1.07625 3.36187
vt 1.06131 3.36187
vt 1.07625 3.36187
vt 1.06446 3.3487
vt 1.07309 3.3487
vt 1.06131 3.36187
vt 1.07625 3.36187
vt 1.06446 3.3487
vt 1.07309 3.3487
vt 1.06446 3.3487
vt 1.07625 3.36187
vt -0.705144 -0.14868
vt -0.721243 -0.135311
vt -0.722399 -0.14868
vt -0.721243 -0.135311
vt -0.705144 -0.14868
vt -0.706301 -0.135311
vt -0.722399 -0.14868
vt -0.721243 -0.135311
vt -0.705144 -0.14868
vt -0.706301 -0.135311
vt -0.705144 -0.14868
vt -0.721243 -0.135311
vt -0.033333 -1.88807
vt -5.69886 -1.87467
vt -5.69886 -1.88807
vt -5.69886 -1.87467
vt -0.033333 -1.88807
vt -0.033333 -1.87467
vt -5.69886 -1.88807
vt -5.69886 -1.87467
vt -0.033333 -1.88807
vt -0.033333 -1.87467
vt -0.033333 -1.88807
vt -5.69886 -1.87467
vt 1.49881 0.362384
vt 1.51606 0.025885
vt 1.51606 0.362384
vt 1.51606 0.025885
vt 1.49881 0.362384
vt 1.49881 0.025885
vt 1.51606 0.362384
vt 1.51606 0.025885
vt 1.49881 0.362384
vt 1.49881 0.025885
vt 1.49881 0.362384
vt 1.51606 0.025885
vt -4.83069 2.19235
vt -4.8189 2.17918
vt -4.81575 2.19235
vt -4.8189 2.17918
vt -4.83069 2.19235
vt -4.82753 2.17918
vt -4.81575 2.19235
vt -4.8189 2.17918
vt -4.83069 2.19235
vt -4.82753 2.17918
vt -4.83069 2.19235
vt -4.8189 2.17918
vt -5.69886 0.547651
vt -0.033333 0.56105
vt -5.69886 0.56105
vt -0.033333 0.56105
vt -5.69886 0.547651
vt -0.033333 0.547651
vt -5.69886 0.56105
vt -0.033333 0.56105
vt -5.69886 0.547651
vt -0.033333 0.547651
vt -5.69886 0.547651
vt -0.033333 0.56105
vt 2.63333 3.15422
vt 0.033333 3.14082
vt 2.63333 3.14082
vt 0.033333 3.14082
vt 2.63333 3.15422
vt 0.033333 3.15422
vt 2.63333 3.14082
vt 0.033333 3.14082
vt 2.63333 3.15422
vt 0.033333 3.15422
vt 2.63333 3.15422
vt 0.033333 3.14082
vt -0.722503 0.025885
vt -0.705249 0.362384
vt -0.722503 0.362384
vt -0.705249 0.362384
vt -0.722503 0.025885
vt -0.705249 0.025885
vt -0.722503 0.362384
vt -0.705249 0.362384
vt -0.722503 0.025885
vt -0.705249 0.025885
vt -0.722503 0.025885
vt -0.705249 0.362384
vt -0.721165 -1.11275
vt -0.70938 -1.09958
vt -0.718008 -1.09958
vt -0.70938 -1.09958
vt -0.721165 -1.11275
vt -0.706223 -1.11275
vt -0.718008 -1.09958
vt -0.70938 -1.09958
vt -0.721165 -1.11275
vt -0.706223 -1.11275
vt -0.721165 -1.11275
vt -0.70938 -1.09958
vt 0.033333 2.04488
vt 5.69886 0.025885
vt 5.69886 2.04488
vt 5.69886 0.025885
vt 0.033333 2.04488
vt 0.033333 0.025885
vt 5.69886 2.04488
vt 5.69886 0.025885
vt 0.033333 2.04488
vt 0.033333 0.025885
vt 0.033333 2.04488
vt 5.69886 0.025885
vt 1.51175 -4.02164
vt 1.50743 -4.00866
vt 1.50312 -4.02164
vt 1.50312 -4.02164
vt 1.50743 -4.00866
vt 1.51175 -4.02164
vt 4.06075 -0.421498
vt 4.04465 -0.434866
vt 4.0619 -0.434866
vt 4.04465 -0.434866
vt 4.06075 -0.421498
vt 4.0458 -0.421498
vt 4.0619 -0.434866
vt 4.04465 -0.434866
vt 4.06075 -0.421498
vt 4.0458 -0.421498
vt 4.06075 -0.421498
vt 4.04465 -0.434866
vt 4.05759 -1.8933
vt 4.0458 -1.90647
vt 4.06075 -1.90647
vt 4.0458 -1.90647
vt 4.05759 -1.8933
vt 4.04896 -1.8933
vt 4.06075 -1.90647
vt 4.0458 -1.90647
vt 4.05759 -1.8933
vt 4.04896 -1.8933
vt 4.05759 -1.8933
vt 4.0458 -1.90647
vt -2.17197 4.42158
vt -2.16766 4.40861
vt -2.16334 4.42158
vt -2.16334 4.42158
vt -2.16766 4.40861
vt -2.17197 4.42158
vt 1.06402 4.64198
vt 1.06834 4.629
vt 1.07265 4.64198
vt 1.07265 4.64198
vt 1.06834 4.629
vt 1.06402 4.64198
vt -5.69886 1.45755
vt -0.033333 1.47095
vt -5.69886 1.47095
vt -0.033333 1.47095
vt -5.69886 1.45755
vt -0.033333 1.45755
vt -5.69886 1.47095
vt -0.033333 1.47095
vt -5.69886 1.45755
vt -0.033333 1.45755
vt -5.69886 1.45755
vt -0.033333 1.47095
vt 1.51584 1.10071
vt 1.49974 1.08734
vt 1.51468 1.08734
vt 1.49974 1.08734
vt 1.51584 1.10071
vt 1.49858 1.10071
vt 1.51468 1.08734
vt 1.49974 1.08734
vt 1.51584 1.10071
vt 1.49858 1.10071
vt 1.51584 1.10071
vt 1.49974 1.08734
vt 0.033333 4.27453
vt 2.63333 4.28793
vt 0.033333 4.28793
vt 2.63333 4.28793
vt 0.033333 4.27453
vt 2.63333 4.27453
vt 0.033333 4.28793
vt 2.63333 4.28793
vt 0.033333 4.27453
vt 2.63333 4.27453
vt 0.033333 4.27453
vt 2.63333 4.28793
vt -1.89425 -0.01313
vt -1.87815 0.000238
vt -1.89309 0.000238
vt -1.87815 0.000238
vt -1.89425 -0.01313
vt -1.87699 -0.01313
vt -1.89309 0.000238
vt -1.87815 0.000238
vt -1.89425 -0.01313
vt -1.87699 -0.01313
vt -1.89425 -0.01313
vt -1.87815 0.000238
vt -0.718189 -1.80598
vt -0.709562 -1.80598
vt -0.713875 -1.79301
vt -0.713875 -1.79301
vt -0.709562 -1.80598
vt -0.718189 -1.80598
vt 4.05759 -2.90683
vt 4.05328 -2.89386
vt 4.04896 -2.90683
vt 4.04896 -2.90683
vt 4.05328 -2.89386
vt 4.05759 -2.90683
vt 4.04465 0.025885
vt 4.0619 0.362384
vt 4.04465 0.362384
vt 4.0619 0.362384
vt 4.04465 0.025885
vt 4.0619 0.025885
vt 4.04465 0.362384
vt 4.0619 0.362384
vt 4.04465 0.025885
vt 4.0619 0.025885
vt 4.04465 0.025885
vt 4.0619 0.362384
vt -4.82725 3.02012
vt -4.82293 3.00715
vt -4.81862 3.02012
vt -4.81862 3.02012
vt -4.82293 3.00715
vt -4.82725 3.02012
vt -0.706301 0.511193
vt -0.722399 0.524562
vt -0.721243 0.511193
vt -0.722399 0.524562
vt -0.706301 0.511193
vt -0.705144 0.524562
vt -0.721243 0.511193
vt -0.722399 0.524562
vt -0.706301 0.511193
vt -0.705144 0.524562
vt -0.706301 0.511193
vt -0.722399 0.524562
vt 1.49957 2.98954
vt 1.51135 2.97637
vt 1.51451 2.98954
vt 1.51135 2.97637
vt 1.49957 2.98954
vt 1.50273 2.97637
vt 1.51451 2.98954
vt 1.51135 2.97637
vt 1.49957 2.98954
vt 1.50273 2.97637
vt 1.49957 2.98954
vt 1.51135 2.97637
vt 1.51175 4.12544
vt 1.50312 4.12544
vt 1.50743 4.11247
vt 1.50743 4.11247
vt 1.50312 4.12544
vt 1.51175 4.12544
vt -1.87699 0.025885
vt -1.89425 0.362384
vt -1.89425 0.025885
vt -1.89425 0.362384
vt -1.87699 0.025885
vt -1.87699 0.362384
vt -1.89425 0.025885
vt -1.89425 0.362384
vt -1.87699 0.025885
vt -1.87699 0.362384
vt -1.87699 0.025885
vt -1.89425 0.362384
vt -1.8813 -0.723813
vt -1.89309 -0.736985
vt -1.87815 -0.736985
vt -1.89309 -0.736985
vt -1.8813 -0.723813
vt -1.88993 -0.723813
vt -1.87815 -0.736985
vt -1.89309 -0.736985
vt -1.8813 -0.723813
vt -1.88993 -0.723813
vt -1.8813 -0.723813
vt -1.89309 -0.736985
vt -1.88562 -1.27187
vt -1.88993 -1.28484
vt -1.8813 -1.28484
vt -1.8813 -1.28484
vt -1.88993 -1.28484
vt -1.88562 -1.27187
vt -2.63333 0.112112
vt -0.033333 0.125511
vt -2.63333 0.125511
vt -0.033333 0.125511
vt -2.63333 0.112112
vt -0.033333 0.112112
vt -2.63333 0.125511
vt -0.033333 0.125511
vt -2.63333 0.112112
vt -0.033333 0.112112
vt -2.63333 0.112112
vt -0.033333 0.125511
vt 0.033333 0.125511
vt 5.69886 0.112112
vt 5.69886 0.125511
vt 5.69886 0.112112
vt 0.033333 0.125511
vt 0.033333 0.112112
vt 5.69886 0.125511
vt 5.69886 0.112112
vt 0.033333 0.125511
vt 0.033333 0.112112
vt 0.033333 0.125511
vt 5.69886 0.112112
vt 5.51755 -0.988947
vt 5.51324 -0.975974
vt 5.50892 -0.988947
vt 5.50892 -0.988947
vt 5.51324 -0.975974
vt 5.51755 -0.988947
vt 5.50583 0.077194
vt 5.52192 0.063825
vt 5.52077 0.077194
vt 5.52192 0.063825
vt 5.50583 0.077194
vt 5.50467 0.063825
vt 5.52077 0.077194
vt 5.52192 0.063825
vt 5.50583 0.077194
vt 5.50467 0.063825
vt 5.50583 0.077194
vt 5.52192 0.063825
vt 5.52186 0.362384
vt 5.50461 0.025885
vt 5.52186 0.025885
vt 5.50461 0.025885
vt 5.52186 0.362384
vt 5.50461 0.362384
vt 5.52186 0.025885
vt 5.50461 0.025885
vt 5.52186 0.362384
vt 5.50461 0.362384
vt 5.52186 0.362384
vt 5.50461 0.025885
vt 4.0458 0.797382
vt 4.0619 0.810751
vt 4.04465 0.810751
vt 4.0619 0.810751
vt 4.0458 0.797382
vt 4.06075 0.797382
vt 4.04465 0.810751
vt 4.0619 0.810751
vt 4.0458 0.797382
vt 4.06075 0.797382
vt 4.0458 0.797382
vt 4.0619 0.810751
vt 5.50903 -0.510244
vt 5.52081 -0.523416
vt 5.51766 -0.510244
vt 5.52081 -0.523416
vt 5.50903 -0.510244
vt 5.50587 -0.523416
vt 5.51766 -0.510244
vt 5.52081 -0.523416
vt 5.50903 -0.510244
vt 5.50587 -0.523416
vt 5.50903 -0.510244
vt 5.52081 -0.523416
vt -0.033333 1.97518
vt -5.69886 1.98857
vt -5.69886 1.97518
vt -5.69886 1.98857
vt -0.033333 1.97518
vt -0.033333 1.98857
vt -5.69886 1.97518
vt -5.69886 1.98857
vt -0.033333 1.97518
vt -0.033333 1.98857
vt -0.033333 1.97518
vt -5.69886 1.98857
vt -0.033333 0.025885
vt -5.69886 2.04488
vt -5.69886 0.025885
vt -5.69886 2.04488
vt -0.033333 0.025885
vt -0.033333 2.04488
vt -5.69886 0.025885
vt -5.69886 2.04488
vt -0.033333 0.025885
vt -0.033333 2.04488
vt -0.033333 0.025885
vt -5.69886 2.04488
vt -0.70938 1.37883
vt -0.721165 1.392
vt -0.718008 1.37883
vt -0.721165 1.392
vt -0.70938 1.37883
vt -0.706223 1.392
vt -0.718008 1.37883
vt -0.721165 1.392
vt -0.70938 1.37883
vt -0.706223 1.392
vt -0.70938 1.37883
vt -0.721165 1.392
vt 4.05759 3.01064
vt 4.04896 3.01064
vt 4.05328 2.99766
vt 4.05328 2.99766
vt 4.04896 3.01064
vt 4.05759 3.01064
vt -1.89309 0.375646
vt -1.87699 0.389015
vt -1.89425 0.389015
vt -1.87699 0.389015
vt -1.89309 0.375646
vt -1.87815 0.375646
vt -1.89425 0.389015
vt -1.87699 0.389015
vt -1.89309 0.375646
vt -1.87815 0.375646
vt -1.89309 0.375646
vt -1.87699 0.389015
vt -2.56085 0.218207
vt -2.54476 0.231576
vt -2.5597 0.231576
vt -2.54476 0.231576
vt -2.56085 0.218207
vt -2.5436 0.218207
vt -2.5597 0.231576
vt -2.54476 0.231576
vt -2.56085 0.218207
vt -2.5436 0.218207
vt -2.56085 0.218207
vt -2.54476 0.231576
vt -2.55972 -0.095397
vt -2.54793 -0.082226
vt -2.55656 -0.082225
vt -2.54793 -0.082226
vt -2.55972 -0.095397
vt -2.54478 -0.095397
vt -2.55656 -0.082225
vt -2.54793 -0.082226
vt -2.55972 -0.095397
vt -2.54478 -0.095397
vt -2.55972 -0.095397
vt -2.54793 -0.082226
vt -2.5522 -0.382179
vt -2.55651 -0.395153
vt -2.54789 -0.395153
vt -2.54789 -0.395153
vt -2.55651 -0.395153
vt -2.5522 -0.382179
vt 5.50583 0.298688
vt 5.52192 0.312057
vt 5.50467 0.312057
vt 5.52192 0.312057
vt 5.50583 0.298688
vt 5.52077 0.298688
vt 5.50467 0.312057
vt 5.52192 0.312057
vt 5.50583 0.298688
vt 5.52077 0.298688
vt 5.50583 0.298688
vt 5.52192 0.312057
vt 4.0458 2.18572
vt 4.05759 2.17255
vt 4.06075 2.18572
vt 4.05759 2.17255
vt 4.0458 2.18572
vt 4.04896 2.17255
vt 4.06075 2.18572
vt 4.05759 2.17255
vt 4.0458 2.18572
vt 4.04896 2.17255
vt 4.0458 2.18572
vt 4.05759 2.17255
vt 5.69886 -0.025002
vt 0.033333 -0.011603
vt 0.033333 -0.025002
vt 0.033333 -0.011603
vt 5.69886 -0.025002
vt 5.69886 -0.011603
vt 0.033333 -0.025002
vt 0.033333 -0.011603
vt 5.69886 -0.025002
vt 5.69886 -0.011603
vt 5.69886 -0.025002
vt 0.033333 -0.011603
vt -0.713875 1.89682
vt -0.709562 1.90979
vt -0.718189 1.90979
vt -0.718189 1.90979
vt -0.709562 1.90979
vt -0.713875 1.89682
vt -1.8813 1.00307
vt -1.89309 1.01624
vt -1.88993 1.00307
vt -1.89309 1.01624
vt -1.8813 1.00307
vt -1.87815 1.01624
vt -1.88993 1.00307
vt -1.89309 1.01624
vt -1.8813 1.00307
vt -1.87815 1.01624
vt -1.8813 1.00307
vt -1.89309 1.01624
vt 5.51755 1.09275
vt 5.50892 1.09275
vt 5.51324 1.07978
vt 5.51324 1.07978
vt 5.50892 1.09275
vt 5.51755 1.09275
vt -2.54357 0.025885
vt -2.56083 0.362384
vt -2.56083 0.025885
vt -2.56083 0.362384
vt -2.54357 0.025885
vt -2.54357 0.362384
vt -2.56083 0.025885
vt -2.56083 0.362384
vt -2.54357 0.025885
vt -2.54357 0.362384
vt -2.54357 0.025885
vt -2.56083 0.362384
vt -2.63333 0.267848
vt -0.033333 0.281246
vt -2.63333 0.281246
vt -0.033333 0.281246
vt -2.63333 0.267848
vt -0.033333 0.267848
vt -2.63333 0.281246
vt -0.033333 0.281246
vt -2.63333 0.267848
vt -0.033333 0.267848
vt -2.63333 0.267848
vt -0.033333 0.281246
vt -0.023568 0.134355
vt -0.027883 0.121382
vt -0.019255 0.121382
vt -0.019255 0.121382
vt -0.027883 0.121382
vt -0.023568 0.134355
vt 0.023568 0.134355
vt 0.019255 0.121382
vt 0.027883 0.121382
vt 0.027883 0.121382
vt 0.019255 0.121382
vt 0.023568 0.134355
vt 0.033333 0.267848
vt 5.69886 0.281246
vt 0.033333 0.281246
vt 5.69886 0.281246
vt 0.033333 0.267848
vt 5.69886 0.267848
vt 0.033333 0.281246
vt 5.69886 0.281246
vt 0.033333 0.267848
vt 5.69886 0.267848
vt 0.033333 0.267848
vt 5.69886 0.281246
vt 5.69886 0.36343
vt 0.033333 0.350031
vt 5.69886 0.350031
vt 0.033333 0.350031
vt 5.69886 0.36343
vt 0.033333 0.36343
vt 5.69886 0.350031
vt 0.033333 0.350031
vt 5.69886 0.36343
vt 0.033333 0.36343
vt 5.69886 0.36343
vt 0.033333 0.350031
vt 5.69886 0.362384
vt 0.033333 0.025885
vt 5.69886 0.025885
vt 0.033333 0.025885
vt 5.69886 0.362384
vt 0.033333 0.362384
vt 5.69886 0.025885
vt 0.033333 0.025885
vt 5.69886 0.362384
vt 0.033333 0.362384
vt 5.69886 0.362384
vt 0.033333 0.025885
vt 5.69886 0.025002
vt 0.033333 0.011603
vt 5.69886 0.011603
vt 0.033333 0.011603
vt 5.69886 0.025002
vt 0.033333 0.025002
vt 5.69886 0.011603
vt 0.033333 0.011603
vt 5.69886 0.025002
vt 0.033333 0.025002
vt 5.69886 0.025002
vt 0.033333 0.011603
vt 5.50587 0.802673
vt 5.51766 0.789501
vt 5.52081 0.802673
vt 5.51766 0.789501
vt 5.50587 0.802673
vt 5.50903 0.789501
vt 5.52081 0.802673
vt 5.51766 0.789501
vt 5.50587 0.802673
vt 5.50903 0.789501
vt 5.50587 0.802673
vt 5.51766 0.789501
vt -0.033333 -0.011603
vt -2.63333 -0.025002
vt -0.033333 -0.025002
vt -2.63333 -0.025002
vt -0.033333 -0.011603
vt -2.63333 -0.011603
vt -0.033333 -0.025002
vt -2.63333 -0.025002
vt -0.033333 -0.011603
vt -2.63333 -0.011603
vt -0.033333 -0.011603
vt -2.63333 -0.025002
vt 0.027883 -0.017575
vt 0.019255 -0.017575
vt 0.023568 -0.030549
vt 0.023568 -0.030549
vt 0.019255 -0.017575
vt 0.027883 -0.017575
vt -1.88562 1.37567
vt -1.8813 1.38865
vt -1.88993 1.38865
vt -1.88993 1.38865
vt -1.8813 1.38865
vt -1.88562 1.37567
vt -2.5597 0.144306
vt -2.5436 0.157675
vt -2.56085 0.157675
vt -2.5436 0.157675
vt -2.5597 0.144306
vt -2.54476 0.144306
vt -2.56085 0.157675
vt -2.5436 0.157675
vt -2.5597 0.144306
vt -2.54476 0.144306
vt -2.5597 0.144306
vt -2.5436 0.157675
vt -0.033333 0.350031
vt -2.63333 0.36343
vt -2.63333 0.350031
vt -2.63333 0.36343
vt -0.033333 0.350031
vt -0.033333 0.36343
vt -2.63333 0.350031
vt -2.63333 0.36343
vt -0.033333 0.350031
vt -0.033333 0.36343
vt -0.033333 0.350031
vt -2.63333 0.36343
vt -0.027884 0.290102
vt -0.016099 0.27693
vt -0.019257 0.290102
vt -0.016099 0.27693
vt -0.027884 0.290102
vt -0.031042 0.27693
vt -0.019257 0.290102
vt -0.016099 0.27693
vt -0.027884 0.290102
vt -0.031042 0.27693
vt -0.027884 0.290102
vt -0.016099 0.27693
vt -0 0.139081
vt -0.004313 0.126107
vt 0.004313 0.126107
vt 0.004313 0.126107
vt -0.004313 0.126107
vt -0 0.139081
vt 0.019257 0.290102
vt 0.031042 0.27693
vt 0.027884 0.290102
vt 0.031042 0.27693
vt 0.019257 0.290102
vt 0.016099 0.27693
vt 0.027884 0.290102
vt 0.031042 0.27693
vt 0.019257 0.290102
vt 0.016099 0.27693
vt 0.019257 0.290102
vt 0.031042 0.27693
vt 0.033333 -0.006699
vt 5.69886 0.006699
vt 0.033333 0.006699
vt 5.69886 0.006699
vt 0.033333 -0.006699
vt 5.69886 -0.006699
vt 0.033333 0.006699
vt 5.69886 0.006699
vt 0.033333 -0.006699
vt 5.69886 -0.006699
vt 0.033333 -0.006699
vt 5.69886 0.006699
vt -0.023568 -0.030549
vt -0.019255 -0.017575
vt -0.027883 -0.017575
vt -0.027883 -0.017575
vt -0.019255 -0.017575
vt -0.023568 -0.030549
vt 0.031042 0.002327
vt 0.019257 -0.010845
vt 0.027884 -0.010845
vt 0.019257 -0.010845
vt 0.031042 0.002327
vt 0.016099 0.002327
vt 0.027884 -0.010845
vt 0.019257 -0.010845
vt 0.031042 0.002327
vt 0.016099 0.002327
vt 0.031042 0.002327
vt 0.019257 -0.010845
vt 0 -0.035274
vt 0.004313 -0.0223
vt -0.004313 -0.0223
vt -0.004313 -0.0223
vt 0.004313 -0.0223
vt 0 -0.035274
vt -2.5522 0.485986
vt -2.54789 0.498959
vt -2.55651 0.498959
vt -2.55651 0.498959
vt -2.54789 0.498959
vt -2.5522 0.485986
vt -2.54793 0.361483
vt -2.55972 0.374655
vt -2.55656 0.361483
vt -2.55972 0.374655
vt -2.54793 0.361483
vt -2.54478 0.374655
vt -2.55656 0.361483
vt -2.55972 0.374655
vt -2.54793 0.361483
vt -2.54478 0.374655
vt -2.54793 0.361483
vt -2.55972 0.374655
vt -0.033333 0.025885
vt -2.63333 0.362384
vt -2.63333 0.025885
vt -2.63333 0.362384
vt -0.033333 0.025885
vt -0.033333 0.362384
vt -2.63333 0.025885
vt -2.63333 0.362384
vt -0.033333 0.025885
vt -0.033333 0.362384
vt -0.033333 0.025885
vt -2.63333 0.362384
vt 0.007472 0.280335
vt -0.004313 0.293507
vt -0.007472 0.280335
vt -0.004313 0.293507
vt 0.007472 0.280335
vt 0.004313 0.293507
vt -0.007472 0.280335
vt -0.004313 0.293507
vt 0.007472 0.280335
vt 0.004313 0.293507
vt 0.007472 0.280335
vt -0.004313 0.293507
vt 0.031041 0.365871
vt 0.014943 0.352502
vt 0.032197 0.352502
vt 0.014943 0.352502
vt 0.031041 0.365871
vt 0.016099 0.365871
vt 0.032197 0.352502
vt 0.014943 0.352502
vt 0.031041 0.365871
vt 0.016099 0.365871
vt 0.031041 0.365871
vt 0.014943 0.352502
vt 0.032197 0.362384
vt 0.014942 0.025885
vt 0.032197 0.025885
vt 0.014942 0.025885
vt 0.032197 0.362384
vt 0.014942 0.362384
vt 0.032197 0.025885
vt 0.014942 0.025885
vt 0.032197 0.362384
vt 0.014942 0.362384
vt 0.032197 0.362384
vt 0.014942 0.025885
vt 0.032197 0.02338
vt 0.016099 0.010011
vt 0.031041 0.010011
vt 0.016099 0.010011
vt 0.032197 0.02338
vt 0.014943 0.02338
vt 0.031041 0.010011
vt 0.016099 0.010011
vt 0.032197 0.02338
vt 0.014943 0.02338
vt 0.032197 0.02338
vt 0.016099 0.010011
vt -0.033333 0.006699
vt -2.63333 -0.006699
vt -0.033333 -0.006699
vt -2.63333 -0.006699
vt -0.033333 0.006699
vt -2.63333 0.006699
vt -0.033333 -0.006699
vt -2.63333 -0.006699
vt -0.033333 0.006699
vt -2.63333 0.006699
vt -0.033333 0.006699
vt -2.63333 -0.006699
vt -0.016099 0.002327
vt -0.027884 -0.010845
vt -0.019257 -0.010845
vt -0.027884 -0.010845
vt -0.016099 0.002327
vt -0.031042 0.002327
vt -0.019257 -0.010845
vt -0.027884 -0.010845
vt -0.016099 0.002327
vt -0.031042 0.002327
vt -0.016099 0.002327
vt -0.027884 -0.010845
vt 0.007472 -0.001081
vt -0.004313 -0.014253
vt 0.004313 -0.014253
vt -0.004313 -0.014253
vt 0.007472 -0.001081
vt -0.007472 -0.001081
vt 0.004313 -0.014253
vt -0.004313 -0.014253
vt 0.007472 -0.001081
vt -0.007472 -0.001081
vt 0.007472 -0.001081
vt -0.004313 -0.014253
vt -0.033333 0.011603
vt -2.63333 0.025002
vt -2.63333 0.011603
vt -2.63333 0.025002
vt -0.033333 0.011603
vt -0.033333 0.025002
vt -2.63333 0.011603
vt -2.63333 0.025002
vt -0.033333 0.011603
vt -0.033333 0.025002
vt -0.033333 0.011603
vt -2.63333 0.025002
vt -0.032197 0.352502
vt -0.016099 0.365871
vt -0.031041 0.365871
vt -0.016099 0.365871
vt -0.032197 0.352502
vt -0.014943 0.352502
vt -0.031041 0.365871
vt -0.016099 0.365871
vt -0.032197 0.352502
vt -0.014943 0.352502
vt -0.032197 0.352502
vt -0.016099 0.365871
vt -0.014942 0.025885
vt -0.032197 0.362384
vt -0.032197 0.025885
vt -0.032197 0.362384
vt -0.014942 0.025885
vt -0.014942 0.362384
vt -0.032197 0.025885
vt -0.032197 0.362384
vt -0.014942 0.025885
vt -0.014942 0.362384
vt -0.014942 0.025885
vt -0.032197 0.362384
vt -0.008627 0.353733
vt 0.007472 0.367101
vt -0.007472 0.367101
vt 0.007472 0.367101
vt -0.008627 0.353733
vt 0.008627 0.353733
vt -0.007472 0.367101
vt 0.007472 0.367101
vt -0.008627 0.353733
vt 0.008627 0.353733
vt -0.008627 0.353733
vt 0.007472 0.367101
vt -0.016099 0.010011
vt -0.032197 0.02338
vt -0.031041 0.010011
vt -0.032197 0.02338
vt -0.016099 0.010011
vt -0.014943 0.02338
vt -0.031041 0.010011
vt -0.032197 0.02338
vt -0.016099 0.010011
vt -0.014943 0.02338
vt -0.016099 0.010011
vt -0.032197 0.02338
vt 0.008627 0.362384
vt -0.008627 0.025885
vt 0.008627 0.025885
vt -0.008627 0.025885
vt 0.008627 0.362384
vt -0.008627 0.362384
vt 0.008627 0.025885
vt -0.008627 0.025885
vt 0.008627 0.362384
vt -0.008627 0.362384
vt 0.008627 0.362384
vt -0.008627 0.025885
vt 0.008627 0.022152
vt -0.007472 0.008783
vt 0.007472 0.008783
vt -0.007472 0.008783
vt 0.008627 0.022152
vt -0.008627 0.022152
vt 0.007472 0.008783
vt -0.007472 0.008783
vt 0.008627 0.022152
vt -0.008627 0.022152
vt 0.008627 0.022152
vt -0.007472 0.008783
vt 2.6907 0.428986
vt 2.68878 0.3535
vt 2.75162 0.418982
vt 2.75162 0.418982
vt 2.68878 0.3535
vt 2.6907 0.428986
vt 2.68692 0.469961
vt 0.244265 0.39446
vt 2.68692 0.39446
vt 0.244265 0.39446
vt 2.68692 0.469961
vt 0.244265 0.469961
vt 2.68692 0.39446
vt 0.244265 0.39446
vt 2.68692 0.469961
vt 0.244265 0.469961
vt 2.68692 0.469961
vt 0.244265 0.39446
vt 2.73399 0.374907
vt 2.66866 0.310914
vt 2.77789 0.348193
vt 2.77789 0.348193
vt 2.66866 0.310914
vt 2.73399 0.374907
vt 2.71402 0.036955
vt 2.67163 0.131851
vt 2.65449 0.051151
vt 2.65449 0.051151
vt 2.67163 0.131851
vt 2.71402 0.036955
vt 0.244265 0.106755
vt 2.68692 0.389749
vt 0.244265 0.389749
vt 2.68692 0.389749
vt 0.244265 0.106755
vt 2.68692 0.106755
vt 0.244265 0.389749
vt 2.68692 0.389749
vt 0.244265 0.106755
vt 2.68692 0.106755
vt 0.244265 0.106755
vt 2.68692 0.389749
vt 2.75367 0.377347
vt 2.64392 0.340995
vt 2.76926 0.341763
vt 2.76926 0.341763
vt 2.64392 0.340995
vt 2.75367 0.377347
vt 2.56378 -0.234566
vt 2.41944 -0.237147
vt 2.45698 -0.269181
vt 2.45698 -0.269181
vt 2.41944 -0.237147
vt 2.56378 -0.234566
vt 2.67163 0.131851
vt 2.71402 0.036955
vt 2.77474 0.107262
vt 2.77474 0.107262
vt 2.71402 0.036955
vt 2.67163 0.131851
vt 0.244265 0.467701
vt 2.68692 0.385911
vt 2.68692 0.467701
vt 2.68692 0.385911
vt 0.244265 0.467701
vt 0.244265 0.385911
vt 2.68692 0.467701
vt 2.68692 0.385911
vt 0.244265 0.467701
vt 0.244265 0.385911
vt 0.244265 0.467701
vt 2.68692 0.385911
vt 0.235039 0.473639
vt 0.174112 0.463635
vt 0.236949 0.398153
vt 0.236949 0.398153
vt 0.174112 0.463635
vt 0.235039 0.473639
vt 0.212756 0.391054
vt 0.09027 0.108833
vt 0.215609 0.108069
vt 0.09027 0.108833
vt 0.212756 0.391054
vt 0.087417 0.391818
vt 0.215609 0.108069
vt 0.09027 0.108833
vt 0.212756 0.391054
vt 0.087417 0.391818
vt 0.212756 0.391054
vt 0.09027 0.108833
vt 2.64361 0.373689
vt 2.7661 0.091468
vt 2.76895 0.374453
vt 2.7661 0.091468
vt 2.64361 0.373689
vt 2.64076 0.090704
vt 2.76895 0.374453
vt 2.7661 0.091468
vt 2.64361 0.373689
vt 2.64076 0.090704
vt 2.64361 0.373689
vt 2.7661 0.091468
vt 2.34891 0.043456
vt 2.21952 0.077825
vt 2.23095 0.041302
vt 2.23095 0.041302
vt 2.21952 0.077825
vt 2.34891 0.043456
vt 2.41944 -0.237147
vt 2.56378 -0.234566
vt 2.49877 -0.179085
vt 2.49877 -0.179085
vt 2.56378 -0.234566
vt 2.41944 -0.237147
vt 2.21952 0.077825
vt 2.34891 0.043456
vt 2.32911 0.106717
vt 2.32911 0.106717
vt 2.34891 0.043456
vt 2.21952 0.077825
vt 2.37018 -0.945574
vt 2.34934 -0.823874
vt 2.28589 -0.893304
vt 2.34934 -0.823874
vt 2.37018 -0.945574
vt 2.44666 -0.88423
vt 2.28589 -0.893304
vt 2.34934 -0.823874
vt 2.37018 -0.945574
vt 2.44666 -0.88423
vt 2.37018 -0.945574
vt 2.34934 -0.823874
vt 2.68692 0.298699
vt 0.244265 0.383832
vt 0.244265 0.298699
vt 0.244265 0.383832
vt 2.68692 0.298699
vt 2.68692 0.383832
vt 0.244265 0.298699
vt 0.244265 0.383832
vt 2.68692 0.298699
vt 2.68692 0.383832
vt 2.68692 0.298699
vt 0.244265 0.383832
vt 0.190232 0.498383
vt 0.147842 0.403487
vt 0.207372 0.417683
vt 0.207372 0.417683
vt 0.147842 0.403487
vt 0.190232 0.498383
vt 0.157005 0.467984
vt 0.113104 0.44127
vt 0.222337 0.403991
vt 0.222337 0.403991
vt 0.113104 0.44127
vt 0.157005 0.467984
vt 0.244265 0.007
vt 2.68692 0.079585
vt 0.244265 0.079585
vt 2.68692 0.079585
vt 0.244265 0.007
vt 2.68692 0.007
vt 0.244265 0.079585
vt 2.68692 0.079585
vt 0.244265 0.007
vt 2.68692 0.007
vt 0.244265 0.007
vt 2.68692 0.079585
vt 0.090173 0.099223
vt 0.106472 0.063831
vt 0.215513 0.098459
vt 0.215513 0.098459
vt 0.106472 0.063831
vt 0.090173 0.099223
vt 2.33152 0.071307
vt 2.22184 0.352141
vt 2.21356 0.069221
vt 2.22184 0.352141
vt 2.33152 0.071307
vt 2.33981 0.354227
vt 2.21356 0.069221
vt 2.22184 0.352141
vt 2.33152 0.071307
vt 2.33981 0.354227
vt 2.33152 0.071307
vt 2.22184 0.352141
vt 1.42565 -1.22078
vt 1.4971 -1.11932
vt 1.39439 -1.14981
vt 1.4971 -1.11932
vt 1.42565 -1.22078
vt 1.53319 -1.20127
vt 1.39439 -1.14981
vt 1.4971 -1.11932
vt 1.42565 -1.22078
vt 1.53319 -1.20127
vt 1.42565 -1.22078
vt 1.4971 -1.11932
vt 1.21114 -0.324102
vt 1.09492 -0.262193
vt 1.10104 -0.327122
vt 1.09492 -0.262193
vt 1.21114 -0.324102
vt 1.20407 -0.249128
vt 1.10104 -0.327122
vt 1.09492 -0.262193
vt 1.21114 -0.324102
vt 1.20407 -0.249128
vt 1.21114 -0.324102
vt 1.09492 -0.262193
vt -0.001409 0.469863
vt -0.022249 0.348162
vt 0.062034 0.400432
vt -0.022249 0.348162
vt -0.001409 0.469863
vt -0.09873 0.409507
vt 0.062034 0.400432
vt -0.022249 0.348162
vt -0.001409 0.469863
vt -0.09873 0.409507
vt -0.001409 0.469863
vt -0.022249 0.348162
vt 0.147842 0.403487
vt 0.190232 0.498383
vt 0.087121 0.473794
vt 0.087121 0.473794
vt 0.190232 0.498383
vt 0.147842 0.403487
vt 0.081455 0.462457
vt -0.062888 0.465038
vt 0.043919 0.430423
vt 0.043919 0.430423
vt -0.062888 0.465038
vt 0.081455 0.462457
vt 0.103111 0.435296
vt 0.087521 0.399712
vt 0.21286 0.398944
vt 0.21286 0.398944
vt 0.087521 0.399712
vt 0.103111 0.435296
vt 0.237571 0.076524
vt 0.175041 0.013777
vt 0.236015 0.003949
vt 0.236015 0.003949
vt 0.175041 0.013777
vt 0.237571 0.076524
vt 2.76578 0.123227
vt 2.64044 0.122463
vt 2.74948 0.087835
vt 2.74948 0.087835
vt 2.64044 0.122463
vt 2.76578 0.123227
vt 0.000851 0.39139
vt -0.10883 0.110556
vt 0.009136 0.10847
vt -0.10883 0.110556
vt 0.000851 0.39139
vt -0.117115 0.393476
vt 0.009136 0.10847
vt -0.10883 0.110556
vt 0.000851 0.39139
vt -0.117115 0.393476
vt 0.000851 0.39139
vt -0.10883 0.110556
vt -0.109778 0.076646
vt 0.021577 0.038396
vt 0.008186 0.074516
vt 0.008186 0.074516
vt 0.021577 0.038396
vt -0.109778 0.076646
vt 0.224073 0.082031
vt 0.115343 0.046821
vt 0.159611 0.020475
vt 0.159611 0.020475
vt 0.115343 0.046821
vt 0.224073 0.082031
vt 2.19082 0.344436
vt 2.32217 0.382686
vt 2.20421 0.380555
vt 2.20421 0.380555
vt 2.32217 0.382686
vt 2.19082 0.344436
vt 1.1683 0.087987
vt 1.07033 0.367975
vt 1.0582 0.085138
vt 1.07033 0.367975
vt 1.1683 0.087987
vt 1.18043 0.370823
vt 1.0582 0.085138
vt 1.07033 0.367975
vt 1.1683 0.087987
vt 1.18043 0.370823
vt 1.1683 0.087987
vt 1.07033 0.367975
vt 0.807349 -1.96064
vt 2.02982 -1.69302
vt 0.787148 -1.86521
vt 2.02982 -1.69302
vt 0.807349 -1.96064
vt 2.05002 -1.78846
vt 0.787148 -1.86521
vt 2.02982 -1.69302
vt 0.807349 -1.96064
vt 2.05002 -1.78846
vt 0.807349 -1.96064
vt 2.02982 -1.69302
vt 2.68692 0.2741
vt 0.244265 1.25432
vt 0.244265 0.2741
vt 0.244265 1.25432
vt 2.68692 0.2741
vt 2.68692 1.25432
vt 0.244265 0.2741
vt 0.244265 1.25432
vt 2.68692 0.2741
vt 2.68692 1.25432
vt 2.68692 0.2741
vt 0.244265 1.25432
vt -0.062888 0.465038
vt 0.081455 0.462457
vt 0.002123 0.520519
vt 0.002123 0.520519
vt 0.081455 0.462457
vt -0.062888 0.465038
vt -0.116125 0.413767
vt 0.013272 0.448136
vt -0.09632 0.477028
vt -0.09632 0.477028
vt 0.013272 0.448136
vt -0.116125 0.413767
vt 0.013272 0.448136
vt -0.116125 0.413767
vt 0.001839 0.411613
vt 0.001839 0.411613
vt -0.116125 0.413767
vt 0.013272 0.448136
vt 0.244265 -0.051385
vt 2.68692 -0.127714
vt 2.68692 -0.051385
vt 2.68692 -0.127714
vt 0.244265 -0.051385
vt 0.244265 -0.127714
vt 2.68692 -0.051385
vt 2.68692 -0.127714
vt 0.244265 -0.051385
vt 0.244265 -0.127714
vt 0.244265 -0.051385
vt 2.68692 -0.127714
vt 2.68792 0.114355
vt 2.68948 0.041781
vt 2.75045 0.051609
vt 2.75045 0.051609
vt 2.68948 0.041781
vt 2.68792 0.114355
vt 0.148897 -0.067022
vt 0.190959 -0.156467
vt 0.208377 -0.081346
vt 0.208377 -0.081346
vt 0.190959 -0.156467
vt 0.148897 -0.067022
vt 2.66566 0.15337
vt 2.73012 0.091813
vt 2.77439 0.118159
vt 2.77439 0.118159
vt 2.73012 0.091813
vt 2.66566 0.15337
vt 0.021577 0.038396
vt -0.109778 0.076646
vt -0.086583 0.014084
vt -0.086583 0.014084
vt -0.109778 0.076646
vt 0.021577 0.038396
vt -0.058807 -0.052957
vt 0.085537 -0.055503
vt 0.047395 -0.023904
vt 0.047395 -0.023904
vt 0.085537 -0.055503
vt -0.058807 -0.052957
vt 2.32217 0.382686
vt 2.19082 0.344436
vt 2.29898 0.320124
vt 2.29898 0.320124
vt 2.19082 0.344436
vt 2.32217 0.382686
vt 1.02701 0.770726
vt 1.12469 0.699177
vt 1.13711 0.77373
vt 1.12469 0.699177
vt 1.02701 0.770726
vt 1.01625 0.706161
vt 1.13711 0.77373
vt 1.12469 0.699177
vt 1.02701 0.770726
vt 1.01625 0.706161
vt 1.02701 0.770726
vt 1.12469 0.699177
vt 0.461339 -1.51616
vt 1.71962 -1.37236
vt 0.459477 -1.42956
vt 1.71962 -1.37236
vt 0.461339 -1.51616
vt 1.72149 -1.45897
vt 0.459477 -1.42956
vt 1.71962 -1.37236
vt 0.461339 -1.51616
vt 1.72149 -1.45897
vt 0.461339 -1.51616
vt 1.71962 -1.37236
vt 1.62105 -0.363776
vt 0.362386 -0.324961
vt 0.35962 -0.400105
vt 0.362386 -0.324961
vt 1.62105 -0.363776
vt 1.62382 -0.288633
vt 0.35962 -0.400105
vt 0.362386 -0.324961
vt 1.62105 -0.363776
vt 1.62382 -0.288633
vt 1.62105 -0.363776
vt 0.362386 -0.324961
vt 1.57166 0.143994
vt 0.322841 0.392632
vt 0.310132 0.109811
vt 0.322841 0.392632
vt 1.57166 0.143994
vt 1.58437 0.426815
vt 0.310132 0.109811
vt 0.322841 0.392632
vt 1.57166 0.143994
vt 1.58437 0.426815
vt 1.57166 0.143994
vt 0.322841 0.392632
vt -1.54506 0.409057
vt -0.282195 0.332307
vt -1.52486 0.504493
vt -0.282195 0.332307
vt -1.54506 0.409057
vt -0.302396 0.236871
vt -1.52486 0.504493
vt -0.282195 0.332307
vt -1.54506 0.409057
vt -0.302396 0.236871
vt -1.54506 0.409057
vt -0.282195 0.332307
vt -0.244679 0.476262
vt -0.173236 0.374799
vt -0.141974 0.445773
vt -0.173236 0.374799
vt -0.244679 0.476262
vt -0.280777 0.394307
vt -0.141974 0.445773
vt -0.173236 0.374799
vt -0.244679 0.476262
vt -0.280777 0.394307
vt -0.244679 0.476262
vt -0.173236 0.374799
vt -0.190884 0.457906
vt -0.307103 0.395997
vt -0.197007 0.392977
vt -0.307103 0.395997
vt -0.190884 0.457906
vt -0.300031 0.470971
vt -0.197007 0.392977
vt -0.307103 0.395997
vt -0.190884 0.457906
vt -0.300031 0.470971
vt -0.190884 0.457906
vt -0.307103 0.395997
vt 2.7623 0.266853
vt 2.64186 0.317163
vt 2.65928 0.242042
vt 2.65928 0.242042
vt 2.64186 0.317163
vt 2.7623 0.266853
vt 2.64186 0.317163
vt 2.7623 0.266853
vt 2.70134 0.331488
vt 2.70134 0.331488
vt 2.7623 0.266853
vt 2.64186 0.317163
vt 0.190959 -0.156467
vt 0.148897 -0.067022
vt 0.087936 -0.131656
vt 0.087936 -0.131656
vt 0.148897 -0.067022
vt 0.190959 -0.156467
vt 2.37381 0.655053
vt 2.51815 0.657599
vt 2.41195 0.686653
vt 2.41195 0.686653
vt 2.51815 0.657599
vt 2.37381 0.655053
vt -0.198113 0.390537
vt -0.296084 0.110549
vt -0.18598 0.1077
vt -0.296084 0.110549
vt -0.198113 0.390537
vt -0.308217 0.393386
vt -0.18598 0.1077
vt -0.296084 0.110549
vt -0.198113 0.390537
vt -0.308217 0.393386
vt -0.198113 0.390537
vt -0.296084 0.110549
vt -0.187029 0.079257
vt -0.284703 0.007708
vt -0.176271 0.014692
vt -0.284703 0.007708
vt -0.187029 0.079257
vt -0.297125 0.082261
vt -0.176271 0.014692
vt -0.284703 0.007708
vt -0.187029 0.079257
vt -0.297125 0.082261
vt -0.187029 0.079257
vt -0.284703 0.007708
vt 0.085537 -0.055503
vt -0.058807 -0.052957
vt 0.007253 -0.107686
vt 0.007253 -0.107686
vt -0.058807 -0.052957
vt 0.085537 -0.055503
vt 1.53197 0.836146
vt 0.273304 0.874961
vt 0.270538 0.799818
vt 0.273304 0.874961
vt 1.53197 0.836146
vt 1.53473 0.91129
vt 0.270538 0.799818
vt 0.273304 0.874961
vt 1.53197 0.836146
vt 1.53473 0.91129
vt 1.53197 0.836146
vt 0.273304 0.874961
vt -0.843736 -2.17855
vt -0.683113 -2.16808
vt -0.75728 -2.10893
vt -0.683113 -2.16808
vt -0.843736 -2.17855
vt -0.757987 -2.22837
vt -0.75728 -2.10893
vt -0.683113 -2.16808
vt -0.843736 -2.17855
vt -0.757987 -2.22837
vt -0.843736 -2.17855
vt -0.683113 -2.16808
vt -2.68692 -1.10075
vt -0.244265 -1.18331
vt -0.244265 -1.10075
vt -0.244265 -1.18331
vt -2.68692 -1.10075
vt -2.68692 -1.18331
vt -0.244265 -1.10075
vt -0.244265 -1.18331
vt -2.68692 -1.10075
vt -2.68692 -1.18331
vt -2.68692 -1.10075
vt -0.244265 -1.18331
vt -1.30312 -0.551072
vt -1.30242 -0.670516
vt -1.21667 -0.620691
vt -1.30242 -0.670516
vt -1.30312 -0.551072
vt -1.37729 -0.610223
vt -1.21667 -0.620691
vt -1.30242 -0.670516
vt -1.30312 -0.551072
vt -1.37729 -0.610223
vt -1.30312 -0.551072
vt -1.30242 -0.670516
vt -1.58428 0.363965
vt -0.322267 0.393373
vt -1.58241 0.450569
vt -0.322267 0.393373
vt -1.58428 0.363965
vt -0.324129 0.306769
vt -1.58241 0.450569
vt -0.322267 0.393373
vt -1.58428 0.363965
vt -0.324129 0.306769
vt -1.58428 0.363965
vt -0.322267 0.393373
vt 0.244265 -0.15497
vt 2.68692 -0.237529
vt 2.68692 -0.15497
vt 2.68692 -0.237529
vt 0.244265 -0.15497
vt 0.244265 -0.237529
vt 2.68692 -0.15497
vt 2.68692 -0.237529
vt 0.244265 -0.15497
vt 0.244265 -0.237529
vt 0.244265 -0.15497
vt 2.68692 -0.237529
vt 2.0306 1.31903
vt 2.19123 1.3295
vt 2.10548 1.37932
vt 2.19123 1.3295
vt 2.0306 1.31903
vt 2.10477 1.25988
vt 2.10548 1.37932
vt 2.19123 1.3295
vt 2.0306 1.31903
vt 2.10477 1.25988
vt 2.0306 1.31903
vt 2.19123 1.3295
vt 2.51815 0.657599
vt 2.37381 0.655053
vt 2.4521 0.60287
vt 2.4521 0.60287
vt 2.37381 0.655053
vt 2.51815 0.657599
vt -0.045072 -0.178535
vt -0.044366 -0.29798
vt 0.029802 -0.238828
vt -0.044366 -0.29798
vt -0.045072 -0.178535
vt -0.130821 -0.22836
vt 0.029802 -0.238828
vt -0.044366 -0.29798
vt -0.045072 -0.178535
vt -0.130821 -0.22836
vt -0.045072 -0.178535
vt -0.044366 -0.29798
vt -0.2416 -0.142294
vt -0.1675 -0.049202
vt -0.275451 -0.059763
vt -0.1675 -0.049202
vt -0.2416 -0.142294
vt -0.138185 -0.120676
vt -0.275451 -0.059763
vt -0.1675 -0.049202
vt -0.2416 -0.142294
vt -0.138185 -0.120676
vt -0.2416 -0.142294
vt -0.1675 -0.049202
vt 1.20598 1.60872
vt 1.28008 1.51562
vt 1.31393 1.59815
vt 1.28008 1.51562
vt 1.20598 1.60872
vt 1.17666 1.53724
vt 1.31393 1.59815
vt 1.28008 1.51562
vt 1.20598 1.60872
vt 1.17666 1.53724
vt 1.20598 1.60872
vt 1.28008 1.51562
vt 0.172802 1.74829
vt 1.43109 1.89209
vt 0.17094 1.8349
vt 1.43109 1.89209
vt 0.172802 1.74829
vt 1.43295 1.80549
vt 0.17094 1.8349
vt 1.43109 1.89209
vt 0.172802 1.74829
vt 1.43295 1.80549
vt 0.172802 1.74829
vt 1.43109 1.89209
vt 0.565643 -1.67814
vt 0.491543 -1.58505
vt 0.457692 -1.66758
vt 0.491543 -1.58505
vt 0.565643 -1.67814
vt 0.594958 -1.60667
vt 0.457692 -1.66758
vt 0.491543 -1.58505
vt 0.565643 -1.67814
vt 0.594958 -1.60667
vt 0.565643 -1.67814
vt 0.491543 -1.58505
vt 0.788036 -0.39547
vt 0.690361 -0.323921
vt 0.677939 -0.398474
vt 0.690361 -0.323921
vt 0.788036 -0.39547
vt 0.798793 -0.330905
vt 0.677939 -0.398474
vt 0.690361 -0.323921
vt 0.788036 -0.39547
vt 0.798793 -0.330905
vt 0.788036 -0.39547
vt 0.690361 -0.323921
vt 0.738353 0.173167
vt 0.640382 0.453156
vt 0.628249 0.170319
vt 0.640382 0.453156
vt 0.738353 0.173167
vt 0.750486 0.456004
vt 0.628249 0.170319
vt 0.640382 0.453156
vt 0.738353 0.173167
vt 0.750486 0.456004
vt 0.738353 0.173167
vt 0.640382 0.453156
vt 0.707228 0.919173
vt 0.591008 0.981082
vt 0.59808 0.906108
vt 0.591008 0.981082
vt 0.707228 0.919173
vt 0.701104 0.984102
vt 0.59808 0.906108
vt 0.591008 0.981082
vt 0.707228 0.919173
vt 0.701104 0.984102
vt 0.707228 0.919173
vt 0.591008 0.981082
vt -1.60412 -0.020225
vt -1.53002 0.072867
vt -1.63344 0.051249
vt -1.53002 0.072867
vt -1.60412 -0.020225
vt -1.49617 -0.009664
vt -1.63344 0.051249
vt -1.53002 0.072867
vt -1.60412 -0.020225
vt -1.49617 -0.009664
vt -1.60412 -0.020225
vt -1.53002 0.072867
vt -0.325582 0.445651
vt -1.58424 0.406836
vt -0.322816 0.370508
vt -1.58424 0.406836
vt -0.325582 0.445651
vt -1.58701 0.48198
vt -0.322816 0.370508
vt -1.58424 0.406836
vt -0.325582 0.445651
vt -1.58701 0.48198
vt -0.325582 0.445651
vt -1.58424 0.406836
vt -0.322841 0.392632
vt -1.57166 0.143994
vt -0.310132 0.109811
vt -1.57166 0.143994
vt -0.322841 0.392632
vt -1.58437 0.426815
vt -0.310132 0.109811
vt -1.57166 0.143994
vt -0.322841 0.392632
vt -1.58437 0.426815
vt -0.322841 0.392632
vt -1.57166 0.143994
vt -0.310108 0.104349
vt -1.56877 0.065534
vt -0.307342 0.029205
vt -1.56877 0.065534
vt -0.310108 0.104349
vt -1.57154 0.140677
vt -0.307342 0.029205
vt -1.56877 0.065534
vt -0.310108 0.104349
vt -1.57154 0.140677
vt -0.310108 0.104349
vt -1.56877 0.065534
vt -0.308151 0.011964
vt -1.57016 -0.017445
vt -0.310013 -0.07464
vt -1.57016 -0.017445
vt -0.308151 0.011964
vt -1.5683 0.06916
vt -0.310013 -0.07464
vt -1.57016 -0.017445
vt -0.308151 0.011964
vt -1.5683 0.06916
vt -0.308151 0.011964
vt -1.57016 -0.017445
vt 0.215766 1.94559
vt 0.28721 2.04705
vt 0.179668 2.02754
vt 0.28721 2.04705
vt 0.215766 1.94559
vt 0.318471 1.97607
vt 0.179668 2.02754
vt 0.28721 2.04705
vt 0.215766 1.94559
vt 0.318471 1.97607
vt 0.215766 1.94559
vt 0.28721 2.04705
vt -2.32015 -0.985146
vt -2.19971 -1.03546
vt -2.21713 -0.960335
vt -2.21713 -0.960335
vt -2.19971 -1.03546
vt -2.32015 -0.985146
vt -2.68692 -0.640049
vt -0.244265 -0.716379
vt -0.244265 -0.640049
vt -0.244265 -0.716379
vt -2.68692 -0.640049
vt -2.68692 -0.716379
vt -0.244265 -0.640049
vt -0.244265 -0.716379
vt -2.68692 -0.640049
vt -2.68692 -0.716379
vt -2.68692 -0.640049
vt -0.244265 -0.716379
vt -0.633109 -0.561826
vt -0.591047 -0.651272
vt -0.530086 -0.586637
vt -0.530086 -0.586637
vt -0.591047 -0.651272
vt -0.633109 -0.561826
vt -1.11631 -0.213192
vt -0.971967 -0.215738
vt -1.03803 -0.161009
vt -1.03803 -0.161009
vt -0.971967 -0.215738
vt -1.11631 -0.213192
vt -1.62802 0.296
vt -1.53034 0.367548
vt -1.63878 0.360565
vt -1.53034 0.367548
vt -1.62802 0.296
vt -1.51792 0.292996
vt -1.63878 0.360565
vt -1.53034 0.367548
vt -1.62802 0.296
vt -1.51792 0.292996
vt -1.62802 0.296
vt -1.53034 0.367548
vt -0.244265 0.234649
vt -2.68692 1.21487
vt -2.68692 0.234649
vt -2.68692 1.21487
vt -0.244265 0.234649
vt -0.244265 1.21487
vt -2.68692 0.234649
vt -2.68692 1.21487
vt -0.244265 0.234649
vt -0.244265 1.21487
vt -0.244265 0.234649
vt -2.68692 1.21487
vt -0.163637 2.04794
vt 1.05883 2.31557
vt -0.183838 2.14338
vt 1.05883 2.31557
vt -0.163637 2.04794
vt 1.07903 2.22013
vt -0.183838 2.14338
vt 1.05883 2.31557
vt -0.163637 2.04794
vt 1.07903 2.22013
vt -0.163637 2.04794
vt 1.05883 2.31557
vt -0.321115 -0.054135
vt -1.58398 0.022615
vt -0.341316 -0.149571
vt -1.58398 0.022615
vt -0.321115 -0.054135
vt -1.56378 0.118051
vt -0.341316 -0.149571
vt -1.58398 0.022615
vt -0.321115 -0.054135
vt -1.56378 0.118051
vt -0.321115 -0.054135
vt -1.58398 0.022615
vt -1.48738 -0.926294
vt -1.34304 -0.923748
vt -1.42132 -0.871566
vt -1.42132 -0.871566
vt -1.34304 -0.923748
vt -1.48738 -0.926294
vt -0.961452 -0.082916
vt -1.05622 -0.022484
vt -1.07942 -0.085046
vt -1.07942 -0.085046
vt -1.05622 -0.022484
vt -0.961452 -0.082916
vt -0.986784 0.213804
vt -1.09646 0.494639
vt -1.10475 0.211718
vt -1.09646 0.494639
vt -0.986784 0.213804
vt -0.978499 0.496725
vt -1.10475 0.211718
vt -1.09646 0.494639
vt -0.986784 0.213804
vt -0.978499 0.496725
vt -0.986784 0.213804
vt -1.09646 0.494639
vt -0.992093 0.723007
vt -1.12149 0.757375
vt -1.10169 0.694115
vt -1.10169 0.694115
vt -1.12149 0.757375
vt -0.992093 0.723007
vt -2.19971 -1.03546
vt -2.32015 -0.985146
vt -2.25919 -1.04978
vt -2.25919 -1.04978
vt -2.32015 -0.985146
vt -2.19971 -1.03546
vt -0.591047 -0.651272
vt -0.633109 -0.561826
vt -0.650527 -0.636947
vt -0.650527 -0.636947
vt -0.633109 -0.561826
vt -0.591047 -0.651272
vt -0.971967 -0.215738
vt -1.11631 -0.213192
vt -1.07817 -0.244791
vt -1.07817 -0.244791
vt -1.11631 -0.213192
vt -0.971967 -0.215738
vt -1.15617 0.283555
vt -1.25094 0.223124
vt -1.13298 0.220993
vt -1.13298 0.220993
vt -1.25094 0.223124
vt -1.15617 0.283555
vt -1.5126 0.430593
vt -1.61057 0.150605
vt -1.50047 0.147756
vt -1.61057 0.150605
vt -1.5126 0.430593
vt -1.6227 0.433442
vt -1.50047 0.147756
vt -1.61057 0.150605
vt -1.5126 0.430593
vt -1.6227 0.433442
vt -1.5126 0.430593
vt -1.61057 0.150605
vt -1.49504 0.260983
vt -1.61126 0.199074
vt -1.50212 0.186009
vt -1.61126 0.199074
vt -1.49504 0.260983
vt -1.60514 0.264003
vt -1.50212 0.186009
vt -1.61126 0.199074
vt -1.49504 0.260983
vt -1.60514 0.264003
vt -1.49504 0.260983
vt -1.61126 0.199074
vt -1.53963 0.45147
vt -1.46818 0.350007
vt -1.43209 0.431962
vt -1.46818 0.350007
vt -1.53963 0.45147
vt -1.57089 0.380496
vt -1.43209 0.431962
vt -1.46818 0.350007
vt -1.53963 0.45147
vt -1.57089 0.380496
vt -1.53963 0.45147
vt -1.46818 0.350007
vt -1.11188 0.93914
vt -1.13272 0.817439
vt -1.0354 0.877795
vt -1.13272 0.817439
vt -1.11188 0.93914
vt -1.19616 0.88687
vt -1.0354 0.877795
vt -1.13272 0.817439
vt -1.11188 0.93914
vt -1.19616 0.88687
vt -1.11188 0.93914
vt -1.13272 0.817439
vt -1.34304 -0.923748
vt -1.48738 -0.926294
vt -1.38118 -0.955348
vt -1.38118 -0.955348
vt -1.48738 -0.926294
vt -1.34304 -0.923748
vt -1.05622 -0.022484
vt -0.961452 -0.082916
vt -0.948061 -0.046796
vt -0.948061 -0.046796
vt -0.961452 -0.082916
vt -1.05622 -0.022484
vt -1.12149 0.757375
vt -0.992093 0.723007
vt -1.00353 0.759529
vt -1.00353 0.759529
vt -0.992093 0.723007
vt -1.12149 0.757375
vt -1.57565 1.40779
vt -1.43131 1.41037
vt -1.46884 1.4424
vt -1.46884 1.4424
vt -1.43131 1.41037
vt -1.57565 1.40779
vt -1.21521 2.11118
vt -1.23605 2.23288
vt -1.31253 2.17153
vt -1.23605 2.23288
vt -1.21521 2.11118
vt -1.15177 2.18061
vt -1.31253 2.17153
vt -1.23605 2.23288
vt -1.21521 2.11118
vt -1.15177 2.18061
vt -1.21521 2.11118
vt -1.23605 2.23288
vt -1.43131 1.41037
vt -1.57565 1.40779
vt -1.51064 1.35231
vt -1.51064 1.35231
vt -1.57565 1.40779
vt -1.43131 1.41037
vt -2.5715 0.083493
vt -2.63248 0.073665
vt -2.56994 0.010918
vt -2.56994 0.010918
vt -2.63248 0.073665
vt -2.5715 0.083493
vt -2.68692 0.044146
vt -0.244265 0.116731
vt -2.68692 0.116731
vt -0.244265 0.116731
vt -2.68692 0.044146
vt -0.244265 0.044146
vt -2.68692 0.116731
vt -0.244265 0.116731
vt -2.68692 0.044146
vt -0.244265 0.044146
vt -2.68692 0.044146
vt -0.244265 0.116731
vt -0.353992 0.121324
vt -0.355548 0.04875
vt -0.293017 0.111496
vt -0.293017 0.111496
vt -0.355548 0.04875
vt -0.353992 0.121324
vt -0.477092 0.235435
vt -0.541554 0.173878
vt -0.432824 0.209089
vt -0.432824 0.209089
vt -0.541554 0.173878
vt -0.477092 0.235435
vt -1.25094 0.223124
vt -1.15617 0.283555
vt -1.26433 0.259243
vt -1.26433 0.259243
vt -1.15617 0.283555
vt -1.25094 0.223124
vt -1.23591 0.174555
vt -1.12623 0.455389
vt -1.24419 0.457475
vt -1.12623 0.455389
vt -1.23591 0.174555
vt -1.11794 0.172469
vt -1.24419 0.457475
vt -1.12623 0.455389
vt -1.23591 0.174555
vt -1.11794 0.172469
vt -1.23591 0.174555
vt -1.12623 0.455389
vt -0.244265 1.17567
vt -2.68692 1.26081
vt -2.68692 1.17567
vt -2.68692 1.26081
vt -0.244265 1.17567
vt -0.244265 1.26081
vt -2.68692 1.17567
vt -2.68692 1.26081
vt -0.244265 1.17567
vt -0.244265 1.26081
vt -0.244265 1.17567
vt -2.68692 1.26081
vt -2.41264 0.164096
vt -2.45691 0.137751
vt -2.34818 0.10254
vt -2.34818 0.10254
vt -2.45691 0.137751
vt -2.41264 0.164096
vt -2.32301 0.38105
vt -2.33931 0.345658
vt -2.21397 0.346423
vt -2.21397 0.346423
vt -2.33931 0.345658
vt -2.32301 0.38105
vt -2.21832 0.211346
vt -2.3408 0.493567
vt -2.34366 0.210582
vt -2.3408 0.493567
vt -2.21832 0.211346
vt -2.21546 0.494331
vt -2.34366 0.210582
vt -2.3408 0.493567
vt -2.21832 0.211346
vt -2.21546 0.494331
vt -2.21832 0.211346
vt -2.3408 0.493567
vt -2.21979 0.355203
vt -2.34513 0.354435
vt -2.32954 0.318851
vt -2.32954 0.318851
vt -2.34513 0.354435
vt -2.21979 0.355203
vt -2.35602 0.568519
vt -2.46525 0.53124
vt -2.42135 0.504526
vt -2.42135 0.504526
vt -2.46525 0.53124
vt -2.35602 0.568519
vt -2.26207 1.29609
vt -2.30446 1.39098
vt -2.36518 1.32068
vt -2.36518 1.32068
vt -2.30446 1.39098
vt -2.26207 1.29609
vt -0.53294 0.405054
vt -0.64198 0.370427
vt -0.516641 0.369662
vt -0.516641 0.369662
vt -0.64198 0.370427
vt -0.53294 0.405054
vt -0.515566 0.476202
vt -0.638053 0.193981
vt -0.512713 0.193217
vt -0.638053 0.193981
vt -0.515566 0.476202
vt -0.640906 0.476966
vt -0.512713 0.193217
vt -0.638053 0.193981
vt -0.515566 0.476202
vt -0.640906 0.476966
vt -0.515566 0.476202
vt -0.638053 0.193981
vt -1.1113 0.387064
vt -1.2407 0.352696
vt -1.1311 0.323804
vt -1.1311 0.323804
vt -1.2407 0.352696
vt -1.1113 0.387064
vt -0.925243 0.708184
vt -1.06959 0.710765
vt -0.990254 0.652702
vt -0.990254 0.652702
vt -1.06959 0.710765
vt -0.925243 0.708184
vt -0.557409 1.02445
vt -0.599799 0.929556
vt -0.496688 0.954145
vt -0.496688 0.954145
vt -0.599799 0.929556
vt -0.557409 1.02445
vt -2.57332 0.627212
vt -2.63616 0.56173
vt -2.57523 0.551726
vt -2.57523 0.551726
vt -2.63616 0.56173
vt -2.57332 0.627212
vt -2.30446 1.39098
vt -2.26207 1.29609
vt -2.24493 1.37679
vt -2.24493 1.37679
vt -2.26207 1.29609
vt -2.30446 1.39098
vt -2.68692 0.197854
vt -0.244265 0.480848
vt -2.68692 0.480848
vt -0.244265 0.480848
vt -2.68692 0.197854
vt -0.244265 0.197854
vt -2.68692 0.480848
vt -0.244265 0.480848
vt -2.68692 0.197854
vt -0.244265 0.197854
vt -2.68692 0.197854
vt -0.244265 0.480848
vt -1.2407 0.352696
vt -1.1113 0.387064
vt -1.22926 0.389219
vt -1.22926 0.389219
vt -1.1113 0.387064
vt -1.2407 0.352696
vt -0.636991 0.297254
vt -0.527242 0.260902
vt -0.511652 0.296486
vt -0.511652 0.296486
vt -0.527242 0.260902
vt -0.636991 0.297254
vt -1.06959 0.710765
vt -0.925243 0.708184
vt -1.03205 0.742799
vt -1.03205 0.742799
vt -0.925243 0.708184
vt -1.06959 0.710765
vt -0.244265 0.992958
vt -2.68692 1.07475
vt -2.68692 0.992958
vt -2.68692 1.07475
vt -0.244265 0.992958
vt -0.244265 1.07475
vt -2.68692 0.992958
vt -2.68692 1.07475
vt -0.244265 0.992958
vt -0.244265 1.07475
vt -0.244265 0.992958
vt -2.68692 1.07475
vt -0.599799 0.929556
vt -0.557409 1.02445
vt -0.61694 1.01026
vt -0.61694 1.01026
vt -0.557409 1.02445
vt -0.599799 0.929556
vt -2.68692 0.512324
vt -0.244265 0.587824
vt -2.68692 0.587824
vt -0.244265 0.587824
vt -2.68692 0.512324
vt -0.244265 0.512324
vt -2.68692 0.587824
vt -0.244265 0.587824
vt -2.68692 0.512324
vt -0.244265 0.512324
vt -2.68692 0.512324
vt -0.244265 0.587824
vt -0.534975 0.475442
vt -0.469644 0.411449
vt -0.425743 0.438163
vt -0.425743 0.438163
vt -0.469644 0.411449
vt -0.534975 0.475442
vt -0.352415 0.582559
vt -0.350505 0.507074
vt -0.289578 0.517078
vt -0.289578 0.517078
vt -0.350505 0.507074
vt -0.352415 0.582559
vt 2.68461 0.433987
vt 2.6827 0.358501
vt 2.74553 0.423983
vt 2.74553 0.423983
vt 2.6827 0.358501
vt 2.68461 0.433987
vt 2.68692 0.474868
vt 0.244265 0.399367
vt 2.68692 0.399367
vt 0.244265 0.399367
vt 2.68692 0.474868
vt 0.244265 0.474868
vt 2.68692 0.399367
vt 0.244265 0.399367
vt 2.68692 0.474868
vt 0.244265 0.474868
vt 2.68692 0.474868
vt 0.244265 0.399367
vt 2.71751 0.386567
vt 2.65218 0.322574
vt 2.76141 0.359853
vt 2.76141 0.359853
vt 2.65218 0.322574
vt 2.71751 0.386567
vt 2.69243 0.001635
vt 2.65004 0.096531
vt 2.6329 0.015831
vt 2.6329 0.015831
vt 2.65004 0.096531
vt 2.69243 0.001635
vt 0.244265 0.135631
vt 2.68692 0.418625
vt 0.244265 0.418625
vt 2.68692 0.418625
vt 0.244265 0.135631
vt 2.68692 0.135631
vt 0.244265 0.418625
vt 2.68692 0.418625
vt 0.244265 0.135631
vt 2.68692 0.135631
vt 0.244265 0.135631
vt 2.68692 0.418625
vt 2.73131 0.400146
vt 2.62156 0.363794
vt 2.7469 0.364562
vt 2.7469 0.364562
vt 2.62156 0.363794
vt 2.73131 0.400146
vt 2.51169 -0.248031
vt 2.36735 -0.250612
vt 2.40488 -0.282646
vt 2.40488 -0.282646
vt 2.36735 -0.250612
vt 2.51169 -0.248031
vt 2.65004 0.096531
vt 2.69243 0.001635
vt 2.75315 0.071942
vt 2.75315 0.071942
vt 2.69243 0.001635
vt 2.65004 0.096531
vt 0.244265 0.430123
vt 2.68692 0.348333
vt 2.68692 0.430123
vt 2.68692 0.348333
vt 0.244265 0.430123
vt 0.244265 0.348333
vt 2.68692 0.430123
vt 2.68692 0.348333
vt 0.244265 0.430123
vt 0.244265 0.348333
vt 0.244265 0.430123
vt 2.68692 0.348333
vt 0.241126 0.47864
vt 0.180199 0.468635
vt 0.243037 0.403154
vt 0.243037 0.403154
vt 0.180199 0.468635
vt 0.241126 0.47864
vt 0.235178 0.420068
vt 0.112691 0.137846
vt 0.238031 0.137082
vt 0.112691 0.137846
vt 0.235178 0.420068
vt 0.109839 0.420831
vt 0.238031 0.137082
vt 0.112691 0.137846
vt 0.235178 0.420068
vt 0.109839 0.420831
vt 0.235178 0.420068
vt 0.112691 0.137846
vt 2.62119 0.402703
vt 2.74368 0.120481
vt 2.74653 0.403466
vt 2.74368 0.120481
vt 2.62119 0.402703
vt 2.61834 0.119717
vt 2.74653 0.403466
vt 2.74368 0.120481
vt 2.62119 0.402703
vt 2.61834 0.119717
vt 2.62119 0.402703
vt 2.74368 0.120481
vt 2.2842 0.059209
vt 2.15481 0.093578
vt 2.16624 0.057055
vt 2.16624 0.057055
vt 2.15481 0.093578
vt 2.2842 0.059209
vt 2.36735 -0.250612
vt 2.51169 -0.248031
vt 2.44668 -0.19255
vt 2.44668 -0.19255
vt 2.51169 -0.248031
vt 2.36735 -0.250612
vt 2.15481 0.093578
vt 2.2842 0.059209
vt 2.2644 0.12247
vt 2.2644 0.12247
vt 2.2842 0.059209
vt 2.15481 0.093578
vt 2.31039 -0.994641
vt 2.28955 -0.872941
vt 2.2261 -0.942371
vt 2.28955 -0.872941
vt 2.31039 -0.994641
vt 2.38687 -0.933296
vt 2.2261 -0.942371
vt 2.28955 -0.872941
vt 2.31039 -0.994641
vt 2.38687 -0.933296
vt 2.31039 -0.994641
vt 2.28955 -0.872941
vt 2.68692 0.231815
vt 0.244265 0.316948
vt 0.244265 0.231815
vt 0.244265 0.316948
vt 2.68692 0.231815
vt 2.68692 0.316948
vt 0.244265 0.231815
vt 0.244265 0.316948
vt 2.68692 0.231815
vt 2.68692 0.316948
vt 2.68692 0.231815
vt 0.244265 0.316948
vt 0.211824 0.463063
vt 0.169434 0.368167
vt 0.228964 0.382363
vt 0.228964 0.382363
vt 0.169434 0.368167
vt 0.211824 0.463063
vt 0.173487 0.479644
vt 0.129587 0.452929
vt 0.238819 0.415651
vt 0.238819 0.415651
vt 0.129587 0.452929
vt 0.173487 0.479644
vt 0.244265 0.058188
vt 2.68692 0.130772
vt 0.244265 0.130772
vt 2.68692 0.130772
vt 0.244265 0.058188
vt 2.68692 0.058188
vt 0.244265 0.130772
vt 2.68692 0.130772
vt 0.244265 0.058188
vt 2.68692 0.058188
vt 0.244265 0.058188
vt 2.68692 0.130772
vt 0.112657 0.134328
vt 0.128955 0.098937
vt 0.237996 0.133564
vt 0.237996 0.133564
vt 0.128955 0.098937
vt 0.112657 0.134328
vt 2.26641 0.10134
vt 2.15673 0.382175
vt 2.14844 0.099254
vt 2.15673 0.382175
vt 2.26641 0.10134
vt 2.27469 0.384261
vt 2.14844 0.099254
vt 2.15673 0.382175
vt 2.26641 0.10134
vt 2.27469 0.384261
vt 2.26641 0.10134
vt 2.15673 0.382175
vt 1.33535 -1.22652
vt 1.40679 -1.12505
vt 1.30409 -1.15554
vt 1.40679 -1.12505
vt 1.33535 -1.22652
vt 1.44289 -1.20701
vt 1.30409 -1.15554
vt 1.40679 -1.12505
vt 1.33535 -1.22652
vt 1.44289 -1.20701
vt 1.33535 -1.22652
vt 1.40679 -1.12505
vt 1.11613 -0.302256
vt 0.99991 -0.240347
vt 1.00603 -0.305276
vt 0.99991 -0.240347
vt 1.11613 -0.302256
vt 1.10906 -0.227282
vt 1.00603 -0.305276
vt 0.99991 -0.240347
vt 1.11613 -0.302256
vt 1.10906 -0.227282
vt 1.11613 -0.302256
vt 0.99991 -0.240347
vt 0.058382 0.420796
vt 0.037541 0.299096
vt 0.121825 0.351366
vt 0.037541 0.299096
vt 0.058382 0.420796
vt -0.038939 0.36044
vt 0.121825 0.351366
vt 0.037541 0.299096
vt 0.058382 0.420796
vt -0.038939 0.36044
vt 0.058382 0.420796
vt 0.037541 0.299096
vt 0.169434 0.368167
vt 0.211824 0.463063
vt 0.108713 0.438473
vt 0.108713 0.438473
vt 0.211824 0.463063
vt 0.169434 0.368167
vt 0.133549 0.448993
vt -0.010794 0.451574
vt 0.096013 0.416959
vt 0.096013 0.416959
vt -0.010794 0.451574
vt 0.133549 0.448993
vt 0.125471 0.458095
vt 0.109881 0.422511
vt 0.23522 0.421743
vt 0.23522 0.421743
vt 0.109881 0.422511
vt 0.125471 0.458095
vt 0.243791 0.127638
vt 0.18126 0.064891
vt 0.242235 0.055063
vt 0.242235 0.055063
vt 0.18126 0.064891
vt 0.243791 0.127638
vt 2.74329 0.158333
vt 2.61795 0.157568
vt 2.72699 0.122941
vt 2.72699 0.122941
vt 2.61795 0.157568
vt 2.74329 0.158333
vt 0.065963 0.421424
vt -0.043718 0.140589
vt 0.074248 0.138503
vt -0.043718 0.140589
vt 0.065963 0.421424
vt -0.052003 0.42351
vt 0.074248 0.138503
vt -0.043718 0.140589
vt 0.065963 0.421424
vt -0.052003 0.42351
vt 0.065963 0.421424
vt -0.043718 0.140589
vt -0.04426 0.119574
vt 0.087095 0.081324
vt 0.073704 0.117444
vt 0.073704 0.117444
vt 0.087095 0.081324
vt -0.04426 0.119574
vt 0.240811 0.127374
vt 0.13208 0.092164
vt 0.176349 0.065818
vt 0.176349 0.065818
vt 0.13208 0.092164
vt 0.240811 0.127374
vt 2.1253 0.387364
vt 2.25665 0.425614
vt 2.13869 0.423483
vt 2.13869 0.423483
vt 2.25665 0.425614
vt 2.1253 0.387364
vt 1.07295 0.119345
vt 0.974978 0.399334
vt 0.962845 0.116497
vt 0.974978 0.399334
vt 1.07295 0.119345
vt 1.08508 0.402182
vt 0.962845 0.116497
vt 0.974978 0.399334
vt 1.07295 0.119345
vt 1.08508 0.402182
vt 1.07295 0.119345
vt 0.974978 0.399334
vt 0.708964 -1.96746
vt 1.93143 -1.69984
vt 0.688763 -1.87203
vt 1.93143 -1.69984
vt 0.708964 -1.96746
vt 1.95163 -1.79528
vt 0.688763 -1.87203
vt 1.93143 -1.69984
vt 0.708964 -1.96746
vt 1.95163 -1.79528
vt 0.708964 -1.96746
vt 1.93143 -1.69984
vt 2.68692 0.197691
vt 0.244265 1.17791
vt 0.244265 0.197691
vt 0.244265 1.17791
vt 2.68692 0.197691
vt 2.68692 1.17791
vt 0.244265 0.197691
vt 0.244265 1.17791
vt 2.68692 0.197691
vt 2.68692 1.17791
vt 2.68692 0.197691
vt 0.244265 1.17791
vt -0.010794 0.451574
vt 0.133549 0.448993
vt 0.054217 0.507055
vt 0.054217 0.507055
vt 0.133549 0.448993
vt -0.010794 0.451574
vt -0.051415 0.42952
vt 0.077982 0.463888
vt -0.031611 0.49278
vt -0.031611 0.49278
vt 0.077982 0.463888
vt -0.051415 0.42952
vt 0.077982 0.463888
vt -0.051415 0.42952
vt 0.066548 0.427365
vt 0.066548 0.427365
vt -0.051415 0.42952
vt 0.077982 0.463888
vt 0.244265 0.028067
vt 2.68692 -0.048262
vt 2.68692 0.028067
vt 2.68692 -0.048262
vt 0.244265 0.028067
vt 0.244265 -0.048262
vt 2.68692 0.028067
vt 2.68692 -0.048262
vt 0.244265 0.028067
vt 0.244265 -0.048262
vt 0.244265 0.028067
vt 2.68692 -0.048262
vt 2.6817 0.165469
vt 2.68326 0.092895
vt 2.74423 0.102723
vt 2.74423 0.102723
vt 2.68326 0.092895
vt 2.6817 0.165469
vt 0.172207 0.010449
vt 0.214269 -0.078997
vt 0.231687 -0.003875
vt 0.231687 -0.003875
vt 0.214269 -0.078997
vt 0.172207 0.010449
vt 2.64892 0.198712
vt 2.71338 0.137156
vt 2.75765 0.163502
vt 2.75765 0.163502
vt 2.71338 0.137156
vt 2.64892 0.198712
vt 0.087095 0.081324
vt -0.04426 0.119574
vt -0.021065 0.057012
vt -0.021065 0.057012
vt -0.04426 0.119574
vt 0.087095 0.081324
vt -0.004465 0.010261
vt 0.139879 0.007715
vt 0.101737 0.039314
vt 0.101737 0.039314
vt 0.139879 0.007715
vt -0.004465 0.010261
vt 2.25665 0.425614
vt 2.1253 0.387364
vt 2.23346 0.363052
vt 2.23346 0.363052
vt 2.1253 0.387364
vt 2.25665 0.425614
vt 0.931323 0.807743
vt 1.029 0.736194
vt 1.04142 0.810747
vt 1.029 0.736194
vt 0.931323 0.807743
vt 0.920565 0.743178
vt 1.04142 0.810747
vt 1.029 0.736194
vt 0.931323 0.807743
vt 0.920565 0.743178
vt 0.931323 0.807743
vt 1.029 0.736194
vt 0.361571 -1.50019
vt 1.61985 -1.35639
vt 0.359709 -1.41358
vt 1.61985 -1.35639
vt 0.361571 -1.50019
vt 1.62172 -1.44299
vt 0.359709 -1.41358
vt 1.61985 -1.35639
vt 0.361571 -1.50019
vt 1.62172 -1.44299
vt 0.361571 -1.50019
vt 1.61985 -1.35639
vt 1.52118 -0.334372
vt 0.262516 -0.295557
vt 0.25975 -0.370701
vt 0.262516 -0.295557
vt 1.52118 -0.334372
vt 1.52395 -0.259228
vt 0.25975 -0.370701
vt 0.262516 -0.295557
vt 1.52118 -0.334372
vt 1.52395 -0.259228
vt 1.52118 -0.334372
vt 0.262516 -0.295557
vt 1.47178 0.175594
vt 0.222964 0.424233
vt 0.210255 0.141411
vt 0.222964 0.424233
vt 1.47178 0.175594
vt 1.48449 0.458415
vt 0.210255 0.141411
vt 0.222964 0.424233
vt 1.47178 0.175594
vt 1.48449 0.458415
vt 1.47178 0.175594
vt 0.222964 0.424233
vt -1.44668 0.402236
vt -0.18381 0.325485
vt -1.42648 0.497672
vt -0.18381 0.325485
vt -1.44668 0.402236
vt -0.204011 0.230049
vt -1.42648 0.497672
vt -0.18381 0.325485
vt -1.44668 0.402236
vt -0.204011 0.230049
vt -1.44668 0.402236
vt -0.18381 0.325485
vt -0.154378 0.470525
vt -0.082934 0.369063
vt -0.051673 0.440037
vt -0.082934 0.369063
vt -0.154378 0.470525
vt -0.190476 0.38857
vt -0.051673 0.440037
vt -0.082934 0.369063
vt -0.154378 0.470525
vt -0.190476 0.38857
vt -0.154378 0.470525
vt -0.082934 0.369063
vt -0.095875 0.479752
vt -0.212094 0.417843
vt -0.101998 0.414823
vt -0.212094 0.417843
vt -0.095875 0.479752
vt -0.205023 0.492817
vt -0.101998 0.414823
vt -0.212094 0.417843
vt -0.095875 0.479752
vt -0.205023 0.492817
vt -0.095875 0.479752
vt -0.212094 0.417843
vt 2.73899 0.344324
vt 2.61855 0.394634
vt 2.63597 0.319513
vt 2.63597 0.319513
vt 2.61855 0.394634
vt 2.73899 0.344324
vt 2.61855 0.394634
vt 2.73899 0.344324
vt 2.67803 0.408959
vt 2.67803 0.408959
vt 2.73899 0.344324
vt 2.61855 0.394634
vt 0.214269 -0.078997
vt 0.172207 0.010449
vt 0.111246 -0.054185
vt 0.111246 -0.054185
vt 0.172207 0.010449
vt 0.214269 -0.078997
vt 2.31947 0.718271
vt 2.46381 0.720817
vt 2.35761 0.749871
vt 2.35761 0.749871
vt 2.46381 0.720817
vt 2.31947 0.718271
vt -0.10276 0.421896
vt -0.200731 0.141908
vt -0.090627 0.139059
vt -0.200731 0.141908
vt -0.10276 0.421896
vt -0.212864 0.424745
vt -0.090627 0.139059
vt -0.200731 0.141908
vt -0.10276 0.421896
vt -0.212864 0.424745
vt -0.10276 0.421896
vt -0.200731 0.141908
vt -0.09134 0.116274
vt -0.189014 0.044725
vt -0.080583 0.051709
vt -0.189014 0.044725
vt -0.09134 0.116274
vt -0.201437 0.119278
vt -0.080583 0.051709
vt -0.189014 0.044725
vt -0.09134 0.116274
vt -0.201437 0.119278
vt -0.09134 0.116274
vt -0.189014 0.044725
vt 0.139879 0.007715
vt -0.004465 0.010261
vt 0.061595 -0.044468
vt 0.061595 -0.044468
vt -0.004465 0.010261
vt 0.139879 0.007715
vt 1.4321 0.86555
vt 0.173434 0.904365
vt 0.170668 0.829222
vt 0.173434 0.904365
vt 1.4321 0.86555
vt 1.43486 0.940694
vt 0.170668 0.829222
vt 0.173434 0.904365
vt 1.4321 0.86555
vt 1.43486 0.940694
vt 1.4321 0.86555
vt 0.173434 0.904365
vt -0.914775 -2.11749
vt -0.754152 -2.10702
vt -0.82832 -2.04787
vt -0.754152 -2.10702
vt -0.914775 -2.11749
vt -0.829026 -2.16731
vt -0.82832 -2.04787
vt -0.754152 -2.10702
vt -0.914775 -2.11749
vt -0.829026 -2.16731
vt -0.914775 -2.11749
vt -0.754152 -2.10702
vt -2.68692 -1.01852
vt -0.244265 -1.10108
vt -0.244265 -1.01852
vt -0.244265 -1.10108
vt -2.68692 -1.01852
vt -2.68692 -1.10108
vt -0.244265 -1.01852
vt -0.244265 -1.10108
vt -2.68692 -1.01852
vt -2.68692 -1.10108
vt -2.68692 -1.01852
vt -0.244265 -1.10108
vt -1.23208 -0.490012
vt -1.23138 -0.609456
vt -1.14563 -0.559632
vt -1.23138 -0.609456
vt -1.23208 -0.490012
vt -1.30625 -0.549164
vt -1.14563 -0.559632
vt -1.23138 -0.609456
vt -1.23208 -0.490012
vt -1.30625 -0.549164
vt -1.23208 -0.490012
vt -1.23138 -0.609456
vt -1.48451 0.37994
vt -0.222499 0.409349
vt -1.48265 0.466544
vt -0.222499 0.409349
vt -1.48451 0.37994
vt -0.224361 0.322744
vt -1.48265 0.466544
vt -0.222499 0.409349
vt -1.48451 0.37994
vt -0.224361 0.322744
vt -1.48451 0.37994
vt -0.222499 0.409349
vt 0.244265 -0.072738
vt 2.68692 -0.155297
vt 2.68692 -0.072738
vt 2.68692 -0.155297
vt 0.244265 -0.072738
vt 0.244265 -0.155297
vt 2.68692 -0.072738
vt 2.68692 -0.155297
vt 0.244265 -0.072738
vt 0.244265 -0.155297
vt 0.244265 -0.072738
vt 2.68692 -0.155297
vt 1.95956 1.38009
vt 2.12019 1.39056
vt 2.03444 1.44038
vt 2.12019 1.39056
vt 1.95956 1.38009
vt 2.03373 1.32094
vt 2.03444 1.44038
vt 2.12019 1.39056
vt 1.95956 1.38009
vt 2.03373 1.32094
vt 1.95956 1.38009
vt 2.12019 1.39056
vt 2.46381 0.720817
vt 2.31947 0.718271
vt 2.39775 0.666088
vt 2.39775 0.666088
vt 2.31947 0.718271
vt 2.46381 0.720817
vt 0.025967 -0.117476
vt 0.026673 -0.23692
vt 0.100841 -0.177768
vt 0.026673 -0.23692
vt 0.025967 -0.117476
vt -0.059782 -0.1673
vt 0.100841 -0.177768
vt 0.026673 -0.23692
vt 0.025967 -0.117476
vt -0.059782 -0.1673
vt 0.025967 -0.117476
vt 0.026673 -0.23692
vt -0.148201 -0.101074
vt -0.074101 -0.007982
vt -0.182051 -0.018542
vt -0.074101 -0.007982
vt -0.148201 -0.101074
vt -0.044786 -0.079455
vt -0.182051 -0.018542
vt -0.074101 -0.007982
vt -0.148201 -0.101074
vt -0.044786 -0.079455
vt -0.148201 -0.101074
vt -0.074101 -0.007982
vt 1.11258 1.64994
vt 1.18668 1.55684
vt 1.22053 1.63937
vt 1.18668 1.55684
vt 1.11258 1.64994
vt 1.08326 1.57846
vt 1.22053 1.63937
vt 1.18668 1.55684
vt 1.11258 1.64994
vt 1.08326 1.57846
vt 1.11258 1.64994
vt 1.18668 1.55684
vt 0.073034 1.76427
vt 1.33132 1.90807
vt 0.071172 1.85087
vt 1.33132 1.90807
vt 0.073034 1.76427
vt 1.33318 1.82146
vt 0.071172 1.85087
vt 1.33132 1.90807
vt 0.073034 1.76427
vt 1.33318 1.82146
vt 0.073034 1.76427
vt 1.33132 1.90807
vt 0.472244 -1.63692
vt 0.398143 -1.54383
vt 0.364293 -1.62636
vt 0.398143 -1.54383
vt 0.472244 -1.63692
vt 0.501559 -1.56545
vt 0.364293 -1.62636
vt 0.398143 -1.54383
vt 0.472244 -1.63692
vt 0.501559 -1.56545
vt 0.472244 -1.63692
vt 0.398143 -1.54383
vt 0.692347 -0.358453
vt 0.594672 -0.286904
vt 0.58225 -0.361457
vt 0.594672 -0.286904
vt 0.692347 -0.358453
vt 0.703104 -0.293888
vt 0.58225 -0.361457
vt 0.594672 -0.286904
vt 0.692347 -0.358453
vt 0.703104 -0.293888
vt 0.692347 -0.358453
vt 0.594672 -0.286904
vt 0.642999 0.204526
vt 0.545029 0.484514
vt 0.532896 0.201678
vt 0.545029 0.484514
vt 0.642999 0.204526
vt 0.655132 0.487363
vt 0.532896 0.201678
vt 0.545029 0.484514
vt 0.642999 0.204526
vt 0.655132 0.487363
vt 0.642999 0.204526
vt 0.545029 0.484514
vt 0.612219 0.941019
vt 0.496 1.00293
vt 0.503071 0.927954
vt 0.496 1.00293
vt 0.612219 0.941019
vt 0.606096 1.00595
vt 0.503071 0.927954
vt 0.496 1.00293
vt 0.612219 0.941019
vt 0.606096 1.00595
vt 0.612219 0.941019
vt 0.496 1.00293
vt -1.51072 0.020996
vt -1.43662 0.114088
vt -1.54004 0.092469
vt -1.43662 0.114088
vt -1.51072 0.020996
vt -1.40277 0.031556
vt -1.54004 0.092469
vt -1.43662 0.114088
vt -1.51072 0.020996
vt -1.40277 0.031556
vt -1.51072 0.020996
vt -1.43662 0.114088
vt -0.225712 0.475056
vt -1.48438 0.436241
vt -0.222946 0.399912
vt -1.48438 0.436241
vt -0.225712 0.475056
vt -1.48714 0.511384
vt -0.222946 0.399912
vt -1.48438 0.436241
vt -0.225712 0.475056
vt -1.48714 0.511384
vt -0.225712 0.475056
vt -1.48438 0.436241
vt -0.222964 0.424233
vt -1.47178 0.175594
vt -0.210255 0.141411
vt -1.47178 0.175594
vt -0.222964 0.424233
vt -1.48449 0.458415
vt -0.210255 0.141411
vt -1.47178 0.175594
vt -0.222964 0.424233
vt -1.48449 0.458415
vt -0.222964 0.424233
vt -1.47178 0.175594
vt -0.210238 0.133753
vt -1.4689 0.094938
vt -0.207472 0.058609
vt -1.4689 0.094938
vt -0.210238 0.133753
vt -1.47167 0.170081
vt -0.207472 0.058609
vt -1.4689 0.094938
vt -0.210238 0.133753
vt -1.47167 0.170081
vt -0.210238 0.133753
vt -1.4689 0.094938
vt -0.208383 0.027939
vt -1.47039 -0.00147
vt -0.210244 -0.058665
vt -1.47039 -0.00147
vt -0.208383 0.027939
vt -1.46853 0.085135
vt -0.210244 -0.058665
vt -1.47039 -0.00147
vt -0.208383 0.027939
vt -1.46853 0.085135
vt -0.208383 0.027939
vt -1.47039 -0.00147
vt 0.125465 1.93985
vt 0.196908 2.04131
vt 0.089367 2.02181
vt 0.196908 2.04131
vt 0.125465 1.93985
vt 0.22817 1.97034
vt 0.089367 2.02181
vt 0.196908 2.04131
vt 0.125465 1.93985
vt 0.22817 1.97034
vt 0.125465 1.93985
vt 0.196908 2.04131
vt -2.34346 -0.907675
vt -2.22302 -0.957986
vt -2.24044 -0.882864
vt -2.24044 -0.882864
vt -2.22302 -0.957986
vt -2.34346 -0.907675
vt -2.68692 -0.560597
vt -0.244265 -0.636926
vt -0.244265 -0.560597
vt -0.244265 -0.636926
vt -2.68692 -0.560597
vt -2.68692 -0.636926
vt -0.244265 -0.560597
vt -0.244265 -0.636926
vt -2.68692 -0.560597
vt -2.68692 -0.636926
vt -2.68692 -0.560597
vt -0.244265 -0.636926
vt -0.609799 -0.484355
vt -0.567737 -0.573801
vt -0.506776 -0.509166
vt -0.506776 -0.509166
vt -0.567737 -0.573801
vt -0.609799 -0.484355
vt -1.06197 -0.149974
vt -0.917624 -0.15252
vt -0.983684 -0.097791
vt -0.983684 -0.097791
vt -0.917624 -0.15252
vt -1.06197 -0.149974
vt -1.53233 0.333017
vt -1.43465 0.404565
vt -1.54309 0.397582
vt -1.43465 0.404565
vt -1.53233 0.333017
vt -1.42223 0.330013
vt -1.54309 0.397582
vt -1.43465 0.404565
vt -1.53233 0.333017
vt -1.42223 0.330013
vt -1.53233 0.333017
vt -1.43465 0.404565
vt -0.244265 0.15824
vt -2.68692 1.13846
vt -2.68692 0.15824
vt -2.68692 1.13846
vt -0.244265 0.15824
vt -0.244265 1.13846
vt -2.68692 0.15824
vt -2.68692 1.13846
vt -0.244265 0.15824
vt -0.244265 1.13846
vt -0.244265 0.15824
vt -2.68692 1.13846
vt -0.262022 2.04112
vt 0.960446 2.30874
vt -0.282223 2.13656
vt 0.960446 2.30874
vt -0.262022 2.04112
vt 0.980647 2.21331
vt -0.282223 2.13656
vt 0.960446 2.30874
vt -0.262022 2.04112
vt 0.980647 2.21331
vt -0.262022 2.04112
vt 0.960446 2.30874
vt -0.22273 -0.060957
vt -1.4856 0.015794
vt -0.242932 -0.156393
vt -1.4856 0.015794
vt -0.22273 -0.060957
vt -1.4654 0.11123
vt -0.242932 -0.156393
vt -1.4856 0.015794
vt -0.22273 -0.060957
vt -1.4654 0.11123
vt -0.22273 -0.060957
vt -1.4856 0.015794
vt -1.54172 -0.863076
vt -1.39738 -0.86053
vt -1.47566 -0.808348
vt -1.47566 -0.808348
vt -1.39738 -0.86053
vt -1.54172 -0.863076
vt -1.02697 -0.039988
vt -1.12174 0.020444
vt -1.14493 -0.042118
vt -1.14493 -0.042118
vt -1.12174 0.020444
vt -1.02697 -0.039988
vt -1.0519 0.243838
vt -1.16158 0.524672
vt -1.16986 0.241752
vt -1.16158 0.524672
vt -1.0519 0.243838
vt -1.04361 0.526758
vt -1.16986 0.241752
vt -1.16158 0.524672
vt -1.0519 0.243838
vt -1.04361 0.526758
vt -1.0519 0.243838
vt -1.16158 0.524672
vt -1.0568 0.738759
vt -1.1862 0.773128
vt -1.16639 0.709867
vt -1.16639 0.709867
vt -1.1862 0.773128
vt -1.0568 0.738759
vt -2.22302 -0.957986
vt -2.34346 -0.907675
vt -2.2825 -0.97231
vt -2.2825 -0.97231
vt -2.34346 -0.907675
vt -2.22302 -0.957986
vt -0.567737 -0.573801
vt -0.609799 -0.484355
vt -0.627217 -0.559476
vt -0.627217 -0.559476
vt -0.609799 -0.484355
vt -0.567737 -0.573801
vt -0.917624 -0.15252
vt -1.06197 -0.149974
vt -1.02383 -0.181574
vt -1.02383 -0.181574
vt -1.06197 -0.149974
vt -0.917624 -0.15252
vt -1.09065 0.326483
vt -1.18542 0.266052
vt -1.06746 0.263921
vt -1.06746 0.263921
vt -1.18542 0.266052
vt -1.09065 0.326483
vt -1.41725 0.461952
vt -1.51522 0.181964
vt -1.40511 0.179115
vt -1.51522 0.181964
vt -1.41725 0.461952
vt -1.52735 0.464801
vt -1.40511 0.179115
vt -1.51522 0.181964
vt -1.41725 0.461952
vt -1.52735 0.464801
vt -1.41725 0.461952
vt -1.51522 0.181964
vt -1.40004 0.282829
vt -1.51625 0.22092
vt -1.40711 0.207855
vt -1.51625 0.22092
vt -1.40004 0.282829
vt -1.51013 0.285849
vt -1.40711 0.207855
vt -1.51625 0.22092
vt -1.40004 0.282829
vt -1.51013 0.285849
vt -1.40004 0.282829
vt -1.51625 0.22092
vt -1.44932 0.445734
vt -1.37788 0.344271
vt -1.34178 0.426226
vt -1.37788 0.344271
vt -1.44932 0.445734
vt -1.48059 0.37476
vt -1.34178 0.426226
vt -1.37788 0.344271
vt -1.44932 0.445734
vt -1.48059 0.37476
vt -1.44932 0.445734
vt -1.37788 0.344271
vt -1.05209 0.890073
vt -1.07293 0.768373
vt -0.975605 0.828729
vt -1.07293 0.768373
vt -1.05209 0.890073
vt -1.13637 0.837803
vt -0.975605 0.828729
vt -1.07293 0.768373
vt -1.05209 0.890073
vt -1.13637 0.837803
vt -1.05209 0.890073
vt -1.07293 0.768373
vt -1.39738 -0.86053
vt -1.54172 -0.863076
vt -1.43552 -0.89213
vt -1.43552 -0.89213
vt -1.54172 -0.863076
vt -1.39738 -0.86053
vt -1.12174 0.020444
vt -1.02697 -0.039988
vt -1.01358 -0.003868
vt -1.01358 -0.003868
vt -1.02697 -0.039988
vt -1.12174 0.020444
vt -1.1862 0.773128
vt -1.0568 0.738759
vt -1.06824 0.775282
vt -1.06824 0.775282
vt -1.0568 0.738759
vt -1.1862 0.773128
vt -1.62774 1.39432
vt -1.4834 1.3969
vt -1.52094 1.42894
vt -1.52094 1.42894
vt -1.4834 1.3969
vt -1.62774 1.39432
vt -1.275 2.06211
vt -1.29584 2.18381
vt -1.37232 2.12246
vt -1.29584 2.18381
vt -1.275 2.06211
vt -1.21156 2.13154
vt -1.37232 2.12246
vt -1.29584 2.18381
vt -1.275 2.06211
vt -1.21156 2.13154
vt -1.275 2.06211
vt -1.29584 2.18381
vt -1.4834 1.3969
vt -1.62774 1.39432
vt -1.56274 1.33884
vt -1.56274 1.33884
vt -1.62774 1.39432
vt -1.4834 1.3969
vt -2.57772 0.134607
vt -2.6387 0.124779
vt -2.57616 0.062032
vt -2.57616 0.062032
vt -2.6387 0.124779
vt -2.57772 0.134607
vt -2.68692 0.095333
vt -0.244265 0.167918
vt -2.68692 0.167918
vt -0.244265 0.167918
vt -2.68692 0.095333
vt -0.244265 0.095333
vt -2.68692 0.167918
vt -0.244265 0.167918
vt -2.68692 0.095333
vt -0.244265 0.095333
vt -2.68692 0.095333
vt -0.244265 0.167918
vt -0.347772 0.172438
vt -0.349328 0.099864
vt -0.286798 0.16261
vt -0.286798 0.16261
vt -0.349328 0.099864
vt -0.347772 0.172438
vt -0.460354 0.280777
vt -0.524817 0.219221
vt -0.416086 0.254431
vt -0.416086 0.254431
vt -0.524817 0.219221
vt -0.460354 0.280777
vt -1.18542 0.266052
vt -1.09065 0.326483
vt -1.19881 0.302171
vt -1.19881 0.302171
vt -1.09065 0.326483
vt -1.18542 0.266052
vt -1.17079 0.204588
vt -1.06111 0.485423
vt -1.17908 0.487509
vt -1.06111 0.485423
vt -1.17079 0.204588
vt -1.05283 0.202502
vt -1.17908 0.487509
vt -1.06111 0.485423
vt -1.17079 0.204588
vt -1.05283 0.202502
vt -1.17079 0.204588
vt -1.06111 0.485423
vt -0.244265 1.10879
vt -2.68692 1.19392
vt -2.68692 1.10879
vt -2.68692 1.19392
vt -0.244265 1.10879
vt -0.244265 1.19392
vt -2.68692 1.10879
vt -2.68692 1.19392
vt -0.244265 1.10879
vt -0.244265 1.19392
vt -0.244265 1.10879
vt -2.68692 1.19392
vt -2.42938 0.209439
vt -2.47364 0.183093
vt -2.36491 0.147883
vt -2.36491 0.147883
vt -2.47364 0.183093
vt -2.42938 0.209439
vt -2.34549 0.416156
vt -2.36179 0.380764
vt -2.23645 0.381528
vt -2.23645 0.381528
vt -2.36179 0.380764
vt -2.34549 0.416156
vt -2.24074 0.240359
vt -2.36322 0.522581
vt -2.36608 0.239596
vt -2.36322 0.522581
vt -2.24074 0.240359
vt -2.23788 0.523345
vt -2.36608 0.239596
vt -2.36322 0.522581
vt -2.24074 0.240359
vt -2.23788 0.523345
vt -2.24074 0.240359
vt -2.36322 0.522581
vt -2.24215 0.378002
vt -2.36749 0.377234
vt -2.3519 0.34165
vt -2.3519 0.34165
vt -2.36749 0.377234
vt -2.24215 0.378002
vt -2.3725 0.580179
vt -2.48173 0.5429
vt -2.43783 0.516186
vt -2.43783 0.516186
vt -2.48173 0.5429
vt -2.3725 0.580179
vt -2.28366 1.26077
vt -2.32605 1.35566
vt -2.38677 1.28536
vt -2.38677 1.28536
vt -2.32605 1.35566
vt -2.28366 1.26077
vt -0.510456 0.44016
vt -0.619497 0.405532
vt -0.494158 0.404768
vt -0.494158 0.404768
vt -0.619497 0.405532
vt -0.510456 0.44016
vt -0.493145 0.505216
vt -0.615631 0.222994
vt -0.490292 0.222231
vt -0.615631 0.222994
vt -0.493145 0.505216
vt -0.618484 0.50598
vt -0.490292 0.222231
vt -0.615631 0.222994
vt -0.493145 0.505216
vt -0.618484 0.50598
vt -0.493145 0.505216
vt -0.615631 0.222994
vt -1.04659 0.402817
vt -1.17599 0.368448
vt -1.06639 0.339556
vt -1.06639 0.339556
vt -1.17599 0.368448
vt -1.04659 0.402817
vt -0.873149 0.694719
vt -1.01749 0.6973
vt -0.93816 0.639238
vt -0.93816 0.639238
vt -1.01749 0.6973
vt -0.873149 0.694719
vt -0.535817 0.989131
vt -0.578207 0.894235
vt -0.475096 0.918825
vt -0.475096 0.918825
vt -0.578207 0.894235
vt -0.535817 0.989131
vt -2.57941 0.632213
vt -2.64224 0.566731
vt -2.58132 0.556727
vt -2.58132 0.556727
vt -2.64224 0.566731
vt -2.57941 0.632213
vt -2.32605 1.35566
vt -2.28366 1.26077
vt -2.26652 1.34147
vt -2.26652 1.34147
vt -2.28366 1.26077
vt -2.32605 1.35566
vt -2.68692 0.22673
vt -0.244265 0.509724
vt -2.68692 0.509724
vt -0.244265 0.509724
vt -2.68692 0.22673
vt -0.244265 0.22673
vt -2.68692 0.509724
vt -0.244265 0.509724
vt -2.68692 0.22673
vt -0.244265 0.22673
vt -2.68692 0.22673
vt -0.244265 0.509724
vt -1.17599 0.368448
vt -1.04659 0.402817
vt -1.16455 0.404971
vt -1.16455 0.404971
vt -1.04659 0.402817
vt -1.17599 0.368448
vt -0.614631 0.320053
vt -0.504882 0.283701
vt -0.489292 0.319285
vt -0.489292 0.319285
vt -0.504882 0.283701
vt -0.614631 0.320053
vt -1.01749 0.6973
vt -0.873149 0.694719
vt -0.979956 0.729334
vt -0.979956 0.729334
vt -0.873149 0.694719
vt -1.01749 0.6973
vt -0.244265 0.95538
vt -2.68692 1.03717
vt -2.68692 0.95538
vt -2.68692 1.03717
vt -0.244265 0.95538
vt -0.244265 1.03717
vt -2.68692 0.95538
vt -2.68692 1.03717
vt -0.244265 0.95538
vt -0.244265 1.03717
vt -0.244265 0.95538
vt -2.68692 1.03717
vt -0.578207 0.894235
vt -0.535817 0.989131
vt -0.595347 0.974935
vt -0.595347 0.974935
vt -0.535817 0.989131
vt -0.578207 0.894235
vt -2.68692 0.517231
vt -0.244265 0.592731
vt -2.68692 0.592731
vt -0.244265 0.592731
vt -2.68692 0.517231
vt -0.244265 0.517231
vt -2.68692 0.592731
vt -0.244265 0.592731
vt -2.68692 0.517231
vt -0.244265 0.517231
vt -2.68692 0.517231
vt -0.244265 0.592731
vt -0.518493 0.487102
vt -0.453161 0.423109
vt -0.409261 0.449823
vt -0.409261 0.449823
vt -0.453161 0.423109
vt -0.518493 0.487102
vt -0.346328 0.58756
vt -0.344417 0.512074
vt -0.28349 0.522078
vt -0.28349 0.522078
vt -0.344417 0.512074
vt -0.346328 0.58756
usemtl 33bfb06af948d3415cab680ae8f530b6_0
f 1/1/1 2/2/2 3/3/3
f 2/4/2 1/5/1 4/6/4
f 4/7/4 1/8/1 23/9/23
f 45/10/45 23/11/23 1/12/1
f 9/13/9 3/14/3 2/15/2
f 3/16/3 9/17/9 31/18/31
f 61/19/61 31/20/31 9/21/9
f 31/22/31 61/23/61 101/24/101
f 157/25/157 101/26/101 61/27/61
f 101/28/101 157/29/157 185/30/185
f 221/31/221 185/32/185 157/33/157
f 221/34/221 257/35/257 185/36/185
f 257/37/257 221/38/221 317/39/317
f 345/40/345 317/41/317 221/42/221
f 317/43/317 345/44/345 379/45/379
f 379/46/379 345/47/345 415/48/415
f 379/49/379 375/50/375 333/51/333
f 375/52/375 379/53/379 415/54/415
f 271/55/271 333/56/333 375/57/375
f 333/58/333 271/59/271 205/60/205
f 133/61/133 205/62/205 271/63/271
f 205/64/205 133/65/133 83/66/83
f 23/67/23 83/68/83 133/69/133
f 83/70/83 23/71/23 45/72/45
f 5/73/5 6/74/6 7/75/7
f 6/76/6 5/77/5 10/78/10
f 32/79/32 10/80/10 5/81/5
f 8/82/8 7/83/7 6/84/6
f 24/85/24 7/86/7 8/87/8
f 7/88/7 24/89/24 46/90/46
f 46/91/46 24/92/24 84/93/84
f 134/94/134 84/95/84 24/96/24
f 84/97/84 134/98/134 206/99/206
f 272/100/272 206/101/206 134/102/134
f 206/103/206 272/104/272 334/105/334
f 376/106/376 334/107/334 272/108/272
f 334/109/334 376/110/376 380/111/380
f 416/112/416 380/113/380 376/114/376
f 380/115/380 346/116/346 318/117/318
f 416/118/416 346/119/346 380/120/380
f 222/121/222 318/122/318 346/123/346
f 318/124/318 222/125/222 258/126/258
f 158/127/158 186/128/186 222/129/222
f 186/130/186 258/131/258 222/132/222
f 62/133/62 102/134/102 158/135/158
f 186/136/186 158/137/158 102/138/102
f 10/139/10 32/140/32 62/141/62
f 102/142/102 62/143/62 32/144/32
f 11/145/11 12/146/12 13/147/13
f 11/148/11 35/149/35 12/150/12
f 35/151/35 11/152/11 67/153/67
f 115/154/115 35/155/35 67/156/67
f 35/157/35 115/158/115 181/159/181
f 202/160/202 181/161/181 115/162/115
f 201/163/201 181/164/181 202/165/202
f 181/166/181 201/167/201 269/168/269
f 14/169/14 15/170/15 16/171/16
f 15/172/15 36/173/36 16/174/16
f 68/175/68 16/176/16 36/177/36
f 68/178/68 36/179/36 116/180/116
f 182/181/182 116/182/116 36/183/36
f 116/184/116 182/185/182 203/186/203
f 203/187/203 182/188/182 204/189/204
f 270/190/270 204/191/204 182/192/182
f 17/193/17 18/194/18 19/195/19
f 37/196/37 38/197/38 17/198/17
f 41/199/41 18/200/18 17/201/17
f 17/202/17 38/203/38 41/204/41
f 19/205/19 18/206/18 43/207/43
f 19/208/19 43/209/43 81/210/81
f 18/211/18 79/212/79 43/213/43
f 125/214/125 43/215/43 79/216/79
f 81/217/81 43/218/43 127/219/127
f 43/220/43 125/221/125 127/222/127
f 127/223/127 195/224/195 81/225/81
f 195/226/195 127/227/127 125/228/125
f 125/229/125 79/230/79 123/231/123
f 125/232/125 123/233/123 265/234/265
f 125/235/125 267/236/267 195/237/195
f 267/238/267 125/239/125 265/240/265
f 79/241/79 18/242/18 123/243/123
f 77/244/77 18/245/18 41/246/41
f 121/247/121 18/248/18 77/249/77
f 18/250/18 121/251/121 183/252/183
f 77/253/77 187/254/187 121/255/121
f 241/256/241 187/257/187 77/258/77
f 261/259/261 121/260/121 187/261/187
f 321/262/321 121/263/121 261/264/261
f 121/265/121 321/266/321 363/267/363
f 187/268/187 241/269/241 311/270/311
f 311/271/311 261/272/261 187/273/187
f 261/274/261 311/275/311 321/276/321
f 103/277/103 41/278/41 38/279/38
f 41/280/41 161/281/161 162/282/162
f 161/283/161 41/284/41 103/285/103
f 75/286/75 103/287/103 38/288/38
f 103/289/103 75/290/75 161/291/161
f 38/292/38 37/293/37 75/294/75
f 20/295/20 21/296/21 22/297/22
f 44/298/44 21/299/21 20/300/20
f 82/301/82 44/302/44 20/303/20
f 22/304/22 39/305/39 40/306/40
f 22/307/22 21/308/21 42/309/42
f 42/310/42 39/311/39 22/312/22
f 76/313/76 40/314/40 39/315/39
f 39/316/39 42/317/42 104/318/104
f 39/319/39 104/320/104 76/321/76
f 42/322/42 21/323/21 78/324/78
f 163/325/163 164/326/164 42/327/42
f 104/328/104 42/329/42 164/330/164
f 164/331/164 76/332/76 104/333/104
f 78/334/78 21/335/21 122/336/122
f 122/337/122 188/338/188 78/339/78
f 78/340/78 188/341/188 242/342/242
f 184/343/184 122/344/122 21/345/21
f 188/346/188 122/347/122 262/348/262
f 262/349/262 122/350/122 322/351/322
f 364/352/364 322/353/322 122/354/122
f 312/355/312 242/356/242 188/357/188
f 188/358/188 262/359/262 312/360/312
f 322/361/322 312/362/312 262/363/262
f 44/364/44 80/365/80 21/366/21
f 124/367/124 21/368/21 80/369/80
f 80/370/80 44/371/44 126/372/126
f 128/373/128 44/374/44 82/375/82
f 128/376/128 126/377/126 44/378/44
f 124/379/124 80/380/80 126/381/126
f 266/382/266 124/383/124 126/384/126
f 126/385/126 128/386/128 196/387/196
f 196/388/196 268/389/268 126/390/126
f 266/391/266 126/392/126 268/393/268
f 82/394/82 196/395/196 128/396/128
f 25/397/25 26/398/26 27/399/27
f 26/400/26 25/401/25 53/402/53
f 93/403/93 25/404/25 94/405/94
f 53/406/53 25/407/25 97/408/97
f 97/409/97 25/410/25 93/411/93
f 33/412/33 27/413/27 26/414/26
f 27/415/27 33/416/33 63/417/63
f 111/418/111 63/419/63 33/420/33
f 63/421/63 111/422/111 117/423/117
f 93/424/93 94/425/94 155/426/155
f 159/427/159 53/428/53 97/429/97
f 53/430/53 159/431/159 231/432/231
f 293/433/293 231/434/231 159/435/159
f 231/436/231 293/437/293 347/438/347
f 28/439/28 29/440/29 30/441/30
f 29/442/29 28/443/28 34/444/34
f 64/445/64 34/446/34 28/447/28
f 54/448/54 30/449/30 29/450/29
f 95/451/95 30/452/30 96/453/96
f 98/454/98 30/455/30 54/456/54
f 96/457/96 30/458/30 98/459/98
f 98/460/98 54/461/54 160/462/160
f 232/463/232 160/464/160 54/465/54
f 160/466/160 232/467/232 294/468/294
f 348/469/348 294/470/294 232/471/232
f 156/472/156 95/473/95 96/474/96
f 34/475/34 64/476/64 112/477/112
f 118/478/118 112/479/112 64/480/64
f 47/481/47 48/482/48 49/483/49
f 48/484/48 47/485/47 91/486/91
f 50/487/50 51/488/51 52/489/52
f 92/490/92 52/491/52 51/492/51
f 55/493/55 56/494/56 57/495/57
f 56/496/56 55/497/55 65/498/65
f 55/499/55 57/500/57 99/501/99
f 113/502/113 65/503/65 55/504/55
f 65/505/65 113/506/113 177/507/177
f 113/508/113 251/509/251 177/510/177
f 313/511/313 251/512/251 113/513/113
f 251/514/251 313/515/313 331/516/331
f 58/517/58 59/518/59 60/519/60
f 100/520/100 58/521/58 60/522/60
f 66/523/66 60/524/60 59/525/59
f 60/526/60 66/527/66 114/528/114
f 178/529/178 114/530/114 66/531/66
f 178/532/178 252/533/252 114/534/114
f 114/535/114 252/536/252 314/537/314
f 332/538/332 314/539/314 252/540/252
f 69/541/69 70/542/70 71/543/71
f 69/544/69 119/545/119 70/546/70
f 69/547/69 179/548/179 165/549/165
f 165/550/165 119/551/119 69/552/69
f 179/553/179 69/554/69 255/555/255
f 119/556/119 165/557/165 166/558/166
f 255/559/255 315/560/315 179/561/179
f 327/562/327 255/563/255 328/564/328
f 315/565/315 255/566/255 361/567/361
f 361/568/361 255/569/255 327/570/327
f 72/571/72 73/572/73 74/573/74
f 73/574/73 120/575/120 74/576/74
f 168/577/168 180/578/180 74/579/74
f 74/580/74 120/581/120 168/582/168
f 256/583/256 74/584/74 180/585/180
f 167/586/167 168/587/168 120/588/120
f 180/589/180 316/590/316 256/591/256
f 329/592/329 256/593/256 330/594/330
f 362/595/362 256/596/256 316/597/316
f 330/598/330 256/599/256 362/600/362
f 85/601/85 86/602/86 87/603/87
f 129/604/129 85/605/85 130/606/130
f 86/607/86 85/608/85 141/609/141
f 197/610/197 85/611/85 129/612/129
f 141/613/141 85/614/85 197/615/197
f 129/616/129 130/617/130 199/618/199
f 88/619/88 89/620/89 90/621/90
f 142/622/142 90/623/90 89/624/89
f 131/625/131 90/626/90 132/627/132
f 132/628/132 90/629/90 198/630/198
f 198/631/198 90/632/90 142/633/142
f 200/634/200 131/635/131 132/636/132
f 105/637/105 106/638/106 107/639/107
f 106/640/106 105/641/105 175/642/175
f 108/643/108 109/644/109 110/645/110
f 176/646/176 110/647/110 109/648/109
f 135/649/135 136/650/136 137/651/137
f 136/652/136 135/653/135 211/654/211
f 213/655/213 214/656/214 135/657/135
f 211/658/211 135/659/135 279/660/279
f 285/661/285 135/662/135 214/663/214
f 279/664/279 135/665/135 339/666/339
f 343/667/343 135/668/135 285/669/285
f 339/670/339 135/671/135 343/672/343
f 281/673/281 282/674/282 213/675/213
f 214/676/214 213/677/213 282/678/282
f 282/679/282 285/680/285 214/681/214
f 285/682/285 282/683/282 389/684/389
f 343/685/343 285/686/285 391/687/391
f 389/688/389 391/689/391 285/690/285
f 341/691/341 282/692/282 281/693/281
f 387/694/387 282/695/282 341/696/341
f 389/697/389 282/698/282 387/699/387
f 391/700/391 389/701/389 387/702/387
f 138/703/138 139/704/139 140/705/140
f 212/706/212 140/707/140 139/708/139
f 280/709/280 140/710/140 212/711/212
f 340/712/340 140/713/140 280/714/280
f 140/715/140 215/716/215 216/717/216
f 215/718/215 140/719/140 286/720/286
f 286/721/286 140/722/140 344/723/344
f 344/724/344 140/725/140 340/726/340
f 283/727/283 216/728/216 215/729/215
f 215/730/215 286/731/286 283/732/283
f 216/733/216 283/734/283 284/735/284
f 284/736/284 283/737/283 342/738/342
f 342/739/342 283/740/283 388/741/388
f 390/742/390 283/743/283 286/744/286
f 388/745/388 283/746/283 390/747/390
f 392/748/392 286/749/286 344/750/344
f 286/751/286 392/752/392 390/753/390
f 388/754/388 390/755/390 392/756/392
f 143/757/143 144/758/144 145/759/145
f 207/760/207 208/761/208 143/762/143
f 143/763/143 208/764/208 144/765/144
f 243/766/243 208/767/208 207/768/207
f 244/769/244 243/770/243 207/771/207
f 337/772/337 208/773/208 243/774/243
f 208/775/208 337/776/337 377/777/377
f 243/778/243 244/779/244 245/780/245
f 249/781/249 245/782/245 244/783/244
f 245/784/245 249/785/249 253/786/253
f 377/787/377 397/788/397 398/789/398
f 397/790/397 377/791/377 337/792/337
f 401/793/401 398/794/398 397/795/397
f 398/796/398 401/797/401 407/798/407
f 146/799/146 147/800/147 148/801/148
f 147/802/147 209/803/209 148/804/148
f 148/805/148 209/806/209 210/807/210
f 210/808/210 209/809/209 248/810/248
f 248/811/248 209/812/209 338/813/338
f 378/814/378 338/815/338 209/816/209
f 210/817/210 248/818/248 247/819/247
f 246/820/246 247/821/247 248/822/248
f 247/823/247 246/824/246 250/825/250
f 254/826/254 250/827/250 246/828/246
f 338/829/338 378/830/378 400/831/400
f 399/832/399 400/833/400 378/834/378
f 400/835/400 399/836/399 402/837/402
f 408/838/408 402/839/402 399/840/399
f 149/841/149 150/842/150 151/843/151
f 217/844/217 150/845/150 149/846/149
f 219/847/219 151/848/151 150/849/150
f 217/850/217 289/851/289 150/852/150
f 219/853/219 223/854/223 151/855/151
f 291/856/291 223/857/223 219/858/219
f 223/859/223 291/860/291 217/861/217
f 289/862/289 217/863/217 291/864/291
f 152/865/152 153/866/153 154/867/154
f 153/868/153 152/869/152 220/870/220
f 152/871/152 224/872/224 220/873/220
f 154/874/154 153/875/153 218/876/218
f 153/877/153 290/878/290 218/879/218
f 218/880/218 292/881/292 224/882/224
f 292/883/292 218/884/218 290/885/290
f 220/886/220 224/887/224 292/888/292
f 169/889/169 170/890/170 171/891/171
f 169/892/169 239/893/239 170/894/170
f 239/895/239 169/896/169 301/897/301
f 351/898/351 239/899/239 301/900/301
f 239/901/239 351/902/351 403/903/403
f 412/904/412 403/905/403 351/906/351
f 411/907/411 403/908/403 412/909/412
f 403/910/403 411/911/411 425/912/425
f 172/913/172 173/914/173 174/915/174
f 173/916/173 240/917/240 174/918/174
f 302/919/302 174/920/174 240/921/240
f 302/922/302 240/923/240 352/924/352
f 404/925/404 352/926/352 240/927/240
f 352/928/352 404/929/404 413/930/413
f 413/931/413 404/932/404 414/933/414
f 426/934/426 414/935/414 404/936/404
f 189/937/189 190/938/190 191/939/191
f 189/940/189 263/941/263 190/942/190
f 323/943/323 263/944/263 189/945/189
f 367/946/367 263/947/263 323/948/323
f 263/949/263 393/950/393 394/951/394
f 393/952/393 263/953/263 367/954/367
f 192/955/192 193/956/193 194/957/194
f 193/958/193 264/959/264 194/960/194
f 194/961/194 264/962/264 324/963/324
f 324/964/324 264/965/264 368/966/368
f 395/967/395 396/968/396 264/969/264
f 368/970/368 264/971/264 396/972/396
f 225/973/225 226/974/226 227/975/227
f 226/976/226 225/977/225 287/978/287
f 228/979/228 229/980/229 230/981/230
f 288/982/288 230/983/230 229/984/229
f 233/985/233 234/986/234 235/987/235
f 234/988/234 233/989/233 259/990/259
f 303/991/303 235/992/235 234/993/234
f 234/994/234 259/995/259 319/996/319
f 235/997/235 303/998/303 353/999/353
f 303/1000/303 405/1001/405 353/1002/353
f 421/1003/421 405/1004/405 303/1005/303
f 405/1006/405 421/1007/421 427/1008/427
f 236/1009/236 237/1010/237 238/1011/238
f 237/1012/237 236/1013/236 304/1014/304
f 354/1015/354 304/1016/304 236/1017/236
f 260/1018/260 238/1019/238 237/1020/237
f 320/1021/320 260/1022/260 237/1023/237
f 354/1024/354 406/1025/406 304/1026/304
f 304/1027/304 406/1028/406 422/1029/422
f 428/1030/428 422/1031/422 406/1032/406
f 273/1033/273 274/1034/274 275/1035/275
f 325/1036/325 274/1037/274 273/1038/273
f 335/1039/335 275/1040/275 274/1041/274
f 274/1042/274 325/1043/325 369/1044/369
f 369/1045/369 335/1046/335 274/1047/274
f 275/1048/275 371/1049/371 372/1050/372
f 371/1051/371 275/1052/275 335/1053/335
f 335/1054/335 369/1055/369 371/1056/371
f 276/1057/276 277/1058/277 278/1059/278
f 277/1060/277 276/1061/276 336/1062/336
f 373/1063/373 374/1064/374 276/1065/276
f 336/1066/336 276/1067/276 374/1068/374
f 278/1069/278 277/1070/277 326/1071/326
f 370/1072/370 326/1073/326 277/1074/277
f 277/1075/277 336/1076/336 370/1077/370
f 374/1078/374 370/1079/370 336/1080/336
f 295/1081/295 296/1082/296 297/1083/297
f 296/1084/296 295/1085/295 349/1086/349
f 298/1087/298 299/1088/299 300/1089/300
f 350/1090/350 300/1091/300 299/1092/299
f 305/1093/305 306/1094/306 307/1095/307
f 305/1096/305 355/1097/355 356/1098/356
f 305/1099/305 359/1100/359 306/1101/306
f 356/1102/356 359/1103/359 305/1104/305
f 355/1105/355 305/1106/305 409/1107/409
f 409/1108/409 423/1109/423 355/1110/355
f 423/1111/423 409/1112/409 433/1113/433
f 435/1114/435 409/1115/409 436/1116/436
f 433/1117/433 409/1118/409 435/1119/435
f 359/1120/359 356/1121/356 365/1122/365
f 308/1123/308 309/1124/309 310/1125/310
f 309/1126/309 360/1127/360 310/1128/310
f 357/1129/357 358/1130/358 310/1131/310
f 310/1132/310 360/1133/360 357/1134/357
f 410/1135/410 310/1136/310 358/1137/358
f 366/1138/366 357/1139/357 360/1140/360
f 358/1141/358 424/1142/424 410/1143/410
f 434/1144/434 410/1145/410 424/1146/424
f 437/1147/437 410/1148/410 438/1149/438
f 438/1150/438 410/1151/410 434/1152/434
f 381/1153/381 382/1154/382 383/1155/383
f 417/1156/417 382/1157/382 381/1158/381
f 419/1159/419 383/1160/383 382/1161/382
f 382/1162/382 417/1163/417 429/1164/429
f 429/1165/429 419/1166/419 382/1167/382
f 431/1168/431 383/1169/383 419/1170/419
f 383/1171/383 431/1172/431 439/1173/439
f 419/1174/419 429/1175/429 431/1176/431
f 384/1177/384 385/1178/385 386/1179/386
f 385/1180/385 384/1181/384 420/1182/420
f 420/1183/420 384/1184/384 432/1185/432
f 440/1186/440 432/1187/432 384/1188/384
f 386/1189/386 385/1190/385 418/1191/418
f 430/1192/430 418/1193/418 385/1194/385
f 385/1195/385 420/1196/420 430/1197/430
f 432/1198/432 430/1199/430 420/1200/420
f 441/1201/441 442/1202/442 443/1203/443
f 442/1204/442 441/1205/441 444/1206/444
f 445/1207/445 446/1208/446 447/1209/447
f 448/1210/448 447/1211/447 446/1212/446
f 449/1213/449 450/1214/450 451/1215/451
f 450/1216/450 449/1217/449 473/1218/473
f 452/1219/452 453/1220/453 454/1221/454
f 474/1222/474 454/1223/454 453/1224/453
f 455/1225/455 456/1226/456 457/1227/457
f 458/1228/458 459/1229/459 460/1230/460
f 461/1231/461 462/1232/462 463/1233/463
f 462/1234/462 461/1235/461 487/1236/487
f 464/1237/464 465/1238/465 466/1239/466
f 488/1240/488 466/1241/466 465/1242/465
f 467/1243/467 468/1244/468 469/1245/469
f 470/1246/470 471/1247/471 472/1248/472
f 475/1249/475 476/1250/476 477/1251/477
f 476/1252/476 475/1253/475 513/1254/513
f 478/1255/478 479/1256/479 480/1257/480
f 514/1258/514 480/1259/480 479/1260/479
f 481/1261/481 482/1262/482 483/1263/483
f 484/1264/484 485/1265/485 486/1266/486
f 489/1267/489 490/1268/490 491/1269/491
f 490/1270/490 489/1271/489 539/1272/539
f 492/1273/492 493/1274/493 494/1275/494
f 540/1276/540 494/1277/494 493/1278/493
f 495/1279/495 496/1280/496 497/1281/497
f 498/1282/498 499/1283/499 500/1284/500
f 501/1285/501 502/1286/502 503/1287/503
f 502/1288/502 501/1289/501 559/1290/559
f 504/1291/504 505/1292/505 506/1293/506
f 560/1294/560 506/1295/506 505/1296/505
f 507/1297/507 508/1298/508 509/1299/509
f 508/1300/508 507/1301/507 561/1302/561
f 510/1303/510 511/1304/511 512/1305/512
f 562/1306/562 512/1307/512 511/1308/511
f 515/1309/515 516/1310/516 517/1311/517
f 516/1312/516 515/1313/515 569/1314/569
f 518/1315/518 519/1316/519 520/1317/520
f 570/1318/570 520/1319/520 519/1320/519
f 521/1321/521 522/1322/522 523/1323/523
f 524/1324/524 525/1325/525 526/1326/526
f 527/1327/527 528/1328/528 529/1329/529
f 528/1330/528 527/1331/527 577/1332/577
f 530/1333/530 531/1334/531 532/1335/532
f 578/1336/578 532/1337/532 531/1338/531
f 533/1339/533 534/1340/534 535/1341/535
f 534/1342/534 533/1343/533 585/1344/585
f 536/1345/536 537/1346/537 538/1347/538
f 586/1348/586 538/1349/538 537/1350/537
f 541/1351/541 542/1352/542 543/1353/543
f 544/1354/544 545/1355/545 546/1356/546
f 547/1357/547 548/1358/548 549/1359/549
f 550/1360/550 551/1361/551 552/1362/552
f 553/1363/553 554/1364/554 555/1365/555
f 554/1366/554 553/1367/553 611/1368/611
f 556/1369/556 557/1370/557 558/1371/558
f 612/1372/612 558/1373/558 557/1374/557
f 563/1375/563 564/1376/564 565/1377/565
f 564/1378/564 563/1379/563 625/1380/625
f 566/1381/566 567/1382/567 568/1383/568
f 626/1384/626 568/1385/568 567/1386/567
f 571/1387/571 572/1388/572 573/1389/573
f 572/1390/572 571/1391/571 633/1392/633
f 574/1393/574 575/1394/575 576/1395/576
f 634/1396/634 576/1397/576 575/1398/575
f 579/1399/579 580/1400/580 581/1401/581
f 582/1402/582 583/1403/583 584/1404/584
f 587/1405/587 588/1406/588 589/1407/589
f 588/1408/588 587/1409/587 665/1410/665
f 590/1411/590 591/1412/591 592/1413/592
f 666/1414/666 592/1415/592 591/1416/591
f 593/1417/593 594/1418/594 595/1419/595
f 596/1420/596 597/1421/597 598/1422/598
f 599/1423/599 600/1424/600 601/1425/601
f 600/1426/600 599/1427/599 673/1428/673
f 602/1429/602 603/1430/603 604/1431/604
f 674/1432/674 604/1433/604 603/1434/603
f 605/1435/605 606/1436/606 607/1437/607
f 606/1438/606 605/1439/605 675/1440/675
f 608/1441/608 609/1442/609 610/1443/610
f 676/1444/676 610/1445/610 609/1446/609
f 613/1447/613 614/1448/614 615/1449/615
f 614/1450/614 613/1451/613 685/1452/685
f 616/1453/616 617/1454/617 618/1455/618
f 686/1456/686 618/1457/618 617/1458/617
f 619/1459/619 620/1460/620 621/1461/621
f 620/1462/620 619/1463/619 687/1464/687
f 622/1465/622 623/1466/623 624/1467/624
f 688/1468/688 624/1469/624 623/1470/623
f 627/1471/627 628/1472/628 629/1473/629
f 628/1474/628 627/1475/627 697/1476/697
f 630/1477/630 631/1478/631 632/1479/632
f 698/1480/698 632/1481/632 631/1482/631
f 635/1483/635 636/1484/636 637/1485/637
f 636/1486/636 635/1487/635 705/1488/705
f 638/1489/638 639/1490/639 640/1491/640
f 706/1492/706 640/1493/640 639/1494/639
f 641/1495/641 642/1496/642 643/1497/643
f 644/1498/644 645/1499/645 646/1500/646
f 647/1501/647 648/1502/648 649/1503/649
f 648/1504/648 647/1505/647 719/1506/719
f 650/1507/650 651/1508/651 652/1509/652
f 720/1510/720 652/1511/652 651/1512/651
f 653/1513/653 654/1514/654 655/1515/655
f 656/1516/656 657/1517/657 658/1518/658
f 659/1519/659 660/1520/660 661/1521/661
f 660/1522/660 659/1523/659 677/1524/677
f 662/1525/662 663/1526/663 664/1527/664
f 678/1528/678 664/1529/664 663/1530/663
f 667/1531/667 668/1532/668 669/1533/669
f 668/1534/668 667/1535/667 735/1536/735
f 670/1537/670 671/1538/671 672/1539/672
f 736/1540/736 672/1541/672 671/1542/671
f 679/1543/679 680/1544/680 681/1545/681
f 680/1546/680 679/1547/679 755/1548/755
f 682/1549/682 683/1550/683 684/1551/684
f 756/1552/756 684/1553/684 683/1554/683
f 689/1555/689 690/1556/690 691/1557/691
f 690/1558/690 689/1559/689 695/1560/695
f 692/1561/692 693/1562/693 694/1563/694
f 696/1564/696 694/1565/694 693/1566/693
f 699/1567/699 700/1568/700 701/1569/701
f 700/1570/700 699/1571/699 783/1572/783
f 702/1573/702 703/1574/703 704/1575/704
f 784/1576/784 704/1577/704 703/1578/703
f 707/1579/707 708/1580/708 709/1581/709
f 708/1582/708 707/1583/707 791/1584/791
f 710/1585/710 711/1586/711 712/1587/712
f 792/1588/792 712/1589/712 711/1590/711
f 713/1591/713 714/1592/714 715/1593/715
f 716/1594/716 717/1595/717 718/1596/718
f 721/1597/721 722/1598/722 723/1599/723
f 722/1600/722 721/1601/721 727/1602/727
f 724/1603/724 725/1604/725 726/1605/726
f 728/1606/728 726/1607/726 725/1608/725
f 729/1609/729 730/1610/730 731/1611/731
f 730/1612/730 729/1613/729 813/1614/813
f 732/1615/732 733/1616/733 734/1617/734
f 814/1618/814 734/1619/734 733/1620/733
f 737/1621/737 738/1622/738 739/1623/739
f 738/1624/738 737/1625/737 821/1626/821
f 740/1627/740 741/1628/741 742/1629/742
f 822/1630/822 742/1631/742 741/1632/741
f 743/1633/743 744/1634/744 745/1635/745
f 744/1636/744 743/1637/743 823/1638/823
f 746/1639/746 747/1640/747 748/1641/748
f 824/1642/824 748/1643/748 747/1644/747
f 749/1645/749 750/1646/750 751/1647/751
f 750/1648/750 749/1649/749 825/1650/825
f 752/1651/752 753/1652/753 754/1653/754
f 826/1654/826 754/1655/754 753/1656/753
f 757/1657/757 758/1658/758 759/1659/759
f 758/1660/758 757/1661/757 835/1662/835
f 760/1663/760 761/1664/761 762/1665/762
f 836/1666/836 762/1667/762 761/1668/761
f 763/1669/763 764/1670/764 765/1671/765
f 764/1672/764 763/1673/763 837/1674/837
f 766/1675/766 767/1676/767 768/1677/768
f 838/1678/838 768/1679/768 767/1680/767
f 769/1681/769 770/1682/770 771/1683/771
f 770/1684/770 769/1685/769 839/1686/839
f 772/1687/772 773/1688/773 774/1689/774
f 840/1690/840 774/1691/774 773/1692/773
f 775/1693/775 776/1694/776 777/1695/777
f 776/1696/776 775/1697/775 781/1698/781
f 778/1699/778 779/1700/779 780/1701/780
f 782/1702/782 780/1703/780 779/1704/779
f 785/1705/785 786/1706/786 787/1707/787
f 786/1708/786 785/1709/785 855/1710/855
f 788/1711/788 789/1712/789 790/1713/790
f 856/1714/856 790/1715/790 789/1716/789
f 793/1717/793 794/1718/794 795/1719/795
f 794/1720/794 793/1721/793 805/1722/805
f 796/1723/796 797/1724/797 798/1725/798
f 806/1726/806 798/1727/798 797/1728/797
f 799/1729/799 800/1730/800 801/1731/801
f 800/1732/800 799/1733/799 863/1734/863
f 802/1735/802 803/1736/803 804/1737/804
f 864/1738/864 804/1739/804 803/1740/803
f 807/1741/807 808/1742/808 809/1743/809
f 808/1744/808 807/1745/807 827/1746/827
f 810/1747/810 811/1748/811 812/1749/812
f 828/1750/828 812/1751/812 811/1752/811
f 815/1753/815 816/1754/816 817/1755/817
f 816/1756/816 815/1757/815 879/1758/879
f 818/1759/818 819/1760/819 820/1761/820
f 880/1762/880 820/1763/820 819/1764/819
f 829/1765/829 830/1766/830 831/1767/831
f 830/1768/830 829/1769/829 905/1770/905
f 832/1771/832 833/1772/833 834/1773/834
f 906/1774/906 834/1775/834 833/1776/833
f 841/1777/841 842/1778/842 843/1779/843
f 842/1780/842 841/1781/841 847/1782/847
f 844/1783/844 845/1784/845 846/1785/846
f 848/1786/848 846/1787/846 845/1788/845
f 849/1789/849 850/1790/850 851/1791/851
f 850/1792/850 849/1793/849 937/1794/937
f 852/1795/852 853/1796/853 854/1797/854
f 938/1798/938 854/1799/854 853/1800/853
f 857/1801/857 858/1802/858 859/1803/859
f 858/1804/858 857/1805/857 945/1806/945
f 860/1807/860 861/1808/861 862/1809/862
f 946/1810/946 862/1811/862 861/1812/861
f 865/1813/865 866/1814/866 867/1815/867
f 866/1816/866 865/1817/865 871/1818/871
f 868/1819/868 869/1820/869 870/1821/870
f 872/1822/872 870/1823/870 869/1824/869
f 873/1825/873 874/1826/874 875/1827/875
f 874/1828/874 873/1829/873 959/1830/959
f 876/1831/876 877/1832/877 878/1833/878
f 960/1834/960 878/1835/878 877/1836/877
f 881/1837/881 882/1838/882 883/1839/883
f 882/1840/882 881/1841/881 967/1842/967
f 884/1843/884 885/1844/885 886/1845/886
f 968/1846/968 886/1847/886 885/1848/885
f 887/1849/887 888/1850/888 889/1851/889
f 888/1852/888 887/1853/887 969/1854/969
f 890/1855/890 891/1856/891 892/1857/892
f 970/1858/970 892/1859/892 891/1860/891
f 893/1861/893 894/1862/894 895/1863/895
f 894/1864/894 893/1865/893 971/1866/971
f 896/1867/896 897/1868/897 898/1869/898
f 972/1870/972 898/1871/898 897/1872/897
f 899/1873/899 900/1874/900 901/1875/901
f 900/1876/900 899/1877/899 973/1878/973
f 902/1879/902 903/1880/903 904/1881/904
f 974/1882/974 904/1883/904 903/1884/903
f 907/1885/907 908/1886/908 909/1887/909
f 908/1888/908 907/1889/907 983/1890/983
f 910/1891/910 911/1892/911 912/1893/912
f 984/1894/984 912/1895/912 911/1896/911
f 913/1897/913 914/1898/914 915/1899/915
f 914/1900/914 913/1901/913 985/1902/985
f 916/1903/916 917/1904/917 918/1905/918
f 986/1906/986 918/1907/918 917/1908/917
f 919/1909/919 920/1910/920 921/1911/921
f 920/1912/920 919/1913/919 987/1914/987
f 922/1915/922 923/1916/923 924/1917/924
f 988/1918/988 924/1919/924 923/1920/923
f 925/1921/925 926/1922/926 927/1923/927
f 926/1924/926 925/1925/925 989/1926/989
f 928/1927/928 929/1928/929 930/1929/930
f 990/1930/990 930/1931/930 929/1932/929
f 931/1933/931 932/1934/932 933/1935/933
f 932/1936/932 931/1937/931 997/1938/997
f 934/1939/934 935/1940/935 936/1941/936
f 998/1942/998 936/1943/936 935/1944/935
f 939/1945/939 940/1946/940 941/1947/941
f 940/1948/940 939/1949/939 999/1950/999
f 942/1951/942 943/1952/943 944/1953/944
f 1000/1954/1000 944/1955/944 943/1956/943
f 947/1957/947 948/1958/948 949/1959/949
f 948/1960/948 947/1961/947 1001/1962/1001
f 950/1963/950 951/1964/951 952/1965/952
f 1002/1966/1002 952/1967/952 951/1968/951
f 953/1969/953 954/1970/954 955/1971/955
f 954/1972/954 953/1973/953 975/1974/975
f 956/1975/956 957/1976/957 958/1977/958
f 976/1978/976 958/1979/958 957/1980/957
f 961/1981/961 962/1982/962 963/1983/963
f 962/1984/962 961/1985/961 1009/1986/1009
f 964/1987/964 965/1988/965 966/1989/966
f 1010/1990/1010 966/1991/966 965/1992/965
f 977/1993/977 978/1994/978 979/1995/979
f 978/1996/978 977/1997/977 1049/1998/1049
f 980/1999/980 981/2000/981 982/2001/982
f 1050/2002/1050 982/2003/982 981/2004/981
f 991/2005/991 992/2006/992 993/2007/993
f 992/2008/992 991/2009/991 1077/2010/1077
f 994/2011/994 995/2012/995 996/2013/996
f 1078/2014/1078 996/2015/996 995/2016/995
f 1003/2017/1003 1004/2018/1004 1005/2019/1005
f 1004/2020/1004 1003/2021/1003 1011/2022/1011
f 1006/2023/1006 1007/2024/1007 1008/2025/1008
f 1012/2026/1012 1008/2027/1008 1007/2028/1007
f 1013/2029/1013 1014/2030/1014 1015/2031/1015
f 1014/2032/1014 1013/2033/1013 1103/2034/1103
f 1016/2035/1016 1017/2036/1017 1018/2037/1018
f 1104/2038/1104 1018/2039/1018 1017/2040/1017
f 1019/2041/1019 1020/2042/1020 1021/2043/1021
f 1020/2044/1020 1019/2045/1019 1105/2046/1105
f 1022/2047/1022 1023/2048/1023 1024/2049/1024
f 1106/2050/1106 1024/2051/1024 1023/2052/1023
f 1025/2053/1025 1026/2054/1026 1027/2055/1027
f 1026/2056/1026 1025/2057/1025 1051/2058/1051
f 1028/2059/1028 1029/2060/1029 1030/2061/1030
f 1052/2062/1052 1030/2063/1030 1029/2064/1029
f 1031/2065/1031 1032/2066/1032 1033/2067/1033
f 1032/2068/1032 1031/2069/1031 1107/2070/1107
f 1034/2071/1034 1035/2072/1035 1036/2073/1036
f 1108/2074/1108 1036/2075/1036 1035/2076/1035
f 1037/2077/1037 1038/2078/1038 1039/2079/1039
f 1038/2080/1038 1037/2081/1037 1109/2082/1109
f 1040/2083/1040 1041/2084/1041 1042/2085/1042
f 1110/2086/1110 1042/2087/1042 1041/2088/1041
f 1043/2089/1043 1044/2090/1044 1045/2091/1045
f 1044/2092/1044 1043/2093/1043 1111/2094/1111
f 1046/2095/1046 1047/2096/1047 1048/2097/1048
f 1112/2098/1112 1048/2099/1048 1047/2100/1047
f 1053/2101/1053 1054/2102/1054 1055/2103/1055
f 1054/2104/1054 1053/2105/1053 1125/2106/1125
f 1056/2107/1056 1057/2108/1057 1058/2109/1058
f 1126/2110/1126 1058/2111/1058 1057/2112/1057
f 1059/2113/1059 1060/2114/1060 1061/2115/1061
f 1060/2116/1060 1059/2117/1059 1127/2118/1127
f 1062/2119/1062 1063/2120/1063 1064/2121/1064
f 1128/2122/1128 1064/2123/1064 1063/2124/1063
f 1065/2125/1065 1066/2126/1066 1067/2127/1067
f 1068/2128/1068 1069/2129/1069 1070/2130/1070
f 1071/2131/1071 1072/2132/1072 1073/2133/1073
f 1074/2134/1074 1075/2135/1075 1076/2136/1076
f 1079/2137/1079 1080/2138/1080 1081/2139/1081
f 1080/2140/1080 1079/2141/1079 1147/2142/1147
f 1082/2143/1082 1083/2144/1083 1084/2145/1084
f 1148/2146/1148 1084/2147/1084 1083/2148/1083
f 1085/2149/1085 1086/2150/1086 1087/2151/1087
f 1086/2152/1086 1085/2153/1085 1149/2154/1149
f 1088/2155/1088 1089/2156/1089 1090/2157/1090
f 1150/2158/1150 1090/2159/1090 1089/2160/1089
f 1091/2161/1091 1092/2162/1092 1093/2163/1093
f 1092/2164/1092 1091/2165/1091 1151/2166/1151
f 1094/2167/1094 1095/2168/1095 1096/2169/1096
f 1152/2170/1152 1096/2171/1096 1095/2172/1095
f 1097/2173/1097 1098/2174/1098 1099/2175/1099
f 1098/2176/1098 1097/2177/1097 1153/2178/1153
f 1100/2179/1100 1101/2180/1101 1102/2181/1102
f 1154/2182/1154 1102/2183/1102 1101/2184/1101
f 1113/2185/1113 1114/2186/1114 1115/2187/1115
f 1114/2188/1114 1113/2189/1113 1179/2190/1179
f 1116/2191/1116 1117/2192/1117 1118/2193/1118
f 1180/2194/1180 1118/2195/1118 1117/2196/1117
f 1119/2197/1119 1120/2198/1120 1121/2199/1121
f 1120/2200/1120 1119/2201/1119 1181/2202/1181
f 1122/2203/1122 1123/2204/1123 1124/2205/1124
f 1182/2206/1182 1124/2207/1124 1123/2208/1123
f 1129/2209/1129 1130/2210/1130 1131/2211/1131
f 1132/2212/1132 1133/2213/1133 1134/2214/1134
f 1135/2215/1135 1136/2216/1136 1137/2217/1137
f 1138/2218/1138 1139/2219/1139 1140/2220/1140
f 1141/2221/1141 1142/2222/1142 1143/2223/1143
f 1142/2224/1142 1141/2225/1141 1203/2226/1203
f 1144/2227/1144 1145/2228/1145 1146/2229/1146
f 1204/2230/1204 1146/2231/1146 1145/2232/1145
f 1155/2233/1155 1156/2234/1156 1157/2235/1157
f 1156/2236/1156 1155/2237/1155 1229/2238/1229
f 1158/2239/1158 1159/2240/1159 1160/2241/1160
f 1230/2242/1230 1160/2243/1160 1159/2244/1159
f 1161/2245/1161 1162/2246/1162 1163/2247/1163
f 1162/2248/1162 1161/2249/1161 1183/2250/1183
f 1164/2251/1164 1165/2252/1165 1166/2253/1166
f 1184/2254/1184 1166/2255/1166 1165/2256/1165
f 1167/2257/1167 1168/2258/1168 1169/2259/1169
f 1168/2260/1168 1167/2261/1167 1231/2262/1231
f 1170/2263/1170 1171/2264/1171 1172/2265/1172
f 1232/2266/1232 1172/2267/1172 1171/2268/1171
f 1173/2269/1173 1174/2270/1174 1175/2271/1175
f 1174/2272/1174 1173/2273/1173 1233/2274/1233
f 1176/2275/1176 1177/2276/1177 1178/2277/1178
f 1234/2278/1234 1178/2279/1178 1177/2280/1177
f 1185/2281/1185 1186/2282/1186 1187/2283/1187
f 1186/2284/1186 1185/2285/1185 1247/2286/1247
f 1188/2287/1188 1189/2288/1189 1190/2289/1190
f 1248/2290/1248 1190/2291/1190 1189/2292/1189
f 1191/2293/1191 1192/2294/1192 1193/2295/1193
f 1194/2296/1194 1195/2297/1195 1196/2298/1196
f 1197/2299/1197 1198/2300/1198 1199/2301/1199
f 1198/2302/1198 1197/2303/1197 1251/2304/1251
f 1200/2305/1200 1201/2306/1201 1202/2307/1202
f 1252/2308/1252 1202/2309/1202 1201/2310/1201
f 1205/2311/1205 1206/2312/1206 1207/2313/1207
f 1206/2314/1206 1205/2315/1205 1253/2316/1253
f 1208/2317/1208 1209/2318/1209 1210/2319/1210
f 1254/2320/1254 1210/2321/1210 1209/2322/1209
f 1211/2323/1211 1212/2324/1212 1213/2325/1213
f 1212/2326/1212 1211/2327/1211 1255/2328/1255
f 1214/2329/1214 1215/2330/1215 1216/2331/1216
f 1256/2332/1256 1216/2333/1216 1215/2334/1215
f 1217/2335/1217 1218/2336/1218 1219/2337/1219
f 1218/2338/1218 1217/2339/1217 1257/2340/1257
f 1220/2341/1220 1221/2342/1221 1222/2343/1222
f 1258/2344/1258 1222/2345/1222 1221/2346/1221
f 1223/2347/1223 1224/2348/1224 1225/2349/1225
f 1224/2350/1224 1223/2351/1223 1259/2352/1259
f 1226/2353/1226 1227/2354/1227 1228/2355/1228
f 1260/2356/1260 1228/2357/1228 1227/2358/1227
f 1235/2359/1235 1236/2360/1236 1237/2361/1237
f 1238/2362/1238 1239/2363/1239 1240/2364/1240
f 1241/2365/1241 1242/2366/1242 1243/2367/1243
f 1242/2368/1242 1241/2369/1241 1249/2370/1249
f 1244/2371/1244 1245/2372/1245 1246/2373/1246
f 1250/2374/1250 1246/2375/1246 1245/2376/1245
f 1261/2377/1261 1262/2378/1262 1263/2379/1263
f 1264/2380/1264 1265/2381/1265 1266/2382/1266
f 1267/2383/1267 1268/2384/1268 1269/2385/1269
f 1270/2386/1270 1271/2387/1271 1272/2388/1272
f 1273/2389/1273 1274/2390/1274 1275/2391/1275
f 1276/2392/1276 1277/2393/1277 1278/2394/1278
f 1279/2395/1279 1280/2396/1280 1281/2397/1281
f 1280/2398/1280 1279/2399/1279 1285/2400/1285
f 1282/2401/1282 1283/2402/1283 1284/2403/1284
f 1286/2404/1286 1284/2405/1284 1283/2406/1283
f 1287/2407/1287 1288/2408/1288 1289/2409/1289
f 1290/2410/1290 1291/2411/1291 1292/2412/1292
f 1293/2413/1293 1294/2414/1294 1295/2415/1295
f 1296/2416/1296 1297/2417/1297 1298/2418/1298
f 1299/2419/1299 1300/2420/1300 1301/2421/1301
f 1302/2422/1302 1303/2423/1303 1304/2424/1304
f 1305/2425/1305 1306/2426/1306 1307/2427/1307
f 1306/2428/1306 1305/2429/1305 1308/2430/1308
f 1309/2431/1309 1310/2432/1310 1311/2433/1311
f 1312/2434/1312 1311/2435/1311 1310/2436/1310
f 1313/2437/1313 1314/2438/1314 1315/2439/1315
f 1314/2440/1314 1313/2441/1313 1337/2442/1337
f 1316/2443/1316 1317/2444/1317 1318/2445/1318
f 1338/2446/1338 1318/2447/1318 1317/2448/1317
f 1319/2449/1319 1320/2450/1320 1321/2451/1321
f 1320/2452/1320 1319/2453/1319 1345/2454/1345
f 1322/2455/1322 1323/2456/1323 1324/2457/1324
f 1346/2458/1346 1324/2459/1324 1323/2460/1323
f 1325/2461/1325 1326/2462/1326 1327/2463/1327
f 1326/2464/1326 1325/2465/1325 1353/2466/1353
f 1328/2467/1328 1329/2468/1329 1330/2469/1330
f 1354/2470/1354 1330/2471/1330 1329/2472/1329
f 1331/2473/1331 1332/2474/1332 1333/2475/1333
f 1332/2476/1332 1331/2477/1331 1355/2478/1355
f 1334/2479/1334 1335/2480/1335 1336/2481/1336
f 1356/2482/1356 1336/2483/1336 1335/2484/1335
f 1339/2485/1339 1340/2486/1340 1341/2487/1341
f 1340/2488/1340 1339/2489/1339 1375/2490/1375
f 1342/2491/1342 1343/2492/1343 1344/2493/1344
f 1376/2494/1376 1344/2495/1344 1343/2496/1343
f 1347/2497/1347 1348/2498/1348 1349/2499/1349
f 1348/2500/1348 1347/2501/1347 1389/2502/1389
f 1350/2503/1350 1351/2504/1351 1352/2505/1352
f 1390/2506/1390 1352/2507/1352 1351/2508/1351
f 1357/2509/1357 1358/2510/1358 1359/2511/1359
f 1358/2512/1358 1357/2513/1357 1397/2514/1397
f 1360/2515/1360 1361/2516/1361 1362/2517/1362
f 1398/2518/1398 1362/2519/1362 1361/2520/1361
f 1363/2521/1363 1364/2522/1364 1365/2523/1365
f 1364/2524/1364 1363/2525/1363 1411/2526/1411
f 1366/2527/1366 1367/2528/1367 1368/2529/1368
f 1412/2530/1412 1368/2531/1368 1367/2532/1367
f 1369/2533/1369 1370/2534/1370 1371/2535/1371
f 1370/2536/1370 1369/2537/1369 1413/2538/1413
f 1372/2539/1372 1373/2540/1373 1374/2541/1374
f 1414/2542/1414 1374/2543/1374 1373/2544/1373
f 1377/2545/1377 1378/2546/1378 1379/2547/1379
f 1378/2548/1378 1377/2549/1377 1415/2550/1415
f 1380/2551/1380 1381/2552/1381 1382/2553/1382
f 1416/2554/1416 1382/2555/1382 1381/2556/1381
f 1383/2557/1383 1384/2558/1384 1385/2559/1385
f 1386/2560/1386 1387/2561/1387 1388/2562/1388
f 1391/2563/1391 1392/2564/1392 1393/2565/1393
f 1392/2566/1392 1391/2567/1391 1441/2568/1441
f 1394/2569/1394 1395/2570/1395 1396/2571/1396
f 1442/2572/1442 1396/2573/1396 1395/2574/1395
f 1399/2575/1399 1400/2576/1400 1401/2577/1401
f 1400/2578/1400 1399/2579/1399 1451/2580/1451
f 1402/2581/1402 1403/2582/1403 1404/2583/1404
f 1452/2584/1452 1404/2585/1404 1403/2586/1403
f 1405/2587/1405 1406/2588/1406 1407/2589/1407
f 1406/2590/1406 1405/2591/1405 1453/2592/1453
f 1408/2593/1408 1409/2594/1409 1410/2595/1410
f 1454/2596/1454 1410/2597/1410 1409/2598/1409
f 1417/2599/1417 1418/2600/1418 1419/2601/1419
f 1420/2602/1420 1421/2603/1421 1422/2604/1422
f 1423/2605/1423 1424/2606/1424 1425/2607/1425
f 1424/2608/1424 1423/2609/1423 1479/2610/1479
f 1426/2611/1426 1427/2612/1427 1428/2613/1428
f 1480/2614/1480 1428/2615/1428 1427/2616/1427
f 1429/2617/1429 1430/2618/1430 1431/2619/1431
f 1432/2620/1432 1433/2621/1433 1434/2622/1434
f 1435/2623/1435 1436/2624/1436 1437/2625/1437
f 1436/2626/1436 1435/2627/1435 1493/2628/1493
f 1438/2629/1438 1439/2630/1439 1440/2631/1440
f 1494/2632/1494 1440/2633/1440 1439/2634/1439
f 1443/2635/1443 1444/2636/1444 1445/2637/1445
f 1444/2638/1444 1443/2639/1443 1449/2640/1449
f 1446/2641/1446 1447/2642/1447 1448/2643/1448
f 1450/2644/1450 1448/2645/1448 1447/2646/1447
f 1455/2647/1455 1456/2648/1456 1457/2649/1457
f 1456/2650/1456 1455/2651/1455 1527/2652/1527
f 1458/2653/1458 1459/2654/1459 1460/2655/1460
f 1528/2656/1528 1460/2657/1460 1459/2658/1459
f 1461/2659/1461 1462/2660/1462 1463/2661/1463
f 1462/2662/1462 1461/2663/1461 1529/2664/1529
f 1464/2665/1464 1465/2666/1465 1466/2667/1466
f 1530/2668/1530 1466/2669/1466 1465/2670/1465
f 1467/2671/1467 1468/2672/1468 1469/2673/1469
f 1468/2674/1468 1467/2675/1467 1531/2676/1531
f 1470/2677/1470 1471/2678/1471 1472/2679/1472
f 1532/2680/1532 1472/2681/1472 1471/2682/1471
f 1473/2683/1473 1474/2684/1474 1475/2685/1475
f 1474/2686/1474 1473/2687/1473 1533/2688/1533
f 1476/2689/1476 1477/2690/1477 1478/2691/1478
f 1534/2692/1534 1478/2693/1478 1477/2694/1477
f 1481/2695/1481 1482/2696/1482 1483/2697/1483
f 1484/2698/1484 1485/2699/1485 1486/2700/1486
f 1487/2701/1487 1488/2702/1488 1489/2703/1489
f 1488/2704/1488 1487/2705/1487 1547/2706/1547
f 1490/2707/1490 1491/2708/1491 1492/2709/1492
f 1548/2710/1548 1492/2711/1492 1491/2712/1491
f 1495/2713/1495 1496/2714/1496 1497/2715/1497
f 1496/2716/1496 1495/2717/1495 1557/2718/1557
f 1498/2719/1498 1499/2720/1499 1500/2721/1500
f 1558/2722/1558 1500/2723/1500 1499/2724/1499
f 1501/2725/1501 1502/2726/1502 1503/2727/1503
f 1502/2728/1502 1501/2729/1501 1559/2730/1559
f 1504/2731/1504 1505/2732/1505 1506/2733/1506
f 1560/2734/1560 1506/2735/1506 1505/2736/1505
f 1507/2737/1507 1508/2738/1508 1509/2739/1509
f 1508/2740/1508 1507/2741/1507 1519/2742/1519
f 1510/2743/1510 1511/2744/1511 1512/2745/1512
f 1520/2746/1520 1512/2747/1512 1511/2748/1511
f 1513/2749/1513 1514/2750/1514 1515/2751/1515
f 1514/2752/1514 1513/2753/1513 1569/2754/1569
f 1516/2755/1516 1517/2756/1517 1518/2757/1518
f 1570/2758/1570 1518/2759/1518 1517/2760/1517
f 1521/2761/1521 1522/2762/1522 1523/2763/1523
f 1522/2764/1522 1521/2765/1521 1577/2766/1577
f 1524/2767/1524 1525/2768/1525 1526/2769/1526
f 1578/2770/1578 1526/2771/1526 1525/2772/1525
f 1535/2773/1535 1536/2774/1536 1537/2775/1537
f 1536/2776/1536 1535/2777/1535 1549/2778/1549
f 1538/2779/1538 1539/2780/1539 1540/2781/1540
f 1550/2782/1550 1540/2783/1540 1539/2784/1539
f 1541/2785/1541 1542/2786/1542 1543/2787/1543
f 1544/2788/1544 1545/2789/1545 1546/2790/1546
f 1551/2791/1551 1552/2792/1552 1553/2793/1553
f 1552/2794/1552 1551/2795/1551 1633/2796/1633
f 1554/2797/1554 1555/2798/1555 1556/2799/1556
f 1634/2800/1634 1556/2801/1556 1555/2802/1555
f 1561/2803/1561 1562/2804/1562 1563/2805/1563
f 1562/2806/1562 1561/2807/1561 1567/2808/1567
f 1564/2809/1564 1565/2810/1565 1566/2811/1566
f 1568/2812/1568 1566/2813/1566 1565/2814/1565
f 1571/2815/1571 1572/2816/1572 1573/2817/1573
f 1572/2818/1572 1571/2819/1571 1665/2820/1665
f 1574/2821/1574 1575/2822/1575 1576/2823/1576
f 1666/2824/1666 1576/2825/1576 1575/2826/1575
f 1579/2827/1579 1580/2828/1580 1581/2829/1581
f 1580/2830/1580 1579/2831/1579 1675/2832/1675
f 1582/2833/1582 1583/2834/1583 1584/2835/1584
f 1676/2836/1676 1584/2837/1584 1583/2838/1583
f 1585/2839/1585 1586/2840/1586 1587/2841/1587
f 1586/2842/1586 1585/2843/1585 1677/2844/1677
f 1588/2845/1588 1589/2846/1589 1590/2847/1590
f 1678/2848/1678 1590/2849/1590 1589/2850/1589
f 1591/2851/1591 1592/2852/1592 1593/2853/1593
f 1592/2854/1592 1591/2855/1591 1679/2856/1679
f 1594/2857/1594 1595/2858/1595 1596/2859/1596
f 1680/2860/1680 1596/2861/1596 1595/2862/1595
f 1597/2863/1597 1598/2864/1598 1599/2865/1599
f 1598/2866/1598 1597/2867/1597 1681/2868/1681
f 1600/2869/1600 1601/2870/1601 1602/2871/1602
f 1682/2872/1682 1602/2873/1602 1601/2874/1601
f 1603/2875/1603 1604/2876/1604 1605/2877/1605
f 1604/2878/1604 1603/2879/1603 1683/2880/1683
f 1606/2881/1606 1607/2882/1607 1608/2883/1608
f 1684/2884/1684 1608/2885/1608 1607/2886/1607
f 1609/2887/1609 1610/2888/1610 1611/2889/1611
f 1610/2890/1610 1609/2891/1609 1685/2892/1685
f 1612/2893/1612 1613/2894/1613 1614/2895/1614
f 1686/2896/1686 1614/2897/1614 1613/2898/1613
f 1615/2899/1615 1616/2900/1616 1617/2901/1617
f 1618/2902/1618 1619/2903/1619 1620/2904/1620
f 1621/2905/1621 1622/2906/1622 1623/2907/1623
f 1624/2908/1624 1625/2909/1625 1626/2910/1626
f 1627/2911/1627 1628/2912/1628 1629/2913/1629
f 1628/2914/1628 1627/2915/1627 1705/2916/1705
f 1630/2917/1630 1631/2918/1631 1632/2919/1632
f 1706/2920/1706 1632/2921/1632 1631/2922/1631
f 1635/2923/1635 1636/2924/1636 1637/2925/1637
f 1636/2926/1636 1635/2927/1635 1719/2928/1719
f 1638/2929/1638 1639/2930/1639 1640/2931/1640
f 1720/2932/1720 1640/2933/1640 1639/2934/1639
f 1641/2935/1641 1642/2936/1642 1643/2937/1643
f 1642/2938/1642 1641/2939/1641 1721/2940/1721
f 1644/2941/1644 1645/2942/1645 1646/2943/1646
f 1722/2944/1722 1646/2945/1646 1645/2946/1645
f 1647/2947/1647 1648/2948/1648 1649/2949/1649
f 1648/2950/1648 1647/2951/1647 1723/2952/1723
f 1650/2953/1650 1651/2954/1651 1652/2955/1652
f 1724/2956/1724 1652/2957/1652 1651/2958/1651
f 1653/2959/1653 1654/2960/1654 1655/2961/1655
f 1654/2962/1654 1653/2963/1653 1667/2964/1667
f 1656/2965/1656 1657/2966/1657 1658/2967/1658
f 1668/2968/1668 1658/2969/1658 1657/2970/1657
f 1659/2971/1659 1660/2972/1660 1661/2973/1661
f 1662/2974/1662 1663/2975/1663 1664/2976/1664
f 1669/2977/1669 1670/2978/1670 1671/2979/1671
f 1672/2980/1672 1673/2981/1673 1674/2982/1674
f 1687/2983/1687 1688/2984/1688 1689/2985/1689
f 1690/2986/1690 1691/2987/1691 1692/2988/1692
f 1693/2989/1693 1694/2990/1694 1695/2991/1695
f 1694/2992/1694 1693/2993/1693 1775/2994/1775
f 1696/2995/1696 1697/2996/1697 1698/2997/1698
f 1776/2998/1776 1698/2999/1698 1697/3000/1697
f 1699/3001/1699 1700/3002/1700 1701/3003/1701
f 1702/3004/1702 1703/3005/1703 1704/3006/1704
f 1707/3007/1707 1708/3008/1708 1709/3009/1709
f 1710/3010/1710 1711/3011/1711 1712/3012/1712
f 1713/3013/1713 1714/3014/1714 1715/3015/1715
f 1714/3016/1714 1713/3017/1713 1813/3018/1813
f 1716/3019/1716 1717/3020/1717 1718/3021/1718
f 1814/3022/1814 1718/3023/1718 1717/3024/1717
f 1725/3025/1725 1726/3026/1726 1727/3027/1727
f 1726/3028/1726 1725/3029/1725 1833/3030/1833
f 1728/3031/1728 1729/3032/1729 1730/3033/1730
f 1834/3034/1834 1730/3035/1730 1729/3036/1729
f 1731/3037/1731 1732/3038/1732 1733/3039/1733
f 1734/3040/1734 1735/3041/1735 1736/3042/1736
f 1737/3043/1737 1738/3044/1738 1739/3045/1739
f 1738/3046/1738 1737/3047/1737 1841/3048/1841
f 1740/3049/1740 1741/3050/1741 1742/3051/1742
f 1842/3052/1842 1742/3053/1742 1741/3054/1741
f 1743/3055/1743 1744/3056/1744 1745/3057/1745
f 1746/3058/1746 1747/3059/1747 1748/3060/1748
f 1749/3061/1749 1750/3062/1750 1751/3063/1751
f 1750/3064/1750 1749/3065/1749 1849/3066/1849
f 1752/3067/1752 1753/3068/1753 1754/3069/1754
f 1850/3070/1850 1754/3071/1754 1753/3072/1753
f 1755/3073/1755 1756/3074/1756 1757/3075/1757
f 1756/3076/1756 1755/3077/1755 1761/3078/1761
f 1758/3079/1758 1759/3080/1759 1760/3081/1760
f 1762/3082/1762 1760/3083/1760 1759/3084/1759
f 1763/3085/1763 1764/3086/1764 1765/3087/1765
f 1764/3088/1764 1763/3089/1763 1863/3090/1863
f 1766/3091/1766 1767/3092/1767 1768/3093/1768
f 1864/3094/1864 1768/3095/1768 1767/3096/1767
f 1769/3097/1769 1770/3098/1770 1771/3099/1771
f 1770/3100/1770 1769/3101/1769 1865/3102/1865
f 1772/3103/1772 1773/3104/1773 1774/3105/1774
f 1866/3106/1866 1774/3107/1774 1773/3108/1773
f 1777/3109/1777 1778/3110/1778 1779/3111/1779
f 1778/3112/1778 1777/3113/1777 1873/3114/1873
f 1780/3115/1780 1781/3116/1781 1782/3117/1782
f 1874/3118/1874 1782/3119/1782 1781/3120/1781
f 1783/3121/1783 1784/3122/1784 1785/3123/1785
f 1784/3124/1784 1783/3125/1783 1875/3126/1875
f 1786/3127/1786 1787/3128/1787 1788/3129/1788
f 1876/3130/1876 1788/3131/1788 1787/3132/1787
f 1789/3133/1789 1790/3134/1790 1791/3135/1791
f 1792/3136/1792 1793/3137/1793 1794/3138/1794
f 1795/3139/1795 1796/3140/1796 1797/3141/1797
f 1798/3142/1798 1799/3143/1799 1800/3144/1800
f 1801/3145/1801 1802/3146/1802 1803/3147/1803
f 1802/3148/1802 1801/3149/1801 1889/3150/1889
f 1804/3151/1804 1805/3152/1805 1806/3153/1806
f 1890/3154/1890 1806/3155/1806 1805/3156/1805
f 1807/3157/1807 1808/3158/1808 1809/3159/1809
f 1808/3160/1808 1807/3161/1807 1893/3162/1893
f 1810/3163/1810 1811/3164/1811 1812/3165/1812
f 1894/3166/1894 1812/3167/1812 1811/3168/1811
f 1815/3169/1815 1816/3170/1816 1817/3171/1817
f 1816/3172/1816 1815/3173/1815 1895/3174/1895
f 1818/3175/1818 1819/3176/1819 1820/3177/1820
f 1896/3178/1896 1820/3179/1820 1819/3180/1819
f 1821/3181/1821 1822/3182/1822 1823/3183/1823
f 1822/3184/1822 1821/3185/1821 1897/3186/1897
f 1824/3187/1824 1825/3188/1825 1826/3189/1826
f 1898/3190/1898 1826/3191/1826 1825/3192/1825
f 1827/3193/1827 1828/3194/1828 1829/3195/1829
f 1828/3196/1828 1827/3197/1827 1899/3198/1899
f 1830/3199/1830 1831/3200/1831 1832/3201/1832
f 1900/3202/1900 1832/3203/1832 1831/3204/1831
f 1835/3205/1835 1836/3206/1836 1837/3207/1837
f 1836/3208/1836 1835/3209/1835 1907/3210/1907
f 1838/3211/1838 1839/3212/1839 1840/3213/1840
f 1908/3214/1908 1840/3215/1840 1839/3216/1839
f 1843/3217/1843 1844/3218/1844 1845/3219/1845
f 1846/3220/1846 1847/3221/1847 1848/3222/1848
f 1851/3223/1851 1852/3224/1852 1853/3225/1853
f 1852/3226/1852 1851/3227/1851 1921/3228/1921
f 1854/3229/1854 1855/3230/1855 1856/3231/1856
f 1922/3232/1922 1856/3233/1856 1855/3234/1855
f 1857/3235/1857 1858/3236/1858 1859/3237/1859
f 1858/3238/1858 1857/3239/1857 1929/3240/1929
f 1860/3241/1860 1861/3242/1861 1862/3243/1862
f 1930/3244/1930 1862/3245/1862 1861/3246/1861
f 1867/3247/1867 1868/3248/1868 1869/3249/1869
f 1868/3250/1868 1867/3251/1867 1939/3252/1939
f 1870/3253/1870 1871/3254/1871 1872/3255/1872
f 1940/3256/1940 1872/3257/1872 1871/3258/1871
f 1877/3259/1877 1878/3260/1878 1879/3261/1879
f 1878/3262/1878 1877/3263/1877 1947/3264/1947
f 1880/3265/1880 1881/3266/1881 1882/3267/1882
f 1948/3268/1948 1882/3269/1882 1881/3270/1881
f 1883/3271/1883 1884/3272/1884 1885/3273/1885
f 1884/3274/1884 1883/3275/1883 1891/3276/1891
f 1886/3277/1886 1887/3278/1887 1888/3279/1888
f 1892/3280/1892 1888/3281/1888 1887/3282/1887
f 1901/3283/1901 1902/3284/1902 1903/3285/1903
f 1902/3286/1902 1901/3287/1901 1973/3288/1973
f 1904/3289/1904 1905/3290/1905 1906/3291/1906
f 1974/3292/1974 1906/3293/1906 1905/3294/1905
f 1909/3295/1909 1910/3296/1910 1911/3297/1911
f 1910/3298/1910 1909/3299/1909 1981/3300/1981
f 1912/3301/1912 1913/3302/1913 1914/3303/1914
f 1982/3304/1982 1914/3305/1914 1913/3306/1913
f 1915/3307/1915 1916/3308/1916 1917/3309/1917
f 1918/3310/1918 1919/3311/1919 1920/3312/1920
f 1923/3313/1923 1924/3314/1924 1925/3315/1925
f 1924/3316/1924 1923/3317/1923 1931/3318/1931
f 1926/3319/1926 1927/3320/1927 1928/3321/1928
f 1932/3322/1932 1928/3323/1928 1927/3324/1927
f 1933/3325/1933 1934/3326/1934 1935/3327/1935
f 1934/3328/1934 1933/3329/1933 2007/3330/2007
f 1936/3331/1936 1937/3332/1937 1938/3333/1938
f 2008/3334/2008 1938/3335/1938 1937/3336/1937
f 1941/3337/1941 1942/3338/1942 1943/3339/1943
f 1942/3340/1942 1941/3341/1941 2015/3342/2015
f 1944/3343/1944 1945/3344/1945 1946/3345/1946
f 2016/3346/2016 1946/3347/1946 1945/3348/1945
f 1949/3349/1949 1950/3350/1950 1951/3351/1951
f 1950/3352/1950 1949/3353/1949 2023/3354/2023
f 1952/3355/1952 1953/3356/1953 1954/3357/1954
f 2024/3358/2024 1954/3359/1954 1953/3360/1953
f 1955/3361/1955 1956/3362/1956 1957/3363/1957
f 1956/3364/1956 1955/3365/1955 2025/3366/2025
f 1958/3367/1958 1959/3368/1959 1960/3369/1960
f 2026/3370/2026 1960/3371/1960 1959/3372/1959
f 1961/3373/1961 1962/3374/1962 1963/3375/1963
f 1962/3376/1962 1961/3377/1961 2027/3378/2027
f 1964/3379/1964 1965/3380/1965 1966/3381/1966
f 2028/3382/2028 1966/3383/1966 1965/3384/1965
f 1967/3385/1967 1968/3386/1968 1969/3387/1969
f 1968/3388/1968 1967/3389/1967 2029/3390/2029
f 1970/3391/1970 1971/3392/1971 1972/3393/1972
f 2030/3394/2030 1972/3395/1972 1971/3396/1971
f 1975/3397/1975 1976/3398/1976 1977/3399/1977
f 1978/3400/1978 1979/3401/1979 1980/3402/1980
f 1983/3403/1983 1984/3404/1984 1985/3405/1985
f 1984/3406/1984 1983/3407/1983 2043/3408/2043
f 1986/3409/1986 1987/3410/1987 1988/3411/1988
f 2044/3412/2044 1988/3413/1988 1987/3414/1987
f 1989/3415/1989 1990/3416/1990 1991/3417/1991
f 1992/3418/1992 1993/3419/1993 1994/3420/1994
f 1995/3421/1995 1996/3422/1996 1997/3423/1997
f 1996/3424/1996 1995/3425/1995 2051/3426/2051
f 1998/3427/1998 1999/3428/1999 2000/3429/2000
f 2052/3430/2052 2000/3431/2000 1999/3432/1999
f 2001/3433/2001 2002/3434/2002 2003/3435/2003
f 2002/3436/2002 2001/3437/2001 2053/3438/2053
f 2004/3439/2004 2005/3440/2005 2006/3441/2006
f 2054/3442/2054 2006/3443/2006 2005/3444/2005
f 2009/3445/2009 2010/3446/2010 2011/3447/2011
f 2010/3448/2010 2009/3449/2009 2055/3450/2055
f 2012/3451/2012 2013/3452/2013 2014/3453/2014
f 2056/3454/2056 2014/3455/2014 2013/3456/2013
f 2017/3457/2017 2018/3458/2018 2019/3459/2019
f 2018/3460/2018 2017/3461/2017 2063/3462/2063
f 2020/3463/2020 2021/3464/2021 2022/3465/2022
f 2064/3466/2064 2022/3467/2022 2021/3468/2021
f 2031/3469/2031 2032/3470/2032 2033/3471/2033
f 2032/3472/2032 2031/3473/2031 2077/3474/2077
f 2034/3475/2034 2035/3476/2035 2036/3477/2036
f 2078/3478/2078 2036/3479/2036 2035/3480/2035
f 2037/3481/2037 2038/3482/2038 2039/3483/2039
f 2038/3484/2038 2037/3485/2037 2079/3486/2079
f 2040/3487/2040 2041/3488/2041 2042/3489/2042
f 2080/3490/2080 2042/3491/2042 2041/3492/2041
f 2045/3493/2045 2046/3494/2046 2047/3495/2047
f 2048/3496/2048 2049/3497/2049 2050/3498/2050
f 2057/3499/2057 2058/3500/2058 2059/3501/2059
f 2058/3502/2058 2057/3503/2057 2099/3504/2099
f 2060/3505/2060 2061/3506/2061 2062/3507/2062
f 2100/3508/2100 2062/3509/2062 2061/3510/2061
f 2065/3511/2065 2066/3512/2066 2067/3513/2067
f 2066/3514/2066 2065/3515/2065 2109/3516/2109
f 2068/3517/2068 2069/3518/2069 2070/3519/2070
f 2110/3520/2110 2070/3521/2070 2069/3522/2069
f 2071/3523/2071 2072/3524/2072 2073/3525/2073
f 2072/3526/2072 2071/3527/2071 2111/3528/2111
f 2074/3529/2074 2075/3530/2075 2076/3531/2076
f 2112/3532/2112 2076/3533/2076 2075/3534/2075
f 2081/3535/2081 2082/3536/2082 2083/3537/2083
f 2084/3538/2084 2085/3539/2085 2086/3540/2086
f 2087/3541/2087 2088/3542/2088 2089/3543/2089
f 2088/3544/2088 2087/3545/2087 2135/3546/2135
f 2090/3547/2090 2091/3548/2091 2092/3549/2092
f 2136/3550/2136 2092/3551/2092 2091/3552/2091
f 2093/3553/2093 2094/3554/2094 2095/3555/2095
f 2094/3556/2094 2093/3557/2093 2127/3558/2127
f 2096/3559/2096 2097/3560/2097 2098/3561/2098
f 2128/3562/2128 2098/3563/2098 2097/3564/2097
f 2101/3565/2101 2102/3566/2102 2103/3567/2103
f 2102/3568/2102 2101/3569/2101 2107/3570/2107
f 2104/3571/2104 2105/3572/2105 2106/3573/2106
f 2108/3574/2108 2106/3575/2106 2105/3576/2105
f 2113/3577/2113 2114/3578/2114 2115/3579/2115
f 2114/3580/2114 2113/3581/2113 2119/3582/2119
f 2116/3583/2116 2117/3584/2117 2118/3585/2118
f 2120/3586/2120 2118/3587/2118 2117/3588/2117
f 2121/3589/2121 2122/3590/2122 2123/3591/2123
f 2124/3592/2124 2125/3593/2125 2126/3594/2126
f 2129/3595/2129 2130/3596/2130 2131/3597/2131
f 2132/3598/2132 2133/3599/2133 2134/3600/2134
f 2137/3601/2137 2138/3602/2138 2139/3603/2139
f 2138/3604/2138 2137/3605/2137 2163/3606/2163
f 2140/3607/2140 2141/3608/2141 2142/3609/2142
f 2164/3610/2164 2142/3611/2142 2141/3612/2141
f 2143/3613/2143 2144/3614/2144 2145/3615/2145
f 2144/3616/2144 2143/3617/2143 2149/3618/2149
f 2146/3619/2146 2147/3620/2147 2148/3621/2148
f 2150/3622/2150 2148/3623/2148 2147/3624/2147
f 2151/3625/2151 2152/3626/2152 2153/3627/2153
f 2152/3628/2152 2151/3629/2151 2165/3630/2165
f 2154/3631/2154 2155/3632/2155 2156/3633/2156
f 2166/3634/2166 2156/3635/2156 2155/3636/2155
f 2157/3637/2157 2158/3638/2158 2159/3639/2159
f 2158/3640/2158 2157/3641/2157 2167/3642/2167
f 2160/3643/2160 2161/3644/2161 2162/3645/2162
f 2168/3646/2168 2162/3647/2162 2161/3648/2161
f 2169/3649/2169 2170/3650/2170 2171/3651/2171
f 2170/3652/2170 2169/3653/2169 2172/3654/2172
f 2173/3655/2173 2174/3656/2174 2175/3657/2175
f 2176/3658/2176 2175/3659/2175 2174/3660/2174
f 2177/3661/2177 2178/3662/2178 2179/3663/2179
f 2178/3664/2178 2177/3665/2177 2201/3666/2201
f 2180/3667/2180 2181/3668/2181 2182/3669/2182
f 2202/3670/2202 2182/3671/2182 2181/3672/2181
f 2183/3673/2183 2184/3674/2184 2185/3675/2185
f 2184/3676/2184 2183/3677/2183 2209/3678/2209
f 2186/3679/2186 2187/3680/2187 2188/3681/2188
f 2210/3682/2210 2188/3683/2188 2187/3684/2187
f 2189/3685/2189 2190/3686/2190 2191/3687/2191
f 2190/3688/2190 2189/3689/2189 2217/3690/2217
f 2192/3691/2192 2193/3692/2193 2194/3693/2194
f 2218/3694/2218 2194/3695/2194 2193/3696/2193
f 2195/3697/2195 2196/3698/2196 2197/3699/2197
f 2196/3700/2196 2195/3701/2195 2225/3702/2225
f 2198/3703/2198 2199/3704/2199 2200/3705/2200
f 2226/3706/2226 2200/3707/2200 2199/3708/2199
f 2203/3709/2203 2204/3710/2204 2205/3711/2205
f 2204/3712/2204 2203/3713/2203 2237/3714/2237
f 2206/3715/2206 2207/3716/2207 2208/3717/2208
f 2238/3718/2238 2208/3719/2208 2207/3720/2207
f 2211/3721/2211 2212/3722/2212 2213/3723/2213
f 2212/3724/2212 2211/3725/2211 2235/3726/2235
f 2214/3727/2214 2215/3728/2215 2216/3729/2216
f 2236/3730/2236 2216/3731/2216 2215/3732/2215
f 2219/3733/2219 2220/3734/2220 2221/3735/2221
f 2220/3736/2220 2219/3737/2219 2227/3738/2227
f 2222/3739/2222 2223/3740/2223 2224/3741/2224
f 2228/3742/2228 2224/3743/2224 2223/3744/2223
f 2229/3745/2229 2230/3746/2230 2231/3747/2231
f 2230/3748/2230 2229/3749/2229 2287/3750/2287
f 2232/3751/2232 2233/3752/2233 2234/3753/2234
f 2288/3754/2288 2234/3755/2234 2233/3756/2233
f 2239/3757/2239 2240/3758/2240 2241/3759/2241
f 2240/3760/2240 2239/3761/2239 2301/3762/2301
f 2242/3763/2242 2243/3764/2243 2244/3765/2244
f 2302/3766/2302 2244/3767/2244 2243/3768/2243
f 2245/3769/2245 2246/3770/2246 2247/3771/2247
f 2246/3772/2246 2245/3773/2245 2303/3774/2303
f 2248/3775/2248 2249/3776/2249 2250/3777/2250
f 2304/3778/2304 2250/3779/2250 2249/3780/2249
f 2251/3781/2251 2252/3782/2252 2253/3783/2253
f 2252/3784/2252 2251/3785/2251 2311/3786/2311
f 2254/3787/2254 2255/3788/2255 2256/3789/2256
f 2312/3790/2312 2256/3791/2256 2255/3792/2255
f 2257/3793/2257 2258/3794/2258 2259/3795/2259
f 2258/3796/2258 2257/3797/2257 2313/3798/2313
f 2260/3799/2260 2261/3800/2261 2262/3801/2262
f 2314/3802/2314 2262/3803/2262 2261/3804/2261
f 2263/3805/2263 2264/3806/2264 2265/3807/2265
f 2266/3808/2266 2267/3809/2267 2268/3810/2268
f 2269/3811/2269 2270/3812/2270 2271/3813/2271
f 2272/3814/2272 2273/3815/2273 2274/3816/2274
f 2275/3817/2275 2276/3818/2276 2277/3819/2277
f 2276/3820/2276 2275/3821/2275 2327/3822/2327
f 2278/3823/2278 2279/3824/2279 2280/3825/2280
f 2328/3826/2328 2280/3827/2280 2279/3828/2279
f 2281/3829/2281 2282/3830/2282 2283/3831/2283
f 2282/3832/2282 2281/3833/2281 2329/3834/2329
f 2284/3835/2284 2285/3836/2285 2286/3837/2286
f 2330/3838/2330 2286/3839/2286 2285/3840/2285
f 2289/3841/2289 2290/3842/2290 2291/3843/2291
f 2290/3844/2290 2289/3845/2289 2337/3846/2337
f 2292/3847/2292 2293/3848/2293 2294/3849/2294
f 2338/3850/2338 2294/3851/2294 2293/3852/2293
f 2295/3853/2295 2296/3854/2296 2297/3855/2297
f 2296/3856/2296 2295/3857/2295 2339/3858/2339
f 2298/3859/2298 2299/3860/2299 2300/3861/2300
f 2340/3862/2340 2300/3863/2300 2299/3864/2299
f 2305/3865/2305 2306/3866/2306 2307/3867/2307
f 2306/3868/2306 2305/3869/2305 2359/3870/2359
f 2308/3871/2308 2309/3872/2309 2310/3873/2310
f 2360/3874/2360 2310/3875/2310 2309/3876/2309
f 2315/3877/2315 2316/3878/2316 2317/3879/2317
f 2318/3880/2318 2319/3881/2319 2320/3882/2320
f 2321/3883/2321 2322/3884/2322 2323/3885/2323
f 2322/3886/2322 2321/3887/2321 2385/3888/2385
f 2324/3889/2324 2325/3890/2325 2326/3891/2326
f 2386/3892/2386 2326/3893/2326 2325/3894/2325
f 2331/3895/2331 2332/3896/2332 2333/3897/2333
f 2332/3898/2332 2331/3899/2331 2405/3900/2405
f 2334/3901/2334 2335/3902/2335 2336/3903/2336
f 2406/3904/2406 2336/3905/2336 2335/3906/2335
f 2341/3907/2341 2342/3908/2342 2343/3909/2343
f 2342/3910/2342 2341/3911/2341 2421/3912/2421
f 2344/3913/2344 2345/3914/2345 2346/3915/2346
f 2422/3916/2422 2346/3917/2346 2345/3918/2345
f 2347/3919/2347 2348/3920/2348 2349/3921/2349
f 2348/3922/2348 2347/3923/2347 2407/3924/2407
f 2350/3925/2350 2351/3926/2351 2352/3927/2352
f 2408/3928/2408 2352/3929/2352 2351/3930/2351
f 2353/3931/2353 2354/3932/2354 2355/3933/2355
f 2354/3934/2354 2353/3935/2353 2429/3936/2429
f 2356/3937/2356 2357/3938/2357 2358/3939/2358
f 2430/3940/2430 2358/3941/2358 2357/3942/2357
f 2361/3943/2361 2362/3944/2362 2363/3945/2363
f 2362/3946/2362 2361/3947/2361 2433/3948/2433
f 2364/3949/2364 2365/3950/2365 2366/3951/2366
f 2434/3952/2434 2366/3953/2366 2365/3954/2365
f 2367/3955/2367 2368/3956/2368 2369/3957/2369
f 2368/3958/2368 2367/3959/2367 2441/3960/2441
f 2370/3961/2370 2371/3962/2371 2372/3963/2372
f 2442/3964/2442 2372/3965/2372 2371/3966/2371
f 2373/3967/2373 2374/3968/2374 2375/3969/2375
f 2374/3970/2374 2373/3971/2373 2431/3972/2431
f 2376/3973/2376 2377/3974/2377 2378/3975/2378
f 2432/3976/2432 2378/3977/2378 2377/3978/2377
f 2379/3979/2379 2380/3980/2380 2381/3981/2381
f 2380/3982/2380 2379/3983/2379 2449/3984/2449
f 2382/3985/2382 2383/3986/2383 2384/3987/2384
f 2450/3988/2450 2384/3989/2384 2383/3990/2383
f 2387/3991/2387 2388/3992/2388 2389/3993/2389
f 2388/3994/2388 2387/3995/2387 2457/3996/2457
f 2390/3997/2390 2391/3998/2391 2392/3999/2392
f 2458/4000/2458 2392/4001/2392 2391/4002/2391
f 2393/4003/2393 2394/4004/2394 2395/4005/2395
f 2394/4006/2394 2393/4007/2393 2465/4008/2465
f 2396/4009/2396 2397/4010/2397 2398/4011/2398
f 2466/4012/2466 2398/4013/2398 2397/4014/2397
f 2399/4015/2399 2400/4016/2400 2401/4017/2401
f 2400/4018/2400 2399/4019/2399 2467/4020/2467
f 2402/4021/2402 2403/4022/2403 2404/4023/2404
f 2468/4024/2468 2404/4025/2404 2403/4026/2403
f 2409/4027/2409 2410/4028/2410 2411/4029/2411
f 2410/4030/2410 2409/4031/2409 2475/4032/2475
f 2412/4033/2412 2413/4034/2413 2414/4035/2414
f 2476/4036/2476 2414/4037/2414 2413/4038/2413
f 2415/4039/2415 2416/4040/2416 2417/4041/2417
f 2416/4042/2416 2415/4043/2415 2489/4044/2489
f 2418/4045/2418 2419/4046/2419 2420/4047/2420
f 2490/4048/2490 2420/4049/2420 2419/4050/2419
f 2423/4051/2423 2424/4052/2424 2425/4053/2425
f 2424/4054/2424 2423/4055/2423 2497/4056/2497
f 2426/4057/2426 2427/4058/2427 2428/4059/2428
f 2498/4060/2498 2428/4061/2428 2427/4062/2427
f 2435/4063/2435 2436/4064/2436 2437/4065/2437
f 2438/4066/2438 2439/4067/2439 2440/4068/2440
f 2443/4069/2443 2444/4070/2444 2445/4071/2445
f 2444/4072/2444 2443/4073/2443 2529/4074/2529
f 2446/4075/2446 2447/4076/2447 2448/4077/2448
f 2530/4078/2530 2448/4079/2448 2447/4080/2447
f 2451/4081/2451 2452/4082/2452 2453/4083/2453
f 2454/4084/2454 2455/4085/2455 2456/4086/2456
f 2459/4087/2459 2460/4088/2460 2461/4089/2461
f 2460/4090/2460 2459/4091/2459 2549/4092/2549
f 2462/4093/2462 2463/4094/2463 2464/4095/2464
f 2550/4096/2550 2464/4097/2464 2463/4098/2463
f 2469/4099/2469 2470/4100/2470 2471/4101/2471
f 2472/4102/2472 2473/4103/2473 2474/4104/2474
f 2477/4105/2477 2478/4106/2478 2479/4107/2479
f 2480/4108/2480 2481/4109/2481 2482/4110/2482
f 2483/4111/2483 2484/4112/2484 2485/4113/2485
f 2484/4114/2484 2483/4115/2483 2577/4116/2577
f 2486/4117/2486 2487/4118/2487 2488/4119/2488
f 2578/4120/2578 2488/4121/2488 2487/4122/2487
f 2491/4123/2491 2492/4124/2492 2493/4125/2493
f 2492/4126/2492 2491/4127/2491 2585/4128/2585
f 2494/4129/2494 2495/4130/2495 2496/4131/2496
f 2586/4132/2586 2496/4133/2496 2495/4134/2495
f 2499/4135/2499 2500/4136/2500 2501/4137/2501
f 2500/4138/2500 2499/4139/2499 2575/4140/2575
f 2502/4141/2502 2503/4142/2503 2504/4143/2504
f 2576/4144/2576 2504/4145/2504 2503/4146/2503
f 2505/4147/2505 2506/4148/2506 2507/4149/2507
f 2506/4150/2506 2505/4151/2505 2599/4152/2599
f 2508/4153/2508 2509/4154/2509 2510/4155/2510
f 2600/4156/2600 2510/4157/2510 2509/4158/2509
f 2511/4159/2511 2512/4160/2512 2513/4161/2513
f 2512/4162/2512 2511/4163/2511 2603/4164/2603
f 2514/4165/2514 2515/4166/2515 2516/4167/2516
f 2604/4168/2604 2516/4169/2516 2515/4170/2515
f 2517/4171/2517 2518/4172/2518 2519/4173/2519
f 2518/4174/2518 2517/4175/2517 2601/4176/2601
f 2520/4177/2520 2521/4178/2521 2522/4179/2522
f 2602/4180/2602 2522/4181/2522 2521/4182/2521
f 2523/4183/2523 2524/4184/2524 2525/4185/2525
f 2526/4186/2526 2527/4187/2527 2528/4188/2528
f 2531/4189/2531 2532/4190/2532 2533/4191/2533
f 2532/4192/2532 2531/4193/2531 2617/4194/2617
f 2534/4195/2534 2535/4196/2535 2536/4197/2536
f 2618/4198/2618 2536/4199/2536 2535/4200/2535
f 2537/4201/2537 2538/4202/2538 2539/4203/2539
f 2540/4204/2540 2541/4205/2541 2542/4206/2542
f 2543/4207/2543 2544/4208/2544 2545/4209/2545
f 2544/4210/2544 2543/4211/2543 2627/4212/2627
f 2546/4213/2546 2547/4214/2547 2548/4215/2548
f 2628/4216/2628 2548/4217/2548 2547/4218/2547
f 2551/4219/2551 2552/4220/2552 2553/4221/2553
f 2554/4222/2554 2555/4223/2555 2556/4224/2556
f 2557/4225/2557 2558/4226/2558 2559/4227/2559
f 2558/4228/2558 2557/4229/2557 2647/4230/2647
f 2560/4231/2560 2561/4232/2561 2562/4233/2562
f 2648/4234/2648 2562/4235/2562 2561/4236/2561
f 2563/4237/2563 2564/4238/2564 2565/4239/2565
f 2564/4240/2564 2563/4241/2563 2625/4242/2625
f 2566/4243/2566 2567/4244/2567 2568/4245/2568
f 2626/4246/2626 2568/4247/2568 2567/4248/2567
f 2569/4249/2569 2570/4250/2570 2571/4251/2571
f 2572/4252/2572 2573/4253/2573 2574/4254/2574
f 2579/4255/2579 2580/4256/2580 2581/4257/2581
f 2580/4258/2580 2579/4259/2579 2663/4260/2663
f 2582/4261/2582 2583/4262/2583 2584/4263/2584
f 2664/4264/2664 2584/4265/2584 2583/4266/2583
f 2587/4267/2587 2588/4268/2588 2589/4269/2589
f 2588/4270/2588 2587/4271/2587 2671/4272/2671
f 2590/4273/2590 2591/4274/2591 2592/4275/2592
f 2672/4276/2672 2592/4277/2592 2591/4278/2591
f 2593/4279/2593 2594/4280/2594 2595/4281/2595
f 2596/4282/2596 2597/4283/2597 2598/4284/2598
f 2605/4285/2605 2606/4286/2606 2607/4287/2607
f 2608/4288/2608 2609/4289/2609 2610/4290/2610
f 2611/4291/2611 2612/4292/2612 2613/4293/2613
f 2612/4294/2612 2611/4295/2611 2661/4296/2661
f 2614/4297/2614 2615/4298/2615 2616/4299/2616
f 2662/4300/2662 2616/4301/2616 2615/4302/2615
f 2619/4303/2619 2620/4304/2620 2621/4305/2621
f 2622/4306/2622 2623/4307/2623 2624/4308/2624
f 2629/4309/2629 2630/4310/2630 2631/4311/2631
f 2630/4312/2630 2629/4313/2629 2729/4314/2729
f 2632/4315/2632 2633/4316/2633 2634/4317/2634
f 2730/4318/2730 2634/4319/2634 2633/4320/2633
f 2635/4321/2635 2636/4322/2636 2637/4323/2637
f 2638/4324/2638 2639/4325/2639 2640/4326/2640
f 2641/4327/2641 2642/4328/2642 2643/4329/2643
f 2642/4330/2642 2641/4331/2641 2739/4332/2739
f 2644/4333/2644 2645/4334/2645 2646/4335/2646
f 2740/4336/2740 2646/4337/2646 2645/4338/2645
f 2649/4339/2649 2650/4340/2650 2651/4341/2651
f 2650/4342/2650 2649/4343/2649 2747/4344/2747
f 2652/4345/2652 2653/4346/2653 2654/4347/2654
f 2748/4348/2748 2654/4349/2654 2653/4350/2653
f 2655/4351/2655 2656/4352/2656 2657/4353/2657
f 2656/4354/2656 2655/4355/2655 2749/4356/2749
f 2658/4357/2658 2659/4358/2659 2660/4359/2660
f 2750/4360/2750 2660/4361/2660 2659/4362/2659
f 2665/4363/2665 2666/4364/2666 2667/4365/2667
f 2666/4366/2666 2665/4367/2665 2769/4368/2769
f 2668/4369/2668 2669/4370/2669 2670/4371/2670
f 2770/4372/2770 2670/4373/2670 2669/4374/2669
f 2673/4375/2673 2674/4376/2674 2675/4377/2675
f 2676/4378/2676 2677/4379/2677 2678/4380/2678
f 2679/4381/2679 2680/4382/2680 2681/4383/2681
f 2680/4384/2680 2679/4385/2679 2785/4386/2785
f 2682/4387/2682 2683/4388/2683 2684/4389/2684
f 2786/4390/2786 2684/4391/2684 2683/4392/2683
f 2685/4393/2685 2686/4394/2686 2687/4395/2687
f 2686/4396/2686 2685/4397/2685 2787/4398/2787
f 2688/4399/2688 2689/4400/2689 2690/4401/2690
f 2788/4402/2788 2690/4403/2690 2689/4404/2689
f 2691/4405/2691 2692/4406/2692 2693/4407/2693
f 2692/4408/2692 2691/4409/2691 2789/4410/2789
f 2694/4411/2694 2695/4412/2695 2696/4413/2696
f 2790/4414/2790 2696/4415/2696 2695/4416/2695
f 2697/4417/2697 2698/4418/2698 2699/4419/2699
f 2698/4420/2698 2697/4421/2697 2703/4422/2703
f 2700/4423/2700 2701/4424/2701 2702/4425/2702
f 2704/4426/2704 2702/4427/2702 2701/4428/2701
f 2705/4429/2705 2706/4430/2706 2707/4431/2707
f 2706/4432/2706 2705/4433/2705 2803/4434/2803
f 2708/4435/2708 2709/4436/2709 2710/4437/2710
f 2804/4438/2804 2710/4439/2710 2709/4440/2709
f 2711/4441/2711 2712/4442/2712 2713/4443/2713
f 2712/4444/2712 2711/4445/2711 2731/4446/2731
f 2714/4447/2714 2715/4448/2715 2716/4449/2716
f 2732/4450/2732 2716/4451/2716 2715/4452/2715
f 2717/4453/2717 2718/4454/2718 2719/4455/2719
f 2718/4456/2718 2717/4457/2717 2805/4458/2805
f 2720/4459/2720 2721/4460/2721 2722/4461/2722
f 2806/4462/2806 2722/4463/2722 2721/4464/2721
f 2723/4465/2723 2724/4466/2724 2725/4467/2725
f 2726/4468/2726 2727/4469/2727 2728/4470/2728
f 2733/4471/2733 2734/4472/2734 2735/4473/2735
f 2734/4474/2734 2733/4475/2733 2823/4476/2823
f 2736/4477/2736 2737/4478/2737 2738/4479/2738
f 2824/4480/2824 2738/4481/2738 2737/4482/2737
f 2741/4483/2741 2742/4484/2742 2743/4485/2743
f 2742/4486/2742 2741/4487/2741 2821/4488/2821
f 2744/4489/2744 2745/4490/2745 2746/4491/2746
f 2822/4492/2822 2746/4493/2746 2745/4494/2745
f 2751/4495/2751 2752/4496/2752 2753/4497/2753
f 2752/4498/2752 2751/4499/2751 2839/4500/2839
f 2754/4501/2754 2755/4502/2755 2756/4503/2756
f 2840/4504/2840 2756/4505/2756 2755/4506/2755
f 2757/4507/2757 2758/4508/2758 2759/4509/2759
f 2760/4510/2760 2761/4511/2761 2762/4512/2762
f 2763/4513/2763 2764/4514/2764 2765/4515/2765
f 2764/4516/2764 2763/4517/2763 2831/4518/2831
f 2766/4519/2766 2767/4520/2767 2768/4521/2768
f 2832/4522/2832 2768/4523/2768 2767/4524/2767
f 2771/4525/2771 2772/4526/2772 2773/4527/2773
f 2772/4528/2772 2771/4529/2771 2777/4530/2777
f 2774/4531/2774 2775/4532/2775 2776/4533/2776
f 2778/4534/2778 2776/4535/2776 2775/4536/2775
f 2779/4537/2779 2780/4538/2780 2781/4539/2781
f 2782/4540/2782 2783/4541/2783 2784/4542/2784
f 2791/4543/2791 2792/4544/2792 2793/4545/2793
f 2794/4546/2794 2795/4547/2795 2796/4548/2796
f 2797/4549/2797 2798/4550/2798 2799/4551/2799
f 2798/4552/2798 2797/4553/2797 2879/4554/2879
f 2800/4555/2800 2801/4556/2801 2802/4557/2802
f 2880/4558/2880 2802/4559/2802 2801/4560/2801
f 2807/4561/2807 2808/4562/2808 2809/4563/2809
f 2808/4564/2808 2807/4565/2807 2813/4566/2813
f 2810/4567/2810 2811/4568/2811 2812/4569/2812
f 2814/4570/2814 2812/4571/2812 2811/4572/2811
f 2815/4573/2815 2816/4574/2816 2817/4575/2817
f 2816/4576/2816 2815/4577/2815 2895/4578/2895
f 2818/4579/2818 2819/4580/2819 2820/4581/2820
f 2896/4582/2896 2820/4583/2820 2819/4584/2819
f 2825/4585/2825 2826/4586/2826 2827/4587/2827
f 2826/4588/2826 2825/4589/2825 2903/4590/2903
f 2828/4591/2828 2829/4592/2829 2830/4593/2830
f 2904/4594/2904 2830/4595/2830 2829/4596/2829
f 2833/4597/2833 2834/4598/2834 2835/4599/2835
f 2834/4600/2834 2833/4601/2833 2913/4602/2913
f 2836/4603/2836 2837/4604/2837 2838/4605/2838
f 2914/4606/2914 2838/4607/2838 2837/4608/2837
f 2841/4609/2841 2842/4610/2842 2843/4611/2843
f 2844/4612/2844 2845/4613/2845 2846/4614/2846
f 2847/4615/2847 2848/4616/2848 2849/4617/2849
f 2848/4618/2848 2847/4619/2847 2853/4620/2853
f 2850/4621/2850 2851/4622/2851 2852/4623/2852
f 2854/4624/2854 2852/4625/2852 2851/4626/2851
f 2855/4627/2855 2856/4628/2856 2857/4629/2857
f 2856/4630/2856 2855/4631/2855 2939/4632/2939
f 2858/4633/2858 2859/4634/2859 2860/4635/2860
f 2940/4636/2940 2860/4637/2860 2859/4638/2859
f 2861/4639/2861 2862/4640/2862 2863/4641/2863
f 2862/4642/2862 2861/4643/2861 2887/4644/2887
f 2864/4645/2864 2865/4646/2865 2866/4647/2866
f 2888/4648/2888 2866/4649/2866 2865/4650/2865
f 2867/4651/2867 2868/4652/2868 2869/4653/2869
f 2868/4654/2868 2867/4655/2867 2941/4656/2941
f 2870/4657/2870 2871/4658/2871 2872/4659/2872
f 2942/4660/2942 2872/4661/2872 2871/4662/2871
f 2873/4663/2873 2874/4664/2874 2875/4665/2875
f 2876/4666/2876 2877/4667/2877 2878/4668/2878
f 2881/4669/2881 2882/4670/2882 2883/4671/2883
f 2882/4672/2882 2881/4673/2881 2949/4674/2949
f 2884/4675/2884 2885/4676/2885 2886/4677/2886
f 2950/4678/2950 2886/4679/2886 2885/4680/2885
f 2889/4681/2889 2890/4682/2890 2891/4683/2891
f 2890/4684/2890 2889/4685/2889 2951/4686/2951
f 2892/4687/2892 2893/4688/2893 2894/4689/2894
f 2952/4690/2952 2894/4691/2894 2893/4692/2893
f 2897/4693/2897 2898/4694/2898 2899/4695/2899
f 2898/4696/2898 2897/4697/2897 2905/4698/2905
f 2900/4699/2900 2901/4700/2901 2902/4701/2902
f 2906/4702/2906 2902/4703/2902 2901/4704/2901
f 2907/4705/2907 2908/4706/2908 2909/4707/2909
f 2908/4708/2908 2907/4709/2907 2965/4710/2965
f 2910/4711/2910 2911/4712/2911 2912/4713/2912
f 2966/4714/2966 2912/4715/2912 2911/4716/2911
f 2915/4717/2915 2916/4718/2916 2917/4719/2917
f 2916/4720/2916 2915/4721/2915 2973/4722/2973
f 2918/4723/2918 2919/4724/2919 2920/4725/2920
f 2974/4726/2974 2920/4727/2920 2919/4728/2919
f 2921/4729/2921 2922/4730/2922 2923/4731/2923
f 2922/4732/2922 2921/4733/2921 2975/4734/2975
f 2924/4735/2924 2925/4736/2925 2926/4737/2926
f 2976/4738/2976 2926/4739/2926 2925/4740/2925
f 2927/4741/2927 2928/4742/2928 2929/4743/2929
f 2930/4744/2930 2931/4745/2931 2932/4746/2932
f 2933/4747/2933 2934/4748/2934 2935/4749/2935
f 2934/4750/2934 2933/4751/2933 2983/4752/2983
f 2936/4753/2936 2937/4754/2937 2938/4755/2938
f 2984/4756/2984 2938/4757/2938 2937/4758/2937
f 2943/4759/2943 2944/4760/2944 2945/4761/2945
f 2944/4762/2944 2943/4763/2943 2991/4764/2991
f 2946/4765/2946 2947/4766/2947 2948/4767/2948
f 2992/4768/2992 2948/4769/2948 2947/4770/2947
f 2953/4771/2953 2954/4772/2954 2955/4773/2955
f 2954/4774/2954 2953/4775/2953 3001/4776/3001
f 2956/4777/2956 2957/4778/2957 2958/4779/2958
f 3002/4780/3002 2958/4781/2958 2957/4782/2957
f 2959/4783/2959 2960/4784/2960 2961/4785/2961
f 2960/4786/2960 2959/4787/2959 3003/4788/3003
f 2962/4789/2962 2963/4790/2963 2964/4791/2964
f 3004/4792/3004 2964/4793/2964 2963/4794/2963
f 2967/4795/2967 2968/4796/2968 2969/4797/2969
f 2970/4798/2970 2971/4799/2971 2972/4800/2972
f 2977/4801/2977 2978/4802/2978 2979/4803/2979
f 2978/4804/2978 2977/4805/2977 3017/4806/3017
f 2980/4807/2980 2981/4808/2981 2982/4809/2982
f 3018/4810/3018 2982/4811/2982 2981/4812/2981
f 2985/4813/2985 2986/4814/2986 2987/4815/2987
f 2986/4816/2986 2985/4817/2985 2999/4818/2999
f 2988/4819/2988 2989/4820/2989 2990/4821/2990
f 3000/4822/3000 2990/4823/2990 2989/4824/2989
f 2993/4825/2993 2994/4826/2994 2995/4827/2995
f 2994/4828/2994 2993/4829/2993 3019/4830/3019
f 2996/4831/2996 2997/4832/2997 2998/4833/2998
f 3020/4834/3020 2998/4835/2998 2997/4836/2997
f 3005/4837/3005 3006/4838/3006 3007/4839/3007
f 3006/4840/3006 3005/4841/3005 3021/4842/3021
f 3008/4843/3008 3009/4844/3009 3010/4845/3010
f 3022/4846/3022 3010/4847/3010 3009/4848/3009
f 3011/4849/3011 3012/4850/3012 3013/4851/3013
f 3012/4852/3012 3011/4853/3011 3023/4854/3023
f 3014/4855/3014 3015/4856/3015 3016/4857/3016
f 3024/4858/3024 3016/4859/3016 3015/4860/3015
f 3025/4861/3025 3026/4862/3026 3027/4863/3027
f 3026/4864/3026 3025/4865/3025 3031/4866/3031
f 3028/4867/3028 3029/4868/3029 3030/4869/3030
f 3032/4870/3032 3030/4871/3030 3029/4872/3029
f 3033/4873/3033 3034/4874/3034 3035/4875/3035
f 3034/4876/3034 3033/4877/3033 3036/4878/3036
f 3037/4879/3037 3038/4880/3038 3039/4881/3039
f 3040/4882/3040 3039/4883/3039 3038/4884/3038
f 3041/4885/3041 3042/4886/3042 3043/4887/3043
f 3042/4888/3042 3041/4889/3041 3065/4890/3065
f 3044/4891/3044 3045/4892/3045 3046/4893/3046
f 3066/4894/3066 3046/4895/3046 3045/4896/3045
f 3047/4897/3047 3048/4898/3048 3049/4899/3049
f 3048/4900/3048 3047/4901/3047 3073/4902/3073
f 3050/4903/3050 3051/4904/3051 3052/4905/3052
f 3074/4906/3074 3052/4907/3052 3051/4908/3051
f 3053/4909/3053 3054/4910/3054 3055/4911/3055
f 3054/4912/3054 3053/4913/3053 3081/4914/3081
f 3056/4915/3056 3057/4916/3057 3058/4917/3058
f 3082/4918/3082 3058/4919/3058 3057/4920/3057
f 3059/4921/3059 3060/4922/3060 3061/4923/3061
f 3060/4924/3060 3059/4925/3059 3089/4926/3089
f 3062/4927/3062 3063/4928/3063 3064/4929/3064
f 3090/4930/3090 3064/4931/3064 3063/4932/3063
f 3067/4933/3067 3068/4934/3068 3069/4935/3069
f 3068/4936/3068 3067/4937/3067 3091/4938/3091
f 3070/4939/3070 3071/4940/3071 3072/4941/3072
f 3092/4942/3092 3072/4943/3072 3071/4944/3071
f 3075/4945/3075 3076/4946/3076 3077/4947/3077
f 3076/4948/3076 3075/4949/3075 3099/4950/3099
f 3078/4951/3078 3079/4952/3079 3080/4953/3080
f 3100/4954/3100 3080/4955/3080 3079/4956/3079
f 3083/4957/3083 3084/4958/3084 3085/4959/3085
f 3084/4960/3084 3083/4961/3083 3133/4962/3133
f 3086/4963/3086 3087/4964/3087 3088/4965/3088
f 3134/4966/3134 3088/4967/3088 3087/4968/3087
f 3093/4969/3093 3094/4970/3094 3095/4971/3095
f 3094/4972/3094 3093/4973/3093 3147/4974/3147
f 3096/4975/3096 3097/4976/3097 3098/4977/3098
f 3148/4978/3148 3098/4979/3098 3097/4980/3097
f 3101/4981/3101 3102/4982/3102 3103/4983/3103
f 3102/4984/3102 3101/4985/3101 3155/4986/3155
f 3104/4987/3104 3105/4988/3105 3106/4989/3106
f 3156/4990/3156 3106/4991/3106 3105/4992/3105
f 3107/4993/3107 3108/4994/3108 3109/4995/3109
f 3108/4996/3108 3107/4997/3107 3157/4998/3157
f 3110/4999/3110 3111/5000/3111 3112/5001/3112
f 3158/5002/3158 3112/5003/3112 3111/5004/3111
f 3113/5005/3113 3114/5006/3114 3115/5007/3115
f 3114/5008/3114 3113/5009/3113 3125/5010/3125
f 3116/5011/3116 3117/5012/3117 3118/5013/3118
f 3126/5014/3126 3118/5015/3118 3117/5016/3117
f 3119/5017/3119 3120/5018/3120 3121/5019/3121
f 3120/5020/3120 3119/5021/3119 3165/5022/3165
f 3122/5023/3122 3123/5024/3123 3124/5025/3124
f 3166/5026/3166 3124/5027/3124 3123/5028/3123
f 3127/5029/3127 3128/5030/3128 3129/5031/3129
f 3128/5032/3128 3127/5033/3127 3173/5034/3173
f 3130/5035/3130 3131/5036/3131 3132/5037/3132
f 3174/5038/3174 3132/5039/3132 3131/5040/3131
f 3135/5041/3135 3136/5042/3136 3137/5043/3137
f 3138/5044/3138 3139/5045/3139 3140/5046/3140
f 3141/5047/3141 3142/5048/3142 3143/5049/3143
f 3144/5050/3144 3145/5051/3145 3146/5052/3146
f 3149/5053/3149 3150/5054/3150 3151/5055/3151
f 3150/5056/3150 3149/5057/3149 3199/5058/3199
f 3152/5059/3152 3153/5060/3153 3154/5061/3154
f 3200/5062/3200 3154/5063/3154 3153/5064/3153
f 3159/5065/3159 3160/5066/3160 3161/5067/3161
f 3160/5068/3160 3159/5069/3159 3213/5070/3213
f 3162/5071/3162 3163/5072/3163 3164/5073/3164
f 3214/5074/3214 3164/5075/3164 3163/5076/3163
f 3167/5077/3167 3168/5078/3168 3169/5079/3169
f 3168/5080/3168 3167/5081/3167 3227/5082/3227
f 3170/5083/3170 3171/5084/3171 3172/5085/3172
f 3228/5086/3228 3172/5087/3172 3171/5088/3171
f 3175/5089/3175 3176/5090/3176 3177/5091/3177
f 3176/5092/3176 3175/5093/3175 3235/5094/3235
f 3178/5095/3178 3179/5096/3179 3180/5097/3180
f 3236/5098/3236 3180/5099/3180 3179/5100/3179
f 3181/5101/3181 3182/5102/3182 3183/5103/3183
f 3184/5104/3184 3185/5105/3185 3186/5106/3186
f 3187/5107/3187 3188/5108/3188 3189/5109/3189
f 3188/5110/3188 3187/5111/3187 3243/5112/3243
f 3190/5113/3190 3191/5114/3191 3192/5115/3192
f 3244/5116/3244 3192/5117/3192 3191/5118/3191
f 3193/5119/3193 3194/5120/3194 3195/5121/3195
f 3194/5122/3194 3193/5123/3193 3245/5124/3245
f 3196/5125/3196 3197/5126/3197 3198/5127/3198
f 3246/5128/3246 3198/5129/3198 3197/5130/3197
f 3201/5131/3201 3202/5132/3202 3203/5133/3203
f 3202/5134/3202 3201/5135/3201 3253/5136/3253
f 3204/5137/3204 3205/5138/3205 3206/5139/3206
f 3254/5140/3254 3206/5141/3206 3205/5142/3205
f 3207/5143/3207 3208/5144/3208 3209/5145/3209
f 3208/5146/3208 3207/5147/3207 3255/5148/3255
f 3210/5149/3210 3211/5150/3211 3212/5151/3212
f 3256/5152/3256 3212/5153/3212 3211/5154/3211
f 3215/5155/3215 3216/5156/3216 3217/5157/3217
f 3216/5158/3216 3215/5159/3215 3271/5160/3271
f 3218/5161/3218 3219/5162/3219 3220/5163/3220
f 3272/5164/3272 3220/5165/3220 3219/5166/3219
f 3221/5167/3221 3222/5168/3222 3223/5169/3223
f 3222/5170/3222 3221/5171/3221 3257/5172/3257
f 3224/5173/3224 3225/5174/3225 3226/5175/3226
f 3258/5176/3258 3226/5177/3226 3225/5178/3225
f 3229/5179/3229 3230/5180/3230 3231/5181/3231
f 3230/5182/3230 3229/5183/3229 3285/5184/3285
f 3232/5185/3232 3233/5186/3233 3234/5187/3234
f 3286/5188/3286 3234/5189/3234 3233/5190/3233
f 3237/5191/3237 3238/5192/3238 3239/5193/3239
f 3238/5194/3238 3237/5195/3237 3293/5196/3293
f 3240/5197/3240 3241/5198/3241 3242/5199/3242
f 3294/5200/3294 3242/5201/3242 3241/5202/3241
f 3247/5203/3247 3248/5204/3248 3249/5205/3249
f 3248/5206/3248 3247/5207/3247 3313/5208/3313
f 3250/5209/3250 3251/5210/3251 3252/5211/3252
f 3314/5212/3314 3252/5213/3252 3251/5214/3251
f 3259/5215/3259 3260/5216/3260 3261/5217/3261
f 3260/5218/3260 3259/5219/3259 3327/5220/3327
f 3262/5221/3262 3263/5222/3263 3264/5223/3264
f 3328/5224/3328 3264/5225/3264 3263/5226/3263
f 3265/5227/3265 3266/5228/3266 3267/5229/3267
f 3266/5230/3266 3265/5231/3265 3341/5232/3341
f 3268/5233/3268 3269/5234/3269 3270/5235/3270
f 3342/5236/3342 3270/5237/3270 3269/5238/3269
f 3273/5239/3273 3274/5240/3274 3275/5241/3275
f 3274/5242/3274 3273/5243/3273 3349/5244/3349
f 3276/5245/3276 3277/5246/3277 3278/5247/3278
f 3350/5248/3350 3278/5249/3278 3277/5250/3277
f 3279/5251/3279 3280/5252/3280 3281/5253/3281
f 3280/5254/3280 3279/5255/3279 3357/5256/3357
f 3282/5257/3282 3283/5258/3283 3284/5259/3284
f 3358/5260/3358 3284/5261/3284 3283/5262/3283
f 3287/5263/3287 3288/5264/3288 3289/5265/3289
f 3288/5266/3288 3287/5267/3287 3365/5268/3365
f 3290/5269/3290 3291/5270/3291 3292/5271/3292
f 3366/5272/3366 3292/5273/3292 3291/5274/3291
f 3295/5275/3295 3296/5276/3296 3297/5277/3297
f 3296/5278/3296 3295/5279/3295 3373/5280/3373
f 3298/5281/3298 3299/5282/3299 3300/5283/3300
f 3374/5284/3374 3300/5285/3300 3299/5286/3299
f 3301/5287/3301 3302/5288/3302 3303/5289/3303
f 3304/5290/3304 3305/5291/3305 3306/5292/3306
f 3307/5293/3307 3308/5294/3308 3309/5295/3309
f 3308/5296/3308 3307/5297/3307 3381/5298/3381
f 3310/5299/3310 3311/5300/3311 3312/5301/3312
f 3382/5302/3382 3312/5303/3312 3311/5304/3311
f 3315/5305/3315 3316/5306/3316 3317/5307/3317
f 3316/5308/3316 3315/5309/3315 3393/5310/3393
f 3318/5311/3318 3319/5312/3319 3320/5313/3320
f 3394/5314/3394 3320/5315/3320 3319/5316/3319
f 3321/5317/3321 3322/5318/3322 3323/5319/3323
f 3324/5320/3324 3325/5321/3325 3326/5322/3326
f 3329/5323/3329 3330/5324/3330 3331/5325/3331
f 3332/5326/3332 3333/5327/3333 3334/5328/3334
f 3335/5329/3335 3336/5330/3336 3337/5331/3337
f 3336/5332/3336 3335/5333/3335 3403/5334/3403
f 3338/5335/3338 3339/5336/3339 3340/5337/3340
f 3404/5338/3404 3340/5339/3340 3339/5340/3339
f 3343/5341/3343 3344/5342/3344 3345/5343/3345
f 3344/5344/3344 3343/5345/3343 3391/5346/3391
f 3346/5347/3346 3347/5348/3347 3348/5349/3348
f 3392/5350/3392 3348/5351/3348 3347/5352/3347
f 3351/5353/3351 3352/5354/3352 3353/5355/3353
f 3352/5356/3352 3351/5357/3351 3401/5358/3401
f 3354/5359/3354 3355/5360/3355 3356/5361/3356
f 3402/5362/3402 3356/5363/3356 3355/5364/3355
f 3359/5365/3359 3360/5366/3360 3361/5367/3361
f 3360/5368/3360 3359/5369/3359 3431/5370/3431
f 3362/5371/3362 3363/5372/3363 3364/5373/3364
f 3432/5374/3432 3364/5375/3364 3363/5376/3363
f 3367/5377/3367 3368/5378/3368 3369/5379/3369
f 3370/5380/3370 3371/5381/3371 3372/5382/3372
f 3375/5383/3375 3376/5384/3376 3377/5385/3377
f 3378/5386/3378 3379/5387/3379 3380/5388/3380
f 3383/5389/3383 3384/5390/3384 3385/5391/3385
f 3384/5392/3384 3383/5393/3383 3389/5394/3389
f 3386/5395/3386 3387/5396/3387 3388/5397/3388
f 3390/5398/3390 3388/5399/3388 3387/5400/3387
f 3395/5401/3395 3396/5402/3396 3397/5403/3397
f 3398/5404/3398 3399/5405/3399 3400/5406/3400
f 3405/5407/3405 3406/5408/3406 3407/5409/3407
f 3406/5410/3406 3405/5411/3405 3423/5412/3423
f 3408/5413/3408 3409/5414/3409 3410/5415/3410
f 3424/5416/3424 3410/5417/3410 3409/5418/3409
f 3411/5419/3411 3412/5420/3412 3413/5421/3413
f 3412/5422/3412 3411/5423/3411 3513/5424/3513
f 3414/5425/3414 3415/5426/3415 3416/5427/3416
f 3514/5428/3514 3416/5429/3416 3415/5430/3415
f 3417/5431/3417 3418/5432/3418 3419/5433/3419
f 3420/5434/3420 3421/5435/3421 3422/5436/3422
f 3425/5437/3425 3426/5438/3426 3427/5439/3427
f 3426/5440/3426 3425/5441/3425 3527/5442/3527
f 3428/5443/3428 3429/5444/3429 3430/5445/3430
f 3528/5446/3528 3430/5447/3430 3429/5448/3429
f 3433/5449/3433 3434/5450/3434 3435/5451/3435
f 3434/5452/3434 3433/5453/3433 3439/5454/3439
f 3436/5455/3436 3437/5456/3437 3438/5457/3438
f 3440/5458/3440 3438/5459/3438 3437/5460/3437
f 3441/5461/3441 3442/5462/3442 3443/5463/3443
f 3444/5464/3444 3445/5465/3445 3446/5466/3446
f 3447/5467/3447 3448/5468/3448 3449/5469/3449
f 3448/5470/3448 3447/5471/3447 3547/5472/3547
f 3450/5473/3450 3451/5474/3451 3452/5475/3452
f 3548/5476/3548 3452/5477/3452 3451/5478/3451
f 3453/5479/3453 3454/5480/3454 3455/5481/3455
f 3454/5482/3454 3453/5483/3453 3549/5484/3549
f 3456/5485/3456 3457/5486/3457 3458/5487/3458
f 3550/5488/3550 3458/5489/3458 3457/5490/3457
f 3459/5491/3459 3460/5492/3460 3461/5493/3461
f 3462/5494/3462 3463/5495/3463 3464/5496/3464
f 3465/5497/3465 3466/5498/3466 3467/5499/3467
f 3466/5500/3466 3465/5501/3465 3551/5502/3551
f 3468/5503/3468 3469/5504/3469 3470/5505/3470
f 3552/5506/3552 3470/5507/3470 3469/5508/3469
f 3471/5509/3471 3472/5510/3472 3473/5511/3473
f 3472/5512/3472 3471/5513/3471 3555/5514/3555
f 3474/5515/3474 3475/5516/3475 3476/5517/3476
f 3556/5518/3556 3476/5519/3476 3475/5520/3475
f 3477/5521/3477 3478/5522/3478 3479/5523/3479
f 3478/5524/3478 3477/5525/3477 3483/5526/3483
f 3480/5527/3480 3481/5528/3481 3482/5529/3482
f 3484/5530/3484 3482/5531/3482 3481/5532/3481
f 3485/5533/3485 3486/5534/3486 3487/5535/3487
f 3486/5536/3486 3485/5537/3485 3553/5538/3553
f 3488/5539/3488 3489/5540/3489 3490/5541/3490
f 3554/5542/3554 3490/5543/3490 3489/5544/3489
f 3491/5545/3491 3492/5546/3492 3493/5547/3493
f 3492/5548/3492 3491/5549/3491 3503/5550/3503
f 3494/5551/3494 3495/5552/3495 3496/5553/3496
f 3504/5554/3504 3496/5555/3496 3495/5556/3495
f 3497/5557/3497 3498/5558/3498 3499/5559/3499
f 3498/5560/3498 3497/5561/3497 3571/5562/3571
f 3500/5563/3500 3501/5564/3501 3502/5565/3502
f 3572/5566/3572 3502/5567/3502 3501/5568/3501
f 3505/5569/3505 3506/5570/3506 3507/5571/3507
f 3506/5572/3506 3505/5573/3505 3511/5574/3511
f 3508/5575/3508 3509/5576/3509 3510/5577/3510
f 3512/5578/3512 3510/5579/3510 3509/5580/3509
f 3515/5581/3515 3516/5582/3516 3517/5583/3517
f 3518/5584/3518 3519/5585/3519 3520/5586/3520
f 3521/5587/3521 3522/5588/3522 3523/5589/3523
f 3522/5590/3522 3521/5591/3521 3599/5592/3599
f 3524/5593/3524 3525/5594/3525 3526/5595/3526
f 3600/5596/3600 3526/5597/3526 3525/5598/3525
f 3529/5599/3529 3530/5600/3530 3531/5601/3531
f 3530/5602/3530 3529/5603/3529 3607/5604/3607
f 3532/5605/3532 3533/5606/3533 3534/5607/3534
f 3608/5608/3608 3534/5609/3534 3533/5610/3533
f 3535/5611/3535 3536/5612/3536 3537/5613/3537
f 3536/5614/3536 3535/5615/3535 3609/5616/3609
f 3538/5617/3538 3539/5618/3539 3540/5619/3540
f 3610/5620/3610 3540/5621/3540 3539/5622/3539
f 3541/5623/3541 3542/5624/3542 3543/5625/3543
f 3544/5626/3544 3545/5627/3545 3546/5628/3546
f 3557/5629/3557 3558/5630/3558 3559/5631/3559
f 3558/5632/3558 3557/5633/3557 3563/5634/3563
f 3560/5635/3560 3561/5636/3561 3562/5637/3562
f 3564/5638/3564 3562/5639/3562 3561/5640/3561
f 3565/5641/3565 3566/5642/3566 3567/5643/3567
f 3566/5644/3566 3565/5645/3565 3591/5646/3591
f 3568/5647/3568 3569/5648/3569 3570/5649/3570
f 3592/5650/3592 3570/5651/3570 3569/5652/3569
f 3573/5653/3573 3574/5654/3574 3575/5655/3575
f 3574/5656/3574 3573/5657/3573 3667/5658/3667
f 3576/5659/3576 3577/5660/3577 3578/5661/3578
f 3668/5662/3668 3578/5663/3578 3577/5664/3577
f 3579/5665/3579 3580/5666/3580 3581/5667/3581
f 3582/5668/3582 3583/5669/3583 3584/5670/3584
f 3585/5671/3585 3586/5672/3586 3587/5673/3587
f 3586/5674/3586 3585/5675/3585 3681/5676/3681
f 3588/5677/3588 3589/5678/3589 3590/5679/3590
f 3682/5680/3682 3590/5681/3590 3589/5682/3589
f 3593/5683/3593 3594/5684/3594 3595/5685/3595
f 3596/5686/3596 3597/5687/3597 3598/5688/3598
f 3601/5689/3601 3602/5690/3602 3603/5691/3603
f 3602/5692/3602 3601/5693/3601 3691/5694/3691
f 3604/5695/3604 3605/5696/3605 3606/5697/3606
f 3692/5698/3692 3606/5699/3606 3605/5700/3605
f 3611/5701/3611 3612/5702/3612 3613/5703/3613
f 3612/5704/3612 3611/5705/3611 3699/5706/3699
f 3614/5707/3614 3615/5708/3615 3616/5709/3616
f 3700/5710/3700 3616/5711/3616 3615/5712/3615
f 3617/5713/3617 3618/5714/3618 3619/5715/3619
f 3620/5716/3620 3621/5717/3621 3622/5718/3622
f 3623/5719/3623 3624/5720/3624 3625/5721/3625
f 3626/5722/3626 3627/5723/3627 3628/5724/3628
f 3629/5725/3629 3630/5726/3630 3631/5727/3631
f 3630/5728/3630 3629/5729/3629 3641/5730/3641
f 3632/5731/3632 3633/5732/3633 3634/5733/3634
f 3642/5734/3642 3634/5735/3634 3633/5736/3633
f 3635/5737/3635 3636/5738/3636 3637/5739/3637
f 3636/5740/3636 3635/5741/3635 3719/5742/3719
f 3638/5743/3638 3639/5744/3639 3640/5745/3640
f 3720/5746/3720 3640/5747/3640 3639/5748/3639
f 3643/5749/3643 3644/5750/3644 3645/5751/3645
f 3644/5752/3644 3643/5753/3643 3721/5754/3721
f 3646/5755/3646 3647/5756/3647 3648/5757/3648
f 3722/5758/3722 3648/5759/3648 3647/5760/3647
f 3649/5761/3649 3650/5762/3650 3651/5763/3651
f 3650/5764/3650 3649/5765/3649 3723/5766/3723
f 3652/5767/3652 3653/5768/3653 3654/5769/3654
f 3724/5770/3724 3654/5771/3654 3653/5772/3653
f 3655/5773/3655 3656/5774/3656 3657/5775/3657
f 3656/5776/3656 3655/5777/3655 3683/5778/3683
f 3658/5779/3658 3659/5780/3659 3660/5781/3660
f 3684/5782/3684 3660/5783/3660 3659/5784/3659
f 3661/5785/3661 3662/5786/3662 3663/5787/3663
f 3662/5788/3662 3661/5789/3661 3731/5790/3731
f 3664/5791/3664 3665/5792/3665 3666/5793/3666
f 3732/5794/3732 3666/5795/3666 3665/5796/3665
f 3669/5797/3669 3670/5798/3670 3671/5799/3671
f 3672/5800/3672 3673/5801/3673 3674/5802/3674
f 3675/5803/3675 3676/5804/3676 3677/5805/3677
f 3678/5806/3678 3679/5807/3679 3680/5808/3680
f 3685/5809/3685 3686/5810/3686 3687/5811/3687
f 3686/5812/3686 3685/5813/3685 3765/5814/3765
f 3688/5815/3688 3689/5816/3689 3690/5817/3690
f 3766/5818/3766 3690/5819/3690 3689/5820/3689
f 3693/5821/3693 3694/5822/3694 3695/5823/3695
f 3694/5824/3694 3693/5825/3693 3773/5826/3773
f 3696/5827/3696 3697/5828/3697 3698/5829/3698
f 3774/5830/3774 3698/5831/3698 3697/5832/3697
f 3701/5833/3701 3702/5834/3702 3703/5835/3703
f 3702/5836/3702 3701/5837/3701 3777/5838/3777
f 3704/5839/3704 3705/5840/3705 3706/5841/3706
f 3778/5842/3778 3706/5843/3706 3705/5844/3705
f 3707/5845/3707 3708/5846/3708 3709/5847/3709
f 3710/5848/3710 3711/5849/3711 3712/5850/3712
f 3713/5851/3713 3714/5852/3714 3715/5853/3715
f 3714/5854/3714 3713/5855/3713 3787/5856/3787
f 3716/5857/3716 3717/5858/3717 3718/5859/3718
f 3788/5860/3788 3718/5861/3718 3717/5862/3717
f 3725/5863/3725 3726/5864/3726 3727/5865/3727
f 3726/5866/3726 3725/5867/3725 3739/5868/3739
f 3728/5869/3728 3729/5870/3729 3730/5871/3730
f 3740/5872/3740 3730/5873/3730 3729/5874/3729
f 3733/5875/3733 3734/5876/3734 3735/5877/3735
f 3736/5878/3736 3737/5879/3737 3738/5880/3738
f 3741/5881/3741 3742/5882/3742 3743/5883/3743
f 3742/5884/3742 3741/5885/3741 3819/5886/3819
f 3744/5887/3744 3745/5888/3745 3746/5889/3746
f 3820/5890/3820 3746/5891/3746 3745/5892/3745
f 3747/5893/3747 3748/5894/3748 3749/5895/3749
f 3750/5896/3750 3751/5897/3751 3752/5898/3752
f 3753/5899/3753 3754/5900/3754 3755/5901/3755
f 3756/5902/3756 3757/5903/3757 3758/5904/3758
f 3759/5905/3759 3760/5906/3760 3761/5907/3761
f 3760/5908/3760 3759/5909/3759 3827/5910/3827
f 3762/5911/3762 3763/5912/3763 3764/5913/3764
f 3828/5914/3828 3764/5915/3764 3763/5916/3763
f 3767/5917/3767 3768/5918/3768 3769/5919/3769
f 3768/5920/3768 3767/5921/3767 3775/5922/3775
f 3770/5923/3770 3771/5924/3771 3772/5925/3772
f 3776/5926/3776 3772/5927/3772 3771/5928/3771
f 3779/5929/3779 3780/5930/3780 3781/5931/3781
f 3780/5932/3780 3779/5933/3779 3785/5934/3785
f 3782/5935/3782 3783/5936/3783 3784/5937/3784
f 3786/5938/3786 3784/5939/3784 3783/5940/3783
f 3789/5941/3789 3790/5942/3790 3791/5943/3791
f 3790/5944/3790 3789/5945/3789 3855/5946/3855
f 3792/5947/3792 3793/5948/3793 3794/5949/3794
f 3856/5950/3856 3794/5951/3794 3793/5952/3793
f 3795/5953/3795 3796/5954/3796 3797/5955/3797
f 3796/5956/3796 3795/5957/3795 3857/5958/3857
f 3798/5959/3798 3799/5960/3799 3800/5961/3800
f 3858/5962/3858 3800/5963/3800 3799/5964/3799
f 3801/5965/3801 3802/5966/3802 3803/5967/3803
f 3802/5968/3802 3801/5969/3801 3859/5970/3859
f 3804/5971/3804 3805/5972/3805 3806/5973/3806
f 3860/5974/3860 3806/5975/3806 3805/5976/3805
f 3807/5977/3807 3808/5978/3808 3809/5979/3809
f 3808/5980/3808 3807/5981/3807 3861/5982/3861
f 3810/5983/3810 3811/5984/3811 3812/5985/3812
f 3862/5986/3862 3812/5987/3812 3811/5988/3811
f 3813/5989/3813 3814/5990/3814 3815/5991/3815
f 3814/5992/3814 3813/5993/3813 3863/5994/3863
f 3816/5995/3816 3817/5996/3817 3818/5997/3818
f 3864/5998/3864 3818/5999/3818 3817/6000/3817
f 3821/6001/3821 3822/6002/3822 3823/6003/3823
f 3822/6004/3822 3821/6005/3821 3865/6006/3865
f 3824/6007/3824 3825/6008/3825 3826/6009/3826
f 3866/6010/3866 3826/6011/3826 3825/6012/3825
f 3829/6013/3829 3830/6014/3830 3831/6015/3831
f 3830/6016/3830 3829/6017/3829 3835/6018/3835
f 3832/6019/3832 3833/6020/3833 3834/6021/3834
f 3836/6022/3836 3834/6023/3834 3833/6024/3833
f 3837/6025/3837 3838/6026/3838 3839/6027/3839
f 3838/6028/3838 3837/6029/3837 3873/6030/3873
f 3840/6031/3840 3841/6032/3841 3842/6033/3842
f 3874/6034/3874 3842/6035/3842 3841/6036/3841
f 3843/6037/3843 3844/6038/3844 3845/6039/3845
f 3844/6040/3844 3843/6041/3843 3875/6042/3875
f 3846/6043/3846 3847/6044/3847 3848/6045/3848
f 3876/6046/3876 3848/6047/3848 3847/6048/3847
f 3849/6049/3849 3850/6050/3850 3851/6051/3851
f 3850/6052/3850 3849/6053/3849 3879/6054/3879
f 3852/6055/3852 3853/6056/3853 3854/6057/3854
f 3880/6058/3880 3854/6059/3854 3853/6060/3853
f 3867/6061/3867 3868/6062/3868 3869/6063/3869
f 3868/6064/3868 3867/6065/3867 3877/6066/3877
f 3870/6067/3870 3871/6068/3871 3872/6069/3872
f 3878/6070/3878 3872/6071/3872 3871/6072/3871
f 3881/6073/3881 3882/6074/3882 3883/6075/3883
f 3882/6076/3882 3881/6077/3881 3893/6078/3893
f 3884/6079/3884 3885/6080/3885 3886/6081/3886
f 3894/6082/3894 3886/6083/3886 3885/6084/3885
f 3887/6085/3887 3888/6086/3888 3889/6087/3889
f 3888/6088/3888 3887/6089/3887 3895/6090/3895
f 3890/6091/3890 3891/6092/3891 3892/6093/3892
f 3896/6094/3896 3892/6095/3892 3891/6096/3891
f 3897/6097/3897 3898/6098/3898 3899/6099/3899
f 3900/6100/3900 3901/6101/3901 3902/6102/3902
f 3903/6103/3903 3904/6104/3904 3905/6105/3905
f 3904/6106/3904 3903/6107/3903 3921/6108/3921
f 3906/6109/3906 3907/6110/3907 3908/6111/3908
f 3922/6112/3922 3908/6113/3908 3907/6114/3907
f 3909/6115/3909 3910/6116/3910 3911/6117/3911
f 3912/6118/3912 3913/6119/3913 3914/6120/3914
f 3915/6121/3915 3916/6122/3916 3917/6123/3917
f 3918/6124/3918 3919/6125/3919 3920/6126/3920
f 3923/6127/3923 3924/6128/3924 3925/6129/3925
f 3924/6130/3924 3923/6131/3923 3961/6132/3961
f 3926/6133/3926 3927/6134/3927 3928/6135/3928
f 3962/6136/3962 3928/6137/3928 3927/6138/3927
f 3929/6139/3929 3930/6140/3930 3931/6141/3931
f 3932/6142/3932 3933/6143/3933 3934/6144/3934
f 3935/6145/3935 3936/6146/3936 3937/6147/3937
f 3938/6148/3938 3939/6149/3939 3940/6150/3940
f 3941/6151/3941 3942/6152/3942 3943/6153/3943
f 3944/6154/3944 3945/6155/3945 3946/6156/3946
f 3947/6157/3947 3948/6158/3948 3949/6159/3949
f 3948/6160/3948 3947/6161/3947 3953/6162/3953
f 3950/6163/3950 3951/6164/3951 3952/6165/3952
f 3954/6166/3954 3952/6167/3952 3951/6168/3951
f 3955/6169/3955 3956/6170/3956 3957/6171/3957
f 3958/6172/3958 3959/6173/3959 3960/6174/3960
f 3963/6175/3963 3964/6176/3964 3965/6177/3965
f 3964/6178/3964 3963/6179/3963 4025/6180/4025
f 3966/6181/3966 3967/6182/3967 3968/6183/3968
f 4026/6184/4026 3968/6185/3968 3967/6186/3967
f 3969/6187/3969 3970/6188/3970 3971/6189/3971
f 3970/6190/3970 3969/6191/3969 4023/6192/4023
f 3972/6193/3972 3973/6194/3973 3974/6195/3974
f 4024/6196/4024 3974/6197/3974 3973/6198/3973
f 3975/6199/3975 3976/6200/3976 3977/6201/3977
f 3978/6202/3978 3979/6203/3979 3980/6204/3980
f 3981/6205/3981 3982/6206/3982 3983/6207/3983
f 3984/6208/3984 3985/6209/3985 3986/6210/3986
f 3987/6211/3987 3988/6212/3988 3989/6213/3989
f 3990/6214/3990 3991/6215/3991 3992/6216/3992
f 3993/6217/3993 3994/6218/3994 3995/6219/3995
f 3994/6220/3994 3993/6221/3993 4053/6222/4053
f 3996/6223/3996 3997/6224/3997 3998/6225/3998
f 4054/6226/4054 3998/6227/3998 3997/6228/3997
f 3999/6229/3999 4000/6230/4000 4001/6231/4001
f 4000/6232/4000 3999/6233/3999 4055/6234/4055
f 4002/6235/4002 4003/6236/4003 4004/6237/4004
f 4056/6238/4056 4004/6239/4004 4003/6240/4003
f 4005/6241/4005 4006/6242/4006 4007/6243/4007
f 4008/6244/4008 4009/6245/4009 4010/6246/4010
f 4011/6247/4011 4012/6248/4012 4013/6249/4013
f 4014/6250/4014 4015/6251/4015 4016/6252/4016
f 4017/6253/4017 4018/6254/4018 4019/6255/4019
f 4018/6256/4018 4017/6257/4017 4081/6258/4081
f 4020/6259/4020 4021/6260/4021 4022/6261/4022
f 4082/6262/4082 4022/6263/4022 4021/6264/4021
f 4027/6265/4027 4028/6266/4028 4029/6267/4029
f 4030/6268/4030 4031/6269/4031 4032/6270/4032
f 4033/6271/4033 4034/6272/4034 4035/6273/4035
f 4034/6274/4034 4033/6275/4033 4039/6276/4039
f 4036/6277/4036 4037/6278/4037 4038/6279/4038
f 4040/6280/4040 4038/6281/4038 4037/6282/4037
f 4041/6283/4041 4042/6284/4042 4043/6285/4043
f 4042/6286/4042 4041/6287/4041 4125/6288/4125
f 4044/6289/4044 4045/6290/4045 4046/6291/4046
f 4126/6292/4126 4046/6293/4046 4045/6294/4045
f 4047/6295/4047 4048/6296/4048 4049/6297/4049
f 4048/6298/4048 4047/6299/4047 4127/6300/4127
f 4050/6301/4050 4051/6302/4051 4052/6303/4052
f 4128/6304/4128 4052/6305/4052 4051/6306/4051
f 4057/6307/4057 4058/6308/4058 4059/6309/4059
f 4058/6310/4058 4057/6311/4057 4143/6312/4143
f 4060/6313/4060 4061/6314/4061 4062/6315/4062
f 4144/6316/4144 4062/6317/4062 4061/6318/4061
f 4063/6319/4063 4064/6320/4064 4065/6321/4065
f 4066/6322/4066 4067/6323/4067 4068/6324/4068
f 4069/6325/4069 4070/6326/4070 4071/6327/4071
f 4072/6328/4072 4073/6329/4073 4074/6330/4074
f 4075/6331/4075 4076/6332/4076 4077/6333/4077
f 4078/6334/4078 4079/6335/4079 4080/6336/4080
f 4083/6337/4083 4084/6338/4084 4085/6339/4085
f 4086/6340/4086 4087/6341/4087 4088/6342/4088
f 4089/6343/4089 4090/6344/4090 4091/6345/4091
f 4092/6346/4092 4093/6347/4093 4094/6348/4094
f 4095/6349/4095 4096/6350/4096 4097/6351/4097
f 4096/6352/4096 4095/6353/4095 4187/6354/4187
f 4098/6355/4098 4099/6356/4099 4100/6357/4100
f 4188/6358/4188 4100/6359/4100 4099/6360/4099
f 4101/6361/4101 4102/6362/4102 4103/6363/4103
f 4104/6364/4104 4105/6365/4105 4106/6366/4106
f 4107/6367/4107 4108/6368/4108 4109/6369/4109
f 4110/6370/4110 4111/6371/4111 4112/6372/4112
f 4113/6373/4113 4114/6374/4114 4115/6375/4115
f 4116/6376/4116 4117/6377/4117 4118/6378/4118
f 4119/6379/4119 4120/6380/4120 4121/6381/4121
f 4120/6382/4120 4119/6383/4119 4129/6384/4129
f 4122/6385/4122 4123/6386/4123 4124/6387/4124
f 4130/6388/4130 4124/6389/4124 4123/6390/4123
f 4131/6391/4131 4132/6392/4132 4133/6393/4133
f 4132/6394/4132 4131/6395/4131 4231/6396/4231
f 4134/6397/4134 4135/6398/4135 4136/6399/4136
f 4232/6400/4232 4136/6401/4136 4135/6402/4135
f 4137/6403/4137 4138/6404/4138 4139/6405/4139
f 4138/6406/4138 4137/6407/4137 4233/6408/4233
f 4140/6409/4140 4141/6410/4141 4142/6411/4142
f 4234/6412/4234 4142/6413/4142 4141/6414/4141
f 4145/6415/4145 4146/6416/4146 4147/6417/4147
f 4148/6418/4148 4149/6419/4149 4150/6420/4150
f 4151/6421/4151 4152/6422/4152 4153/6423/4153
f 4154/6424/4154 4155/6425/4155 4156/6426/4156
f 4157/6427/4157 4158/6428/4158 4159/6429/4159
f 4160/6430/4160 4161/6431/4161 4162/6432/4162
f 4163/6433/4163 4164/6434/4164 4165/6435/4165
f 4164/6436/4164 4163/6437/4163 4255/6438/4255
f 4166/6439/4166 4167/6440/4167 4168/6441/4168
f 4256/6442/4256 4168/6443/4168 4167/6444/4167
f 4169/6445/4169 4170/6446/4170 4171/6447/4171
f 4172/6448/4172 4173/6449/4173 4174/6450/4174
f 4175/6451/4175 4176/6452/4176 4177/6453/4177
f 4178/6454/4178 4179/6455/4179 4180/6456/4180
f 4181/6457/4181 4182/6458/4182 4183/6459/4183
f 4184/6460/4184 4185/6461/4185 4186/6462/4186
f 4189/6463/4189 4190/6464/4190 4191/6465/4191
f 4192/6466/4192 4193/6467/4193 4194/6468/4194
f 4195/6469/4195 4196/6470/4196 4197/6471/4197
f 4198/6472/4198 4199/6473/4199 4200/6474/4200
f 4201/6475/4201 4202/6476/4202 4203/6477/4203
f 4204/6478/4204 4205/6479/4205 4206/6480/4206
f 4207/6481/4207 4208/6482/4208 4209/6483/4209
f 4208/6484/4208 4207/6485/4207 4299/6486/4299
f 4210/6487/4210 4211/6488/4211 4212/6489/4212
f 4300/6490/4300 4212/6491/4212 4211/6492/4211
f 4213/6493/4213 4214/6494/4214 4215/6495/4215
f 4214/6496/4214 4213/6497/4213 4307/6498/4307
f 4216/6499/4216 4217/6500/4217 4218/6501/4218
f 4308/6502/4308 4218/6503/4218 4217/6504/4217
f 4219/6505/4219 4220/6506/4220 4221/6507/4221
f 4220/6508/4220 4219/6509/4219 4309/6510/4309
f 4222/6511/4222 4223/6512/4223 4224/6513/4224
f 4310/6514/4310 4224/6515/4224 4223/6516/4223
f 4225/6517/4225 4226/6518/4226 4227/6519/4227
f 4226/6520/4226 4225/6521/4225 4311/6522/4311
f 4228/6523/4228 4229/6524/4229 4230/6525/4230
f 4312/6526/4312 4230/6527/4230 4229/6528/4229
f 4235/6529/4235 4236/6530/4236 4237/6531/4237
f 4236/6532/4236 4235/6533/4235 4241/6534/4241
f 4238/6535/4238 4239/6536/4239 4240/6537/4240
f 4242/6538/4242 4240/6539/4240 4239/6540/4239
f 4243/6541/4243 4244/6542/4244 4245/6543/4245
f 4244/6544/4244 4243/6545/4243 4339/6546/4339
f 4246/6547/4246 4247/6548/4247 4248/6549/4248
f 4340/6550/4340 4248/6551/4248 4247/6552/4247
f 4249/6553/4249 4250/6554/4250 4251/6555/4251
f 4250/6556/4250 4249/6557/4249 4341/6558/4341
f 4252/6559/4252 4253/6560/4253 4254/6561/4254
f 4342/6562/4342 4254/6563/4254 4253/6564/4253
f 4257/6565/4257 4258/6566/4258 4259/6567/4259
f 4260/6568/4260 4261/6569/4261 4262/6570/4262
f 4263/6571/4263 4264/6572/4264 4265/6573/4265
f 4266/6574/4266 4267/6575/4267 4268/6576/4268
f 4269/6577/4269 4270/6578/4270 4271/6579/4271
f 4272/6580/4272 4273/6581/4273 4274/6582/4274
f 4275/6583/4275 4276/6584/4276 4277/6585/4277
f 4278/6586/4278 4279/6587/4279 4280/6588/4280
f 4281/6589/4281 4282/6590/4282 4283/6591/4283
f 4282/6592/4282 4281/6593/4281 4343/6594/4343
f 4284/6595/4284 4285/6596/4285 4286/6597/4286
f 4344/6598/4344 4286/6599/4286 4285/6600/4285
f 4287/6601/4287 4288/6602/4288 4289/6603/4289
f 4288/6604/4288 4287/6605/4287 4369/6606/4369
f 4290/6607/4290 4291/6608/4291 4292/6609/4292
f 4370/6610/4370 4292/6611/4292 4291/6612/4291
f 4293/6613/4293 4294/6614/4294 4295/6615/4295
f 4296/6616/4296 4297/6617/4297 4298/6618/4298
f 4301/6619/4301 4302/6620/4302 4303/6621/4303
f 4302/6622/4302 4301/6623/4301 4313/6624/4313
f 4304/6625/4304 4305/6626/4305 4306/6627/4306
f 4314/6628/4314 4306/6629/4306 4305/6630/4305
f 4315/6631/4315 4316/6632/4316 4317/6633/4317
f 4316/6634/4316 4315/6635/4315 4415/6636/4415
f 4318/6637/4318 4319/6638/4319 4320/6639/4320
f 4416/6640/4416 4320/6641/4320 4319/6642/4319
f 4321/6643/4321 4322/6644/4322 4323/6645/4323
f 4322/6646/4322 4321/6647/4321 4417/6648/4417
f 4324/6649/4324 4325/6650/4325 4326/6651/4326
f 4418/6652/4418 4326/6653/4326 4325/6654/4325
f 4327/6655/4327 4328/6656/4328 4329/6657/4329
f 4328/6658/4328 4327/6659/4327 4419/6660/4419
f 4330/6661/4330 4331/6662/4331 4332/6663/4332
f 4420/6664/4420 4332/6665/4332 4331/6666/4331
f 4333/6667/4333 4334/6668/4334 4335/6669/4335
f 4334/6670/4334 4333/6671/4333 4427/6672/4427
f 4336/6673/4336 4337/6674/4337 4338/6675/4338
f 4428/6676/4428 4338/6677/4338 4337/6678/4337
f 4345/6679/4345 4346/6680/4346 4347/6681/4347
f 4346/6682/4346 4345/6683/4345 4443/6684/4443
f 4348/6685/4348 4349/6686/4349 4350/6687/4350
f 4444/6688/4444 4350/6689/4350 4349/6690/4349
f 4351/6691/4351 4352/6692/4352 4353/6693/4353
f 4352/6694/4352 4351/6695/4351 4445/6696/4445
f 4354/6697/4354 4355/6698/4355 4356/6699/4356
f 4446/6700/4446 4356/6701/4356 4355/6702/4355
f 4357/6703/4357 4358/6704/4358 4359/6705/4359
f 4360/6706/4360 4361/6707/4361 4362/6708/4362
f 4363/6709/4363 4364/6710/4364 4365/6711/4365
f 4364/6712/4364 4363/6713/4363 4449/6714/4449
f 4366/6715/4366 4367/6716/4367 4368/6717/4368
f 4450/6718/4450 4368/6719/4368 4367/6720/4367
f 4371/6721/4371 4372/6722/4372 4373/6723/4373
f 4372/6724/4372 4371/6725/4371 4377/6726/4377
f 4374/6727/4374 4375/6728/4375 4376/6729/4376
f 4378/6730/4378 4376/6731/4376 4375/6732/4375
f 4379/6733/4379 4380/6734/4380 4381/6735/4381
f 4380/6736/4380 4379/6737/4379 4447/6738/4447
f 4382/6739/4382 4383/6740/4383 4384/6741/4384
f 4448/6742/4448 4384/6743/4384 4383/6744/4383
f 4385/6745/4385 4386/6746/4386 4387/6747/4387
f 4386/6748/4386 4385/6749/4385 4463/6750/4463
f 4388/6751/4388 4389/6752/4389 4390/6753/4390
f 4464/6754/4464 4390/6755/4390 4389/6756/4389
f 4391/6757/4391 4392/6758/4392 4393/6759/4393
f 4392/6760/4392 4391/6761/4391 4465/6762/4465
f 4394/6763/4394 4395/6764/4395 4396/6765/4396
f 4466/6766/4466 4396/6767/4396 4395/6768/4395
f 4397/6769/4397 4398/6770/4398 4399/6771/4399
f 4398/6772/4398 4397/6773/4397 4467/6774/4467
f 4400/6775/4400 4401/6776/4401 4402/6777/4402
f 4468/6778/4468 4402/6779/4402 4401/6780/4401
f 4403/6781/4403 4404/6782/4404 4405/6783/4405
f 4404/6784/4404 4403/6785/4403 4469/6786/4469
f 4406/6787/4406 4407/6788/4407 4408/6789/4408
f 4470/6790/4470 4408/6791/4408 4407/6792/4407
f 4409/6793/4409 4410/6794/4410 4411/6795/4411
f 4410/6796/4410 4409/6797/4409 4471/6798/4471
f 4412/6799/4412 4413/6800/4413 4414/6801/4414
f 4472/6802/4472 4414/6803/4414 4413/6804/4413
f 4421/6805/4421 4422/6806/4422 4423/6807/4423
f 4422/6808/4422 4421/6809/4421 4429/6810/4429
f 4424/6811/4424 4425/6812/4425 4426/6813/4426
f 4430/6814/4430 4426/6815/4426 4425/6816/4425
f 4431/6817/4431 4432/6818/4432 4433/6819/4433
f 4432/6820/4432 4431/6821/4431 4503/6822/4503
f 4434/6823/4434 4435/6824/4435 4436/6825/4436
f 4504/6826/4504 4436/6827/4436 4435/6828/4435
f 4437/6829/4437 4438/6830/4438 4439/6831/4439
f 4438/6832/4438 4437/6833/4437 4511/6834/4511
f 4440/6835/4440 4441/6836/4441 4442/6837/4442
f 4512/6838/4512 4442/6839/4442 4441/6840/4441
f 4451/6841/4451 4452/6842/4452 4453/6843/4453
f 4452/6844/4452 4451/6845/4451 4513/6846/4513
f 4454/6847/4454 4455/6848/4455 4456/6849/4456
f 4514/6850/4514 4456/6851/4456 4455/6852/4455
f 4457/6853/4457 4458/6854/4458 4459/6855/4459
f 4458/6856/4458 4457/6857/4457 4533/6858/4533
f 4460/6859/4460 4461/6860/4461 4462/6861/4462
f 4534/6862/4534 4462/6863/4462 4461/6864/4461
f 4473/6865/4473 4474/6866/4474 4475/6867/4475
f 4474/6868/4474 4473/6869/4473 4561/6870/4561
f 4476/6871/4476 4477/6872/4477 4478/6873/4478
f 4562/6874/4562 4478/6875/4478 4477/6876/4477
f 4479/6877/4479 4480/6878/4480 4481/6879/4481
f 4482/6880/4482 4483/6881/4483 4484/6882/4484
f 4485/6883/4485 4486/6884/4486 4487/6885/4487
f 4486/6886/4486 4485/6887/4485 4569/6888/4569
f 4488/6889/4488 4489/6890/4489 4490/6891/4490
f 4570/6892/4570 4490/6893/4490 4489/6894/4489
f 4491/6895/4491 4492/6896/4492 4493/6897/4493
f 4494/6898/4494 4495/6899/4495 4496/6900/4496
f 4497/6901/4497 4498/6902/4498 4499/6903/4499
f 4500/6904/4500 4501/6905/4501 4502/6906/4502
f 4505/6907/4505 4506/6908/4506 4507/6909/4507
f 4506/6910/4506 4505/6911/4505 4583/6912/4583
f 4508/6913/4508 4509/6914/4509 4510/6915/4510
f 4584/6916/4584 4510/6917/4510 4509/6918/4509
f 4515/6919/4515 4516/6920/4516 4517/6921/4517
f 4516/6922/4516 4515/6923/4515 4603/6924/4603
f 4518/6925/4518 4519/6926/4519 4520/6927/4520
f 4604/6928/4604 4520/6929/4520 4519/6930/4519
f 4521/6931/4521 4522/6932/4522 4523/6933/4523
f 4522/6934/4522 4521/6935/4521 4605/6936/4605
f 4524/6937/4524 4525/6938/4525 4526/6939/4526
f 4606/6940/4606 4526/6941/4526 4525/6942/4525
f 4527/6943/4527 4528/6944/4528 4529/6945/4529
f 4528/6946/4528 4527/6947/4527 4535/6948/4535
f 4530/6949/4530 4531/6950/4531 4532/6951/4532
f 4536/6952/4536 4532/6953/4532 4531/6954/4531
f 4537/6955/4537 4538/6956/4538 4539/6957/4539
f 4540/6958/4540 4541/6959/4541 4542/6960/4542
f 4543/6961/4543 4544/6962/4544 4545/6963/4545
f 4546/6964/4546 4547/6965/4547 4548/6966/4548
f 4549/6967/4549 4550/6968/4550 4551/6969/4551
f 4550/6970/4550 4549/6971/4549 4631/6972/4631
f 4552/6973/4552 4553/6974/4553 4554/6975/4554
f 4632/6976/4632 4554/6977/4554 4553/6978/4553
f 4555/6979/4555 4556/6980/4556 4557/6981/4557
f 4558/6982/4558 4559/6983/4559 4560/6984/4560
f 4563/6985/4563 4564/6986/4564 4565/6987/4565
f 4566/6988/4566 4567/6989/4567 4568/6990/4568
f 4571/6991/4571 4572/6992/4572 4573/6993/4573
f 4574/6994/4574 4575/6995/4575 4576/6996/4576
f 4577/6997/4577 4578/6998/4578 4579/6999/4579
f 4580/7000/4580 4581/7001/4581 4582/7002/4582
f 4585/7003/4585 4586/7004/4586 4587/7005/4587
f 4588/7006/4588 4589/7007/4589 4590/7008/4590
f 4591/7009/4591 4592/7010/4592 4593/7011/4593
f 4592/7012/4592 4591/7013/4591 4687/7014/4687
f 4594/7015/4594 4595/7016/4595 4596/7017/4596
f 4688/7018/4688 4596/7019/4596 4595/7020/4595
f 4597/7021/4597 4598/7022/4598 4599/7023/4599
f 4598/7024/4598 4597/7025/4597 4695/7026/4695
f 4600/7027/4600 4601/7028/4601 4602/7029/4602
f 4696/7030/4696 4602/7031/4602 4601/7032/4601
f 4607/7033/4607 4608/7034/4608 4609/7035/4609
f 4608/7036/4608 4607/7037/4607 4703/7038/4703
f 4610/7039/4610 4611/7040/4611 4612/7041/4612
f 4704/7042/4704 4612/7043/4612 4611/7044/4611
f 4613/7045/4613 4614/7046/4614 4615/7047/4615
f 4614/7048/4614 4613/7049/4613 4705/7050/4705
f 4616/7051/4616 4617/7052/4617 4618/7053/4618
f 4706/7054/4706 4618/7055/4618 4617/7056/4617
f 4619/7057/4619 4620/7058/4620 4621/7059/4621
f 4622/7060/4622 4623/7061/4623 4624/7062/4624
f 4625/7063/4625 4626/7064/4626 4627/7065/4627
f 4628/7066/4628 4629/7067/4629 4630/7068/4630
f 4633/7069/4633 4634/7070/4634 4635/7071/4635
f 4636/7072/4636 4637/7073/4637 4638/7074/4638
f 4639/7075/4639 4640/7076/4640 4641/7077/4641
f 4642/7078/4642 4643/7079/4643 4644/7080/4644
f 4645/7081/4645 4646/7082/4646 4647/7083/4647
f 4646/7084/4646 4645/7085/4645 4737/7086/4737
f 4648/7087/4648 4649/7088/4649 4650/7089/4650
f 4738/7090/4738 4650/7091/4650 4649/7092/4649
f 4651/7093/4651 4652/7094/4652 4653/7095/4653
f 4654/7096/4654 4655/7097/4655 4656/7098/4656
f 4657/7099/4657 4658/7100/4658 4659/7101/4659
f 4660/7102/4660 4661/7103/4661 4662/7104/4662
f 4663/7105/4663 4664/7106/4664 4665/7107/4665
f 4664/7108/4664 4663/7109/4663 4745/7110/4745
f 4666/7111/4666 4667/7112/4667 4668/7113/4668
f 4746/7114/4746 4668/7115/4668 4667/7116/4667
f 4669/7117/4669 4670/7118/4670 4671/7119/4671
f 4672/7120/4672 4673/7121/4673 4674/7122/4674
f 4675/7123/4675 4676/7124/4676 4677/7125/4677
f 4678/7126/4678 4679/7127/4679 4680/7128/4680
f 4681/7129/4681 4682/7130/4682 4683/7131/4683
f 4684/7132/4684 4685/7133/4685 4686/7134/4686
f 4689/7135/4689 4690/7136/4690 4691/7137/4691
f 4690/7138/4690 4689/7139/4689 4753/7140/4753
f 4692/7141/4692 4693/7142/4693 4694/7143/4694
f 4754/7144/4754 4694/7145/4694 4693/7146/4693
f 4697/7147/4697 4698/7148/4698 4699/7149/4699
f 4698/7150/4698 4697/7151/4697 4767/7152/4767
f 4700/7153/4700 4701/7154/4701 4702/7155/4702
f 4768/7156/4768 4702/7157/4702 4701/7158/4701
f 4707/7159/4707 4708/7160/4708 4709/7161/4709
f 4710/7162/4710 4711/7163/4711 4712/7164/4712
f 4713/7165/4713 4714/7166/4714 4715/7167/4715
f 4716/7168/4716 4717/7169/4717 4718/7170/4718
f 4719/7171/4719 4720/7172/4720 4721/7173/4721
f 4720/7174/4720 4719/7175/4719 4781/7176/4781
f 4722/7177/4722 4723/7178/4723 4724/7179/4724
f 4782/7180/4782 4724/7181/4724 4723/7182/4723
f 4725/7183/4725 4726/7184/4726 4727/7185/4727
f 4728/7186/4728 4729/7187/4729 4730/7188/4730
f 4731/7189/4731 4732/7190/4732 4733/7191/4733
f 4734/7192/4734 4735/7193/4735 4736/7194/4736
f 4739/7195/4739 4740/7196/4740 4741/7197/4741
f 4742/7198/4742 4743/7199/4743 4744/7200/4744
f 4747/7201/4747 4748/7202/4748 4749/7203/4749
f 4750/7204/4750 4751/7205/4751 4752/7206/4752
f 4755/7207/4755 4756/7208/4756 4757/7209/4757
f 4756/7210/4756 4755/7211/4755 4801/7212/4801
f 4758/7213/4758 4759/7214/4759 4760/7215/4760
f 4802/7216/4802 4760/7217/4760 4759/7218/4759
f 4761/7219/4761 4762/7220/4762 4763/7221/4763
f 4764/7222/4764 4765/7223/4765 4766/7224/4766
f 4769/7225/4769 4770/7226/4770 4771/7227/4771
f 4772/7228/4772 4773/7229/4773 4774/7230/4774
f 4775/7231/4775 4776/7232/4776 4777/7233/4777
f 4778/7234/4778 4779/7235/4779 4780/7236/4780
f 4783/7237/4783 4784/7238/4784 4785/7239/4785
f 4786/7240/4786 4787/7241/4787 4788/7242/4788
f 4789/7243/4789 4790/7244/4790 4791/7245/4791
f 4792/7246/4792 4793/7247/4793 4794/7248/4794
f 4795/7249/4795 4796/7250/4796 4797/7251/4797
f 4796/7252/4796 4795/7253/4795 4839/7254/4839
f 4798/7255/4798 4799/7256/4799 4800/7257/4800
f 4840/7258/4840 4800/7259/4800 4799/7260/4799
f 4803/7261/4803 4804/7262/4804 4805/7263/4805
f 4806/7264/4806 4807/7265/4807 4808/7266/4808
f 4809/7267/4809 4810/7268/4810 4811/7269/4811
f 4812/7270/4812 4813/7271/4813 4814/7272/4814
f 4815/7273/4815 4816/7274/4816 4817/7275/4817
f 4818/7276/4818 4819/7277/4819 4820/7278/4820
f 4821/7279/4821 4822/7280/4822 4823/7281/4823
f 4822/7282/4822 4821/7283/4821 4847/7284/4847
f 4824/7285/4824 4825/7286/4825 4826/7287/4826
f 4848/7288/4848 4826/7289/4826 4825/7290/4825
f 4827/7291/4827 4828/7292/4828 4829/7293/4829
f 4830/7294/4830 4831/7295/4831 4832/7296/4832
f 4833/7297/4833 4834/7298/4834 4835/7299/4835
f 4834/7300/4834 4833/7301/4833 4855/7302/4855
f 4836/7303/4836 4837/7304/4837 4838/7305/4838
f 4856/7306/4856 4838/7307/4838 4837/7308/4837
f 4841/7309/4841 4842/7310/4842 4843/7311/4843
f 4844/7312/4844 4845/7313/4845 4846/7314/4846
f 4849/7315/4849 4850/7316/4850 4851/7317/4851
f 4852/7318/4852 4853/7319/4853 4854/7320/4854
f 4857/7321/4857 4858/7322/4858 4859/7323/4859
f 4860/7324/4860 4861/7325/4861 4862/7326/4862
f 4863/7327/4863 4864/7328/4864 4865/7329/4865
f 4864/7330/4864 4863/7331/4863 4881/7332/4881
f 4866/7333/4866 4867/7334/4867 4868/7335/4868
f 4882/7336/4882 4868/7337/4868 4867/7338/4867
f 4869/7339/4869 4870/7340/4870 4871/7341/4871
f 4872/7342/4872 4873/7343/4873 4874/7344/4874
f 4875/7345/4875 4876/7346/4876 4877/7347/4877
f 4878/7348/4878 4879/7349/4879 4880/7350/4880
f 4883/7351/4883 4884/7352/4884 4885/7353/4885
f 4884/7354/4884 4883/7355/4883 4921/7356/4921
f 4886/7357/4886 4887/7358/4887 4888/7359/4888
f 4922/7360/4922 4888/7361/4888 4887/7362/4887
f 4889/7363/4889 4890/7364/4890 4891/7365/4891
f 4892/7366/4892 4893/7367/4893 4894/7368/4894
f 4895/7369/4895 4896/7370/4896 4897/7371/4897
f 4898/7372/4898 4899/7373/4899 4900/7374/4900
f 4901/7375/4901 4902/7376/4902 4903/7377/4903
f 4904/7378/4904 4905/7379/4905 4906/7380/4906
f 4907/7381/4907 4908/7382/4908 4909/7383/4909
f 4908/7384/4908 4907/7385/4907 4913/7386/4913
f 4910/7387/4910 4911/7388/4911 4912/7389/4912
f 4914/7390/4914 4912/7391/4912 4911/7392/4911
f 4915/7393/4915 4916/7394/4916 4917/7395/4917
f 4918/7396/4918 4919/7397/4919 4920/7398/4920
f 4923/7399/4923 4924/7400/4924 4925/7401/4925
f 4924/7402/4924 4923/7403/4923 4985/7404/4985
f 4926/7405/4926 4927/7406/4927 4928/7407/4928
f 4986/7408/4986 4928/7409/4928 4927/7410/4927
f 4929/7411/4929 4930/7412/4930 4931/7413/4931
f 4930/7414/4930 4929/7415/4929 4983/7416/4983
f 4932/7417/4932 4933/7418/4933 4934/7419/4934
f 4984/7420/4984 4934/7421/4934 4933/7422/4933
f 4935/7423/4935 4936/7424/4936 4937/7425/4937
f 4938/7426/4938 4939/7427/4939 4940/7428/4940
f 4941/7429/4941 4942/7430/4942 4943/7431/4943
f 4944/7432/4944 4945/7433/4945 4946/7434/4946
f 4947/7435/4947 4948/7436/4948 4949/7437/4949
f 4950/7438/4950 4951/7439/4951 4952/7440/4952
f 4953/7441/4953 4954/7442/4954 4955/7443/4955
f 4954/7444/4954 4953/7445/4953 5013/7446/5013
f 4956/7447/4956 4957/7448/4957 4958/7449/4958
f 5014/7450/5014 4958/7451/4958 4957/7452/4957
f 4959/7453/4959 4960/7454/4960 4961/7455/4961
f 4960/7456/4960 4959/7457/4959 5015/7458/5015
f 4962/7459/4962 4963/7460/4963 4964/7461/4964
f 5016/7462/5016 4964/7463/4964 4963/7464/4963
f 4965/7465/4965 4966/7466/4966 4967/7467/4967
f 4968/7468/4968 4969/7469/4969 4970/7470/4970
f 4971/7471/4971 4972/7472/4972 4973/7473/4973
f 4974/7474/4974 4975/7475/4975 4976/7476/4976
f 4977/7477/4977 4978/7478/4978 4979/7479/4979
f 4978/7480/4978 4977/7481/4977 5041/7482/5041
f 4980/7483/4980 4981/7484/4981 4982/7485/4982
f 5042/7486/5042 4982/7487/4982 4981/7488/4981
f 4987/7489/4987 4988/7490/4988 4989/7491/4989
f 4990/7492/4990 4991/7493/4991 4992/7494/4992
f 4993/7495/4993 4994/7496/4994 4995/7497/4995
f 4994/7498/4994 4993/7499/4993 4999/7500/4999
f 4996/7501/4996 4997/7502/4997 4998/7503/4998
f 5000/7504/5000 4998/7505/4998 4997/7506/4997
f 5001/7507/5001 5002/7508/5002 5003/7509/5003
f 5002/7510/5002 5001/7511/5001 5085/7512/5085
f 5004/7513/5004 5005/7514/5005 5006/7515/5006
f 5086/7516/5086 5006/7517/5006 5005/7518/5005
f 5007/7519/5007 5008/7520/5008 5009/7521/5009
f 5008/7522/5008 5007/7523/5007 5087/7524/5087
f 5010/7525/5010 5011/7526/5011 5012/7527/5012
f 5088/7528/5088 5012/7529/5012 5011/7530/5011
f 5017/7531/5017 5018/7532/5018 5019/7533/5019
f 5018/7534/5018 5017/7535/5017 5103/7536/5103
f 5020/7537/5020 5021/7538/5021 5022/7539/5022
f 5104/7540/5104 5022/7541/5022 5021/7542/5021
f 5023/7543/5023 5024/7544/5024 5025/7545/5025
f 5026/7546/5026 5027/7547/5027 5028/7548/5028
f 5029/7549/5029 5030/7550/5030 5031/7551/5031
f 5032/7552/5032 5033/7553/5033 5034/7554/5034
f 5035/7555/5035 5036/7556/5036 5037/7557/5037
f 5038/7558/5038 5039/7559/5039 5040/7560/5040
f 5043/7561/5043 5044/7562/5044 5045/7563/5045
f 5046/7564/5046 5047/7565/5047 5048/7566/5048
f 5049/7567/5049 5050/7568/5050 5051/7569/5051
f 5052/7570/5052 5053/7571/5053 5054/7572/5054
f 5055/7573/5055 5056/7574/5056 5057/7575/5057
f 5056/7576/5056 5055/7577/5055 5147/7578/5147
f 5058/7579/5058 5059/7580/5059 5060/7581/5060
f 5148/7582/5148 5060/7583/5060 5059/7584/5059
f 5061/7585/5061 5062/7586/5062 5063/7587/5063
f 5064/7588/5064 5065/7589/5065 5066/7590/5066
f 5067/7591/5067 5068/7592/5068 5069/7593/5069
f 5070/7594/5070 5071/7595/5071 5072/7596/5072
f 5073/7597/5073 5074/7598/5074 5075/7599/5075
f 5076/7600/5076 5077/7601/5077 5078/7602/5078
f 5079/7603/5079 5080/7604/5080 5081/7605/5081
f 5080/7606/5080 5079/7607/5079 5089/7608/5089
f 5082/7609/5082 5083/7610/5083 5084/7611/5084
f 5090/7612/5090 5084/7613/5084 5083/7614/5083
f 5091/7615/5091 5092/7616/5092 5093/7617/5093
f 5092/7618/5092 5091/7619/5091 5191/7620/5191
f 5094/7621/5094 5095/7622/5095 5096/7623/5096
f 5192/7624/5192 5096/7625/5096 5095/7626/5095
f 5097/7627/5097 5098/7628/5098 5099/7629/5099
f 5098/7630/5098 5097/7631/5097 5193/7632/5193
f 5100/7633/5100 5101/7634/5101 5102/7635/5102
f 5194/7636/5194 5102/7637/5102 5101/7638/5101
f 5105/7639/5105 5106/7640/5106 5107/7641/5107
f 5108/7642/5108 5109/7643/5109 5110/7644/5110
f 5111/7645/5111 5112/7646/5112 5113/7647/5113
f 5114/7648/5114 5115/7649/5115 5116/7650/5116
f 5117/7651/5117 5118/7652/5118 5119/7653/5119
f 5120/7654/5120 5121/7655/5121 5122/7656/5122
f 5123/7657/5123 5124/7658/5124 5125/7659/5125
f 5124/7660/5124 5123/7661/5123 5215/7662/5215
f 5126/7663/5126 5127/7664/5127 5128/7665/5128
f 5216/7666/5216 5128/7667/5128 5127/7668/5127
f 5129/7669/5129 5130/7670/5130 5131/7671/5131
f 5132/7672/5132 5133/7673/5133 5134/7674/5134
f 5135/7675/5135 5136/7676/5136 5137/7677/5137
f 5138/7678/5138 5139/7679/5139 5140/7680/5140
f 5141/7681/5141 5142/7682/5142 5143/7683/5143
f 5144/7684/5144 5145/7685/5145 5146/7686/5146
f 5149/7687/5149 5150/7688/5150 5151/7689/5151
f 5152/7690/5152 5153/7691/5153 5154/7692/5154
f 5155/7693/5155 5156/7694/5156 5157/7695/5157
f 5158/7696/5158 5159/7697/5159 5160/7698/5160
f 5161/7699/5161 5162/7700/5162 5163/7701/5163
f 5164/7702/5164 5165/7703/5165 5166/7704/5166
f 5167/7705/5167 5168/7706/5168 5169/7707/5169
f 5168/7708/5168 5167/7709/5167 5259/7710/5259
f 5170/7711/5170 5171/7712/5171 5172/7713/5172
f 5260/7714/5260 5172/7715/5172 5171/7716/5171
f 5173/7717/5173 5174/7718/5174 5175/7719/5175
f 5174/7720/5174 5173/7721/5173 5267/7722/5267
f 5176/7723/5176 5177/7724/5177 5178/7725/5178
f 5268/7726/5268 5178/7727/5178 5177/7728/5177
f 5179/7729/5179 5180/7730/5180 5181/7731/5181
f 5180/7732/5180 5179/7733/5179 5269/7734/5269
f 5182/7735/5182 5183/7736/5183 5184/7737/5184
f 5270/7738/5270 5184/7739/5184 5183/7740/5183
f 5185/7741/5185 5186/7742/5186 5187/7743/5187
f 5186/7744/5186 5185/7745/5185 5271/7746/5271
f 5188/7747/5188 5189/7748/5189 5190/7749/5190
f 5272/7750/5272 5190/7751/5190 5189/7752/5189
f 5195/7753/5195 5196/7754/5196 5197/7755/5197
f 5196/7756/5196 5195/7757/5195 5201/7758/5201
f 5198/7759/5198 5199/7760/5199 5200/7761/5200
f 5202/7762/5202 5200/7763/5200 5199/7764/5199
f 5203/7765/5203 5204/7766/5204 5205/7767/5205
f 5204/7768/5204 5203/7769/5203 5299/7770/5299
f 5206/7771/5206 5207/7772/5207 5208/7773/5208
f 5300/7774/5300 5208/7775/5208 5207/7776/5207
f 5209/7777/5209 5210/7778/5210 5211/7779/5211
f 5210/7780/5210 5209/7781/5209 5301/7782/5301
f 5212/7783/5212 5213/7784/5213 5214/7785/5214
f 5302/7786/5302 5214/7787/5214 5213/7788/5213
f 5217/7789/5217 5218/7790/5218 5219/7791/5219
f 5220/7792/5220 5221/7793/5221 5222/7794/5222
f 5223/7795/5223 5224/7796/5224 5225/7797/5225
f 5226/7798/5226 5227/7799/5227 5228/7800/5228
f 5229/7801/5229 5230/7802/5230 5231/7803/5231
f 5232/7804/5232 5233/7805/5233 5234/7806/5234
f 5235/7807/5235 5236/7808/5236 5237/7809/5237
f 5238/7810/5238 5239/7811/5239 5240/7812/5240
f 5241/7813/5241 5242/7814/5242 5243/7815/5243
f 5242/7816/5242 5241/7817/5241 5303/7818/5303
f 5244/7819/5244 5245/7820/5245 5246/7821/5246
f 5304/7822/5304 5246/7823/5246 5245/7824/5245
f 5247/7825/5247 5248/7826/5248 5249/7827/5249
f 5248/7828/5248 5247/7829/5247 5329/7830/5329
f 5250/7831/5250 5251/7832/5251 5252/7833/5252
f 5330/7834/5330 5252/7835/5252 5251/7836/5251
f 5253/7837/5253 5254/7838/5254 5255/7839/5255
f 5256/7840/5256 5257/7841/5257 5258/7842/5258
f 5261/7843/5261 5262/7844/5262 5263/7845/5263
f 5262/7846/5262 5261/7847/5261 5273/7848/5273
f 5264/7849/5264 5265/7850/5265 5266/7851/5266
f 5274/7852/5274 5266/7853/5266 5265/7854/5265
f 5275/7855/5275 5276/7856/5276 5277/7857/5277
f 5276/7858/5276 5275/7859/5275 5375/7860/5375
f 5278/7861/5278 5279/7862/5279 5280/7863/5280
f 5376/7864/5376 5280/7865/5280 5279/7866/5279
f 5281/7867/5281 5282/7868/5282 5283/7869/5283
f 5282/7870/5282 5281/7871/5281 5377/7872/5377
f 5284/7873/5284 5285/7874/5285 5286/7875/5286
f 5378/7876/5378 5286/7877/5286 5285/7878/5285
f 5287/7879/5287 5288/7880/5288 5289/7881/5289
f 5288/7882/5288 5287/7883/5287 5379/7884/5379
f 5290/7885/5290 5291/7886/5291 5292/7887/5292
f 5380/7888/5380 5292/7889/5292 5291/7890/5291
f 5293/7891/5293 5294/7892/5294 5295/7893/5295
f 5294/7894/5294 5293/7895/5293 5387/7896/5387
f 5296/7897/5296 5297/7898/5297 5298/7899/5298
f 5388/7900/5388 5298/7901/5298 5297/7902/5297
f 5305/7903/5305 5306/7904/5306 5307/7905/5307
f 5306/7906/5306 5305/7907/5305 5403/7908/5403
f 5308/7909/5308 5309/7910/5309 5310/7911/5310
f 5404/7912/5404 5310/7913/5310 5309/7914/5309
f 5311/7915/5311 5312/7916/5312 5313/7917/5313
f 5312/7918/5312 5311/7919/5311 5405/7920/5405
f 5314/7921/5314 5315/7922/5315 5316/7923/5316
f 5406/7924/5406 5316/7925/5316 5315/7926/5315
f 5317/7927/5317 5318/7928/5318 5319/7929/5319
f 5320/7930/5320 5321/7931/5321 5322/7932/5322
f 5323/7933/5323 5324/7934/5324 5325/7935/5325
f 5324/7936/5324 5323/7937/5323 5409/7938/5409
f 5326/7939/5326 5327/7940/5327 5328/7941/5328
f 5410/7942/5410 5328/7943/5328 5327/7944/5327
f 5331/7945/5331 5332/7946/5332 5333/7947/5333
f 5332/7948/5332 5331/7949/5331 5337/7950/5337
f 5334/7951/5334 5335/7952/5335 5336/7953/5336
f 5338/7954/5338 5336/7955/5336 5335/7956/5335
f 5339/7957/5339 5340/7958/5340 5341/7959/5341
f 5340/7960/5340 5339/7961/5339 5407/7962/5407
f 5342/7963/5342 5343/7964/5343 5344/7965/5344
f 5408/7966/5408 5344/7967/5344 5343/7968/5343
f 5345/7969/5345 5346/7970/5346 5347/7971/5347
f 5346/7972/5346 5345/7973/5345 5423/7974/5423
f 5348/7975/5348 5349/7976/5349 5350/7977/5350
f 5424/7978/5424 5350/7979/5350 5349/7980/5349
f 5351/7981/5351 5352/7982/5352 5353/7983/5353
f 5352/7984/5352 5351/7985/5351 5425/7986/5425
f 5354/7987/5354 5355/7988/5355 5356/7989/5356
f 5426/7990/5426 5356/7991/5356 5355/7992/5355
f 5357/7993/5357 5358/7994/5358 5359/7995/5359
f 5358/7996/5358 5357/7997/5357 5427/7998/5427
f 5360/7999/5360 5361/8000/5361 5362/8001/5362
f 5428/8002/5428 5362/8003/5362 5361/8004/5361
f 5363/8005/5363 5364/8006/5364 5365/8007/5365
f 5364/8008/5364 5363/8009/5363 5429/8010/5429
f 5366/8011/5366 5367/8012/5367 5368/8013/5368
f 5430/8014/5430 5368/8015/5368 5367/8016/5367
f 5369/8017/5369 5370/8018/5370 5371/8019/5371
f 5370/8020/5370 5369/8021/5369 5431/8022/5431
f 5372/8023/5372 5373/8024/5373 5374/8025/5374
f 5432/8026/5432 5374/8027/5374 5373/8028/5373
f 5381/8029/5381 5382/8030/5382 5383/8031/5383
f 5382/8032/5382 5381/8033/5381 5389/8034/5389
f 5384/8035/5384 5385/8036/5385 5386/8037/5386
f 5390/8038/5390 5386/8039/5386 5385/8040/5385
f 5391/8041/5391 5392/8042/5392 5393/8043/5393
f 5392/8044/5392 5391/8045/5391 5463/8046/5463
f 5394/8047/5394 5395/8048/5395 5396/8049/5396
f 5464/8050/5464 5396/8051/5396 5395/8052/5395
f 5397/8053/5397 5398/8054/5398 5399/8055/5399
f 5398/8056/5398 5397/8057/5397 5471/8058/5471
f 5400/8059/5400 5401/8060/5401 5402/8061/5402
f 5472/8062/5472 5402/8063/5402 5401/8064/5401
f 5411/8065/5411 5412/8066/5412 5413/8067/5413
f 5412/8068/5412 5411/8069/5411 5473/8070/5473
f 5414/8071/5414 5415/8072/5415 5416/8073/5416
f 5474/8074/5474 5416/8075/5416 5415/8076/5415
f 5417/8077/5417 5418/8078/5418 5419/8079/5419
f 5418/8080/5418 5417/8081/5417 5493/8082/5493
f 5420/8083/5420 5421/8084/5421 5422/8085/5422
f 5494/8086/5494 5422/8087/5422 5421/8088/5421
f 5433/8089/5433 5434/8090/5434 5435/8091/5435
f 5434/8092/5434 5433/8093/5433 5521/8094/5521
f 5436/8095/5436 5437/8096/5437 5438/8097/5438
f 5522/8098/5522 5438/8099/5438 5437/8100/5437
f 5439/8101/5439 5440/8102/5440 5441/8103/5441
f 5442/8104/5442 5443/8105/5443 5444/8106/5444
f 5445/8107/5445 5446/8108/5446 5447/8109/5447
f 5446/8110/5446 5445/8111/5445 5529/8112/5529
f 5448/8113/5448 5449/8114/5449 5450/8115/5450
f 5530/8116/5530 5450/8117/5450 5449/8118/5449
f 5451/8119/5451 5452/8120/5452 5453/8121/5453
f 5454/8122/5454 5455/8123/5455 5456/8124/5456
f 5457/8125/5457 5458/8126/5458 5459/8127/5459
f 5460/8128/5460 5461/8129/5461 5462/8130/5462
f 5465/8131/5465 5466/8132/5466 5467/8133/5467
f 5466/8134/5466 5465/8135/5465 5543/8136/5543
f 5468/8137/5468 5469/8138/5469 5470/8139/5470
f 5544/8140/5544 5470/8141/5470 5469/8142/5469
f 5475/8143/5475 5476/8144/5476 5477/8145/5477
f 5476/8146/5476 5475/8147/5475 5563/8148/5563
f 5478/8149/5478 5479/8150/5479 5480/8151/5480
f 5564/8152/5564 5480/8153/5480 5479/8154/5479
f 5481/8155/5481 5482/8156/5482 5483/8157/5483
f 5482/8158/5482 5481/8159/5481 5565/8160/5565
f 5484/8161/5484 5485/8162/5485 5486/8163/5486
f 5566/8164/5566 5486/8165/5486 5485/8166/5485
f 5487/8167/5487 5488/8168/5488 5489/8169/5489
f 5488/8170/5488 5487/8171/5487 5495/8172/5495
f 5490/8173/5490 5491/8174/5491 5492/8175/5492
f 5496/8176/5496 5492/8177/5492 5491/8178/5491
f 5497/8179/5497 5498/8180/5498 5499/8181/5499
f 5500/8182/5500 5501/8183/5501 5502/8184/5502
f 5503/8185/5503 5504/8186/5504 5505/8187/5505
f 5506/8188/5506 5507/8189/5507 5508/8190/5508
f 5509/8191/5509 5510/8192/5510 5511/8193/5511
f 5510/8194/5510 5509/8195/5509 5591/8196/5591
f 5512/8197/5512 5513/8198/5513 5514/8199/5514
f 5592/8200/5592 5514/8201/5514 5513/8202/5513
f 5515/8203/5515 5516/8204/5516 5517/8205/5517
f 5518/8206/5518 5519/8207/5519 5520/8208/5520
f 5523/8209/5523 5524/8210/5524 5525/8211/5525
f 5526/8212/5526 5527/8213/5527 5528/8214/5528
f 5531/8215/5531 5532/8216/5532 5533/8217/5533
f 5534/8218/5534 5535/8219/5535 5536/8220/5536
f 5537/8221/5537 5538/8222/5538 5539/8223/5539
f 5540/8224/5540 5541/8225/5541 5542/8226/5542
f 5545/8227/5545 5546/8228/5546 5547/8229/5547
f 5548/8230/5548 5549/8231/5549 5550/8232/5550
f 5551/8233/5551 5552/8234/5552 5553/8235/5553
f 5552/8236/5552 5551/8237/5551 5647/8238/5647
f 5554/8239/5554 5555/8240/5555 5556/8241/5556
f 5648/8242/5648 5556/8243/5556 5555/8244/5555
f 5557/8245/5557 5558/8246/5558 5559/8247/5559
f 5558/8248/5558 5557/8249/5557 5655/8250/5655
f 5560/8251/5560 5561/8252/5561 5562/8253/5562
f 5656/8254/5656 5562/8255/5562 5561/8256/5561
f 5567/8257/5567 5568/8258/5568 5569/8259/5569
f 5568/8260/5568 5567/8261/5567 5663/8262/5663
f 5570/8263/5570 5571/8264/5571 5572/8265/5572
f 5664/8266/5664 5572/8267/5572 5571/8268/5571
f 5573/8269/5573 5574/8270/5574 5575/8271/5575
f 5574/8272/5574 5573/8273/5573 5665/8274/5665
f 5576/8275/5576 5577/8276/5577 5578/8277/5578
f 5666/8278/5666 5578/8279/5578 5577/8280/5577
f 5579/8281/5579 5580/8282/5580 5581/8283/5581
f 5582/8284/5582 5583/8285/5583 5584/8286/5584
f 5585/8287/5585 5586/8288/5586 5587/8289/5587
f 5588/8290/5588 5589/8291/5589 5590/8292/5590
f 5593/8293/5593 5594/8294/5594 5595/8295/5595
f 5596/8296/5596 5597/8297/5597 5598/8298/5598
f 5599/8299/5599 5600/8300/5600 5601/8301/5601
f 5602/8302/5602 5603/8303/5603 5604/8304/5604
f 5605/8305/5605 5606/8306/5606 5607/8307/5607
f 5606/8308/5606 5605/8309/5605 5697/8310/5697
f 5608/8311/5608 5609/8312/5609 5610/8313/5610
f 5698/8314/5698 5610/8315/5610 5609/8316/5609
f 5611/8317/5611 5612/8318/5612 5613/8319/5613
f 5614/8320/5614 5615/8321/5615 5616/8322/5616
f 5617/8323/5617 5618/8324/5618 5619/8325/5619
f 5620/8326/5620 5621/8327/5621 5622/8328/5622
f 5623/8329/5623 5624/8330/5624 5625/8331/5625
f 5624/8332/5624 5623/8333/5623 5705/8334/5705
f 5626/8335/5626 5627/8336/5627 5628/8337/5628
f 5706/8338/5706 5628/8339/5628 5627/8340/5627
f 5629/8341/5629 5630/8342/5630 5631/8343/5631
f 5632/8344/5632 5633/8345/5633 5634/8346/5634
f 5635/8347/5635 5636/8348/5636 5637/8349/5637
f 5638/8350/5638 5639/8351/5639 5640/8352/5640
f 5641/8353/5641 5642/8354/5642 5643/8355/5643
f 5644/8356/5644 5645/8357/5645 5646/8358/5646
f 5649/8359/5649 5650/8360/5650 5651/8361/5651
f 5650/8362/5650 5649/8363/5649 5713/8364/5713
f 5652/8365/5652 5653/8366/5653 5654/8367/5654
f 5714/8368/5714 5654/8369/5654 5653/8370/5653
f 5657/8371/5657 5658/8372/5658 5659/8373/5659
f 5658/8374/5658 5657/8375/5657 5727/8376/5727
f 5660/8377/5660 5661/8378/5661 5662/8379/5662
f 5728/8380/5728 5662/8381/5662 5661/8382/5661
f 5667/8383/5667 5668/8384/5668 5669/8385/5669
f 5670/8386/5670 5671/8387/5671 5672/8388/5672
f 5673/8389/5673 5674/8390/5674 5675/8391/5675
f 5676/8392/5676 5677/8393/5677 5678/8394/5678
f 5679/8395/5679 5680/8396/5680 5681/8397/5681
f 5680/8398/5680 5679/8399/5679 5741/8400/5741
f 5682/8401/5682 5683/8402/5683 5684/8403/5684
f 5742/8404/5742 5684/8405/5684 5683/8406/5683
f 5685/8407/5685 5686/8408/5686 5687/8409/5687
f 5688/8410/5688 5689/8411/5689 5690/8412/5690
f 5691/8413/5691 5692/8414/5692 5693/8415/5693
f 5694/8416/5694 5695/8417/5695 5696/8418/5696
f 5699/8419/5699 5700/8420/5700 5701/8421/5701
f 5702/8422/5702 5703/8423/5703 5704/8424/5704
f 5707/8425/5707 5708/8426/5708 5709/8427/5709
f 5710/8428/5710 5711/8429/5711 5712/8430/5712
f 5715/8431/5715 5716/8432/5716 5717/8433/5717
f 5716/8434/5716 5715/8435/5715 5761/8436/5761
f 5718/8437/5718 5719/8438/5719 5720/8439/5720
f 5762/8440/5762 5720/8441/5720 5719/8442/5719
f 5721/8443/5721 5722/8444/5722 5723/8445/5723
f 5724/8446/5724 5725/8447/5725 5726/8448/5726
f 5729/8449/5729 5730/8450/5730 5731/8451/5731
f 5732/8452/5732 5733/8453/5733 5734/8454/5734
f 5735/8455/5735 5736/8456/5736 5737/8457/5737
f 5738/8458/5738 5739/8459/5739 5740/8460/5740
f 5743/8461/5743 5744/8462/5744 5745/8463/5745
f 5746/8464/5746 5747/8465/5747 5748/8466/5748
f 5749/8467/5749 5750/8468/5750 5751/8469/5751
f 5752/8470/5752 5753/8471/5753 5754/8472/5754
f 5755/8473/5755 5756/8474/5756 5757/8475/5757
f 5756/8476/5756 5755/8477/5755 5799/8478/5799
f 5758/8479/5758 5759/8480/5759 5760/8481/5760
f 5800/8482/5800 5760/8483/5760 5759/8484/5759
f 5763/8485/5763 5764/8486/5764 5765/8487/5765
f 5766/8488/5766 5767/8489/5767 5768/8490/5768
f 5769/8491/5769 5770/8492/5770 5771/8493/5771
f 5772/8494/5772 5773/8495/5773 5774/8496/5774
f 5775/8497/5775 5776/8498/5776 5777/8499/5777
f 5778/8500/5778 5779/8501/5779 5780/8502/5780
f 5781/8503/5781 5782/8504/5782 5783/8505/5783
f 5782/8506/5782 5781/8507/5781 5807/8508/5807
f 5784/8509/5784 5785/8510/5785 5786/8511/5786
f 5808/8512/5808 5786/8513/5786 5785/8514/5785
f 5787/8515/5787 5788/8516/5788 5789/8517/5789
f 5790/8518/5790 5791/8519/5791 5792/8520/5792
f 5793/8521/5793 5794/8522/5794 5795/8523/5795
f 5794/8524/5794 5793/8525/5793 5815/8526/5815
f 5796/8527/5796 5797/8528/5797 5798/8529/5798
f 5816/8530/5816 5798/8531/5798 5797/8532/5797
f 5801/8533/5801 5802/8534/5802 5803/8535/5803
f 5804/8536/5804 5805/8537/5805 5806/8538/5806
f 5809/8539/5809 5810/8540/5810 5811/8541/5811
f 5812/8542/5812 5813/8543/5813 5814/8544/5814
