# Created by Open3D 
# object name: 9faefdf6814aaa975510d59f3ab1ed64
# number of vertices: 2096
# number of triangles: 1468
v 0.275 -0.212251 -0.250686
vn 0.976982 -1.76261e-16 4.54645e-17
v 0.275 -0.275 -0.3
vn 0.976982 -1.76261e-16 4.54645e-17
v 0.275 -0.212251 -0.3
vn 0.976982 -1.76261e-16 4.54645e-17
v 0.275 -0.275 -0.250686
vn 0.976982 -1.76261e-16 4.54645e-17
v 0.275 -0.275 -0.3
vn 5.98229e-17 -3.66309e-33 -0.742492
v 0.211798 -0.212251 -0.3
vn 5.98229e-17 -3.66309e-33 -0.742492
v 0.275 -0.212251 -0.3
vn 5.98229e-17 -3.66309e-33 -0.742492
v 0.211798 -0.212251 -0.3
vn 1.77865e-16 0.950791 5.5678e-33
v 0.275 -0.212251 -0.250686
vn 1.77865e-16 0.950791 5.5678e-33
v 0.275 -0.212251 -0.3
vn 1.77865e-16 0.950791 5.5678e-33
v 0.275 -0.273758 -0.250686
vn 0.976982 -1.76261e-16 4.54645e-17
v 0.211798 -0.275 -0.250686
vn -1.77865e-16 -0.950791 -5.5678e-33
v 0.275 -0.275 -0.3
vn -1.77865e-16 -0.950791 -5.5678e-33
v 0.275 -0.275 -0.250686
vn -1.77865e-16 -0.950791 -5.5678e-33
v 0.211798 -0.275 -0.3
vn 5.98229e-17 -3.66309e-33 -0.742492
v 0.211798 -0.212251 -0.250686
vn 1.77865e-16 0.950791 5.5678e-33
v 0.275 -0.273758 -0.250686
vn -5.98229e-17 3.66309e-33 0.742492
v 0.211798 -0.275 -0.250686
vn -5.98229e-17 3.66309e-33 0.742492
v 0.275 -0.275 -0.250686
vn -5.98229e-17 3.66309e-33 0.742492
v 0.211798 -0.275 -0.3
vn -1.77865e-16 -0.950791 -5.5678e-33
v 0.211798 -0.275 -0.250686
vn -0.976982 1.76261e-16 -4.54645e-17
v 0.211798 -0.212251 -0.3
vn -0.976982 1.76261e-16 -4.54645e-17
v 0.211798 -0.275 -0.3
vn -0.976982 1.76261e-16 -4.54645e-17
v 0.211798 -0.212251 -0.250686
vn -0.976982 1.76261e-16 -4.54645e-17
v 0.211798 -0.273758 -0.250686
vn -5.98229e-17 3.66309e-33 0.742492
v 0.211798 -0.273758 -0.250686
vn -0.976982 1.76261e-16 -4.54645e-17
v -0.186235 -0.212251 -0.250686
vn 1.77865e-16 0.950791 5.5678e-33
v -0.249436 -0.212251 -0.3
vn 1.77865e-16 0.950791 5.5678e-33
v -0.249436 -0.212251 -0.250686
vn 1.77865e-16 0.950791 5.5678e-33
v -0.186235 -0.273758 -0.3
vn 0.976982 -1.76261e-16 4.54645e-17
v -0.186235 -0.212251 -0.250686
vn 0.976982 -1.76261e-16 4.54645e-17
v -0.186235 -0.273758 -0.250686
vn 0.976982 -1.76261e-16 4.54645e-17
v -0.186235 -0.212251 -0.3
vn 1.77865e-16 0.950791 5.5678e-33
v -0.249436 -0.273758 -0.3
vn -0.976982 1.76261e-16 -4.54645e-17
v -0.249436 -0.212251 -0.250686
vn -0.976982 1.76261e-16 -4.54645e-17
v -0.249436 -0.212251 -0.3
vn -0.976982 1.76261e-16 -4.54645e-17
v -0.186235 -0.212251 -0.3
vn 0.976982 -1.76261e-16 4.54645e-17
v -0.186235 -0.273758 -0.250686
vn -1.77865e-16 -0.950791 -5.5678e-33
v -0.249436 -0.273758 -0.3
vn -1.77865e-16 -0.950791 -5.5678e-33
v -0.186235 -0.273758 -0.3
vn -1.77865e-16 -0.950791 -5.5678e-33
v -0.186235 -0.273758 -0.3
vn 5.98229e-17 -3.66309e-33 -0.742492
v -0.249436 -0.212251 -0.3
vn 5.98229e-17 -3.66309e-33 -0.742492
v -0.186235 -0.212251 -0.3
vn 5.98229e-17 -3.66309e-33 -0.742492
v -0.249436 -0.273758 -0.250686
vn -0.976982 1.76261e-16 -4.54645e-17
v -0.249436 -0.273758 -0.3
vn 5.98229e-17 -3.66309e-33 -0.742492
v -0.249436 -0.273758 -0.250686
vn -1.77865e-16 -0.950791 -5.5678e-33
v -0.249436 0.213493 -0.3
vn -1.77865e-16 -0.950791 -5.5678e-33
v -0.186235 0.213493 -0.250686
vn -1.77865e-16 -0.950791 -5.5678e-33
v -0.249436 0.213493 -0.250686
vn -1.77865e-16 -0.950791 -5.5678e-33
v 0.275 0.213493 -0.3
vn 0.976982 -1.76261e-16 4.54645e-17
v 0.275 0.275 -0.250686
vn 0.976982 -1.76261e-16 4.54645e-17
v 0.275 0.213493 -0.250686
vn 0.976982 -1.76261e-16 4.54645e-17
v -0.249436 0.275 -0.250686
vn -0.976982 1.76261e-16 -4.54645e-17
v -0.249436 0.213493 -0.3
vn -0.976982 1.76261e-16 -4.54645e-17
v -0.249436 0.213493 -0.250686
vn -0.976982 1.76261e-16 -4.54645e-17
v -0.186235 0.213493 -0.3
vn -1.77865e-16 -0.950791 -5.5678e-33
v 0.275 0.275 -0.3
vn 0.976982 -1.76261e-16 4.54645e-17
v 0.211798 0.213493 -0.250686
vn -1.77865e-16 -0.950791 -5.5678e-33
v 0.275 0.213493 -0.3
vn -1.77865e-16 -0.950791 -5.5678e-33
v 0.275 0.213493 -0.250686
vn -1.77865e-16 -0.950791 -5.5678e-33
v 0.275 0.275 -0.250686
vn 1.77865e-16 0.950791 5.5678e-33
v 0.211798 0.275 -0.3
vn 1.77865e-16 0.950791 5.5678e-33
v 0.211798 0.275 -0.250686
vn 1.77865e-16 0.950791 5.5678e-33
v -0.186235 0.275 -0.250686
vn 1.77865e-16 0.950791 5.5678e-33
v -0.249436 0.275 -0.3
vn 1.77865e-16 0.950791 5.5678e-33
v -0.249436 0.275 -0.250686
vn 1.77865e-16 0.950791 5.5678e-33
v -0.249436 0.275 -0.3
vn -0.976982 1.76261e-16 -4.54645e-17
v -0.249436 0.275 -0.3
vn 5.98229e-17 -3.66309e-33 -0.742492
v -0.186235 0.213493 -0.3
vn 5.98229e-17 -3.66309e-33 -0.742492
v -0.249436 0.213493 -0.3
vn 5.98229e-17 -3.66309e-33 -0.742492
v -0.186235 0.213493 -0.3
vn 0.976982 -1.76261e-16 4.54645e-17
v -0.186235 0.275 -0.250686
vn 0.976982 -1.76261e-16 4.54645e-17
v -0.186235 0.213493 -0.250686
vn 0.976982 -1.76261e-16 4.54645e-17
v 0.275 0.213493 -0.3
vn 5.98229e-17 -3.66309e-33 -0.742492
v 0.211798 0.275 -0.3
vn 5.98229e-17 -3.66309e-33 -0.742492
v 0.275 0.275 -0.3
vn 5.98229e-17 -3.66309e-33 -0.742492
v 0.275 0.275 -0.3
vn 1.77865e-16 0.950791 5.5678e-33
v 0.211798 0.213493 -0.3
vn -1.77865e-16 -0.950791 -5.5678e-33
v 0.211798 0.275 -0.3
vn -0.976982 1.76261e-16 -4.54645e-17
v 0.211798 0.213493 -0.250686
vn -0.976982 1.76261e-16 -4.54645e-17
v 0.211798 0.275 -0.250686
vn -0.976982 1.76261e-16 -4.54645e-17
v -0.186235 0.275 -0.3
vn 1.77865e-16 0.950791 5.5678e-33
v -0.186235 0.275 -0.3
vn 5.98229e-17 -3.66309e-33 -0.742492
v -0.186235 0.275 -0.3
vn 0.976982 -1.76261e-16 4.54645e-17
v 0.211798 0.213493 -0.3
vn 5.98229e-17 -3.66309e-33 -0.742492
v 0.211798 0.213493 -0.3
vn -0.976982 1.76261e-16 -4.54645e-17
v 0.275 -0.212251 -0.3
vn -0.976982 1.76261e-16 -4.54645e-17
v 0.275 -0.275 -0.3
vn -0.976982 1.76261e-16 -4.54645e-17
v 0.275 -0.212251 -0.250686
vn -0.976982 1.76261e-16 -4.54645e-17
v 0.275 -0.275 -0.250686
vn -0.976982 1.76261e-16 -4.54645e-17
v 0.275 -0.212251 -0.3
vn -5.98229e-17 3.66309e-33 0.742492
v 0.211798 -0.212251 -0.3
vn -5.98229e-17 3.66309e-33 0.742492
v 0.275 -0.275 -0.3
vn -5.98229e-17 3.66309e-33 0.742492
v 0.275 -0.212251 -0.3
vn -1.77865e-16 -0.950791 -5.5678e-33
v 0.275 -0.212251 -0.250686
vn -1.77865e-16 -0.950791 -5.5678e-33
v 0.211798 -0.212251 -0.3
vn -1.77865e-16 -0.950791 -5.5678e-33
v 0.275 -0.273758 -0.250686
vn -0.976982 1.76261e-16 -4.54645e-17
v 0.275 -0.275 -0.250686
vn 1.77865e-16 0.950791 5.5678e-33
v 0.275 -0.275 -0.3
vn 1.77865e-16 0.950791 5.5678e-33
v 0.211798 -0.275 -0.250686
vn 1.77865e-16 0.950791 5.5678e-33
v 0.211798 -0.275 -0.3
vn -5.98229e-17 3.66309e-33 0.742492
v 0.211798 -0.212251 -0.250686
vn -1.77865e-16 -0.950791 -5.5678e-33
v 0.275 -0.273758 -0.250686
vn 5.98229e-17 -3.66309e-33 -0.742492
v 0.211798 -0.212251 -0.250686
vn 5.98229e-17 -3.66309e-33 -0.742492
v 0.275 -0.212251 -0.250686
vn 5.98229e-17 -3.66309e-33 -0.742492
v 0.275 -0.212251 -0.250686
vn -5.98229e-17 3.66309e-33 0.742492
v 0.211798 -0.212251 -0.250686
vn -5.98229e-17 3.66309e-33 0.742492
v 0.275 -0.181497 -0.119828
vn -0.976982 1.76261e-16 -4.54645e-17
v 0.275 -0.275 -0.250686
vn 5.98229e-17 -3.66309e-33 -0.742492
v 0.211798 -0.275 -0.250686
vn 5.98229e-17 -3.66309e-33 -0.742492
v 0.211798 -0.275 -0.3
vn 1.77865e-16 0.950791 5.5678e-33
v 0.211798 -0.275 -0.3
vn 0.976982 -1.76261e-16 4.54645e-17
v 0.211798 -0.212251 -0.3
vn 0.976982 -1.76261e-16 4.54645e-17
v 0.211798 -0.275 -0.250686
vn 0.976982 -1.76261e-16 4.54645e-17
v 0.211798 -0.212251 -0.250686
vn 0.976982 -1.76261e-16 4.54645e-17
v -0.249436 -0.180536 -0.250686
vn -5.98229e-17 3.66309e-33 0.742492
v 0.211798 -0.273758 -0.250686
vn 5.98229e-17 -3.66309e-33 -0.742492
v 0.275 -0.181497 -0.250686
vn -0.976982 1.76261e-16 -4.54645e-17
v 0.275 -0.273758 0.0780824
vn -0.976982 1.76261e-16 -4.54645e-17
v 0.211798 -0.273758 -0.250686
vn 0.976982 -1.76261e-16 4.54645e-17
v -0.186235 -0.212251 -0.250686
vn -5.98229e-17 3.66309e-33 0.742492
v 0.275 -0.181497 -0.250686
vn -5.98229e-17 3.66309e-33 0.742492
v 0.211798 -0.273758 -0.250686
vn 1.77865e-16 0.950791 5.5678e-33
v 0.274459 -0.273758 0.0866641
vn 1.77865e-16 0.950791 5.5678e-33
v 0.275 -0.273758 -0.250686
vn 1.77865e-16 0.950791 5.5678e-33
v 0.275 0.18274 -0.119828
vn -0.976982 1.76261e-16 -4.54645e-17
v 0.275 -0.181497 -0.099279
vn -0.976982 1.76261e-16 -4.54645e-17
v 0.275 -0.273758 0.0780824
vn 1.77865e-16 0.950791 5.5678e-33
v -0.249436 -0.212251 -0.250686
vn -5.98229e-17 3.66309e-33 0.742492
v 0.275 0.18274 -0.250686
vn -5.98229e-17 3.66309e-33 0.742492
v 0.272847 -0.273758 0.0951003
vn 1.77865e-16 0.950791 5.5678e-33
v -0.186235 -0.273758 -0.250686
vn -5.98229e-17 3.66309e-33 0.742492
v 0.275 0.18274 -0.250686
vn -0.976982 1.76261e-16 -4.54645e-17
v 0.275 0.18274 -0.119828
vn -0.882339 1.59186e-16 -0.318806
v 0.275 -0.181497 -0.119828
vn -0.882339 1.59186e-16 -0.318806
v 0.27446 0.18274 -0.118646
vn -0.861164 1.55366e-16 -0.350658
v 0.275 -0.181497 -0.119828
vn -1.77865e-16 -0.950791 -5.5678e-33
v 0.275 -0.181497 -0.099279
vn -1.77865e-16 -0.950791 -5.5678e-33
v 0.27446 -0.181497 -0.118646
vn -1.77865e-16 -0.950791 -5.5678e-33
v 0.275 -0.181497 -0.030822
vn -0.976982 1.76261e-16 -4.54645e-17
v 0.274459 -0.273758 0.0866641
vn -0.968883 1.748e-16 -0.0954088
v 0.274459 -0.181497 0.0866641
vn -0.968883 1.748e-16 -0.0954088
v 0.275 -0.273758 0.0780824
vn -0.974891 1.75883e-16 -0.0485632
v -0.249436 -0.212251 -0.250686
vn -1.77865e-16 -0.950791 -5.5678e-33
v -0.249436 -0.212251 -0.3
vn -1.77865e-16 -0.950791 -5.5678e-33
v -0.186235 -0.212251 -0.250686
vn -1.77865e-16 -0.950791 -5.5678e-33
v -0.186235 -0.273758 -0.250686
vn 5.98229e-17 -3.66309e-33 -0.742492
v -0.249436 -0.212251 -0.250686
vn 5.98229e-17 -3.66309e-33 -0.742492
v -0.186235 -0.212251 -0.250686
vn 5.98229e-17 -3.66309e-33 -0.742492
v -0.249436 -0.180536 -0.250686
vn 0.976982 -1.76261e-16 4.54645e-17
v -0.249436 -0.180536 0.0780824
vn 0.976982 -1.76261e-16 4.54645e-17
v -0.249436 -0.212251 -0.250686
vn 0.976982 -1.76261e-16 4.54645e-17
v -0.249436 0.181779 -0.250686
vn -5.98229e-17 3.66309e-33 0.742492
v 0.272847 -0.273758 0.0951003
vn -0.944209 1.70349e-16 -0.1907
v 0.272847 -0.181497 0.0951003
vn -0.944209 1.70349e-16 -0.1907
v 0.274459 -0.273758 0.0866641
vn -0.968361 1.74706e-16 -0.0984196
v 0.270189 -0.273758 0.103245
vn 1.77865e-16 0.950791 5.5678e-33
v -0.186235 -0.273758 -0.250686
vn 1.77865e-16 0.950791 5.5678e-33
v -0.249436 -0.273758 0.0780824
vn 1.77865e-16 0.950791 5.5678e-33
v -0.186235 -0.273758 -0.250686
vn -0.976982 1.76261e-16 -4.54645e-17
v -0.186235 -0.212251 -0.250686
vn -0.976982 1.76261e-16 -4.54645e-17
v -0.186235 -0.273758 -0.3
vn -0.976982 1.76261e-16 -4.54645e-17
v 0.275 0.275 0.0780824
vn -0.976982 1.76261e-16 -4.54645e-17
v 0.27446 -0.181497 -0.118646
vn -0.861164 1.55366e-16 -0.350658
v 0.27446 0.18274 -0.118646
vn 1.77865e-16 0.950791 5.5678e-33
v 0.275 0.18274 -0.099279
vn 1.77865e-16 0.950791 5.5678e-33
v 0.275 0.18274 -0.119828
vn 1.77865e-16 0.950791 5.5678e-33
v 0.274898 -0.181497 -0.100888
vn -1.77865e-16 -0.950791 -5.5678e-33
v 0.275 0.18274 -0.030822
vn -0.976982 1.76261e-16 -4.54645e-17
v 0.275 -0.181497 0.0780824
vn -0.976982 1.76261e-16 -4.54645e-17
v 0.275 -0.181497 0.0780824
vn -0.974891 1.75883e-16 -0.0485632
v 0.274459 -0.181497 0.0866641
vn -0.968361 1.74706e-16 -0.0984196
v -0.186235 -0.212251 -0.3
vn -1.77865e-16 -0.950791 -5.5678e-33
v -0.249436 -0.212251 -0.3
vn 0.976982 -1.76261e-16 4.54645e-17
v -0.249436 -0.273758 -0.3
vn 0.976982 -1.76261e-16 4.54645e-17
v -0.249436 -0.273758 -0.250686
vn 5.98229e-17 -3.66309e-33 -0.742492
v -0.249436 -0.273758 -0.250686
vn -5.98229e-17 3.66309e-33 0.742492
v -0.249436 -0.273758 -0.250686
vn 0.976982 -1.76261e-16 4.54645e-17
v -0.249436 -0.180536 -0.250686
vn 1.77865e-16 0.950791 5.5678e-33
v -0.271251 -0.180536 0.289552
vn 1.77865e-16 0.950791 5.5678e-33
v -0.249436 -0.180536 0.0780824
vn 1.77865e-16 0.950791 5.5678e-33
v -0.249436 0.181779 -0.250686
vn 0.975782 -1.76044e-16 0.0368014
v -0.275 0.181779 0.285244
vn 0.975782 -1.76044e-16 0.0368014
v -0.249436 -0.180536 -0.250686
vn 0.975782 -1.76044e-16 0.0368014
v -0.249436 0.213493 -0.250686
vn -5.98229e-17 3.66309e-33 0.742492
v 0.272847 -0.181497 0.0951003
vn -0.943173 1.70162e-16 -0.19364
v 0.272847 -0.273758 0.0951003
vn -0.943173 1.70162e-16 -0.19364
v 0.270189 -0.181497 0.103245
vn -0.903378 1.62982e-16 -0.282733
v 0.270189 -0.273758 0.103245
vn -0.903378 1.62982e-16 -0.282733
v 0.266533 -0.273758 0.110959
vn 1.77865e-16 0.950791 5.5678e-33
v 0.211798 -0.273758 0.143835
vn 1.77865e-16 0.950791 5.5678e-33
v -0.249436 -0.273758 -0.250686
vn 1.77865e-16 0.950791 5.5678e-33
v -0.186235 -0.212251 -0.3
vn -0.976982 1.76261e-16 -4.54645e-17
v -0.186235 -0.273758 -0.3
vn 1.77865e-16 0.950791 5.5678e-33
v -0.249436 -0.273758 -0.3
vn 1.77865e-16 0.950791 5.5678e-33
v 0.275 0.213493 -0.250686
vn -0.976982 1.76261e-16 -4.54645e-17
v 0.275 0.18274 -0.099279
vn -0.976982 1.76261e-16 -4.54645e-17
v 0.27446 0.18274 -0.118646
vn -0.860308 1.55212e-16 -0.35187
v 0.27446 -0.181497 -0.118646
vn -0.860308 1.55212e-16 -0.35187
v 0.273811 0.18274 -0.117524
vn -0.811894 1.46477e-16 -0.413003
v 0.274898 0.18274 -0.100888
vn 1.77865e-16 0.950791 5.5678e-33
v 0.274597 -0.181497 -0.10247
vn -1.77865e-16 -0.950791 -5.5678e-33
v 0.275 -0.181497 -0.099279
vn -0.974891 1.75883e-16 0.0485641
v 0.275 0.18274 -0.099279
vn -0.974891 1.75883e-16 0.0485641
v 0.274898 -0.181497 -0.100888
vn -0.968818 1.74788e-16 0.0957919
v 0.275 0.18274 -0.030822
vn -0.974891 1.75883e-16 -0.0485635
v 0.275 -0.181497 -0.030822
vn -0.974891 1.75883e-16 -0.0485635
v 0.274898 0.18274 -0.0292123
vn -0.968818 1.74788e-16 -0.0957904
v 0.275 -0.181497 0.0780824
vn -1.77865e-16 -0.950791 -5.5678e-33
v 0.274459 -0.181497 0.0866641
vn -1.77865e-16 -0.950791 -5.5678e-33
v 0.275 -0.181497 -0.030822
vn -1.77865e-16 -0.950791 -5.5678e-33
v 0.272847 -0.181497 0.0951003
vn -1.77865e-16 -0.950791 -5.5678e-33
v 0.274098 -0.181497 -0.0261042
vn -1.77865e-16 -0.950791 -5.5678e-33
v -0.186235 -0.212251 -0.3
vn -5.98229e-17 3.66309e-33 0.742492
v -0.249436 -0.212251 -0.3
vn -5.98229e-17 3.66309e-33 0.742492
v -0.186235 -0.273758 -0.3
vn -5.98229e-17 3.66309e-33 0.742492
v -0.249436 -0.273758 -0.3
vn -5.98229e-17 3.66309e-33 0.742492
v -0.249436 -0.273758 0.0780824
vn 0.976982 -1.76261e-16 4.54645e-17
v -0.22933 -0.180536 0.291717
vn 1.77865e-16 0.950791 5.5678e-33
v -0.275 -0.180536 0.285244
vn 1.77865e-16 0.950791 5.5678e-33
v -0.275 -0.180536 0.285244
vn 0.975782 -1.76044e-16 0.0368014
v -0.249436 0.181779 0.0780824
vn -1.77865e-16 -0.950791 -5.5678e-33
v -0.275 0.181779 0.285244
vn -1.77865e-16 -0.950791 -5.5678e-33
v -0.249436 0.181779 -0.250686
vn -1.77865e-16 -0.950791 -5.5678e-33
v -0.249436 0.181779 -0.250686
vn 0.976982 -1.76261e-16 4.54645e-17
v -0.249436 0.213493 -0.250686
vn 0.976982 -1.76261e-16 4.54645e-17
v -0.249436 0.275 0.0780824
vn 0.976982 -1.76261e-16 4.54645e-17
v -0.186235 0.213493 -0.250686
vn -5.98229e-17 3.66309e-33 0.742492
v 0.270189 -0.181497 0.103245
vn -1.77865e-16 -0.950791 -5.5678e-33
v 0.272551 -0.181497 -0.0233169
vn -1.77865e-16 -0.950791 -5.5678e-33
v 0.270189 -0.181497 0.103245
vn -0.901846 1.62705e-16 -0.285544
v 0.270189 -0.273758 0.103245
vn -0.901846 1.62705e-16 -0.285544
v 0.266533 -0.181497 0.110959
vn -0.847089 1.52827e-16 -0.36993
v 0.266533 -0.273758 0.110959
vn -0.847089 1.52827e-16 -0.36993
v 0.26194 -0.273758 0.11811
vn 1.77865e-16 0.950791 5.5678e-33
v 0.220048 -0.273758 0.143273
vn 1.77865e-16 0.950791 5.5678e-33
v -0.249436 -0.273758 0.0780824
vn 0.132633 -2.39288e-17 -0.735618
v -0.249436 -0.180536 0.0780824
vn 0.132633 -2.39288e-17 -0.735618
v 0.211798 -0.273758 0.143835
vn 0.132633 -2.39288e-17 -0.735618
v 0.275 0.275 -0.250686
vn -0.976982 1.76261e-16 -4.54645e-17
v 0.275 0.213493 -0.250686
vn -5.98229e-17 3.66309e-33 0.742492
v 0.273811 -0.181497 -0.117524
vn -0.811894 1.46477e-16 -0.413003
v 0.274098 0.18274 -0.103998
vn 1.77865e-16 0.950791 5.5678e-33
v 0.273811 0.18274 -0.117524
vn 1.77865e-16 0.950791 5.5678e-33
v 0.274597 0.18274 -0.10247
vn 1.77865e-16 0.950791 5.5678e-33
v 0.274898 0.18274 -0.100888
vn -0.968818 1.74788e-16 0.0957919
v 0.274098 -0.181497 -0.103998
vn -1.77865e-16 -0.950791 -5.5678e-33
v 0.274898 -0.181497 -0.100888
vn -0.968429 1.74718e-16 0.0980328
v 0.274898 0.18274 -0.100888
vn -0.968429 1.74718e-16 0.0980328
v 0.274597 -0.181497 -0.10247
vn -0.94408 1.70325e-16 0.191067
v 0.274898 -0.181497 -0.0292123
vn -0.968818 1.74788e-16 -0.0957904
v 0.274898 0.18274 -0.0292123
vn 1.77865e-16 0.950791 5.5678e-33
v 0.273154 0.18274 0.0860864
vn 1.77865e-16 0.950791 5.5678e-33
v 0.275 0.18274 -0.030822
vn 1.77865e-16 0.950791 5.5678e-33
v 0.274898 -0.181497 -0.0292123
vn -1.77865e-16 -0.950791 -5.5678e-33
v 0.274597 -0.181497 -0.0276307
vn -1.77865e-16 -0.950791 -5.5678e-33
v 0.273412 -0.181497 -0.0246578
vn -1.77865e-16 -0.950791 -5.5678e-33
v -0.228789 -0.180536 0.291711
vn 1.77865e-16 0.950791 5.5678e-33
v -0.22933 -0.180536 0.291717
vn 0.0484289 -8.73726e-18 -0.74158
v -0.271251 -0.180536 0.289552
vn 0.0484289 -8.73726e-18 -0.74158
v -0.22933 0.181779 0.291717
vn 0.0484289 -8.73726e-18 -0.74158
v -0.271743 -0.180536 0.289442
vn 1.77865e-16 0.950791 5.5678e-33
v -0.271251 0.181779 0.289552
vn -1.77865e-16 -0.950791 -5.5678e-33
v -0.249436 0.181779 0.0780824
vn 0.976982 -1.76261e-16 4.54645e-17
v -0.249436 0.275 -0.250686
vn 0.976982 -1.76261e-16 4.54645e-17
v -0.249436 0.213493 -0.250686
vn 1.77865e-16 0.950791 5.5678e-33
v -0.186235 0.213493 -0.250686
vn 1.77865e-16 0.950791 5.5678e-33
v -0.249436 0.213493 -0.3
vn 1.77865e-16 0.950791 5.5678e-33
v -0.249436 0.275 -0.250686
vn 5.98229e-17 -3.66309e-33 -0.742492
v -0.186235 0.213493 -0.250686
vn 5.98229e-17 -3.66309e-33 -0.742492
v -0.249436 0.213493 -0.250686
vn 5.98229e-17 -3.66309e-33 -0.742492
v -0.249436 0.275 -0.250686
vn -5.98229e-17 3.66309e-33 0.742492
v 0.271529 -0.181497 -0.0221044
vn -1.77865e-16 -0.950791 -5.5678e-33
v 0.266533 -0.181497 0.110959
vn -1.77865e-16 -0.950791 -5.5678e-33
v 0.269075 -0.181497 -0.0201449
vn -1.77865e-16 -0.950791 -5.5678e-33
v 0.266533 -0.181497 0.110959
vn -0.84509 1.52466e-16 -0.372563
v 0.266533 -0.273758 0.110959
vn -0.84509 1.52466e-16 -0.372563
v 0.26194 -0.181497 0.11811
vn -0.77631 1.40057e-16 -0.450792
v 0.26194 -0.273758 0.11811
vn -0.77631 1.40057e-16 -0.450792
v 0.256488 -0.273758 0.124577
vn 1.77865e-16 0.950791 5.5678e-33
v 0.228157 -0.273758 0.141595
vn 1.77865e-16 0.950791 5.5678e-33
v 0.220048 -0.273758 0.143273
vn -0.125535 2.26484e-17 -0.736337
v 0.211798 -0.273758 0.143835
vn -0.0638961 1.15278e-17 -0.740903
v 0.220048 -0.181497 0.143273
vn -0.125535 2.26484e-17 -0.736337
v -0.197771 -0.181497 0.0854471
vn 0.132632 -2.91706e-06 -0.735618
v 0.275 0.213493 -0.3
vn -0.976982 1.76261e-16 -4.54645e-17
v 0.275 0.213493 -0.250686
vn 5.98229e-17 -3.66309e-33 -0.742492
v 0.211798 0.275 -0.250686
vn 5.98229e-17 -3.66309e-33 -0.742492
v 0.275 0.275 -0.250686
vn 5.98229e-17 -3.66309e-33 -0.742492
v 0.275 0.275 -0.250686
vn -5.98229e-17 3.66309e-33 0.742492
v 0.211798 0.275 -0.250686
vn -5.98229e-17 3.66309e-33 0.742492
v 0.275 0.275 -0.250686
vn -1.77865e-16 -0.950791 -5.5678e-33
v 0.275 0.275 0.0780824
vn -1.77865e-16 -0.950791 -5.5678e-33
v 0.211798 0.275 -0.250686
vn -1.77865e-16 -0.950791 -5.5678e-33
v 0.211798 0.213493 -0.250686
vn -5.98229e-17 3.66309e-33 0.742492
v 0.275 0.18274 0.0780824
vn -0.976982 1.76261e-16 -4.54645e-17
v 0.273811 0.18274 -0.117524
vn -0.810876 1.46293e-16 -0.414157
v 0.273811 -0.181497 -0.117524
vn -0.810876 1.46293e-16 -0.414157
v 0.273061 0.18274 -0.116475
vn -0.754823 1.36181e-16 -0.471397
v 0.273811 -0.181497 -0.117524
vn -1.77865e-16 -0.950791 -5.5678e-33
v 0.273412 0.18274 -0.105444
vn 1.77865e-16 0.950791 5.5678e-33
v 0.274597 0.18274 -0.10247
vn -0.94408 1.70325e-16 0.191067
v 0.274597 -0.181497 -0.10247
vn -0.943305 1.70185e-16 0.193269
v 0.274597 0.18274 -0.10247
vn -0.943305 1.70185e-16 0.193269
v 0.274098 -0.181497 -0.103998
vn -0.903184 1.62947e-16 0.283092
v 0.274898 0.18274 -0.0292123
vn -0.968429 1.74718e-16 -0.0980343
v 0.274898 -0.181497 -0.0292123
vn -0.968429 1.74718e-16 -0.0980343
v 0.274597 0.18274 -0.0276307
vn -0.944079 1.70325e-16 -0.191069
v 0.263149 -0.181497 -0.0185233
vn -1.77865e-16 -0.950791 -5.5678e-33
v 0.275 -0.181497 -0.030822
vn 1.77865e-16 0.950791 5.5678e-33
v 0.263149 -0.181497 -0.0185233
vn 1.77865e-16 0.950791 5.5678e-33
v 0.274898 -0.181497 -0.0292123
vn 1.77865e-16 0.950791 5.5678e-33
v 0.275 0.18274 0.0780824
vn 1.77865e-16 0.950791 5.5678e-33
v 0.274597 0.18274 -0.0276307
vn 1.77865e-16 0.950791 5.5678e-33
v 0.274098 -0.181497 -0.0261042
vn 1.77865e-16 0.950791 5.5678e-33
v 0.274597 -0.181497 -0.0276307
vn 1.77865e-16 0.950791 5.5678e-33
v 0.274098 -0.181497 -0.0261042
vn -0.903184 1.62947e-16 -0.283092
v 0.274098 0.18274 -0.0261042
vn -0.903184 1.62947e-16 -0.283092
v 0.274597 -0.181497 -0.0276307
vn -0.943305 1.70185e-16 -0.193269
v 0.273412 -0.181497 -0.0246578
vn 1.77865e-16 0.950791 5.5678e-33
v 0.273412 -0.181497 -0.0246578
vn -0.846836 1.52781e-16 -0.370265
v 0.273412 0.18274 -0.0246578
vn -0.846836 1.52781e-16 -0.370265
v 0.274098 -0.181497 -0.0261042
vn -0.902041 1.62741e-16 -0.285189
v -0.228251 -0.180536 0.291637
vn 1.77865e-16 0.950791 5.5678e-33
v -0.271251 0.181779 0.289552
vn 0.0484289 -8.73726e-18 -0.74158
v -0.27222 -0.180536 0.289275
vn 1.77865e-16 0.950791 5.5678e-33
v -0.274831 0.181779 0.286275
vn -1.77865e-16 -0.950791 -5.5678e-33
v -0.274943 0.181779 0.285765
vn -1.77865e-16 -0.950791 -5.5678e-33
v -0.22933 0.181779 0.291717
vn -1.77865e-16 -0.950791 -5.5678e-33
v -0.271743 0.181779 0.289442
vn -1.77865e-16 -0.950791 -5.5678e-33
v -0.249436 0.181779 0.0780824
vn 0.132634 -2.39291e-17 -0.735618
v -0.249436 0.275 0.0780824
vn 0.132634 -2.39291e-17 -0.735618
v -0.197739 0.181779 0.0854523
vn 0.132634 -2.39291e-17 -0.735618
v -0.249436 0.275 -0.250686
vn -1.77865e-16 -0.950791 -5.5678e-33
v -0.186235 0.275 -0.250686
vn -1.77865e-16 -0.950791 -5.5678e-33
v -0.249436 0.275 0.0780824
vn -1.77865e-16 -0.950791 -5.5678e-33
v -0.249436 0.213493 -0.3
vn 0.976982 -1.76261e-16 4.54645e-17
v -0.186235 0.213493 -0.3
vn 1.77865e-16 0.950791 5.5678e-33
v -0.186235 0.275 -0.250686
vn 5.98229e-17 -3.66309e-33 -0.742492
v -0.186235 0.275 -0.250686
vn -5.98229e-17 3.66309e-33 0.742492
v 0.272551 -0.181497 -0.0233169
vn 1.77865e-16 0.950791 5.5678e-33
v 0.272551 -0.181497 -0.0233169
vn -0.775997 1.40001e-16 -0.451104
v 0.272551 0.18274 -0.0233169
vn -0.775997 1.40001e-16 -0.451104
v 0.273412 -0.181497 -0.0246578
vn -0.845339 1.52511e-16 -0.372234
v 0.271529 -0.181497 -0.0221044
vn 1.77865e-16 0.950791 5.5678e-33
v 0.271529 -0.181497 -0.0221044
vn -0.691888 1.24826e-16 -0.524217
v 0.271529 0.18274 -0.0221044
vn -0.691888 1.24826e-16 -0.524217
v 0.272551 -0.181497 -0.0233169
vn -0.774185 1.39674e-16 -0.452898
v 0.270363 -0.181497 -0.0210411
vn -1.77865e-16 -0.950791 -5.5678e-33
v 0.267684 -0.181497 -0.0194321
vn -1.77865e-16 -0.950791 -5.5678e-33
v 0.26194 -0.181497 0.11811
vn -1.77865e-16 -0.950791 -5.5678e-33
v 0.266217 -0.181497 -0.0189139
vn -1.77865e-16 -0.950791 -5.5678e-33
v 0.26194 -0.181497 0.11811
vn -0.773873 1.39617e-16 -0.453206
v 0.26194 -0.273758 0.11811
vn -0.773873 1.39617e-16 -0.453206
v 0.256488 -0.181497 0.124577
vn -0.692243 1.2489e-16 -0.523946
v 0.256488 -0.273758 0.124577
vn -0.692243 1.2489e-16 -0.523946
v 0.250273 -0.273758 0.130248
vn 1.77865e-16 0.950791 5.5678e-33
v 0.235984 -0.273758 0.13883
vn 1.77865e-16 0.950791 5.5678e-33
v 0.228157 -0.273758 0.141595
vn -0.250928 4.52709e-17 -0.717585
v 0.220048 -0.273758 0.143273
vn -0.129506 2.33646e-17 -0.73594
v 0.228157 -0.181497 0.141595
vn -0.250928 4.52709e-17 -0.717585
v 0.211798 -0.181497 0.143835
vn -0.0638961 1.15278e-17 -0.740903
v 0.220048 -0.181497 0.143273
vn -0.129506 2.33646e-17 -0.73594
v 0.211798 -0.181497 0.143835
vn 0.132633 -2.39288e-17 -0.735618
v -0.197771 -0.180536 0.0854471
vn 0.132633 -2.39289e-17 -0.735618
v 0.275 0.275 -0.3
vn -0.976982 1.76261e-16 -4.54645e-17
v 0.275 0.213493 -0.250686
vn 1.77865e-16 0.950791 5.5678e-33
v 0.275 0.213493 -0.3
vn 1.77865e-16 0.950791 5.5678e-33
v 0.211798 0.213493 -0.250686
vn 1.77865e-16 0.950791 5.5678e-33
v 0.211798 0.213493 -0.250686
vn 5.98229e-17 -3.66309e-33 -0.742492
v 0.211798 0.275 -0.3
vn -1.77865e-16 -0.950791 -5.5678e-33
v 0.273154 0.275 0.0860864
vn -1.77865e-16 -0.950791 -5.5678e-33
v 0.275 0.275 0.0780824
vn -0.950047 1.71401e-16 -0.173146
v 0.275 0.18274 0.0780824
vn -0.950047 1.71401e-16 -0.173146
v 0.273154 0.275 0.0860864
vn -0.937883 1.69208e-16 -0.207948
v 0.273061 -0.181497 -0.116475
vn -0.754823 1.36181e-16 -0.471397
v 0.273061 0.18274 -0.116475
vn 1.77865e-16 0.950791 5.5678e-33
v 0.273412 -0.181497 -0.105444
vn -1.77865e-16 -0.950791 -5.5678e-33
v 0.274098 0.18274 -0.103998
vn -0.903184 1.62947e-16 0.283092
v 0.273412 0.18274 -0.105444
vn -0.846836 1.52781e-16 0.370265
v 0.273412 -0.181497 -0.105444
vn -0.846836 1.52781e-16 0.370265
v 0.274098 0.18274 -0.103998
vn -0.902041 1.62741e-16 0.285189
v 0.274597 -0.181497 -0.0276307
vn -0.944079 1.70325e-16 -0.191069
v 0.273154 0.18274 0.0860864
vn -0.937883 1.69208e-16 -0.207948
v 0.274098 0.18274 -0.0261042
vn 1.77865e-16 0.950791 5.5678e-33
v 0.274597 0.18274 -0.0276307
vn -0.943305 1.70185e-16 -0.193269
v 0.274098 0.18274 -0.0261042
vn -0.902041 1.62741e-16 -0.285189
v 0.273412 0.18274 -0.0246578
vn -0.845339 1.52511e-16 -0.372234
v -0.227727 -0.180536 0.291495
vn 1.77865e-16 0.950791 5.5678e-33
v -0.272675 -0.180536 0.289053
vn 1.77865e-16 0.950791 5.5678e-33
v -0.274943 -0.180536 0.285765
vn 1.77865e-16 0.950791 5.5678e-33
v -0.274831 -0.180536 0.286275
vn 1.77865e-16 0.950791 5.5678e-33
v -0.274663 0.181779 0.286768
vn -1.77865e-16 -0.950791 -5.5678e-33
v -0.228789 0.181779 0.291711
vn -1.77865e-16 -0.950791 -5.5678e-33
v -0.27222 0.181779 0.289275
vn -1.77865e-16 -0.950791 -5.5678e-33
v -0.197739 0.18274 0.0854523
vn 0.132633 -2.39289e-17 -0.735618
v -0.205429 0.181779 0.143835
vn -1.77865e-16 -0.950791 -5.5678e-33
v -0.197739 0.181779 0.0854523
vn -1.77865e-16 -0.950791 -5.5678e-33
v 0.211798 0.275 0.143835
vn -1.77865e-16 -0.950791 -5.5678e-33
v -0.249436 0.275 -0.3
vn -1.77865e-16 -0.950791 -5.5678e-33
v -0.249436 0.275 -0.3
vn 0.976982 -1.76261e-16 4.54645e-17
v -0.249436 0.213493 -0.3
vn -5.98229e-17 3.66309e-33 0.742492
v -0.186235 0.213493 -0.3
vn -5.98229e-17 3.66309e-33 0.742492
v -0.249436 0.275 -0.3
vn -5.98229e-17 3.66309e-33 0.742492
v -0.186235 0.213493 -0.250686
vn -0.976982 1.76261e-16 -4.54645e-17
v -0.186235 0.275 -0.250686
vn -0.976982 1.76261e-16 -4.54645e-17
v -0.186235 0.213493 -0.3
vn -0.976982 1.76261e-16 -4.54645e-17
v 0.272551 0.18274 -0.0233169
vn -0.774185 1.39674e-16 -0.452898
v 0.270363 -0.181497 -0.0210411
vn 1.77865e-16 0.950791 5.5678e-33
v 0.271529 -0.181497 -0.0221044
vn -0.689772 1.24444e-16 -0.525825
v 0.270363 -0.181497 -0.0210411
vn -0.59593 1.07514e-16 -0.58837
v 0.271529 0.18274 -0.0221044
vn -0.689772 1.24444e-16 -0.525825
v 0.269075 -0.181497 -0.0201449
vn 1.77865e-16 0.950791 5.5678e-33
v 0.270363 -0.181497 -0.0210411
vn -0.593569 1.07088e-16 -0.589746
v 0.269075 -0.181497 -0.0201449
vn -0.489791 8.83652e-17 -0.642445
v 0.270363 0.18274 -0.0210411
vn -0.593569 1.07088e-16 -0.589746
v 0.267684 -0.181497 -0.0194321
vn 1.77865e-16 0.950791 5.5678e-33
v 0.269075 -0.181497 -0.0201449
vn -0.48719 8.78958e-17 -0.643587
v 0.267684 -0.181497 -0.0194321
vn -0.375244 6.76992e-17 -0.685542
v 0.269075 0.18274 -0.0201449
vn -0.48719 8.78958e-17 -0.643587
v 0.264697 -0.181497 -0.0185983
vn -1.77865e-16 -0.950791 -5.5678e-33
v 0.256488 -0.181497 0.124577
vn -1.77865e-16 -0.950791 -5.5678e-33
v 0.23233 -0.181497 -0.0170198
vn -1.77865e-16 -0.950791 -5.5678e-33
v 0.256488 -0.273758 0.124577
vn -0.689413 1.2438e-16 -0.526096
v 0.250273 -0.273758 0.130248
vn -0.596333 1.07587e-16 -0.588133
v 0.256488 -0.181497 0.124577
vn -0.689413 1.2438e-16 -0.526096
v 0.2434 -0.273758 0.135026
vn 1.77865e-16 0.950791 5.5678e-33
v 0.235984 -0.273758 0.13883
vn -0.372025 6.71186e-17 -0.686554
v 0.228157 -0.273758 0.141595
vn -0.254795 4.59685e-17 -0.716797
v 0.235984 -0.181497 0.13883
vn -0.372025 6.71186e-17 -0.686554
v 0.228157 -0.181497 0.141595
vn -0.254795 4.59685e-17 -0.716797
v 0.211798 -0.181497 0.143835
vn -1.77865e-16 -0.950791 -5.5678e-33
v 0.199952 -0.181497 -0.0157286
vn -1.77865e-16 -0.950791 -5.5678e-33
v 0.220048 -0.181497 0.143273
vn -1.77865e-16 -0.950791 -5.5678e-33
v 0.228157 -0.181497 0.141595
vn -1.77865e-16 -0.950791 -5.5678e-33
v -0.127315 -0.181497 0.0954908
vn 0.132633 -1.23143e-05 -0.735618
v 0.211798 -0.181497 0.143835
vn 0.132633 -1.23143e-05 -0.735618
v -0.197771 -0.180536 0.0854471
vn 0.968013 -1.74643e-16 0.100383
v -0.205429 -0.180536 0.143835
vn 0.968013 -1.74643e-16 0.100383
v -0.197771 -0.181497 0.0854471
vn 0.968013 -1.74643e-16 0.100383
v -0.197771 -0.180536 0.0854471
vn 1.77865e-16 0.950791 5.5678e-33
v -0.205429 -0.180536 0.143835
vn 1.77865e-16 0.950791 5.5678e-33
v 0.275 0.275 -0.3
vn -5.98229e-17 3.66309e-33 0.742492
v 0.211798 0.275 -0.3
vn -5.98229e-17 3.66309e-33 0.742492
v 0.275 0.213493 -0.3
vn -5.98229e-17 3.66309e-33 0.742492
v 0.275 0.275 -0.3
vn -1.77865e-16 -0.950791 -5.5678e-33
v 0.211798 0.213493 -0.3
vn 1.77865e-16 0.950791 5.5678e-33
v 0.211798 0.275 -0.250686
vn 0.976982 -1.76261e-16 4.54645e-17
v 0.211798 0.213493 -0.250686
vn 0.976982 -1.76261e-16 4.54645e-17
v 0.211798 0.275 -0.3
vn 0.976982 -1.76261e-16 4.54645e-17
v 0.270551 0.275 0.0938581
vn -1.77865e-16 -0.950791 -5.5678e-33
v 0.273061 0.18274 -0.116475
vn -0.753661 1.35971e-16 -0.47247
v 0.273061 -0.181497 -0.116475
vn -0.753661 1.35971e-16 -0.47247
v 0.272215 0.18274 -0.115508
vn -0.690507 1.24577e-16 -0.525267
v 0.273061 -0.181497 -0.116475
vn -1.77865e-16 -0.950791 -5.5678e-33
v 0.272551 0.18274 -0.106784
vn 1.77865e-16 0.950791 5.5678e-33
v 0.274098 -0.181497 -0.103998
vn -0.902041 1.62741e-16 0.285189
v 0.273412 -0.181497 -0.105444
vn -0.845339 1.52511e-16 0.372234
v 0.273412 0.18274 -0.105444
vn -0.845339 1.52511e-16 0.372234
v 0.272551 -0.181497 -0.106784
vn -0.775997 1.40001e-16 0.451104
v 0.273154 0.275 0.0860864
vn -0.937059 1.69058e-16 -0.210085
v 0.273154 0.18274 0.0860864
vn -0.937059 1.69058e-16 -0.210085
v 0.270551 0.275 0.0938581
vn -0.905879 1.63433e-16 -0.278073
v 0.273412 0.18274 -0.0246578
vn 1.77865e-16 0.950791 5.5678e-33
v 0.272551 0.18274 -0.0233169
vn 1.77865e-16 0.950791 5.5678e-33
v -0.227224 -0.180536 0.291289
vn 1.77865e-16 0.950791 5.5678e-33
v -0.273104 -0.180536 0.288779
vn 1.77865e-16 0.950791 5.5678e-33
v -0.274663 -0.180536 0.286768
vn 1.77865e-16 0.950791 5.5678e-33
v -0.274443 0.181779 0.287239
vn -1.77865e-16 -0.950791 -5.5678e-33
v -0.228251 0.181779 0.291637
vn -1.77865e-16 -0.950791 -5.5678e-33
v -0.272675 0.181779 0.289053
vn -1.77865e-16 -0.950791 -5.5678e-33
v -0.197739 0.18274 0.0854523
vn 0.967937 -1.74629e-16 0.100799
v -0.205429 0.18274 0.143835
vn 0.967937 -1.74629e-16 0.100799
v -0.197739 0.181779 0.0854523
vn 0.967937 -1.74629e-16 0.100799
v -0.136056 0.18274 0.0942457
vn 0.132632 -1.17029e-06 -0.735618
v -0.207381 0.181779 0.163269
vn -1.77865e-16 -0.950791 -5.5678e-33
v -0.205429 0.181779 0.143835
vn 0.967937 -1.74629e-16 0.100799
v 0.211798 0.275 0.143835
vn 0.132633 5.93343e-06 -0.735618
v -0.127315 0.18274 0.0954908
vn 0.132633 5.93343e-06 -0.735618
v -0.186235 0.275 -0.3
vn -1.77865e-16 -0.950791 -5.5678e-33
v -0.186235 0.275 -0.3
vn -5.98229e-17 3.66309e-33 0.742492
v -0.186235 0.275 -0.3
vn -0.976982 1.76261e-16 -4.54645e-17
v 0.271529 0.18274 -0.0221044
vn 1.77865e-16 0.950791 5.5678e-33
v 0.270551 0.18274 0.0938581
vn 1.77865e-16 0.950791 5.5678e-33
v 0.270363 0.18274 -0.0210411
vn -0.59593 1.07514e-16 -0.58837
v 0.269075 0.18274 -0.0201449
vn -0.489791 8.83652e-17 -0.642445
v 0.266217 -0.181497 -0.0189139
vn 1.77865e-16 0.950791 5.5678e-33
v 0.267684 0.18274 -0.0194321
vn -0.375244 6.76992e-17 -0.685542
v 0.267684 -0.181497 -0.0194321
vn -0.372496 6.72034e-17 -0.686407
v 0.266217 -0.181497 -0.0189139
vn -0.254306 4.58803e-17 -0.716898
v 0.267684 0.18274 -0.0194321
vn -0.372496 6.72034e-17 -0.686407
v 0.264697 -0.181497 -0.0185983
vn 1.77865e-16 0.950791 5.5678e-33
v 0.266217 -0.181497 -0.0189139
vn -0.251425 4.53607e-17 -0.717484
v 0.264697 -0.181497 -0.0185983
vn -0.190606 3.43881e-17 -0.728225
v 0.266217 0.18274 -0.0189139
vn -0.251425 4.53607e-17 -0.717484
v 0.263149 -0.181497 -0.0184929
vn -1.77865e-16 -0.950791 -5.5678e-33
v 0.262534 -0.181497 -0.0184929
vn -1.77865e-16 -0.950791 -5.5678e-33
v 0.250273 -0.181497 0.130248
vn -1.77865e-16 -0.950791 -5.5678e-33
v 0.250273 -0.181497 0.130248
vn -0.596333 1.07587e-16 -0.588133
v 0.250273 -0.273758 0.130248
vn -0.59316 1.07014e-16 -0.589984
v 0.2434 -0.273758 0.135026
vn -0.490224 8.84433e-17 -0.642255
v 0.250273 -0.181497 0.130248
vn -0.59316 1.07014e-16 -0.589984
v 0.2434 -0.273758 0.135026
vn -0.486758 8.78179e-17 -0.643776
v 0.235984 -0.273758 0.13883
vn -0.375722 6.77854e-17 -0.68539
v 0.2434 -0.181497 0.135026
vn -0.486758 8.78179e-17 -0.643776
v 0.235984 -0.181497 0.13883
vn -0.375722 6.77854e-17 -0.68539
v 0.235984 -0.181497 0.13883
vn -1.77865e-16 -0.950791 -5.5678e-33
v -0.127315 -0.181497 0.0954908
vn -1.77865e-16 -0.950791 -5.5678e-33
v -0.127315 -0.181497 0.0954908
vn 0.132633 1.99562e-06 -0.735618
v -0.136056 -0.181497 0.0942457
vn 0.132633 1.99562e-06 -0.735618
v -0.205429 -0.181497 0.143835
vn 0.968013 -1.74643e-16 0.100383
v -0.207381 -0.180536 0.163269
vn 1.77865e-16 0.950791 5.5678e-33
v 0.211798 0.213493 -0.3
vn -5.98229e-17 3.66309e-33 0.742492
v 0.211798 0.213493 -0.3
vn 0.976982 -1.76261e-16 4.54645e-17
v 0.267214 0.275 0.101322
vn -1.77865e-16 -0.950791 -5.5678e-33
v 0.272215 -0.181497 -0.115508
vn -0.690507 1.24577e-16 -0.525267
v 0.272215 0.18274 -0.115508
vn 1.77865e-16 0.950791 5.5678e-33
v 0.272551 -0.181497 -0.106784
vn -1.77865e-16 -0.950791 -5.5678e-33
v 0.272551 0.18274 -0.106784
vn -0.775997 1.40001e-16 0.451104
v 0.270551 0.18274 0.0938581
vn -0.905879 1.63433e-16 -0.278073
v -0.226747 -0.180536 0.291022
vn 1.77865e-16 0.950791 5.5678e-33
v -0.273499 -0.180536 0.288456
vn 1.77865e-16 0.950791 5.5678e-33
v -0.274443 -0.180536 0.287239
vn 1.77865e-16 0.950791 5.5678e-33
v -0.274173 0.181779 0.287681
vn -1.77865e-16 -0.950791 -5.5678e-33
v -0.227727 0.181779 0.291495
vn -1.77865e-16 -0.950791 -5.5678e-33
v -0.273104 0.181779 0.288779
vn -1.77865e-16 -0.950791 -5.5678e-33
v -0.205429 0.18274 0.143835
vn -1.77865e-16 -0.950791 -5.5678e-33
v -0.197739 0.18274 0.0854523
vn -1.77865e-16 -0.950791 -5.5678e-33
v -0.214811 0.18274 0.3
vn -1.77865e-16 -0.950791 -5.5678e-33
v -0.136056 0.18274 0.0942457
vn -1.77865e-16 -0.950791 -5.5678e-33
v -0.138694 0.18274 0.195075
vn -1.77865e-16 -0.950791 -5.5678e-33
v -0.127315 0.18274 0.0954908
vn 0.13263 -3.4585e-06 -0.735618
v -0.207381 0.181779 0.163269
vn 0.970585 -1.75107e-16 0.084829
v -0.205429 0.181779 0.143835
vn 0.971691 -1.75306e-16 0.0771695
v -0.207381 0.18274 0.163269
vn 0.970585 -1.75107e-16 0.084829
v -0.212897 0.181779 0.208982
vn -1.77865e-16 -0.950791 -5.5678e-33
v -0.205429 0.18274 0.143835
vn 0.971691 -1.75306e-16 0.0771695
v 0.219492 0.275 0.141917
vn -1.77865e-16 -0.950791 -5.5678e-33
v 0.211798 0.18274 0.143835
vn 0.132634 -2.39291e-17 -0.735618
v 0.270363 0.18274 -0.0210411
vn 1.77865e-16 0.950791 5.5678e-33
v 0.269075 0.18274 -0.0201449
vn 1.77865e-16 0.950791 5.5678e-33
v 0.267214 0.18274 0.101322
vn 1.77865e-16 0.950791 5.5678e-33
v 0.267684 0.18274 -0.0194321
vn 1.77865e-16 0.950791 5.5678e-33
v 0.266217 0.18274 -0.0189139
vn -0.254306 4.58803e-17 -0.716898
v 0.264697 -0.181497 -0.0185983
vn -0.0457351 8.25124e-18 -0.741679
v 0.263149 -0.181497 -0.0185233
vn -0.0457351 8.25124e-18 -0.741679
v 0.264697 0.18274 -0.0185983
vn -0.0457351 8.25124e-18 -0.741679
v 0.264697 0.18274 -0.0185983
vn -0.190606 3.43881e-17 -0.728225
v -0.12396 -0.181497 -0.0184929
vn -1.77865e-16 -0.950791 -5.5678e-33
v 0.23233 -0.181497 -0.0170198
vn 1.77865e-16 0.950791 5.5678e-33
v 0.262534 -0.181497 -0.0184929
vn 1.77865e-16 0.950791 5.5678e-33
v -0.12396 -0.181497 -0.0184929
vn 1.77865e-16 0.950791 5.5678e-33
v 0.23233 -0.181497 -0.0170198
vn -0.0429226 -1.81891e-07 -0.741775
v 0.262534 -0.181497 -0.0184929
vn -0.0457394 -1.81891e-07 -0.741678
v 0.2434 -0.181497 0.135026
vn -1.77865e-16 -0.950791 -5.5678e-33
v 0.2434 -0.181497 0.135026
vn -0.490224 8.84433e-17 -0.642255
v 0.167565 -0.181497 -0.0147203
vn -1.77865e-16 -0.950791 -5.5678e-33
v 0.199952 -0.181497 -0.0157286
vn 1.77865e-16 0.950791 5.5678e-33
v 0.23233 -0.181497 -0.0170198
vn -0.0402178 7.25585e-18 -0.741863
v 0.199952 -0.181497 -0.0157286
vn -0.0347071 6.26164e-18 -0.742024
v 0.23233 0.18274 -0.0170198
vn -0.0402178 7.25585e-18 -0.741863
v -0.197771 -0.181497 0.0854471
vn 1.77865e-16 0.950791 5.5678e-33
v -0.138694 -0.181497 0.195075
vn 1.77865e-16 0.950791 5.5678e-33
v -0.136056 -0.181497 0.0942457
vn 1.77865e-16 0.950791 5.5678e-33
v -0.127315 -0.181497 0.0954908
vn 0.132622 -2.39269e-17 -0.73562
v -0.136056 -0.181497 0.0942457
vn 0.132622 -2.39269e-17 -0.73562
v -0.127315 -0.181497 0.0954908
vn 1.77865e-16 0.950791 5.5678e-33
v -0.128898 -0.181497 0.115338
vn 1.77865e-16 0.950791 5.5678e-33
v -0.136056 -0.181497 0.0942457
vn -1.77865e-16 -0.950791 -5.5678e-33
v -0.126769 -0.181497 0.088631
vn -1.77865e-16 -0.950791 -5.5678e-33
v -0.126769 -0.181497 0.088631
vn 1.77865e-16 0.950791 5.5678e-33
v -0.205429 -0.181497 0.143835
vn 1.77865e-16 0.950791 5.5678e-33
v -0.214811 -0.181497 0.3
vn 1.77865e-16 0.950791 5.5678e-33
v -0.205429 -0.181497 0.143835
vn 0.971691 -1.75306e-16 0.0771695
v -0.205429 -0.180536 0.143835
vn 0.971691 -1.75306e-16 0.0771695
v -0.207381 -0.181497 0.163269
vn 0.970585 -1.75107e-16 0.084829
v -0.207381 -0.180536 0.163269
vn 0.970585 -1.75107e-16 0.084829
v -0.212897 -0.180536 0.208982
vn 1.77865e-16 0.950791 5.5678e-33
v 0.263179 0.275 0.108401
vn -1.77865e-16 -0.950791 -5.5678e-33
v 0.270551 0.275 0.0938581
vn -0.904778 1.63235e-16 -0.280136
v 0.270551 0.18274 0.0938581
vn -0.904778 1.63235e-16 -0.280136
v 0.267214 0.275 0.101322
vn -0.864823 1.56027e-16 -0.345418
v 0.272215 -0.181497 -0.115508
vn -0.689226 1.24346e-16 -0.526239
v 0.271282 -0.181497 -0.114629
vn -0.61958 1.11781e-16 -0.574086
v 0.272215 0.18274 -0.115508
vn -0.689226 1.24346e-16 -0.526239
v 0.272215 -0.181497 -0.115508
vn -1.77865e-16 -0.950791 -5.5678e-33
v 0.271529 0.18274 -0.107997
vn 1.77865e-16 0.950791 5.5678e-33
v 0.272551 -0.181497 -0.106784
vn -0.774185 1.39674e-16 0.452898
v 0.272551 0.18274 -0.106784
vn -0.774185 1.39674e-16 0.452898
v 0.271529 -0.181497 -0.107997
vn -0.691888 1.24826e-16 0.524217
v -0.226305 -0.180536 0.290696
vn 1.77865e-16 0.950791 5.5678e-33
v -0.273857 -0.180536 0.288088
vn 1.77865e-16 0.950791 5.5678e-33
v -0.274173 -0.180536 0.287681
vn 1.77865e-16 0.950791 5.5678e-33
v -0.273857 0.181779 0.288088
vn -1.77865e-16 -0.950791 -5.5678e-33
v -0.227224 0.181779 0.291289
vn -1.77865e-16 -0.950791 -5.5678e-33
v -0.273499 0.181779 0.288456
vn -1.77865e-16 -0.950791 -5.5678e-33
v -0.169451 0.18274 0.3
vn -1.77865e-16 -0.950791 -5.5678e-33
v -0.207381 0.18274 0.163269
vn -1.77865e-16 -0.950791 -5.5678e-33
v -0.134862 0.18274 0.168574
vn -1.77865e-16 -0.950791 -5.5678e-33
v -0.14309 0.18274 0.221481
vn -1.77865e-16 -0.950791 -5.5678e-33
v -0.127315 0.18274 0.0954908
vn -1.77865e-16 -0.950791 -5.5678e-33
v -0.128898 0.18274 0.115338
vn -1.77865e-16 -0.950791 -5.5678e-33
v -0.136056 0.18274 0.0942457
vn 0.132622 -2.39269e-17 -0.73562
v -0.126769 0.18274 0.088631
vn 1.77865e-16 0.950791 5.5678e-33
v -0.136056 0.18274 0.0942457
vn 1.77865e-16 0.950791 5.5678e-33
v -0.127315 0.18274 0.0954908
vn 1.77865e-16 0.950791 5.5678e-33
v -0.126769 0.18274 0.088631
vn -1.77865e-16 -0.950791 -5.5678e-33
v -0.207381 0.18274 0.163269
vn 0.970582 -1.75106e-16 0.0848483
v -0.212897 0.18274 0.208982
vn 0.968059 -1.74651e-16 0.100124
v -0.207381 0.181779 0.163269
vn 0.970582 -1.75106e-16 0.0848483
v -0.212897 0.181779 0.208982
vn 0.968059 -1.74651e-16 0.100124
v -0.219325 0.181779 0.254565
vn -1.77865e-16 -0.950791 -5.5678e-33
v 0.226963 0.275 0.139207
vn -1.77865e-16 -0.950791 -5.5678e-33
v 0.219492 0.275 0.141917
vn -0.273619 4.93645e-17 -0.712779
v 0.219492 0.18274 0.141917
vn -0.273619 4.93645e-17 -0.712779
v 0.211798 0.275 0.143835
vn -0.227824 4.11026e-17 -0.722023
v 0.211798 0.18274 0.143835
vn 1.77865e-16 0.950791 5.5678e-33
v 0.199952 0.18274 -0.0157286
vn 1.77865e-16 0.950791 5.5678e-33
v 0.211798 0.18274 0.143835
vn -0.227824 4.11026e-17 -0.722023
v 0.266217 0.18274 -0.0189139
vn 1.77865e-16 0.950791 5.5678e-33
v 0.264697 0.18274 -0.0185983
vn -0.0457453 3.30344e-08 -0.741678
v 0.263149 -0.181497 -0.0185233
vn -0.0457453 3.30344e-08 -0.741678
v 0.264697 0.18274 -0.0185983
vn 1.77865e-16 0.950791 5.5678e-33
v 0.263179 0.18274 0.108401
vn 1.77865e-16 0.950791 5.5678e-33
v 0.263149 0.18274 -0.0185233
vn -0.0457351 -3.0093e-07 -0.741679
v 0.23233 -0.181497 -0.0170198
vn -0.0416999 -3.00931e-07 -0.741816
v 0.167565 -0.181497 -0.0147203
vn 1.77865e-16 0.950791 5.5678e-33
v 0.199952 -0.181497 -0.0157286
vn -0.031967 5.76729e-18 -0.742095
v 0.167565 -0.181497 -0.0147203
vn -0.0264549 4.77283e-18 -0.74222
v 0.199952 0.18274 -0.0157286
vn -0.031967 5.76729e-18 -0.742095
v 0.13517 -0.181497 -0.0139971
vn -1.77865e-16 -0.950791 -5.5678e-33
v 0.199952 0.18274 -0.0157286
vn -0.0347071 6.26164e-18 -0.742024
v 0.23233 0.18274 -0.0170198
vn -0.0429226 7.74384e-18 -0.741775
v 0.262534 0.18274 -0.0184929
vn -0.0457394 8.25202e-18 -0.741678
v -0.134862 -0.181497 0.168574
vn 1.77865e-16 0.950791 5.5678e-33
v -0.14309 -0.181497 0.221481
vn 1.77865e-16 0.950791 5.5678e-33
v -0.127315 -0.181497 0.0954908
vn -0.97364 1.75658e-16 -0.061363
v -0.127315 0.18274 0.0954908
vn -0.97364 1.75658e-16 -0.061363
v -0.126769 -0.181497 0.088631
vn -0.974403 1.75795e-16 -0.0539123
v -0.131597 -0.181497 0.14199
vn 1.77865e-16 0.950791 5.5678e-33
v -0.12521 -0.181497 0.0618804
vn -1.77865e-16 -0.950791 -5.5678e-33
v -0.12521 -0.181497 0.0618804
vn 1.77865e-16 0.950791 5.5678e-33
v -0.0915921 -0.181497 -0.0169329
vn -1.77865e-16 -0.950791 -5.5678e-33
v -0.17149 -0.181497 0.3
vn 1.77865e-16 0.950791 5.5678e-33
v -0.207381 -0.181497 0.163269
vn 1.77865e-16 0.950791 5.5678e-33
v -0.207381 -0.181497 0.163269
vn 0.970582 -1.75106e-16 0.0848483
v -0.207381 -0.180536 0.163269
vn 0.970582 -1.75106e-16 0.0848483
v -0.212897 -0.181497 0.208982
vn 0.968059 -1.74651e-16 0.100124
v -0.212897 -0.180536 0.208982
vn 0.968059 -1.74651e-16 0.100124
v -0.219325 -0.180536 0.254565
vn 1.77865e-16 0.950791 5.5678e-33
v 0.258483 0.275 0.115026
vn -1.77865e-16 -0.950791 -5.5678e-33
v 0.267214 0.275 0.101322
vn -0.863456 1.55779e-16 -0.347388
v 0.267214 0.18274 0.101322
vn -0.863456 1.55779e-16 -0.347388
v 0.263179 0.275 0.108401
vn -0.815124 1.4706e-16 -0.409312
v 0.267214 0.18274 0.101322
vn -0.864823 1.56027e-16 -0.345418
v 0.271282 0.18274 -0.114629
vn -0.61958 1.11781e-16 -0.574086
v 0.271282 -0.181497 -0.114629
vn -1.77865e-16 -0.950791 -5.5678e-33
v 0.271529 -0.181497 -0.107997
vn -1.77865e-16 -0.950791 -5.5678e-33
v 0.271282 0.18274 -0.114629
vn 1.77865e-16 0.950791 5.5678e-33
v 0.271529 0.18274 -0.107997
vn -0.691888 1.24826e-16 0.524217
v -0.225905 -0.180536 0.290316
vn 1.77865e-16 0.950791 5.5678e-33
v -0.226747 0.181779 0.291022
vn -1.77865e-16 -0.950791 -5.5678e-33
v -0.168086 0.18274 0.299851
vn -1.77865e-16 -0.950791 -5.5678e-33
v -0.214811 0.18274 0.3
vn 5.98229e-17 -3.66309e-33 -0.742492
v -0.169451 0.18274 0.3
vn 5.98229e-17 -3.66309e-33 -0.742492
v -0.214811 -0.181497 0.3
vn 5.98229e-17 -3.66309e-33 -0.742492
v -0.212897 0.18274 0.208982
vn -1.77865e-16 -0.950791 -5.5678e-33
v -0.131823 0.18274 0.143835
vn -1.77865e-16 -0.950791 -5.5678e-33
v -0.148048 0.18274 0.247779
vn -1.77865e-16 -0.950791 -5.5678e-33
v -0.131597 0.18274 0.14199
vn -1.77865e-16 -0.950791 -5.5678e-33
v -0.136056 0.18274 0.0942457
vn 0.970952 -1.75173e-16 0.0823684
v -0.136056 -0.181497 0.0942457
vn 0.970952 -1.75173e-16 0.0823684
v -0.12396 0.18274 -0.0184929
vn 0.970952 -1.75173e-16 0.0823684
v -0.12521 0.18274 0.0618804
vn 1.77865e-16 0.950791 5.5678e-33
v -0.12521 0.18274 0.0618804
vn -1.77865e-16 -0.950791 -5.5678e-33
v -0.0915921 0.18274 -0.0169329
vn 1.77865e-16 0.950791 5.5678e-33
v -0.126769 0.18274 0.088631
vn -0.974403 1.75795e-16 -0.0539123
v -0.212897 0.18274 0.208982
vn 0.968054 -1.7465e-16 0.100152
v -0.219325 0.18274 0.254565
vn 0.965114 -1.7412e-16 0.115383
v -0.212897 0.181779 0.208982
vn 0.968054 -1.7465e-16 0.100152
v -0.219325 0.181779 0.254565
vn 0.965114 -1.7412e-16 0.115383
v -0.224698 0.181779 0.287842
vn -1.77865e-16 -0.950791 -5.5678e-33
v 0.234136 0.275 0.135735
vn -1.77865e-16 -0.950791 -5.5678e-33
v 0.226963 0.275 0.139207
vn -0.365895 6.60124e-17 -0.688455
v 0.226963 0.18274 0.139207
vn -0.365895 6.60124e-17 -0.688455
v 0.219492 0.275 0.141917
vn -0.276435 4.98727e-17 -0.712151
v 0.219492 0.18274 0.141917
vn -0.276435 4.98727e-17 -0.712151
v 0.219492 0.18274 0.141917
vn 1.77865e-16 0.950791 5.5678e-33
v 0.167565 0.18274 -0.0147203
vn 1.77865e-16 0.950791 5.5678e-33
v 0.263149 0.18274 -0.0184929
vn 1.77865e-16 0.950791 5.5678e-33
v 0.263149 0.18274 -0.0185233
vn -0.0457453 5.36469e-07 -0.741678
v 0.23233 -0.181497 -0.0170198
vn -0.0416525 5.36469e-07 -0.741818
v 0.13517 -0.181497 -0.0139971
vn 1.77865e-16 0.950791 5.5678e-33
v 0.167565 0.18274 -0.0147203
vn -0.0264549 4.77283e-18 -0.74222
v 0.167565 -0.181497 -0.0147203
vn -0.0236948 4.27486e-18 -0.742274
v 0.13517 -0.181497 -0.0139971
vn -0.0181814 3.28018e-18 -0.742364
v 0.167565 0.18274 -0.0147203
vn -0.0236948 4.27486e-18 -0.742274
v 0.102772 -0.181497 -0.0135605
vn -1.77865e-16 -0.950791 -5.5678e-33
v 0.226963 0.18274 0.139207
vn 1.77865e-16 0.950791 5.5678e-33
v 0.23233 0.18274 -0.0170198
vn 1.77865e-16 0.950791 5.5678e-33
v 0.258483 0.18274 0.115026
vn 1.77865e-16 0.950791 5.5678e-33
v 0.262534 0.18274 -0.0184929
vn 1.77865e-16 0.950791 5.5678e-33
v -0.131823 -0.181497 0.143835
vn 1.77865e-16 0.950791 5.5678e-33
v -0.148048 -0.181497 0.247779
vn 1.77865e-16 0.950791 5.5678e-33
v -0.124221 -0.181497 0.0351017
vn -1.77865e-16 -0.950791 -5.5678e-33
v -0.124221 -0.181497 0.0351017
vn 1.77865e-16 0.950791 5.5678e-33
v -0.126769 -0.181497 0.088631
vn -0.974691 1.75847e-16 -0.0508222
v -0.126769 0.18274 0.088631
vn -0.974691 1.75847e-16 -0.0508222
v -0.12521 -0.181497 0.0618804
vn -0.97563 1.76017e-16 -0.0390573
v -0.0592139 -0.181497 -0.0156573
vn -1.77865e-16 -0.950791 -5.5678e-33
v -0.169451 -0.181497 0.3
vn 1.77865e-16 0.950791 5.5678e-33
v -0.17149 -0.181497 0.3
vn 5.98229e-17 -3.66309e-33 -0.742492
v -0.212897 -0.181497 0.208982
vn 1.77865e-16 0.950791 5.5678e-33
v -0.212897 -0.181497 0.208982
vn 0.968054 -1.7465e-16 0.100152
v -0.212897 -0.180536 0.208982
vn 0.968054 -1.7465e-16 0.100152
v -0.219325 -0.181497 0.254565
vn 0.965114 -1.7412e-16 0.115383
v -0.219325 -0.180536 0.254565
vn 0.965114 -1.7412e-16 0.115383
v -0.224698 -0.180536 0.287842
vn 1.77865e-16 0.950791 5.5678e-33
v 0.253175 0.275 0.121129
vn -1.77865e-16 -0.950791 -5.5678e-33
v 0.263179 0.275 0.108401
vn -0.813504 1.46768e-16 -0.41117
v 0.263179 0.18274 0.108401
vn -0.813504 1.46768e-16 -0.41117
v 0.258483 0.275 0.115026
vn -0.757279 1.36624e-16 -0.469117
v 0.263179 0.18274 0.108401
vn -0.815124 1.4706e-16 -0.409312
v 0.271282 -0.181497 -0.114629
vn -0.618165 1.11526e-16 -0.574966
v 0.27027 -0.181497 -0.11385
vn -0.542693 9.79093e-17 -0.617405
v 0.271282 0.18274 -0.114629
vn -0.618165 1.11526e-16 -0.574966
v 0.270363 -0.181497 -0.10906
vn -1.77865e-16 -0.950791 -5.5678e-33
v 0.270363 0.18274 -0.10906
vn 1.77865e-16 0.950791 5.5678e-33
v 0.271529 0.18274 -0.107997
vn -0.689772 1.24444e-16 0.525825
v 0.270363 0.18274 -0.10906
vn -0.59593 1.07514e-16 0.58837
v 0.271529 -0.181497 -0.107997
vn -0.689772 1.24444e-16 0.525825
v -0.225551 -0.180536 0.28989
vn 1.77865e-16 0.950791 5.5678e-33
v -0.226305 0.181779 0.290696
vn -1.77865e-16 -0.950791 -5.5678e-33
v -0.166424 0.18274 0.299447
vn -1.77865e-16 -0.950791 -5.5678e-33
v -0.219325 0.18274 0.254565
vn -1.77865e-16 -0.950791 -5.5678e-33
v -0.153565 0.18274 0.273956
vn -1.77865e-16 -0.950791 -5.5678e-33
v -0.12396 -0.181497 -0.0184929
vn 0.970952 -1.75173e-16 0.0823684
v -0.12396 0.18274 0.0182308
vn 1.77865e-16 0.950791 5.5678e-33
v -0.12396 0.18274 -0.0184929
vn 1.77865e-16 0.950791 5.5678e-33
v -0.12396 0.18274 -0.0184929
vn -1.77865e-16 -0.950791 -5.5678e-33
v -0.12396 0.18274 0.0182308
vn -1.77865e-16 -0.950791 -5.5678e-33
v -0.124221 0.18274 0.0351017
vn 1.77865e-16 0.950791 5.5678e-33
v -0.124221 0.18274 0.0351017
vn -1.77865e-16 -0.950791 -5.5678e-33
v -0.12521 0.18274 0.0618804
vn -0.97563 1.76017e-16 -0.0390573
v -0.0592139 0.18274 -0.0156573
vn 1.77865e-16 0.950791 5.5678e-33
v -0.219325 0.18274 0.254565
vn 0.965109 -1.74119e-16 0.115406
v -0.224698 0.18274 0.287842
vn 0.963481 -1.73825e-16 0.123008
v -0.219325 0.181779 0.254565
vn 0.965109 -1.74119e-16 0.115406
v -0.224698 0.181779 0.287842
vn 0.963481 -1.73825e-16 0.123008
v -0.22482 0.181779 0.28839
vn -1.77865e-16 -0.950791 -5.5678e-33
v 0.24094 0.275 0.131537
vn -1.77865e-16 -0.950791 -5.5678e-33
v 0.234136 0.275 0.135735
vn -0.454507 8.19993e-17 -0.657253
v 0.234136 0.18274 0.135735
vn -0.454507 8.19993e-17 -0.657253
v 0.226963 0.275 0.139207
vn -0.368608 6.65019e-17 -0.687618
v 0.226963 0.18274 0.139207
vn -0.368608 6.65019e-17 -0.687618
v 0.13517 0.18274 -0.0139971
vn 1.77865e-16 0.950791 5.5678e-33
v 0.262534 0.18274 -0.0184929
vn -1.77865e-16 -0.950791 -5.5678e-33
v 0.263149 0.18274 -0.0185233
vn -1.77865e-16 -0.950791 -5.5678e-33
v 0.263149 0.18274 -0.0184929
vn -1.77865e-16 -0.950791 -5.5678e-33
v 0.263149 0.18274 -0.0185233
vn 1.77865e-16 0.950791 5.5678e-33
v 0.102772 -0.181497 -0.0135605
vn 1.77865e-16 0.950791 5.5678e-33
v 0.13517 0.18274 -0.0139971
vn -0.0181814 3.28018e-18 -0.742364
v 0.13517 -0.181497 -0.0139971
vn -0.0154216 2.78226e-18 -0.7424
v 0.102772 -0.181497 -0.0135605
vn -0.00990748 1.78745e-18 -0.742455
v 0.13517 0.18274 -0.0139971
vn -0.0154216 2.78226e-18 -0.7424
v 0.0703701 -0.181497 -0.0134091
vn -1.77865e-16 -0.950791 -5.5678e-33
v 0.234136 0.18274 0.135735
vn 1.77865e-16 0.950791 5.5678e-33
v 0.253175 0.18274 0.121129
vn 1.77865e-16 0.950791 5.5678e-33
v -0.153565 -0.181497 0.273956
vn 1.77865e-16 0.950791 5.5678e-33
v -0.12521 -0.181497 0.0618804
vn -0.975935 1.76072e-16 -0.0343783
v -0.12521 0.18274 0.0618804
vn -0.975935 1.76072e-16 -0.0343783
v -0.124221 -0.181497 0.0351017
vn -0.97653 1.7618e-16 -0.022601
v -0.026826 -0.181497 -0.0146668
vn -1.77865e-16 -0.950791 -5.5678e-33
v -0.0915921 -0.181497 -0.0169329
vn 1.77865e-16 0.950791 5.5678e-33
v -0.0592139 -0.181497 -0.0156573
vn 1.77865e-16 0.950791 5.5678e-33
v -0.0915921 -0.181497 -0.0169329
vn 0.0397211 -7.16623e-18 -0.741878
v -0.0915921 0.18274 -0.0169329
vn 0.0397211 -7.16623e-18 -0.741878
v -0.0592139 -0.181497 -0.0156573
vn 0.034211 -6.17214e-18 -0.742037
v -0.168086 -0.181497 0.299851
vn 1.77865e-16 0.950791 5.5678e-33
v -0.17149 -0.181497 0.3
vn -5.98229e-17 3.66309e-33 0.742492
v -0.169451 -0.181497 0.3
vn -5.98229e-17 3.66309e-33 0.742492
v -0.169451 0.18274 0.3
vn -5.98229e-17 3.66309e-33 0.742492
v -0.219325 -0.181497 0.254565
vn 1.77865e-16 0.950791 5.5678e-33
v -0.219325 -0.181497 0.254565
vn 0.965109 -1.74119e-16 0.115406
v -0.219325 -0.180536 0.254565
vn 0.965109 -1.74119e-16 0.115406
v -0.224698 -0.181497 0.287842
vn 0.963481 -1.73825e-16 0.123008
v -0.224698 -0.180536 0.287842
vn 0.963481 -1.73825e-16 0.123008
v -0.22482 -0.180536 0.28839
vn 1.77865e-16 0.950791 5.5678e-33
v 0.247308 0.275 0.126652
vn -1.77865e-16 -0.950791 -5.5678e-33
v 0.258483 0.275 0.115026
vn -0.755423 1.36289e-16 -0.470842
v 0.258483 0.18274 0.115026
vn -0.755423 1.36289e-16 -0.470842
v 0.253175 0.275 0.121129
vn -0.691866 1.24822e-16 -0.524234
v 0.258483 0.18274 0.115026
vn -0.757279 1.36624e-16 -0.469117
v 0.27027 0.18274 -0.11385
vn -0.542693 9.79093e-17 -0.617405
v 0.27027 -0.181497 -0.11385
vn -1.77865e-16 -0.950791 -5.5678e-33
v 0.270363 -0.181497 -0.10906
vn -0.59593 1.07514e-16 0.58837
v 0.27027 0.18274 -0.11385
vn 1.77865e-16 0.950791 5.5678e-33
v -0.22525 -0.180536 0.289423
vn 1.77865e-16 0.950791 5.5678e-33
v -0.225905 0.181779 0.290316
vn -1.77865e-16 -0.950791 -5.5678e-33
v -0.164823 0.18274 0.298832
vn -1.77865e-16 -0.950791 -5.5678e-33
v -0.216282 0.18274 0.299956
vn -1.77865e-16 -0.950791 -5.5678e-33
v -0.156845 0.18274 0.288018
vn -1.77865e-16 -0.950791 -5.5678e-33
v -0.12396 -0.181497 -0.0184929
vn 0.0452254 -8.15929e-18 -0.741697
v -0.12396 0.18274 -0.0184929
vn 0.0452254 -8.15929e-18 -0.741697
v -0.0915921 -0.181497 -0.0169329
vn 0.0424709 -7.66233e-18 -0.741791
v -0.12396 0.18274 -0.0184929
vn -0.976982 1.76261e-16 -4.54645e-17
v -0.12396 -0.181497 -0.0184929
vn -0.976982 1.76261e-16 -4.54645e-17
v -0.12396 0.18274 0.0182308
vn -0.976982 1.76261e-16 -4.54645e-17
v -0.124221 0.18274 0.0351017
vn -0.97653 1.7618e-16 -0.022601
v -0.026826 0.18274 -0.0146668
vn 1.77865e-16 0.950791 5.5678e-33
v -0.0592139 0.18274 -0.0156573
vn 0.034211 -6.17214e-18 -0.742037
v -0.224698 0.18274 0.287842
vn -1.77865e-16 -0.950791 -5.5678e-33
v -0.220422 0.18274 0.298461
vn -1.77865e-16 -0.950791 -5.5678e-33
v -0.225005 0.181779 0.28892
vn -1.77865e-16 -0.950791 -5.5678e-33
v 0.24094 0.275 0.131537
vn -0.538579 9.71671e-17 -0.619482
v 0.24094 0.18274 0.131537
vn -0.538579 9.71671e-17 -0.619482
v 0.234136 0.275 0.135735
vn -0.457099 8.2467e-17 -0.656214
v 0.234136 0.18274 0.135735
vn -0.457099 8.2467e-17 -0.656214
v 0.102772 0.18274 -0.0135605
vn 1.77865e-16 0.950791 5.5678e-33
v 0.0703701 -0.181497 -0.0134091
vn 1.77865e-16 0.950791 5.5678e-33
v 0.102772 0.18274 -0.0135605
vn -0.00990748 1.78745e-18 -0.742455
v 0.102772 -0.181497 -0.0135605
vn -0.00714742 1.28949e-18 -0.742472
v 0.0703701 -0.181497 -0.0134091
vn -0.00163343 2.94693e-19 -0.742492
v 0.102772 0.18274 -0.0135605
vn -0.00714742 1.28949e-18 -0.742472
v 0.0379685 -0.181497 -0.0135427
vn -1.77865e-16 -0.950791 -5.5678e-33
v 0.24094 0.18274 0.131537
vn 1.77865e-16 0.950791 5.5678e-33
v 0.253175 0.18274 0.121129
vn -0.691866 1.24822e-16 -0.524234
v 0.247308 0.18274 0.126652
vn 1.77865e-16 0.950791 5.5678e-33
v -0.156845 -0.181497 0.288018
vn 1.77865e-16 0.950791 5.5678e-33
v -0.12396 -0.181497 0.0182308
vn -1.77865e-16 -0.950791 -5.5678e-33
v -0.12396 -0.181497 0.0182308
vn 1.77865e-16 0.950791 5.5678e-33
v 0.00556879 -0.181497 -0.0139629
vn -1.77865e-16 -0.950791 -5.5678e-33
v -0.026826 -0.181497 -0.0146668
vn 1.77865e-16 0.950791 5.5678e-33
v -0.0592139 -0.181497 -0.0156573
vn 0.0314507 -5.67415e-18 -0.742108
v -0.0592139 0.18274 -0.0156573
vn 0.0314507 -5.67415e-18 -0.742108
v -0.026826 -0.181497 -0.0146668
vn 0.0259387 -4.6797e-18 -0.74223
v -0.123805 -0.181497 0.00830515
vn -1.77865e-16 -0.950791 -5.5678e-33
v -0.0915921 0.18274 -0.0169329
vn 0.0424709 -7.66233e-18 -0.741791
v -0.166424 -0.181497 0.299447
vn 1.77865e-16 0.950791 5.5678e-33
v -0.216282 -0.181497 0.299956
vn 1.77865e-16 0.950791 5.5678e-33
v -0.224698 -0.181497 0.287842
vn 1.77865e-16 0.950791 5.5678e-33
v -0.220422 -0.181497 0.298461
vn 1.77865e-16 0.950791 5.5678e-33
v -0.225005 -0.180536 0.28892
vn 1.77865e-16 0.950791 5.5678e-33
v 0.253175 0.275 0.121129
vn -0.689794 1.24448e-16 -0.525808
v 0.253175 0.18274 0.121129
vn -0.689794 1.24448e-16 -0.525808
v 0.247308 0.275 0.126652
vn -0.619541 1.11774e-16 -0.574111
v 0.27027 -0.181497 -0.11385
vn -0.541171 9.76348e-17 -0.618176
v 0.269192 -0.181497 -0.11318
vn -0.460597 8.30981e-17 -0.654799
v 0.27027 0.18274 -0.11385
vn -0.541171 9.76348e-17 -0.618176
v 0.269075 -0.181497 -0.109955
vn -1.77865e-16 -0.950791 -5.5678e-33
v 0.270363 0.18274 -0.10906
vn -0.59356 1.07086e-16 0.589751
v 0.269075 0.18274 -0.109955
vn -0.489781 8.83633e-17 0.642451
v 0.270363 -0.181497 -0.10906
vn -0.59356 1.07086e-16 0.589751
v 0.269075 0.18274 -0.109955
vn 1.77865e-16 0.950791 5.5678e-33
v -0.225551 0.181779 0.28989
vn -1.77865e-16 -0.950791 -5.5678e-33
v -0.163308 0.18274 0.298013
vn -1.77865e-16 -0.950791 -5.5678e-33
v -0.21773 0.18274 0.29968
vn -1.77865e-16 -0.950791 -5.5678e-33
v -0.157326 0.18274 0.29008
vn -1.77865e-16 -0.950791 -5.5678e-33
v -0.12396 -0.181497 0.0182308
vn -0.976982 1.76261e-16 -4.54645e-17
v -0.12396 0.18274 0.0182308
vn -0.976854 1.76238e-16 -0.0120137
v -0.12396 -0.181497 0.0182308
vn -0.976854 1.76238e-16 -0.0120137
v -0.124221 0.18274 0.0351017
vn -0.976676 1.76206e-16 -0.0185999
v -0.124221 -0.181497 0.0351017
vn -0.976676 1.76206e-16 -0.0185999
v 0.00556879 0.18274 -0.0139629
vn 1.77865e-16 0.950791 5.5678e-33
v -0.026826 0.18274 -0.0146668
vn 0.0259387 -4.6797e-18 -0.74223
v -0.219121 0.18274 0.299178
vn -1.77865e-16 -0.950791 -5.5678e-33
v -0.221602 0.18274 0.297548
vn -1.77865e-16 -0.950791 -5.5678e-33
v -0.224851 0.18274 0.291054
vn -1.77865e-16 -0.950791 -5.5678e-33
v -0.224633 0.18274 0.292399
vn -1.77865e-16 -0.950791 -5.5678e-33
v -0.22525 0.181779 0.289423
vn -1.77865e-16 -0.950791 -5.5678e-33
v 0.247308 0.275 0.126652
vn -0.61727 1.11364e-16 -0.575521
v 0.247308 0.18274 0.126652
vn -0.61727 1.11364e-16 -0.575521
v 0.24094 0.275 0.131537
vn -0.541022 9.76079e-17 -0.618252
v 0.24094 0.18274 0.131537
vn -0.541022 9.76079e-17 -0.618252
v 0.0703701 0.18274 -0.0134091
vn 1.77865e-16 0.950791 5.5678e-33
v 0.0379685 -0.181497 -0.0135427
vn 1.77865e-16 0.950791 5.5678e-33
v 0.0703701 0.18274 -0.0134091
vn -0.00163343 2.94693e-19 -0.742492
v 0.0379685 -0.181497 -0.0135427
vn 0.00664121 -1.19817e-18 -0.742475
v 0.0379685 0.18274 -0.0135427
vn 0.00664121 -1.19817e-18 -0.742475
v 0.0703701 -0.181497 -0.0134091
vn 0.00112656 -2.03247e-19 -0.742492
v 0.247308 0.18274 0.126652
vn -0.619541 1.11774e-16 -0.574111
v -0.157326 -0.181497 0.29008
vn 1.77865e-16 0.950791 5.5678e-33
v -0.123805 -0.181497 0.00830515
vn 1.77865e-16 0.950791 5.5678e-33
v 0.00556879 -0.181497 -0.0139629
vn 1.77865e-16 0.950791 5.5678e-33
v -0.026826 -0.181497 -0.0146668
vn 0.0231786 -4.18175e-18 -0.742284
v -0.026826 0.18274 -0.0146668
vn 0.0231786 -4.18175e-18 -0.742284
v 0.00556879 -0.181497 -0.0139629
vn 0.0176653 -3.18706e-18 -0.742371
v -0.164823 -0.181497 0.298832
vn 1.77865e-16 0.950791 5.5678e-33
v -0.21773 -0.181497 0.29968
vn 1.77865e-16 0.950791 5.5678e-33
v -0.219121 -0.181497 0.299178
vn 1.77865e-16 0.950791 5.5678e-33
v -0.221602 -0.181497 0.297548
vn 1.77865e-16 0.950791 5.5678e-33
v 0.269192 0.18274 -0.11318
vn -0.460597 8.30981e-17 -0.654799
v 0.269192 -0.181497 -0.11318
vn -1.77865e-16 -0.950791 -5.5678e-33
v 0.269075 -0.181497 -0.109955
vn -0.489781 8.83633e-17 0.642451
v 0.269192 0.18274 -0.11318
vn 1.77865e-16 0.950791 5.5678e-33
v -0.161904 0.18274 0.297005
vn -1.77865e-16 -0.950791 -5.5678e-33
v -0.157787 0.18274 0.291426
vn -1.77865e-16 -0.950791 -5.5678e-33
v 0.0379685 0.18274 -0.0135427
vn 1.77865e-16 0.950791 5.5678e-33
v 0.00556879 0.18274 -0.0139629
vn 0.0176653 -3.18706e-18 -0.742371
v -0.222636 0.18274 0.296457
vn -1.77865e-16 -0.950791 -5.5678e-33
v -0.224169 0.18274 0.293853
vn -1.77865e-16 -0.950791 -5.5678e-33
v 0.0703701 0.18274 -0.0134091
vn 0.00112656 -2.03247e-19 -0.742492
v 0.0379685 0.18274 -0.0135427
vn 0.00940117 -1.69611e-18 -0.742458
v 0.0379685 -0.181497 -0.0135427
vn 0.00940117 -1.69611e-18 -0.742458
v 0.00556879 0.18274 -0.0139629
vn 0.0149151 -2.69089e-18 -0.742406
v 0.00556879 -0.181497 -0.0139629
vn 0.0149151 -2.69089e-18 -0.742406
v -0.157787 -0.181497 0.291426
vn 1.77865e-16 0.950791 5.5678e-33
v -0.163308 -0.181497 0.298013
vn 1.77865e-16 0.950791 5.5678e-33
v -0.222636 -0.181497 0.296457
vn 1.77865e-16 0.950791 5.5678e-33
v -0.224851 -0.181497 0.291054
vn 1.77865e-16 0.950791 5.5678e-33
v -0.224633 -0.181497 0.292399
vn 1.77865e-16 0.950791 5.5678e-33
v 0.269192 -0.181497 -0.11318
vn -0.458993 8.28088e-17 -0.655449
v 0.268054 -0.181497 -0.112621
vn -0.374089 6.74909e-17 -0.685906
v 0.269192 0.18274 -0.11318
vn -0.458993 8.28088e-17 -0.655449
v 0.268054 -0.181497 -0.112621
vn -1.77865e-16 -0.950791 -5.5678e-33
v 0.269075 0.18274 -0.109955
vn -0.487201 8.78978e-17 0.643583
v 0.267684 0.18274 -0.110669
vn -0.375256 6.77014e-17 0.685538
v 0.269075 -0.181497 -0.109955
vn -0.487201 8.78978e-17 0.643583
v 0.268054 0.18274 -0.112621
vn 1.77865e-16 0.950791 5.5678e-33
v -0.160631 0.18274 0.295823
vn -1.77865e-16 -0.950791 -5.5678e-33
v -0.158555 0.18274 0.29301
vn -1.77865e-16 -0.950791 -5.5678e-33
v -0.223498 0.18274 0.295215
vn -1.77865e-16 -0.950791 -5.5678e-33
v -0.158555 -0.181497 0.29301
vn 1.77865e-16 0.950791 5.5678e-33
v -0.161904 -0.181497 0.297005
vn 1.77865e-16 0.950791 5.5678e-33
v -0.223498 -0.181497 0.295215
vn 1.77865e-16 0.950791 5.5678e-33
v -0.224169 -0.181497 0.293853
vn 1.77865e-16 0.950791 5.5678e-33
v 0.268054 0.18274 -0.112621
vn -0.374089 6.74909e-17 -0.685906
v 0.267684 -0.181497 -0.110669
vn -1.77865e-16 -0.950791 -5.5678e-33
v 0.267684 -0.181497 -0.110669
vn -0.375256 6.77014e-17 0.685538
v 0.267684 0.18274 -0.110669
vn 1.77865e-16 0.950791 5.5678e-33
v -0.159509 0.18274 0.294484
vn -1.77865e-16 -0.950791 -5.5678e-33
v -0.159509 -0.181497 0.294484
vn 1.77865e-16 0.950791 5.5678e-33
v -0.160631 -0.181497 0.295823
vn 1.77865e-16 0.950791 5.5678e-33
v 0.268054 -0.181497 -0.112621
vn -0.372405 6.71871e-17 -0.686435
v 0.26687 -0.181497 -0.112181
vn -0.283988 5.12354e-17 -0.710432
v 0.268054 0.18274 -0.112621
vn -0.372405 6.71871e-17 -0.686435
v 0.26687 -0.181497 -0.112181
vn -1.77865e-16 -0.950791 -5.5678e-33
v 0.267684 0.18274 -0.110669
vn -0.372496 6.72034e-17 0.686407
v 0.266217 0.18274 -0.111188
vn -0.254306 4.58803e-17 0.716898
v 0.267684 -0.181497 -0.110669
vn -0.372496 6.72034e-17 0.686407
v 0.26687 0.18274 -0.112181
vn 1.77865e-16 0.950791 5.5678e-33
v 0.26687 0.18274 -0.112181
vn -0.283988 5.12354e-17 -0.710432
v 0.266217 -0.181497 -0.111188
vn -1.77865e-16 -0.950791 -5.5678e-33
v 0.266217 -0.181497 -0.111188
vn -0.254306 4.58803e-17 0.716898
v 0.266217 0.18274 -0.111188
vn 1.77865e-16 0.950791 5.5678e-33
v 0.26687 -0.181497 -0.112181
vn -0.282237 5.09196e-17 -0.710835
v 0.265649 -0.181497 -0.111864
vn -0.191155 3.44871e-17 -0.728142
v 0.26687 0.18274 -0.112181
vn -0.282237 5.09196e-17 -0.710835
v 0.265649 -0.181497 -0.111864
vn -1.77865e-16 -0.950791 -5.5678e-33
v 0.266217 0.18274 -0.111188
vn -0.251425 4.53607e-17 0.717484
v 0.264697 0.18274 -0.111503
vn -0.129009 2.3275e-17 0.73599
v 0.266217 -0.181497 -0.111188
vn -0.251425 4.53607e-17 0.717484
v 0.265649 0.18274 -0.111864
vn 1.77865e-16 0.950791 5.5678e-33
v 0.265649 0.18274 -0.111864
vn -0.191155 3.44871e-17 -0.728142
v 0.264697 -0.181497 -0.111503
vn -1.77865e-16 -0.950791 -5.5678e-33
v 0.264697 -0.181497 -0.111503
vn -0.129009 2.3275e-17 0.73599
v 0.264697 0.18274 -0.111503
vn 1.77865e-16 0.950791 5.5678e-33
v 0.265649 -0.181497 -0.111864
vn -0.189378 3.41665e-17 -0.72841
v 0.264406 -0.181497 -0.111671
vn -0.0965059 1.7411e-17 -0.738861
v 0.265649 0.18274 -0.111864
vn -0.189378 3.41665e-17 -0.72841
v 0.264406 -0.181497 -0.111671
vn -1.77865e-16 -0.950791 -5.5678e-33
v 0.264697 0.18274 -0.111503
vn -0.126029 2.27373e-17 0.736289
v 0.263149 0.18274 -0.111607
vn -0.0638859 1.15259e-17 0.740904
v 0.264697 -0.181497 -0.111503
vn -0.126029 2.27373e-17 0.736289
v 0.264406 0.18274 -0.111671
vn 1.77865e-16 0.950791 5.5678e-33
v 0.264406 0.18274 -0.111671
vn -0.0965059 1.7411e-17 -0.738861
v 0.263149 -0.181497 -0.111607
vn -1.77865e-16 -0.950791 -5.5678e-33
v 0.263149 -0.181497 -0.111607
vn -0.0638859 1.15259e-17 0.740904
v 0.263149 0.18274 -0.111607
vn 1.77865e-16 0.950791 5.5678e-33
v 0.264406 -0.181497 -0.111671
vn -0.0946838 1.70823e-17 -0.738998
v 0.263149 -0.181497 -0.111607
vn -0.0478528 8.6333e-18 -0.741601
v 0.264406 0.18274 -0.111671
vn -0.0946838 1.70823e-17 -0.738998
v 0.263149 0.18274 -0.111607
vn -0.0478528 8.6333e-18 -0.741601
v 0.275 -0.181497 -0.119828
vn 0.976982 -1.76261e-16 4.54645e-17
v -0.249436 -0.180536 -0.250686
vn 5.98229e-17 -3.66309e-33 -0.742492
v 0.275 -0.181497 -0.250686
vn 0.976982 -1.76261e-16 4.54645e-17
v 0.275 -0.273758 0.0780824
vn 0.976982 -1.76261e-16 4.54645e-17
v 0.275 -0.181497 -0.250686
vn 5.98229e-17 -3.66309e-33 -0.742492
v 0.275 -0.273758 -0.250686
vn -1.77865e-16 -0.950791 -5.5678e-33
v 0.274459 -0.273758 0.0866641
vn -1.77865e-16 -0.950791 -5.5678e-33
v 0.211798 -0.273758 -0.250686
vn -1.77865e-16 -0.950791 -5.5678e-33
v 0.275 0.18274 -0.119828
vn 0.976982 -1.76261e-16 4.54645e-17
v 0.275 -0.181497 -0.099279
vn 0.976982 -1.76261e-16 4.54645e-17
v 0.275 -0.273758 0.0780824
vn -1.77865e-16 -0.950791 -5.5678e-33
v 0.275 0.18274 -0.250686
vn 5.98229e-17 -3.66309e-33 -0.742492
v 0.272847 -0.273758 0.0951003
vn -1.77865e-16 -0.950791 -5.5678e-33
v 0.275 0.18274 -0.250686
vn 0.976982 -1.76261e-16 4.54645e-17
v 0.27446 0.18274 -0.118646
vn 0.861164 -1.55366e-16 0.350658
v 0.275 -0.181497 -0.119828
vn 0.882339 -1.59186e-16 0.318806
v 0.275 0.18274 -0.119828
vn 0.882339 -1.59186e-16 0.318806
v 0.27446 -0.181497 -0.118646
vn 1.77865e-16 0.950791 5.5678e-33
v 0.275 -0.181497 -0.099279
vn 1.77865e-16 0.950791 5.5678e-33
v 0.275 -0.181497 -0.119828
vn 1.77865e-16 0.950791 5.5678e-33
v 0.275 -0.181497 -0.030822
vn 0.976982 -1.76261e-16 4.54645e-17
v 0.275 -0.273758 0.0780824
vn 0.974891 -1.75883e-16 0.0485632
v 0.274459 -0.181497 0.0866641
vn 0.968883 -1.748e-16 0.0954088
v 0.274459 -0.273758 0.0866641
vn 0.968883 -1.748e-16 0.0954088
v -0.249436 -0.180536 0.0780824
vn -0.976982 1.76261e-16 -4.54645e-17
v -0.249436 -0.180536 -0.250686
vn -0.976982 1.76261e-16 -4.54645e-17
v -0.249436 0.181779 -0.250686
vn 5.98229e-17 -3.66309e-33 -0.742492
v 0.274459 -0.273758 0.0866641
vn 0.968361 -1.74706e-16 0.0984196
v 0.272847 -0.181497 0.0951003
vn 0.944209 -1.70349e-16 0.1907
v 0.272847 -0.273758 0.0951003
vn 0.944209 -1.70349e-16 0.1907
v 0.270189 -0.273758 0.103245
vn -1.77865e-16 -0.950791 -5.5678e-33
v -0.249436 -0.273758 0.0780824
vn -1.77865e-16 -0.950791 -5.5678e-33
v 0.275 0.275 0.0780824
vn 0.976982 -1.76261e-16 4.54645e-17
v 0.27446 -0.181497 -0.118646
vn 0.861164 -1.55366e-16 0.350658
v 0.275 0.18274 -0.119828
vn -1.77865e-16 -0.950791 -5.5678e-33
v 0.275 0.18274 -0.099279
vn -1.77865e-16 -0.950791 -5.5678e-33
v 0.27446 0.18274 -0.118646
vn -1.77865e-16 -0.950791 -5.5678e-33
v 0.274898 -0.181497 -0.100888
vn 1.77865e-16 0.950791 5.5678e-33
v 0.275 0.18274 -0.030822
vn 0.976982 -1.76261e-16 4.54645e-17
v 0.275 -0.181497 0.0780824
vn 0.976982 -1.76261e-16 4.54645e-17
v 0.275 -0.181497 0.0780824
vn 0.974891 -1.75883e-16 0.0485632
v 0.274459 -0.181497 0.0866641
vn 0.968361 -1.74706e-16 0.0984196
v -0.249436 -0.180536 0.0780824
vn -1.77865e-16 -0.950791 -5.5678e-33
v -0.271251 -0.180536 0.289552
vn -1.77865e-16 -0.950791 -5.5678e-33
v -0.249436 -0.180536 -0.250686
vn -1.77865e-16 -0.950791 -5.5678e-33
v -0.249436 -0.180536 -0.250686
vn -0.975782 1.76044e-16 -0.0368014
v -0.275 0.181779 0.285244
vn -0.975782 1.76044e-16 -0.0368014
v -0.249436 0.181779 -0.250686
vn -0.975782 1.76044e-16 -0.0368014
v 0.270189 -0.181497 0.103245
vn 0.903378 -1.62982e-16 0.282733
v 0.272847 -0.273758 0.0951003
vn 0.943173 -1.70162e-16 0.19364
v 0.272847 -0.181497 0.0951003
vn 0.943173 -1.70162e-16 0.19364
v 0.270189 -0.273758 0.103245
vn 0.903378 -1.62982e-16 0.282733
v 0.266533 -0.273758 0.110959
vn -1.77865e-16 -0.950791 -5.5678e-33
v 0.211798 -0.273758 0.143835
vn -1.77865e-16 -0.950791 -5.5678e-33
v 0.275 0.18274 -0.099279
vn 0.976982 -1.76261e-16 4.54645e-17
v 0.273811 0.18274 -0.117524
vn 0.811894 -1.46477e-16 0.413003
v 0.27446 -0.181497 -0.118646
vn 0.860308 -1.55212e-16 0.35187
v 0.27446 0.18274 -0.118646
vn 0.860308 -1.55212e-16 0.35187
v 0.274898 0.18274 -0.100888
vn -1.77865e-16 -0.950791 -5.5678e-33
v 0.274597 -0.181497 -0.10247
vn 1.77865e-16 0.950791 5.5678e-33
v 0.274898 -0.181497 -0.100888
vn 0.968818 -1.74788e-16 -0.0957919
v 0.275 0.18274 -0.099279
vn 0.974891 -1.75883e-16 -0.0485641
v 0.275 -0.181497 -0.099279
vn 0.974891 -1.75883e-16 -0.0485641
v 0.274898 0.18274 -0.0292123
vn 0.968818 -1.74788e-16 0.0957904
v 0.275 -0.181497 -0.030822
vn 0.974891 -1.75883e-16 0.0485635
v 0.275 0.18274 -0.030822
vn 0.974891 -1.75883e-16 0.0485635
v 0.274459 -0.181497 0.0866641
vn 1.77865e-16 0.950791 5.5678e-33
v 0.275 -0.181497 0.0780824
vn 1.77865e-16 0.950791 5.5678e-33
v 0.272847 -0.181497 0.0951003
vn 1.77865e-16 0.950791 5.5678e-33
v -0.249436 -0.273758 0.0780824
vn -0.976982 1.76261e-16 -4.54645e-17
v -0.22933 -0.180536 0.291717
vn -1.77865e-16 -0.950791 -5.5678e-33
v -0.275 -0.180536 0.285244
vn -1.77865e-16 -0.950791 -5.5678e-33
v -0.275 -0.180536 0.285244
vn -0.975782 1.76044e-16 -0.0368014
v -0.249436 0.181779 -0.250686
vn 1.77865e-16 0.950791 5.5678e-33
v -0.275 0.181779 0.285244
vn 1.77865e-16 0.950791 5.5678e-33
v -0.249436 0.181779 0.0780824
vn 1.77865e-16 0.950791 5.5678e-33
v -0.249436 0.275 0.0780824
vn -0.976982 1.76261e-16 -4.54645e-17
v -0.249436 0.181779 -0.250686
vn -0.976982 1.76261e-16 -4.54645e-17
v 0.270189 -0.181497 0.103245
vn 1.77865e-16 0.950791 5.5678e-33
v 0.266533 -0.181497 0.110959
vn 0.847089 -1.52827e-16 0.36993
v 0.270189 -0.273758 0.103245
vn 0.901846 -1.62705e-16 0.285544
v 0.270189 -0.181497 0.103245
vn 0.901846 -1.62705e-16 0.285544
v 0.266533 -0.273758 0.110959
vn 0.847089 -1.52827e-16 0.36993
v 0.26194 -0.273758 0.11811
vn -1.77865e-16 -0.950791 -5.5678e-33
v 0.220048 -0.273758 0.143273
vn -1.77865e-16 -0.950791 -5.5678e-33
v 0.211798 -0.273758 0.143835
vn -0.132633 2.39288e-17 0.735618
v -0.249436 -0.180536 0.0780824
vn -0.132633 2.39288e-17 0.735618
v -0.249436 -0.273758 0.0780824
vn -0.132633 2.39288e-17 0.735618
v 0.273811 -0.181497 -0.117524
vn 0.811894 -1.46477e-16 0.413003
v 0.273811 0.18274 -0.117524
vn -1.77865e-16 -0.950791 -5.5678e-33
v 0.274098 0.18274 -0.103998
vn -1.77865e-16 -0.950791 -5.5678e-33
v 0.274597 0.18274 -0.10247
vn -1.77865e-16 -0.950791 -5.5678e-33
v 0.274898 0.18274 -0.100888
vn 0.968818 -1.74788e-16 -0.0957919
v 0.274098 -0.181497 -0.103998
vn 1.77865e-16 0.950791 5.5678e-33
v 0.274597 -0.181497 -0.10247
vn 0.94408 -1.70325e-16 -0.191067
v 0.274898 0.18274 -0.100888
vn 0.968429 -1.74718e-16 -0.0980328
v 0.274898 -0.181497 -0.100888
vn 0.968429 -1.74718e-16 -0.0980328
v 0.274898 -0.181497 -0.0292123
vn 0.968818 -1.74788e-16 0.0957904
v 0.275 0.18274 -0.030822
vn -1.77865e-16 -0.950791 -5.5678e-33
v 0.273154 0.18274 0.0860864
vn -1.77865e-16 -0.950791 -5.5678e-33
v 0.274898 0.18274 -0.0292123
vn -1.77865e-16 -0.950791 -5.5678e-33
v -0.228789 -0.180536 0.291711
vn -1.77865e-16 -0.950791 -5.5678e-33
v -0.22933 0.181779 0.291717
vn -0.0484289 8.73726e-18 0.74158
v -0.271251 -0.180536 0.289552
vn -0.0484289 8.73726e-18 0.74158
v -0.22933 -0.180536 0.291717
vn -0.0484289 8.73726e-18 0.74158
v -0.271743 -0.180536 0.289442
vn -1.77865e-16 -0.950791 -5.5678e-33
v -0.275 0.181779 0.285244
vn -0.970776 1.75142e-16 0.0835601
v -0.275 -0.180536 0.285244
vn -0.970776 1.75142e-16 0.0835601
v -0.274943 0.181779 0.285765
vn -0.963066 1.7375e-16 0.124873
v -0.271251 0.181779 0.289552
vn 1.77865e-16 0.950791 5.5678e-33
v -0.249436 0.181779 0.0780824
vn -0.976982 1.76261e-16 -4.54645e-17
v 0.266533 -0.181497 0.110959
vn 1.77865e-16 0.950791 5.5678e-33
v 0.26194 -0.181497 0.11811
vn 0.77631 -1.40057e-16 0.450792
v 0.266533 -0.273758 0.110959
vn 0.84509 -1.52466e-16 0.372563
v 0.266533 -0.181497 0.110959
vn 0.84509 -1.52466e-16 0.372563
v 0.26194 -0.273758 0.11811
vn 0.77631 -1.40057e-16 0.450792
v 0.256488 -0.273758 0.124577
vn -1.77865e-16 -0.950791 -5.5678e-33
v 0.228157 -0.273758 0.141595
vn -1.77865e-16 -0.950791 -5.5678e-33
v 0.220048 -0.181497 0.143273
vn 0.125535 -2.26484e-17 0.736337
v 0.211798 -0.273758 0.143835
vn 0.0638961 -1.15278e-17 0.740903
v 0.220048 -0.273758 0.143273
vn 0.125535 -2.26484e-17 0.736337
v -0.197771 -0.181497 0.0854471
vn -0.132632 2.91706e-06 0.735618
v 0.275 0.275 0.0780824
vn 1.77865e-16 0.950791 5.5678e-33
v 0.275 0.18274 0.0780824
vn 0.976982 -1.76261e-16 4.54645e-17
v 0.273061 0.18274 -0.116475
vn 0.754823 -1.36181e-16 0.471397
v 0.273811 -0.181497 -0.117524
vn 0.810876 -1.46293e-16 0.414157
v 0.273811 0.18274 -0.117524
vn 0.810876 -1.46293e-16 0.414157
v 0.273811 -0.181497 -0.117524
vn 1.77865e-16 0.950791 5.5678e-33
v 0.273412 0.18274 -0.105444
vn -1.77865e-16 -0.950791 -5.5678e-33
v 0.274597 0.18274 -0.10247
vn 0.94408 -1.70325e-16 -0.191067
v 0.274098 -0.181497 -0.103998
vn 0.903184 -1.62947e-16 -0.283092
v 0.274597 0.18274 -0.10247
vn 0.943305 -1.70185e-16 -0.193269
v 0.274597 -0.181497 -0.10247
vn 0.943305 -1.70185e-16 -0.193269
v 0.274597 0.18274 -0.0276307
vn 0.944079 -1.70325e-16 0.191069
v 0.274898 -0.181497 -0.0292123
vn 0.968429 -1.74718e-16 0.0980343
v 0.274898 0.18274 -0.0292123
vn 0.968429 -1.74718e-16 0.0980343
v 0.275 0.18274 0.0780824
vn -1.77865e-16 -0.950791 -5.5678e-33
v 0.274597 0.18274 -0.0276307
vn -1.77865e-16 -0.950791 -5.5678e-33
v 0.274597 -0.181497 -0.0276307
vn 0.943305 -1.70185e-16 0.193269
v 0.274098 0.18274 -0.0261042
vn 0.903184 -1.62947e-16 0.283092
v 0.274098 -0.181497 -0.0261042
vn 0.903184 -1.62947e-16 0.283092
v 0.274098 -0.181497 -0.0261042
vn 0.902041 -1.62741e-16 0.285189
v 0.273412 0.18274 -0.0246578
vn 0.846836 -1.52781e-16 0.370265
v 0.273412 -0.181497 -0.0246578
vn 0.846836 -1.52781e-16 0.370265
v -0.228251 -0.180536 0.291637
vn -1.77865e-16 -0.950791 -5.5678e-33
v -0.22933 -0.180536 0.291717
vn 0.0107416 -1.93794e-18 0.742448
v -0.228789 -0.180536 0.291711
vn 0.0693823 -1.25175e-17 0.740618
v -0.22933 0.181779 0.291717
vn 0.0107416 -1.93794e-18 0.742448
v -0.271251 0.181779 0.289552
vn -0.0484289 8.73726e-18 0.74158
v -0.271743 -0.180536 0.289442
vn -0.25885 4.67002e-17 0.715957
v -0.271251 -0.180536 0.289552
vn -0.20552 3.70786e-17 0.725878
v -0.271743 0.181779 0.289442
vn -0.25885 4.67002e-17 0.715957
v -0.27222 -0.180536 0.289275
vn -1.77865e-16 -0.950791 -5.5678e-33
v -0.274943 -0.180536 0.285765
vn -0.963066 1.7375e-16 0.124873
v -0.274943 0.181779 0.285765
vn 1.77865e-16 0.950791 5.5678e-33
v -0.274831 0.181779 0.286275
vn 1.77865e-16 0.950791 5.5678e-33
v -0.22933 0.181779 0.291717
vn 1.77865e-16 0.950791 5.5678e-33
v -0.271743 0.181779 0.289442
vn 1.77865e-16 0.950791 5.5678e-33
v -0.197739 0.181779 0.0854523
vn -0.132634 2.39291e-17 0.735618
v -0.249436 0.275 0.0780824
vn -0.132634 2.39291e-17 0.735618
v -0.249436 0.181779 0.0780824
vn -0.132634 2.39291e-17 0.735618
v -0.249436 0.275 0.0780824
vn 1.77865e-16 0.950791 5.5678e-33
v 0.273412 -0.181497 -0.0246578
vn 0.845339 -1.52511e-16 0.372234
v 0.272551 0.18274 -0.0233169
vn 0.775997 -1.40001e-16 0.451104
v 0.272551 -0.181497 -0.0233169
vn 0.775997 -1.40001e-16 0.451104
v 0.272551 -0.181497 -0.0233169
vn 0.774185 -1.39674e-16 0.452898
v 0.271529 0.18274 -0.0221044
vn 0.691888 -1.24826e-16 0.524217
v 0.271529 -0.181497 -0.0221044
vn 0.691888 -1.24826e-16 0.524217
v 0.26194 -0.181497 0.11811
vn 1.77865e-16 0.950791 5.5678e-33
v 0.256488 -0.181497 0.124577
vn 0.692243 -1.2489e-16 0.523946
v 0.26194 -0.273758 0.11811
vn 0.773873 -1.39617e-16 0.453206
v 0.26194 -0.181497 0.11811
vn 0.773873 -1.39617e-16 0.453206
v 0.256488 -0.273758 0.124577
vn 0.692243 -1.2489e-16 0.523946
v 0.250273 -0.273758 0.130248
vn -1.77865e-16 -0.950791 -5.5678e-33
v 0.235984 -0.273758 0.13883
vn -1.77865e-16 -0.950791 -5.5678e-33
v 0.228157 -0.181497 0.141595
vn 0.250928 -4.52709e-17 0.717585
v 0.220048 -0.273758 0.143273
vn 0.129506 -2.33646e-17 0.73594
v 0.228157 -0.273758 0.141595
vn 0.250928 -4.52709e-17 0.717585
v 0.211798 -0.181497 0.143835
vn 0.0638961 -1.15278e-17 0.740903
v 0.220048 -0.181497 0.143273
vn 0.129506 -2.33646e-17 0.73594
v 0.211798 -0.181497 0.143835
vn -0.132633 2.39288e-17 0.735618
v -0.197771 -0.180536 0.0854471
vn -0.132633 2.39289e-17 0.735618
v 0.273154 0.275 0.0860864
vn 1.77865e-16 0.950791 5.5678e-33
v 0.273154 0.275 0.0860864
vn 0.937883 -1.69208e-16 0.207948
v 0.275 0.18274 0.0780824
vn 0.950047 -1.71401e-16 0.173146
v 0.275 0.275 0.0780824
vn 0.950047 -1.71401e-16 0.173146
v 0.273061 -0.181497 -0.116475
vn 0.754823 -1.36181e-16 0.471397
v 0.273061 0.18274 -0.116475
vn -1.77865e-16 -0.950791 -5.5678e-33
v 0.273412 -0.181497 -0.105444
vn 1.77865e-16 0.950791 5.5678e-33
v 0.274098 0.18274 -0.103998
vn 0.903184 -1.62947e-16 -0.283092
v 0.274098 0.18274 -0.103998
vn 0.902041 -1.62741e-16 -0.285189
v 0.273412 -0.181497 -0.105444
vn 0.846836 -1.52781e-16 -0.370265
v 0.273412 0.18274 -0.105444
vn 0.846836 -1.52781e-16 -0.370265
v 0.274597 -0.181497 -0.0276307
vn 0.944079 -1.70325e-16 0.191069
v 0.273154 0.18274 0.0860864
vn 0.937883 -1.69208e-16 0.207948
v 0.274098 0.18274 -0.0261042
vn -1.77865e-16 -0.950791 -5.5678e-33
v 0.274597 0.18274 -0.0276307
vn 0.943305 -1.70185e-16 0.193269
v 0.274098 0.18274 -0.0261042
vn 0.902041 -1.62741e-16 0.285189
v 0.273412 0.18274 -0.0246578
vn 0.845339 -1.52511e-16 0.372234
v -0.227727 -0.180536 0.291495
vn -1.77865e-16 -0.950791 -5.5678e-33
v -0.228789 -0.180536 0.291711
vn 0.0703553 -1.26931e-17 0.740565
v -0.228251 -0.180536 0.291637
vn 0.186658 -3.36757e-17 0.728815
v -0.228789 0.181779 0.291711
vn 0.0703553 -1.26931e-17 0.740565
v -0.228789 0.181779 0.291711
vn 0.0693823 -1.25175e-17 0.740618
v -0.271251 0.181779 0.289552
vn -0.20552 3.70786e-17 0.725878
v -0.271743 0.181779 0.289442
vn -0.259663 4.68469e-17 0.715787
v -0.27222 0.181779 0.289275
vn -0.363677 6.56123e-17 0.689133
v -0.271743 -0.180536 0.289442
vn -0.259663 4.68469e-17 0.715787
v -0.27222 -0.180536 0.289275
vn -0.363677 6.56123e-17 0.689133
v -0.272675 -0.180536 0.289053
vn -1.77865e-16 -0.950791 -5.5678e-33
v -0.274943 0.181779 0.285765
vn -0.962925 1.73725e-16 0.125504
v -0.274943 -0.180536 0.285765
vn -0.962925 1.73725e-16 0.125504
v -0.274831 0.181779 0.286275
vn -0.938322 1.69287e-16 0.206802
v -0.274831 -0.180536 0.286275
vn -1.77865e-16 -0.950791 -5.5678e-33
v -0.274943 -0.180536 0.285765
vn -1.77865e-16 -0.950791 -5.5678e-33
v -0.274663 0.181779 0.286768
vn 1.77865e-16 0.950791 5.5678e-33
v -0.228789 0.181779 0.291711
vn 1.77865e-16 0.950791 5.5678e-33
v -0.27222 0.181779 0.289275
vn 1.77865e-16 0.950791 5.5678e-33
v -0.197739 0.18274 0.0854523
vn -0.132633 2.39289e-17 0.735618
v -0.197739 0.181779 0.0854523
vn 1.77865e-16 0.950791 5.5678e-33
v -0.205429 0.181779 0.143835
vn 1.77865e-16 0.950791 5.5678e-33
v 0.211798 0.275 0.143835
vn 1.77865e-16 0.950791 5.5678e-33
v 0.272551 0.18274 -0.0233169
vn 0.774185 -1.39674e-16 0.452898
v 0.271529 0.18274 -0.0221044
vn 0.689772 -1.24444e-16 0.525825
v 0.270363 -0.181497 -0.0210411
vn 0.59593 -1.07514e-16 0.58837
v 0.271529 -0.181497 -0.0221044
vn 0.689772 -1.24444e-16 0.525825
v 0.270363 0.18274 -0.0210411
vn 0.593569 -1.07088e-16 0.589746
v 0.269075 -0.181497 -0.0201449
vn 0.489791 -8.83652e-17 0.642445
v 0.270363 -0.181497 -0.0210411
vn 0.593569 -1.07088e-16 0.589746
v 0.269075 0.18274 -0.0201449
vn 0.48719 -8.78958e-17 0.643587
v 0.267684 -0.181497 -0.0194321
vn 0.375244 -6.76992e-17 0.685542
v 0.269075 -0.181497 -0.0201449
vn 0.48719 -8.78958e-17 0.643587
v 0.256488 -0.181497 0.124577
vn 1.77865e-16 0.950791 5.5678e-33
v 0.256488 -0.181497 0.124577
vn 0.689413 -1.2438e-16 0.526096
v 0.250273 -0.273758 0.130248
vn 0.596333 -1.07587e-16 0.588133
v 0.256488 -0.273758 0.124577
vn 0.689413 -1.2438e-16 0.526096
v 0.2434 -0.273758 0.135026
vn -1.77865e-16 -0.950791 -5.5678e-33
v 0.235984 -0.181497 0.13883
vn 0.372025 -6.71186e-17 0.686554
v 0.228157 -0.273758 0.141595
vn 0.254795 -4.59685e-17 0.716797
v 0.235984 -0.273758 0.13883
vn 0.372025 -6.71186e-17 0.686554
v 0.228157 -0.181497 0.141595
vn 0.254795 -4.59685e-17 0.716797
v 0.220048 -0.181497 0.143273
vn 1.77865e-16 0.950791 5.5678e-33
v 0.211798 -0.181497 0.143835
vn 1.77865e-16 0.950791 5.5678e-33
v 0.228157 -0.181497 0.141595
vn 1.77865e-16 0.950791 5.5678e-33
v 0.211798 -0.181497 0.143835
vn -0.132633 1.23143e-05 0.735618
v -0.127315 -0.181497 0.0954908
vn -0.132633 1.23143e-05 0.735618
v -0.205429 -0.180536 0.143835
vn -1.77865e-16 -0.950791 -5.5678e-33
v -0.197771 -0.180536 0.0854471
vn -1.77865e-16 -0.950791 -5.5678e-33
v 0.270551 0.275 0.0938581
vn 1.77865e-16 0.950791 5.5678e-33
v 0.272215 0.18274 -0.115508
vn 0.690507 -1.24577e-16 0.525267
v 0.273061 -0.181497 -0.116475
vn 0.753661 -1.35971e-16 0.47247
v 0.273061 0.18274 -0.116475
vn 0.753661 -1.35971e-16 0.47247
v 0.273061 -0.181497 -0.116475
vn 1.77865e-16 0.950791 5.5678e-33
v 0.272551 0.18274 -0.106784
vn -1.77865e-16 -0.950791 -5.5678e-33
v 0.274098 -0.181497 -0.103998
vn 0.902041 -1.62741e-16 -0.285189
v 0.272551 -0.181497 -0.106784
vn 0.775997 -1.40001e-16 -0.451104
v 0.273412 0.18274 -0.105444
vn 0.845339 -1.52511e-16 -0.372234
v 0.273412 -0.181497 -0.105444
vn 0.845339 -1.52511e-16 -0.372234
v 0.270551 0.275 0.0938581
vn 0.905879 -1.63433e-16 0.278073
v 0.273154 0.18274 0.0860864
vn 0.937059 -1.69058e-16 0.210085
v 0.273154 0.275 0.0860864
vn 0.937059 -1.69058e-16 0.210085
v 0.273412 0.18274 -0.0246578
vn -1.77865e-16 -0.950791 -5.5678e-33
v 0.272551 0.18274 -0.0233169
vn -1.77865e-16 -0.950791 -5.5678e-33
v -0.227224 -0.180536 0.291289
vn -1.77865e-16 -0.950791 -5.5678e-33
v -0.228251 -0.180536 0.291637
vn 0.187618 -3.38489e-17 0.728673
v -0.227727 -0.180536 0.291495
vn 0.3012 -5.43406e-17 0.706326
v -0.228251 0.181779 0.291637
vn 0.187618 -3.38489e-17 0.728673
v -0.228251 0.181779 0.291637
vn 0.186658 -3.36757e-17 0.728815
v -0.27222 0.181779 0.289275
vn -0.364476 6.57565e-17 0.688889
v -0.272675 0.181779 0.289053
vn -0.463857 8.36862e-17 0.653469
v -0.27222 -0.180536 0.289275
vn -0.364476 6.57565e-17 0.688889
v -0.272675 -0.180536 0.289053
vn -0.463857 8.36862e-17 0.653469
v -0.273104 -0.180536 0.288779
vn -1.77865e-16 -0.950791 -5.5678e-33
v -0.274831 -0.180536 0.286275
vn -0.938322 1.69287e-16 0.206802
v -0.274663 -0.180536 0.286768
vn -1.77865e-16 -0.950791 -5.5678e-33
v -0.274443 0.181779 0.287239
vn 1.77865e-16 0.950791 5.5678e-33
v -0.274831 0.181779 0.286275
vn -0.938081 1.69242e-16 0.207433
v -0.274831 -0.180536 0.286275
vn -0.938081 1.69242e-16 0.207433
v -0.274663 0.181779 0.286768
vn -0.901543 1.62651e-16 0.286097
v -0.228251 0.181779 0.291637
vn 1.77865e-16 0.950791 5.5678e-33
v -0.272675 0.181779 0.289053
vn 1.77865e-16 0.950791 5.5678e-33
v -0.136056 0.18274 0.0942457
vn -0.132632 1.17029e-06 0.735618
v -0.207381 0.181779 0.163269
vn 1.77865e-16 0.950791 5.5678e-33
v -0.127315 0.18274 0.0954908
vn -0.132633 -5.93343e-06 0.735618
v 0.211798 0.275 0.143835
vn -0.132633 -5.93343e-06 0.735618
v 0.270551 0.18274 0.0938581
vn -1.77865e-16 -0.950791 -5.5678e-33
v 0.271529 0.18274 -0.0221044
vn -1.77865e-16 -0.950791 -5.5678e-33
v 0.270363 0.18274 -0.0210411
vn 0.59593 -1.07514e-16 0.58837
v 0.269075 0.18274 -0.0201449
vn 0.489791 -8.83652e-17 0.642445
v 0.267684 0.18274 -0.0194321
vn 0.375244 -6.76992e-17 0.685542
v 0.267684 0.18274 -0.0194321
vn 0.372496 -6.72034e-17 0.686407
v 0.266217 -0.181497 -0.0189139
vn 0.254306 -4.58803e-17 0.716898
v 0.267684 -0.181497 -0.0194321
vn 0.372496 -6.72034e-17 0.686407
v 0.266217 0.18274 -0.0189139
vn 0.251425 -4.53607e-17 0.717484
v 0.264697 -0.181497 -0.0185983
vn 0.190606 -3.43881e-17 0.728225
v 0.266217 -0.181497 -0.0189139
vn 0.251425 -4.53607e-17 0.717484
v 0.263149 -0.181497 -0.0184929
vn 1.77865e-16 0.950791 5.5678e-33
v 0.250273 -0.181497 0.130248
vn 1.77865e-16 0.950791 5.5678e-33
v 0.250273 -0.181497 0.130248
vn 0.596333 -1.07587e-16 0.588133
v 0.250273 -0.181497 0.130248
vn 0.59316 -1.07014e-16 0.589984
v 0.2434 -0.273758 0.135026
vn 0.490224 -8.84433e-17 0.642255
v 0.250273 -0.273758 0.130248
vn 0.59316 -1.07014e-16 0.589984
v 0.2434 -0.181497 0.135026
vn 0.486758 -8.78179e-17 0.643776
v 0.235984 -0.273758 0.13883
vn 0.375722 -6.77854e-17 0.68539
v 0.2434 -0.273758 0.135026
vn 0.486758 -8.78179e-17 0.643776
v 0.235984 -0.181497 0.13883
vn 0.375722 -6.77854e-17 0.68539
v 0.235984 -0.181497 0.13883
vn 1.77865e-16 0.950791 5.5678e-33
v -0.136056 -0.181497 0.0942457
vn -0.132633 -1.99562e-06 0.735618
v -0.127315 -0.181497 0.0954908
vn -0.132633 -1.99562e-06 0.735618
v -0.207381 -0.180536 0.163269
vn -1.77865e-16 -0.950791 -5.5678e-33
v 0.267214 0.275 0.101322
vn 1.77865e-16 0.950791 5.5678e-33
v 0.272215 -0.181497 -0.115508
vn 0.690507 -1.24577e-16 0.525267
v 0.272215 0.18274 -0.115508
vn -1.77865e-16 -0.950791 -5.5678e-33
v 0.272551 -0.181497 -0.106784
vn 1.77865e-16 0.950791 5.5678e-33
v 0.272551 0.18274 -0.106784
vn 0.775997 -1.40001e-16 -0.451104
v 0.270551 0.18274 0.0938581
vn 0.905879 -1.63433e-16 0.278073
v -0.226747 -0.180536 0.291022
vn -1.77865e-16 -0.950791 -5.5678e-33
v -0.227727 -0.180536 0.291495
vn 0.302136 -5.45094e-17 0.706095
v -0.227224 -0.180536 0.291289
vn 0.411333 -7.42101e-17 0.673478
v -0.227727 0.181779 0.291495
vn 0.302136 -5.45094e-17 0.706095
v -0.227727 0.181779 0.291495
vn 0.3012 -5.43406e-17 0.706326
v -0.272675 0.181779 0.289053
vn -0.464595 8.38194e-17 0.653165
v -0.273104 0.181779 0.288779
vn -0.558069 1.00683e-16 0.609437
v -0.272675 -0.180536 0.289053
vn -0.464595 8.38194e-17 0.653165
v -0.273104 -0.180536 0.288779
vn -0.558069 1.00683e-16 0.609437
v -0.273499 -0.180536 0.288456
vn -1.77865e-16 -0.950791 -5.5678e-33
v -0.274443 -0.180536 0.287239
vn -1.77865e-16 -0.950791 -5.5678e-33
v -0.274663 -0.180536 0.286768
vn -0.901543 1.62651e-16 0.286097
v -0.274173 0.181779 0.287681
vn 1.77865e-16 0.950791 5.5678e-33
v -0.274663 0.181779 0.286768
vn -0.90122 1.62593e-16 0.286682
v -0.274663 -0.180536 0.286768
vn -0.90122 1.62593e-16 0.286682
v -0.274443 0.181779 0.287239
vn -0.853218 1.53933e-16 0.361704
v -0.227727 0.181779 0.291495
vn 1.77865e-16 0.950791 5.5678e-33
v -0.273104 0.181779 0.288779
vn 1.77865e-16 0.950791 5.5678e-33
v -0.214811 0.18274 0.3
vn 1.77865e-16 0.950791 5.5678e-33
v -0.197739 0.18274 0.0854523
vn 1.77865e-16 0.950791 5.5678e-33
v -0.205429 0.18274 0.143835
vn 1.77865e-16 0.950791 5.5678e-33
v -0.138694 0.18274 0.195075
vn 1.77865e-16 0.950791 5.5678e-33
v -0.127315 0.18274 0.0954908
vn -0.13263 3.4585e-06 0.735618
v -0.212897 0.181779 0.208982
vn 1.77865e-16 0.950791 5.5678e-33
v 0.219492 0.275 0.141917
vn 1.77865e-16 0.950791 5.5678e-33
v 0.211798 0.18274 0.143835
vn -0.132634 2.39291e-17 0.735618
v 0.270363 0.18274 -0.0210411
vn -1.77865e-16 -0.950791 -5.5678e-33
v 0.267214 0.18274 0.101322
vn -1.77865e-16 -0.950791 -5.5678e-33
v 0.269075 0.18274 -0.0201449
vn -1.77865e-16 -0.950791 -5.5678e-33
v 0.267684 0.18274 -0.0194321
vn -1.77865e-16 -0.950791 -5.5678e-33
v 0.266217 0.18274 -0.0189139
vn 0.254306 -4.58803e-17 0.716898
v 0.264697 0.18274 -0.0185983
vn 0.0457351 -8.25124e-18 0.741679
v 0.263149 -0.181497 -0.0185233
vn 0.0457351 -8.25124e-18 0.741679
v 0.264697 -0.181497 -0.0185983
vn 0.0457351 -8.25124e-18 0.741679
v 0.264697 0.18274 -0.0185983
vn 0.190606 -3.43881e-17 0.728225
v 0.262534 -0.181497 -0.0184929
vn 0.0457394 1.81891e-07 0.741678
v 0.23233 -0.181497 -0.0170198
vn 0.0429226 1.81891e-07 0.741775
v 0.2434 -0.181497 0.135026
vn 1.77865e-16 0.950791 5.5678e-33
v 0.2434 -0.181497 0.135026
vn 0.490224 -8.84433e-17 0.642255
v 0.23233 0.18274 -0.0170198
vn 0.0402178 -7.25585e-18 0.741863
v 0.199952 -0.181497 -0.0157286
vn 0.0347071 -6.26164e-18 0.742024
v 0.23233 -0.181497 -0.0170198
vn 0.0402178 -7.25585e-18 0.741863
v -0.138694 -0.181497 0.195075
vn -1.77865e-16 -0.950791 -5.5678e-33
v -0.197771 -0.181497 0.0854471
vn -1.77865e-16 -0.950791 -5.5678e-33
v -0.128898 -0.181497 0.115338
vn -1.77865e-16 -0.950791 -5.5678e-33
v -0.214811 -0.181497 0.3
vn -1.77865e-16 -0.950791 -5.5678e-33
v -0.205429 -0.181497 0.143835
vn -1.77865e-16 -0.950791 -5.5678e-33
v -0.212897 -0.180536 0.208982
vn -1.77865e-16 -0.950791 -5.5678e-33
v 0.263179 0.275 0.108401
vn 1.77865e-16 0.950791 5.5678e-33
v 0.267214 0.275 0.101322
vn 0.864823 -1.56027e-16 0.345418
v 0.270551 0.18274 0.0938581
vn 0.904778 -1.63235e-16 0.280136
v 0.270551 0.275 0.0938581
vn 0.904778 -1.63235e-16 0.280136
v 0.272215 0.18274 -0.115508
vn 0.689226 -1.24346e-16 0.526239
v 0.271282 -0.181497 -0.114629
vn 0.61958 -1.11781e-16 0.574086
v 0.272215 -0.181497 -0.115508
vn 0.689226 -1.24346e-16 0.526239
v 0.272215 -0.181497 -0.115508
vn 1.77865e-16 0.950791 5.5678e-33
v 0.271529 0.18274 -0.107997
vn -1.77865e-16 -0.950791 -5.5678e-33
v 0.271529 -0.181497 -0.107997
vn 0.691888 -1.24826e-16 -0.524217
v 0.272551 0.18274 -0.106784
vn 0.774185 -1.39674e-16 -0.452898
v 0.272551 -0.181497 -0.106784
vn 0.774185 -1.39674e-16 -0.452898
v -0.226305 -0.180536 0.290696
vn -1.77865e-16 -0.950791 -5.5678e-33
v -0.227224 -0.180536 0.291289
vn 0.412201 -7.43667e-17 0.673171
v -0.226747 -0.180536 0.291022
vn 0.515407 -9.29865e-17 0.630765
v -0.227224 0.181779 0.291289
vn 0.412201 -7.43667e-17 0.673171
v -0.227224 0.181779 0.291289
vn 0.411333 -7.42101e-17 0.673478
v -0.273104 0.181779 0.288779
vn -0.558771 1.0081e-16 0.609065
v -0.273499 0.181779 0.288456
vn -0.645142 1.16393e-16 0.557586
v -0.273104 -0.180536 0.288779
vn -0.558771 1.0081e-16 0.609065
v -0.273499 -0.180536 0.288456
vn -0.645142 1.16393e-16 0.557586
v -0.273857 -0.180536 0.288088
vn -1.77865e-16 -0.950791 -5.5678e-33
v -0.274173 -0.180536 0.287681
vn -1.77865e-16 -0.950791 -5.5678e-33
v -0.274443 -0.180536 0.287239
vn -0.853218 1.53933e-16 0.361704
v -0.273857 0.181779 0.288088
vn 1.77865e-16 0.950791 5.5678e-33
v -0.274443 0.181779 0.287239
vn -0.852805 1.53858e-16 0.362265
v -0.274443 -0.180536 0.287239
vn -0.852805 1.53858e-16 0.362265
v -0.274173 0.181779 0.287681
vn -0.793953 1.4324e-16 0.43268
v -0.227224 0.181779 0.291289
vn 1.77865e-16 0.950791 5.5678e-33
v -0.273499 0.181779 0.288456
vn 1.77865e-16 0.950791 5.5678e-33
v -0.169451 0.18274 0.3
vn 1.77865e-16 0.950791 5.5678e-33
v -0.207381 0.18274 0.163269
vn 1.77865e-16 0.950791 5.5678e-33
v -0.134862 0.18274 0.168574
vn 1.77865e-16 0.950791 5.5678e-33
v -0.14309 0.18274 0.221481
vn 1.77865e-16 0.950791 5.5678e-33
v -0.128898 0.18274 0.115338
vn 1.77865e-16 0.950791 5.5678e-33
v -0.219325 0.181779 0.254565
vn 1.77865e-16 0.950791 5.5678e-33
v 0.226963 0.275 0.139207
vn 1.77865e-16 0.950791 5.5678e-33
v 0.211798 0.275 0.143835
vn 0.227824 -4.11026e-17 0.722023
v 0.219492 0.18274 0.141917
vn 0.273619 -4.93645e-17 0.712779
v 0.219492 0.275 0.141917
vn 0.273619 -4.93645e-17 0.712779
v 0.199952 0.18274 -0.0157286
vn -1.77865e-16 -0.950791 -5.5678e-33
v 0.211798 0.18274 0.143835
vn -1.77865e-16 -0.950791 -5.5678e-33
v 0.211798 0.18274 0.143835
vn 0.227824 -4.11026e-17 0.722023
v 0.266217 0.18274 -0.0189139
vn -1.77865e-16 -0.950791 -5.5678e-33
v 0.263149 -0.181497 -0.0185233
vn 0.0457453 -3.30344e-08 0.741678
v 0.264697 0.18274 -0.0185983
vn 0.0457453 -3.30344e-08 0.741678
v 0.263179 0.18274 0.108401
vn -1.77865e-16 -0.950791 -5.5678e-33
v 0.264697 0.18274 -0.0185983
vn -1.77865e-16 -0.950791 -5.5678e-33
v 0.23233 -0.181497 -0.0170198
vn 0.0416999 3.00931e-07 0.741816
v 0.263149 0.18274 -0.0185233
vn 0.0457351 3.0093e-07 0.741679
v 0.199952 0.18274 -0.0157286
vn 0.031967 -5.76729e-18 0.742095
v 0.167565 -0.181497 -0.0147203
vn 0.0264549 -4.77283e-18 0.74222
v 0.199952 -0.181497 -0.0157286
vn 0.031967 -5.76729e-18 0.742095
v 0.199952 0.18274 -0.0157286
vn 0.0347071 -6.26164e-18 0.742024
v 0.262534 0.18274 -0.0184929
vn 0.0457394 -8.25202e-18 0.741678
v 0.23233 0.18274 -0.0170198
vn 0.0429226 -7.74384e-18 0.741775
v -0.134862 -0.181497 0.168574
vn -1.77865e-16 -0.950791 -5.5678e-33
v -0.14309 -0.181497 0.221481
vn -1.77865e-16 -0.950791 -5.5678e-33
v -0.127315 0.18274 0.0954908
vn 0.973639 -1.75658e-16 0.0613747
v -0.128898 0.18274 0.115338
vn 0.972911 -1.75526e-16 0.0677086
v -0.127315 -0.181497 0.0954908
vn 0.973639 -1.75658e-16 0.0613747
v -0.126769 -0.181497 0.088631
vn 0.974403 -1.75795e-16 0.0539123
v -0.127315 0.18274 0.0954908
vn 0.97364 -1.75658e-16 0.061363
v -0.127315 -0.181497 0.0954908
vn 0.97364 -1.75658e-16 0.061363
v -0.131597 -0.181497 0.14199
vn -1.77865e-16 -0.950791 -5.5678e-33
v -0.128898 -0.181497 0.115338
vn 0.972911 -1.75526e-16 0.0677086
v -0.17149 -0.181497 0.3
vn -1.77865e-16 -0.950791 -5.5678e-33
v -0.207381 -0.181497 0.163269
vn -1.77865e-16 -0.950791 -5.5678e-33
v -0.219325 -0.180536 0.254565
vn -1.77865e-16 -0.950791 -5.5678e-33
v 0.258483 0.275 0.115026
vn 1.77865e-16 0.950791 5.5678e-33
v 0.263179 0.275 0.108401
vn 0.815124 -1.4706e-16 0.409312
v 0.267214 0.18274 0.101322
vn 0.863456 -1.55779e-16 0.347388
v 0.267214 0.275 0.101322
vn 0.863456 -1.55779e-16 0.347388
v 0.267214 0.18274 0.101322
vn 0.864823 -1.56027e-16 0.345418
v 0.271282 0.18274 -0.114629
vn 0.61958 -1.11781e-16 0.574086
v 0.271529 -0.181497 -0.107997
vn 1.77865e-16 0.950791 5.5678e-33
v 0.271282 -0.181497 -0.114629
vn 1.77865e-16 0.950791 5.5678e-33
v 0.271282 0.18274 -0.114629
vn -1.77865e-16 -0.950791 -5.5678e-33
v 0.271529 0.18274 -0.107997
vn 0.691888 -1.24826e-16 -0.524217
v -0.225905 -0.180536 0.290316
vn -1.77865e-16 -0.950791 -5.5678e-33
v -0.226747 -0.180536 0.291022
vn 0.51625 -9.31387e-17 0.630367
v -0.226305 -0.180536 0.290696
vn 0.611957 -1.10406e-16 0.578789
v -0.226747 0.181779 0.291022
vn 0.51625 -9.31387e-17 0.630367
v -0.226747 0.181779 0.291022
vn 0.515407 -9.29865e-17 0.630765
v -0.273499 0.181779 0.288456
vn -0.645777 1.16507e-16 0.557162
v -0.273857 0.181779 0.288088
vn -0.723939 1.30609e-16 0.498592
v -0.273499 -0.180536 0.288456
vn -0.645777 1.16507e-16 0.557162
v -0.273857 -0.180536 0.288088
vn -0.723939 1.30609e-16 0.498592
v -0.274173 -0.180536 0.287681
vn -0.793953 1.4324e-16 0.43268
v -0.274173 0.181779 0.287681
vn -0.793454 1.4315e-16 0.433208
v -0.274173 -0.180536 0.287681
vn -0.793454 1.4315e-16 0.433208
v -0.273857 0.181779 0.288088
vn -0.724506 1.30711e-16 0.498116
v -0.226747 0.181779 0.291022
vn 1.77865e-16 0.950791 5.5678e-33
v -0.168086 0.18274 0.299851
vn 1.77865e-16 0.950791 5.5678e-33
v -0.214811 -0.181497 0.3
vn -5.98229e-17 3.66309e-33 0.742492
v -0.214811 0.18274 0.3
vn -5.98229e-17 3.66309e-33 0.742492
v -0.212897 0.18274 0.208982
vn 1.77865e-16 0.950791 5.5678e-33
v -0.131823 0.18274 0.143835
vn 1.77865e-16 0.950791 5.5678e-33
v -0.138694 0.18274 0.195075
vn 0.964927 -1.74087e-16 0.11628
v -0.138694 -0.181497 0.195075
vn 0.964927 -1.74087e-16 0.11628
v -0.134862 0.18274 0.168574
vn 0.967234 -1.74503e-16 0.104625
v -0.148048 0.18274 0.247779
vn 1.77865e-16 0.950791 5.5678e-33
v -0.14309 0.18274 0.221481
vn 0.961298 -1.73432e-16 0.132509
v -0.14309 -0.181497 0.221481
vn 0.961298 -1.73432e-16 0.132509
v -0.138694 0.18274 0.195075
vn 0.963944 -1.73909e-16 0.120896
v -0.131597 0.18274 0.14199
vn 1.77865e-16 0.950791 5.5678e-33
v -0.0915921 0.18274 -0.0169329
vn -1.77865e-16 -0.950791 -5.5678e-33
v -0.126769 0.18274 0.088631
vn 0.974403 -1.75795e-16 0.0539123
v -0.224698 0.181779 0.287842
vn 1.77865e-16 0.950791 5.5678e-33
v 0.234136 0.275 0.135735
vn 1.77865e-16 0.950791 5.5678e-33
v 0.219492 0.275 0.141917
vn 0.276435 -4.98727e-17 0.712151
v 0.226963 0.18274 0.139207
vn 0.365895 -6.60124e-17 0.688455
v 0.226963 0.275 0.139207
vn 0.365895 -6.60124e-17 0.688455
v 0.219492 0.18274 0.141917
vn 0.276435 -4.98727e-17 0.712151
v 0.219492 0.18274 0.141917
vn -1.77865e-16 -0.950791 -5.5678e-33
v 0.167565 0.18274 -0.0147203
vn -1.77865e-16 -0.950791 -5.5678e-33
v 0.23233 -0.181497 -0.0170198
vn 0.0416525 -5.36469e-07 0.741818
v 0.263149 0.18274 -0.0185233
vn 0.0457453 -5.36469e-07 0.741678
v 0.167565 0.18274 -0.0147203
vn 0.0264549 -4.77283e-18 0.74222
v 0.167565 0.18274 -0.0147203
vn 0.0236948 -4.27486e-18 0.742274
v 0.13517 -0.181497 -0.0139971
vn 0.0181814 -3.28018e-18 0.742364
v 0.167565 -0.181497 -0.0147203
vn 0.0236948 -4.27486e-18 0.742274
v 0.23233 0.18274 -0.0170198
vn -1.77865e-16 -0.950791 -5.5678e-33
v 0.226963 0.18274 0.139207
vn -1.77865e-16 -0.950791 -5.5678e-33
v 0.258483 0.18274 0.115026
vn -1.77865e-16 -0.950791 -5.5678e-33
v -0.131823 -0.181497 0.143835
vn -1.77865e-16 -0.950791 -5.5678e-33
v -0.134862 -0.181497 0.168574
vn 0.967234 -1.74503e-16 0.104625
v -0.138694 -0.181497 0.195075
vn 0.963944 -1.73909e-16 0.120896
v -0.148048 -0.181497 0.247779
vn -1.77865e-16 -0.950791 -5.5678e-33
v -0.128898 -0.181497 0.115338
vn 0.972389 -1.75433e-16 0.0719108
v -0.128898 0.18274 0.115338
vn 0.972389 -1.75433e-16 0.0719108
v -0.131597 -0.181497 0.14199
vn 0.970765 -1.75139e-16 0.0836314
v -0.12521 -0.181497 0.0618804
vn 0.97563 -1.76017e-16 0.0390573
v -0.126769 0.18274 0.088631
vn 0.974691 -1.75847e-16 0.0508222
v -0.126769 -0.181497 0.088631
vn 0.974691 -1.75847e-16 0.0508222
v -0.169451 -0.181497 0.3
vn -1.77865e-16 -0.950791 -5.5678e-33
v -0.212897 -0.181497 0.208982
vn -1.77865e-16 -0.950791 -5.5678e-33
v -0.224698 -0.180536 0.287842
vn -1.77865e-16 -0.950791 -5.5678e-33
v 0.253175 0.275 0.121129
vn 1.77865e-16 0.950791 5.5678e-33
v 0.258483 0.275 0.115026
vn 0.757279 -1.36624e-16 0.469117
v 0.263179 0.18274 0.108401
vn 0.813504 -1.46768e-16 0.41117
v 0.263179 0.275 0.108401
vn 0.813504 -1.46768e-16 0.41117
v 0.263179 0.18274 0.108401
vn 0.815124 -1.4706e-16 0.409312
v 0.271282 0.18274 -0.114629
vn 0.618165 -1.11526e-16 0.574966
v 0.27027 -0.181497 -0.11385
vn 0.542693 -9.79093e-17 0.617405
v 0.271282 -0.181497 -0.114629
vn 0.618165 -1.11526e-16 0.574966
v 0.270363 -0.181497 -0.10906
vn 1.77865e-16 0.950791 5.5678e-33
v 0.270363 0.18274 -0.10906
vn -1.77865e-16 -0.950791 -5.5678e-33
v 0.271529 -0.181497 -0.107997
vn 0.689772 -1.24444e-16 -0.525825
v 0.270363 0.18274 -0.10906
vn 0.59593 -1.07514e-16 -0.58837
v 0.271529 0.18274 -0.107997
vn 0.689772 -1.24444e-16 -0.525825
v -0.225551 -0.180536 0.28989
vn -1.77865e-16 -0.950791 -5.5678e-33
v -0.225905 -0.180536 0.290316
vn 0.699516 -1.26203e-16 0.518336
v -0.225905 0.181779 0.290316
vn 0.699516 -1.26203e-16 0.518336
v -0.226305 -0.180536 0.290696
vn 0.612714 -1.10542e-16 0.578326
v -0.226305 0.181779 0.290696
vn 0.611957 -1.10406e-16 0.578789
v -0.273857 -0.180536 0.288088
vn -0.724506 1.30711e-16 0.498116
v -0.226305 0.181779 0.290696
vn 1.77865e-16 0.950791 5.5678e-33
v -0.166424 0.18274 0.299447
vn 1.77865e-16 0.950791 5.5678e-33
v -0.168086 0.18274 0.299851
vn 0.161034 -2.90528e-17 0.732337
v -0.169451 0.18274 0.3
vn 0.101851 -1.83754e-17 0.738447
v -0.168086 -0.181497 0.299851
vn 0.161034 -2.90528e-17 0.732337
v -0.214811 0.18274 0.3
vn -0.0280876 5.06739e-18 0.742186
v -0.216282 0.18274 0.299956
vn -0.100849 1.81945e-17 0.738526
v -0.214811 -0.181497 0.3
vn -0.0280876 5.06739e-18 0.742186
v -0.219325 0.18274 0.254565
vn 1.77865e-16 0.950791 5.5678e-33
v -0.134862 0.18274 0.168574
vn 0.968065 -1.74652e-16 0.100088
v -0.134862 -0.181497 0.168574
vn 0.968065 -1.74652e-16 0.100088
v -0.131823 0.18274 0.143835
vn 0.9691 -1.74839e-16 0.094128
v -0.153565 0.18274 0.273956
vn 1.77865e-16 0.950791 5.5678e-33
v -0.148048 0.18274 0.247779
vn 0.957192 -1.72691e-16 0.14869
v -0.148048 -0.181497 0.247779
vn 0.957192 -1.72691e-16 0.14869
v -0.14309 0.18274 0.221481
vn 0.960177 -1.73229e-16 0.137124
v -0.14309 -0.181497 0.221481
vn 0.960177 -1.73229e-16 0.137124
v -0.131597 0.18274 0.14199
vn 0.970765 -1.75139e-16 0.0836314
v -0.12521 0.18274 0.0618804
vn 0.97563 -1.76017e-16 0.0390573
v -0.0592139 0.18274 -0.0156573
vn -1.77865e-16 -0.950791 -5.5678e-33
v -0.22482 0.181779 0.28839
vn 1.77865e-16 0.950791 5.5678e-33
v 0.24094 0.275 0.131537
vn 1.77865e-16 0.950791 5.5678e-33
v 0.226963 0.275 0.139207
vn 0.368608 -6.65019e-17 0.687618
v 0.234136 0.18274 0.135735
vn 0.454507 -8.19993e-17 0.657253
v 0.234136 0.275 0.135735
vn 0.454507 -8.19993e-17 0.657253
v 0.226963 0.18274 0.139207
vn 0.368608 -6.65019e-17 0.687618
v 0.13517 0.18274 -0.0139971
vn -1.77865e-16 -0.950791 -5.5678e-33
v 0.13517 0.18274 -0.0139971
vn 0.0181814 -3.28018e-18 0.742364
v 0.13517 0.18274 -0.0139971
vn 0.0154216 -2.78226e-18 0.7424
v 0.102772 -0.181497 -0.0135605
vn 0.00990748 -1.78745e-18 0.742455
v 0.13517 -0.181497 -0.0139971
vn 0.0154216 -2.78226e-18 0.7424
v 0.234136 0.18274 0.135735
vn -1.77865e-16 -0.950791 -5.5678e-33
v 0.253175 0.18274 0.121129
vn -1.77865e-16 -0.950791 -5.5678e-33
v -0.131823 -0.181497 0.143835
vn 0.9691 -1.74839e-16 0.094128
v -0.153565 -0.181497 0.273956
vn -1.77865e-16 -0.950791 -5.5678e-33
v -0.131597 -0.181497 0.14199
vn 0.97038 -1.7507e-16 0.0861774
v -0.131597 0.18274 0.14199
vn 0.97038 -1.7507e-16 0.0861774
v -0.124221 -0.181497 0.0351017
vn 0.97653 -1.7618e-16 0.022601
v -0.12521 0.18274 0.0618804
vn 0.975935 -1.76072e-16 0.0343783
v -0.12521 -0.181497 0.0618804
vn 0.975935 -1.76072e-16 0.0343783
v -0.0592139 -0.181497 -0.0156573
vn -0.034211 6.17214e-18 0.742037
v -0.0915921 0.18274 -0.0169329
vn -0.0397211 7.16623e-18 0.741878
v -0.0915921 -0.181497 -0.0169329
vn -0.0397211 7.16623e-18 0.741878
v -0.168086 -0.181497 0.299851
vn -1.77865e-16 -0.950791 -5.5678e-33
v -0.219325 -0.181497 0.254565
vn -1.77865e-16 -0.950791 -5.5678e-33
v -0.22482 -0.180536 0.28839
vn -1.77865e-16 -0.950791 -5.5678e-33
v 0.247308 0.275 0.126652
vn 1.77865e-16 0.950791 5.5678e-33
v 0.253175 0.275 0.121129
vn 0.691866 -1.24822e-16 0.524234
v 0.258483 0.18274 0.115026
vn 0.755423 -1.36289e-16 0.470842
v 0.258483 0.275 0.115026
vn 0.755423 -1.36289e-16 0.470842
v 0.258483 0.18274 0.115026
vn 0.757279 -1.36624e-16 0.469117
v 0.27027 0.18274 -0.11385
vn 0.542693 -9.79093e-17 0.617405
v 0.27027 -0.181497 -0.11385
vn 1.77865e-16 0.950791 5.5678e-33
v 0.270363 -0.181497 -0.10906
vn 0.59593 -1.07514e-16 -0.58837
v 0.27027 0.18274 -0.11385
vn -1.77865e-16 -0.950791 -5.5678e-33
v -0.22525 -0.180536 0.289423
vn -1.77865e-16 -0.950791 -5.5678e-33
v -0.225551 -0.180536 0.28989
vn 0.776817 -1.40149e-16 0.450288
v -0.225551 0.181779 0.28989
vn 0.776817 -1.40149e-16 0.450288
v -0.225905 -0.180536 0.290316
vn 0.700191 -1.26324e-16 0.51781
v -0.226305 0.181779 0.290696
vn 0.612714 -1.10542e-16 0.578326
v -0.225905 0.181779 0.290316
vn 0.700191 -1.26324e-16 0.51781
v -0.225905 0.181779 0.290316
vn 1.77865e-16 0.950791 5.5678e-33
v -0.164823 0.18274 0.298832
vn 1.77865e-16 0.950791 5.5678e-33
v -0.166424 0.18274 0.299447
vn 0.279526 -5.04304e-17 0.711453
v -0.168086 0.18274 0.299851
vn 0.163844 -2.95597e-17 0.731977
v -0.166424 -0.181497 0.299447
vn 0.279526 -5.04304e-17 0.711453
v -0.169451 -0.181497 0.3
vn 0.101851 -1.83754e-17 0.738447
v -0.168086 -0.181497 0.299851
vn 0.163844 -2.95597e-17 0.731977
v -0.216282 -0.181497 0.299956
vn -0.100849 1.81945e-17 0.738526
v -0.216282 0.18274 0.299956
vn 1.77865e-16 0.950791 5.5678e-33
v -0.156845 0.18274 0.288018
vn 1.77865e-16 0.950791 5.5678e-33
v -0.153565 0.18274 0.273956
vn 0.952617 -1.71866e-16 0.164786
v -0.153565 -0.181497 0.273956
vn 0.952617 -1.71866e-16 0.164786
v -0.148048 0.18274 0.247779
vn 0.955939 -1.72465e-16 0.153273
v -0.148048 -0.181497 0.247779
vn 0.955939 -1.72465e-16 0.153273
v -0.0915921 -0.181497 -0.0169329
vn -0.0424709 7.66233e-18 0.741791
v -0.12396 0.18274 -0.0184929
vn -0.0452254 8.15929e-18 0.741697
v -0.12396 -0.181497 -0.0184929
vn -0.0452254 8.15929e-18 0.741697
v -0.12396 0.18274 0.0182308
vn 0.976982 -1.76261e-16 4.54645e-17
v -0.12396 -0.181497 -0.0184929
vn 0.976982 -1.76261e-16 4.54645e-17
v -0.12396 0.18274 -0.0184929
vn 0.976982 -1.76261e-16 4.54645e-17
v -0.124221 0.18274 0.0351017
vn 0.97653 -1.7618e-16 0.022601
v -0.026826 0.18274 -0.0146668
vn -1.77865e-16 -0.950791 -5.5678e-33
v -0.0592139 0.18274 -0.0156573
vn -0.034211 6.17214e-18 0.742037
v -0.220422 0.18274 0.298461
vn 1.77865e-16 0.950791 5.5678e-33
v -0.224698 0.18274 0.287842
vn 1.77865e-16 0.950791 5.5678e-33
v -0.224698 0.18274 0.287842
vn -0.975782 1.76044e-16 -0.036801
v -0.224698 0.181779 0.287842
vn -0.975782 1.76044e-16 -0.036801
v -0.224851 0.18274 0.291054
vn -0.975782 1.76044e-16 -0.036801
v -0.22482 0.181779 0.28839
vn 0.936992 -1.69046e-16 0.210255
v -0.22482 -0.180536 0.28839
vn 0.936992 -1.69046e-16 0.210255
v -0.224698 0.181779 0.287842
vn 0.951914 -1.71738e-16 0.167117
v -0.225005 0.181779 0.28892
vn 1.77865e-16 0.950791 5.5678e-33
v 0.234136 0.275 0.135735
vn 0.457099 -8.2467e-17 0.656214
v 0.24094 0.18274 0.131537
vn 0.538579 -9.71671e-17 0.619482
v 0.24094 0.275 0.131537
vn 0.538579 -9.71671e-17 0.619482
v 0.234136 0.18274 0.135735
vn 0.457099 -8.2467e-17 0.656214
v 0.102772 0.18274 -0.0135605
vn -1.77865e-16 -0.950791 -5.5678e-33
v 0.102772 0.18274 -0.0135605
vn 0.00990748 -1.78745e-18 0.742455
v 0.102772 0.18274 -0.0135605
vn 0.00714742 -1.28949e-18 0.742472
v 0.0703701 -0.181497 -0.0134091
vn 0.00163343 -2.94693e-19 0.742492
v 0.102772 -0.181497 -0.0135605
vn 0.00714742 -1.28949e-18 0.742472
v 0.24094 0.18274 0.131537
vn -1.77865e-16 -0.950791 -5.5678e-33
v 0.253175 0.18274 0.121129
vn 0.691866 -1.24822e-16 0.524234
v 0.247308 0.18274 0.126652
vn -1.77865e-16 -0.950791 -5.5678e-33
v -0.156845 -0.181497 0.288018
vn -1.77865e-16 -0.950791 -5.5678e-33
v -0.026826 -0.181497 -0.0146668
vn -0.0259387 4.6797e-18 0.74223
v -0.0592139 0.18274 -0.0156573
vn -0.0314507 5.67415e-18 0.742108
v -0.0592139 -0.181497 -0.0156573
vn -0.0314507 5.67415e-18 0.742108
v -0.0915921 0.18274 -0.0169329
vn -0.0424709 7.66233e-18 0.741791
v -0.166424 -0.181497 0.299447
vn -1.77865e-16 -0.950791 -5.5678e-33
v -0.216282 -0.181497 0.299956
vn -1.77865e-16 -0.950791 -5.5678e-33
v -0.220422 -0.181497 0.298461
vn -1.77865e-16 -0.950791 -5.5678e-33
v -0.224698 -0.181497 0.287842
vn -1.77865e-16 -0.950791 -5.5678e-33
v -0.224698 -0.180536 0.287842
vn -0.975782 1.76044e-16 -0.036801
v -0.224698 -0.181497 0.287842
vn -0.975782 1.76044e-16 -0.036801
v -0.224698 -0.180536 0.287842
vn 0.951914 -1.71738e-16 0.167117
v -0.225005 -0.180536 0.28892
vn -1.77865e-16 -0.950791 -5.5678e-33
v 0.247308 0.275 0.126652
vn 0.619541 -1.11774e-16 0.574111
v 0.253175 0.18274 0.121129
vn 0.689794 -1.24448e-16 0.525808
v 0.253175 0.275 0.121129
vn 0.689794 -1.24448e-16 0.525808
v 0.27027 0.18274 -0.11385
vn 0.541171 -9.76348e-17 0.618176
v 0.269192 -0.181497 -0.11318
vn 0.460597 -8.30981e-17 0.654799
v 0.27027 -0.181497 -0.11385
vn 0.541171 -9.76348e-17 0.618176
v 0.269075 -0.181497 -0.109955
vn 1.77865e-16 0.950791 5.5678e-33
v 0.270363 -0.181497 -0.10906
vn 0.59356 -1.07086e-16 -0.589751
v 0.269075 0.18274 -0.109955
vn 0.489781 -8.83633e-17 -0.642451
v 0.270363 0.18274 -0.10906
vn 0.59356 -1.07086e-16 -0.589751
v 0.269075 0.18274 -0.109955
vn -1.77865e-16 -0.950791 -5.5678e-33
v -0.22525 -0.180536 0.289423
vn 0.84274 -1.52042e-16 0.375623
v -0.22525 0.181779 0.289423
vn 0.84274 -1.52042e-16 0.375623
v -0.225551 -0.180536 0.28989
vn 0.777414 -1.40256e-16 0.449691
v -0.225551 0.181779 0.28989
vn 0.777414 -1.40256e-16 0.449691
v -0.225551 0.181779 0.28989
vn 1.77865e-16 0.950791 5.5678e-33
v -0.163308 0.18274 0.298013
vn 1.77865e-16 0.950791 5.5678e-33
v -0.164823 0.18274 0.298832
vn 0.393917 -7.10681e-17 0.679464
v -0.166424 0.18274 0.299447
vn 0.282498 -5.09666e-17 0.710775
v -0.164823 -0.181497 0.298832
vn 0.393917 -7.10681e-17 0.679464
v -0.166424 -0.181497 0.299447
vn 0.282498 -5.09666e-17 0.710775
v -0.216282 0.18274 0.299956
vn -0.104148 1.87897e-17 0.738262
v -0.21773 0.18274 0.29968
vn -0.247494 4.46514e-17 0.718273
v -0.216282 -0.181497 0.299956
vn -0.104148 1.87897e-17 0.738262
v -0.21773 0.18274 0.29968
vn 1.77865e-16 0.950791 5.5678e-33
v -0.157326 0.18274 0.29008
vn 1.77865e-16 0.950791 5.5678e-33
v -0.156845 0.18274 0.288018
vn 0.94943 -1.7129e-16 0.175087
v -0.156845 -0.181497 0.288018
vn 0.94943 -1.7129e-16 0.175087
v -0.153565 0.18274 0.273956
vn 0.951495 -1.71663e-16 0.168491
v -0.153565 -0.181497 0.273956
vn 0.951495 -1.71663e-16 0.168491
v -0.12396 -0.181497 0.0182308
vn 0.976982 -1.76261e-16 4.54645e-17
v -0.124221 0.18274 0.0351017
vn 0.976676 -1.76206e-16 0.0185999
v -0.12396 -0.181497 0.0182308
vn 0.976854 -1.76238e-16 0.0120137
v -0.12396 0.18274 0.0182308
vn 0.976854 -1.76238e-16 0.0120137
v -0.124221 -0.181497 0.0351017
vn 0.976676 -1.76206e-16 0.0185999
v 0.00556879 0.18274 -0.0139629
vn -1.77865e-16 -0.950791 -5.5678e-33
v -0.026826 0.18274 -0.0146668
vn -0.0259387 4.6797e-18 0.74223
v -0.219121 0.18274 0.299178
vn 1.77865e-16 0.950791 5.5678e-33
v -0.221602 0.18274 0.297548
vn 1.77865e-16 0.950791 5.5678e-33
v -0.224851 -0.181497 0.291054
vn -0.975782 1.76044e-16 -0.036803
v -0.224633 0.18274 0.292399
vn 1.77865e-16 0.950791 5.5678e-33
v -0.224851 0.18274 0.291054
vn 1.77865e-16 0.950791 5.5678e-33
v -0.22482 -0.180536 0.28839
vn 0.936717 -1.68996e-16 0.210963
v -0.22482 0.181779 0.28839
vn 0.936717 -1.68996e-16 0.210963
v -0.225005 -0.180536 0.28892
vn 0.896687 -1.61775e-16 0.294779
v -0.225005 0.181779 0.28892
vn 0.896687 -1.61775e-16 0.294779
v -0.22525 0.181779 0.289423
vn 1.77865e-16 0.950791 5.5678e-33
v 0.24094 0.275 0.131537
vn 0.541022 -9.76079e-17 0.618252
v 0.247308 0.18274 0.126652
vn 0.61727 -1.11364e-16 0.575521
v 0.247308 0.275 0.126652
vn 0.61727 -1.11364e-16 0.575521
v 0.24094 0.18274 0.131537
vn 0.541022 -9.76079e-17 0.618252
v 0.0703701 0.18274 -0.0134091
vn -1.77865e-16 -0.950791 -5.5678e-33
v 0.0703701 0.18274 -0.0134091
vn 0.00163343 -2.94693e-19 0.742492
v 0.0703701 -0.181497 -0.0134091
vn -0.00112656 2.03247e-19 0.742492
v 0.0379685 0.18274 -0.0135427
vn -0.00664121 1.19817e-18 0.742475
v 0.0379685 -0.181497 -0.0135427
vn -0.00664121 1.19817e-18 0.742475
v 0.247308 0.18274 0.126652
vn 0.619541 -1.11774e-16 0.574111
v -0.157326 -0.181497 0.29008
vn -1.77865e-16 -0.950791 -5.5678e-33
v 0.00556879 -0.181497 -0.0139629
vn -0.0176653 3.18706e-18 0.742371
v -0.026826 0.18274 -0.0146668
vn -0.0231786 4.18175e-18 0.742284
v -0.026826 -0.181497 -0.0146668
vn -0.0231786 4.18175e-18 0.742284
v -0.164823 -0.181497 0.298832
vn -1.77865e-16 -0.950791 -5.5678e-33
v -0.21773 -0.181497 0.29968
vn -1.77865e-16 -0.950791 -5.5678e-33
v -0.219121 -0.181497 0.299178
vn -1.77865e-16 -0.950791 -5.5678e-33
v -0.221602 -0.181497 0.297548
vn -1.77865e-16 -0.950791 -5.5678e-33
v 0.269192 0.18274 -0.11318
vn 0.460597 -8.30981e-17 0.654799
v 0.269192 -0.181497 -0.11318
vn 1.77865e-16 0.950791 5.5678e-33
v 0.269075 -0.181497 -0.109955
vn 0.489781 -8.83633e-17 -0.642451
v 0.269192 0.18274 -0.11318
vn -1.77865e-16 -0.950791 -5.5678e-33
v -0.225005 -0.180536 0.28892
vn 0.896298 -1.61705e-16 0.295461
v -0.225005 0.181779 0.28892
vn 0.896298 -1.61705e-16 0.295461
v -0.22525 -0.180536 0.289423
vn 0.843231 -1.52131e-16 0.374985
v -0.22525 0.181779 0.289423
vn 0.843231 -1.52131e-16 0.374985
v -0.161904 0.18274 0.297005
vn 1.77865e-16 0.950791 5.5678e-33
v -0.163308 0.18274 0.298013
vn 0.502226 -9.06084e-17 0.636877
v -0.164823 0.18274 0.298832
vn 0.396803 -7.15888e-17 0.678494
v -0.163308 -0.181497 0.298013
vn 0.502226 -9.06084e-17 0.636877
v -0.164823 -0.181497 0.298832
vn 0.396803 -7.15888e-17 0.678494
v -0.21773 -0.181497 0.29968
vn -0.247494 4.46514e-17 0.718273
v -0.157787 0.18274 0.291426
vn 1.77865e-16 0.950791 5.5678e-33
v -0.157326 0.18274 0.29008
vn 0.949427 -1.7129e-16 0.175098
v -0.157326 -0.181497 0.29008
vn 0.949427 -1.7129e-16 0.175098
v -0.156845 0.18274 0.288018
vn 0.949427 -1.7129e-16 0.175098
v -0.156845 -0.181497 0.288018
vn 0.949427 -1.7129e-16 0.175098
v 0.0379685 0.18274 -0.0135427
vn -1.77865e-16 -0.950791 -5.5678e-33
v 0.00556879 0.18274 -0.0139629
vn -0.0176653 3.18706e-18 0.742371
v -0.219121 0.18274 0.299178
vn -0.391409 7.06157e-17 0.680301
v -0.220422 0.18274 0.298461
vn -0.520214 9.38538e-17 0.628482
v -0.219121 -0.181497 0.299178
vn -0.391409 7.06157e-17 0.680301
v -0.222636 0.18274 0.296457
vn 1.77865e-16 0.950791 5.5678e-33
v -0.220422 0.18274 0.298461
vn -0.52302 9.43599e-17 0.627136
v -0.221602 0.18274 0.297548
vn -0.639956 1.15457e-16 0.561028
v -0.220422 -0.181497 0.298461
vn -0.52302 9.43599e-17 0.627136
v -0.224851 0.18274 0.291054
vn -0.963273 1.73788e-16 0.123949
v -0.224851 -0.181497 0.291054
vn -0.963273 1.73788e-16 0.123949
v -0.224633 0.18274 0.292399
vn -0.948383 1.71102e-16 0.178337
v -0.224169 0.18274 0.293853
vn 1.77865e-16 0.950791 5.5678e-33
v 0.0703701 0.18274 -0.0134091
vn -0.00112656 2.03247e-19 0.742492
v 0.00556879 0.18274 -0.0139629
vn -0.0149151 2.69089e-18 0.742406
v 0.0379685 -0.181497 -0.0135427
vn -0.00940117 1.69611e-18 0.742458
v 0.0379685 0.18274 -0.0135427
vn -0.00940117 1.69611e-18 0.742458
v 0.00556879 -0.181497 -0.0139629
vn -0.0149151 2.69089e-18 0.742406
v -0.157787 -0.181497 0.291426
vn -1.77865e-16 -0.950791 -5.5678e-33
v -0.163308 -0.181497 0.298013
vn -1.77865e-16 -0.950791 -5.5678e-33
v -0.220422 -0.181497 0.298461
vn -0.520214 9.38538e-17 0.628482
v -0.221602 -0.181497 0.297548
vn -0.639956 1.15457e-16 0.561028
v -0.222636 -0.181497 0.296457
vn -1.77865e-16 -0.950791 -5.5678e-33
v -0.224633 -0.181497 0.292399
vn -1.77865e-16 -0.950791 -5.5678e-33
v -0.224851 -0.181497 0.291054
vn -1.77865e-16 -0.950791 -5.5678e-33
v 0.269192 0.18274 -0.11318
vn 0.458993 -8.28088e-17 0.655449
v 0.268054 -0.181497 -0.112621
vn 0.374089 -6.74909e-17 0.685906
v 0.269192 -0.181497 -0.11318
vn 0.458993 -8.28088e-17 0.655449
v 0.268054 -0.181497 -0.112621
vn 1.77865e-16 0.950791 5.5678e-33
v 0.269075 -0.181497 -0.109955
vn 0.487201 -8.78978e-17 -0.643583
v 0.267684 0.18274 -0.110669
vn 0.375256 -6.77014e-17 -0.685538
v 0.269075 0.18274 -0.109955
vn 0.487201 -8.78978e-17 -0.643583
v 0.268054 0.18274 -0.112621
vn -1.77865e-16 -0.950791 -5.5678e-33
v -0.160631 0.18274 0.295823
vn 1.77865e-16 0.950791 5.5678e-33
v -0.161904 0.18274 0.297005
vn 0.602677 -1.08731e-16 0.584386
v -0.163308 0.18274 0.298013
vn 0.504897 -9.10904e-17 0.635656
v -0.161904 -0.181497 0.297005
vn 0.602677 -1.08731e-16 0.584386
v -0.163308 -0.181497 0.298013
vn 0.504897 -9.10904e-17 0.635656
v -0.21773 0.18274 0.29968
vn -0.250695 4.52288e-17 0.717632
v -0.219121 0.18274 0.299178
vn -0.388374 7.0068e-17 0.681305
v -0.21773 -0.181497 0.29968
vn -0.250695 4.52288e-17 0.717632
v -0.158555 0.18274 0.29301
vn 1.77865e-16 0.950791 5.5678e-33
v -0.157787 0.18274 0.291426
vn 0.898474 -1.62097e-16 0.291619
v -0.157787 -0.181497 0.291426
vn 0.898474 -1.62097e-16 0.291619
v -0.157326 0.18274 0.29008
vn 0.920241 -1.66024e-16 0.249352
v -0.157326 -0.181497 0.29008
vn 0.920241 -1.66024e-16 0.249352
v -0.219121 -0.181497 0.299178
vn -0.388374 7.0068e-17 0.681305
v -0.223498 0.18274 0.295215
vn 1.77865e-16 0.950791 5.5678e-33
v -0.222636 0.18274 0.296457
vn -0.744797 1.34372e-16 0.48052
v -0.222636 -0.181497 0.296457
vn -0.744797 1.34372e-16 0.48052
v -0.221602 0.18274 0.297548
vn -0.642453 1.15907e-16 0.559377
v -0.224633 -0.181497 0.292399
vn -0.948383 1.71102e-16 0.178337
v -0.224633 0.18274 0.292399
vn -0.947623 1.70964e-16 0.180655
v -0.224633 -0.181497 0.292399
vn -0.947623 1.70964e-16 0.180655
v -0.224169 0.18274 0.293853
vn -0.901719 1.62682e-16 0.285777
v -0.158555 -0.181497 0.29301
vn -1.77865e-16 -0.950791 -5.5678e-33
v -0.161904 -0.181497 0.297005
vn -1.77865e-16 -0.950791 -5.5678e-33
v -0.221602 -0.181497 0.297548
vn -0.642453 1.15907e-16 0.559377
v -0.223498 -0.181497 0.295215
vn -1.77865e-16 -0.950791 -5.5678e-33
v -0.224169 -0.181497 0.293853
vn -1.77865e-16 -0.950791 -5.5678e-33
v 0.268054 0.18274 -0.112621
vn 0.374089 -6.74909e-17 0.685906
v 0.267684 -0.181497 -0.110669
vn 1.77865e-16 0.950791 5.5678e-33
v 0.267684 -0.181497 -0.110669
vn 0.375256 -6.77014e-17 -0.685538
v 0.267684 0.18274 -0.110669
vn -1.77865e-16 -0.950791 -5.5678e-33
v -0.159509 0.18274 0.294484
vn 1.77865e-16 0.950791 5.5678e-33
v -0.160631 0.18274 0.295823
vn 0.693755 -1.25163e-16 0.52279
v -0.161904 0.18274 0.297005
vn 0.605136 -1.09175e-16 0.582917
v -0.160631 -0.181497 0.295823
vn 0.693755 -1.25163e-16 0.52279
v -0.161904 -0.181497 0.297005
vn 0.605136 -1.09175e-16 0.582917
v -0.158555 0.18274 0.29301
vn 0.843828 -1.52239e-16 0.37421
v -0.158555 -0.181497 0.29301
vn 0.843828 -1.52239e-16 0.37421
v -0.157787 0.18274 0.291426
vn 0.897352 -1.61895e-16 0.293608
v -0.157787 -0.181497 0.291426
vn 0.897352 -1.61895e-16 0.293608
v -0.223498 0.18274 0.295215
vn -0.832299 1.50159e-16 0.388837
v -0.223498 -0.181497 0.295215
vn -0.832299 1.50159e-16 0.388837
v -0.222636 0.18274 0.296457
vn -0.746929 1.34756e-16 0.478605
v -0.222636 -0.181497 0.296457
vn -0.746929 1.34756e-16 0.478605
v -0.224169 0.18274 0.293853
vn -0.900444 1.62453e-16 0.28809
v -0.224169 -0.181497 0.293853
vn -0.900444 1.62453e-16 0.28809
v -0.223498 0.18274 0.295215
vn -0.834034 1.50471e-16 0.386683
v -0.224169 -0.181497 0.293853
vn -0.901719 1.62682e-16 0.285777
v -0.159509 -0.181497 0.294484
vn -1.77865e-16 -0.950791 -5.5678e-33
v -0.160631 -0.181497 0.295823
vn -1.77865e-16 -0.950791 -5.5678e-33
v 0.268054 0.18274 -0.112621
vn 0.372405 -6.71871e-17 0.686435
v 0.26687 -0.181497 -0.112181
vn 0.283988 -5.12354e-17 0.710432
v 0.268054 -0.181497 -0.112621
vn 0.372405 -6.71871e-17 0.686435
v 0.26687 -0.181497 -0.112181
vn 1.77865e-16 0.950791 5.5678e-33
v 0.267684 -0.181497 -0.110669
vn 0.372496 -6.72034e-17 -0.686407
v 0.266217 0.18274 -0.111188
vn 0.254306 -4.58803e-17 -0.716898
v 0.267684 0.18274 -0.110669
vn 0.372496 -6.72034e-17 -0.686407
v 0.26687 0.18274 -0.112181
vn -1.77865e-16 -0.950791 -5.5678e-33
v -0.160631 0.18274 0.295823
vn 0.69596 -1.25561e-16 0.521095
v -0.160631 -0.181497 0.295823
vn 0.69596 -1.25561e-16 0.521095
v -0.159509 0.18274 0.294484
vn 0.774032 -1.39646e-16 0.453049
v -0.159509 0.18274 0.294484
vn 0.775932 -1.39989e-16 0.451167
v -0.159509 -0.181497 0.294484
vn 0.775932 -1.39989e-16 0.451167
v -0.158555 0.18274 0.29301
vn 0.842246 -1.51952e-16 0.376263
v -0.158555 -0.181497 0.29301
vn 0.842246 -1.51952e-16 0.376263
v -0.223498 -0.181497 0.295215
vn -0.834034 1.50471e-16 0.386683
v 0.26687 0.18274 -0.112181
vn 0.283988 -5.12354e-17 0.710432
v 0.266217 -0.181497 -0.111188
vn 1.77865e-16 0.950791 5.5678e-33
v 0.266217 -0.181497 -0.111188
vn 0.254306 -4.58803e-17 -0.716898
v 0.266217 0.18274 -0.111188
vn -1.77865e-16 -0.950791 -5.5678e-33
v -0.159509 -0.181497 0.294484
vn 0.774032 -1.39646e-16 0.453049
v 0.26687 0.18274 -0.112181
vn 0.282237 -5.09196e-17 0.710835
v 0.265649 -0.181497 -0.111864
vn 0.191155 -3.44871e-17 0.728142
v 0.26687 -0.181497 -0.112181
vn 0.282237 -5.09196e-17 0.710835
v 0.265649 -0.181497 -0.111864
vn 1.77865e-16 0.950791 5.5678e-33
v 0.266217 -0.181497 -0.111188
vn 0.251425 -4.53607e-17 -0.717484
v 0.264697 0.18274 -0.111503
vn 0.129009 -2.3275e-17 -0.73599
v 0.266217 0.18274 -0.111188
vn 0.251425 -4.53607e-17 -0.717484
v 0.265649 0.18274 -0.111864
vn -1.77865e-16 -0.950791 -5.5678e-33
v 0.265649 0.18274 -0.111864
vn 0.191155 -3.44871e-17 0.728142
v 0.264697 -0.181497 -0.111503
vn 1.77865e-16 0.950791 5.5678e-33
v 0.264697 -0.181497 -0.111503
vn 0.129009 -2.3275e-17 -0.73599
v 0.264697 0.18274 -0.111503
vn -1.77865e-16 -0.950791 -5.5678e-33
v 0.265649 0.18274 -0.111864
vn 0.189378 -3.41665e-17 0.72841
v 0.264406 -0.181497 -0.111671
vn 0.0965059 -1.7411e-17 0.738861
v 0.265649 -0.181497 -0.111864
vn 0.189378 -3.41665e-17 0.72841
v 0.264406 -0.181497 -0.111671
vn 1.77865e-16 0.950791 5.5678e-33
v 0.264697 -0.181497 -0.111503
vn 0.126029 -2.27373e-17 -0.736289
v 0.263149 0.18274 -0.111607
vn 0.0638859 -1.15259e-17 -0.740904
v 0.264697 0.18274 -0.111503
vn 0.126029 -2.27373e-17 -0.736289
v 0.264406 0.18274 -0.111671
vn -1.77865e-16 -0.950791 -5.5678e-33
v 0.264406 0.18274 -0.111671
vn 0.0965059 -1.7411e-17 0.738861
v 0.263149 -0.181497 -0.111607
vn 1.77865e-16 0.950791 5.5678e-33
v 0.263149 -0.181497 -0.111607
vn 0.0638859 -1.15259e-17 -0.740904
v 0.263149 0.18274 -0.111607
vn -1.77865e-16 -0.950791 -5.5678e-33
v 0.264406 0.18274 -0.111671
vn 0.0946838 -1.70823e-17 0.738998
v 0.263149 -0.181497 -0.111607
vn 0.0478528 -8.6333e-18 0.741601
v 0.264406 -0.181497 -0.111671
vn 0.0946838 -1.70823e-17 0.738998
v 0.263149 0.18274 -0.111607
vn 0.0478528 -8.6333e-18 0.741601
v -0.136056 -0.181497 0.0942457
vn -0.132622 2.39269e-17 0.73562
v -0.127315 -0.181497 0.0954908
vn -0.132622 2.39269e-17 0.73562
v -0.136056 0.18274 0.0942457
vn -0.132622 2.39269e-17 0.73562
v -0.197771 -0.181497 0.0854471
vn -0.968013 1.74643e-16 -0.100383
v -0.205429 -0.180536 0.143835
vn -0.968013 1.74643e-16 -0.100383
v -0.197771 -0.180536 0.0854471
vn -0.968013 1.74643e-16 -0.100383
v -0.197739 0.181779 0.0854523
vn -0.967937 1.74629e-16 -0.100799
v -0.205429 0.18274 0.143835
vn -0.967937 1.74629e-16 -0.100799
v -0.197739 0.18274 0.0854523
vn -0.967937 1.74629e-16 -0.100799
v -0.205429 0.181779 0.143835
vn -0.967937 1.74629e-16 -0.100799
v -0.205429 -0.181497 0.143835
vn -0.968013 1.74643e-16 -0.100383
v -0.207381 0.18274 0.163269
vn -0.970585 1.75107e-16 -0.084829
v -0.205429 0.181779 0.143835
vn -0.971691 1.75306e-16 -0.0771695
v -0.207381 0.181779 0.163269
vn -0.970585 1.75107e-16 -0.084829
v -0.205429 0.18274 0.143835
vn -0.971691 1.75306e-16 -0.0771695
v -0.207381 -0.181497 0.163269
vn -0.970585 1.75107e-16 -0.084829
v -0.205429 -0.180536 0.143835
vn -0.971691 1.75306e-16 -0.0771695
v -0.205429 -0.181497 0.143835
vn -0.971691 1.75306e-16 -0.0771695
v -0.207381 -0.180536 0.163269
vn -0.970585 1.75107e-16 -0.084829
v -0.207381 0.181779 0.163269
vn -0.970582 1.75106e-16 -0.0848483
v -0.212897 0.18274 0.208982
vn -0.968059 1.74651e-16 -0.100124
v -0.207381 0.18274 0.163269
vn -0.970582 1.75106e-16 -0.0848483
v -0.212897 0.181779 0.208982
vn -0.968059 1.74651e-16 -0.100124
v -0.212897 -0.181497 0.208982
vn -0.968059 1.74651e-16 -0.100124
v -0.207381 -0.180536 0.163269
vn -0.970582 1.75106e-16 -0.0848483
v -0.207381 -0.181497 0.163269
vn -0.970582 1.75106e-16 -0.0848483
v -0.212897 -0.180536 0.208982
vn -0.968059 1.74651e-16 -0.100124
v -0.212897 0.181779 0.208982
vn -0.968054 1.7465e-16 -0.100152
v -0.219325 0.18274 0.254565
vn -0.965114 1.7412e-16 -0.115383
v -0.212897 0.18274 0.208982
vn -0.968054 1.7465e-16 -0.100152
v -0.219325 0.181779 0.254565
vn -0.965114 1.7412e-16 -0.115383
v -0.219325 -0.181497 0.254565
vn -0.965114 1.7412e-16 -0.115383
v -0.212897 -0.180536 0.208982
vn -0.968054 1.7465e-16 -0.100152
v -0.212897 -0.181497 0.208982
vn -0.968054 1.7465e-16 -0.100152
v -0.219325 -0.180536 0.254565
vn -0.965114 1.7412e-16 -0.115383
v -0.219325 0.181779 0.254565
vn -0.965109 1.74119e-16 -0.115406
v -0.224698 0.18274 0.287842
vn -0.963481 1.73825e-16 -0.123008
v -0.219325 0.18274 0.254565
vn -0.965109 1.74119e-16 -0.115406
v -0.224698 0.181779 0.287842
vn -0.963481 1.73825e-16 -0.123008
v -0.224698 -0.181497 0.287842
vn -0.963481 1.73825e-16 -0.123008
v -0.219325 -0.180536 0.254565
vn -0.965109 1.74119e-16 -0.115406
v -0.219325 -0.181497 0.254565
vn -0.965109 1.74119e-16 -0.115406
v -0.224698 -0.180536 0.287842
vn -0.963481 1.73825e-16 -0.123008
v -0.274943 0.181779 0.285765
vn 0.963066 -1.7375e-16 -0.124873
v -0.275 -0.180536 0.285244
vn 0.970776 -1.75142e-16 -0.0835601
v -0.275 0.181779 0.285244
vn 0.970776 -1.75142e-16 -0.0835601
v -0.22933 0.181779 0.291717
vn -0.0107416 1.93794e-18 -0.742448
v -0.228789 -0.180536 0.291711
vn -0.0693823 1.25175e-17 -0.740618
v -0.22933 -0.180536 0.291717
vn -0.0107416 1.93794e-18 -0.742448
v -0.271743 0.181779 0.289442
vn 0.25885 -4.67002e-17 -0.715957
v -0.271251 -0.180536 0.289552
vn 0.20552 -3.70786e-17 -0.725878
v -0.271743 -0.180536 0.289442
vn 0.25885 -4.67002e-17 -0.715957
v -0.274943 -0.180536 0.285765
vn 0.963066 -1.7375e-16 -0.124873
v -0.228789 0.181779 0.291711
vn -0.0703553 1.26931e-17 -0.740565
v -0.228251 -0.180536 0.291637
vn -0.186658 3.36757e-17 -0.728815
v -0.228789 -0.180536 0.291711
vn -0.0703553 1.26931e-17 -0.740565
v -0.228789 0.181779 0.291711
vn -0.0693823 1.25175e-17 -0.740618
v -0.271251 0.181779 0.289552
vn 0.20552 -3.70786e-17 -0.725878
v -0.271743 -0.180536 0.289442
vn 0.259663 -4.68469e-17 -0.715787
v -0.27222 0.181779 0.289275
vn 0.363677 -6.56123e-17 -0.689133
v -0.271743 0.181779 0.289442
vn 0.259663 -4.68469e-17 -0.715787
v -0.27222 -0.180536 0.289275
vn 0.363677 -6.56123e-17 -0.689133
v -0.274831 0.181779 0.286275
vn 0.938322 -1.69287e-16 -0.206802
v -0.274943 -0.180536 0.285765
vn 0.962925 -1.73725e-16 -0.125504
v -0.274943 0.181779 0.285765
vn 0.962925 -1.73725e-16 -0.125504
v -0.228251 0.181779 0.291637
vn -0.187618 3.38489e-17 -0.728673
v -0.227727 -0.180536 0.291495
vn -0.3012 5.43406e-17 -0.706326
v -0.228251 -0.180536 0.291637
vn -0.187618 3.38489e-17 -0.728673
v -0.228251 0.181779 0.291637
vn -0.186658 3.36757e-17 -0.728815
v -0.27222 -0.180536 0.289275
vn 0.364476 -6.57565e-17 -0.688889
v -0.272675 0.181779 0.289053
vn 0.463857 -8.36862e-17 -0.653469
v -0.27222 0.181779 0.289275
vn 0.364476 -6.57565e-17 -0.688889
v -0.272675 -0.180536 0.289053
vn 0.463857 -8.36862e-17 -0.653469
v -0.274831 -0.180536 0.286275
vn 0.938322 -1.69287e-16 -0.206802
v -0.274663 0.181779 0.286768
vn 0.901543 -1.62651e-16 -0.286097
v -0.274831 -0.180536 0.286275
vn 0.938081 -1.69242e-16 -0.207433
v -0.274831 0.181779 0.286275
vn 0.938081 -1.69242e-16 -0.207433
v -0.227727 0.181779 0.291495
vn -0.302136 5.45094e-17 -0.706095
v -0.227224 -0.180536 0.291289
vn -0.411333 7.42101e-17 -0.673478
v -0.227727 -0.180536 0.291495
vn -0.302136 5.45094e-17 -0.706095
v -0.227727 0.181779 0.291495
vn -0.3012 5.43406e-17 -0.706326
v -0.272675 -0.180536 0.289053
vn 0.464595 -8.38194e-17 -0.653165
v -0.273104 0.181779 0.288779
vn 0.558069 -1.00683e-16 -0.609437
v -0.272675 0.181779 0.289053
vn 0.464595 -8.38194e-17 -0.653165
v -0.273104 -0.180536 0.288779
vn 0.558069 -1.00683e-16 -0.609437
v -0.274663 -0.180536 0.286768
vn 0.901543 -1.62651e-16 -0.286097
v -0.274443 0.181779 0.287239
vn 0.853218 -1.53933e-16 -0.361704
v -0.274663 -0.180536 0.286768
vn 0.90122 -1.62593e-16 -0.286682
v -0.274663 0.181779 0.286768
vn 0.90122 -1.62593e-16 -0.286682
v -0.227224 0.181779 0.291289
vn -0.412201 7.43667e-17 -0.673171
v -0.226747 -0.180536 0.291022
vn -0.515407 9.29865e-17 -0.630765
v -0.227224 -0.180536 0.291289
vn -0.412201 7.43667e-17 -0.673171
v -0.227224 0.181779 0.291289
vn -0.411333 7.42101e-17 -0.673478
v -0.273104 -0.180536 0.288779
vn 0.558771 -1.0081e-16 -0.609065
v -0.273499 0.181779 0.288456
vn 0.645142 -1.16393e-16 -0.557586
v -0.273104 0.181779 0.288779
vn 0.558771 -1.0081e-16 -0.609065
v -0.273499 -0.180536 0.288456
vn 0.645142 -1.16393e-16 -0.557586
v -0.274443 -0.180536 0.287239
vn 0.853218 -1.53933e-16 -0.361704
v -0.274173 0.181779 0.287681
vn 0.793953 -1.4324e-16 -0.43268
v -0.274443 -0.180536 0.287239
vn 0.852805 -1.53858e-16 -0.362265
v -0.274443 0.181779 0.287239
vn 0.852805 -1.53858e-16 -0.362265
v -0.127315 -0.181497 0.0954908
vn -0.973639 1.75658e-16 -0.0613747
v -0.128898 0.18274 0.115338
vn -0.972911 1.75526e-16 -0.0677086
v -0.127315 0.18274 0.0954908
vn -0.973639 1.75658e-16 -0.0613747
v -0.128898 -0.181497 0.115338
vn -0.972911 1.75526e-16 -0.0677086
v -0.226747 0.181779 0.291022
vn -0.51625 9.31387e-17 -0.630367
v -0.226305 -0.180536 0.290696
vn -0.611957 1.10406e-16 -0.578789
v -0.226747 -0.180536 0.291022
vn -0.51625 9.31387e-17 -0.630367
v -0.226747 0.181779 0.291022
vn -0.515407 9.29865e-17 -0.630765
v -0.273499 -0.180536 0.288456
vn 0.645777 -1.16507e-16 -0.557162
v -0.273857 0.181779 0.288088
vn 0.723939 -1.30609e-16 -0.498592
v -0.273499 0.181779 0.288456
vn 0.645777 -1.16507e-16 -0.557162
v -0.273857 -0.180536 0.288088
vn 0.723939 -1.30609e-16 -0.498592
v -0.274173 -0.180536 0.287681
vn 0.793953 -1.4324e-16 -0.43268
v -0.273857 0.181779 0.288088
vn 0.724506 -1.30711e-16 -0.498116
v -0.274173 -0.180536 0.287681
vn 0.793454 -1.4315e-16 -0.433208
v -0.274173 0.181779 0.287681
vn 0.793454 -1.4315e-16 -0.433208
v -0.134862 0.18274 0.168574
vn -0.967234 1.74503e-16 -0.104625
v -0.138694 -0.181497 0.195075
vn -0.964927 1.74087e-16 -0.11628
v -0.138694 0.18274 0.195075
vn -0.964927 1.74087e-16 -0.11628
v -0.138694 0.18274 0.195075
vn -0.963944 1.73909e-16 -0.120896
v -0.14309 -0.181497 0.221481
vn -0.961298 1.73432e-16 -0.132509
v -0.14309 0.18274 0.221481
vn -0.961298 1.73432e-16 -0.132509
v -0.12396 0.18274 -0.0184929
vn -0.970952 1.75173e-16 -0.0823684
v -0.136056 -0.181497 0.0942457
vn -0.970952 1.75173e-16 -0.0823684
v -0.136056 0.18274 0.0942457
vn -0.970952 1.75173e-16 -0.0823684
v -0.134862 -0.181497 0.168574
vn -0.967234 1.74503e-16 -0.104625
v -0.138694 -0.181497 0.195075
vn -0.963944 1.73909e-16 -0.120896
v -0.131597 -0.181497 0.14199
vn -0.970765 1.75139e-16 -0.0836314
v -0.128898 0.18274 0.115338
vn -0.972389 1.75433e-16 -0.0719108
v -0.128898 -0.181497 0.115338
vn -0.972389 1.75433e-16 -0.0719108
v -0.226305 -0.180536 0.290696
vn -0.612714 1.10542e-16 -0.578326
v -0.225905 0.181779 0.290316
vn -0.699516 1.26203e-16 -0.518336
v -0.225905 -0.180536 0.290316
vn -0.699516 1.26203e-16 -0.518336
v -0.226305 0.181779 0.290696
vn -0.611957 1.10406e-16 -0.578789
v -0.273857 -0.180536 0.288088
vn 0.724506 -1.30711e-16 -0.498116
v -0.168086 -0.181497 0.299851
vn -0.161034 2.90528e-17 -0.732337
v -0.169451 0.18274 0.3
vn -0.101851 1.83754e-17 -0.738447
v -0.168086 0.18274 0.299851
vn -0.161034 2.90528e-17 -0.732337
v -0.214811 -0.181497 0.3
vn 0.0280876 -5.06739e-18 -0.742186
v -0.216282 0.18274 0.299956
vn 0.100849 -1.81945e-17 -0.738526
v -0.214811 0.18274 0.3
vn 0.0280876 -5.06739e-18 -0.742186
v -0.131823 0.18274 0.143835
vn -0.9691 1.74839e-16 -0.094128
v -0.134862 -0.181497 0.168574
vn -0.968065 1.74652e-16 -0.100088
v -0.134862 0.18274 0.168574
vn -0.968065 1.74652e-16 -0.100088
v -0.14309 0.18274 0.221481
vn -0.960177 1.73229e-16 -0.137124
v -0.148048 -0.181497 0.247779
vn -0.957192 1.72691e-16 -0.14869
v -0.148048 0.18274 0.247779
vn -0.957192 1.72691e-16 -0.14869
v -0.14309 -0.181497 0.221481
vn -0.960177 1.73229e-16 -0.137124
v -0.131597 0.18274 0.14199
vn -0.970765 1.75139e-16 -0.0836314
v -0.12396 -0.181497 -0.0184929
vn -0.970952 1.75173e-16 -0.0823684
v -0.131823 -0.181497 0.143835
vn -0.9691 1.74839e-16 -0.094128
v -0.131597 0.18274 0.14199
vn -0.97038 1.7507e-16 -0.0861774
v -0.131597 -0.181497 0.14199
vn -0.97038 1.7507e-16 -0.0861774
v -0.169451 -0.181497 0.3
vn 5.98229e-17 -3.66309e-33 -0.742492
v -0.225905 -0.180536 0.290316
vn -0.700191 1.26324e-16 -0.51781
v -0.225551 0.181779 0.28989
vn -0.776817 1.40149e-16 -0.450288
v -0.225551 -0.180536 0.28989
vn -0.776817 1.40149e-16 -0.450288
v -0.226305 0.181779 0.290696
vn -0.612714 1.10542e-16 -0.578326
v -0.225905 0.181779 0.290316
vn -0.700191 1.26324e-16 -0.51781
v -0.166424 -0.181497 0.299447
vn -0.279526 5.04304e-17 -0.711453
v -0.168086 0.18274 0.299851
vn -0.163844 2.95597e-17 -0.731977
v -0.166424 0.18274 0.299447
vn -0.279526 5.04304e-17 -0.711453
v -0.169451 -0.181497 0.3
vn -0.101851 1.83754e-17 -0.738447
v -0.168086 -0.181497 0.299851
vn -0.163844 2.95597e-17 -0.731977
v -0.216282 -0.181497 0.299956
vn 0.100849 -1.81945e-17 -0.738526
v -0.148048 0.18274 0.247779
vn -0.955939 1.72465e-16 -0.153273
v -0.153565 -0.181497 0.273956
vn -0.952617 1.71866e-16 -0.164786
v -0.153565 0.18274 0.273956
vn -0.952617 1.71866e-16 -0.164786
v -0.148048 -0.181497 0.247779
vn -0.955939 1.72465e-16 -0.153273
v -0.224851 0.18274 0.291054
vn 0.975782 -1.76044e-16 0.036801
v -0.224698 0.181779 0.287842
vn 0.975782 -1.76044e-16 0.036801
v -0.224698 0.18274 0.287842
vn 0.975782 -1.76044e-16 0.036801
v -0.224698 0.181779 0.287842
vn -0.951914 1.71738e-16 -0.167117
v -0.22482 -0.180536 0.28839
vn -0.936992 1.69046e-16 -0.210255
v -0.22482 0.181779 0.28839
vn -0.936992 1.69046e-16 -0.210255
v -0.224698 -0.181497 0.287842
vn 0.975782 -1.76044e-16 0.036801
v -0.224698 -0.180536 0.287842
vn 0.975782 -1.76044e-16 0.036801
v -0.224698 -0.180536 0.287842
vn -0.951914 1.71738e-16 -0.167117
v -0.225551 -0.180536 0.28989
vn -0.777414 1.40256e-16 -0.449691
v -0.22525 0.181779 0.289423
vn -0.84274 1.52042e-16 -0.375623
v -0.22525 -0.180536 0.289423
vn -0.84274 1.52042e-16 -0.375623
v -0.225551 0.181779 0.28989
vn -0.777414 1.40256e-16 -0.449691
v -0.164823 -0.181497 0.298832
vn -0.393917 7.10681e-17 -0.679464
v -0.166424 0.18274 0.299447
vn -0.282498 5.09666e-17 -0.710775
v -0.164823 0.18274 0.298832
vn -0.393917 7.10681e-17 -0.679464
v -0.166424 -0.181497 0.299447
vn -0.282498 5.09666e-17 -0.710775
v -0.216282 -0.181497 0.299956
vn 0.104148 -1.87897e-17 -0.738262
v -0.21773 0.18274 0.29968
vn 0.247494 -4.46514e-17 -0.718273
v -0.216282 0.18274 0.299956
vn 0.104148 -1.87897e-17 -0.738262
v -0.153565 0.18274 0.273956
vn -0.951495 1.71663e-16 -0.168491
v -0.156845 -0.181497 0.288018
vn -0.94943 1.7129e-16 -0.175087
v -0.156845 0.18274 0.288018
vn -0.94943 1.7129e-16 -0.175087
v -0.153565 -0.181497 0.273956
vn -0.951495 1.71663e-16 -0.168491
v -0.224851 -0.181497 0.291054
vn 0.975782 -1.76044e-16 0.036803
v -0.225005 -0.180536 0.28892
vn -0.896687 1.61775e-16 -0.294779
v -0.22482 0.181779 0.28839
vn -0.936717 1.68996e-16 -0.210963
v -0.22482 -0.180536 0.28839
vn -0.936717 1.68996e-16 -0.210963
v -0.225005 0.181779 0.28892
vn -0.896687 1.61775e-16 -0.294779
v -0.22525 -0.180536 0.289423
vn -0.843231 1.52131e-16 -0.374985
v -0.225005 0.181779 0.28892
vn -0.896298 1.61705e-16 -0.295461
v -0.225005 -0.180536 0.28892
vn -0.896298 1.61705e-16 -0.295461
v -0.22525 0.181779 0.289423
vn -0.843231 1.52131e-16 -0.374985
v -0.163308 -0.181497 0.298013
vn -0.502226 9.06084e-17 -0.636877
v -0.164823 0.18274 0.298832
vn -0.396803 7.15888e-17 -0.678494
v -0.163308 0.18274 0.298013
vn -0.502226 9.06084e-17 -0.636877
v -0.164823 -0.181497 0.298832
vn -0.396803 7.15888e-17 -0.678494
v -0.21773 -0.181497 0.29968
vn 0.247494 -4.46514e-17 -0.718273
v -0.156845 0.18274 0.288018
vn -0.949427 1.7129e-16 -0.175098
v -0.157326 -0.181497 0.29008
vn -0.949427 1.7129e-16 -0.175098
v -0.157326 0.18274 0.29008
vn -0.949427 1.7129e-16 -0.175098
v -0.156845 -0.181497 0.288018
vn -0.949427 1.7129e-16 -0.175098
v -0.219121 -0.181497 0.299178
vn 0.391409 -7.06157e-17 -0.680301
v -0.220422 0.18274 0.298461
vn 0.520214 -9.38538e-17 -0.628482
v -0.219121 0.18274 0.299178
vn 0.391409 -7.06157e-17 -0.680301
v -0.220422 -0.181497 0.298461
vn 0.52302 -9.43599e-17 -0.627136
v -0.221602 0.18274 0.297548
vn 0.639956 -1.15457e-16 -0.561028
v -0.220422 0.18274 0.298461
vn 0.52302 -9.43599e-17 -0.627136
v -0.224633 0.18274 0.292399
vn 0.948383 -1.71102e-16 -0.178337
v -0.224851 -0.181497 0.291054
vn 0.963273 -1.73788e-16 -0.123949
v -0.224851 0.18274 0.291054
vn 0.963273 -1.73788e-16 -0.123949
v -0.220422 -0.181497 0.298461
vn 0.520214 -9.38538e-17 -0.628482
v -0.221602 -0.181497 0.297548
vn 0.639956 -1.15457e-16 -0.561028
v -0.161904 -0.181497 0.297005
vn -0.602677 1.08731e-16 -0.584386
v -0.163308 0.18274 0.298013
vn -0.504897 9.10904e-17 -0.635656
v -0.161904 0.18274 0.297005
vn -0.602677 1.08731e-16 -0.584386
v -0.163308 -0.181497 0.298013
vn -0.504897 9.10904e-17 -0.635656
v -0.21773 -0.181497 0.29968
vn 0.250695 -4.52288e-17 -0.717632
v -0.219121 0.18274 0.299178
vn 0.388374 -7.0068e-17 -0.681305
v -0.21773 0.18274 0.29968
vn 0.250695 -4.52288e-17 -0.717632
v -0.157326 0.18274 0.29008
vn -0.920241 1.66024e-16 -0.249352
v -0.157787 -0.181497 0.291426
vn -0.898474 1.62097e-16 -0.291619
v -0.157787 0.18274 0.291426
vn -0.898474 1.62097e-16 -0.291619
v -0.157326 -0.181497 0.29008
vn -0.920241 1.66024e-16 -0.249352
v -0.219121 -0.181497 0.299178
vn 0.388374 -7.0068e-17 -0.681305
v -0.221602 0.18274 0.297548
vn 0.642453 -1.15907e-16 -0.559377
v -0.222636 -0.181497 0.296457
vn 0.744797 -1.34372e-16 -0.48052
v -0.222636 0.18274 0.296457
vn 0.744797 -1.34372e-16 -0.48052
v -0.224633 -0.181497 0.292399
vn 0.948383 -1.71102e-16 -0.178337
v -0.224169 0.18274 0.293853
vn 0.901719 -1.62682e-16 -0.285777
v -0.224633 -0.181497 0.292399
vn 0.947623 -1.70964e-16 -0.180655
v -0.224633 0.18274 0.292399
vn 0.947623 -1.70964e-16 -0.180655
v -0.221602 -0.181497 0.297548
vn 0.642453 -1.15907e-16 -0.559377
v -0.160631 -0.181497 0.295823
vn -0.693755 1.25163e-16 -0.52279
v -0.161904 0.18274 0.297005
vn -0.605136 1.09175e-16 -0.582917
v -0.160631 0.18274 0.295823
vn -0.693755 1.25163e-16 -0.52279
v -0.161904 -0.181497 0.297005
vn -0.605136 1.09175e-16 -0.582917
v -0.157787 0.18274 0.291426
vn -0.897352 1.61895e-16 -0.293608
v -0.158555 -0.181497 0.29301
vn -0.843828 1.52239e-16 -0.37421
v -0.158555 0.18274 0.29301
vn -0.843828 1.52239e-16 -0.37421
v -0.157787 -0.181497 0.291426
vn -0.897352 1.61895e-16 -0.293608
v -0.222636 0.18274 0.296457
vn 0.746929 -1.34756e-16 -0.478605
v -0.223498 -0.181497 0.295215
vn 0.832299 -1.50159e-16 -0.388837
v -0.223498 0.18274 0.295215
vn 0.832299 -1.50159e-16 -0.388837
v -0.222636 -0.181497 0.296457
vn 0.746929 -1.34756e-16 -0.478605
v -0.223498 0.18274 0.295215
vn 0.834034 -1.50471e-16 -0.386683
v -0.224169 -0.181497 0.293853
vn 0.900444 -1.62453e-16 -0.28809
v -0.224169 0.18274 0.293853
vn 0.900444 -1.62453e-16 -0.28809
v -0.224169 -0.181497 0.293853
vn 0.901719 -1.62682e-16 -0.285777
v -0.159509 0.18274 0.294484
vn -0.774032 1.39646e-16 -0.453049
v -0.160631 -0.181497 0.295823
vn -0.69596 1.25561e-16 -0.521095
v -0.160631 0.18274 0.295823
vn -0.69596 1.25561e-16 -0.521095
v -0.158555 0.18274 0.29301
vn -0.842246 1.51952e-16 -0.376263
v -0.159509 -0.181497 0.294484
vn -0.775932 1.39989e-16 -0.451167
v -0.159509 0.18274 0.294484
vn -0.775932 1.39989e-16 -0.451167
v -0.158555 -0.181497 0.29301
vn -0.842246 1.51952e-16 -0.376263
v -0.223498 -0.181497 0.295215
vn 0.834034 -1.50471e-16 -0.386683
v -0.159509 -0.181497 0.294484
vn -0.774032 1.39646e-16 -0.453049
f 1//1 2//2 3//3
f 2//2 1//1 4//4
f 5//5 6//6 7//7
f 8//8 9//9 10//10
f 4//4 1//1 11//11
f 12//12 13//13 14//14
f 6//6 5//5 15//15
f 9//9 8//8 16//16
f 17//17 18//18 19//19
f 13//13 12//12 20//20
f 21//21 22//22 23//23
f 22//22 21//21 24//24
f 18//18 17//17 25//25
f 24//24 21//21 26//26
f 27//27 28//28 29//29
f 30//30 31//31 32//32
f 28//28 27//27 33//33
f 34//34 35//35 36//36
f 31//31 30//30 37//37
f 38//38 39//39 40//40
f 41//41 42//42 43//43
f 35//35 34//34 44//44
f 42//42 41//41 45//45
f 39//39 38//38 46//46
f 47//47 48//48 49//49
f 50//50 51//51 52//52
f 53//53 54//54 55//55
f 48//48 47//47 56//56
f 51//51 50//50 57//57
f 58//58 59//59 60//60
f 61//61 62//62 63//63
f 64//64 65//65 66//66
f 54//54 53//53 67//67
f 68//68 69//69 70//70
f 71//71 72//72 73//73
f 74//74 75//75 76//76
f 62//62 61//61 77//77
f 59//59 58//58 78//78
f 79//79 80//80 81//81
f 65//65 64//64 82//82
f 69//69 68//68 83//83
f 72//72 71//71 84//84
f 75//75 74//74 85//85
f 80//80 79//79 86//86
f 87//87 88//88 89//89
f 90//90 89//89 88//88
f 91//91 92//92 93//93
f 94//94 95//95 96//96
f 97//97 89//89 90//90
f 98//98 99//99 100//100
f 101//101 93//93 92//92
f 102//102 96//96 95//95
f 103//103 104//104 105//105
f 106//106 107//107 17//17
f 97//97 108//108 89//89
f 109//109 110//110 103//103
f 111//111 100//100 99//99
f 112//112 113//113 114//114
f 115//115 114//114 113//113
f 106//106 116//116 107//107
f 104//104 103//103 117//117
f 25//25 17//17 107//107
f 118//118 89//89 108//108
f 119//119 108//108 97//97
f 117//117 103//103 110//110
f 120//120 114//114 115//115
f 107//107 116//116 121//121
f 122//122 116//116 106//106
f 123//123 124//124 125//125
f 107//107 121//121 25//25
f 108//108 126//126 118//118
f 127//127 108//108 119//119
f 128//128 125//125 124//124
f 129//129 121//121 116//116
f 130//130 116//116 122//122
f 131//131 124//124 123//123
f 132//132 25//25 121//121
f 133//133 118//118 126//126
f 134//134 135//135 136//136
f 137//137 138//138 139//139
f 140//140 127//127 119//119
f 141//141 142//142 143//143
f 144//144 145//145 146//146
f 147//147 148//148 149//149
f 121//121 129//129 132//132
f 150//150 151//151 152//152
f 153//153 116//116 130//130
f 154//154 155//155 156//156
f 157//157 131//131 123//123
f 158//158 159//159 123//123
f 160//160 161//161 162//162
f 126//126 163//163 133//133
f 164//164 136//136 135//135
f 165//165 166//166 167//167
f 168//168 139//139 138//138
f 140//140 169//169 127//127
f 170//170 140//140 119//119
f 171//171 143//143 142//142
f 172//172 156//156 155//155
f 173//173 146//146 145//145
f 174//174 152//152 175//175
f 148//148 147//147 176//176
f 177//177 132//132 129//129
f 178//178 152//152 151//151
f 179//179 180//180 181//181
f 182//182 183//183 184//184
f 185//185 153//153 130//130
f 186//186 187//187 188//188
f 189//189 188//188 187//187
f 190//190 157//157 123//123
f 159//159 191//191 123//123
f 192//192 159//159 158//158
f 193//193 162//162 161//161
f 194//194 195//195 158//158
f 133//133 163//163 196//196
f 197//197 163//163 126//126
f 198//198 199//199 200//200
f 166//166 165//165 201//201
f 202//202 139//139 168//168
f 203//203 204//204 205//205
f 197//197 127//127 169//169
f 206//206 207//207 208//208
f 209//209 210//210 211//211
f 212//212 213//213 210//210
f 214//214 215//215 216//216
f 178//178 175//175 152//152
f 217//217 216//216 215//215
f 192//192 158//158 195//195
f 218//218 178//178 151//151
f 180//180 219//219 181//181
f 220//220 180//180 179//179
f 221//221 184//184 183//183
f 222//222 223//223 224//224
f 225//225 226//226 227//227
f 228//228 185//185 130//130
f 229//229 230//230 212//212
f 231//231 232//232 233//233
f 234//234 233//233 232//232
f 235//235 190//190 123//123
f 191//191 236//236 123//123
f 237//237 238//238 239//239
f 240//240 196//196 163//163
f 241//241 228//228 130//130
f 169//169 163//163 197//197
f 242//242 200//200 199//199
f 243//243 165//165 244//244
f 201//201 165//165 245//245
f 246//246 205//205 204//204
f 247//247 139//139 202//202
f 248//248 249//249 250//250
f 251//251 208//208 207//207
f 252//252 253//253 254//254
f 255//255 211//211 210//210
f 213//213 256//256 210//210
f 257//257 213//213 212//212
f 219//219 258//258 181//181
f 259//259 260//260 261//261
f 262//262 180//180 220//220
f 223//223 222//222 263//263
f 264//264 225//225 227//227
f 265//265 227//227 226//226
f 266//266 267//267 268//268
f 269//269 270//270 271//271
f 185//185 228//228 272//272
f 230//230 257//257 212//212
f 273//273 230//230 229//229
f 274//274 275//275 229//229
f 276//276 277//277 278//278
f 279//279 278//278 277//277
f 280//280 235//235 123//123
f 236//236 281//281 123//123
f 282//282 283//283 284//284
f 285//285 239//239 238//238
f 196//196 240//240 286//286
f 287//287 288//288 289//289
f 290//290 291//291 241//241
f 292//292 293//293 294//294
f 295//295 228//228 241//241
f 296//296 163//163 169//169
f 297//297 298//298 299//299
f 300//300 139//139 247//247
f 245//245 165//165 243//243
f 243//243 244//244 301//301
f 302//302 250//250 249//249
f 303//303 304//304 305//305
f 306//306 307//307 308//308
f 255//255 309//309 211//211
f 310//310 311//311 312//312
f 313//313 254//254 253//253
f 314//314 253//253 252//252
f 256//256 255//255 210//210
f 309//309 256//256 213//213
f 315//315 316//316 311//311
f 317//317 318//318 319//319
f 309//309 213//213 257//257
f 320//320 315//315 311//311
f 321//321 322//322 323//323
f 258//258 324//324 181//181
f 325//325 261//261 260//260
f 326//326 262//262 220//220
f 223//223 327//327 328//328
f 222//222 329//329 263//263
f 223//223 263//263 330//330
f 331//331 332//332 333//333
f 334//334 335//335 336//336
f 226//226 337//337 265//265
f 338//338 268//268 267//267
f 270//270 269//269 339//339
f 340//340 272//272 228//228
f 309//309 257//257 230//230
f 341//341 320//320 311//311
f 342//342 343//343 344//344
f 309//309 230//230 273//273
f 345//345 341//341 311//311
f 346//346 347//347 348//348
f 349//349 273//273 229//229
f 275//275 349//349 229//229
f 350//350 275//275 274//274
f 351//351 352//352 274//274
f 353//353 354//354 355//355
f 356//356 355//355 354//354
f 357//357 280//280 123//123
f 281//281 358//358 123//123
f 359//359 360//360 361//361
f 362//362 284//284 283//283
f 363//363 361//361 360//360
f 364//364 239//239 285//285
f 365//365 285//285 238//238
f 366//366 286//286 240//240
f 367//367 368//368 369//369
f 288//288 287//287 370//370
f 295//295 241//241 291//291
f 294//294 371//371 292//292
f 372//372 294//294 293//293
f 228//228 295//295 340//340
f 373//373 374//374 375//375
f 376//376 299//299 298//298
f 301//301 244//244 377//377
f 378//378 300//300 247//247
f 379//379 305//305 304//304
f 380//380 381//381 382//382
f 383//383 308//308 307//307
f 309//309 255//255 256//256
f 316//316 312//312 311//311
f 384//384 375//375 374//374
f 385//385 253//253 314//314
f 386//386 319//319 318//318
f 387//387 323//323 322//322
f 388//388 344//344 343//343
f 324//324 389//389 181//181
f 390//390 326//326 220//220
f 391//391 392//392 220//220
f 223//223 393//393 327//327
f 222//222 394//394 329//329
f 223//223 330//330 395//395
f 396//396 333//333 332//332
f 397//397 222//222 398//398
f 336//336 335//335 399//399
f 334//334 400//400 335//335
f 401//401 265//265 337//337
f 402//402 403//403 404//404
f 405//405 406//406 407//407
f 408//408 348//348 347//347
f 309//309 273//273 349//349
f 409//409 345//345 311//311
f 410//410 411//411 412//412
f 309//309 349//349 275//275
f 413//413 409//409 311//311
f 414//414 415//415 416//416
f 309//309 275//275 350//350
f 417//417 413//413 311//311
f 418//418 419//419 420//420
f 352//352 350//350 274//274
f 421//421 352//352 351//351
f 422//422 423//423 351//351
f 424//424 425//425 426//426
f 427//427 357//357 123//123
f 358//358 427//427 123//123
f 428//428 429//429 430//430
f 431//431 430//430 429//429
f 432//432 433//433 434//434
f 434//434 433//433 435//435
f 436//436 437//437 285//285
f 438//438 439//439 440//440
f 441//441 181//181 442//442
f 443//443 444//444 445//445
f 446//446 292//292 371//371
f 447//447 369//369 368//368
f 448//448 449//449 450//450
f 291//291 340//340 295//295
f 451//451 294//294 372//372
f 452//452 453//453 454//454
f 455//455 300//300 378//378
f 301//301 377//377 456//456
f 457//457 382//382 381//381
f 458//458 459//459 460//460
f 461//461 462//462 463//463
f 464//464 253//253 385//385
f 465//465 253//253 464//464
f 389//389 466//466 181//181
f 467//467 390//390 220//220
f 392//392 468//468 220//220
f 223//223 469//469 393//393
f 222//222 470//470 394//394
f 223//223 395//395 471//471
f 472//472 473//473 474//474
f 475//475 396//396 332//332
f 222//222 397//397 476//476
f 477//477 474//474 473//473
f 335//335 294//294 399//399
f 332//332 478//478 479//479
f 480//480 335//335 400//400
f 481//481 404//404 403//403
f 482//482 407//407 406//406
f 483//483 484//484 465//465
f 485//485 412//412 411//411
f 486//486 416//416 415//415
f 309//309 350//350 352//352
f 487//487 417//417 311//311
f 488//488 420//420 419//419
f 489//489 490//490 491//491
f 309//309 352//352 421//421
f 492//492 487//487 311//311
f 493//493 494//494 495//495
f 496//496 421//421 351//351
f 423//423 497//497 351//351
f 498//498 423//423 422//422
f 499//499 426//426 425//425
f 500//500 501//501 502//502
f 503//503 504//504 505//505
f 506//506 505//505 504//504
f 435//435 423//423 507//507
f 508//508 433//433 432//432
f 433//433 423//423 435//435
f 509//509 285//285 510//510
f 511//511 440//440 439//439
f 512//512 442//442 181//181
f 513//513 445//445 444//444
f 514//514 450//450 449//449
f 515//515 294//294 451//451
f 516//516 454//454 453//453
f 456//456 377//377 517//517
f 518//518 455//455 378//378
f 519//519 460//460 459//459
f 520//520 463//463 462//462
f 484//484 253//253 465//465
f 466//466 521//521 181//181
f 522//522 467//467 220//220
f 468//468 523//523 220//220
f 223//223 524//524 469//469
f 222//222 525//525 470//470
f 223//223 471//471 526//526
f 527//527 528//528 529//529
f 528//528 530//530 531//531
f 532//532 475//475 332//332
f 533//533 534//534 535//535
f 222//222 476//476 536//536
f 537//537 535//535 534//534
f 399//399 294//294 538//538
f 539//539 532//532 478//478
f 540//540 484//484 483//483
f 541//541 542//542 540//540
f 543//543 542//542 541//541
f 544//544 491//491 490//490
f 545//545 546//546 547//547
f 548//548 495//495 494//494
f 497//497 496//496 351//351
f 549//549 497//497 423//423
f 550//550 551//551 552//552
f 553//553 547//547 554//554
f 555//555 423//423 498//498
f 556//556 502//502 501//501
f 507//507 423//423 555//555
f 557//557 433//433 508//508
f 549//549 423//423 433//433
f 558//558 550//550 552//552
f 559//559 560//560 561//561
f 562//562 563//563 564//564
f 565//565 566//566 532//532
f 567//567 564//564 568//568
f 569//569 570//570 508//508
f 567//567 571//571 564//564
f 572//572 573//573 562//562
f 574//574 575//575 576//576
f 577//577 576//576 575//575
f 578//578 512//512 181//181
f 579//579 294//294 515//515
f 580//580 581//581 582//582
f 583//583 584//584 585//585
f 586//586 455//455 518//518
f 456//456 517//517 587//587
f 588//588 589//589 590//590
f 521//521 591//591 181//181
f 592//592 522//522 220//220
f 523//523 593//593 220//220
f 223//223 594//594 524//524
f 222//222 595//595 525//525
f 223//223 526//526 596//596
f 529//529 528//528 597//597
f 598//598 527//527 529//529
f 531//531 530//530 599//599
f 600//600 528//528 531//531
f 601//601 602//602 530//530
f 603//603 532//532 566//566
f 604//604 605//605 606//606
f 601//601 530//530 607//607
f 608//608 609//609 610//610
f 611//611 610//610 609//609
f 222//222 536//536 612//612
f 538//538 294//294 613//613
f 614//614 615//615 616//616
f 606//606 617//617 618//618
f 619//619 616//616 615//615
f 542//542 484//484 540//540
f 620//620 542//542 543//543
f 554//554 621//621 622//622
f 623//623 624//624 620//620
f 497//497 549//549 309//309
f 311//311 552//552 551//551
f 625//625 547//547 626//626
f 549//549 433//433 557//557
f 627//627 558//558 552//552
f 628//628 629//629 630//630
f 631//631 557//557 508//508
f 632//632 561//561 560//560
f 633//633 634//634 553//553
f 563//563 635//635 564//564
f 636//636 563//563 562//562
f 637//637 638//638 639//639
f 640//640 568//568 564//564
f 569//569 641//641 570//570
f 571//571 642//642 564//564
f 570//570 643//643 508//508
f 573//573 644//644 562//562
f 645//645 573//573 572//572
f 646//646 647//647 648//648
f 649//649 648//648 647//647
f 650//650 578//578 181//181
f 651//651 294//294 579//579
f 652//652 653//653 654//654
f 655//655 582//582 581//581
f 656//656 585//585 584//584
f 657//657 586//586 658//658
f 658//658 586//586 518//518
f 587//587 517//517 659//659
f 660//660 590//590 589//589
f 591//591 661//661 181//181
f 593//593 592//592 220//220
f 223//223 596//596 594//594
f 222//222 662//662 595//595
f 597//597 528//528 663//663
f 664//664 665//665 666//666
f 667//667 598//598 529//529
f 599//599 530//530 668//668
f 669//669 528//528 600//600
f 670//670 530//530 602//602
f 671//671 672//672 673//673
f 674//674 605//605 604//604
f 607//607 530//530 675//675
f 604//604 606//606 676//676
f 677//677 639//639 638//638
f 678//678 679//679 680//680
f 681//681 680//680 679//679
f 222//222 612//612 682//682
f 613//613 294//294 683//683
f 684//684 685//685 686//686
f 687//687 686//686 685//685
f 617//617 688//688 618//618
f 689//689 606//606 618//618
f 624//624 542//542 620//620
f 690//690 624//624 623//623
f 634//634 691//691 692//692
f 549//549 557//557 631//631
f 693//693 627//627 552//552
f 694//694 630//630 629//629
f 695//695 696//696 697//697
f 698//698 631//631 508//508
f 618//618 699//699 700//700
f 700//700 701//701 702//702
f 635//635 703//703 564//564
f 704//704 636//636 562//562
f 703//703 640//640 564//564
f 569//569 705//705 641//641
f 642//642 706//706 564//564
f 641//641 643//643 570//570
f 707//707 708//708 709//709
f 643//643 710//710 508//508
f 644//644 711//711 562//562
f 712//712 666//666 665//665
f 713//713 573//573 645//645
f 714//714 715//715 716//716
f 717//717 716//716 715//715
f 718//718 650//650 181//181
f 719//719 294//294 651//651
f 720//720 721//721 722//722
f 723//723 654//654 653//653
f 724//724 725//725 726//726
f 727//727 657//657 658//658
f 587//587 659//659 728//728
f 729//729 730//730 731//731
f 661//661 732//732 181//181
f 222//222 733//733 662//662
f 663//663 528//528 734//734
f 735//735 667//667 529//529
f 668//668 530//530 670//670
f 736//736 528//528 669//669
f 737//737 673//673 672//672
f 605//605 738//738 739//739
f 740//740 741//741 530//530
f 742//742 605//605 674//674
f 675//675 530//530 743//743
f 674//674 604//604 676//676
f 744//744 709//709 708//708
f 676//676 606//606 745//745
f 746//746 747//747 748//748
f 749//749 748//748 747//747
f 222//222 682//682 750//750
f 683//683 294//294 751//751
f 752//752 753//753 754//754
f 755//755 754//754 753//753
f 688//688 699//699 618//618
f 756//756 606//606 689//689
f 701//701 624//624 690//690
f 757//757 758//758 759//759
f 690//690 760//760 702//702
f 549//549 631//631 698//698
f 761//761 693//693 552//552
f 762//762 697//697 696//696
f 763//763 764//764 765//765
f 766//766 698//698 508//508
f 699//699 767//767 700//700
f 702//702 701//701 690//690
f 768//768 701//701 700//700
f 769//769 704//704 562//562
f 549//549 705//705 569//569
f 564//564 706//706 552//552
f 705//705 643//643 641//641
f 770//770 771//771 772//772
f 710//710 773//773 508//508
f 549//549 710//710 643//643
f 774//774 775//775 552//552
f 776//776 777//777 778//778
f 711//711 779//779 562//562
f 780//780 781//781 782//782
f 783//783 573//573 713//713
f 784//784 785//785 786//786
f 787//787 786//786 785//785
f 788//788 718//718 181//181
f 789//789 294//294 719//719
f 790//790 791//791 792//792
f 793//793 722//722 721//721
f 794//794 726//726 725//725
f 795//795 657//657 727//727
f 796//796 731//731 730//730
f 728//728 659//659 797//797
f 732//732 798//798 181//181
f 222//222 799//799 733//733
f 734//734 528//528 800//800
f 801//801 735//735 529//529
f 802//802 528//528 736//736
f 803//803 804//804 805//805
f 806//806 807//807 808//808
f 738//738 605//605 742//742
f 743//743 530//530 741//741
f 738//738 676//676 739//739
f 742//742 674//674 676//676
f 809//809 772//772 771//771
f 745//745 606//606 810//810
f 811//811 778//778 777//777
f 812//812 735//735 813//813
f 222//222 750//750 814//814
f 751//751 294//294 789//789
f 815//815 816//816 817//817
f 818//818 817//817 816//816
f 819//819 606//606 756//756
f 549//549 698//698 766//766
f 820//820 761//761 552//552
f 821//821 765//765 764//764
f 822//822 823//823 824//824
f 825//825 766//766 508//508
f 767//767 826//826 700//700
f 827//827 792//792 791//791
f 828//828 768//768 700//700
f 829//829 769//769 562//562
f 705//705 549//549 830//830
f 831//831 552//552 706//706
f 830//830 643//643 705//705
f 773//773 832//832 508//508
f 549//549 773//773 710//710
f 775//775 833//833 552//552
f 834//834 835//835 836//836
f 643//643 837//837 549//549
f 838//838 805//805 804//804
f 779//779 839//839 562//562
f 840//840 573//573 783//783
f 841//841 842//842 783//783
f 843//843 788//788 181//181
f 844//844 845//845 846//846
f 847//847 848//848 849//849
f 850//850 795//795 727//727
f 851//851 852//852 853//853
f 728//728 797//797 854//854
f 798//798 843//843 181//181
f 222//222 855//855 799//799
f 800//800 528//528 856//856
f 857//857 735//735 801//801
f 858//858 528//528 802//802
f 859//859 808//808 807//807
f 738//738 742//742 676//676
f 860//860 861//861 862//862
f 863//863 862//862 861//861
f 810//810 606//606 864//864
f 865//865 836//836 835//835
f 813//813 735//735 866//866
f 867//867 812//812 813//813
f 868//868 812//812 869//869
f 222//222 814//814 870//870
f 871//871 872//872 873//873
f 874//874 873//873 872//872
f 875//875 606//606 819//819
f 549//549 766//766 825//825
f 876//876 820//820 552//552
f 877//877 824//824 823//823
f 878//878 879//879 880//880
f 832//832 825//825 508//508
f 826//826 828//828 700//700
f 881//881 846//846 845//845
f 882//882 829//829 562//562
f 831//831 883//883 552//552
f 549//549 837//837 830//830
f 837//837 643//643 830//830
f 549//549 832//832 773//773
f 833//833 884//884 552//552
f 885//885 886//886 887//887
f 839//839 888//888 562//562
f 889//889 840//840 783//783
f 842//842 890//890 783//783
f 891//891 842//842 841//841
f 892//892 849//849 848//848
f 893//893 795//795 850//850
f 894//894 853//853 852//852
f 854//854 797//797 895//895
f 222//222 870//870 855//855
f 856//856 528//528 896//896
f 866//866 735//735 857//857
f 897//897 528//528 858//858
f 864//864 606//606 898//898
f 899//899 887//887 886//886
f 900//900 812//812 867//867
f 869//869 812//812 901//901
f 898//898 606//606 875//875
f 549//549 825//825 832//832
f 884//884 876//876 552//552
f 902//902 880//880 879//879
f 903//903 904//904 905//905
f 906//906 905//905 904//904
f 907//907 882//882 562//562
f 888//888 908//908 562//562
f 890//890 889//889 783//783
f 909//909 891//891 841//841
f 910//910 911//911 841//841
f 912//912 913//913 914//914
f 915//915 893//893 850//850
f 916//916 917//917 918//918
f 854//854 895//895 919//919
f 896//896 528//528 920//920
f 921//921 528//528 897//897
f 922//922 812//812 900//900
f 901//901 812//812 922//922
f 923//923 907//907 562//562
f 908//908 924//924 562//562
f 925//925 909//909 841//841
f 911//911 926//926 841//841
f 927//927 914//914 913//913
f 928//928 915//915 850//850
f 929//929 918//918 917//917
f 854//854 919//919 930//930
f 920//920 528//528 931//931
f 931//931 528//528 921//921
f 932//932 923//923 562//562
f 924//924 933//933 562//562
f 926//926 925//925 841//841
f 934//934 935//935 936//936
f 937//937 915//915 928//928
f 938//938 939//939 940//940
f 930//930 919//919 941//941
f 933//933 932//932 562//562
f 942//942 936//936 935//935
f 943//943 937//937 928//928
f 944//944 940//940 939//939
f 930//930 941//941 945//945
f 946//946 947//947 948//948
f 949//949 937//937 943//943
f 950//950 951//951 952//952
f 945//945 941//941 953//953
f 954//954 948//948 947//947
f 955//955 949//949 943//943
f 956//956 952//952 951//951
f 945//945 953//953 957//957
f 958//958 959//959 960//960
f 961//961 949//949 955//955
f 962//962 963//963 964//964
f 957//957 953//953 965//965
f 966//966 960//960 959//959
f 967//967 961//961 955//955
f 968//968 964//964 963//963
f 957//957 965//965 969//969
f 970//970 971//971 972//972
f 973//973 972//972 971//971
f 1//1 974//974 11//11
f 104//104 975//975 105//105
f 974//974 1//1 976//976
f 11//11 974//974 977//977
f 149//149 975//975 104//104
f 105//105 975//975 978//978
f 979//979 980//980 981//981
f 117//117 149//149 104//104
f 976//976 982//982 974//974
f 977//977 974//974 983//983
f 980//980 979//979 984//984
f 975//975 149//149 148//148
f 978//978 975//975 985//985
f 981//981 980//980 986//986
f 149//149 117//117 147//147
f 982//982 976//976 987//987
f 988//988 989//989 990//990
f 991//991 992//992 993//993
f 977//977 983//983 994//994
f 995//995 996//996 997//997
f 35//35 998//998 999//999
f 985//985 975//975 1000//1000
f 1001//1001 1002//1002 1003//1003
f 981//981 986//986 1004//1004
f 981//981 1005//1005 38//38
f 987//987 1006//1006 982//982
f 989//989 988//988 1007//1007
f 1008//1008 1009//1009 1010//1010
f 992//992 991//991 1011//1011
f 983//983 1012//1012 994//994
f 977//977 994//994 1013//1013
f 996//996 995//995 1014//1014
f 1002//1002 1001//1001 1015//1015
f 998//998 35//35 44//44
f 1016//1016 1017//1017 1018//1018
f 1019//1019 1020//1020 1021//1021
f 985//985 1000//1000 271//271
f 1022//1022 1023//1023 1024//1024
f 1023//1023 1022//1022 1025//1025
f 981//981 1004//1004 1026//1026
f 981//981 1027//1027 1005//1005
f 38//38 1005//1005 46//46
f 52//52 1006//1006 987//987
f 982//982 1006//1006 1028//1028
f 1029//1029 1030//1030 1031//1031
f 1032//1032 1010//1010 1009//1009
f 1011//1011 991//991 1033//1033
f 1034//1034 1035//1035 1036//1036
f 1012//1012 983//983 1028//1028
f 1037//1037 1038//1038 1039//1039
f 310//310 1040//1040 1041//1041
f 1040//1040 315//315 1042//1042
f 998//998 44//44 1043//1043
f 1016//1016 1044//1044 1017//1017
f 1018//1018 1017//1017 1045//1045
f 1020//1020 1019//1019 1046//1046
f 1047//1047 1048//1048 1049//1049
f 1050//1050 55//55 1051//1051
f 985//985 271//271 270//270
f 1042//1042 341//341 1052//1052
f 1053//1053 1054//1054 1055//1055
f 1054//1054 1053//1053 1056//1056
f 981//981 1026//1026 1057//1057
f 981//981 1058//1058 1027//1027
f 1059//1059 1060//1060 1061//1061
f 1006//1006 52//52 51//51
f 985//985 270//270 287//287
f 1028//1028 1006//1006 1012//1012
f 1030//1030 1029//1029 1062//1062
f 1063//1063 1010//1010 1064//1064
f 1065//1065 1010//1010 1032//1032
f 1035//1035 1034//1034 1066//1066
f 1033//1033 991//991 1067//1067
f 1068//1068 1069//1069 1070//1070
f 1038//1038 1037//1037 1071//1071
f 1072//1072 1073//1073 1074//1074
f 1040//1040 310//310 312//312
f 1040//1040 316//316 315//315
f 1042//1042 315//315 320//320
f 1016//1016 1075//1075 1044//1044
f 1076//1076 1077//1077 1078//1078
f 1045//1045 1017//1017 1079//1079
f 1080//1080 1081//1081 1082//1082
f 1083//1083 1049//1049 1048//1048
f 1050//1050 1051//1051 1084//1084
f 55//55 1050//1050 53//53
f 1042//1042 320//320 341//341
f 1052//1052 341//341 345//345
f 1052//1052 413//413 1085//1085
f 1086//1086 1087//1087 1088//1088
f 1087//1087 1086//1086 1089//1089
f 981//981 1057//1057 1090//1090
f 981//981 1091//1091 1058//1058
f 1092//1092 1093//1093 1094//1094
f 1060//1060 1059//1059 1095//1095
f 63//63 1096//1096 61//61
f 287//287 270//270 370//370
f 1012//1012 1006//1006 1097//1097
f 1098//1098 1099//1099 1100//1100
f 1067//1067 991//991 1101//1101
f 1064//1064 1010//1010 1065//1065
f 1102//1102 1063//1063 1064//1064
f 1069//1069 1068//1068 1103//1103
f 1104//1104 1105//1105 1106//1106
f 1107//1107 1108//1108 1109//1109
f 1073//1073 1072//1072 1110//1110
f 1074//1074 1073//1073 1111//1111
f 1040//1040 312//312 316//316
f 1112//1112 1113//1113 1114//1114
f 1115//1115 1116//1116 1117//1117
f 1016//1016 1118//1118 1075//1075
f 1119//1119 1120//1120 1121//1121
f 1077//1077 1076//1076 1122//1122
f 1123//1123 1124//1124 1125//1125
f 1045//1045 1079//1079 1126//1126
f 1127//1127 1082//1082 1081//1081
f 1128//1128 1129//1129 1048//1048
f 1083//1083 1130//1130 1049//1049
f 1131//1131 1083//1083 1048//1048
f 1132//1132 1133//1133 1134//1134
f 1135//1135 64//64 66//66
f 1136//1136 1137//1137 1138//1138
f 1139//1139 1140//1140 1141//1141
f 1052//1052 345//345 409//409
f 1052//1052 409//409 413//413
f 1085//1085 413//413 417//417
f 1085//1085 487//487 1142//1142
f 1143//1143 1144//1144 1145//1145
f 1144//1144 1143//1143 1146//1146
f 981//981 1090//1090 1147//1147
f 981//981 1148//1148 1091//1091
f 1149//1149 1150//1150 1151//1151
f 1093//1093 1092//1092 1152//1152
f 1150//1150 1149//1149 1153//1153
f 1095//1095 1059//1059 1154//1154
f 1060//1060 1095//1095 1155//1155
f 1096//1096 63//63 1156//1156
f 339//339 370//370 270//270
f 1157//1157 1158//1158 1159//1159
f 1099//1099 1098//1098 1160//1160
f 1161//1161 1063//1063 1102//1102
f 1067//1067 1101//1101 1162//1162
f 1105//1105 1104//1104 1163//1163
f 1164//1164 1165//1165 1166//1166
f 1108//1108 1107//1107 1167//1167
f 1158//1158 1157//1157 1168//1168
f 1111//1111 1073//1073 1169//1169
f 1113//1113 1112//1112 1170//1170
f 1116//1116 1115//1115 1171//1171
f 1137//1137 1136//1136 1172//1172
f 1016//1016 1173//1173 1118//1118
f 1174//1174 1175//1175 1176//1176
f 1177//1177 1121//1121 1120//1120
f 1178//1178 1125//1125 1124//1124
f 1179//1179 1180//1180 1181//1181
f 1182//1182 1181//1181 1180//1180
f 1045//1045 1126//1126 1183//1183
f 1184//1184 1185//1185 1186//1186
f 1045//1045 1187//1187 1188//1188
f 1129//1129 1189//1189 1048//1048
f 1130//1130 1190//1190 1049//1049
f 1191//1191 1131//1131 1048//1048
f 1133//1133 1132//1132 1192//1192
f 1193//1193 1049//1049 1194//1194
f 1195//1195 64//64 1135//1135
f 1140//1140 1139//1139 1196//1196
f 1197//1197 1198//1198 1199//1199
f 1200//1200 1201//1201 1202//1202
f 1203//1203 1204//1204 1205//1205
f 1085//1085 417//417 487//487
f 1142//1142 487//487 492//492
f 1142//1142 550//550 1206//1206
f 1207//1207 1208//1208 1209//1209
f 981//981 1147//1147 1210//1210
f 981//981 1210//1210 1148//1148
f 1211//1211 1212//1212 1213//1213
f 1212//1212 1211//1211 1214//1214
f 1215//1215 558//558 1216//1216
f 1217//1217 558//558 1215//1215
f 1095//1095 1218//1218 1219//1219
f 1220//1220 1016//1016 1221//1221
f 370//370 339//339 288//288
f 1156//1156 63//63 1222//1222
f 1223//1223 1224//1224 1225//1225
f 1162//1162 1101//1101 1226//1226
f 1227//1227 1161//1161 1102//1102
f 1165//1165 1164//1164 1228//1228
f 1229//1229 1230//1230 1231//1231
f 1232//1232 1233//1233 1234//1234
f 1169//1169 1073//1073 1235//1235
f 1235//1235 1073//1073 1236//1236
f 1016//1016 1237//1237 1173//1173
f 1238//1238 1239//1239 1240//1240
f 1241//1241 1176//1176 1175//1175
f 1242//1242 1243//1243 1244//1244
f 1245//1245 1244//1244 1243//1243
f 1045//1045 1183//1183 1246//1246
f 1247//1247 1186//1186 1185//1185
f 1045//1045 1248//1248 1187//1187
f 1189//1189 1249//1249 1048//1048
f 1250//1250 1251//1251 1252//1252
f 1190//1190 1253//1253 1049//1049
f 1254//1254 1191//1191 1048//1048
f 1133//1133 1192//1192 1255//1255
f 1256//1256 1194//1194 1049//1049
f 1195//1195 63//63 64//64
f 1257//1257 1258//1258 1133//1133
f 1236//1236 1259//1259 1260//1260
f 1198//1198 1197//1197 1261//1261
f 1201//1201 1200//1200 1262//1262
f 1204//1204 1203//1203 1263//1263
f 1264//1264 1265//1265 1266//1266
f 1267//1267 1268//1268 1269//1269
f 1142//1142 492//492 1270//1270
f 1142//1142 551//551 550//550
f 1206//1206 550//550 1271//1271
f 1208//1208 1207//1207 1272//1272
f 1273//1273 1274//1274 1275//1275
f 1276//1276 1277//1277 1278//1278
f 1277//1277 1276//1276 1279//1279
f 1280//1280 550//550 1217//1217
f 1216//1216 558//558 567//567
f 1217//1217 550//550 558//558
f 1281//1281 1095//1095 1282//1282
f 1016//1016 1220//1220 1283//1283
f 1222//1222 63//63 1284//1284
f 1224//1224 1223//1223 1285//1285
f 1286//1286 1161//1161 1227//1227
f 1162//1162 1226//1226 1287//1287
f 1230//1230 1229//1229 1288//1288
f 1233//1233 1232//1232 1289//1289
f 1236//1236 1073//1073 1259//1259
f 1016//1016 1290//1290 1237//1237
f 1291//1291 1292//1292 1293//1293
f 1294//1294 1240//1240 1239//1239
f 1295//1295 1296//1296 1297//1297
f 1298//1298 1297//1297 1296//1296
f 1045//1045 1246//1246 1299//1299
f 1045//1045 1300//1300 1248//1248
f 1301//1301 1252//1252 1251//1251
f 1249//1249 1302//1302 1048//1048
f 1303//1303 1304//1304 1305//1305
f 1253//1253 1306//1306 1049//1049
f 1307//1307 1254//1254 1048//1048
f 1308//1308 1309//1309 1310//1310
f 1311//1311 605//605 1309//1309
f 1133//1133 1255//1255 1312//1312
f 1313//1313 1256//1256 1049//1049
f 1314//1314 63//63 1195//1195
f 1258//1258 1312//1312 1315//1315
f 1260//1260 1259//1259 1316//1316
f 1316//1316 1317//1317 1318//1318
f 1318//1318 1317//1317 1319//1319
f 1265//1265 1264//1264 1320//1320
f 1321//1321 1322//1322 1323//1323
f 1268//1268 1267//1267 1324//1324
f 1142//1142 1270//1270 551//551
f 1325//1325 1321//1321 1326//1326
f 1271//1271 550//550 1327//1327
f 1274//1274 1273//1273 1328//1328
f 1327//1327 550//550 1280//1280
f 567//567 558//558 627//627
f 1329//1329 1330//1330 1331//1331
f 569//569 1332//1332 1333//1333
f 1334//1334 569//569 508//508
f 1333//1333 1335//1335 1336//1336
f 1016//1016 1283//1283 1337//1337
f 1284//1284 63//63 1338//1338
f 1339//1339 1340//1340 1341//1341
f 1342//1342 1343//1343 1344//1344
f 1287//1287 1226//1226 1345//1345
f 1346//1346 1286//1286 1227//1227
f 1347//1347 1348//1348 1349//1349
f 1016//1016 1350//1350 1290//1290
f 1351//1351 1352//1352 1353//1353
f 1354//1354 1293//1293 1292//1292
f 1355//1355 1356//1356 1357//1357
f 1358//1358 1357//1357 1356//1356
f 1045//1045 1299//1299 1359//1359
f 1045//1045 1360//1360 1300//1300
f 1361//1361 1305//1305 1304//1304
f 1302//1302 1362//1362 1048//1048
f 1363//1363 1364//1364 1365//1365
f 1306//1306 1366//1366 1049//1049
f 1367//1367 1307//1307 1048//1048
f 1368//1368 1309//1309 1308//1308
f 1308//1308 1310//1310 1369//1369
f 1370//1370 605//605 1311//1311
f 1311//1311 1309//1309 1371//1371
f 605//605 1372//1372 606//606
f 1373//1373 1313//1313 1049//1049
f 1374//1374 63//63 1314//1314
f 1375//1375 1376//1376 1377//1377
f 1378//1378 1379//1379 601//601
f 1376//1376 1375//1375 1380//1380
f 1316//1316 1259//1259 1317//1317
f 1319//1319 1317//1317 1381//1381
f 1382//1382 1383//1383 1325//1325
f 1381//1381 1384//1384 1385//1385
f 1386//1386 1321//1321 1387//1387
f 1388//1388 1389//1389 1390//1390
f 567//567 627//627 693//693
f 1330//1330 1329//1329 1391//1391
f 1326//1326 1392//1392 1393//1393
f 569//569 1394//1394 1332//1332
f 1333//1333 1332//1332 1395//1395
f 1396//1396 1397//1397 1398//1398
f 1399//1399 1400//1400 1401//1401
f 569//569 1334//1334 1402//1402
f 1403//1403 1398//1398 1397//1397
f 567//567 774//774 571//571
f 1333//1333 1404//1404 1335//1335
f 1336//1336 1335//1335 1405//1405
f 1016//1016 1337//1337 1406//1406
f 1338//1338 63//63 1407//1407
f 1408//1408 1409//1409 1410//1410
f 1340//1340 1339//1339 1411//1411
f 1343//1343 1342//1342 1412//1412
f 1413//1413 1345//1345 1414//1414
f 1287//1287 1345//1345 1413//1413
f 1415//1415 1286//1286 1346//1346
f 1348//1348 1347//1347 1416//1416
f 1016//1016 1417//1417 1350//1350
f 1418//1418 1419//1419 1420//1420
f 1421//1421 1353//1353 1352//1352
f 1422//1422 1423//1423 1424//1424
f 1425//1425 1424//1424 1423//1423
f 1045//1045 1359//1359 1360//1360
f 1426//1426 1365//1365 1364//1364
f 1362//1362 1367//1367 1048//1048
f 1427//1427 1428//1428 1429//1429
f 1366//1366 1430//1430 1049//1049
f 1431//1431 1309//1309 1368//1368
f 1432//1432 782//782 1433//1433
f 1308//1308 1369//1369 1434//1434
f 1435//1435 605//605 1370//1370
f 1436//1436 1437//1437 1438//1438
f 1371//1371 1309//1309 1439//1439
f 1440//1440 1441//1441 1442//1442
f 1372//1372 605//605 1443//1443
f 1444//1444 601//601 607//607
f 1400//1400 1399//1399 1445//1445
f 1446//1446 1373//1373 1049//1049
f 1447//1447 63//63 1374//1374
f 1448//1448 1449//1449 1450//1450
f 1449//1449 1448//1448 1451//1451
f 1378//1378 1452//1452 1379//1379
f 1378//1378 601//601 1453//1453
f 1381//1381 1317//1317 1384//1384
f 1385//1385 1384//1384 759//759
f 1454//1454 1455//1455 1392//1392
f 1389//1389 1388//1388 1456//1456
f 1457//1457 1458//1458 1459//1459
f 567//567 693//693 761//761
f 1460//1460 1461//1461 1378//1378
f 757//757 1462//1462 1460//1460
f 569//569 1463//1463 1394//1394
f 1464//1464 1438//1438 1437//1437
f 1465//1465 1442//1442 1441//1441
f 1333//1333 1395//1395 1466//1466
f 1467//1467 1468//1468 1469//1469
f 569//569 1402//1402 1463//1463
f 571//571 774//774 642//642
f 1470//1470 1471//1471 1472//1472
f 567//567 775//775 774//774
f 1333//1333 1473//1473 1404//1404
f 782//782 1432//1432 780//780
f 1405//1405 1335//1335 1474//1474
f 1016//1016 1406//1406 1475//1475
f 1407//1407 63//63 1476//1476
f 1477//1477 1478//1478 1479//1479
f 1409//1409 1408//1408 1480//1480
f 1481//1481 1482//1482 1483//1483
f 1413//1413 1414//1414 1484//1484
f 1485//1485 1415//1415 1346//1346
f 1486//1486 1487//1487 1488//1488
f 1016//1016 1489//1489 1417//1417
f 1490//1490 1491//1491 1492//1492
f 1493//1493 1420//1420 1419//1419
f 1494//1494 1429//1429 1428//1428
f 1430//1430 1495//1495 1049//1049
f 1496//1496 1309//1309 1431//1431
f 1497//1497 1498//1498 1499//1499
f 1500//1500 1501//1501 1502//1502
f 1308//1308 1434//1434 1503//1503
f 1443//1443 605//605 1435//1435
f 1504//1504 1505//1505 1506//1506
f 1439//1439 1309//1309 1507//1507
f 1508//1508 1509//1509 1510//1510
f 1511//1511 1510//1510 1509//1509
f 1512//1512 1469//1469 1468//1468
f 1444//1444 607//607 675//675
f 1471//1471 1470//1470 1513//1513
f 1514//1514 601//601 1444//1444
f 1515//1515 1446//1446 1049//1049
f 1516//1516 63//63 1447//1447
f 1517//1517 1518//1518 1519//1519
f 1518//1518 1517//1517 1520//1520
f 1378//1378 1461//1461 1452//1452
f 1453//1453 601//601 1521//1521
f 759//759 1384//1384 1462//1462
f 1458//1458 1457//1457 1522//1522
f 1523//1523 1524//1524 1525//1525
f 567//567 761//761 820//820
f 1460//1460 1526//1526 1461//1461
f 759//759 1462//1462 757//757
f 1460//1460 1462//1462 1527//1527
f 1528//1528 1506//1506 1505//1505
f 1333//1333 1466//1466 1529//1529
f 1530//1530 1531//1531 1528//1528
f 642//642 774//774 706//706
f 1532//1532 1533//1533 1534//1534
f 567//567 833//833 775//775
f 1535//1535 1536//1536 1537//1537
f 1333//1333 1538//1538 1473//1473
f 1474//1474 1335//1335 1539//1539
f 1016//1016 1475//1475 1540//1540
f 1476//1476 63//63 1541//1541
f 1542//1542 1543//1543 1544//1544
f 1478//1478 1477//1477 1545//1545
f 1482//1482 1481//1481 1546//1546
f 1484//1484 1414//1414 1547//1547
f 1487//1487 1486//1486 1548//1548
f 1549//1549 1415//1415 1485//1485
f 1016//1016 1550//1550 1489//1489
f 1551//1551 1552//1552 1553//1553
f 1554//1554 1492//1492 1491//1491
f 1555//1555 1553//1553 1552//1552
f 1495//1495 1556//1556 1049//1049
f 1557//1557 1309//1309 1496//1496
f 1558//1558 1559//1559 1560//1560
f 1561//1561 1499//1499 1498//1498
f 1562//1562 1560//1560 1559//1559
f 1563//1563 1502//1502 1501//1501
f 1308//1308 1503//1503 1564//1564
f 1506//1506 1528//1528 1531//1531
f 1507//1507 1309//1309 1565//1565
f 1566//1566 1567//1567 1568//1568
f 1569//1569 1568//1568 1567//1567
f 1570//1570 1571//1571 1572//1572
f 1573//1573 1574//1574 1575//1575
f 740//740 1444//1444 741//741
f 1444//1444 675//675 743//743
f 1533//1533 1532//1532 1576//1576
f 1577//1577 601//601 1514//1514
f 1536//1536 1535//1535 1578//1578
f 1579//1579 1503//1503 1580//1580
f 1581//1581 1582//1582 1583//1583
f 1584//1584 1585//1585 1586//1586
f 1587//1587 1515//1515 1049//1049
f 1541//1541 63//63 1516//1516
f 1588//1588 1589//1589 1590//1590
f 1589//1589 1588//1588 1591//1591
f 1521//1521 601//601 1592//1592
f 1524//1524 1523//1523 1593//1593
f 1594//1594 1595//1595 1596//1596
f 567//567 820//820 876//876
f 1460//1460 1597//1597 1526//1526
f 1543//1543 1542//1542 1598//1598
f 1460//1460 1527//1527 1599//1599
f 1333//1333 1529//1529 1600//1600
f 706//706 774//774 831//831
f 567//567 884//884 833//833
f 1601//1601 1602//1602 1603//1603
f 552//552 883//883 774//774
f 1571//1571 1570//1570 1604//1604
f 1333//1333 1605//1605 1538//1538
f 1539//1539 1335//1335 1606//1606
f 1539//1539 1607//1607 1608//1608
f 1609//1609 1610//1610 1582//1582
f 1611//1611 1586//1586 1585//1585
f 1016//1016 1540//1540 1612//1612
f 1613//1613 1614//1614 1615//1615
f 1616//1616 1617//1617 1618//1618
f 1484//1484 1547//1547 1619//1619
f 1620//1620 1621//1621 1622//1622
f 1623//1623 1549//1549 1485//1485
f 1016//1016 1612//1612 1550//1550
f 1624//1624 1625//1625 1626//1626
f 1627//1627 1626//1626 1625//1625
f 1556//1556 1628//1628 1049//1049
f 1629//1629 1309//1309 1557//1557
f 1630//1630 1631//1631 1632//1632
f 1633//1633 1632//1632 1631//1631
f 1634//1634 1635//1635 1636//1636
f 1564//1564 1503//1503 1637//1637
f 1565//1565 1309//1309 1638//1638
f 1639//1639 1640//1640 1641//1641
f 1642//1642 1641//1641 1640//1640
f 1574//1574 1573//1573 1643//1643
f 1444//1444 743//743 741//741
f 1644//1644 1645//1645 1646//1646
f 1645//1645 1644//1644 1647//1647
f 1648//1648 601//601 1577//1577
f 1602//1602 1601//1601 1649//1649
f 1650//1650 1503//1503 1579//1579
f 1579//1579 1580//1580 1651//1651
f 1583//1583 1582//1582 1652//1652
f 1653//1653 1580//1580 1654//1654
f 1655//1655 1656//1656 1657//1657
f 1658//1658 1657//1657 1656//1656
f 1659//1659 1587//1587 1049//1049
f 1660//1660 1661//1661 1662//1662
f 1661//1661 1660//1660 1663//1663
f 1592//1592 601//601 1664//1664
f 1595//1595 1594//1594 1665//1665
f 1666//1666 1667//1667 1668//1668
f 567//567 876//876 884//884
f 1460//1460 1599//1599 1597//1597
f 1614//1614 1613//1613 1669//1669
f 1333//1333 1600//1600 1670//1670
f 831//831 774//774 883//883
f 1671//1671 1672//1672 1673//1673
f 1333//1333 1674//1674 1605//1605
f 1539//1539 1606//1606 1675//1675
f 1539//1539 1676//1676 1607//1607
f 1608//1608 1607//1607 1677//1677
f 1652//1652 1582//1582 1610//1610
f 1617//1617 1616//1616 1678//1678
f 1619//1619 1547//1547 1679//1679
f 1621//1621 1620//1620 1680//1680
f 1681//1681 1549//1549 1623//1623
f 1682//1682 1683//1683 1684//1684
f 1685//1685 1684//1684 1683//1683
f 1628//1628 1659//1659 1049//1049
f 1686//1686 1309//1309 1629//1629
f 1687//1687 1688//1688 1689//1689
f 1690//1690 1689//1689 1688//1688
f 1691//1691 1636//1636 1635//1635
f 1637//1637 1503//1503 1650//1650
f 1638//1638 1309//1309 1692//1692
f 1693//1693 1694//1694 1695//1695
f 1694//1694 1696//1696 1695//1695
f 1697//1697 601//601 1648//1648
f 1672//1672 1671//1671 1698//1698
f 1699//1699 1700//1700 1701//1701
f 1651//1651 1580//1580 1702//1702
f 1703//1703 1704//1704 1705//1705
f 1706//1706 1707//1707 1708//1708
f 1709//1709 1580//1580 1653//1653
f 1664//1664 601//601 1697//1697
f 1667//1667 1666//1666 1710//1710
f 1711//1711 1712//1712 1713//1713
f 1712//1712 1711//1711 1714//1714
f 1333//1333 1670//1670 1715//1715
f 1333//1333 1716//1716 1674//1674
f 1539//1539 1675//1675 1676//1676
f 1717//1717 1701//1701 1700//1700
f 1718//1718 1705//1705 1704//1704
f 1608//1608 1677//1677 1719//1719
f 1608//1608 1720//1720 1721//1721
f 1722//1722 1723//1723 1724//1724
f 1619//1619 1679//1679 1725//1725
f 1726//1726 1727//1727 1728//1728
f 1729//1729 1681//1681 1623//1623
f 1730//1730 1309//1309 1686//1686
f 1731//1731 1732//1732 1733//1733
f 1734//1734 1733//1733 1732//1732
f 1735//1735 1736//1736 1737//1737
f 1692//1692 1309//1309 1738//1738
f 1739//1739 1740//1740 1741//1741
f 1742//1742 1741//1741 1740//1740
f 1743//1743 1737//1737 1736//1736
f 1702//1702 1580//1580 1744//1744
f 1745//1745 1746//1746 1747//1747
f 1748//1748 1708//1708 1707//1707
f 1744//1744 1580//1580 1709//1709
f 1749//1749 1750//1750 1751//1751
f 1333//1333 1715//1715 1752//1752
f 1333//1333 1753//1753 1716//1716
f 1754//1754 1747//1747 1746//1746
f 1608//1608 1719//1719 1755//1755
f 1608//1608 1756//1756 1720//1720
f 1723//1723 1722//1722 1757//1757
f 1619//1619 1725//1725 1758//1758
f 1727//1727 1726//1726 1759//1759
f 1760//1760 1729//1729 1623//1623
f 1761//1761 1309//1309 1730//1730
f 1762//1762 1763//1763 1764//1764
f 1765//1765 1764//1764 1763//1763
f 1738//1738 1309//1309 1761//1761
f 1766//1766 1767//1767 1768//1768
f 1769//1769 1768//1768 1767//1767
f 1770//1770 1771//1771 1772//1772
f 1773//1773 1772//1772 1771//1771
f 1774//1774 1775//1775 1776//1776
f 1777//1777 1751//1751 1750//1750
f 1333//1333 1752//1752 1778//1778
f 1333//1333 1779//1779 1753//1753
f 1608//1608 1755//1755 1756//1756
f 1780//1780 1781//1781 1782//1782
f 1758//1758 1725//1725 1783//1783
f 1784//1784 1785//1785 1786//1786
f 1787//1787 1729//1729 1760//1760
f 1788//1788 1789//1789 1790//1790
f 1791//1791 1792//1792 1793//1793
f 1794//1794 1793//1793 1792//1792
f 1795//1795 1776//1776 1775//1775
f 1333//1333 1778//1778 1779//1779
f 1781//1781 1780//1780 1796//1796
f 1758//1758 1783//1783 1797//1797
f 1785//1785 1784//1784 1798//1798
f 1799//1799 1787//1787 1760//1760
f 1800//1800 1790//1790 1789//1789
f 1801//1801 1802//1802 1803//1803
f 1797//1797 1783//1783 1804//1804
f 1805//1805 1806//1806 1807//1807
f 1808//1808 1787//1787 1799//1799
f 1802//1802 1801//1801 1809//1809
f 1797//1797 1804//1804 1810//1810
f 1806//1806 1805//1805 1811//1811
f 1812//1812 1808//1808 1799//1799
f 1813//1813 1814//1814 1815//1815
f 1810//1810 1804//1804 1816//1816
f 1817//1817 1818//1818 1819//1819
f 1820//1820 1808//1808 1812//1812
f 1814//1814 1813//1813 1821//1821
f 1810//1810 1816//1816 1822//1822
f 1818//1818 1817//1817 1823//1823
f 1824//1824 1820//1820 1812//1812
f 1825//1825 1826//1826 1827//1827
f 1826//1826 1825//1825 1828//1828
f 1312//1312 1829//1829 1830//1830
f 1829//1829 1312//1312 1831//1831
f 1832//1832 1833//1833 1834//1834
f 1835//1835 1836//1836 1837//1837
f 1836//1836 1835//1835 1838//1838
f 1833//1833 1832//1832 1839//1839
f 1840//1840 1841//1841 1842//1842
f 1841//1841 1840//1840 1843//1843
f 1844//1844 1845//1845 1846//1846
f 1845//1845 1844//1844 1847//1847
f 1848//1848 1849//1849 1850//1850
f 1849//1849 1848//1848 1851//1851
f 1852//1852 1853//1853 1854//1854
f 1853//1853 1852//1852 1855//1855
f 1856//1856 1857//1857 1858//1858
f 1857//1857 1856//1856 1859//1859
f 1860//1860 1861//1861 1862//1862
f 1861//1861 1860//1860 1863//1863
f 1864//1864 1865//1865 1866//1866
f 1865//1865 1864//1864 1867//1867
f 1868//1868 1869//1869 1870//1870
f 1869//1869 1868//1868 1871//1871
f 1872//1872 1873//1873 1874//1874
f 1875//1875 1876//1876 1877//1877
f 1878//1878 1879//1879 1880//1880
f 1873//1873 1872//1872 1881//1881
f 1882//1882 1883//1883 1884//1884
f 1876//1876 1875//1875 1885//1885
f 1879//1879 1878//1878 1886//1886
f 1887//1887 1888//1888 1889//1889
f 1888//1888 1887//1887 1890//1890
f 1891//1891 1892//1892 1893//1893
f 1894//1894 1895//1895 1896//1896
f 1883//1883 1882//1882 1897//1897
f 1898//1898 1899//1899 1900//1900
f 1899//1899 1898//1898 1901//1901
f 1892//1892 1891//1891 1902//1902
f 1903//1903 1904//1904 1905//1905
f 1906//1906 1907//1907 1908//1908
f 1895//1895 1894//1894 1909//1909
f 1910//1910 1911//1911 1912//1912
f 1911//1911 1910//1910 1913//1913
f 1904//1904 1903//1903 1914//1914
f 1915//1915 1916//1916 1917//1917
f 1918//1918 1919//1919 1920//1920
f 1907//1907 1906//1906 1921//1921
f 1922//1922 1923//1923 1924//1924
f 1923//1923 1922//1922 1925//1925
f 1916//1916 1915//1915 1926//1926
f 1927//1927 1928//1928 1929//1929
f 1930//1930 1931//1931 1932//1932
f 1931//1931 1930//1930 1933//1933
f 1934//1934 1935//1935 1936//1936
f 1919//1919 1918//1918 1937//1937
f 1938//1938 1939//1939 1940//1940
f 1939//1939 1938//1938 1941//1941
f 1928//1928 1927//1927 1942//1942
f 1943//1943 1944//1944 1945//1945
f 1946//1946 1947//1947 1948//1948
f 1949//1949 1950//1950 1951//1951
f 1952//1952 1953//1953 1954//1954
f 1947//1947 1946//1946 1955//1955
f 1950//1950 1949//1949 1956//1956
f 1957//1957 1958//1958 1959//1959
f 1960//1960 1961//1961 1962//1962
f 1935//1935 1934//1934 1963//1963
f 1944//1944 1943//1943 1964//1964
f 1965//1965 1966//1966 1967//1967
f 1968//1968 1969//1969 1970//1970
f 1971//1971 1972//1972 1973//1973
f 1974//1974 1975//1975 1976//1976
f 1975//1975 1974//1974 1977//1977
f 1958//1958 1957//1957 1978//1978
f 1953//1953 1952//1952 1979//1979
f 1972//1972 1971//1971 1980//1980
f 1980//1980 1981//1981 1982//1982
f 665//665 1983//1983 712//712
f 1984//1984 1985//1985 1986//1986
f 1961//1961 1960//1960 1987//1987
f 1985//1985 1984//1984 1988//1988
f 1989//1989 1990//1990 1991//1991
f 1966//1966 1965//1965 1992//1992
f 1990//1990 1989//1989 1993//1993
f 1969//1969 1968//1968 1994//1994
f 1981//1981 1980//1980 1971//1971
f 1995//1995 1996//1996 1997//1997
f 1996//1996 1995//1995 1998//1998
f 1999//1999 2000//2000 2001//2001
f 2002//2002 2003//2003 2004//2004
f 2000//2000 2005//2005 2006//2006
f 2003//2003 2002//2002 2007//2007
f 2008//2008 2009//2009 2010//2010
f 2009//2009 2008//2008 2011//2011
f 2012//2012 2013//2013 2014//2014
f 2013//2013 2012//2012 2015//2015
f 2016//2016 2017//2017 2018//2018
f 2019//2019 2020//2020 2021//2021
f 2020//2020 2019//2019 2022//2022
f 2023//2023 2000//2000 1999//1999
f 2024//2024 2025//2025 2026//2026
f 2025//2025 2024//2024 2027//2027
f 2005//2005 2000//2000 2023//2023
f 2028//2028 2029//2029 2030//2030
f 2029//2029 2028//2028 2031//2031
f 2032//2032 2033//2033 2034//2034
f 2033//2033 2032//2032 2035//2035
f 2017//2017 2016//2016 2036//2036
f 2037//2037 2038//2038 2039//2039
f 2037//2037 2040//2040 2038//2038
f 2041//2041 2042//2042 2043//2043
f 2044//2044 2045//2045 2046//2046
f 2047//2047 2048//2048 2049//2049
f 2042//2042 2041//2041 2050//2050
f 2045//2045 2044//2044 2051//2051
f 2052//2052 2053//2053 2054//2054
f 2053//2053 2052//2052 2055//2055
f 2056//2056 2057//2057 2058//2058
f 2059//2059 2060//2060 2061//2061
f 2060//2060 2059//2059 2062//2062
f 2057//2057 2056//2056 2063//2063
f 2064//2064 2065//2065 2066//2066
f 2048//2048 2047//2047 2067//2067
f 2068//2068 2069//2069 2070//2070
f 2065//2065 2064//2064 2071//2071
f 2072//2072 2073//2073 2074//2074
f 2073//2073 2072//2072 2075//2075
f 2076//2076 2077//2077 2078//2078
f 2077//2077 2076//2076 2079//2079
f 2080//2080 2081//2081 2082//2082
f 2081//2081 2080//2080 2083//2083
f 2084//2084 2085//2085 2086//2086
f 2069//2069 2068//2068 2087//2087
f 2088//2088 2089//2089 2090//2090
f 2091//2091 2092//2092 2093//2093
f 2092//2092 2091//2091 2094//2094
f 2085//2085 2084//2084 2095//2095
f 2089//2089 2088//2088 2096//2096
