# Created by Open3D 
# object name: d5d4dfb9e6901b66a3f22b4b00de6dfb
# number of vertices: 4518
# number of triangles: 2266
v 0.267358 0.272135 -0.275378
vn 5.53747e-17 -3.39072e-33 -0.742492
v 0.200346 0.195747 -0.275378
vn 5.53747e-17 -3.39072e-33 -0.742492
v 0.200346 0.272135 -0.275378
vn 5.53747e-17 -3.39072e-33 -0.742492
v 0.267358 0.195747 -0.275378
vn 5.53747e-17 -3.39072e-33 -0.742492
v 0.200346 0.272135 -0.275378
vn -5.53747e-17 3.39072e-33 0.742492
v 0.200346 0.195747 -0.275378
vn -5.53747e-17 3.39072e-33 0.742492
v 0.267358 0.272135 -0.275378
vn -5.53747e-17 3.39072e-33 0.742492
v 0.267358 0.195747 -0.275378
vn -5.53747e-17 3.39072e-33 0.742492
v 0.200346 0.272135 -0.275378
vn -0.904338 1.70144e-16 -4.54645e-17
v 0.200346 0.195747 -0.3
vn -0.904338 1.70144e-16 -4.54645e-17
v 0.200346 0.195747 -0.275378
vn -0.904338 1.70144e-16 -4.54645e-17
v 0.200346 0.195747 -0.275378
vn 0.904338 -1.70144e-16 4.54645e-17
v 0.200346 0.195747 -0.3
vn 0.904338 -1.70144e-16 4.54645e-17
v 0.200346 0.272135 -0.275378
vn 0.904338 -1.70144e-16 4.54645e-17
v 0.267358 0.272135 -0.3
vn 1.68134e-16 0.937156 5.5678e-33
v 0.200346 0.272135 -0.275378
vn 1.68134e-16 0.937156 5.5678e-33
v 0.267358 0.272135 -0.275378
vn 1.68134e-16 0.937156 5.5678e-33
v 0.267358 0.272135 -0.275378
vn -1.68134e-16 -0.937156 -5.5678e-33
v 0.200346 0.272135 -0.275378
vn -1.68134e-16 -0.937156 -5.5678e-33
v 0.267358 0.272135 -0.3
vn -1.68134e-16 -0.937156 -5.5678e-33
v 0.267358 0.195747 -0.275378
vn 0.904338 -1.70144e-16 4.54645e-17
v 0.267358 0.272135 -0.3
vn 0.904338 -1.70144e-16 4.54645e-17
v 0.267358 0.272135 -0.275378
vn 0.904338 -1.70144e-16 4.54645e-17
v 0.267358 0.272135 -0.275378
vn -0.904338 1.70144e-16 -4.54645e-17
v 0.267358 0.272135 -0.3
vn -0.904338 1.70144e-16 -4.54645e-17
v 0.267358 0.195747 -0.275378
vn -0.904338 1.70144e-16 -4.54645e-17
v 0.200346 0.195747 -0.3
vn -1.68134e-16 -0.937156 -5.5678e-33
v 0.267358 0.195747 -0.275378
vn -1.68134e-16 -0.937156 -5.5678e-33
v 0.200346 0.195747 -0.275378
vn -1.68134e-16 -0.937156 -5.5678e-33
v 0.200346 0.195747 -0.275378
vn 1.68134e-16 0.937156 5.5678e-33
v 0.267358 0.195747 -0.275378
vn 1.68134e-16 0.937156 5.5678e-33
v 0.200346 0.195747 -0.3
vn 1.68134e-16 0.937156 5.5678e-33
v 0.200346 0.272135 -0.3
vn -0.904338 1.70144e-16 -4.54645e-17
v 0.200346 0.272135 -0.3
vn 0.904338 -1.70144e-16 4.54645e-17
v 0.200346 0.272135 -0.3
vn 1.68134e-16 0.937156 5.5678e-33
v 0.200346 0.272135 -0.3
vn -1.68134e-16 -0.937156 -5.5678e-33
v 0.267358 0.195747 -0.3
vn 0.904338 -1.70144e-16 4.54645e-17
v 0.267358 0.195747 -0.3
vn -0.904338 1.70144e-16 -4.54645e-17
v 0.267358 0.195747 -0.3
vn -1.68134e-16 -0.937156 -5.5678e-33
v 0.267358 0.195747 -0.3
vn 1.68134e-16 0.937156 5.5678e-33
v 0.267358 0.272135 -0.3
vn 5.53747e-17 -3.39072e-33 -0.742492
v 0.200346 0.195747 -0.3
vn 5.53747e-17 -3.39072e-33 -0.742492
v 0.200346 0.272135 -0.3
vn 5.53747e-17 -3.39072e-33 -0.742492
v 0.200346 0.272135 -0.3
vn -5.53747e-17 3.39072e-33 0.742492
v 0.200346 0.195747 -0.3
vn -5.53747e-17 3.39072e-33 0.742492
v 0.267358 0.272135 -0.3
vn -5.53747e-17 3.39072e-33 0.742492
v 0.267358 0.195747 -0.3
vn 5.53747e-17 -3.39072e-33 -0.742492
v 0.267358 0.195747 -0.3
vn -5.53747e-17 3.39072e-33 0.742492
v 0.267358 -0.198611 -0.275378
vn 5.53747e-17 -3.39072e-33 -0.742492
v 0.200346 -0.275 -0.275378
vn 5.53747e-17 -3.39072e-33 -0.742492
v 0.200346 -0.198611 -0.275378
vn 5.53747e-17 -3.39072e-33 -0.742492
v 0.267358 -0.275 -0.275378
vn 5.53747e-17 -3.39072e-33 -0.742492
v 0.200346 -0.198611 -0.275378
vn -5.53747e-17 3.39072e-33 0.742492
v 0.200346 -0.275 -0.275378
vn -5.53747e-17 3.39072e-33 0.742492
v 0.267358 -0.198611 -0.275378
vn -5.53747e-17 3.39072e-33 0.742492
v 0.267358 -0.275 -0.275378
vn -5.53747e-17 3.39072e-33 0.742492
v 0.200346 -0.198611 -0.275378
vn -0.904338 1.70144e-16 -4.54645e-17
v 0.200346 -0.275 -0.3
vn -0.904338 1.70144e-16 -4.54645e-17
v 0.200346 -0.275 -0.275378
vn -0.904338 1.70144e-16 -4.54645e-17
v 0.200346 -0.275 -0.275378
vn 0.904338 -1.70144e-16 4.54645e-17
v 0.200346 -0.275 -0.3
vn 0.904338 -1.70144e-16 4.54645e-17
v 0.200346 -0.198611 -0.275378
vn 0.904338 -1.70144e-16 4.54645e-17
v 0.267358 -0.198611 -0.3
vn 1.68134e-16 0.937156 5.5678e-33
v 0.200346 -0.198611 -0.275378
vn 1.68134e-16 0.937156 5.5678e-33
v 0.267358 -0.198611 -0.275378
vn 1.68134e-16 0.937156 5.5678e-33
v 0.267358 -0.198611 -0.275378
vn -1.68134e-16 -0.937156 -5.5678e-33
v 0.200346 -0.198611 -0.275378
vn -1.68134e-16 -0.937156 -5.5678e-33
v 0.267358 -0.198611 -0.3
vn -1.68134e-16 -0.937156 -5.5678e-33
v 0.267358 -0.275 -0.275378
vn 0.904338 -1.70144e-16 4.54645e-17
v 0.267358 -0.198611 -0.3
vn 0.904338 -1.70144e-16 4.54645e-17
v 0.267358 -0.198611 -0.275378
vn 0.904338 -1.70144e-16 4.54645e-17
v 0.267358 -0.198611 -0.275378
vn -0.904338 1.70144e-16 -4.54645e-17
v 0.267358 -0.198611 -0.3
vn -0.904338 1.70144e-16 -4.54645e-17
v 0.267358 -0.275 -0.275378
vn -0.904338 1.70144e-16 -4.54645e-17
v 0.200346 -0.275 -0.3
vn -1.68134e-16 -0.937156 -5.5678e-33
v 0.267358 -0.275 -0.275378
vn -1.68134e-16 -0.937156 -5.5678e-33
v 0.200346 -0.275 -0.275378
vn -1.68134e-16 -0.937156 -5.5678e-33
v 0.200346 -0.275 -0.275378
vn 1.68134e-16 0.937156 5.5678e-33
v 0.267358 -0.275 -0.275378
vn 1.68134e-16 0.937156 5.5678e-33
v 0.200346 -0.275 -0.3
vn 1.68134e-16 0.937156 5.5678e-33
v 0.200346 -0.198611 -0.3
vn -0.904338 1.70144e-16 -4.54645e-17
v 0.200346 -0.198611 -0.3
vn 0.904338 -1.70144e-16 4.54645e-17
v 0.200346 -0.198611 -0.3
vn 1.68134e-16 0.937156 5.5678e-33
v 0.200346 -0.198611 -0.3
vn -1.68134e-16 -0.937156 -5.5678e-33
v 0.267358 -0.275 -0.3
vn 0.904338 -1.70144e-16 4.54645e-17
v 0.267358 -0.275 -0.3
vn -0.904338 1.70144e-16 -4.54645e-17
v 0.267358 -0.275 -0.3
vn -1.68134e-16 -0.937156 -5.5678e-33
v 0.267358 -0.275 -0.3
vn 1.68134e-16 0.937156 5.5678e-33
v 0.267358 -0.198611 -0.3
vn 5.53747e-17 -3.39072e-33 -0.742492
v 0.200346 -0.275 -0.3
vn 5.53747e-17 -3.39072e-33 -0.742492
v 0.200346 -0.198611 -0.3
vn 5.53747e-17 -3.39072e-33 -0.742492
v 0.200346 -0.198611 -0.3
vn -5.53747e-17 3.39072e-33 0.742492
v 0.200346 -0.275 -0.3
vn -5.53747e-17 3.39072e-33 0.742492
v 0.267358 -0.198611 -0.3
vn -5.53747e-17 3.39072e-33 0.742492
v 0.267358 -0.275 -0.3
vn 5.53747e-17 -3.39072e-33 -0.742492
v 0.267358 -0.275 -0.3
vn -5.53747e-17 3.39072e-33 0.742492
v -0.169062 -0.198611 -0.275378
vn 5.53747e-17 -3.39072e-33 -0.742492
v -0.236075 -0.275 -0.275378
vn 5.53747e-17 -3.39072e-33 -0.742492
v -0.236075 -0.198611 -0.275378
vn 5.53747e-17 -3.39072e-33 -0.742492
v -0.169062 -0.275 -0.275378
vn 5.53747e-17 -3.39072e-33 -0.742492
v -0.236075 -0.198611 -0.275378
vn -5.53747e-17 3.39072e-33 0.742492
v -0.236075 -0.275 -0.275378
vn -5.53747e-17 3.39072e-33 0.742492
v -0.169062 -0.198611 -0.275378
vn -5.53747e-17 3.39072e-33 0.742492
v -0.169062 -0.275 -0.275378
vn -5.53747e-17 3.39072e-33 0.742492
v -0.236075 -0.198611 -0.275378
vn -0.904338 1.70144e-16 -4.54645e-17
v -0.236075 -0.275 -0.3
vn -0.904338 1.70144e-16 -4.54645e-17
v -0.236075 -0.275 -0.275378
vn -0.904338 1.70144e-16 -4.54645e-17
v -0.236075 -0.275 -0.275378
vn 0.904338 -1.70144e-16 4.54645e-17
v -0.236075 -0.275 -0.3
vn 0.904338 -1.70144e-16 4.54645e-17
v -0.236075 -0.198611 -0.275378
vn 0.904338 -1.70144e-16 4.54645e-17
v -0.169062 -0.198611 -0.3
vn 1.68134e-16 0.937156 5.5678e-33
v -0.236075 -0.198611 -0.275378
vn 1.68134e-16 0.937156 5.5678e-33
v -0.169062 -0.198611 -0.275378
vn 1.68134e-16 0.937156 5.5678e-33
v -0.169062 -0.198611 -0.275378
vn -1.68134e-16 -0.937156 -5.5678e-33
v -0.236075 -0.198611 -0.275378
vn -1.68134e-16 -0.937156 -5.5678e-33
v -0.169062 -0.198611 -0.3
vn -1.68134e-16 -0.937156 -5.5678e-33
v -0.169062 -0.275 -0.275378
vn 0.904338 -1.70144e-16 4.54645e-17
v -0.169062 -0.198611 -0.3
vn 0.904338 -1.70144e-16 4.54645e-17
v -0.169062 -0.198611 -0.275378
vn 0.904338 -1.70144e-16 4.54645e-17
v -0.169062 -0.198611 -0.275378
vn -0.904338 1.70144e-16 -4.54645e-17
v -0.169062 -0.198611 -0.3
vn -0.904338 1.70144e-16 -4.54645e-17
v -0.169062 -0.275 -0.275378
vn -0.904338 1.70144e-16 -4.54645e-17
v -0.236075 -0.275 -0.3
vn -1.68134e-16 -0.937156 -5.5678e-33
v -0.169062 -0.275 -0.275378
vn -1.68134e-16 -0.937156 -5.5678e-33
v -0.236075 -0.275 -0.275378
vn -1.68134e-16 -0.937156 -5.5678e-33
v -0.236075 -0.275 -0.275378
vn 1.68134e-16 0.937156 5.5678e-33
v -0.169062 -0.275 -0.275378
vn 1.68134e-16 0.937156 5.5678e-33
v -0.236075 -0.275 -0.3
vn 1.68134e-16 0.937156 5.5678e-33
v -0.236075 -0.198611 -0.3
vn -0.904338 1.70144e-16 -4.54645e-17
v -0.236075 -0.198611 -0.3
vn 0.904338 -1.70144e-16 4.54645e-17
v -0.236075 -0.198611 -0.3
vn 1.68134e-16 0.937156 5.5678e-33
v -0.236075 -0.198611 -0.3
vn -1.68134e-16 -0.937156 -5.5678e-33
v -0.169062 -0.275 -0.3
vn 0.904338 -1.70144e-16 4.54645e-17
v -0.169062 -0.275 -0.3
vn -0.904338 1.70144e-16 -4.54645e-17
v -0.169062 -0.275 -0.3
vn -1.68134e-16 -0.937156 -5.5678e-33
v -0.169062 -0.275 -0.3
vn 1.68134e-16 0.937156 5.5678e-33
v -0.169062 -0.198611 -0.3
vn 5.53747e-17 -3.39072e-33 -0.742492
v -0.236075 -0.275 -0.3
vn 5.53747e-17 -3.39072e-33 -0.742492
v -0.236075 -0.198611 -0.3
vn 5.53747e-17 -3.39072e-33 -0.742492
v -0.236075 -0.198611 -0.3
vn -5.53747e-17 3.39072e-33 0.742492
v -0.236075 -0.275 -0.3
vn -5.53747e-17 3.39072e-33 0.742492
v -0.169062 -0.198611 -0.3
vn -5.53747e-17 3.39072e-33 0.742492
v -0.169062 -0.275 -0.3
vn 5.53747e-17 -3.39072e-33 -0.742492
v -0.169062 -0.275 -0.3
vn -5.53747e-17 3.39072e-33 0.742492
v -0.169062 0.272135 -0.275378
vn 5.53747e-17 -3.39072e-33 -0.742492
v -0.236075 0.195747 -0.275378
vn 5.53747e-17 -3.39072e-33 -0.742492
v -0.236075 0.272135 -0.275378
vn 5.53747e-17 -3.39072e-33 -0.742492
v -0.169062 0.195747 -0.275378
vn 5.53747e-17 -3.39072e-33 -0.742492
v -0.236075 0.272135 -0.275378
vn -5.53747e-17 3.39072e-33 0.742492
v -0.236075 0.195747 -0.275378
vn -5.53747e-17 3.39072e-33 0.742492
v -0.169062 0.272135 -0.275378
vn -5.53747e-17 3.39072e-33 0.742492
v -0.169062 0.195747 -0.275378
vn -5.53747e-17 3.39072e-33 0.742492
v -0.236075 0.272135 -0.275378
vn -0.904338 1.70144e-16 -4.54645e-17
v -0.236075 0.195747 -0.3
vn -0.904338 1.70144e-16 -4.54645e-17
v -0.236075 0.195747 -0.275378
vn -0.904338 1.70144e-16 -4.54645e-17
v -0.236075 0.195747 -0.275378
vn 0.904338 -1.70144e-16 4.54645e-17
v -0.236075 0.195747 -0.3
vn 0.904338 -1.70144e-16 4.54645e-17
v -0.236075 0.272135 -0.275378
vn 0.904338 -1.70144e-16 4.54645e-17
v -0.169062 0.272135 -0.3
vn 1.68134e-16 0.937156 5.5678e-33
v -0.236075 0.272135 -0.275378
vn 1.68134e-16 0.937156 5.5678e-33
v -0.169062 0.272135 -0.275378
vn 1.68134e-16 0.937156 5.5678e-33
v -0.169062 0.272135 -0.275378
vn -1.68134e-16 -0.937156 -5.5678e-33
v -0.236075 0.272135 -0.275378
vn -1.68134e-16 -0.937156 -5.5678e-33
v -0.169062 0.272135 -0.3
vn -1.68134e-16 -0.937156 -5.5678e-33
v -0.169062 0.195747 -0.275378
vn 0.904338 -1.70144e-16 4.54645e-17
v -0.169062 0.272135 -0.3
vn 0.904338 -1.70144e-16 4.54645e-17
v -0.169062 0.272135 -0.275378
vn 0.904338 -1.70144e-16 4.54645e-17
v -0.169062 0.272135 -0.275378
vn -0.904338 1.70144e-16 -4.54645e-17
v -0.169062 0.272135 -0.3
vn -0.904338 1.70144e-16 -4.54645e-17
v -0.169062 0.195747 -0.275378
vn -0.904338 1.70144e-16 -4.54645e-17
v -0.236075 0.195747 -0.3
vn -1.68134e-16 -0.937156 -5.5678e-33
v -0.169062 0.195747 -0.275378
vn -1.68134e-16 -0.937156 -5.5678e-33
v -0.236075 0.195747 -0.275378
vn -1.68134e-16 -0.937156 -5.5678e-33
v -0.236075 0.195747 -0.275378
vn 1.68134e-16 0.937156 5.5678e-33
v -0.169062 0.195747 -0.275378
vn 1.68134e-16 0.937156 5.5678e-33
v -0.236075 0.195747 -0.3
vn 1.68134e-16 0.937156 5.5678e-33
v -0.236075 0.272135 -0.3
vn -0.904338 1.70144e-16 -4.54645e-17
v -0.236075 0.272135 -0.3
vn 0.904338 -1.70144e-16 4.54645e-17
v -0.236075 0.272135 -0.3
vn 1.68134e-16 0.937156 5.5678e-33
v -0.236075 0.272135 -0.3
vn -1.68134e-16 -0.937156 -5.5678e-33
v -0.169062 0.195747 -0.3
vn 0.904338 -1.70144e-16 4.54645e-17
v -0.169062 0.195747 -0.3
vn -0.904338 1.70144e-16 -4.54645e-17
v -0.169062 0.195747 -0.3
vn -1.68134e-16 -0.937156 -5.5678e-33
v -0.169062 0.195747 -0.3
vn 1.68134e-16 0.937156 5.5678e-33
v -0.169062 0.272135 -0.3
vn 5.53747e-17 -3.39072e-33 -0.742492
v -0.236075 0.195747 -0.3
vn 5.53747e-17 -3.39072e-33 -0.742492
v -0.236075 0.272135 -0.3
vn 5.53747e-17 -3.39072e-33 -0.742492
v -0.236075 0.272135 -0.3
vn -5.53747e-17 3.39072e-33 0.742492
v -0.236075 0.195747 -0.3
vn -5.53747e-17 3.39072e-33 0.742492
v -0.169062 0.272135 -0.3
vn -5.53747e-17 3.39072e-33 0.742492
v -0.169062 0.195747 -0.3
vn 5.53747e-17 -3.39072e-33 -0.742492
v -0.169062 0.195747 -0.3
vn -5.53747e-17 3.39072e-33 0.742492
v 0.269268 -0.275 0.0829984
vn -0.78366 1.47439e-16 -0.370562
v 0.269268 -0.198611 0.0829984
vn -0.78366 1.47439e-16 -0.370562
v 0.271337 -0.275 0.0777943
vn -0.835129 1.57122e-16 -0.284872
v 0.271337 -0.198611 0.0777943
vn -0.835129 1.57122e-16 -0.284872
v 0.269268 -0.275 0.0829984
vn -0.782698 1.47257e-16 -0.371929
v 0.266673 -0.275 0.0878231
vn -0.71805 1.35095e-16 -0.451368
v 0.269268 -0.198611 0.0829984
vn -0.782698 1.47257e-16 -0.371929
v 0.269268 -0.275 0.0829984
vn 1.68134e-16 0.937156 5.5678e-33
v 0.271337 -0.275 0.0777943
vn 1.68134e-16 0.937156 5.5678e-33
v -0.156319 -0.275 0.105181
vn 1.68134e-16 0.937156 5.5678e-33
v 0.271337 -0.275 0.0777943
vn -0.835867 1.57261e-16 -0.283409
v 0.271337 -0.198611 0.0777943
vn -0.835867 1.57261e-16 -0.283409
v 0.27284 -0.275 0.0722983
vn -0.873272 1.64299e-16 -0.192939
v 0.269268 -0.198611 0.0829984
vn -1.68134e-16 -0.937156 -5.5678e-33
v -0.154636 -0.198611 0.0982797
vn -1.68134e-16 -0.937156 -5.5678e-33
v 0.271337 -0.198611 0.0777943
vn -1.68134e-16 -0.937156 -5.5678e-33
v 0.266673 -0.198611 0.0878231
vn -0.71805 1.35095e-16 -0.451368
v 0.266673 -0.275 0.0878231
vn 1.68134e-16 0.937156 5.5678e-33
v 0.27284 -0.275 0.0722983
vn 1.68134e-16 0.937156 5.5678e-33
v 0.27284 -0.198611 0.0722983
vn -0.873272 1.64299e-16 -0.192939
v 0.27284 -0.198611 0.0722983
vn -1.68134e-16 -0.937156 -5.5678e-33
v 0.266673 -0.198611 0.0878231
vn -1.68134e-16 -0.937156 -5.5678e-33
v 0.266673 -0.275 0.0878231
vn -0.716873 1.34873e-16 -0.452627
v 0.263591 -0.275 0.092186
vn -0.640146 1.20438e-16 -0.52446
v 0.266673 -0.198611 0.0878231
vn -0.716873 1.34873e-16 -0.452627
v 0.263591 -0.275 0.092186
vn 1.68134e-16 0.937156 5.5678e-33
v 0.273754 -0.275 0.0666079
vn 1.68134e-16 0.937156 5.5678e-33
v 0.27284 -0.198611 0.0722983
vn -0.873771 1.64392e-16 -0.191409
v 0.273754 -0.198611 0.0666079
vn -0.896473 1.68664e-16 -0.0977038
v 0.27284 -0.275 0.0722983
vn -0.873771 1.64392e-16 -0.191409
v -0.149417 -0.198611 0.0717964
vn -1.68134e-16 -0.937156 -5.5678e-33
v 0.263591 -0.198611 0.092186
vn -1.68134e-16 -0.937156 -5.5678e-33
v 0.263591 -0.198611 0.092186
vn -0.640146 1.20438e-16 -0.52446
v 0.260077 -0.275 0.0960128
vn 1.68134e-16 0.937156 5.5678e-33
v 0.27406 -0.275 0.0608164
vn 1.68134e-16 0.937156 5.5678e-33
v 0.273754 -0.275 0.0666079
vn -0.896473 1.68664e-16 -0.0977038
v 0.273754 -0.198611 0.0666079
vn -1.68134e-16 -0.937156 -5.5678e-33
v -0.154636 -0.198611 0.0982797
vn -0.874173 1.64468e-16 -0.190167
v -0.154636 0.198611 0.0982797
vn -0.874173 1.64468e-16 -0.190167
v -0.149417 -0.198611 0.0717964
vn -0.882344 1.66005e-16 -0.162754
v 0.260077 -0.198611 0.0960128
vn -1.68134e-16 -0.937156 -5.5678e-33
v 0.263591 -0.198611 0.092186
vn -0.638782 1.20181e-16 -0.52558
v 0.263591 -0.275 0.092186
vn -0.638782 1.20181e-16 -0.52558
v 0.260077 -0.198611 0.0960128
vn -0.551291 1.03721e-16 -0.588576
v 0.260077 -0.275 0.0960128
vn -0.551291 1.03721e-16 -0.588576
v 0.256188 -0.275 0.0992367
vn 1.68134e-16 0.937156 5.5678e-33
v 0.27406 -0.275 -0.260549
vn 1.68134e-16 0.937156 5.5678e-33
v 0.27406 -0.275 0.0608164
vn -0.902401 1.69778e-16 -0.0485611
v 0.273754 -0.275 0.0666079
vn -0.896727 1.68711e-16 -0.0961283
v 0.27406 -0.198611 0.0608164
vn -0.902401 1.69778e-16 -0.0485611
v 0.273754 -0.198611 0.0666079
vn -0.896727 1.68711e-16 -0.0961283
v 0.27406 -0.198611 0.0608164
vn -1.68134e-16 -0.937156 -5.5678e-33
v -0.149417 0.198611 0.0717964
vn -0.882344 1.66005e-16 -0.162754
v -0.154636 -0.198611 0.0982797
vn -0.871723 1.64007e-16 -0.197602
v -0.156319 -0.198611 0.105181
vn -0.865665 1.62868e-16 -0.214808
v -0.154636 0.198611 0.0982797
vn -0.871723 1.64007e-16 -0.197602
v 0.256188 -0.198611 0.0992367
vn -1.68134e-16 -0.937156 -5.5678e-33
v 0.260077 -0.275 0.0960128
vn -0.549756 1.03432e-16 -0.589543
v 0.256188 -0.275 0.0992367
vn -0.453003 8.52285e-17 -0.642621
v 0.260077 -0.198611 0.0960128
vn -0.549756 1.03432e-16 -0.589543
v 0.251993 -0.275 0.101803
vn 1.68134e-16 0.937156 5.5678e-33
v 0.273955 -0.275 -0.262485
vn 1.68134e-16 0.937156 5.5678e-33
v -0.145339 -0.198611 0.0450058
vn -1.68134e-16 -0.937156 -5.5678e-33
v -0.149417 0.198611 0.0717964
vn -0.885278 1.66558e-16 -0.151634
v -0.145339 0.198611 0.0450058
vn -0.891657 1.67757e-16 -0.123903
v -0.149417 -0.198611 0.0717964
vn -0.885278 1.66558e-16 -0.151634
v -0.154636 0.198611 0.0982797
vn 1.68134e-16 0.937156 5.5678e-33
v -0.140674 0.198611 0.105181
vn 1.68134e-16 0.937156 5.5678e-33
v -0.149417 0.198611 0.0717964
vn 1.68134e-16 0.937156 5.5678e-33
v -0.156319 0.198611 0.105181
vn -0.865665 1.62868e-16 -0.214808
v -0.156319 -0.198611 0.105181
vn -1.68134e-16 -0.937156 -5.5678e-33
v 0.256188 -0.198611 0.0992367
vn -0.453003 8.52285e-17 -0.642621
v 0.256188 -0.275 0.0992367
vn -0.45133 8.49136e-17 -0.643415
v 0.251993 -0.275 0.101803
vn -0.346962 6.52778e-17 -0.685672
v 0.256188 -0.198611 0.0992367
vn -0.45133 8.49136e-17 -0.643415
v 0.247566 -0.275 0.103669
vn 1.68134e-16 0.937156 5.5678e-33
v 0.273654 -0.275 -0.264387
vn 1.68134e-16 0.937156 5.5678e-33
v 0.273955 -0.275 -0.262485
vn -0.896887 1.68742e-16 0.0951148
v 0.27406 -0.275 -0.260549
vn -0.902398 1.69778e-16 0.0486111
v 0.273955 0.275 -0.262485
vn -0.896887 1.68742e-16 0.0951148
v 0.27406 -0.198611 -0.260549
vn -0.9024 1.69778e-16 0.0485685
v 0.273955 0.275 -0.262485
vn -0.896643 1.68696e-16 0.0966562
v 0.27406 -0.275 -0.260549
vn -0.9024 1.69778e-16 0.0485685
v 0.27406 -0.198611 -0.0923768
vn -1.68134e-16 -0.937156 -5.5678e-33
v -0.127272 -0.198611 -0.0923768
vn -1.68134e-16 -0.937156 -5.5678e-33
v -0.142421 -0.198611 0.0179828
vn -1.68134e-16 -0.937156 -5.5678e-33
v -0.145339 -0.198611 0.0450058
vn -0.891657 1.67757e-16 -0.123903
v -0.145339 0.198611 0.0450058
vn 1.68134e-16 0.937156 5.5678e-33
v -0.156319 0.198611 0.105181
vn 1.68134e-16 0.937156 5.5678e-33
v -0.156319 0.198611 0.105181
vn -0.86569 1.62872e-16 -0.214741
v -0.156319 -0.198611 0.105181
vn -0.86569 1.62872e-16 -0.214741
v -0.160989 0.275 0.124379
vn -0.860125 1.61825e-16 -0.229318
v 0.251993 -0.198611 0.101803
vn -1.68134e-16 -0.937156 -5.5678e-33
v 0.251993 -0.198611 0.101803
vn -0.346962 6.52778e-17 -0.685672
v 0.251993 -0.275 0.101803
vn -0.345183 6.49432e-17 -0.686276
v 0.247566 -0.275 0.103669
vn -0.234993 4.42119e-17 -0.716987
v 0.251993 -0.198611 0.101803
vn -0.345183 6.49432e-17 -0.686276
v 0.242981 -0.275 0.1048
vn 1.68134e-16 0.937156 5.5678e-33
v 0.273147 -0.275 -0.266224
vn 1.68134e-16 0.937156 5.5678e-33
v 0.273955 -0.275 -0.262485
vn -0.896312 1.68633e-16 0.0986951
v 0.273955 0.275 -0.262485
vn -0.896312 1.68633e-16 0.0986951
v 0.273654 -0.275 -0.264387
vn -0.874129 1.6446e-16 0.190305
v 0.27406 0.198611 -0.260549
vn -0.902399 1.69778e-16 0.0485976
v 0.273955 0.275 -0.262485
vn -0.89681 1.68727e-16 0.0956011
v 0.27406 -0.198611 -0.260549
vn -0.902399 1.69778e-16 0.0485976
v -0.140674 -0.198611 -0.00919539
vn -1.68134e-16 -0.937156 -5.5678e-33
v -0.145339 -0.198611 0.0450058
vn -0.89388 1.68176e-16 -0.11259
v -0.145339 0.198611 0.0450058
vn -0.89388 1.68176e-16 -0.11259
v -0.142421 -0.198611 0.0179828
vn -0.898446 1.69035e-16 -0.0846189
v -0.142421 0.198611 0.0179828
vn 1.68134e-16 0.937156 5.5678e-33
v -0.140674 0.198611 0.105181
vn 5.53747e-17 -3.39072e-33 -0.742492
v -0.156319 0.198611 0.105181
vn 5.53747e-17 -3.39072e-33 -0.742492
v 0.238316 0.275 0.105181
vn 5.53747e-17 -3.39072e-33 -0.742492
v -0.156319 -0.198611 0.105181
vn -0.86568 1.6287e-16 -0.214766
v -0.156319 -0.275 0.105181
vn -0.86568 1.6287e-16 -0.214766
v -0.160989 0.275 0.124379
vn -0.858797 1.61576e-16 -0.23265
v -0.156319 0.275 0.105181
vn -0.86568 1.6287e-16 -0.214766
v -0.156319 0.198611 0.105181
vn -0.86568 1.6287e-16 -0.214766
v 0.247566 -0.198611 0.103669
vn -1.68134e-16 -0.937156 -5.5678e-33
v 0.247566 -0.198611 0.103669
vn -0.234993 4.42119e-17 -0.716987
v 0.247566 -0.275 0.103669
vn -0.233126 4.38606e-17 -0.717398
v 0.242981 -0.275 0.1048
vn -0.118995 2.23879e-17 -0.736036
v 0.247566 -0.198611 0.103669
vn -0.233126 4.38606e-17 -0.717398
v 0.238316 -0.275 0.105181
vn 1.68134e-16 0.937156 5.5678e-33
v 0.272455 -0.275 -0.267964
vn 1.68134e-16 0.937156 5.5678e-33
v 0.273147 -0.275 -0.266224
vn -0.836332 1.57349e-16 0.282481
v 0.273654 -0.275 -0.264387
vn -0.872909 1.64231e-16 0.194043
v 0.273147 0.275 -0.266224
vn -0.836332 1.57349e-16 0.282481
v 0.273654 0.275 -0.264387
vn -0.874129 1.6446e-16 0.190305
v 0.27406 0.275 -0.260549
vn -0.9024 1.69778e-16 0.0485685
v 0.27406 0.198611 -0.260549
vn -0.9024 1.69778e-16 0.0485685
v -0.127272 -0.198611 -0.0923768
vn -0.886776 1.6684e-16 -0.145614
v -0.140674 -0.198611 -0.00919539
vn -0.886776 1.6684e-16 -0.145614
v -0.127272 0.198611 -0.0923768
vn -0.886776 1.6684e-16 -0.145614
v -0.140674 -0.198611 -0.00919539
vn -0.901464 1.69603e-16 -0.0591369
v -0.142421 -0.198611 0.0179828
vn -0.899932 1.69314e-16 -0.0731923
v -0.140674 0.198611 -0.00919539
vn -0.901464 1.69603e-16 -0.0591369
v -0.142421 0.198611 0.0179828
vn -0.898446 1.69035e-16 -0.0846189
v -0.140674 0.198611 -0.00919539
vn 1.68134e-16 0.937156 5.5678e-33
v -0.156319 0.275 0.105181
vn 5.53747e-17 -3.39072e-33 -0.742492
v 0.238316 0.198611 0.105181
vn 5.53747e-17 -3.39072e-33 -0.742492
v -0.160989 -0.275 0.124379
vn -0.860594 1.61913e-16 -0.228129
v -0.160989 0.275 0.124379
vn -0.860594 1.61913e-16 -0.228129
v -0.156319 -0.275 0.105181
vn -0.865693 1.62872e-16 -0.214731
v -0.156319 -0.275 0.105181
vn 5.53747e-17 -3.39072e-33 -0.742492
v -0.156319 -0.198611 0.105181
vn 5.53747e-17 -3.39072e-33 -0.742492
v 0.238316 -0.275 0.105181
vn 5.53747e-17 -3.39072e-33 -0.742492
v -0.160989 0.275 0.124379
vn -1.68134e-16 -0.937156 -5.5678e-33
v -0.274995 0.275 0.283284
vn -1.68134e-16 -0.937156 -5.5678e-33
v -0.156319 0.275 0.105181
vn -1.68134e-16 -0.937156 -5.5678e-33
v 0.242981 -0.198611 0.1048
vn -1.68134e-16 -0.937156 -5.5678e-33
v 0.242981 -0.198611 0.1048
vn -0.118995 2.23879e-17 -0.736036
v 0.238316 -0.275 0.105181
vn -0.0591492 1.11284e-17 -0.740903
v 0.238316 -0.198611 0.105181
vn -0.0591492 1.11284e-17 -0.740903
v 0.242981 -0.275 0.1048
vn -0.117085 2.20286e-17 -0.736243
v 0.271591 -0.275 -0.269577
vn 1.68134e-16 0.937156 5.5678e-33
v 0.273147 -0.275 -0.266224
vn -0.834623 1.57027e-16 0.285869
v 0.273147 0.275 -0.266224
vn -0.834623 1.57027e-16 0.285869
v 0.272455 -0.275 -0.267964
vn -0.784307 1.4756e-16 0.369639
v 0.273654 0.275 -0.264387
vn -0.872909 1.64231e-16 0.194043
v 0.273955 0.275 -0.262485
vn -1.68134e-16 -0.937156 -5.5678e-33
v 0.273654 0.275 -0.264387
vn -1.68134e-16 -0.937156 -5.5678e-33
v 0.27406 0.275 -0.260549
vn -1.68134e-16 -0.937156 -5.5678e-33
v -0.140674 0.198611 -0.00919539
vn -0.886776 1.6684e-16 -0.145614
v 0.27406 0.198611 -0.0923768
vn 1.68134e-16 0.937156 5.5678e-33
v -0.127272 0.198611 -0.0923768
vn 1.68134e-16 0.937156 5.5678e-33
v 0.27406 0.198611 0.0608164
vn 1.68134e-16 0.937156 5.5678e-33
v -0.142421 0.198611 0.0179828
vn -0.899932 1.69314e-16 -0.0731923
v 0.242981 0.275 0.1048
vn -1.68134e-16 -0.937156 -5.5678e-33
v 0.238316 0.275 0.105181
vn -1.68134e-16 -0.937156 -5.5678e-33
v 0.238316 0.198611 0.105181
vn 1.68134e-16 0.937156 5.5678e-33
v 0.242981 0.198611 0.1048
vn 1.68134e-16 0.937156 5.5678e-33
v 0.238316 0.198611 0.105181
vn -0.0591492 1.11284e-17 -0.740903
v 0.238316 0.275 0.105181
vn -0.0591492 1.11284e-17 -0.740903
v 0.242981 0.198611 0.1048
vn -0.117085 2.20286e-17 -0.736243
v -0.160989 -0.275 0.124379
vn -0.855615 1.60977e-16 -0.240424
v -0.168455 -0.275 0.15002
vn -0.845097 1.58997e-16 -0.264314
v -0.160989 0.275 0.124379
vn -0.855615 1.60977e-16 -0.240424
v -0.160989 -0.275 0.124379
vn 1.68134e-16 0.937156 5.5678e-33
v -0.274995 -0.275 0.283284
vn 1.68134e-16 0.937156 5.5678e-33
v 0.238316 -0.198611 0.105181
vn 5.53747e-17 -3.39072e-33 -0.742492
v -0.238855 0.275 -0.275378
vn -1.68134e-16 -0.937156 -5.5678e-33
v -0.168455 0.275 0.15002
vn -1.68134e-16 -0.937156 -5.5678e-33
v 0.238316 -0.198611 0.105181
vn -1.68134e-16 -0.937156 -5.5678e-33
v 0.242981 -0.198611 0.1048
vn -0.117085 2.20286e-17 -0.736243
v 0.270562 -0.275 -0.271035
vn 1.68134e-16 0.937156 5.5678e-33
v 0.272455 -0.275 -0.267964
vn -0.782077 1.47141e-16 0.372809
v 0.272455 0.275 -0.267964
vn -0.782077 1.47141e-16 0.372809
v 0.271591 -0.275 -0.269577
vn -0.718881 1.35251e-16 0.450475
v 0.272455 0.275 -0.267964
vn -0.784307 1.4756e-16 0.369639
v 0.273147 0.275 -0.266224
vn -1.68134e-16 -0.937156 -5.5678e-33
v 0.27406 0.275 -0.259931
vn -1.68134e-16 -0.937156 -5.5678e-33
v 0.273754 0.198611 0.0666079
vn 1.68134e-16 0.937156 5.5678e-33
v 0.242981 0.275 0.1048
vn -0.117085 2.20286e-17 -0.736243
v 0.247566 0.275 0.103669
vn -1.68134e-16 -0.937156 -5.5678e-33
v 0.247566 0.198611 0.103669
vn 1.68134e-16 0.937156 5.5678e-33
v -0.168455 0.275 0.15002
vn -0.845097 1.58997e-16 -0.264314
v -0.168455 -0.275 0.15002
vn 1.68134e-16 0.937156 5.5678e-33
v -0.238855 -0.275 -0.275378
vn 1.68134e-16 0.937156 5.5678e-33
v 0.26367 0.275 -0.275251
vn -1.68134e-16 -0.937156 -5.5678e-33
v -0.274995 0.275 0.283284
vn 0.901436 -1.69598e-16 0.0594286
v -0.274995 -0.275 0.283284
vn 0.901436 -1.69598e-16 0.0594286
v -0.238855 0.275 -0.275378
vn 0.901436 -1.69598e-16 0.0594286
v -0.17702 0.275 0.175129
vn -1.68134e-16 -0.937156 -5.5678e-33
v 0.269385 -0.275 -0.272313
vn 1.68134e-16 0.937156 5.5678e-33
v 0.270562 -0.275 -0.271035
vn -0.641079 1.20613e-16 0.523692
v 0.271591 -0.275 -0.269577
vn -0.716087 1.34726e-16 0.453465
v 0.270562 0.275 -0.271035
vn -0.641079 1.20613e-16 0.523692
v 0.271591 0.275 -0.269577
vn -0.718881 1.35251e-16 0.450475
v 0.272455 0.275 -0.267964
vn -1.68134e-16 -0.937156 -5.5678e-33
v 0.27406 0.275 -0.108213
vn -1.68134e-16 -0.937156 -5.5678e-33
v 0.27406 0.198611 0.0608164
vn -0.902401 1.69778e-16 -0.0485611
v 0.273754 0.198611 0.0666079
vn -0.896727 1.68711e-16 -0.0961283
v 0.27406 0.275 0.0608164
vn -0.902401 1.69778e-16 -0.0485611
v 0.27284 0.198611 0.0722983
vn 1.68134e-16 0.937156 5.5678e-33
v 0.242981 0.198611 0.1048
vn -0.118995 2.23879e-17 -0.736036
v 0.242981 0.275 0.1048
vn -0.118995 2.23879e-17 -0.736036
v 0.247566 0.198611 0.103669
vn -0.233126 4.38606e-17 -0.717398
v 0.251993 0.275 0.101803
vn -1.68134e-16 -0.937156 -5.5678e-33
v 0.247566 0.275 0.103669
vn -0.233126 4.38606e-17 -0.717398
v 0.251993 0.198611 0.101803
vn 1.68134e-16 0.937156 5.5678e-33
v -0.168455 -0.275 0.15002
vn -0.838731 1.578e-16 -0.277648
v -0.17702 -0.275 0.175129
vn -0.82667 1.55531e-16 -0.301044
v -0.168455 0.275 0.15002
vn -0.838731 1.578e-16 -0.277648
v -0.17702 -0.275 0.175129
vn 1.68134e-16 0.937156 5.5678e-33
v 0.26367 -0.275 -0.275251
vn 1.68134e-16 0.937156 5.5678e-33
v -0.238855 -0.275 -0.275378
vn 0.901436 -1.69598e-16 0.0594286
v 0.262113 0.275 -0.275378
vn -1.68134e-16 -0.937156 -5.5678e-33
v 0.265205 0.275 -0.274873
vn -1.68134e-16 -0.937156 -5.5678e-33
v -0.274995 0.275 0.283284
vn 0.904281 -1.70133e-16 0.00836292
v -0.275 0.275 0.284169
vn 0.902905 -1.69874e-16 -0.0417774
v -0.274995 -0.275 0.283284
vn 0.904281 -1.70133e-16 0.00836292
v -0.186644 0.275 0.199634
vn -1.68134e-16 -0.937156 -5.5678e-33
v -0.17702 0.275 0.175129
vn -0.82667 1.55531e-16 -0.301044
v 0.268086 -0.275 -0.273391
vn 1.68134e-16 0.937156 5.5678e-33
v 0.270562 -0.275 -0.271035
vn -0.637834 1.20003e-16 0.526356
v 0.270562 0.275 -0.271035
vn -0.637834 1.20003e-16 0.526356
v 0.269385 -0.275 -0.272313
vn -0.552302 1.03911e-16 0.587937
v 0.271591 0.275 -0.269577
vn -0.716087 1.34726e-16 0.453465
v 0.271591 0.275 -0.269577
vn -1.68134e-16 -0.937156 -5.5678e-33
v 0.273949 0.275 -0.106145
vn -1.68134e-16 -0.937156 -5.5678e-33
v 0.273754 0.275 0.0666079
vn -0.896727 1.68711e-16 -0.0961283
v 0.273754 0.198611 0.0666079
vn -0.896473 1.68664e-16 -0.0977038
v 0.27284 0.198611 0.0722983
vn -0.873771 1.64392e-16 -0.191409
v 0.273754 0.275 0.0666079
vn -0.896473 1.68664e-16 -0.0977038
v 0.271337 0.198611 0.0777943
vn 1.68134e-16 0.937156 5.5678e-33
v 0.256188 0.275 0.0992367
vn -1.68134e-16 -0.937156 -5.5678e-33
v 0.251993 0.275 0.101803
vn -0.345183 6.49432e-17 -0.686276
v 0.251993 0.198611 0.101803
vn -0.345183 6.49432e-17 -0.686276
v 0.247566 0.275 0.103669
vn -0.234993 4.42119e-17 -0.716987
v 0.247566 0.198611 0.103669
vn -0.234993 4.42119e-17 -0.716987
v 0.256188 0.198611 0.0992367
vn 1.68134e-16 0.937156 5.5678e-33
v -0.186644 -0.275 0.199634
vn 1.68134e-16 0.937156 5.5678e-33
v 0.265205 -0.275 -0.274873
vn 1.68134e-16 0.937156 5.5678e-33
v -0.238855 0.275 -0.275378
vn -5.53747e-17 3.39072e-33 0.742492
v -0.238855 -0.275 -0.275378
vn -5.53747e-17 3.39072e-33 0.742492
v 0.262113 0.275 -0.275378
vn -5.53747e-17 3.39072e-33 0.742492
v 0.262113 0.275 -0.275378
vn -0.0591486 1.11283e-17 0.740903
v 0.262113 -0.20625 -0.275378
vn -0.0591486 1.11283e-17 0.740903
v 0.26367 0.275 -0.275251
vn -0.116064 2.18365e-17 0.736352
v 0.266683 0.275 -0.274249
vn -1.68134e-16 -0.937156 -5.5678e-33
v 0.26367 0.275 -0.275251
vn -0.120282 2.26301e-17 0.735895
v 0.26367 -0.275 -0.275251
vn -0.120282 2.26301e-17 0.735895
v 0.265205 0.275 -0.274873
vn -0.231852 4.3621e-17 0.717676
v -0.275 -0.275 0.284169
vn 0.902905 -1.69874e-16 -0.0417774
v -0.275 0.275 0.284169
vn -1.68134e-16 -0.937156 -5.5678e-33
v -0.235235 0.275 0.29026
vn -1.68134e-16 -0.937156 -5.5678e-33
v -0.197313 0.275 0.223466
vn -1.68134e-16 -0.937156 -5.5678e-33
v -0.186644 0.275 0.199634
vn -0.805962 1.51635e-16 -0.336777
v -0.17702 0.275 0.175129
vn -0.819521 1.54186e-16 -0.313943
v -0.186644 -0.275 0.199634
vn -0.805962 1.51635e-16 -0.336777
v -0.17702 -0.275 0.175129
vn -0.819521 1.54186e-16 -0.313943
v 0.266683 -0.275 -0.274249
vn 1.68134e-16 0.937156 5.5678e-33
v 0.269385 -0.275 -0.272313
vn -0.548728 1.03238e-16 0.590189
v 0.269385 0.275 -0.272313
vn -0.548728 1.03238e-16 0.590189
v 0.268086 -0.275 -0.273391
vn -0.454141 8.54427e-17 0.64208
v 0.269385 0.275 -0.272313
vn -0.552302 1.03911e-16 0.587937
v 0.270562 0.275 -0.271035
vn -1.68134e-16 -0.937156 -5.5678e-33
v 0.273622 0.275 -0.104113
vn -1.68134e-16 -0.937156 -5.5678e-33
v 0.27406 0.275 -0.0923768
vn -1.68134e-16 -0.937156 -5.5678e-33
v 0.273754 0.275 0.0666079
vn -1.68134e-16 -0.937156 -5.5678e-33
v 0.27406 0.275 0.0608164
vn -1.68134e-16 -0.937156 -5.5678e-33
v 0.27284 0.275 0.0722983
vn -0.873771 1.64392e-16 -0.191409
v 0.271337 0.198611 0.0777943
vn -0.835867 1.57261e-16 -0.283409
v 0.271337 0.275 0.0777943
vn -0.835867 1.57261e-16 -0.283409
v 0.27284 0.198611 0.0722983
vn -0.873272 1.64299e-16 -0.192939
v 0.269268 0.198611 0.0829984
vn 1.68134e-16 0.937156 5.5678e-33
v 0.260077 0.275 0.0960128
vn -1.68134e-16 -0.937156 -5.5678e-33
v 0.251993 0.275 0.101803
vn -0.346962 6.52778e-17 -0.685672
v 0.256188 0.275 0.0992367
vn -0.45133 8.49136e-17 -0.643415
v 0.251993 0.198611 0.101803
vn -0.346962 6.52778e-17 -0.685672
v 0.260077 0.198611 0.0960128
vn 1.68134e-16 0.937156 5.5678e-33
v 0.256188 0.198611 0.0992367
vn -0.45133 8.49136e-17 -0.643415
v -0.197313 -0.275 0.223466
vn 1.68134e-16 0.937156 5.5678e-33
v 0.262113 -0.275 -0.275378
vn 1.68134e-16 0.937156 5.5678e-33
v 0.200346 -0.267361 -0.275378
vn -5.53747e-17 3.39072e-33 0.742492
v 0.265205 -0.275 -0.274873
vn -0.231852 4.3621e-17 0.717676
v 0.200346 -0.20625 -0.275378
vn -5.53747e-17 3.39072e-33 0.742492
v 0.262113 -0.275 -0.275378
vn -0.0591468 1.1128e-17 0.740903
v 0.26367 0.275 -0.275251
vn -0.117749 2.21535e-17 0.736172
v 0.262113 -0.20625 -0.275378
vn -5.53747e-17 3.39072e-33 0.742492
v 0.268086 0.275 -0.273391
vn -1.68134e-16 -0.937156 -5.5678e-33
v 0.265205 0.275 -0.274873
vn -0.236275 4.44531e-17 0.716703
v 0.265205 -0.275 -0.274873
vn -0.236275 4.44531e-17 0.716703
v 0.266683 0.275 -0.274249
vn -0.344001 6.47207e-17 0.686676
v 0.26367 -0.275 -0.275251
vn -0.115792 2.17854e-17 0.736381
v 0.26367 0.275 -0.275251
vn -0.115792 2.17854e-17 0.736381
v -0.275 -0.275 0.284169
vn 1.68134e-16 0.937156 5.5678e-33
v -0.236486 -0.275 0.284418
vn 1.68134e-16 0.937156 5.5678e-33
v -0.275 0.275 0.284169
vn 0.902781 -1.6985e-16 -0.0435405
v -0.27491 0.275 0.285054
vn 0.887413 -1.66959e-16 -0.142977
v -0.275 -0.275 0.284169
vn 0.902781 -1.6985e-16 -0.0435405
v -0.221643 0.275 0.268843
vn -1.68134e-16 -0.937156 -5.5678e-33
v -0.27491 0.275 0.285054
vn -1.68134e-16 -0.937156 -5.5678e-33
v -0.20899 0.275 0.24656
vn -1.68134e-16 -0.937156 -5.5678e-33
v -0.197313 0.275 0.223466
vn -0.782876 1.47291e-16 -0.371677
v -0.186644 0.275 0.199634
vn -0.797904 1.50119e-16 -0.34947
v -0.197313 -0.275 0.223466
vn -0.782876 1.47291e-16 -0.371677
v -0.186644 -0.275 0.199634
vn -0.797904 1.50119e-16 -0.34947
v 0.268086 -0.275 -0.273391
vn -0.450177 8.4697e-17 0.643959
v 0.268086 0.275 -0.273391
vn -0.450177 8.4697e-17 0.643959
v 0.266683 -0.275 -0.274249
vn -0.34815 6.55015e-17 0.685266
v 0.268086 0.275 -0.273391
vn -0.454141 8.54427e-17 0.64208
v 0.269385 0.275 -0.272313
vn -1.68134e-16 -0.937156 -5.5678e-33
v 0.27309 0.275 -0.102152
vn -1.68134e-16 -0.937156 -5.5678e-33
v 0.261302 0.275 -0.0923768
vn -1.68134e-16 -0.937156 -5.5678e-33
v 0.27284 0.275 0.0722983
vn -1.68134e-16 -0.937156 -5.5678e-33
v 0.27284 0.275 0.0722983
vn -0.873272 1.64299e-16 -0.192939
v 0.271337 0.198611 0.0777943
vn -0.835129 1.57122e-16 -0.284872
v 0.269268 0.198611 0.0829984
vn -0.78366 1.47439e-16 -0.370562
v 0.271337 0.275 0.0777943
vn -0.835129 1.57122e-16 -0.284872
v 0.266673 0.198611 0.0878231
vn 1.68134e-16 0.937156 5.5678e-33
v 0.263591 0.275 0.092186
vn -1.68134e-16 -0.937156 -5.5678e-33
v 0.260077 0.275 0.0960128
vn -0.549756 1.03432e-16 -0.589543
v 0.260077 0.198611 0.0960128
vn -0.549756 1.03432e-16 -0.589543
v 0.256188 0.275 0.0992367
vn -0.453003 8.52285e-17 -0.642621
v 0.263591 0.198611 0.092186
vn 1.68134e-16 0.937156 5.5678e-33
v 0.256188 0.198611 0.0992367
vn -0.453003 8.52285e-17 -0.642621
v -0.20899 -0.275 0.24656
vn 1.68134e-16 0.937156 5.5678e-33
v 0.266683 -0.275 -0.274249
vn -0.344001 6.47207e-17 0.686676
v 0.266683 0.275 -0.274249
vn -0.34815 6.55015e-17 0.685266
v -0.233637 -0.275 0.282433
vn 1.68134e-16 0.937156 5.5678e-33
v -0.27491 -0.275 0.285054
vn 1.68134e-16 0.937156 5.5678e-33
v -0.27491 -0.275 0.285054
vn 0.887413 -1.66959e-16 -0.142977
v -0.235235 0.275 0.29026
vn -0.710338 1.33644e-16 -0.45952
v -0.221643 0.275 0.268843
vn -0.719808 1.35426e-16 -0.449476
v -0.235235 -0.275 0.29026
vn -0.710338 1.33644e-16 -0.45952
v -0.274726 0.275 0.285911
vn -1.68134e-16 -0.937156 -5.5678e-33
v -0.197313 0.275 0.223466
vn -0.774068 1.45634e-16 -0.383912
v -0.197313 -0.275 0.223466
vn -0.774068 1.45634e-16 -0.383912
v -0.20899 0.275 0.24656
vn -0.757619 1.42539e-16 -0.405429
v 0.27235 0.275 -0.100296
vn -1.68134e-16 -0.937156 -5.5678e-33
v 0.262969 0.275 -0.0925127
vn -1.68134e-16 -0.937156 -5.5678e-33
v 0.270324 0.275 -0.0970144
vn -1.68134e-16 -0.937156 -5.5678e-33
v 0.271337 0.275 0.0777943
vn -1.68134e-16 -0.937156 -5.5678e-33
v 0.269268 0.275 0.0829984
vn -0.78366 1.47439e-16 -0.370562
v 0.269268 0.198611 0.0829984
vn -0.782698 1.47257e-16 -0.371929
v 0.266673 0.198611 0.0878231
vn -0.71805 1.35095e-16 -0.451368
v 0.269268 0.275 0.0829984
vn -0.782698 1.47257e-16 -0.371929
v 0.266673 0.275 0.0878231
vn -1.68134e-16 -0.937156 -5.5678e-33
v 0.260077 0.275 0.0960128
vn -0.551291 1.03721e-16 -0.588576
v 0.263591 0.275 0.092186
vn -0.638782 1.20181e-16 -0.52558
v 0.260077 0.198611 0.0960128
vn -0.551291 1.03721e-16 -0.588576
v 0.263591 0.198611 0.092186
vn -0.638782 1.20181e-16 -0.52558
v -0.20899 -0.275 0.24656
vn -0.757619 1.42539e-16 -0.405429
v -0.221643 -0.275 0.268843
vn 1.68134e-16 0.937156 5.5678e-33
v -0.230919 -0.275 0.280186
vn 1.68134e-16 0.937156 5.5678e-33
v -0.235235 -0.275 0.29026
vn 1.68134e-16 0.937156 5.5678e-33
v -0.239446 -0.275 0.286127
vn 1.68134e-16 0.937156 5.5678e-33
v -0.27491 -0.275 0.285054
vn 0.886984 -1.66879e-16 -0.144756
v -0.27491 0.275 0.285054
vn 0.886984 -1.66879e-16 -0.144756
v -0.274726 -0.275 0.285911
vn 0.855152 -1.60889e-16 -0.241531
v -0.221643 0.275 0.268843
vn -0.730153 1.37372e-16 -0.438084
v -0.20899 0.275 0.24656
vn -0.747979 1.40726e-16 -0.417319
v -0.221643 -0.275 0.268843
vn -0.730153 1.37372e-16 -0.438084
v -0.221643 -0.275 0.268843
vn -0.719808 1.35426e-16 -0.449476
v -0.235235 -0.275 0.29026
vn 5.53747e-17 -3.39072e-33 -0.742492
v -0.25534 -0.275 0.29026
vn 5.53747e-17 -3.39072e-33 -0.742492
v -0.235235 0.275 0.29026
vn 5.53747e-17 -3.39072e-33 -0.742492
v -0.274726 0.275 0.285911
vn 0.855152 -1.60889e-16 -0.241531
v -0.274445 0.275 0.286729
vn -1.68134e-16 -0.937156 -5.5678e-33
v 0.271422 0.275 -0.0985722
vn -1.68134e-16 -0.937156 -5.5678e-33
v 0.264604 0.275 -0.0929174
vn -1.68134e-16 -0.937156 -5.5678e-33
v 0.269069 0.275 -0.0956497
vn -1.68134e-16 -0.937156 -5.5678e-33
v 0.269268 0.275 0.0829984
vn -1.68134e-16 -0.937156 -5.5678e-33
v 0.266673 0.275 0.0878231
vn -0.71805 1.35095e-16 -0.451368
v 0.263591 0.198611 0.092186
vn -0.640146 1.20438e-16 -0.52446
v 0.263591 0.275 0.092186
vn -0.640146 1.20438e-16 -0.52446
v 0.266673 0.198611 0.0878231
vn -0.716873 1.34873e-16 -0.452627
v 0.266673 0.275 0.0878231
vn -0.716873 1.34873e-16 -0.452627
v -0.20899 -0.275 0.24656
vn -0.747979 1.40726e-16 -0.417319
v -0.223696 -0.275 0.271999
vn 1.68134e-16 0.937156 5.5678e-33
v -0.228344 -0.275 0.27769
vn 1.68134e-16 0.937156 5.5678e-33
v -0.274726 -0.275 0.285911
vn 1.68134e-16 0.937156 5.5678e-33
v -0.269808 0.275 0.29026
vn 5.53747e-17 -3.39072e-33 -0.742492
v -0.25534 -0.275 0.29026
vn 1.68134e-16 0.937156 5.5678e-33
v -0.252079 -0.275 0.290037
vn 1.68134e-16 0.937156 5.5678e-33
v -0.274726 0.275 0.285911
vn 0.854405 -1.60749e-16 -0.243308
v -0.274445 0.275 0.286729
vn 0.806703 -1.51774e-16 -0.335577
v -0.274726 -0.275 0.285911
vn 0.854405 -1.60749e-16 -0.243308
v -0.274077 0.275 0.287489
vn -1.68134e-16 -0.937156 -5.5678e-33
v 0.266182 0.275 -0.0935826
vn -1.68134e-16 -0.937156 -5.5678e-33
v 0.267681 0.275 -0.0944989
vn -1.68134e-16 -0.937156 -5.5678e-33
v -0.225933 -0.275 0.274953
vn 1.68134e-16 0.937156 5.5678e-33
v -0.242507 -0.275 0.287548
vn 1.68134e-16 0.937156 5.5678e-33
v -0.274445 -0.275 0.286729
vn 1.68134e-16 0.937156 5.5678e-33
v -0.269808 -0.275 0.29026
vn 5.53747e-17 -3.39072e-33 -0.742492
v -0.269808 0.275 0.29026
vn -1.68134e-16 -0.937156 -5.5678e-33
v -0.27052 0.275 0.290201
vn -1.68134e-16 -0.937156 -5.5678e-33
v -0.248838 -0.275 0.289513
vn 1.68134e-16 0.937156 5.5678e-33
v -0.27052 -0.275 0.290201
vn 1.68134e-16 0.937156 5.5678e-33
v -0.274445 -0.275 0.286729
vn 0.806703 -1.51774e-16 -0.335577
v -0.274077 0.275 0.287489
vn 0.743 -1.39789e-16 -0.423273
v -0.274077 -0.275 0.287489
vn 0.743 -1.39789e-16 -0.423273
v -0.274445 0.275 0.286729
vn 0.805672 -1.5158e-16 -0.337243
v -0.273628 0.275 0.288184
vn -1.68134e-16 -0.937156 -5.5678e-33
v -0.245641 -0.275 0.288681
vn 1.68134e-16 0.937156 5.5678e-33
v -0.269808 0.275 0.29026
vn 0.0621133 -1.16861e-17 -0.740739
v -0.269808 -0.275 0.29026
vn 0.0621133 -1.16861e-17 -0.740739
v -0.27052 0.275 0.290201
vn 0.122877 -2.31181e-17 -0.735607
v -0.269808 -0.275 0.29026
vn 1.68134e-16 0.937156 5.5678e-33
v -0.271222 0.275 0.290017
vn -1.68134e-16 -0.937156 -5.5678e-33
v -0.271892 -0.275 0.289716
vn 1.68134e-16 0.937156 5.5678e-33
v -0.271222 -0.275 0.290017
vn 1.68134e-16 0.937156 5.5678e-33
v -0.274445 -0.275 0.286729
vn 0.805672 -1.5158e-16 -0.337243
v -0.274077 0.275 0.287489
vn 0.741766 -1.39556e-16 -0.42473
v -0.273628 0.275 0.288184
vn 0.665329 -1.25176e-16 -0.502889
v -0.274077 -0.275 0.287489
vn 0.741766 -1.39556e-16 -0.42473
v -0.273111 0.275 0.288793
vn -1.68134e-16 -0.937156 -5.5678e-33
v -0.273628 -0.275 0.288184
vn 1.68134e-16 0.937156 5.5678e-33
v -0.274077 -0.275 0.287489
vn 1.68134e-16 0.937156 5.5678e-33
v -0.27052 -0.275 0.290201
vn 0.122877 -2.31181e-17 -0.735607
v -0.271892 0.275 0.289716
vn -1.68134e-16 -0.937156 -5.5678e-33
v -0.27052 0.275 0.290201
vn 0.125162 -2.35482e-17 -0.735347
v -0.27052 -0.275 0.290201
vn 0.125162 -2.35482e-17 -0.735347
v -0.271222 0.275 0.290017
vn 0.244656 -4.60299e-17 -0.714805
v -0.273111 -0.275 0.288793
vn 1.68134e-16 0.937156 5.5678e-33
v -0.272525 -0.275 0.289303
vn 1.68134e-16 0.937156 5.5678e-33
v -0.271222 -0.275 0.290017
vn 0.244656 -4.60299e-17 -0.714805
v -0.273628 -0.275 0.288184
vn 0.665329 -1.25176e-16 -0.502889
v -0.273111 0.275 0.288793
vn 0.575046 -1.0819e-16 -0.57305
v -0.273111 -0.275 0.288793
vn 0.575046 -1.0819e-16 -0.57305
v -0.273628 0.275 0.288184
vn 0.663825 -1.24893e-16 -0.504227
v -0.272525 0.275 0.289303
vn -1.68134e-16 -0.937156 -5.5678e-33
v -0.271222 0.275 0.290017
vn 0.24682 -4.64371e-17 -0.714303
v -0.271222 -0.275 0.290017
vn 0.24682 -4.64371e-17 -0.714303
v -0.271892 0.275 0.289716
vn 0.361766 -6.8063e-17 -0.680494
v -0.272525 -0.275 0.289303
vn 0.472004 -8.88035e-17 -0.633336
v -0.272525 0.275 0.289303
vn 0.472004 -8.88035e-17 -0.633336
v -0.271892 -0.275 0.289716
vn 0.363797 -6.84452e-17 -0.679764
v -0.271892 -0.275 0.289716
vn 0.361766 -6.8063e-17 -0.680494
v -0.273628 -0.275 0.288184
vn 0.663825 -1.24893e-16 -0.504227
v -0.273111 -0.275 0.288793
vn 0.573215 -1.07845e-16 -0.574285
v -0.273111 0.275 0.288793
vn 0.573215 -1.07845e-16 -0.574285
v -0.272525 -0.275 0.289303
vn 0.473778 -8.91372e-17 -0.632442
v -0.272525 0.275 0.289303
vn 0.473778 -8.91372e-17 -0.632442
v -0.271892 0.275 0.289716
vn 0.363797 -6.84452e-17 -0.679764
v 0.274872 -0.199945 -0.0761912
vn 1.61137e-16 0.931629 0.0805211
v -0.1262 -0.199945 -0.0761912
vn 1.61137e-16 0.931629 0.0805211
v 0.275 -0.200104 -0.0737618
vn 1.64805e-16 0.935715 0.0411633
v -0.126327 -0.200104 -0.0737618
vn 1.64805e-16 0.935715 0.0411636
v -0.1262 -0.199945 -0.0761912
vn 1.60783e-16 0.931129 0.0840687
v 0.274872 -0.199945 -0.0761912
vn 1.60783e-16 0.931129 0.0840687
v -0.125815 -0.19947 -0.0785798
vn 1.51924e-16 0.914406 0.16261
v 0.275 -0.200104 -0.0737618
vn -0.902401 1.69778e-16 0.0485603
v 0.275 -0.181514 -0.0737618
vn -0.902401 1.69778e-16 0.0485603
v 0.274872 -0.199945 -0.0761912
vn -0.896615 1.6869e-16 0.0968322
v 0.275 -0.200104 -0.0737618
vn 1.68134e-16 0.937156 5.5678e-33
v -0.126327 -0.200104 -0.0737618
vn 1.68134e-16 0.937156 5.5678e-33
v 0.275 -0.200104 -0.0231387
vn 1.68134e-16 0.937156 5.5678e-33
v -0.126327 -0.200104 -0.0737618
vn 0.902403 -1.6978e-16 0.0485395
v -0.1262 -0.199945 -0.0761912
vn 0.896872 -1.68739e-16 0.0952046
v -0.126327 0.198611 -0.0737618
vn 0.902403 -1.6978e-16 0.0485395
v 0.274487 -0.19947 -0.0785798
vn 1.51925e-16 0.914406 0.16261
v -0.1262 -0.199945 -0.0761912
vn 0.896322 -1.68635e-16 0.0986334
v -0.125815 -0.19947 -0.0785798
vn 0.874048 -1.64445e-16 0.190557
v -0.1262 0.198452 -0.0761912
vn 0.896322 -1.68635e-16 0.0986334
v 0.274872 -0.181514 -0.0761912
vn -0.896614 1.6869e-16 0.0968329
v 0.275 -0.200104 -0.0737618
vn -0.904338 1.70144e-16 -4.54645e-17
v 0.275 -0.200104 -0.0231387
vn -0.904338 1.70144e-16 -4.54645e-17
v 0.275 -0.181514 -0.0737618
vn -0.904338 1.70144e-16 -4.54645e-17
v -0.126327 -0.200104 -0.0231387
vn 1.68134e-16 0.937156 5.5678e-33
v -0.1262 0.198452 -0.0761912
vn 0.896872 -1.68739e-16 0.0952061
v -0.126327 -0.200104 -0.0737618
vn 0.904338 -1.70144e-16 4.54645e-17
v -0.126327 0.198611 -0.0737618
vn 0.904338 -1.70144e-16 4.54645e-17
v -0.126327 -0.200104 -0.0231387
vn 0.904338 -1.70144e-16 4.54645e-17
v -0.125815 -0.19947 -0.0785798
vn 1.5149e-16 0.913417 0.166061
v 0.274487 -0.19947 -0.0785798
vn 1.5149e-16 0.913417 0.166061
v -0.125187 -0.198689 -0.0808853
vn 1.40579e-16 0.885052 0.244126
v 0.274872 -0.199945 -0.0761912
vn -0.896587 1.68685e-16 0.096997
v 0.274872 -0.181514 -0.0761912
vn -0.896587 1.68685e-16 0.096997
v 0.274487 -0.19947 -0.0785798
vn -0.873548 1.6435e-16 0.192094
v -0.125815 0.197978 -0.0785798
vn 0.874046 -1.64444e-16 0.190561
v 0.274872 0.198452 -0.0761912
vn -0.89686 1.68736e-16 0.0952826
v 0.274872 -0.181514 -0.0761912
vn -0.89686 1.68736e-16 0.0952826
v 0.275 -0.181514 -0.0737618
vn -0.902403 1.6978e-16 0.0485406
v 0.275 -0.18618 -0.0231387
vn -0.904338 1.70144e-16 -4.54645e-17
v 0.275 -0.200104 -0.0231387
vn 1.70937e-16 0.935723 -0.0410385
v -0.126327 -0.200104 -0.0231387
vn 1.70937e-16 0.935723 -0.0410385
v 0.274904 -0.199984 -0.0213188
vn 1.73157e-16 0.931604 -0.0807022
v -0.126327 0.198611 -0.0737618
vn -1.70944e-16 -0.935716 0.0411532
v -0.1262 0.198452 -0.0761912
vn -1.73147e-16 -0.931631 0.0805107
v 0.275 0.198611 -0.0737618
vn -1.70944e-16 -0.935716 0.0411532
v -0.126327 0.198611 -0.0231387
vn 0.904338 -1.70144e-16 4.54645e-17
v 0.273859 -0.198689 -0.0808853
vn 1.40579e-16 0.885054 0.244123
v 0.274487 -0.19947 -0.0785798
vn 1.51491e-16 0.91342 0.16605
v -0.125815 -0.19947 -0.0785798
vn 0.872998 -1.64247e-16 0.193774
v -0.125187 -0.198689 -0.0808853
vn 0.836305 -1.57344e-16 0.282537
v -0.125815 0.197978 -0.0785798
vn 0.872998 -1.64247e-16 0.193774
v 0.274487 -0.181514 -0.0785798
vn -0.873548 1.6435e-16 0.192096
v -0.1262 0.198452 -0.0761912
vn -1.73322e-16 -0.931131 0.0840583
v -0.125815 0.197978 -0.0785798
vn -1.76179e-16 -0.914408 0.1626
v 0.274872 0.198452 -0.0761912
vn -1.73322e-16 -0.931131 0.0840583
v 0.274872 0.198452 -0.0761912
vn -0.896335 1.68638e-16 0.0985562
v 0.274487 0.197978 -0.0785798
vn -0.874024 1.6444e-16 0.19063
v 0.274872 -0.181514 -0.0761912
vn -0.896335 1.68638e-16 0.0985562
v 0.275 0.198611 -0.0737618
vn -0.902403 1.6978e-16 0.0485405
v 0.275 0.198611 -0.0231387
vn -0.904338 1.70144e-16 -4.54645e-17
v 0.275 -0.200104 -0.0231387
vn -0.902401 1.69778e-16 -0.0485609
v 0.274904 -0.199984 -0.0213188
vn -0.896608 1.68689e-16 -0.0968685
v 0.275 -0.18618 -0.0231387
vn -0.902401 1.69778e-16 -0.0485609
v -0.126232 -0.199984 -0.0213188
vn 1.73157e-16 0.931604 -0.0807022
v 0.274872 0.198452 -0.0761912
vn -1.73147e-16 -0.931631 0.0805107
v 0.275 0.198611 -0.0737618
vn -1.68134e-16 -0.937156 -5.5678e-33
v 0.275 0.198611 -0.0231387
vn -1.68134e-16 -0.937156 -5.5678e-33
v -0.126327 0.198611 -0.0737618
vn -1.68134e-16 -0.937156 -5.5678e-33
v -0.126327 -0.200104 -0.0231387
vn 0.902402 -1.69779e-16 -0.0485464
v -0.126327 0.198611 -0.0231387
vn 0.902402 -1.69779e-16 -0.0485464
v -0.126232 -0.199984 -0.0213188
vn 0.896806 -1.68726e-16 -0.0956241
v -0.126327 0.198611 -0.0231387
vn -1.68134e-16 -0.937156 -5.5678e-33
v -0.125187 -0.198689 -0.0808853
vn 1.40062e-16 0.883567 0.247482
v 0.273859 -0.198689 -0.0808853
vn 1.40062e-16 0.883567 0.247482
v -0.124322 -0.197613 -0.0830689
vn 1.27008e-16 0.84286 0.324592
v 0.274487 -0.19947 -0.0785798
vn -0.873499 1.64341e-16 0.192247
v 0.274487 -0.181514 -0.0785798
vn -0.873499 1.64341e-16 0.192247
v 0.273859 -0.198689 -0.0808853
vn -0.835536 1.57199e-16 0.284064
v -0.125187 0.197195 -0.0808853
vn 0.836302 -1.57343e-16 0.282543
v 0.274487 -0.181514 -0.0785798
vn -0.874023 1.6444e-16 0.190631
v 0.274487 0.197978 -0.0785798
vn -1.76179e-16 -0.914408 0.162599
v 0.275 0.198611 -0.0737618
vn -0.904338 1.70144e-16 -4.54645e-17
v 0.275 0.198611 -0.0231387
vn -0.902402 1.69779e-16 -0.0485471
v 0.275 -0.18618 -0.0231387
vn -0.902402 1.69779e-16 -0.0485471
v 0.274904 -0.18618 -0.0213188
vn -0.896799 1.68725e-16 -0.0956687
v 0.274904 -0.18618 -0.0213188
vn -0.896608 1.68689e-16 -0.0968685
v 0.274904 -0.199984 -0.0213188
vn 1.73288e-16 0.93123 -0.0833656
v -0.126232 -0.199984 -0.0213188
vn 1.73288e-16 0.93123 -0.0833656
v 0.274614 -0.199629 -0.0195294
vn 1.76177e-16 0.914429 -0.162527
v -0.126232 0.198492 -0.0213188
vn 0.896806 -1.68726e-16 -0.0956249
v 0.275 0.198611 -0.0231387
vn -1.64817e-16 -0.935724 -0.0410279
v 0.274904 0.198492 -0.0213188
vn -1.6112e-16 -0.931605 -0.0806911
v -0.126327 0.198611 -0.0231387
vn -1.64817e-16 -0.935724 -0.0410279
v 0.272989 -0.197613 -0.0830689
vn 1.2701e-16 0.842865 0.324584
v -0.124322 -0.197613 -0.0830689
vn 1.2701e-16 0.842865 0.324584
v 0.273859 -0.198689 -0.0808853
vn 1.40065e-16 0.883575 0.247462
v -0.125187 -0.198689 -0.0808853
vn 0.834721 -1.57045e-16 0.285678
v -0.124322 -0.197613 -0.0830689
vn 0.78422 -1.47544e-16 0.369762
v -0.125187 0.197195 -0.0808853
vn 0.834721 -1.57045e-16 0.285678
v 0.273859 -0.181514 -0.0808853
vn -0.835536 1.57199e-16 0.284068
v -0.125815 0.197978 -0.0785798
vn -1.7626e-16 -0.913411 0.166081
v -0.125187 0.197195 -0.0808853
vn -1.76992e-16 -0.885044 0.244146
v 0.274487 0.197978 -0.0785798
vn -1.7626e-16 -0.913411 0.166081
v 0.274487 0.197978 -0.0785798
vn -0.873017 1.6425e-16 0.193715
v 0.273859 0.197195 -0.0808853
vn -0.836264 1.57336e-16 0.282616
v 0.274487 -0.181514 -0.0785798
vn -0.873017 1.6425e-16 0.193715
v 0.274904 0.198492 -0.0213188
vn -0.896799 1.68725e-16 -0.0956687
v 0.274904 -0.199984 -0.0213188
vn -0.896594 1.68686e-16 -0.0969613
v 0.274614 -0.199629 -0.0195294
vn -0.873537 1.64349e-16 -0.192129
v 0.274904 -0.18618 -0.0213188
vn -0.896594 1.68686e-16 -0.0969613
v -0.125947 -0.199629 -0.0195294
vn 1.76177e-16 0.914429 -0.162527
v -0.126232 -0.199984 -0.0213188
vn 0.896399 -1.6865e-16 -0.0981649
v -0.126232 0.198492 -0.0213188
vn 0.896399 -1.6865e-16 -0.0981649
v -0.125947 -0.199629 -0.0195294
vn 0.873935 -1.64424e-16 -0.190905
v -0.126232 0.198492 -0.0213188
vn -1.6112e-16 -0.931605 -0.0806919
v -0.124322 -0.197613 -0.0830689
vn 1.26425e-16 0.840918 0.327739
v 0.272989 -0.197613 -0.0830689
vn 1.26425e-16 0.840918 0.327739
v -0.12323 -0.196263 -0.0850937
vn 1.11131e-16 0.787007 0.403117
v 0.273859 -0.198689 -0.0808853
vn -0.835463 1.57185e-16 0.28421
v 0.273859 -0.181514 -0.0808853
vn -0.835463 1.57185e-16 0.28421
v 0.272989 -0.197613 -0.0830689
vn -0.783224 1.47357e-16 0.371182
v -0.124322 0.196121 -0.0830689
vn 0.784214 -1.47543e-16 0.36977
v -0.125187 0.197195 -0.0808853
vn 0.834724 -1.57046e-16 0.28567
v -0.124322 -0.197613 -0.0830689
vn 0.784214 -1.47543e-16 0.36977
v 0.273859 -0.181514 -0.0808853
vn -0.836264 1.57336e-16 0.282619
v 0.273859 0.197195 -0.0808853
vn -1.76992e-16 -0.885045 0.244142
v 0.274487 0.197978 -0.0785798
vn -1.7626e-16 -0.913414 0.16607
v 0.274904 0.198492 -0.0213188
vn -0.896395 1.68649e-16 -0.0981917
v 0.274904 -0.18618 -0.0213188
vn -0.896395 1.68649e-16 -0.0981917
v 0.274614 -0.18618 -0.0195294
vn -0.873899 1.64417e-16 -0.191014
v 0.274614 -0.18618 -0.0195294
vn -0.873537 1.64349e-16 -0.19213
v 0.274614 -0.199629 -0.0195294
vn 1.76239e-16 0.913678 -0.165154
v -0.125947 -0.199629 -0.0195294
vn 1.76239e-16 0.913678 -0.165154
v 0.274145 -0.199044 -0.0178031
vn 1.76994e-16 0.885172 -0.243854
v -0.125947 0.198136 -0.0195294
vn 0.873934 -1.64423e-16 -0.190907
v 0.274904 0.198492 -0.0213188
vn -1.60853e-16 -0.93123 -0.0833656
v 0.274614 0.198136 -0.0195294
vn -1.51935e-16 -0.914429 -0.162527
v -0.126232 0.198492 -0.0213188
vn -1.60853e-16 -0.93123 -0.0833656
v 0.271902 -0.196263 -0.0850937
vn 1.11134e-16 0.787016 0.403105
v -0.12323 -0.196263 -0.0850937
vn 1.11134e-16 0.787016 0.403105
v 0.272989 -0.197613 -0.0830689
vn 1.2643e-16 0.840934 0.327713
v -0.124322 -0.197613 -0.0830689
vn 0.782136 -1.47152e-16 0.372726
v -0.12323 -0.196263 -0.0850937
vn 0.718688 -1.35215e-16 0.450683
v -0.124322 0.196121 -0.0830689
vn 0.782136 -1.47152e-16 0.372726
v 0.272989 -0.181514 -0.0830689
vn -0.783221 1.47356e-16 0.371186
v -0.125187 0.197195 -0.0808853
vn -1.76976e-16 -0.88357 0.247472
v -0.124322 0.196121 -0.0830689
vn -1.75424e-16 -0.842866 0.324584
v 0.273859 0.197195 -0.0808853
vn -1.76976e-16 -0.88357 0.247472
v 0.273859 0.197195 -0.0808853
vn -0.834729 1.57047e-16 0.285662
v 0.272989 0.196121 -0.0830689
vn -0.784147 1.47531e-16 0.369867
v 0.273859 -0.181514 -0.0808853
vn -0.834729 1.57047e-16 0.285662
v 0.274614 0.198136 -0.0195294
vn -0.873899 1.64417e-16 -0.191014
v 0.274614 -0.199629 -0.0195294
vn -0.87351 1.64343e-16 -0.192213
v 0.274145 -0.199044 -0.0178031
vn -0.835521 1.57196e-16 -0.284096
v 0.274614 -0.18618 -0.0195294
vn -0.87351 1.64343e-16 -0.192213
v -0.125472 -0.199044 -0.0178031
vn 1.76994e-16 0.885173 -0.243852
v -0.125947 -0.199629 -0.0195294
vn 0.873106 -1.64267e-16 -0.193443
v -0.125947 0.198136 -0.0195294
vn 0.873106 -1.64267e-16 -0.193443
v -0.125472 -0.199044 -0.0178031
vn 0.836081 -1.57301e-16 -0.282983
v -0.125947 0.198136 -0.0195294
vn -1.51935e-16 -0.914429 -0.162527
v -0.12323 -0.196263 -0.0850937
vn 1.1048e-16 0.784596 0.406056
v 0.271902 -0.196263 -0.0850937
vn 1.1048e-16 0.784596 0.406056
v -0.121937 -0.194659 -0.0869247
vn 9.28704e-17 0.716568 0.478522
v 0.272989 -0.197613 -0.0830689
vn -0.783136 1.47341e-16 0.371307
v 0.272989 -0.181514 -0.0830689
vn -0.783136 1.47341e-16 0.371307
v 0.271902 -0.196263 -0.0850937
vn -0.717514 1.34994e-16 0.451942
v -0.12323 0.194769 -0.0850937
vn 0.71868 -1.35213e-16 0.450692
v -0.124322 0.196121 -0.0830689
vn 0.782143 -1.47153e-16 0.372716
v -0.12323 -0.196263 -0.0850937
vn 0.71868 -1.35213e-16 0.450692
v 0.272989 -0.181514 -0.0830689
vn -0.784144 1.4753e-16 0.369871
v 0.272989 0.196121 -0.0830689
vn -1.75425e-16 -0.842871 0.324576
v 0.273859 0.197195 -0.0808853
vn -1.76977e-16 -0.883579 0.247453
v -0.124322 0.196121 -0.0830689
vn -1.75425e-16 -0.842871 0.324576
v 0.274614 0.198136 -0.0195294
vn -0.873141 1.64274e-16 -0.193336
v 0.274614 -0.18618 -0.0195294
vn -0.873141 1.64274e-16 -0.193336
v 0.274145 -0.18618 -0.0178031
vn -0.836092 1.57303e-16 -0.282961
v 0.274145 -0.18618 -0.0178031
vn -0.83552 1.57195e-16 -0.284098
v 0.274145 -0.199044 -0.0178031
vn 1.76982e-16 0.884061 -0.246371
v -0.125472 -0.199044 -0.0178031
vn 1.76982e-16 0.884061 -0.246371
v 0.273496 -0.198238 -0.0161674
vn 1.7544e-16 0.84314 -0.324136
v -0.125472 0.197552 -0.0178031
vn 0.836079 -1.57301e-16 -0.282986
v 0.274614 0.198136 -0.0195294
vn -1.51606e-16 -0.913681 -0.165144
v 0.274145 0.197552 -0.0178031
vn -1.40622e-16 -0.885176 -0.243844
v -0.125947 0.198136 -0.0195294
vn -1.51606e-16 -0.913681 -0.165144
v 0.270609 -0.194659 -0.0869247
vn 9.28743e-17 0.716584 0.478507
v -0.121937 -0.194659 -0.0869247
vn 9.28743e-17 0.716584 0.478507
v 0.271902 -0.196263 -0.0850937
vn 1.10487e-16 0.784623 0.406023
v -0.12323 -0.196263 -0.0850937
vn 0.716229 -1.34752e-16 0.453315
v -0.121937 -0.194659 -0.0869247
vn 0.64091 -1.20582e-16 0.523831
v -0.12323 0.194769 -0.0850937
vn 0.716229 -1.34752e-16 0.453315
v 0.271902 -0.181514 -0.0850937
vn -0.71751 1.34993e-16 0.451947
v -0.124322 0.196121 -0.0830689
vn -1.7531e-16 -0.840913 0.327748
v -0.12323 0.194769 -0.0850937
vn -1.71259e-16 -0.787 0.403124
v 0.272989 0.196121 -0.0830689
vn -1.7531e-16 -0.840913 0.327748
v 0.272989 0.196121 -0.0830689
vn -0.782213 1.47167e-16 0.372616
v 0.271902 0.194769 -0.0850937
vn -0.71868 1.35213e-16 0.450692
v 0.272989 -0.181514 -0.0830689
vn -0.782213 1.47167e-16 0.372616
v 0.274145 0.197552 -0.0178031
vn -0.836092 1.57303e-16 -0.282962
v 0.274145 -0.199044 -0.0178031
vn -0.835479 1.57188e-16 -0.284178
v 0.273496 -0.198238 -0.0161674
vn -0.783205 1.47353e-16 -0.37121
v 0.274145 -0.18618 -0.0178031
vn -0.835479 1.57188e-16 -0.284178
v -0.124823 -0.198238 -0.0161674
vn 1.7544e-16 0.843142 -0.324131
v -0.125472 -0.199044 -0.0178031
vn 1.76982e-16 0.884065 -0.24636
v -0.125472 -0.199044 -0.0178031
vn 0.834904 -1.5708e-16 -0.285315
v -0.125472 0.197552 -0.0178031
vn 0.834904 -1.5708e-16 -0.285315
v -0.124823 -0.198238 -0.0161674
vn 0.78396 -1.47495e-16 -0.370133
v -0.125472 0.197552 -0.0178031
vn -1.40623e-16 -0.885177 -0.243842
v -0.121937 -0.194659 -0.0869247
vn 9.21712e-17 0.713762 0.481148
v 0.270609 -0.194659 -0.0869247
vn 9.21712e-17 0.713762 0.481148
v -0.12046 -0.192831 -0.08853
vn 7.22402e-17 0.630893 0.549043
v 0.271902 -0.196263 -0.0850937
vn -0.717412 1.34975e-16 0.452051
v 0.271902 -0.181514 -0.0850937
vn -0.717412 1.34975e-16 0.452051
v 0.270609 -0.194659 -0.0869247
vn -0.639519 1.2032e-16 0.524976
v -0.121937 0.193167 -0.0869247
vn 0.640899 -1.2058e-16 0.52384
v -0.12323 0.194769 -0.0850937
vn 0.716238 -1.34754e-16 0.453304
v -0.121937 -0.194659 -0.0869247
vn 0.640899 -1.2058e-16 0.52384
v 0.271902 -0.181514 -0.0850937
vn -0.718675 1.35212e-16 0.450697
v 0.271902 0.194769 -0.0850937
vn -1.7126e-16 -0.78701 0.403113
v 0.272989 0.196121 -0.0830689
vn -1.75311e-16 -0.840929 0.327721
v -0.12323 0.194769 -0.0850937
vn -1.7126e-16 -0.78701 0.403113
v 0.274145 0.197552 -0.0178031
vn -0.834923 1.57084e-16 -0.285278
v 0.274145 -0.18618 -0.0178031
vn -0.834923 1.57084e-16 -0.285278
v 0.273496 -0.18618 -0.0161674
vn -0.783936 1.47491e-16 -0.370168
v 0.273496 -0.18618 -0.0161674
vn -0.783203 1.47353e-16 -0.371212
v 0.273496 -0.198238 -0.0161674
vn 1.75355e-16 0.841665 -0.326533
v -0.124823 -0.198238 -0.0161674
vn 1.75355e-16 0.841665 -0.326533
v 0.272677 -0.197226 -0.0146497
vn 1.71298e-16 0.787443 -0.402582
v -0.124823 0.196746 -0.0161674
vn 0.783958 -1.47495e-16 -0.370138
v 0.274145 0.197552 -0.0178031
vn -1.40232e-16 -0.884056 -0.246381
v 0.273496 0.196746 -0.0161674
vn -1.27091e-16 -0.843135 -0.324145
v -0.125472 0.197552 -0.0178031
vn -1.40232e-16 -0.884056 -0.246381
v 0.269132 -0.192831 -0.08853
vn 7.22449e-17 0.630914 0.549029
v -0.12046 -0.192831 -0.08853
vn 7.22449e-17 0.630914 0.549029
v 0.270609 -0.194659 -0.0869247
vn 9.21807e-17 0.713801 0.481112
v -0.12046 -0.192831 -0.08853
vn 0.552087 -1.0387e-16 0.588073
v -0.12046 0.191338 -0.08853
vn 0.552087 -1.0387e-16 0.588073
v -0.121937 -0.194659 -0.0869247
vn 0.638023 -1.20038e-16 0.526201
v 0.270609 -0.181514 -0.0869247
vn -0.639513 1.20319e-16 0.52498
v -0.12323 0.194769 -0.0850937
vn -1.71048e-16 -0.784609 0.40604
v -0.121937 0.193167 -0.0869247
vn -1.64248e-16 -0.716582 0.478509
v 0.271902 0.194769 -0.0850937
vn -1.71048e-16 -0.784609 0.40604
v -0.121937 0.193167 -0.0869247
vn 0.63801 -1.20036e-16 0.526212
v -0.121937 -0.194659 -0.0869247
vn 0.63801 -1.20036e-16 0.526212
v -0.12046 0.191338 -0.08853
vn 0.552102 -1.03873e-16 0.588064
v 0.271902 0.194769 -0.0850937
vn -0.716267 1.34759e-16 0.453274
v 0.270609 0.193167 -0.0869247
vn -0.640851 1.2057e-16 0.52388
v 0.271902 -0.181514 -0.0850937
vn -0.716267 1.34759e-16 0.453274
v 0.273496 0.196746 -0.0161674
vn -0.783934 1.47491e-16 -0.37017
v 0.273496 -0.198238 -0.0161674
vn -0.783155 1.47344e-16 -0.371282
v 0.272677 -0.197226 -0.0146497
vn -0.71749 1.34989e-16 -0.451969
v 0.273496 -0.18618 -0.0161674
vn -0.783155 1.47344e-16 -0.371282
v -0.124005 -0.197226 -0.0146497
vn 1.71298e-16 0.787447 -0.402576
v 0.272677 -0.197226 -0.0146497
vn 1.71298e-16 0.787447 -0.402576
v -0.124823 -0.198238 -0.0161674
vn 1.75355e-16 0.841675 -0.326517
v -0.124823 -0.198238 -0.0161674
vn 0.782397 -1.47202e-16 -0.372357
v -0.124823 0.196746 -0.0161674
vn 0.782397 -1.47202e-16 -0.372357
v -0.124005 -0.197226 -0.0146497
vn 0.718401 -1.35161e-16 -0.450991
v -0.124823 0.196746 -0.0161674
vn -1.27092e-16 -0.843137 -0.32414
v -0.125472 0.197552 -0.0178031
vn -1.40234e-16 -0.884061 -0.24637
v -0.12046 -0.192831 -0.08853
vn 7.14945e-17 0.627692 0.551342
v 0.269132 -0.192831 -0.08853
vn 7.14945e-17 0.627692 0.551342
v -0.118829 -0.19081 -0.0898828
vn 4.93611e-17 0.529742 0.612489
v 0.270609 -0.194659 -0.0869247
vn -0.639413 1.203e-16 0.525063
v 0.270609 -0.181514 -0.0869247
vn -0.639413 1.203e-16 0.525063
v 0.269132 -0.192831 -0.08853
vn -0.55058 1.03587e-16 0.589024
v -0.12046 0.191338 -0.08853
vn 0.548939 -1.03278e-16 0.590057
v -0.12046 -0.192831 -0.08853
vn 0.548939 -1.03278e-16 0.590057
v -0.118829 0.189316 -0.0898828
vn 0.453903 -8.53979e-17 0.642193
v 0.270609 -0.181514 -0.0869247
vn -0.640845 1.20569e-16 0.523884
v 0.270609 0.193167 -0.0869247
vn -1.6425e-16 -0.716598 0.478495
v 0.271902 0.194769 -0.0850937
vn -1.7105e-16 -0.784636 0.406008
v -0.121937 0.193167 -0.0869247
vn -1.6425e-16 -0.716598 0.478495
v -0.121937 0.193167 -0.0869247
vn -1.63937e-16 -0.713755 0.481154
v -0.12046 0.191338 -0.08853
vn -1.54134e-16 -0.630886 0.549049
v 0.270609 0.193167 -0.0869247
vn -1.63937e-16 -0.713755 0.481154
v 0.273496 0.196746 -0.0161674
vn -0.782414 1.47204e-16 -0.372333
v 0.273496 -0.18618 -0.0161674
vn -0.782414 1.47204e-16 -0.372333
v 0.272677 -0.18618 -0.0146497
vn -0.718366 1.35154e-16 -0.451029
v 0.272677 -0.18618 -0.0146497
vn -0.717487 1.34989e-16 -0.451971
v 0.272677 -0.197226 -0.0146497
vn 1.71138e-16 0.785624 -0.404807
v -0.124005 -0.197226 -0.0146497
vn 1.71138e-16 0.785624 -0.404807
v 0.271706 -0.196026 -0.0132791
vn 1.64311e-16 0.717161 -0.477965
v -0.124005 0.195733 -0.0146497
vn 0.718396 -1.3516e-16 -0.450997
v 0.273496 0.196746 -0.0161674
vn -1.26649e-16 -0.841665 -0.326533
v 0.272677 0.195733 -0.0146497
vn -1.11249e-16 -0.787443 -0.402582
v -0.124823 0.196746 -0.0161674
vn -1.26649e-16 -0.841665 -0.326533
v 0.267501 -0.19081 -0.0898828
vn 4.9366e-17 0.529765 0.612476
v -0.118829 -0.19081 -0.0898828
vn 4.9366e-17 0.529765 0.612476
v 0.269132 -0.192831 -0.08853
vn 7.15058e-17 0.627741 0.551307
v -0.118829 -0.19081 -0.0898828
vn 0.453886 -8.53947e-17 0.642201
v -0.118829 0.189316 -0.0898828
vn 0.453886 -8.53947e-17 0.642201
v -0.12046 -0.192831 -0.08853
vn 0.548956 -1.03281e-16 0.590046
v 0.270609 -0.181514 -0.0869247
vn -0.638064 1.20046e-16 0.526167
v 0.270609 0.193167 -0.0869247
vn -0.638064 1.20046e-16 0.526167
v 0.269132 -0.192831 -0.08853
vn -0.552056 1.03865e-16 0.588093
v -0.12046 0.191338 -0.08853
vn -1.53731e-16 -0.627686 0.551347
v -0.118829 0.189316 -0.0898828
vn -1.40719e-16 -0.529735 0.612492
v 0.269132 0.191338 -0.08853
vn -1.53731e-16 -0.627686 0.551347
v 0.269132 0.191338 -0.08853
vn -1.54137e-16 -0.630907 0.549034
v 0.270609 0.193167 -0.0869247
vn -1.63943e-16 -0.713793 0.481119
v -0.12046 0.191338 -0.08853
vn -1.54137e-16 -0.630907 0.549034
v 0.272677 0.195733 -0.0146497
vn -0.718363 1.35154e-16 -0.451032
v 0.272677 -0.197226 -0.0146497
vn -0.717433 1.34979e-16 -0.452029
v 0.271706 -0.196026 -0.0132791
vn -0.639494 1.20315e-16 -0.524996
v 0.272677 -0.18618 -0.0146497
vn -0.717433 1.34979e-16 -0.452029
v -0.12304 -0.196026 -0.0132791
vn 1.64312e-16 0.717169 -0.477957
v 0.271706 -0.196026 -0.0132791
vn 1.64312e-16 0.717169 -0.477957
v -0.124005 -0.197226 -0.0146497
vn 1.71139e-16 0.785638 -0.404788
v -0.124005 -0.197226 -0.0146497
vn 0.716538 -1.3481e-16 -0.452984
v -0.124005 0.195733 -0.0146497
vn 0.716538 -1.3481e-16 -0.452984
v -0.12304 -0.196026 -0.0132791
vn 0.640575 -1.20519e-16 -0.524108
v -0.124005 0.195733 -0.0146497
vn -1.11251e-16 -0.787448 -0.402576
v -0.124823 0.196746 -0.0161674
vn -1.26652e-16 -0.841675 -0.326517
v 0.272677 0.195733 -0.0146497
vn -1.11251e-16 -0.787448 -0.402576
v -0.118829 -0.19081 -0.0898828
vn 4.85847e-17 0.526208 0.614398
v 0.267501 -0.19081 -0.0898828
vn 4.85847e-17 0.526208 0.614398
v -0.117072 -0.188628 -0.0909601
vn 2.45492e-17 0.413772 0.666203
v 0.267501 -0.19081 -0.0898828
vn -0.452213 8.50799e-17 0.642996
v 0.269132 -0.192831 -0.08853
vn -0.550485 1.03569e-16 0.589085
v 0.267501 -0.181514 -0.0898828
vn -0.452213 8.50799e-17 0.642996
v -0.118829 0.189316 -0.0898828
vn 0.450475 -8.47529e-17 0.643818
v -0.118829 -0.19081 -0.0898828
vn 0.450475 -8.47529e-17 0.643818
v -0.117072 0.187136 -0.0909601
vn 0.347922 -6.54585e-17 0.685344
v 0.269132 -0.192831 -0.08853
vn -0.550572 1.03585e-16 0.58903
v 0.270609 0.193167 -0.0869247
vn -0.63942 1.20301e-16 0.525057
v 0.269132 -0.181514 -0.08853
vn -0.550572 1.03585e-16 0.58903
v 0.267501 0.189316 -0.0898828
vn -1.40722e-16 -0.529758 0.61248
v 0.269132 0.191338 -0.08853
vn -1.53737e-16 -0.627733 0.551313
v -0.118829 0.189316 -0.0898828
vn -1.40722e-16 -0.529758 0.61248
v 0.269132 0.191338 -0.08853
vn -0.552049 1.03863e-16 0.588097
v 0.269132 -0.181514 -0.08853
vn -0.552049 1.03863e-16 0.588097
v 0.272677 0.195733 -0.0146497
vn -0.716529 1.34809e-16 -0.452994
v 0.272677 -0.18618 -0.0146497
vn -0.716529 1.34809e-16 -0.452994
v 0.271706 -0.18618 -0.0132791
vn -0.640509 1.20506e-16 -0.524162
v 0.271706 -0.18618 -0.0132791
vn -0.639491 1.20315e-16 -0.524999
v -0.12304 -0.196026 -0.0132791
vn 1.64078e-16 0.715026 -0.479969
v -0.121932 -0.194657 -0.0120755
vn 1.5422e-16 0.631571 -0.548555
v 0.271706 -0.196026 -0.0132791
vn 1.64078e-16 0.715026 -0.479969
v -0.12304 0.194533 -0.0132791
vn 0.640568 -1.20517e-16 -0.524113
v -0.12304 -0.196026 -0.0132791
vn 0.640568 -1.20517e-16 -0.524113
v -0.124005 0.195733 -0.0146497
vn 0.716544 -1.34811e-16 -0.452978
v 0.272677 0.195733 -0.0146497
vn -1.10757e-16 -0.785624 -0.404808
v 0.271706 0.194533 -0.0132791
vn -9.30182e-17 -0.717161 -0.477965
v -0.124005 0.195733 -0.0146497
vn -1.10757e-16 -0.785624 -0.404808
v 0.265739 -0.188628 -0.0909601
vn 2.45533e-17 0.413792 0.666195
v -0.117072 -0.188628 -0.0909601
vn 2.45533e-17 0.413792 0.666195
v 0.267501 -0.19081 -0.0898828
vn 4.85968e-17 0.526264 0.614368
v -0.117072 -0.188628 -0.0909601
vn 0.347901 -6.54547e-17 0.68535
v -0.117072 0.187136 -0.0909601
vn 0.347901 -6.54547e-17 0.68535
v -0.118829 -0.19081 -0.0898828
vn 0.450493 -8.47564e-17 0.643809
v 0.269132 -0.181514 -0.08853
vn -0.550477 1.03567e-16 0.58909
v 0.267501 -0.181514 -0.0898828
vn -0.452222 8.50817e-17 0.642992
v 0.269132 -0.192831 -0.08853
vn -0.550477 1.03567e-16 0.58909
v 0.267501 -0.181514 -0.0898828
vn -0.45217 8.50717e-17 0.643017
v 0.267501 0.189316 -0.0898828
vn -0.45217 8.50717e-17 0.643017
v 0.267501 -0.19081 -0.0898828
vn -0.45217 8.50717e-17 0.643017
v -0.118829 0.189316 -0.0898828
vn -1.4023e-16 -0.526222 0.614391
v -0.117072 0.187136 -0.0909601
vn -1.23921e-16 -0.413784 0.666198
v 0.267501 0.189316 -0.0898828
vn -1.4023e-16 -0.526222 0.614391
v 0.267501 0.189316 -0.0898828
vn -0.453845 8.53871e-17 0.64222
v 0.267501 -0.181514 -0.0898828
vn -0.453845 8.53871e-17 0.64222
v 0.269132 0.191338 -0.08853
vn -0.548993 1.03288e-16 0.590023
v 0.269132 0.191338 -0.08853
vn -0.548984 1.03287e-16 0.590028
v 0.267501 -0.181514 -0.0898828
vn -0.453854 8.53887e-17 0.642217
v 0.269132 -0.181514 -0.08853
vn -0.548984 1.03287e-16 0.590028
v 0.271706 0.194533 -0.0132791
vn -0.640505 1.20506e-16 -0.524164
v 0.271706 -0.196026 -0.0132791
vn -0.639435 1.20304e-16 -0.525044
v 0.270603 -0.194657 -0.0120755
vn -0.550556 1.03582e-16 -0.589039
v 0.271706 -0.18618 -0.0132791
vn -0.639435 1.20304e-16 -0.525044
v 0.270603 -0.194657 -0.0120755
vn 1.54221e-16 0.631582 -0.548546
v 0.271706 -0.196026 -0.0132791
vn 1.6408e-16 0.715048 -0.479948
v -0.121932 -0.194657 -0.0120755
vn 1.54221e-16 0.631582 -0.548546
v -0.121932 -0.194657 -0.0120755
vn 0.551716 -1.03801e-16 -0.588307
v -0.12304 -0.196026 -0.0132791
vn 0.638365 -1.20103e-16 -0.525922
v -0.121932 0.193164 -0.0120755
vn 0.551716 -1.03801e-16 -0.588307
v -0.12304 0.194533 -0.0132791
vn 0.638357 -1.20101e-16 -0.525928
v -0.121932 0.193164 -0.0120755
vn 0.551725 -1.03802e-16 -0.588302
v -0.12304 -0.196026 -0.0132791
vn 0.638357 -1.20101e-16 -0.525928
v -0.12304 0.194533 -0.0132791
vn -9.30204e-17 -0.717169 -0.477957
v -0.124005 0.195733 -0.0146497
vn -1.10761e-16 -0.785638 -0.404789
v 0.271706 0.194533 -0.0132791
vn -9.30204e-17 -0.717169 -0.477957
v -0.117072 -0.188628 -0.0909601
vn 2.37554e-17 0.409962 0.66768
v 0.265739 -0.188628 -0.0909601
vn 2.37554e-17 0.409962 0.66768
v -0.115214 -0.186325 -0.0917427
vn -1.65637e-18 0.28482 0.707371
v 0.267501 -0.19081 -0.0898828
vn -0.450438 8.4746e-17 0.643835
v 0.267501 0.189316 -0.0898828
vn -0.450438 8.4746e-17 0.643835
v 0.265739 -0.188628 -0.0909601
vn -0.347892 6.54529e-17 0.685354
v -0.117072 0.187136 -0.0909601
vn 0.344261 -6.47698e-17 0.686589
v -0.117072 -0.188628 -0.0909601
vn 0.344261 -6.47698e-17 0.686589
v -0.115214 0.184833 -0.0917427
vn 0.235948 -4.43916e-17 0.716775
v 0.265739 0.187136 -0.0909601
vn -1.23924e-16 -0.413804 0.66619
v 0.267501 0.189316 -0.0898828
vn -1.40237e-16 -0.526277 0.614361
v -0.117072 0.187136 -0.0909601
vn -1.23924e-16 -0.413804 0.66619
v 0.271706 -0.18618 -0.0132791
vn -0.638419 1.20113e-16 -0.525878
v 0.270603 -0.194657 -0.0120755
vn -0.551729 1.03803e-16 -0.588299
v 0.271706 0.194533 -0.0132791
vn -0.638419 1.20113e-16 -0.525878
v -0.121932 -0.194657 -0.0120755
vn 1.53912e-16 0.629121 -0.550319
v -0.120713 -0.193142 -0.0110635
vn 1.40811e-16 0.530402 -0.61213
v 0.270603 -0.194657 -0.0120755
vn 1.53912e-16 0.629121 -0.550319
v -0.121932 0.193164 -0.0120755
vn 0.549328 -1.03351e-16 -0.589812
v -0.120713 0.191649 -0.0110635
vn 0.453501 -8.53222e-17 -0.642384
v -0.121932 -0.194657 -0.0120755
vn 0.549328 -1.03351e-16 -0.589812
v -0.12304 0.194533 -0.0132791
vn -9.24859e-17 -0.715026 -0.479969
v 0.271706 0.194533 -0.0132791
vn -9.24859e-17 -0.715026 -0.479969
v -0.121932 0.193164 -0.0120755
vn -7.23982e-17 -0.631571 -0.548555
v 0.263881 -0.186325 -0.0917427
vn -1.65414e-18 0.284831 0.707368
v -0.115214 -0.186325 -0.0917427
vn -1.65414e-18 0.284831 0.707368
v 0.265739 -0.188628 -0.0909601
vn 2.37673e-17 0.410019 0.667658
v -0.115214 -0.186325 -0.0917427
vn 0.235925 -4.43873e-17 0.716781
v -0.115214 0.184833 -0.0917427
vn 0.235925 -4.43873e-17 0.716781
v -0.117072 -0.188628 -0.0909601
vn 0.344282 -6.47738e-17 0.686581
v 0.265739 -0.188628 -0.0909601
vn -0.346109 6.51174e-17 0.685962
v 0.267501 0.189316 -0.0898828
vn -0.452136 8.50654e-17 0.643033
v 0.265739 -0.181514 -0.0909601
vn -0.346109 6.51174e-17 0.685962
v -0.117072 0.187136 -0.0909601
vn -1.23346e-16 -0.409962 0.66768
v -0.115214 0.184833 -0.0917427
vn -1.03854e-16 -0.28482 0.707371
v 0.265739 0.187136 -0.0909601
vn -1.23346e-16 -0.409962 0.66768
v 0.265739 0.187136 -0.0909601
vn -0.347839 6.54429e-17 0.685372
v 0.265739 -0.181514 -0.0909601
vn -0.347839 6.54429e-17 0.685372
v 0.267501 0.189316 -0.0898828
vn -0.450489 8.47555e-17 0.643812
v 0.270603 -0.18618 -0.0120755
vn -0.550552 1.03582e-16 -0.589042
v 0.271706 0.194533 -0.0132791
vn -0.639439 1.20305e-16 -0.525041
v 0.269385 -0.193142 -0.0110635
vn 1.40813e-16 0.530415 -0.612123
v 0.270603 -0.194657 -0.0120755
vn 1.53916e-16 0.629148 -0.550299
v -0.120713 -0.193142 -0.0110635
vn 1.40813e-16 0.530415 -0.612123
v -0.120713 -0.193142 -0.0110635
vn 0.453491 -8.53204e-17 -0.64239
v -0.121932 -0.194657 -0.0120755
vn 0.549337 -1.03353e-16 -0.589806
v -0.120713 0.191649 -0.0110635
vn 0.453491 -8.53204e-17 -0.64239
v -0.121932 0.193164 -0.0120755
vn -7.18271e-17 -0.629121 -0.550319
v 0.270603 0.193164 -0.0120755
vn -7.18271e-17 -0.629121 -0.550319
v -0.120713 0.191649 -0.0110635
vn -4.95063e-17 -0.530402 -0.61213
v 0.270603 0.193164 -0.0120755
vn -7.24009e-17 -0.631582 -0.548546
v -0.121932 0.193164 -0.0120755
vn -7.24009e-17 -0.631582 -0.548546
v 0.271706 0.194533 -0.0132791
vn -9.24913e-17 -0.715048 -0.479948
v -0.115214 -0.186325 -0.0917427
vn -2.44907e-18 0.280818 0.708374
v 0.263881 -0.186325 -0.0917427
vn -2.44907e-18 0.280818 0.708374
v -0.113289 -0.183941 -0.0922179
vn -2.84851e-17 0.146105 0.733413
v 0.263881 -0.186325 -0.0917427
vn -0.234085 4.4041e-17 0.717187
v 0.265739 -0.188628 -0.0909601
vn -0.34605 6.51063e-17 0.685982
v 0.263881 -0.181514 -0.0917427
vn -0.234085 4.4041e-17 0.717187
v -0.115214 0.184833 -0.0917427
vn 0.232182 -4.36831e-17 0.717604
v -0.115214 -0.186325 -0.0917427
vn 0.232182 -4.36831e-17 0.717604
v -0.113289 0.182447 -0.0922179
vn 0.119953 -2.25681e-17 0.735932
v 0.265739 -0.181514 -0.0909601
vn -0.346038 6.51042e-17 0.685986
v 0.263881 -0.181514 -0.0917427
vn -0.234097 4.40433e-17 0.717185
v 0.265739 -0.188628 -0.0909601
vn -0.346038 6.51042e-17 0.685986
v 0.263881 0.184833 -0.0917427
vn -1.03856e-16 -0.284831 0.707368
v 0.265739 0.187136 -0.0909601
vn -1.23355e-16 -0.410019 0.667658
v -0.115214 0.184833 -0.0917427
vn -1.03856e-16 -0.284831 0.707368
v 0.265739 0.187136 -0.0909601
vn -0.344294 6.4776e-17 0.686578
v 0.263881 -0.181514 -0.0917427
vn -0.235913 4.4385e-17 0.716783
v 0.265739 -0.181514 -0.0909601
vn -0.344294 6.4776e-17 0.686578
v 0.270603 0.193164 -0.0120755
vn -0.551725 1.03802e-16 -0.588302
v 0.270603 -0.18618 -0.0120755
vn -0.551725 1.03802e-16 -0.588302
v 0.270603 -0.194657 -0.0120755
vn -0.550497 1.03571e-16 -0.589076
v 0.269385 -0.193142 -0.0110635
vn -0.452199 8.50774e-17 -0.643003
v 0.270603 -0.18618 -0.0120755
vn -0.550497 1.03571e-16 -0.589076
v -0.120713 -0.193142 -0.0110635
vn 1.40436e-16 0.527708 -0.61359
v -0.119393 -0.191508 -0.0102564
vn 1.24e-16 0.414309 -0.665993
v 0.269385 -0.193142 -0.0110635
vn 1.40436e-16 0.527708 -0.61359
v -0.120713 0.191649 -0.0110635
vn 0.450851 -8.48237e-17 -0.643641
v -0.119393 0.190016 -0.0102564
vn 0.347468 -6.5373e-17 -0.685499
v -0.120713 -0.193142 -0.0110635
vn 0.450851 -8.48237e-17 -0.643641
v 0.269385 0.191649 -0.0110635
vn -4.95091e-17 -0.530415 -0.612123
v -0.120713 0.191649 -0.0110635
vn -4.95091e-17 -0.530415 -0.612123
v 0.270603 0.193164 -0.0120755
vn -7.18336e-17 -0.629148 -0.550299
v 0.26196 -0.183941 -0.0922179
vn -2.84857e-17 0.146102 0.733414
v 0.263881 -0.186325 -0.0917427
vn -2.43895e-18 0.280869 0.708362
v -0.113289 -0.183941 -0.0922179
vn 0.119929 -2.25636e-17 0.735935
v -0.113289 0.182447 -0.0922179
vn 0.119929 -2.25636e-17 0.735935
v -0.115214 -0.186325 -0.0917427
vn 0.232206 -4.36875e-17 0.717599
v 0.263881 -0.181514 -0.0917427
vn -0.23406 4.40363e-17 0.717193
v 0.263881 0.184833 -0.0917427
vn -0.23406 4.40363e-17 0.717193
v 0.263881 -0.186325 -0.0917427
vn -0.23406 4.40363e-17 0.717193
v -0.115214 0.184833 -0.0917427
vn -1.0321e-16 -0.280809 0.708376
v -0.113289 0.182447 -0.0922179
vn -8.09093e-17 -0.146101 0.733414
v 0.263881 0.184833 -0.0917427
vn -1.0321e-16 -0.280809 0.708376
v 0.263881 0.184833 -0.0917427
vn -0.235902 4.43829e-17 0.716786
v 0.263881 -0.181514 -0.0917427
vn -0.235902 4.43829e-17 0.716786
v 0.265739 0.187136 -0.0909601
vn -0.344305 6.4778e-17 0.686574
v 0.270603 -0.18618 -0.0120755
vn -0.549361 1.03357e-16 -0.589792
v 0.269385 -0.193142 -0.0110635
vn -0.453479 8.53181e-17 -0.642395
v 0.270603 0.193164 -0.0120755
vn -0.549361 1.03357e-16 -0.589792
v 0.268066 -0.191508 -0.0102564
vn 1.24001e-16 0.414321 -0.665988
v 0.269385 -0.193142 -0.0110635
vn 1.40441e-16 0.52774 -0.613573
v -0.119393 -0.191508 -0.0102564
vn 1.24001e-16 0.414321 -0.665988
v -0.119393 -0.191508 -0.0102564
vn 0.347456 -6.53708e-17 -0.685502
v -0.120713 -0.193142 -0.0110635
vn 0.450862 -8.48258e-17 -0.643636
v -0.119393 0.190016 -0.0102564
vn 0.347456 -6.53708e-17 -0.685502
v -0.120713 0.191649 -0.0110635
vn -4.89156e-17 -0.527715 -0.613586
v 0.269385 0.191649 -0.0110635
vn -4.89156e-17 -0.527715 -0.613586
v -0.119393 0.190016 -0.0102564
vn -2.46625e-17 -0.414316 -0.66599
v 0.269385 0.191649 -0.0110635
vn -0.453474 8.53172e-17 -0.642398
v 0.269385 -0.18618 -0.0110635
vn -0.453474 8.53172e-17 -0.642398
v -0.113289 -0.183941 -0.0922179
vn -2.92625e-17 0.141984 0.733922
v 0.26196 -0.183941 -0.0922179
vn -2.92625e-17 0.141984 0.733922
v -0.111331 -0.181514 -0.0923768
vn -4.22279e-17 0.0723573 0.740276
v 0.26196 -0.183941 -0.0922179
vn -0.118052 2.22106e-17 0.736139
v 0.263881 -0.186325 -0.0917427
vn -0.234047 4.40339e-17 0.717196
v 0.26196 -0.181514 -0.0922179
vn -0.118052 2.22106e-17 0.736139
v -0.113289 0.182447 -0.0922179
vn 0.116146 -2.18518e-17 0.736343
v -0.113289 -0.183941 -0.0922179
vn 0.116146 -2.18518e-17 0.736343
v -0.111331 0.180022 -0.0923768
vn 0.0591479 -1.11282e-17 0.740903
v 0.263881 0.184833 -0.0917427
vn -0.2322 4.36863e-17 0.7176
v 0.26196 -0.181514 -0.0922179
vn -0.119961 2.25697e-17 0.735931
v 0.263881 -0.186325 -0.0917427
vn -0.2322 4.36863e-17 0.7176
v 0.26196 0.182447 -0.0922179
vn -8.09088e-17 -0.146098 0.733415
v 0.263881 0.184833 -0.0917427
vn -1.03218e-16 -0.280861 0.708364
v 0.269385 -0.18618 -0.0110635
vn -0.452194 8.50764e-17 -0.643005
v 0.270603 0.193164 -0.0120755
vn -0.550503 1.03572e-16 -0.589073
v 0.268066 -0.191508 -0.0102564
vn -0.346094 6.51145e-17 -0.685967
v 0.268066 -0.18618 -0.0102564
vn -0.346094 6.51145e-17 -0.685967
v 0.269385 -0.193142 -0.0110635
vn -0.452151 8.50682e-17 -0.643026
v -0.119393 -0.191508 -0.0102564
vn 1.23562e-16 0.411395 -0.667126
v -0.118001 -0.189783 -0.00966984
vn 1.039e-16 0.285104 -0.707299
v 0.268066 -0.191508 -0.0102564
vn 1.23562e-16 0.411395 -0.667126
v -0.119393 0.190016 -0.0102564
vn 0.344677 -6.48479e-17 -0.686448
v -0.118001 0.188291 -0.00966984
vn 0.235501 -4.43074e-17 -0.716874
v -0.119393 -0.191508 -0.0102564
vn 0.344677 -6.48479e-17 -0.686448
v 0.268066 0.190016 -0.0102564
vn -2.46648e-17 -0.414327 -0.665986
v -0.119393 0.190016 -0.0102564
vn -2.46648e-17 -0.414327 -0.665986
v 0.269385 0.191649 -0.0110635
vn -4.89226e-17 -0.527747 -0.613569
v 0.269385 0.191649 -0.0110635
vn -0.450875 8.4828e-17 -0.64363
v 0.269385 -0.18618 -0.0110635
vn -0.450875 8.4828e-17 -0.64363
v 0.268066 -0.18618 -0.0102564
vn -0.347443 6.53684e-17 -0.685507
v 0.260002 -0.181514 -0.0923768
vn -4.22262e-17 0.0723662 0.740275
v 0.26196 -0.183941 -0.0922179
vn -2.92553e-17 0.142021 0.733917
v -0.111331 -0.181514 -0.0923768
vn 0.0591478 -1.11282e-17 0.740903
v -0.113289 -0.183941 -0.0922179
vn 0.116169 -2.18563e-17 0.736341
v 0.26196 -0.181514 -0.0922179
vn -0.11804 2.22081e-17 0.73614
v 0.26196 0.182447 -0.0922179
vn -0.11804 2.22081e-17 0.73614
v 0.26196 -0.183941 -0.0922179
vn -0.11804 2.22081e-17 0.73614
v -0.113289 0.182447 -0.0922179
vn -8.02092e-17 -0.141988 0.733921
v -0.111331 0.180022 -0.0923768
vn -6.81913e-17 -0.0723595 0.740276
v 0.26196 0.182447 -0.0922179
vn -8.02092e-17 -0.141988 0.733921
v 0.26196 0.182447 -0.0922179
vn -0.119926 2.2563e-17 0.735935
v 0.26196 -0.181514 -0.0922179
vn -0.119926 2.2563e-17 0.735935
v 0.263881 0.184833 -0.0917427
vn -0.232235 4.36929e-17 0.717592
v 0.269385 -0.18618 -0.0110635
vn -0.452145 8.50671e-17 -0.643029
v 0.268066 -0.18618 -0.0102564
vn -0.346074 6.51108e-17 -0.685974
v 0.268066 -0.191508 -0.0102564
vn -0.346074 6.51108e-17 -0.685974
v 0.268066 0.190016 -0.0102564
vn -0.346074 6.51108e-17 -0.685974
v 0.266673 -0.189783 -0.00966984
vn 1.03901e-16 0.285111 -0.707298
v 0.268066 -0.191508 -0.0102564
vn 1.23567e-16 0.411427 -0.667114
v -0.118001 -0.189783 -0.00966984
vn 0.235489 -4.4305e-17 -0.716877
v -0.119393 -0.191508 -0.0102564
vn 0.344688 -6.48501e-17 -0.686444
v -0.118001 0.188291 -0.00966984
vn 0.235489 -4.4305e-17 -0.716877
v -0.119393 0.190016 -0.0102564
vn -2.40525e-17 -0.411389 -0.667129
v 0.268066 0.190016 -0.0102564
vn -2.40525e-17 -0.411389 -0.667129
v -0.118001 0.188291 -0.00966984
vn 1.60078e-18 -0.2851 -0.7073
v 0.268066 0.190016 -0.0102564
vn -0.347437 6.53673e-17 -0.685509
v 0.260002 -0.181514 -0.0923768
vn -5.53747e-17 3.39072e-33 0.742492
v 0.260002 0.180022 -0.0923768
vn -5.53747e-17 3.39072e-33 0.742492
v -0.111331 -0.181514 -0.0923768
vn -5.53747e-17 3.39072e-33 0.742492
v 0.26196 -0.183941 -0.0922179
vn -0.116145 2.18517e-17 0.736343
v 0.26196 0.182447 -0.0922179
vn -0.116145 2.18517e-17 0.736343
v 0.260002 -0.181514 -0.0923768
vn -0.0591478 1.11282e-17 0.740903
v -0.111331 0.180022 -0.0923768
vn -5.53747e-17 3.39072e-33 0.742492
v 0.260002 0.180022 -0.0923768
vn -6.81929e-17 -0.0723684 0.740275
v 0.26196 0.182447 -0.0922179
vn -8.02158e-17 -0.142026 0.733917
v 0.268066 0.190016 -0.0102564
vn -0.344677 6.48479e-17 -0.686448
v 0.268066 -0.191508 -0.0102564
vn -0.344677 6.48479e-17 -0.686448
v 0.266673 -0.18618 -0.00966984
vn -0.235501 4.43074e-17 -0.716874
v 0.266673 -0.189783 -0.00966984
vn -0.234074 4.4039e-17 -0.71719
v 0.266673 -0.18618 -0.00966984
vn -0.234074 4.4039e-17 -0.71719
v 0.268066 -0.191508 -0.0102564
vn -0.34606 6.51082e-17 -0.685978
v -0.118001 -0.189783 -0.00966984
vn 1.03407e-16 0.282032 -0.708072
v -0.11656 -0.187997 -0.0093142
vn 8.08975e-17 0.146031 -0.733423
v 0.266673 -0.189783 -0.00966984
vn 1.03407e-16 0.282032 -0.708072
v -0.118001 0.188291 -0.00966984
vn 0.232625 -4.37662e-17 -0.717508
v -0.11656 0.186504 -0.0093142
vn 0.119516 -2.24859e-17 -0.73598
v -0.118001 -0.189783 -0.00966984
vn 0.232625 -4.37662e-17 -0.717508
v 0.266673 0.188291 -0.00966984
vn 1.59947e-18 -0.285106 -0.707298
v 0.268066 0.190016 -0.0102564
vn -2.40593e-17 -0.411422 -0.667116
v 0.260002 0.180022 -0.0923768
vn -0.0591478 1.11282e-17 0.740903
v 0.26196 0.182447 -0.0922179
vn -0.116169 2.18563e-17 0.736341
v 0.266673 -0.18618 -0.00966984
vn -0.235475 4.43025e-17 -0.71688
v 0.266673 0.188291 -0.00966984
vn -0.235475 4.43025e-17 -0.71688
v 0.268066 0.190016 -0.0102564
vn -0.344701 6.48525e-17 -0.68644
v 0.266673 -0.18618 -0.00966984
vn -0.23406 4.40363e-17 -0.717193
v 0.266673 -0.189783 -0.00966984
vn -0.23406 4.40363e-17 -0.717193
v 0.266673 0.188291 -0.00966984
vn -0.23406 4.40363e-17 -0.717193
v 0.265232 -0.187997 -0.0093142
vn 8.08972e-17 0.14603 -0.733423
v 0.266673 -0.189783 -0.00966984
vn 1.03411e-16 0.282061 -0.708065
v -0.11656 -0.187997 -0.0093142
vn 0.119503 -2.24833e-17 -0.735982
v -0.118001 -0.189783 -0.00966984
vn 0.232637 -4.37687e-17 -0.717505
v -0.11656 0.186504 -0.0093142
vn 0.119503 -2.24833e-17 -0.735982
v -0.118001 0.188291 -0.00966984
vn 2.20866e-18 -0.282032 -0.708072
v 0.266673 0.188291 -0.00966984
vn 2.20866e-18 -0.282032 -0.708072
v -0.11656 0.186504 -0.0093142
vn 2.8499e-17 -0.146031 -0.733423
v 0.266673 -0.189783 -0.00966984
vn -0.232625 4.37662e-17 -0.717508
v 0.265232 -0.187997 -0.0093142
vn -0.119516 2.24859e-17 -0.73598
v 0.266673 0.188291 -0.00966984
vn -0.232625 4.37662e-17 -0.717508
v -0.11656 -0.187997 -0.0093142
vn 8.03572e-17 0.142856 -0.733815
v -0.115093 -0.18618 -0.00919539
vn 6.8226e-17 0.0725582 -0.740264
v 0.265232 -0.187997 -0.0093142
vn 8.03572e-17 0.142856 -0.733815
v -0.11656 0.186504 -0.0093142
vn 0.116573 -2.19322e-17 -0.736298
v -0.115093 0.184687 -0.00919539
vn 0.0591422 -1.11271e-17 -0.740903
v -0.11656 -0.187997 -0.0093142
vn 0.116573 -2.19322e-17 -0.736298
v 0.265232 0.186504 -0.0093142
vn 2.84994e-17 -0.14603 -0.733423
v 0.266673 0.188291 -0.00966984
vn 2.2029e-18 -0.282061 -0.708065
v 0.265232 -0.187997 -0.0093142
vn -0.118047 2.22095e-17 -0.73614
v 0.265232 -0.18618 -0.0093142
vn -0.118047 2.22095e-17 -0.73614
v 0.263765 -0.18618 -0.00919539
vn 6.8227e-17 0.0725633 -0.740264
v 0.265232 -0.187997 -0.0093142
vn 8.03609e-17 0.142878 -0.733813
v -0.115093 -0.18618 -0.00919539
vn 0.0591423 -1.11271e-17 -0.740903
v -0.11656 -0.187997 -0.0093142
vn 0.116586 -2.19348e-17 -0.736296
v -0.11656 0.186504 -0.0093142
vn 2.90979e-17 -0.142856 -0.733815
v 0.265232 0.186504 -0.0093142
vn 2.90979e-17 -0.142856 -0.733815
v -0.115093 0.184687 -0.00919539
vn 4.2191e-17 -0.0725582 -0.740264
v 0.265232 0.186504 -0.0093142
vn -0.119496 2.24821e-17 -0.735982
v 0.266673 0.188291 -0.00966984
vn -0.232644 4.377e-17 -0.717503
v 0.265232 -0.18618 -0.0093142
vn -0.119496 2.24821e-17 -0.735982
v 0.265232 -0.187997 -0.0093142
vn -0.118032 2.22067e-17 -0.736141
v 0.263765 -0.18618 -0.00919539
vn -0.0591466 1.11279e-17 -0.740903
v 0.265232 -0.18618 -0.0093142
vn -0.118032 2.22067e-17 -0.736141
v 0.263765 -0.18618 -0.00919539
vn 5.53747e-17 -3.39072e-33 -0.742492
v -0.115093 -0.18618 -0.00919539
vn 5.53747e-17 -3.39072e-33 -0.742492
v 0.263765 0.184687 -0.00919539
vn 5.53747e-17 -3.39072e-33 -0.742492
v -0.115093 0.184687 -0.00919539
vn 5.53747e-17 -3.39072e-33 -0.742492
v 0.263765 0.184687 -0.00919539
vn 4.219e-17 -0.0725633 -0.740264
v 0.265232 0.186504 -0.0093142
vn 2.90939e-17 -0.142878 -0.733813
v 0.265232 -0.18618 -0.0093142
vn -0.11658 2.19334e-17 -0.736297
v 0.265232 0.186504 -0.0093142
vn -0.11658 2.19334e-17 -0.736297
v 0.263765 0.184687 -0.00919539
vn -0.0591422 1.11271e-17 -0.740903
v 0.27406 -0.275 -0.260549
vn -0.904338 1.70144e-16 -4.54645e-17
v 0.27406 -0.275 0.0608164
vn -0.904338 1.70144e-16 -4.54645e-17
v 0.27406 -0.198611 -0.260549
vn -0.904338 1.70144e-16 -4.54645e-17
v 0.27406 -0.198611 0.0608164
vn -0.904338 1.70144e-16 -4.54645e-17
v 0.27406 -0.198611 -0.0923768
vn -0.904338 1.70144e-16 -4.54645e-17
v 0.27406 -0.198611 -0.176463
vn -0.904338 1.70144e-16 -4.54645e-17
v 0.27406 -0.198611 -0.0923768
vn 5.53747e-17 -3.39072e-33 -0.742492
v -0.127272 -0.198611 -0.0923768
vn 5.53747e-17 -3.39072e-33 -0.742492
v 0.27406 0.198611 -0.0923768
vn 5.53747e-17 -3.39072e-33 -0.742492
v 0.27406 0.198611 -0.260549
vn -0.904338 1.70144e-16 -4.54645e-17
v 0.27406 0.198611 -0.176463
vn -0.904338 1.70144e-16 -4.54645e-17
v -0.127272 0.198611 -0.0923768
vn 5.53747e-17 -3.39072e-33 -0.742492
v 0.27406 0.198611 -0.0923768
vn -0.904338 1.70144e-16 -4.54645e-17
v 0.27406 0.275 -0.260549
vn -0.904338 1.70144e-16 -4.54645e-17
v 0.27406 0.198611 0.0608164
vn -0.904338 1.70144e-16 -4.54645e-17
v 0.27406 0.275 -0.259931
vn -0.904338 1.70144e-16 -4.54645e-17
v 0.27406 0.275 -0.108213
vn -0.904338 1.70144e-16 -4.54645e-17
v 0.27406 0.275 0.0608164
vn -0.904338 1.70144e-16 -4.54645e-17
v 0.27406 0.275 -0.0923768
vn -0.904338 1.70144e-16 -4.54645e-17
v -0.205503 -0.257936 0.272831
vn -0.879351 1.65442e-16 -0.173332
v -0.173362 -0.252219 0.106674
vn -0.879351 1.65442e-16 -0.173332
v -0.173362 -0.257936 0.106674
vn -0.879351 1.65442e-16 -0.173332
v -0.173362 -0.252219 0.106674
vn -0.879346 1.65441e-16 -0.173345
v -0.205503 -0.257936 0.272831
vn -0.879346 1.65441e-16 -0.173345
v -0.205503 0.257464 0.272831
vn -0.879346 1.65441e-16 -0.173345
v -0.173362 -0.257936 0.106674
vn 0.879351 -1.65442e-16 0.173332
v -0.173362 -0.252219 0.106674
vn 0.879351 -1.65442e-16 0.173332
v -0.205503 -0.257936 0.272831
vn 0.879351 -1.65442e-16 0.173332
v -0.205503 0.257464 0.272831
vn 0.879346 -1.65441e-16 0.173345
v -0.205503 -0.257936 0.272831
vn 0.879346 -1.65441e-16 0.173345
v -0.173362 -0.252219 0.106674
vn 0.879346 -1.65441e-16 0.173345
v -0.173362 -0.186189 0.106674
vn -0.86366 1.6249e-16 -0.220179
v -0.173362 -0.257936 0.106674
vn -0.86366 1.6249e-16 -0.220179
v -0.173362 -0.252219 0.106674
vn -0.86366 1.6249e-16 -0.220179
v -0.173362 -0.252219 0.106674
vn 0.86366 -1.6249e-16 0.220179
v -0.173362 -0.257936 0.106674
vn 0.86366 -1.6249e-16 0.220179
v -0.173362 -0.186189 0.106674
vn 0.86366 -1.6249e-16 0.220179
v -0.173362 -0.257936 0.106674
vn -0.87721 -0.0653526 -0.172909
v -0.205682 -0.259125 0.274148
vn -0.870867 -0.129863 -0.171659
v -0.205503 -0.257936 0.272831
vn -0.87721 -0.0653526 -0.172909
v -0.205503 -0.257936 0.272831
vn 0.87721 0.0653526 0.172909
v -0.205682 -0.259125 0.274148
vn 0.870867 0.129863 0.171659
v -0.173362 -0.257936 0.106674
vn 0.87721 0.0653526 0.172909
v -0.205503 -0.257936 0.272831
vn -0.891287 1.67688e-16 -0.125686
v -0.205682 0.258652 0.274148
vn -0.899234 1.69183e-16 -0.0787695
v -0.205503 0.257464 0.272831
vn -0.891287 1.67688e-16 -0.125686
v -0.205503 0.257464 0.272831
vn 0.891287 -1.67688e-16 0.125686
v -0.205682 0.258652 0.274148
vn 0.899234 -1.69183e-16 0.0787695
v -0.205503 -0.257936 0.272831
vn 0.891287 -1.67688e-16 0.125686
v -0.173362 0.257464 0.106674
vn -0.879346 1.65441e-16 -0.173345
v -0.173362 0.257464 0.106674
vn 0.879346 -1.65441e-16 0.173345
v -0.173046 -0.252219 0.105398
vn -0.84435 1.58857e-16 -0.265918
v -0.173046 -0.252219 0.105398
vn 0.84435 -1.58857e-16 0.265918
v -0.173362 0.176168 0.106674
vn -0.879351 1.65442e-16 -0.173331
v -0.173362 -0.186189 0.106674
vn -0.879351 1.65442e-16 -0.173331
v -0.173362 -0.186189 0.106674
vn 0.879351 -1.65442e-16 0.173331
v -0.173362 0.176168 0.106674
vn 0.879351 -1.65442e-16 0.173331
v -0.205682 -0.259125 0.274148
vn -0.870873 -0.12982 -0.17166
v -0.173362 -0.257936 0.106674
vn -0.877212 -0.0653158 -0.172909
v -0.173046 -0.259125 0.105398
vn -0.870873 -0.12982 -0.17166
v -0.173046 -0.259125 0.105398
vn 0.870873 0.12982 0.17166
v -0.173362 -0.257936 0.106674
vn 0.877212 0.0653158 0.172909
v -0.205682 -0.259125 0.274148
vn 0.870873 0.12982 0.17166
v -0.205682 -0.259125 0.274148
vn -0.899233 1.69182e-16 -0.0787747
v -0.205682 -0.259125 0.274148
vn 0.899233 -1.69182e-16 0.0787747
v -0.205682 0.258652 0.274148
vn -0.870867 0.129863 -0.171659
v -0.173362 0.257464 0.106674
vn -0.87721 0.0653526 -0.172909
v -0.205503 0.257464 0.272831
vn -0.87721 0.0653526 -0.172909
v -0.205503 0.257464 0.272831
vn 0.87721 -0.0653526 0.172909
v -0.173362 0.257464 0.106674
vn 0.87721 -0.0653526 0.172909
v -0.205682 0.258652 0.274148
vn 0.870867 -0.129863 0.171659
v -0.173362 0.257464 0.106674
vn -0.879351 1.65442e-16 -0.173331
v -0.173362 0.257464 0.106674
vn 0.879351 -1.65442e-16 0.173331
v -0.173046 -0.252219 0.105398
vn -0.84428 1.58844e-16 -0.266069
v -0.173046 -0.259125 0.105398
vn -0.84428 1.58844e-16 -0.266069
v -0.173046 -0.259125 0.105398
vn 0.84428 -1.58844e-16 0.266069
v -0.173046 -0.252219 0.105398
vn 0.84428 -1.58844e-16 0.266069
v -0.173046 -0.187377 0.105398
vn -0.844343 1.58856e-16 -0.265933
v -0.173046 -0.252219 0.105398
vn -0.844343 1.58856e-16 -0.265933
v -0.173046 -0.252219 0.105398
vn 0.844343 -1.58856e-16 0.265933
v -0.173046 -0.187377 0.105398
vn 0.844343 -1.58856e-16 0.265933
v -0.149095 0.176168 -0.0188033
vn -0.879352 1.65442e-16 -0.173324
v -0.149095 0.176168 -0.0188033
vn 0.879352 -1.65442e-16 0.173324
v -0.173046 -0.259125 0.105398
vn -0.870756 -0.130708 -0.171637
v -0.205724 -0.260292 0.275484
vn -0.845635 -0.257015 -0.166685
v -0.205682 -0.259125 0.274148
vn -0.870756 -0.130708 -0.171637
v -0.205682 -0.259125 0.274148
vn 0.870756 0.130708 0.171637
v -0.205724 -0.260292 0.275484
vn 0.845635 0.257015 0.166685
v -0.173046 -0.259125 0.105398
vn 0.870756 0.130708 0.171637
v -0.205682 -0.259125 0.274148
vn -0.899538 1.6924e-16 -0.0763958
v -0.205724 0.25982 0.275484
vn -0.904065 1.70092e-16 0.0182067
v -0.205682 0.258652 0.274148
vn -0.899538 1.6924e-16 -0.0763958
v -0.205682 0.258652 0.274148
vn 0.899538 -1.6924e-16 0.0763958
v -0.205724 0.25982 0.275484
vn 0.904065 -1.70092e-16 -0.0182067
v -0.205682 -0.259125 0.274148
vn 0.899538 -1.6924e-16 0.0763958
v -0.173362 0.257464 0.106674
vn -0.877212 0.0653158 -0.172909
v -0.205682 0.258652 0.274148
vn -0.870873 0.12982 -0.17166
v -0.173046 0.258652 0.105398
vn -0.870873 0.12982 -0.17166
v -0.173046 0.258652 0.105398
vn 0.870873 -0.12982 0.17166
v -0.205682 0.258652 0.274148
vn 0.870873 -0.12982 0.17166
v -0.173362 0.257464 0.106674
vn 0.877212 -0.0653158 0.172909
v -0.173046 0.258652 0.105398
vn -0.844361 1.58859e-16 -0.265895
v -0.173362 0.176168 0.106674
vn -0.863663 1.62491e-16 -0.220173
v -0.173362 0.257464 0.106674
vn -0.863663 1.62491e-16 -0.220173
v -0.173362 0.257464 0.106674
vn 0.863663 -1.62491e-16 0.220173
v -0.173362 0.176168 0.106674
vn 0.863663 -1.62491e-16 0.220173
v -0.173046 0.258652 0.105398
vn 0.844361 -1.58859e-16 0.265895
v -0.173046 -0.187377 0.105398
vn -0.844271 1.58843e-16 -0.266086
v -0.173046 -0.259125 0.105398
vn -0.844271 1.58843e-16 -0.266086
v -0.173046 -0.252219 0.105398
vn -0.844271 1.58843e-16 -0.266086
v -0.173046 -0.252219 0.105398
vn 0.844271 -1.58843e-16 0.266086
v -0.173046 -0.259125 0.105398
vn 0.844271 -1.58843e-16 0.266086
v -0.173046 -0.187377 0.105398
vn 0.844271 -1.58843e-16 0.266086
v -0.149095 -0.186189 -0.0188033
vn -0.877211 -0.0653356 -0.172909
v -0.173046 -0.187377 0.105398
vn -0.870854 -0.129965 -0.171656
v -0.173362 -0.186189 0.106674
vn -0.877211 -0.0653356 -0.172909
v -0.173362 -0.186189 0.106674
vn 0.877211 0.0653356 0.172909
v -0.173046 -0.187377 0.105398
vn 0.870854 0.129965 0.171656
v -0.149095 -0.186189 -0.0188033
vn 0.877211 0.0653356 0.172909
v -0.149095 -0.186189 -0.0188033
vn -0.879352 1.65442e-16 -0.173324
v -0.149095 -0.186189 -0.0188033
vn 0.879352 -1.65442e-16 0.173324
v -0.173046 0.177356 0.105398
vn -0.870854 0.129965 -0.171656
v -0.149095 0.176168 -0.0188033
vn -0.877211 0.0653356 -0.172909
v -0.173362 0.176168 0.106674
vn -0.877211 0.0653356 -0.172909
v -0.173362 0.176168 0.106674
vn 0.877211 -0.0653356 0.172909
v -0.149095 0.176168 -0.0188033
vn 0.877211 -0.0653356 0.172909
v -0.173046 0.177356 0.105398
vn 0.870854 -0.129965 0.171656
v -0.205724 -0.260292 0.275484
vn -0.845632 -0.257024 -0.166685
v -0.173046 -0.259125 0.105398
vn -0.870752 -0.130733 -0.171637
v -0.172592 -0.260292 0.104184
vn -0.845632 -0.257024 -0.166685
v -0.172592 -0.260292 0.104184
vn 0.845632 0.257024 0.166685
v -0.173046 -0.259125 0.105398
vn 0.870752 0.130733 0.171637
v -0.205724 -0.260292 0.275484
vn 0.845632 0.257024 0.166685
v -0.205724 -0.260292 0.275484
vn -0.904065 1.70092e-16 0.0182013
v -0.205724 -0.260292 0.275484
vn 0.904065 -1.70092e-16 -0.0182013
v -0.205724 0.25982 0.275484
vn -0.845635 0.257015 -0.166685
v -0.173046 0.258652 0.105398
vn -0.870756 0.130708 -0.171637
v -0.205682 0.258652 0.274148
vn -0.870756 0.130708 -0.171637
v -0.205682 0.258652 0.274148
vn 0.870756 -0.130708 0.171637
v -0.173046 0.258652 0.105398
vn 0.870756 -0.130708 0.171637
v -0.205724 0.25982 0.275484
vn 0.845635 -0.257015 0.166685
v -0.173046 0.177356 0.105398
vn -0.844361 1.58859e-16 -0.265895
v -0.173046 0.177356 0.105398
vn 0.844361 -1.58859e-16 0.265895
v -0.172592 -0.252219 0.104184
vn -0.794845 1.49543e-16 -0.354139
v -0.173046 -0.259125 0.105398
vn -0.844193 1.58828e-16 -0.266255
v -0.173046 -0.187377 0.105398
vn -0.844193 1.58828e-16 -0.266255
v -0.173046 -0.187377 0.105398
vn 0.844193 -1.58828e-16 0.266255
v -0.173046 -0.259125 0.105398
vn 0.844193 -1.58828e-16 0.266255
v -0.172592 -0.252219 0.104184
vn 0.794845 -1.49543e-16 0.354139
v -0.173046 -0.187377 0.105398
vn -0.870851 -0.129988 -0.171656
v -0.149095 -0.186189 -0.0188033
vn -0.877209 -0.0653588 -0.172909
v -0.148773 -0.187377 -0.0200803
vn -0.870851 -0.129988 -0.171656
v -0.148773 -0.187377 -0.0200803
vn 0.870851 0.129988 0.171656
v -0.149095 -0.186189 -0.0188033
vn 0.877209 0.0653588 0.172909
v -0.173046 -0.187377 0.105398
vn 0.870851 0.129988 0.171656
v -0.148773 0.177356 -0.0200803
vn -0.844637 1.58911e-16 -0.265303
v -0.149095 -0.186189 -0.0188033
vn -0.86365 1.62488e-16 -0.220206
v -0.149095 0.176168 -0.0188033
vn -0.86365 1.62488e-16 -0.220206
v -0.149095 0.176168 -0.0188033
vn 0.86365 -1.62488e-16 0.220206
v -0.149095 -0.186189 -0.0188033
vn 0.86365 -1.62488e-16 0.220206
v -0.148773 0.177356 -0.0200803
vn 0.844637 -1.58911e-16 0.265303
v -0.149095 0.176168 -0.0188033
vn -0.877209 0.0653588 -0.172909
v -0.173046 0.177356 0.105398
vn -0.870851 0.129988 -0.171656
v -0.148773 0.177356 -0.0200803
vn -0.870851 0.129988 -0.171656
v -0.148773 0.177356 -0.0200803
vn 0.870851 -0.129988 0.171656
v -0.173046 0.177356 0.105398
vn 0.870851 -0.129988 0.171656
v -0.149095 0.176168 -0.0188033
vn 0.877209 -0.0653588 0.172909
v -0.173046 -0.259125 0.105398
vn -0.844263 1.5884e-16 -0.266105
v -0.172592 -0.252219 0.104184
vn -0.794759 1.49527e-16 -0.354269
v -0.172592 -0.260292 0.104184
vn -0.794759 1.49527e-16 -0.354269
v -0.172592 -0.260292 0.104184
vn 0.794759 -1.49527e-16 0.354269
v -0.172592 -0.252219 0.104184
vn 0.794759 -1.49527e-16 0.354269
v -0.173046 -0.259125 0.105398
vn 0.844263 -1.5884e-16 0.266105
v -0.172592 -0.260292 0.104184
vn -0.845411 -0.25785 -0.166641
v -0.205629 -0.261421 0.276819
vn -0.804573 -0.378178 -0.158591
v -0.205724 -0.260292 0.275484
vn -0.845411 -0.25785 -0.166641
v -0.205724 -0.260292 0.275484
vn 0.845411 0.25785 0.166641
v -0.205629 -0.261421 0.276819
vn 0.804573 0.378178 0.158591
v -0.172592 -0.260292 0.104184
vn 0.845411 0.25785 0.166641
v -0.205724 -0.260292 0.275484
vn -0.903989 1.70078e-16 0.020603
v -0.205629 0.260948 0.276819
vn -0.893451 1.68095e-16 0.114864
v -0.205724 0.25982 0.275484
vn -0.903989 1.70078e-16 0.020603
v -0.205724 0.25982 0.275484
vn 0.903989 -1.70078e-16 -0.020603
v -0.205629 0.260948 0.276819
vn 0.893451 -1.68095e-16 -0.114864
v -0.205724 -0.260292 0.275484
vn 0.903989 -1.70078e-16 -0.020603
v -0.173046 0.258652 0.105398
vn -0.870752 0.130733 -0.171637
v -0.205724 0.25982 0.275484
vn -0.845632 0.257024 -0.166685
v -0.172592 0.25982 0.104184
vn -0.845632 0.257024 -0.166685
v -0.172592 0.25982 0.104184
vn 0.845632 -0.257024 0.166685
v -0.205724 0.25982 0.275484
vn 0.845632 -0.257024 0.166685
v -0.173046 0.258652 0.105398
vn 0.870752 -0.130733 0.171637
v -0.172592 0.25982 0.104184
vn -0.794858 1.49546e-16 -0.35412
v -0.173046 0.177356 0.105398
vn -0.844182 1.58825e-16 -0.266277
v -0.173046 0.258652 0.105398
vn -0.844182 1.58825e-16 -0.266277
v -0.173046 0.258652 0.105398
vn 0.844182 -1.58825e-16 0.266277
v -0.173046 0.177356 0.105398
vn 0.844182 -1.58825e-16 0.266277
v -0.172592 0.25982 0.104184
vn 0.794858 -1.49546e-16 0.35412
v -0.173046 -0.187377 0.105398
vn -0.844202 1.58829e-16 -0.266236
v -0.172592 -0.188545 0.104184
vn -0.794834 1.49541e-16 -0.354156
v -0.172592 -0.252219 0.104184
vn -0.794834 1.49541e-16 -0.354156
v -0.172592 -0.252219 0.104184
vn 0.794834 -1.49541e-16 0.354156
v -0.172592 -0.188545 0.104184
vn 0.794834 -1.49541e-16 0.354156
v -0.173046 -0.187377 0.105398
vn 0.844202 -1.58829e-16 0.266236
v -0.148773 0.168529 -0.0200803
vn -0.84463 1.5891e-16 -0.265317
v -0.148773 -0.187377 -0.0200803
vn -0.84463 1.5891e-16 -0.265317
v -0.148773 -0.187377 -0.0200803
vn 0.84463 -1.5891e-16 0.265317
v -0.148773 0.168529 -0.0200803
vn 0.84463 -1.5891e-16 0.265317
v -0.148773 -0.187377 -0.0200803
vn -0.870765 -0.130641 -0.171639
v -0.172592 -0.188545 0.104184
vn -0.845587 -0.257193 -0.166676
v -0.173046 -0.187377 0.105398
vn -0.870765 -0.130641 -0.171639
v -0.173046 -0.187377 0.105398
vn 0.870765 0.130641 0.171639
v -0.172592 -0.188545 0.104184
vn 0.845587 0.257193 0.166676
v -0.148773 -0.187377 -0.0200803
vn 0.870765 0.130641 0.171639
v -0.148773 0.168529 -0.0200803
vn -0.84428 1.58844e-16 -0.266066
v -0.149095 -0.186189 -0.0188033
vn -0.86366 1.6249e-16 -0.22018
v -0.148773 0.177356 -0.0200803
vn -0.84428 1.58844e-16 -0.266066
v -0.148773 0.177356 -0.0200803
vn 0.84428 -1.58844e-16 0.266066
v -0.149095 -0.186189 -0.0188033
vn 0.86366 -1.6249e-16 0.22018
v -0.148773 0.168529 -0.0200803
vn 0.84428 -1.58844e-16 0.266066
v -0.172592 0.178524 0.104184
vn -0.845587 0.257194 -0.166676
v -0.148773 0.177356 -0.0200803
vn -0.870764 0.130642 -0.171639
v -0.173046 0.177356 0.105398
vn -0.870764 0.130642 -0.171639
v -0.173046 0.177356 0.105398
vn 0.870764 -0.130642 0.171639
v -0.148773 0.177356 -0.0200803
vn 0.870764 -0.130642 0.171639
v -0.172592 0.178524 0.104184
vn 0.845587 -0.257194 0.166676
v -0.172592 -0.188545 0.104184
vn -0.794748 1.49525e-16 -0.354285
v -0.172592 -0.260292 0.104184
vn -0.794748 1.49525e-16 -0.354285
v -0.172592 -0.252219 0.104184
vn -0.794748 1.49525e-16 -0.354285
v -0.172592 -0.252219 0.104184
vn 0.794748 -1.49525e-16 0.354285
v -0.172592 -0.260292 0.104184
vn 0.794748 -1.49525e-16 0.354285
v -0.172592 -0.188545 0.104184
vn 0.794748 -1.49525e-16 0.354285
v -0.172592 -0.260292 0.104184
vn -0.845405 -0.25787 -0.166641
v -0.172017 -0.261421 0.103052
vn -0.804571 -0.378184 -0.158591
v -0.172017 -0.261421 0.103052
vn 0.804571 0.378184 0.158591
v -0.172592 -0.260292 0.104184
vn 0.845405 0.25787 0.166641
v -0.205629 -0.261421 0.276819
vn -0.893452 1.68096e-16 0.114858
v -0.205629 -0.261421 0.276819
vn 0.893452 -1.68096e-16 -0.114858
v -0.205629 0.260948 0.276819
vn -0.804573 0.378178 -0.158591
v -0.172592 0.25982 0.104184
vn -0.845411 0.25785 -0.166641
v -0.205724 0.25982 0.275484
vn -0.845411 0.25785 -0.166641
v -0.205724 0.25982 0.275484
vn 0.845411 -0.25785 0.166641
v -0.172592 0.25982 0.104184
vn 0.845411 -0.25785 0.166641
v -0.205629 0.260948 0.276819
vn 0.804573 -0.378178 0.158591
v -0.172592 0.178524 0.104184
vn -0.794858 1.49546e-16 -0.35412
v -0.172592 0.178524 0.104184
vn 0.794858 -1.49546e-16 0.35412
v -0.148325 0.178524 -0.0212943
vn -0.795255 1.4962e-16 -0.353519
v -0.148773 -0.187377 -0.0200803
vn -0.843912 1.58775e-16 -0.266856
v -0.148773 0.168529 -0.0200803
vn -0.843912 1.58775e-16 -0.266856
v -0.148773 0.168529 -0.0200803
vn 0.843912 -1.58775e-16 0.266856
v -0.148773 -0.187377 -0.0200803
vn 0.843912 -1.58775e-16 0.266856
v -0.148325 0.178524 -0.0212943
vn 0.795255 -1.4962e-16 0.353519
v -0.172592 -0.188545 0.104184
vn -0.845594 -0.257171 -0.166677
v -0.148773 -0.187377 -0.0200803
vn -0.870768 -0.130618 -0.17164
v -0.148325 -0.188545 -0.0212943
vn -0.845594 -0.257171 -0.166677
v -0.148325 -0.188545 -0.0212943
vn 0.845594 0.257171 0.166677
v -0.148773 -0.187377 -0.0200803
vn 0.870768 0.130618 0.17164
v -0.172592 -0.188545 0.104184
vn 0.845594 0.257171 0.166677
v -0.148325 0.178524 -0.0212943
vn -0.794761 1.49527e-16 -0.354266
v -0.148773 0.168529 -0.0200803
vn -0.844262 1.5884e-16 -0.266105
v -0.148773 0.177356 -0.0200803
vn -0.844262 1.5884e-16 -0.266105
v -0.148773 0.177356 -0.0200803
vn 0.844262 -1.5884e-16 0.266105
v -0.148773 0.168529 -0.0200803
vn 0.844262 -1.5884e-16 0.266105
v -0.148325 0.178524 -0.0212943
vn 0.794761 -1.49527e-16 0.354266
v -0.148773 0.177356 -0.0200803
vn -0.870768 0.130618 -0.17164
v -0.172592 0.178524 0.104184
vn -0.845593 0.257172 -0.166677
v -0.148325 0.178524 -0.0212943
vn -0.845593 0.257172 -0.166677
v -0.148325 0.178524 -0.0212943
vn 0.845593 -0.257172 0.166677
v -0.172592 0.178524 0.104184
vn 0.845593 -0.257172 0.166677
v -0.148773 0.177356 -0.0200803
vn 0.870768 -0.130618 0.17164
v -0.172017 -0.252219 0.103052
vn -0.731749 1.37672e-16 -0.436285
v -0.172592 -0.260292 0.104184
vn -0.794647 1.49505e-16 -0.354438
v -0.172592 -0.188545 0.104184
vn -0.794647 1.49505e-16 -0.354438
v -0.172592 -0.188545 0.104184
vn 0.794647 -1.49505e-16 0.354438
v -0.172592 -0.260292 0.104184
vn 0.794647 -1.49505e-16 0.354438
v -0.172017 -0.252219 0.103052
vn 0.731749 -1.37672e-16 0.436285
v -0.172592 -0.260292 0.104184
vn -0.794735 1.49522e-16 -0.354306
v -0.172017 -0.252219 0.103052
vn -0.731641 1.37652e-16 -0.436407
v -0.172017 -0.261421 0.103052
vn -0.731641 1.37652e-16 -0.436407
v -0.172017 -0.261421 0.103052
vn 0.731641 -1.37652e-16 0.436407
v -0.172017 -0.252219 0.103052
vn 0.731641 -1.37652e-16 0.436407
v -0.172592 -0.260292 0.104184
vn 0.794735 -1.49522e-16 0.354306
v -0.172017 -0.261421 0.103052
vn -0.804227 -0.379014 -0.158524
v -0.205391 -0.262489 0.278122
vn -0.749069 -0.490879 -0.147651
v -0.205629 -0.261421 0.276819
vn -0.804227 -0.379014 -0.158524
v -0.205629 -0.261421 0.276819
vn 0.804227 0.379014 0.158524
v -0.205391 -0.262489 0.278122
vn 0.749069 0.490879 0.147651
v -0.172017 -0.261421 0.103052
vn 0.804227 0.379014 0.158524
v -0.205391 -0.262489 0.278122
vn -0.867521 1.63217e-16 0.209698
v -0.205629 0.260948 0.276819
vn -0.892966 1.68004e-16 0.117377
v -0.205629 -0.261421 0.276819
vn -0.892966 1.68004e-16 0.117377
v -0.205629 -0.261421 0.276819
vn 0.892966 -1.68004e-16 -0.117377
v -0.205629 0.260948 0.276819
vn 0.892966 -1.68004e-16 -0.117377
v -0.205391 -0.262489 0.278122
vn 0.867521 -1.63217e-16 -0.209698
v -0.172592 0.25982 0.104184
vn -0.845405 0.25787 -0.166641
v -0.172017 0.260948 0.103052
vn -0.804571 0.378184 -0.158591
v -0.172017 0.260948 0.103052
vn 0.804571 -0.378184 0.158591
v -0.172592 0.25982 0.104184
vn 0.845405 -0.25787 0.166641
v -0.172017 0.260948 0.103052
vn -0.731766 1.37675e-16 -0.436266
v -0.172592 0.178524 0.104184
vn -0.794633 1.49504e-16 -0.354458
v -0.172592 0.25982 0.104184
vn -0.794633 1.49504e-16 -0.354458
v -0.172592 0.25982 0.104184
vn 0.794633 -1.49504e-16 0.354458
v -0.172592 0.178524 0.104184
vn 0.794633 -1.49504e-16 0.354458
v -0.172017 0.260948 0.103052
vn 0.731766 -1.37675e-16 0.436266
v -0.148325 0.168529 -0.0212943
vn -0.794763 1.49528e-16 -0.354264
v -0.148773 -0.187377 -0.0200803
vn -0.844261 1.5884e-16 -0.266108
v -0.148773 -0.187377 -0.0200803
vn 0.844261 -1.5884e-16 0.266108
v -0.148325 0.168529 -0.0212943
vn 0.794763 -1.49528e-16 0.354264
v -0.148325 0.168529 -0.0212943
vn -0.795255 1.4962e-16 -0.353517
v -0.148325 -0.188545 -0.0212943
vn -0.795255 1.4962e-16 -0.353517
v -0.148325 -0.188545 -0.0212943
vn 0.795255 -1.4962e-16 0.353517
v -0.148325 0.168529 -0.0212943
vn 0.795255 -1.4962e-16 0.353517
v -0.148325 -0.188545 -0.0212943
vn -0.845421 -0.257814 -0.166644
v -0.172017 -0.189673 0.103052
vn -0.804488 -0.378384 -0.158575
v -0.172592 -0.188545 0.104184
vn -0.845421 -0.257814 -0.166644
v -0.172592 -0.188545 0.104184
vn 0.845421 0.257814 0.166644
v -0.172017 -0.189673 0.103052
vn 0.804488 0.378384 0.158575
v -0.148325 -0.188545 -0.0212943
vn 0.845421 0.257814 0.166644
v -0.172017 0.179652 0.103052
vn -0.804489 0.378382 -0.158575
v -0.148325 0.178524 -0.0212943
vn -0.845421 0.257813 -0.166644
v -0.172592 0.178524 0.104184
vn -0.845421 0.257813 -0.166644
v -0.172592 0.178524 0.104184
vn 0.845421 -0.257813 0.166644
v -0.148325 0.178524 -0.0212943
vn 0.845421 -0.257813 0.166644
v -0.172017 0.179652 0.103052
vn 0.804489 -0.378382 0.158575
v -0.172592 -0.188545 0.104184
vn -0.79466 1.49508e-16 -0.354418
v -0.172017 -0.189673 0.103052
vn -0.731733 1.37669e-16 -0.436303
v -0.172017 -0.252219 0.103052
vn -0.731733 1.37669e-16 -0.436303
v -0.172017 -0.252219 0.103052
vn 0.731733 -1.37669e-16 0.436303
v -0.172017 -0.189673 0.103052
vn 0.731733 -1.37669e-16 0.436303
v -0.172592 -0.188545 0.104184
vn 0.79466 -1.49508e-16 0.354418
v -0.172017 -0.189673 0.103052
vn -0.731624 1.37649e-16 -0.436426
v -0.172017 -0.261421 0.103052
vn -0.731624 1.37649e-16 -0.436426
v -0.172017 -0.252219 0.103052
vn -0.731624 1.37649e-16 -0.436426
v -0.172017 -0.252219 0.103052
vn 0.731624 -1.37649e-16 0.436426
v -0.172017 -0.261421 0.103052
vn 0.731624 -1.37649e-16 0.436426
v -0.172017 -0.189673 0.103052
vn 0.731624 -1.37649e-16 0.436426
v -0.205391 -0.262489 0.278122
vn -0.749083 -0.490856 -0.147654
v -0.172017 -0.261421 0.103052
vn -0.804233 -0.378999 -0.158524
v -0.171331 -0.262489 0.102026
vn -0.749083 -0.490856 -0.147654
v -0.171331 -0.262489 0.102026
vn 0.749083 0.490856 0.147654
v -0.172017 -0.261421 0.103052
vn 0.804233 0.378999 0.158524
v -0.205391 -0.262489 0.278122
vn 0.749083 0.490856 0.147654
v -0.205391 0.262017 0.278122
vn -0.867523 1.63217e-16 0.209694
v -0.205391 0.262017 0.278122
vn 0.867523 -1.63217e-16 -0.209694
v -0.205391 0.262017 0.278122
vn -0.749069 0.490879 -0.147651
v -0.172017 0.260948 0.103052
vn -0.804227 0.379014 -0.158524
v -0.205629 0.260948 0.276819
vn -0.804227 0.379014 -0.158524
v -0.205629 0.260948 0.276819
vn 0.804227 -0.379014 0.158524
v -0.172017 0.260948 0.103052
vn 0.804227 -0.379014 0.158524
v -0.205391 0.262017 0.278122
vn 0.749069 -0.490879 0.147651
v -0.172017 0.179652 0.103052
vn -0.731766 1.37675e-16 -0.436266
v -0.172017 0.179652 0.103052
vn 0.731766 -1.37675e-16 0.436266
v -0.148325 0.178524 -0.0212943
vn -0.794734 1.49522e-16 -0.354307
v -0.14775 0.168529 -0.0224244
vn -0.731642 1.37652e-16 -0.436406
v -0.148325 0.168529 -0.0212943
vn -0.794734 1.49522e-16 -0.354307
v -0.148325 0.168529 -0.0212943
vn 0.794734 -1.49522e-16 0.354307
v -0.14775 0.168529 -0.0224244
vn 0.731642 -1.37652e-16 0.436406
v -0.148325 0.178524 -0.0212943
vn 0.794734 -1.49522e-16 0.354307
v -0.148325 0.168529 -0.0212943
vn -0.794249 1.49431e-16 -0.35504
v -0.14775 0.168529 -0.0224244
vn -0.73223 1.37763e-16 -0.435741
v -0.148325 -0.188545 -0.0212943
vn -0.794249 1.49431e-16 -0.35504
v -0.148325 -0.188545 -0.0212943
vn 0.794249 -1.49431e-16 0.35504
v -0.14775 0.168529 -0.0224244
vn 0.73223 -1.37763e-16 0.435741
v -0.148325 0.168529 -0.0212943
vn 0.794249 -1.49431e-16 0.35504
v -0.14775 -0.189673 -0.0224244
vn -0.804488 -0.378385 -0.158574
v -0.14775 -0.189673 -0.0224244
vn 0.804488 0.378385 0.158574
v -0.14775 0.179652 -0.0224244
vn -0.804488 0.378383 -0.158575
v -0.14775 0.179652 -0.0224244
vn 0.804488 -0.378383 0.158575
v -0.171331 -0.252219 0.102026
vn -0.656133 1.23446e-16 -0.510968
v -0.172017 -0.261421 0.103052
vn -0.731504 1.37626e-16 -0.436562
v -0.172017 -0.189673 0.103052
vn -0.731504 1.37626e-16 -0.436562
v -0.172017 -0.189673 0.103052
vn 0.731504 -1.37626e-16 0.436562
v -0.172017 -0.261421 0.103052
vn 0.731504 -1.37626e-16 0.436562
v -0.171331 -0.252219 0.102026
vn 0.656133 -1.23446e-16 0.510968
v -0.172017 -0.261421 0.103052
vn -0.731607 1.37646e-16 -0.436445
v -0.171331 -0.252219 0.102026
vn -0.656005 1.23422e-16 -0.51108
v -0.171331 -0.262489 0.102026
vn -0.656005 1.23422e-16 -0.51108
v -0.171331 -0.262489 0.102026
vn 0.656005 -1.23422e-16 0.51108
v -0.171331 -0.252219 0.102026
vn 0.656005 -1.23422e-16 0.51108
v -0.172017 -0.261421 0.103052
vn 0.731607 -1.37646e-16 0.436445
v -0.171331 -0.262489 0.102026
vn -0.748618 -0.49166 -0.147562
v -0.205017 -0.263479 0.279374
vn -0.680873 -0.59306 -0.134208
v -0.205391 -0.262489 0.278122
vn -0.748618 -0.49166 -0.147562
v -0.205391 -0.262489 0.278122
vn 0.748618 0.49166 0.147562
v -0.205017 -0.263479 0.279374
vn 0.680873 0.59306 0.134208
v -0.171331 -0.262489 0.102026
vn 0.748618 0.49166 0.147562
v -0.205391 -0.262489 0.278122
vn -0.866653 1.63053e-16 0.212106
v -0.205017 0.263006 0.279374
vn -0.826747 1.55545e-16 0.300902
v -0.205391 0.262017 0.278122
vn -0.866653 1.63053e-16 0.212106
v -0.205391 0.262017 0.278122
vn 0.866653 -1.63053e-16 -0.212106
v -0.205017 0.263006 0.279374
vn 0.826747 -1.55545e-16 -0.300902
v -0.205391 -0.262489 0.278122
vn 0.866653 -1.63053e-16 -0.212106
v -0.172017 0.260948 0.103052
vn -0.804233 0.378999 -0.158524
v -0.205391 0.262017 0.278122
vn -0.749083 0.490856 -0.147654
v -0.171331 0.262017 0.102026
vn -0.749083 0.490856 -0.147654
v -0.171331 0.262017 0.102026
vn 0.749083 -0.490856 0.147654
v -0.205391 0.262017 0.278122
vn 0.749083 -0.490856 0.147654
v -0.172017 0.260948 0.103052
vn 0.804233 -0.378999 0.158524
v -0.171331 0.262017 0.102026
vn -0.656153 1.23449e-16 -0.510951
v -0.172017 0.179652 0.103052
vn -0.731489 1.37623e-16 -0.43658
v -0.172017 0.260948 0.103052
vn -0.731489 1.37623e-16 -0.43658
v -0.172017 0.260948 0.103052
vn 0.731489 -1.37623e-16 0.43658
v -0.172017 0.179652 0.103052
vn 0.731489 -1.37623e-16 0.43658
v -0.171331 0.262017 0.102026
vn 0.656153 -1.23449e-16 0.510951
v -0.14775 0.179652 -0.0224244
vn -0.731644 1.37652e-16 -0.436404
v -0.14775 0.179652 -0.0224244
vn 0.731644 -1.37652e-16 0.436404
v -0.14775 -0.189673 -0.0224244
vn -0.732232 1.37763e-16 -0.435738
v -0.14775 -0.189673 -0.0224244
vn 0.732232 -1.37763e-16 0.435738
v -0.14775 -0.189673 -0.0224244
vn -0.804245 -0.378972 -0.158527
v -0.171331 -0.190741 0.102026
vn -0.748958 -0.491072 -0.147629
v -0.172017 -0.189673 0.103052
vn -0.804245 -0.378972 -0.158527
v -0.172017 -0.189673 0.103052
vn 0.804245 0.378972 0.158527
v -0.171331 -0.190741 0.102026
vn 0.748958 0.491072 0.147629
v -0.14775 -0.189673 -0.0224244
vn 0.804245 0.378972 0.158527
v -0.171331 0.18072 0.102026
vn -0.748958 0.491072 -0.147629
v -0.14775 0.179652 -0.0224244
vn -0.804245 0.378972 -0.158527
v -0.172017 0.179652 0.103052
vn -0.804245 0.378972 -0.158527
v -0.172017 0.179652 0.103052
vn 0.804245 -0.378972 0.158527
v -0.14775 0.179652 -0.0224244
vn 0.804245 -0.378972 0.158527
v -0.171331 0.18072 0.102026
vn 0.748958 -0.491072 0.147629
v -0.172017 -0.189673 0.103052
vn -0.731521 1.37629e-16 -0.436543
v -0.171331 -0.190741 0.102026
vn -0.656111 1.23442e-16 -0.510987
v -0.171331 -0.252219 0.102026
vn -0.656111 1.23442e-16 -0.510987
v -0.171331 -0.252219 0.102026
vn 0.656111 -1.23442e-16 0.510987
v -0.171331 -0.190741 0.102026
vn 0.656111 -1.23442e-16 0.510987
v -0.172017 -0.189673 0.103052
vn 0.731521 -1.37629e-16 0.436543
v -0.171331 -0.190741 0.102026
vn -0.655983 1.23417e-16 -0.511098
v -0.171331 -0.262489 0.102026
vn -0.655983 1.23417e-16 -0.511098
v -0.171331 -0.252219 0.102026
vn -0.655983 1.23417e-16 -0.511098
v -0.171331 -0.252219 0.102026
vn 0.655983 -1.23417e-16 0.511098
v -0.171331 -0.262489 0.102026
vn 0.655983 -1.23417e-16 0.511098
v -0.171331 -0.190741 0.102026
vn 0.655983 -1.23417e-16 0.511098
v -0.205017 -0.263479 0.279374
vn -0.680882 -0.593049 -0.134211
v -0.17054 -0.263479 0.101118
vn -0.680882 -0.593049 -0.134211
v -0.17054 -0.263479 0.101118
vn 0.680882 0.593049 0.134211
v -0.205017 -0.263479 0.279374
vn 0.680882 0.593049 0.134211
v -0.205017 -0.263479 0.279374
vn -0.826749 1.55546e-16 0.300898
v -0.205017 -0.263479 0.279374
vn 0.826749 -1.55546e-16 -0.300898
v -0.205017 0.263006 0.279374
vn -0.680873 0.59306 -0.134208
v -0.171331 0.262017 0.102026
vn -0.748618 0.49166 -0.147562
v -0.205391 0.262017 0.278122
vn -0.748618 0.49166 -0.147562
v -0.205391 0.262017 0.278122
vn 0.748618 -0.49166 0.147562
v -0.171331 0.262017 0.102026
vn 0.748618 -0.49166 0.147562
v -0.205017 0.263006 0.279374
vn 0.680873 -0.59306 0.134208
v -0.171331 0.18072 0.102026
vn -0.656153 1.23449e-16 -0.510951
v -0.171331 0.18072 0.102026
vn 0.656153 -1.23449e-16 0.510951
v -0.14775 0.179652 -0.0224244
vn -0.731624 1.37649e-16 -0.436426
v -0.14775 -0.189673 -0.0224244
vn -0.731624 1.37649e-16 -0.436426
v -0.14775 0.168529 -0.0224244
vn -0.731624 1.37649e-16 -0.436426
v -0.14775 0.168529 -0.0224244
vn 0.731624 -1.37649e-16 0.436426
v -0.14775 -0.189673 -0.0224244
vn 0.731624 -1.37649e-16 0.436426
v -0.14775 0.179652 -0.0224244
vn 0.731624 -1.37649e-16 0.436426
v -0.147064 -0.190741 -0.0234527
vn -0.748959 -0.491071 -0.147629
v -0.147064 -0.190741 -0.0234527
vn 0.748959 0.491071 0.147629
v -0.147064 0.18072 -0.0234527
vn -0.748959 0.491071 -0.147629
v -0.147064 0.18072 -0.0234527
vn 0.748959 -0.491071 0.147629
v -0.17054 -0.252219 0.101118
vn -0.56928 1.07105e-16 -0.576917
v -0.171331 -0.262489 0.102026
vn -0.655836 1.2339e-16 -0.511225
v -0.171331 -0.190741 0.102026
vn -0.655836 1.2339e-16 -0.511225
v -0.171331 -0.190741 0.102026
vn 0.655836 -1.2339e-16 0.511225
v -0.171331 -0.262489 0.102026
vn 0.655836 -1.2339e-16 0.511225
v -0.17054 -0.252219 0.101118
vn 0.56928 -1.07105e-16 0.576917
v -0.171331 -0.262489 0.102026
vn -0.65596 1.23413e-16 -0.511118
v -0.17054 -0.252219 0.101118
vn -0.569143 1.07079e-16 -0.577009
v -0.17054 -0.263479 0.101118
vn -0.569143 1.07079e-16 -0.577009
v -0.17054 -0.263479 0.101118
vn 0.569143 -1.07079e-16 0.577009
v -0.17054 -0.252219 0.101118
vn 0.569143 -1.07079e-16 0.577009
v -0.171331 -0.262489 0.102026
vn 0.65596 -1.23413e-16 0.511118
v -0.17054 -0.263479 0.101118
vn -0.680329 -0.593768 -0.134102
v -0.204515 -0.264375 0.28056
vn -0.601893 -0.683222 -0.118641
v -0.205017 -0.263479 0.279374
vn -0.680329 -0.593768 -0.134102
v -0.205017 -0.263479 0.279374
vn 0.680329 0.593768 0.134102
v -0.204515 -0.264375 0.28056
vn 0.601893 0.683222 0.118641
v -0.17054 -0.263479 0.101118
vn 0.680329 0.593768 0.134102
v -0.204515 -0.264375 0.28056
vn -0.771873 1.45221e-16 0.386879
v -0.205017 0.263006 0.279374
vn -0.825538 1.55318e-16 0.303131
v -0.205017 -0.263479 0.279374
vn -0.825538 1.55318e-16 0.303131
v -0.205017 -0.263479 0.279374
vn 0.825538 -1.55318e-16 -0.303131
v -0.205017 0.263006 0.279374
vn 0.825538 -1.55318e-16 -0.303131
v -0.204515 -0.264375 0.28056
vn 0.771873 -1.45221e-16 -0.386879
v -0.205017 0.263006 0.279374
vn -0.680882 0.593049 -0.134211
v -0.17054 0.263006 0.101118
vn -0.680882 0.593049 -0.134211
v -0.17054 0.263006 0.101118
vn 0.680882 -0.593049 0.134211
v -0.205017 0.263006 0.279374
vn 0.680882 -0.593049 0.134211
v -0.17054 0.263006 0.101118
vn -0.569302 1.07109e-16 -0.576903
v -0.171331 0.18072 0.102026
vn -0.655817 1.23386e-16 -0.511242
v -0.171331 0.262017 0.102026
vn -0.655817 1.23386e-16 -0.511242
v -0.171331 0.262017 0.102026
vn 0.655817 -1.23386e-16 0.511242
v -0.171331 0.18072 0.102026
vn 0.655817 -1.23386e-16 0.511242
v -0.17054 0.263006 0.101118
vn 0.569302 -1.07109e-16 0.576903
v -0.14775 0.179652 -0.0224244
vn -0.731019 1.37535e-16 -0.43711
v -0.147064 0.168529 -0.0234527
vn -0.656748 1.23561e-16 -0.510435
v -0.14775 -0.189673 -0.0224244
vn -0.731019 1.37535e-16 -0.43711
v -0.14775 -0.189673 -0.0224244
vn 0.731019 -1.37535e-16 0.43711
v -0.147064 0.168529 -0.0234527
vn 0.656748 -1.23561e-16 0.510435
v -0.14775 0.179652 -0.0224244
vn 0.731019 -1.37535e-16 0.43711
v -0.14775 -0.189673 -0.0224244
vn -0.731035 1.37538e-16 -0.437092
v -0.147064 0.168529 -0.0234527
vn -0.656728 1.23558e-16 -0.510453
v -0.147064 -0.190741 -0.0234527
vn -0.656728 1.23558e-16 -0.510453
v -0.147064 -0.190741 -0.0234527
vn 0.656728 -1.23558e-16 0.510453
v -0.147064 0.168529 -0.0234527
vn 0.656728 -1.23558e-16 0.510453
v -0.14775 -0.189673 -0.0224244
vn 0.731035 -1.37538e-16 0.437092
v -0.147064 -0.190741 -0.0234527
vn -0.748629 -0.491642 -0.147564
v -0.17054 -0.191732 0.101118
vn -0.680723 -0.593255 -0.134179
v -0.171331 -0.190741 0.102026
vn -0.748629 -0.491642 -0.147564
v -0.171331 -0.190741 0.102026
vn 0.748629 0.491642 0.147564
v -0.17054 -0.191732 0.101118
vn 0.680723 0.593255 0.134179
v -0.147064 -0.190741 -0.0234527
vn 0.748629 0.491642 0.147564
v -0.17054 0.18171 0.101118
vn -0.680722 0.593258 -0.134179
v -0.147064 0.18072 -0.0234527
vn -0.748628 0.491644 -0.147564
v -0.171331 0.18072 0.102026
vn -0.748628 0.491644 -0.147564
v -0.171331 0.18072 0.102026
vn 0.748628 -0.491644 0.147564
v -0.147064 0.18072 -0.0234527
vn 0.748628 -0.491644 0.147564
v -0.17054 0.18171 0.101118
vn 0.680722 -0.593258 0.134179
v -0.147064 0.168529 -0.0234527
vn -0.656009 1.23422e-16 -0.511076
v -0.14775 0.179652 -0.0224244
vn -0.731605 1.37645e-16 -0.436449
v -0.147064 0.18072 -0.0234527
vn -0.656009 1.23422e-16 -0.511076
v -0.147064 0.18072 -0.0234527
vn 0.656009 -1.23422e-16 0.511076
v -0.14775 0.179652 -0.0224244
vn 0.731605 -1.37645e-16 0.436449
v -0.147064 0.168529 -0.0234527
vn 0.656009 -1.23422e-16 0.511076
v -0.171331 -0.190741 0.102026
vn -0.655859 1.23394e-16 -0.511205
v -0.17054 -0.191732 0.101118
vn -0.569255 1.071e-16 -0.576934
v -0.17054 -0.252219 0.101118
vn -0.569255 1.071e-16 -0.576934
v -0.17054 -0.252219 0.101118
vn 0.569255 -1.071e-16 0.576934
v -0.17054 -0.191732 0.101118
vn 0.569255 -1.071e-16 0.576934
v -0.171331 -0.190741 0.102026
vn 0.655859 -1.23394e-16 0.511205
v -0.17054 -0.191732 0.101118
vn -0.569118 1.07074e-16 -0.577026
v -0.17054 -0.263479 0.101118
vn -0.569118 1.07074e-16 -0.577026
v -0.17054 -0.252219 0.101118
vn -0.569118 1.07074e-16 -0.577026
v -0.17054 -0.252219 0.101118
vn 0.569118 -1.07074e-16 0.577026
v -0.17054 -0.263479 0.101118
vn 0.569118 -1.07074e-16 0.577026
v -0.17054 -0.191732 0.101118
vn 0.569118 -1.07074e-16 0.577026
v -0.169658 -0.264375 0.100347
vn -0.601895 -0.68322 -0.118641
v -0.169658 -0.264375 0.100347
vn 0.601895 0.68322 0.118641
v -0.204515 0.263902 0.28056
vn -0.771876 1.45222e-16 0.386876
v -0.204515 0.263902 0.28056
vn 0.771876 -1.45222e-16 -0.386876
v -0.204515 0.263902 0.28056
vn -0.601893 0.683222 -0.118641
v -0.17054 0.263006 0.101118
vn -0.680329 0.593768 -0.134102
v -0.205017 0.263006 0.279374
vn -0.680329 0.593768 -0.134102
v -0.205017 0.263006 0.279374
vn 0.680329 -0.593768 0.134102
v -0.17054 0.263006 0.101118
vn 0.680329 -0.593768 0.134102
v -0.204515 0.263902 0.28056
vn 0.601893 -0.683222 0.118641
v -0.17054 0.18171 0.101118
vn -0.569302 1.07109e-16 -0.576903
v -0.17054 0.18171 0.101118
vn 0.569302 -1.07109e-16 0.576903
v -0.147064 0.18072 -0.0234527
vn -0.655983 1.23417e-16 -0.511098
v -0.147064 -0.190741 -0.0234527
vn -0.655983 1.23417e-16 -0.511098
v -0.147064 0.168529 -0.0234527
vn -0.655983 1.23417e-16 -0.511098
v -0.147064 0.168529 -0.0234527
vn 0.655983 -1.23417e-16 0.511098
v -0.147064 -0.190741 -0.0234527
vn 0.655983 -1.23417e-16 0.511098
v -0.147064 0.18072 -0.0234527
vn 0.655983 -1.23417e-16 0.511098
v -0.146273 -0.191732 -0.0243601
vn -0.680723 -0.593255 -0.134179
v -0.146273 -0.191732 -0.0243601
vn 0.680723 0.593255 0.134179
v -0.146273 0.18171 -0.0243601
vn -0.680722 0.593258 -0.134179
v -0.146273 0.18171 -0.0243601
vn 0.680722 -0.593258 0.134179
v -0.17054 -0.191732 0.101118
vn -0.568949 1.07043e-16 -0.577137
v -0.169658 -0.252219 0.100347
vn -0.472692 8.89329e-17 -0.63299
v -0.17054 -0.263479 0.101118
vn -0.568949 1.07043e-16 -0.577137
v -0.17054 -0.263479 0.101118
vn 0.568949 -1.07043e-16 0.577137
v -0.169658 -0.252219 0.100347
vn 0.472692 -8.89329e-17 0.63299
v -0.17054 -0.191732 0.101118
vn 0.568949 -1.07043e-16 0.577137
v -0.17054 -0.263479 0.101118
vn -0.569089 1.07069e-16 -0.577044
v -0.169658 -0.252219 0.100347
vn -0.472545 8.89053e-17 -0.633064
v -0.169658 -0.264375 0.100347
vn -0.472545 8.89053e-17 -0.633064
v -0.169658 -0.264375 0.100347
vn 0.472545 -8.89053e-17 0.633064
v -0.169658 -0.252219 0.100347
vn 0.472545 -8.89053e-17 0.633064
v -0.17054 -0.263479 0.101118
vn 0.569089 -1.07069e-16 0.577044
v -0.169658 -0.264375 0.100347
vn -0.601253 -0.683861 -0.118514
v -0.203893 -0.265159 0.281648
vn -0.51403 -0.760364 -0.101322
v -0.204515 -0.264375 0.28056
vn -0.601253 -0.683861 -0.118514
v -0.204515 -0.264375 0.28056
vn 0.601253 0.683861 0.118514
v -0.203893 -0.265159 0.281648
vn 0.51403 0.760364 0.101322
v -0.169658 -0.264375 0.100347
vn 0.601253 0.683861 0.118514
v -0.203893 -0.265159 0.281648
vn -0.703727 1.324e-16 0.466327
v -0.204515 0.263902 0.28056
vn -0.770252 1.44916e-16 0.38905
v -0.204515 -0.264375 0.28056
vn -0.770252 1.44916e-16 0.38905
v -0.204515 -0.264375 0.28056
vn 0.770252 -1.44916e-16 -0.38905
v -0.204515 0.263902 0.28056
vn 0.770252 -1.44916e-16 -0.38905
v -0.203893 -0.265159 0.281648
vn 0.703727 -1.324e-16 -0.466327
v -0.169658 0.263902 0.100347
vn -0.601895 0.68322 -0.118641
v -0.169658 0.263902 0.100347
vn 0.601895 -0.68322 0.118641
v -0.169658 0.263902 0.100347
vn -0.472715 8.89373e-17 -0.632978
v -0.17054 0.18171 0.101118
vn -0.568927 1.07039e-16 -0.577152
v -0.17054 0.263006 0.101118
vn -0.568927 1.07039e-16 -0.577152
v -0.17054 0.263006 0.101118
vn 0.568927 -1.07039e-16 0.577152
v -0.17054 0.18171 0.101118
vn 0.568927 -1.07039e-16 0.577152
v -0.169658 0.263902 0.100347
vn 0.472715 -8.89373e-17 0.632978
v -0.147064 0.18072 -0.0234527
vn -0.655234 1.23277e-16 -0.511746
v -0.146273 0.168529 -0.0243601
vn -0.569949 1.07231e-16 -0.576472
v -0.147064 -0.190741 -0.0234527
vn -0.655234 1.23277e-16 -0.511746
v -0.147064 -0.190741 -0.0234527
vn 0.655234 -1.23277e-16 0.511746
v -0.146273 0.168529 -0.0243601
vn 0.569949 -1.07231e-16 0.576472
v -0.147064 0.18072 -0.0234527
vn 0.655234 -1.23277e-16 0.511746
v -0.147064 -0.190741 -0.0234527
vn -0.655256 1.23281e-16 -0.511727
v -0.146273 0.168529 -0.0243601
vn -0.569924 1.07226e-16 -0.576488
v -0.146273 -0.191732 -0.0243601
vn -0.569924 1.07226e-16 -0.576488
v -0.146273 -0.191732 -0.0243601
vn 0.569924 -1.07226e-16 0.576488
v -0.146273 0.168529 -0.0243601
vn 0.569924 -1.07226e-16 0.576488
v -0.147064 -0.190741 -0.0234527
vn 0.655256 -1.23281e-16 0.511727
v -0.146273 -0.191732 -0.0243601
vn -0.680328 -0.593771 -0.134101
v -0.169658 -0.192627 0.100347
vn -0.601701 -0.683414 -0.118603
v -0.17054 -0.191732 0.101118
vn -0.680328 -0.593771 -0.134101
v -0.17054 -0.191732 0.101118
vn 0.680328 0.593771 0.134101
v -0.169658 -0.192627 0.100347
vn 0.601701 0.683414 0.118603
v -0.146273 -0.191732 -0.0243601
vn 0.680328 0.593771 0.134101
v -0.169658 0.182606 0.100347
vn -0.601703 0.683412 -0.118603
v -0.146273 0.18171 -0.0243601
vn -0.680329 0.593769 -0.134102
v -0.17054 0.18171 0.101118
vn -0.680329 0.593769 -0.134102
v -0.17054 0.18171 0.101118
vn 0.680329 -0.593769 0.134102
v -0.146273 0.18171 -0.0243601
vn 0.680329 -0.593769 0.134102
v -0.169658 0.182606 0.100347
vn 0.601703 -0.683412 0.118603
v -0.146273 0.168529 -0.0243601
vn -0.569148 1.0708e-16 -0.577006
v -0.147064 0.18072 -0.0234527
vn -0.655956 1.23412e-16 -0.511121
v -0.146273 0.18171 -0.0243601
vn -0.569148 1.0708e-16 -0.577006
v -0.146273 0.18171 -0.0243601
vn 0.569148 -1.0708e-16 0.577006
v -0.147064 0.18072 -0.0234527
vn 0.655956 -1.23412e-16 0.511121
v -0.146273 0.168529 -0.0243601
vn 0.569148 -1.0708e-16 0.577006
v -0.169658 -0.252219 0.100347
vn -0.472662 8.89273e-17 -0.633005
v -0.17054 -0.191732 0.101118
vn -0.568978 1.07048e-16 -0.577119
v -0.169658 -0.192627 0.100347
vn -0.472662 8.89273e-17 -0.633005
v -0.169658 -0.192627 0.100347
vn 0.472662 -8.89273e-17 0.633005
v -0.17054 -0.191732 0.101118
vn 0.568978 -1.07048e-16 0.577119
v -0.169658 -0.252219 0.100347
vn 0.472662 -8.89273e-17 0.633005
v -0.169658 -0.252219 0.100347
vn -0.472486 8.8894e-17 -0.633094
v -0.168709 -0.265159 0.0997245
vn -0.367861 6.92099e-17 -0.678288
v -0.169658 -0.264375 0.100347
vn -0.472486 8.8894e-17 -0.633094
v -0.169658 -0.264375 0.100347
vn 0.472486 -8.8894e-17 0.633094
v -0.168709 -0.265159 0.0997245
vn 0.367861 -6.92099e-17 0.678288
v -0.169658 -0.252219 0.100347
vn 0.472486 -8.8894e-17 0.633094
v -0.203893 -0.265159 0.281648
vn -0.514046 -0.760352 -0.101325
v -0.169658 -0.264375 0.100347
vn -0.601264 -0.68385 -0.118517
v -0.168709 -0.265159 0.0997245
vn -0.514046 -0.760352 -0.101325
v -0.168709 -0.265159 0.0997245
vn 0.514046 0.760352 0.101325
v -0.169658 -0.264375 0.100347
vn 0.601264 0.68385 0.118517
v -0.203893 -0.265159 0.281648
vn 0.514046 0.760352 0.101325
v -0.203893 0.264688 0.281648
vn -0.703729 1.32401e-16 0.466324
v -0.203893 0.264688 0.281648
vn 0.703729 -1.32401e-16 -0.466324
v -0.203893 0.264688 0.281648
vn -0.514034 0.760362 -0.101323
v -0.169658 0.263902 0.100347
vn -0.601257 0.683858 -0.118515
v -0.204515 0.263902 0.28056
vn -0.601257 0.683858 -0.118515
v -0.204515 0.263902 0.28056
vn 0.601257 -0.683858 0.118515
v -0.169658 0.263902 0.100347
vn 0.601257 -0.683858 0.118515
v -0.203893 0.264688 0.281648
vn 0.514034 -0.760362 0.101323
v -0.169658 0.182606 0.100347
vn -0.472715 8.89373e-17 -0.632978
v -0.169658 0.182606 0.100347
vn 0.472715 -8.89373e-17 0.632978
v -0.146273 0.18171 -0.0243601
vn -0.569118 1.07074e-16 -0.577026
v -0.146273 -0.191732 -0.0243601
vn -0.569118 1.07074e-16 -0.577026
v -0.146273 0.168529 -0.0243601
vn -0.569118 1.07074e-16 -0.577026
v -0.146273 0.168529 -0.0243601
vn 0.569118 -1.07074e-16 0.577026
v -0.146273 -0.191732 -0.0243601
vn 0.569118 -1.07074e-16 0.577026
v -0.146273 0.18171 -0.0243601
vn 0.569118 -1.07074e-16 0.577026
v -0.145391 -0.192627 -0.0251322
vn -0.601702 -0.683413 -0.118603
v -0.145391 -0.192627 -0.0251322
vn 0.601702 0.683413 0.118603
v -0.145391 0.182606 -0.0251322
vn -0.601704 0.683411 -0.118603
v -0.145391 0.182606 -0.0251322
vn 0.601704 -0.683411 0.118603
v -0.168709 -0.193412 0.0997245
vn -0.367992 6.92345e-17 -0.67824
v -0.169658 -0.252219 0.100347
vn -0.47237 8.88723e-17 -0.633152
v -0.169658 -0.192627 0.100347
vn -0.47237 8.88723e-17 -0.633152
v -0.169658 -0.192627 0.100347
vn 0.47237 -8.88723e-17 0.633152
v -0.169658 -0.252219 0.100347
vn 0.47237 -8.88723e-17 0.633152
v -0.168709 -0.193412 0.0997245
vn 0.367992 -6.92345e-17 0.67824
v -0.168709 -0.252219 0.0997245
vn -0.367864 6.92103e-17 -0.678288
v -0.168709 -0.252219 0.0997245
vn 0.367864 -6.92103e-17 0.678288
v -0.167696 -0.265821 0.099262
vn -0.419128 -0.823856 -0.0826157
v -0.203893 -0.265159 0.281648
vn -0.513312 -0.760915 -0.10118
v -0.168709 -0.265159 0.0997245
vn -0.513312 -0.760915 -0.10118
v -0.168709 -0.265159 0.0997245
vn 0.513312 0.760915 0.10118
v -0.203893 -0.265159 0.281648
vn 0.513312 0.760915 0.10118
v -0.167696 -0.265821 0.099262
vn 0.419128 0.823856 0.0826157
v -0.203165 -0.265821 0.282629
vn -0.62365 1.17334e-16 0.537691
v -0.203893 0.264688 0.281648
vn -0.701877 1.32052e-16 0.468202
v -0.203893 -0.265159 0.281648
vn -0.701877 1.32052e-16 0.468202
v -0.203893 -0.265159 0.281648
vn 0.701877 -1.32052e-16 -0.468202
v -0.203893 0.264688 0.281648
vn 0.701877 -1.32052e-16 -0.468202
v -0.203165 -0.265821 0.282629
vn 0.62365 -1.17334e-16 -0.537691
v -0.169658 0.263902 0.100347
vn -0.601267 0.683847 -0.118517
v -0.203893 0.264688 0.281648
vn -0.51405 0.760349 -0.101326
v -0.168709 0.264688 0.0997245
vn -0.51405 0.760349 -0.101326
v -0.168709 0.264688 0.0997245
vn 0.51405 -0.760349 0.101326
v -0.203893 0.264688 0.281648
vn 0.51405 -0.760349 0.101326
v -0.169658 0.263902 0.100347
vn 0.601267 -0.683847 0.118517
v -0.169658 0.263902 0.100347
vn -0.472317 8.88624e-17 -0.633178
v -0.168709 0.183391 0.0997245
vn -0.368052 6.92457e-17 -0.678219
v -0.169658 0.182606 0.100347
vn -0.472317 8.88624e-17 -0.633178
v -0.169658 0.182606 0.100347
vn 0.472317 -8.88624e-17 0.633178
v -0.168709 0.183391 0.0997245
vn 0.368052 -6.92457e-17 0.678219
v -0.169658 0.263902 0.100347
vn 0.472317 -8.88624e-17 0.633178
v -0.146273 0.18171 -0.0243601
vn -0.568263 1.06914e-16 -0.577593
v -0.145391 0.168529 -0.0251322
vn -0.473432 8.9072e-17 -0.632617
v -0.146273 -0.191732 -0.0243601
vn -0.568263 1.06914e-16 -0.577593
v -0.146273 -0.191732 -0.0243601
vn 0.568263 -1.06914e-16 0.577593
v -0.145391 0.168529 -0.0251322
vn 0.473432 -8.9072e-17 0.632617
v -0.146273 0.18171 -0.0243601
vn 0.568263 -1.06914e-16 0.577593
v -0.146273 -0.191732 -0.0243601
vn -0.56829 1.06919e-16 -0.577574
v -0.145391 0.168529 -0.0251322
vn -0.473402 8.90664e-17 -0.632632
v -0.145391 -0.192627 -0.0251322
vn -0.473402 8.90664e-17 -0.632632
v -0.145391 -0.192627 -0.0251322
vn 0.473402 -8.90664e-17 0.632632
v -0.145391 0.168529 -0.0251322
vn 0.473402 -8.90664e-17 0.632632
v -0.146273 -0.191732 -0.0243601
vn 0.56829 -1.06919e-16 0.577574
v -0.145391 -0.192627 -0.0251322
vn -0.601264 -0.683849 -0.118517
v -0.168709 -0.193412 0.0997245
vn -0.51383 -0.760518 -0.101283
v -0.169658 -0.192627 0.100347
vn -0.601264 -0.683849 -0.118517
v -0.169658 -0.192627 0.100347
vn 0.601264 0.683849 0.118517
v -0.168709 -0.193412 0.0997245
vn 0.51383 0.760518 0.101283
v -0.145391 -0.192627 -0.0251322
vn 0.601264 0.683849 0.118517
v -0.168709 0.183391 0.0997245
vn -0.51383 0.760518 -0.101283
v -0.145391 0.182606 -0.0251322
vn -0.601264 0.683849 -0.118517
v -0.169658 0.182606 0.100347
vn -0.601264 0.683849 -0.118517
v -0.169658 0.182606 0.100347
vn 0.601264 -0.683849 0.118517
v -0.145391 0.182606 -0.0251322
vn 0.601264 -0.683849 0.118517
v -0.168709 0.183391 0.0997245
vn 0.51383 -0.760518 0.101283
v -0.145391 0.168529 -0.0251322
vn -0.472551 8.89062e-17 -0.633061
v -0.146273 0.18171 -0.0243601
vn -0.569084 1.07068e-16 -0.577047
v -0.145391 0.182606 -0.0251322
vn -0.472551 8.89062e-17 -0.633061
v -0.145391 0.182606 -0.0251322
vn 0.472551 -8.89062e-17 0.633061
v -0.146273 0.18171 -0.0243601
vn 0.569084 -1.07068e-16 0.577047
v -0.145391 0.168529 -0.0251322
vn 0.472551 -8.89062e-17 0.633061
v -0.168709 -0.252219 0.0997245
vn -0.36799 6.92342e-17 -0.678241
v -0.168709 -0.252219 0.0997245
vn 0.36799 -6.92342e-17 0.678241
v -0.168709 -0.252219 0.0997245
vn -0.367792 6.91969e-17 -0.678314
v -0.167696 -0.252219 0.099262
vn -0.256883 4.83302e-17 -0.711908
v -0.168709 -0.265159 0.0997245
vn -0.367792 6.91969e-17 -0.678314
v -0.168709 -0.265159 0.0997245
vn 0.367792 -6.91969e-17 0.678314
v -0.167696 -0.252219 0.099262
vn 0.256883 -4.83302e-17 0.711908
v -0.168709 -0.252219 0.0997245
vn 0.367792 -6.91969e-17 0.678314
v -0.203893 -0.265159 0.281648
vn -0.513327 -0.760903 -0.101183
v -0.167696 -0.265821 0.099262
vn -0.419147 -0.823844 -0.0826194
v -0.203165 -0.265821 0.282629
vn -0.419147 -0.823844 -0.0826194
v -0.203165 -0.265821 0.282629
vn 0.419147 0.823844 0.0826194
v -0.167696 -0.265821 0.099262
vn 0.419147 0.823844 0.0826194
v -0.203893 -0.265159 0.281648
vn 0.513327 0.760903 0.101183
v -0.167696 -0.265821 0.099262
vn -0.256884 4.83306e-17 -0.711907
v -0.167696 -0.265821 0.099262
vn 0.256884 -4.83306e-17 0.711907
v -0.203165 0.265349 0.282629
vn -0.623653 1.17335e-16 0.537689
v -0.203165 0.265349 0.282629
vn 0.623653 -1.17335e-16 -0.537689
v -0.203165 0.265349 0.282629
vn -0.419138 0.82385 -0.0826171
v -0.168709 0.264688 0.0997245
vn -0.513324 0.760906 -0.101182
v -0.203893 0.264688 0.281648
vn -0.513324 0.760906 -0.101182
v -0.203893 0.264688 0.281648
vn 0.513324 -0.760906 0.101182
v -0.168709 0.264688 0.0997245
vn 0.513324 -0.760906 0.101182
v -0.203165 0.265349 0.282629
vn 0.419138 -0.82385 0.0826171
v -0.168709 0.264688 0.0997245
vn -0.368052 6.92457e-17 -0.678219
v -0.168709 0.264688 0.0997245
vn 0.368052 -6.92457e-17 0.678219
v -0.145391 0.168529 -0.0251322
vn -0.471603 8.8728e-17 -0.633538
v -0.144436 -0.193412 -0.0257537
vn -0.368771 6.9381e-17 -0.677955
v -0.145391 -0.192627 -0.0251322
vn -0.471603 8.8728e-17 -0.633538
v -0.145391 -0.192627 -0.0251322
vn 0.471603 -8.8728e-17 0.633538
v -0.144436 -0.193412 -0.0257537
vn 0.368771 -6.9381e-17 0.677955
v -0.145391 0.168529 -0.0251322
vn 0.471603 -8.8728e-17 0.633538
v -0.168709 -0.193412 0.0997245
vn -0.513819 -0.760526 -0.10128
v -0.145391 -0.192627 -0.0251322
vn -0.601253 -0.683861 -0.118514
v -0.144436 -0.193412 -0.0257537
vn -0.513819 -0.760526 -0.10128
v -0.144436 -0.193412 -0.0257537
vn 0.513819 0.760526 0.10128
v -0.145391 -0.192627 -0.0251322
vn 0.601253 0.683861 0.118514
v -0.168709 -0.193412 0.0997245
vn 0.513819 0.760526 0.10128
v -0.145391 0.182606 -0.0251322
vn -0.601253 0.683861 -0.118514
v -0.168709 0.183391 0.0997245
vn -0.513819 0.760526 -0.10128
v -0.144436 0.183391 -0.0257537
vn -0.513819 0.760526 -0.10128
v -0.144436 0.183391 -0.0257537
vn 0.513819 -0.760526 0.10128
v -0.168709 0.183391 0.0997245
vn 0.513819 -0.760526 0.10128
v -0.145391 0.182606 -0.0251322
vn 0.601253 -0.683861 0.118514
v -0.145391 0.182606 -0.0251322
vn -0.472479 8.88929e-17 -0.633097
v -0.144436 0.168529 -0.0257537
vn -0.367865 6.92106e-17 -0.678287
v -0.145391 0.168529 -0.0251322
vn -0.472479 8.88929e-17 -0.633097
v -0.145391 0.168529 -0.0251322
vn 0.472479 -8.88929e-17 0.633097
v -0.144436 0.168529 -0.0257537
vn 0.367865 -6.92106e-17 0.678287
v -0.145391 0.182606 -0.0251322
vn 0.472479 -8.88929e-17 0.633097
v -0.167696 -0.194074 0.099262
vn -0.257011 4.83543e-17 -0.711877
v -0.168709 -0.252219 0.0997245
vn -0.367667 6.91732e-17 -0.67836
v -0.168709 -0.193412 0.0997245
vn -0.367667 6.91732e-17 -0.67836
v -0.168709 -0.193412 0.0997245
vn 0.367667 -6.91732e-17 0.67836
v -0.168709 -0.252219 0.0997245
vn 0.367667 -6.91732e-17 0.67836
v -0.167696 -0.194074 0.099262
vn 0.257011 -4.83543e-17 0.711877
v -0.167696 -0.252219 0.099262
vn -0.257009 4.8354e-17 -0.711877
v -0.167696 -0.252219 0.099262
vn 0.257009 -4.8354e-17 0.711877
v -0.167696 -0.265821 0.099262
vn -0.418343 -0.824309 -0.0824605
v -0.202336 -0.266348 0.283488
vn -0.318869 -0.87337 -0.0628533
v -0.203165 -0.265821 0.282629
vn -0.418343 -0.824309 -0.0824605
v -0.203165 -0.265821 0.282629
vn 0.418343 0.824309 0.0824605
v -0.202336 -0.266348 0.283488
vn 0.318869 0.87337 0.0628533
v -0.167696 -0.265821 0.099262
vn 0.418343 0.824309 0.0824605
v -0.167696 -0.252219 0.099262
vn -0.256807 4.83161e-17 -0.711926
v -0.166645 -0.252219 0.0989665
vn -0.141509 2.66236e-17 -0.733346
v -0.167696 -0.265821 0.099262
vn -0.256807 4.83161e-17 -0.711926
v -0.167696 -0.265821 0.099262
vn 0.256807 -4.83161e-17 0.711926
v -0.166645 -0.252219 0.0989665
vn 0.141509 -2.66236e-17 0.733346
v -0.167696 -0.252219 0.099262
vn 0.256807 -4.83161e-17 0.711926
v -0.202336 -0.266348 0.283488
vn -0.532822 1.00246e-16 0.599932
v -0.203165 0.265349 0.282629
vn -0.621416 1.16914e-16 0.539433
v -0.203165 -0.265821 0.282629
vn -0.621416 1.16914e-16 0.539433
v -0.203165 -0.265821 0.282629
vn 0.621416 -1.16914e-16 -0.539433
v -0.203165 0.265349 0.282629
vn 0.621416 -1.16914e-16 -0.539433
v -0.202336 -0.266348 0.283488
vn 0.532822 -1.00246e-16 -0.599932
v -0.168709 0.264688 0.0997245
vn -0.513308 0.760918 -0.101179
v -0.203165 0.265349 0.282629
vn -0.41913 0.823855 -0.0826157
v -0.167696 0.265349 0.099262
vn -0.41913 0.823855 -0.0826157
v -0.167696 0.265349 0.099262
vn 0.41913 -0.823855 0.0826157
v -0.203165 0.265349 0.282629
vn 0.41913 -0.823855 0.0826157
v -0.168709 0.264688 0.0997245
vn 0.513308 -0.760918 0.101179
v -0.168709 0.264688 0.0997245
vn -0.367605 6.91617e-17 -0.678382
v -0.167696 0.184053 0.099262
vn -0.257073 4.8366e-17 -0.711861
v -0.168709 0.183391 0.0997245
vn -0.367605 6.91617e-17 -0.678382
v -0.168709 0.183391 0.0997245
vn 0.367605 -6.91617e-17 0.678382
v -0.167696 0.184053 0.099262
vn 0.257073 -4.8366e-17 0.711861
v -0.168709 0.264688 0.0997245
vn 0.367605 -6.91617e-17 0.678382
v -0.144436 0.168529 -0.0257537
vn -0.368773 6.93813e-17 -0.677954
v -0.144436 0.168529 -0.0257537
vn 0.368773 -6.93813e-17 0.677954
v -0.143429 -0.194074 -0.0262163
vn -0.418914 -0.823979 -0.0825733
v -0.168709 -0.193412 0.0997245
vn -0.513327 -0.760903 -0.101183
v -0.144436 -0.193412 -0.0257537
vn -0.513327 -0.760903 -0.101183
v -0.144436 -0.193412 -0.0257537
vn 0.513327 0.760903 0.101183
v -0.168709 -0.193412 0.0997245
vn 0.513327 0.760903 0.101183
v -0.143429 -0.194074 -0.0262163
vn 0.418914 0.823979 0.0825733
v -0.167696 0.184053 0.099262
vn -0.418905 0.823985 -0.0825711
v -0.144436 0.183391 -0.0257537
vn -0.513317 0.760911 -0.101182
v -0.168709 0.183391 0.0997245
vn -0.513317 0.760911 -0.101182
v -0.168709 0.183391 0.0997245
vn 0.513317 -0.760911 0.101182
v -0.144436 0.183391 -0.0257537
vn 0.513317 -0.760911 0.101182
v -0.167696 0.184053 0.099262
vn 0.418905 -0.823985 0.0825711
v -0.144436 0.183391 -0.0257537
vn -0.367867 6.9211e-17 -0.678286
v -0.144436 0.183391 -0.0257537
vn 0.367867 -6.9211e-17 0.678286
v -0.168709 -0.193412 0.0997245
vn -0.513317 -0.760912 -0.101181
v -0.143429 -0.194074 -0.0262163
vn -0.418905 -0.823985 -0.0825711
v -0.167696 -0.194074 0.099262
vn -0.418905 -0.823985 -0.0825711
v -0.167696 -0.194074 0.099262
vn 0.418905 0.823985 0.0825711
v -0.143429 -0.194074 -0.0262163
vn 0.418905 0.823985 0.0825711
v -0.168709 -0.193412 0.0997245
vn 0.513317 0.760912 0.101181
v -0.166645 -0.1946 0.0989665
vn -0.141639 2.66481e-17 -0.733329
v -0.167696 -0.252219 0.099262
vn -0.256682 4.82925e-17 -0.711956
v -0.167696 -0.194074 0.099262
vn -0.256682 4.82925e-17 -0.711956
v -0.167696 -0.194074 0.099262
vn 0.256682 -4.82925e-17 0.711956
v -0.167696 -0.252219 0.099262
vn 0.256682 -4.82925e-17 0.711956
v -0.166645 -0.1946 0.0989665
vn 0.141639 -2.66481e-17 0.733329
v -0.166645 -0.266348 0.0989665
vn -0.318875 -0.873369 -0.0628543
v -0.166645 -0.266348 0.0989665
vn 0.318875 0.873369 0.0628543
v -0.166645 -0.252219 0.0989665
vn -0.141637 2.66478e-17 -0.733329
v -0.166645 -0.252219 0.0989665
vn 0.141637 -2.66478e-17 0.733329
v -0.166645 -0.266348 0.0989665
vn -0.141511 2.6624e-17 -0.733346
v -0.166645 -0.266348 0.0989665
vn 0.141511 -2.6624e-17 0.733346
v -0.202336 0.265876 0.283488
vn -0.532825 1.00246e-16 0.599931
v -0.202336 0.265876 0.283488
vn 0.532825 -1.00246e-16 -0.599931
v -0.202336 0.265876 0.283488
vn -0.318869 0.87337 -0.0628533
v -0.167696 0.265349 0.099262
vn -0.418343 0.824309 -0.0824605
v -0.203165 0.265349 0.282629
vn -0.418343 0.824309 -0.0824605
v -0.203165 0.265349 0.282629
vn 0.418343 -0.824309 0.0824605
v -0.167696 0.265349 0.099262
vn 0.418343 -0.824309 0.0824605
v -0.202336 0.265876 0.283488
vn 0.318869 -0.87337 0.0628533
v -0.167696 0.265349 0.099262
vn -0.257073 4.8366e-17 -0.711861
v -0.167696 0.265349 0.099262
vn 0.257073 -4.8366e-17 0.711861
v -0.144436 0.168529 -0.0257537
vn -0.366881 6.90254e-17 -0.678646
v -0.143429 -0.194074 -0.0262163
vn -0.257865 4.8515e-17 -0.711668
v -0.144436 -0.193412 -0.0257537
vn -0.366881 6.90254e-17 -0.678646
v -0.144436 -0.193412 -0.0257537
vn 0.366881 -6.90254e-17 0.678646
v -0.143429 -0.194074 -0.0262163
vn 0.257865 -4.8515e-17 0.711668
v -0.144436 0.168529 -0.0257537
vn 0.366881 -6.90254e-17 0.678646
v -0.144436 0.183391 -0.0257537
vn -0.513327 0.760903 -0.101183
v -0.167696 0.184053 0.099262
vn -0.418914 0.823979 -0.0825733
v -0.143429 0.184053 -0.0262163
vn -0.418914 0.823979 -0.0825733
v -0.143429 0.184053 -0.0262163
vn 0.418914 -0.823979 0.0825733
v -0.167696 0.184053 0.099262
vn 0.418914 -0.823979 0.0825733
v -0.144436 0.183391 -0.0257537
vn 0.513327 -0.760903 0.101183
v -0.144436 0.183391 -0.0257537
vn -0.367788 6.91961e-17 -0.678315
v -0.143429 0.168529 -0.0262163
vn -0.256889 4.83314e-17 -0.711906
v -0.144436 0.168529 -0.0257537
vn -0.367788 6.91961e-17 -0.678315
v -0.144436 0.168529 -0.0257537
vn 0.367788 -6.91961e-17 0.678315
v -0.143429 0.168529 -0.0262163
vn 0.256889 -4.83314e-17 0.711906
v -0.144436 0.183391 -0.0257537
vn 0.367788 -6.91961e-17 0.678315
v -0.142378 -0.1946 -0.0265118
vn -0.318651 -0.873461 -0.0628101
v -0.167696 -0.194074 0.099262
vn -0.418366 -0.824296 -0.0824649
v -0.143429 -0.194074 -0.0262163
vn -0.418366 -0.824296 -0.0824649
v -0.143429 -0.194074 -0.0262163
vn 0.418366 0.824296 0.0824649
v -0.167696 -0.194074 0.099262
vn 0.418366 0.824296 0.0824649
v -0.142378 -0.1946 -0.0265118
vn 0.318651 0.873461 0.0628101
v -0.166645 -0.1946 0.0989665
vn -0.318651 -0.873461 -0.0628101
v -0.166645 -0.1946 0.0989665
vn 0.318651 0.873461 0.0628101
v -0.165574 -0.266731 0.0988439
vn -0.214778 -0.908772 -0.0423357
v -0.202336 -0.266348 0.283488
vn -0.318034 -0.873717 -0.0626885
v -0.166645 -0.266348 0.0989665
vn -0.318034 -0.873717 -0.0626885
v -0.166645 -0.266348 0.0989665
vn 0.318034 0.873717 0.0626885
v -0.202336 -0.266348 0.283488
vn 0.318034 0.873717 0.0626885
v -0.165574 -0.266731 0.0988439
vn 0.214778 0.908772 0.0423357
v -0.165574 -0.194983 0.0988439
vn -0.0238432 4.48589e-18 -0.742234
v -0.166645 -0.252219 0.0989665
vn -0.141302 2.65847e-17 -0.733373
v -0.166645 -0.1946 0.0989665
vn -0.141302 2.65847e-17 -0.733373
v -0.166645 -0.1946 0.0989665
vn 0.141302 -2.65847e-17 0.733373
v -0.166645 -0.252219 0.0989665
vn 0.141302 -2.65847e-17 0.733373
v -0.165574 -0.194983 0.0988439
vn 0.0238432 -4.48589e-18 0.742234
v -0.166645 -0.252219 0.0989665
vn -0.141428 2.66085e-17 -0.733357
v -0.165574 -0.266731 0.0988439
vn -0.0237149 4.46175e-18 -0.742237
v -0.166645 -0.266348 0.0989665
vn -0.141428 2.66085e-17 -0.733357
v -0.166645 -0.266348 0.0989665
vn 0.141428 -2.66085e-17 0.733357
v -0.165574 -0.266731 0.0988439
vn 0.0237149 -4.46175e-18 0.742237
v -0.166645 -0.252219 0.0989665
vn 0.141428 -2.66085e-17 0.733357
v -0.201423 -0.266731 0.284201
vn -0.432843 8.14357e-17 0.651921
v -0.202336 0.265876 0.283488
vn -0.530295 9.97702e-17 0.60144
v -0.202336 -0.266348 0.283488
vn -0.530295 9.97702e-17 0.60144
v -0.202336 -0.266348 0.283488
vn 0.530295 -9.97702e-17 -0.60144
v -0.202336 0.265876 0.283488
vn 0.530295 -9.97702e-17 -0.60144
v -0.201423 -0.266731 0.284201
vn 0.432843 -8.14357e-17 -0.651921
v -0.166645 0.265876 0.0989665
vn -0.318875 0.873369 -0.0628543
v -0.166645 0.265876 0.0989665
vn 0.318875 -0.873369 0.0628543
v -0.167696 0.265349 0.099262
vn -0.256617 4.82802e-17 -0.711972
v -0.166645 0.184579 0.0989665
vn -0.141706 2.66607e-17 -0.73332
v -0.167696 0.184053 0.099262
vn -0.256617 4.82802e-17 -0.711972
v -0.167696 0.184053 0.099262
vn 0.256617 -4.82802e-17 0.711972
v -0.166645 0.184579 0.0989665
vn 0.141706 -2.66607e-17 0.73332
v -0.167696 0.265349 0.099262
vn 0.256617 -4.82802e-17 0.711972
v -0.143429 0.168529 -0.0262163
vn -0.257866 4.85153e-17 -0.711668
v -0.143429 0.168529 -0.0262163
vn 0.257866 -4.85153e-17 0.711668
v -0.166645 0.184579 0.0989665
vn -0.318651 0.873461 -0.0628101
v -0.143429 0.184053 -0.0262163
vn -0.418366 0.824296 -0.0824649
v -0.167696 0.184053 0.099262
vn -0.418366 0.824296 -0.0824649
v -0.167696 0.184053 0.099262
vn 0.418366 -0.824296 0.0824649
v -0.143429 0.184053 -0.0262163
vn 0.418366 -0.824296 0.0824649
v -0.166645 0.184579 0.0989665
vn 0.318651 -0.873461 0.0628101
v -0.143429 0.184053 -0.0262163
vn -0.256891 4.83317e-17 -0.711906
v -0.143429 0.184053 -0.0262163
vn 0.256891 -4.83317e-17 0.711906
v -0.143429 0.168529 -0.0262163
vn -0.255836 4.81333e-17 -0.712162
v -0.142378 -0.1946 -0.0265118
vn -0.142511 2.68123e-17 -0.733215
v -0.143429 -0.194074 -0.0262163
vn -0.255836 4.81333e-17 -0.712162
v -0.143429 -0.194074 -0.0262163
vn 0.255836 -4.81333e-17 0.712162
v -0.142378 -0.1946 -0.0265118
vn 0.142511 -2.68123e-17 0.733215
v -0.143429 0.168529 -0.0262163
vn 0.255836 -4.81333e-17 0.712162
v -0.141307 -0.194983 -0.0266343
vn -0.214574 -0.908828 -0.0422953
v -0.166645 -0.1946 0.0989665
vn -0.318077 -0.873698 -0.0626971
v -0.142378 -0.1946 -0.0265118
vn -0.318077 -0.873698 -0.0626971
v -0.142378 -0.1946 -0.0265118
vn 0.318077 0.873698 0.0626971
v -0.166645 -0.1946 0.0989665
vn 0.318077 0.873698 0.0626971
v -0.141307 -0.194983 -0.0266343
vn 0.214574 0.908828 0.0422953
v -0.202336 -0.266348 0.283488
vn -0.318024 -0.873721 -0.0626866
v -0.201423 -0.266731 0.284201
vn -0.214776 -0.908773 -0.0423351
v -0.201423 -0.266731 0.284201
vn 0.214776 0.908773 0.0423351
v -0.202336 -0.266348 0.283488
vn 0.318024 0.873721 0.0626866
v -0.165574 -0.252219 0.0988439
vn -0.023842 4.48567e-18 -0.742234
v -0.165574 -0.252219 0.0988439
vn 0.023842 -4.48567e-18 0.742234
v -0.165574 -0.194983 0.0988439
vn -0.214574 -0.908828 -0.0422953
v -0.165574 -0.194983 0.0988439
vn 0.214574 0.908828 0.0422953
v -0.165574 -0.252219 0.0988439
vn -0.023716 4.46196e-18 -0.742237
v -0.165574 -0.252219 0.0988439
vn 0.023716 -4.46196e-18 0.742237
v -0.201423 0.266258 0.284201
vn -0.432845 8.1436e-17 0.65192
v -0.201423 0.266258 0.284201
vn 0.432845 -8.1436e-17 -0.65192
v -0.201423 0.266258 0.284201
vn -0.214773 0.908774 -0.0423345
v -0.166645 0.265876 0.0989665
vn -0.318025 0.873721 -0.0626868
v -0.202336 0.265876 0.283488
vn -0.318025 0.873721 -0.0626868
v -0.202336 0.265876 0.283488
vn 0.318025 -0.873721 0.0626868
v -0.166645 0.265876 0.0989665
vn 0.318025 -0.873721 0.0626868
v -0.201423 0.266258 0.284201
vn 0.214773 -0.908774 0.0423345
v -0.166645 0.265876 0.0989665
vn -0.141706 2.66607e-17 -0.73332
v -0.166645 0.265876 0.0989665
vn 0.141706 -2.66607e-17 0.73332
v -0.142378 0.184579 -0.0265118
vn -0.318651 0.873461 -0.0628101
v -0.142378 0.184579 -0.0265118
vn 0.318651 -0.873461 0.0628101
v -0.143429 0.184053 -0.0262163
vn -0.256802 4.83151e-17 -0.711927
v -0.142378 0.168529 -0.0265118
vn -0.141514 2.66247e-17 -0.733345
v -0.143429 0.168529 -0.0262163
vn -0.256802 4.83151e-17 -0.711927
v -0.143429 0.168529 -0.0262163
vn 0.256802 -4.83151e-17 0.711927
v -0.142378 0.168529 -0.0265118
vn 0.141514 -2.66247e-17 0.733345
v -0.143429 0.184053 -0.0262163
vn 0.256802 -4.83151e-17 0.711927
v -0.142378 0.168529 -0.0265118
vn -0.142513 2.68126e-17 -0.733215
v -0.142378 0.168529 -0.0265118
vn 0.142513 -2.68126e-17 0.733215
v -0.142378 -0.1946 -0.0265118
vn -0.14043 2.64207e-17 -0.733486
v -0.141307 0.168529 -0.0266343
vn -0.0247303 4.65279e-18 -0.742215
v -0.141307 -0.194983 -0.0266343
vn -0.0247303 4.65279e-18 -0.742215
v -0.141307 -0.194983 -0.0266343
vn 0.0247303 -4.65279e-18 0.742215
v -0.141307 0.168529 -0.0266343
vn 0.0247303 -4.65279e-18 0.742215
v -0.142378 -0.1946 -0.0265118
vn 0.14043 -2.64207e-17 0.733486
v -0.164498 -0.266963 0.0988967
vn -0.108221 -0.930032 -0.0213317
v -0.201423 -0.266731 0.284201
vn -0.2139 -0.909008 -0.0421626
v -0.165574 -0.266731 0.0988439
vn -0.2139 -0.909008 -0.0421626
v -0.165574 -0.266731 0.0988439
vn 0.2139 0.909008 0.0421626
v -0.201423 -0.266731 0.284201
vn 0.2139 0.909008 0.0421626
v -0.164498 -0.266963 0.0988967
vn 0.108221 0.930032 0.0213317
v -0.164498 -0.195215 0.0988967
vn 0.0943613 -1.77532e-17 -0.738439
v -0.165574 -0.252219 0.0988439
vn -0.0235037 4.42202e-18 -0.742241
v -0.165574 -0.194983 0.0988439
vn -0.0235037 4.42202e-18 -0.742241
v -0.165574 -0.194983 0.0988439
vn 0.0235037 -4.42202e-18 0.742241
v -0.165574 -0.252219 0.0988439
vn 0.0235037 -4.42202e-18 0.742241
v -0.164498 -0.195215 0.0988967
vn -0.0943613 1.77532e-17 0.738439
v -0.140231 -0.195215 -0.0265816
vn -0.108041 -0.930055 -0.0212962
v -0.165574 -0.194983 0.0988439
vn -0.213976 -0.908988 -0.0421774
v -0.141307 -0.194983 -0.0266343
vn -0.213976 -0.908988 -0.0421774
v -0.141307 -0.194983 -0.0266343
vn 0.213976 0.908988 0.0421774
v -0.165574 -0.194983 0.0988439
vn 0.213976 0.908988 0.0421774
v -0.140231 -0.195215 -0.0265816
vn 0.108041 0.930055 0.0212962
v -0.165574 -0.252219 0.0988439
vn -0.0236301 4.44579e-18 -0.742239
v -0.164498 -0.266963 0.0988967
vn 0.0944861 -1.77767e-17 -0.738429
v -0.165574 -0.266731 0.0988439
vn -0.0236301 4.44579e-18 -0.742239
v -0.165574 -0.266731 0.0988439
vn 0.0236301 -4.44579e-18 0.742239
v -0.164498 -0.266963 0.0988967
vn -0.0944861 1.77767e-17 0.738429
v -0.165574 -0.252219 0.0988439
vn 0.0236301 -4.44579e-18 0.742239
v -0.200447 -0.266963 0.284758
vn -0.325492 6.12384e-17 0.692732
v -0.201423 0.266258 0.284201
vn -0.430142 8.09274e-17 0.653125
v -0.201423 -0.266731 0.284201
vn -0.430142 8.09274e-17 0.653125
v -0.201423 -0.266731 0.284201
vn 0.430142 -8.09274e-17 -0.653125
v -0.201423 0.266258 0.284201
vn 0.430142 -8.09274e-17 -0.653125
v -0.200447 -0.266963 0.284758
vn 0.325492 -6.12384e-17 -0.692732
v -0.166645 0.265876 0.0989665
vn -0.318033 0.873717 -0.0626883
v -0.201423 0.266258 0.284201
vn -0.214782 0.908771 -0.0423363
v -0.165574 0.266258 0.0988439
vn -0.214782 0.908771 -0.0423363
v -0.165574 0.266258 0.0988439
vn 0.214782 -0.908771 0.0423363
v -0.201423 0.266258 0.284201
vn 0.214782 -0.908771 0.0423363
v -0.166645 0.265876 0.0989665
vn 0.318033 -0.873717 0.0626883
v -0.166645 0.265876 0.0989665
vn -0.141234 2.65719e-17 -0.733382
v -0.165574 0.184963 0.0988439
vn -0.0239129 4.49899e-18 -0.742233
v -0.166645 0.184579 0.0989665
vn -0.141234 2.65719e-17 -0.733382
v -0.166645 0.184579 0.0989665
vn 0.141234 -2.65719e-17 0.733382
v -0.165574 0.184963 0.0988439
vn 0.0239129 -4.49899e-18 0.742233
v -0.166645 0.265876 0.0989665
vn 0.141234 -2.65719e-17 0.733382
v -0.165574 0.184963 0.0988439
vn -0.214578 0.908827 -0.0422959
v -0.142378 0.184579 -0.0265118
vn -0.318081 0.873697 -0.0626978
v -0.166645 0.184579 0.0989665
vn -0.318081 0.873697 -0.0626978
v -0.166645 0.184579 0.0989665
vn 0.318081 -0.873697 0.0626978
v -0.142378 0.184579 -0.0265118
vn 0.318081 -0.873697 0.0626978
v -0.165574 0.184963 0.0988439
vn 0.214578 -0.908827 0.0422959
v -0.142378 0.184579 -0.0265118
vn -0.141516 2.6625e-17 -0.733345
v -0.142378 0.184579 -0.0265118
vn 0.141516 -2.6625e-17 0.733345
v -0.142378 0.168529 -0.0265118
vn -0.140431 2.64209e-17 -0.733486
v -0.142378 0.168529 -0.0265118
vn 0.140431 -2.64209e-17 0.733486
v -0.141307 0.168529 -0.0266343
vn -0.0226135 4.25454e-18 -0.74226
v -0.140231 -0.195215 -0.0265816
vn 0.0934814 -1.75877e-17 -0.738515
v -0.141307 -0.194983 -0.0266343
vn -0.0226135 4.25454e-18 -0.74226
v -0.141307 -0.194983 -0.0266343
vn 0.0226135 -4.25454e-18 0.74226
v -0.140231 -0.195215 -0.0265816
vn -0.0934814 1.75877e-17 0.738515
v -0.141307 0.168529 -0.0266343
vn 0.0226135 -4.25454e-18 0.74226
v -0.200447 -0.266963 0.284758
vn -0.108225 -0.930032 -0.0213324
v -0.200447 -0.266963 0.284758
vn 0.108225 0.930032 0.0213324
v -0.164498 -0.252219 0.0988967
vn 0.0943622 -1.77534e-17 -0.738439
v -0.164498 -0.252219 0.0988967
vn -0.0943622 1.77534e-17 0.738439
v -0.164498 -0.195215 0.0988967
vn -0.108041 -0.930055 -0.0212962
v -0.164498 -0.195215 0.0988967
vn 0.108041 0.930055 0.0212962
v -0.164498 -0.252219 0.0988967
vn 0.0944852 -1.77766e-17 -0.738429
v -0.164498 -0.252219 0.0988967
vn -0.0944852 1.77766e-17 0.738429
v -0.200447 0.266491 0.284758
vn -0.325493 6.12386e-17 0.692732
v -0.200447 0.266491 0.284758
vn 0.325493 -6.12386e-17 -0.692732
v -0.200447 0.266491 0.284758
vn -0.108223 0.930032 -0.021332
v -0.165574 0.266258 0.0988439
vn -0.213905 0.909007 -0.0421634
v -0.201423 0.266258 0.284201
vn -0.213905 0.909007 -0.0421634
v -0.201423 0.266258 0.284201
vn 0.213905 -0.909007 0.0421634
v -0.165574 0.266258 0.0988439
vn 0.213905 -0.909007 0.0421634
v -0.200447 0.266491 0.284758
vn 0.108223 -0.930032 0.021332
v -0.165574 0.266258 0.0988439
vn -0.0239129 4.49899e-18 -0.742233
v -0.165574 0.266258 0.0988439
vn 0.0239129 -4.49899e-18 0.742233
v -0.141307 0.184963 -0.0266343
vn -0.214578 0.908827 -0.0422959
v -0.141307 0.184963 -0.0266343
vn 0.214578 -0.908827 0.0422959
v -0.142378 0.184579 -0.0265118
vn -0.141423 2.66074e-17 -0.733358
v -0.141307 0.168529 -0.0266343
vn -0.0237206 4.46282e-18 -0.742237
v -0.142378 0.168529 -0.0265118
vn -0.141423 2.66074e-17 -0.733358
v -0.142378 0.168529 -0.0265118
vn 0.141423 -2.66074e-17 0.733358
v -0.141307 0.168529 -0.0266343
vn 0.0237206 -4.46282e-18 0.742237
v -0.142378 0.184579 -0.0265118
vn 0.141423 -2.66074e-17 0.733358
v -0.140231 0.168529 -0.0265816
vn 0.0934805 -1.75876e-17 -0.738515
v -0.140231 0.168529 -0.0265816
vn -0.0934805 1.75876e-17 0.738515
v -0.164498 -0.266963 0.0988967
vn -0.107316 -0.930151 -0.0211533
v -0.199418 -0.267041 0.285158
vn -0.0539581 -0.93539 -0.0106358
v -0.200447 -0.266963 0.284758
vn -0.107316 -0.930151 -0.0211533
v -0.200447 -0.266963 0.284758
vn 0.107316 0.930151 0.0211533
v -0.199418 -0.267041 0.285158
vn 0.0539581 0.93539 0.0106358
v -0.164498 -0.266963 0.0988967
vn 0.107316 0.930151 0.0211533
v -0.163437 -0.195294 0.0991238
vn 0.15315 -2.88138e-17 -0.731768
v -0.164498 -0.252219 0.0988967
vn 0.0946968 -1.78164e-17 -0.73841
v -0.164498 -0.195215 0.0988967
vn 0.0946968 -1.78164e-17 -0.73841
v -0.164498 -0.195215 0.0988967
vn -0.0946968 1.78164e-17 0.73841
v -0.164498 -0.252219 0.0988967
vn -0.0946968 1.78164e-17 0.73841
v -0.163437 -0.195294 0.0991238
vn -0.15315 2.88138e-17 0.731768
v -0.13917 -0.195294 -0.0263559
vn -0.0539448 -0.935391 -0.0106332
v -0.164498 -0.195215 0.0988967
vn -0.107432 -0.930136 -0.0211762
v -0.140231 -0.195215 -0.0265816
vn -0.107432 -0.930136 -0.0211762
v -0.140231 -0.195215 -0.0265816
vn 0.107432 0.930136 0.0211762
v -0.164498 -0.195215 0.0988967
vn 0.107432 0.930136 0.0211762
v -0.13917 -0.195294 -0.0263559
vn 0.0539448 0.935391 0.0106332
v -0.164498 -0.252219 0.0988967
vn 0.094572 -1.77929e-17 -0.738421
v -0.163437 -0.252219 0.0991238
vn 0.15315 -2.88137e-17 -0.731768
v -0.164498 -0.266963 0.0988967
vn 0.094572 -1.77929e-17 -0.738421
v -0.164498 -0.266963 0.0988967
vn -0.094572 1.77929e-17 0.738421
v -0.163437 -0.252219 0.0991238
vn -0.15315 2.88137e-17 0.731768
v -0.164498 -0.252219 0.0988967
vn -0.094572 1.77929e-17 0.738421
v -0.199418 -0.267041 0.285158
vn -0.268221 5.04635e-17 0.709083
v -0.200447 0.266491 0.284758
vn -0.322695 6.07121e-17 0.693613
v -0.200447 -0.266963 0.284758
vn -0.322695 6.07121e-17 0.693613
v -0.200447 -0.266963 0.284758
vn 0.322695 -6.07121e-17 -0.693613
v -0.200447 0.266491 0.284758
vn 0.322695 -6.07121e-17 -0.693613
v -0.199418 -0.267041 0.285158
vn 0.268221 -5.04635e-17 -0.709083
v -0.164498 0.266491 0.0988967
vn -0.108222 0.930032 -0.021332
v -0.164498 0.266491 0.0988967
vn 0.108222 -0.930032 0.021332
v -0.165574 0.266258 0.0988439
vn -0.0234328 4.40868e-18 -0.742243
v -0.164498 0.185195 0.0988967
vn 0.0942917 -1.77401e-17 -0.738445
v -0.165574 0.184963 0.0988439
vn -0.0234328 4.40868e-18 -0.742243
v -0.165574 0.184963 0.0988439
vn 0.0234328 -4.40868e-18 0.742243
v -0.164498 0.185195 0.0988967
vn -0.0942917 1.77401e-17 0.738445
v -0.165574 0.266258 0.0988439
vn 0.0234328 -4.40868e-18 0.742243
v -0.165574 0.184963 0.0988439
vn -0.213976 0.908988 -0.0421774
v -0.140231 0.185195 -0.0265816
vn -0.108041 0.930055 -0.0212962
v -0.141307 0.184963 -0.0266343
vn -0.213976 0.908988 -0.0421774
v -0.141307 0.184963 -0.0266343
vn 0.213976 -0.908988 0.0421774
v -0.140231 0.185195 -0.0265816
vn 0.108041 -0.930055 0.0212962
v -0.165574 0.184963 0.0988439
vn 0.213976 -0.908988 0.0421774
v -0.141307 0.184963 -0.0266343
vn -0.0237217 4.46303e-18 -0.742237
v -0.141307 0.184963 -0.0266343
vn 0.0237217 -4.46303e-18 0.742237
v -0.141307 0.184963 -0.0266343
vn -0.0236244 4.44472e-18 -0.742239
v -0.140231 0.168529 -0.0265816
vn 0.0944807 -1.77757e-17 -0.73843
v -0.141307 0.168529 -0.0266343
vn -0.0236244 4.44472e-18 -0.742239
v -0.141307 0.168529 -0.0266343
vn 0.0236244 -4.44472e-18 0.742239
v -0.140231 0.168529 -0.0265816
vn -0.0944807 1.77757e-17 0.73843
v -0.141307 0.184963 -0.0266343
vn 0.0236244 -4.44472e-18 0.742239
v -0.140231 0.168529 -0.0265816
vn 0.0955722 -1.79811e-17 -0.738335
v -0.13917 -0.195294 -0.0263559
vn 0.153141 -2.88122e-17 -0.731769
v -0.140231 -0.195215 -0.0265816
vn 0.0955722 -1.79811e-17 -0.738335
v -0.140231 -0.195215 -0.0265816
vn -0.0955722 1.79811e-17 0.738335
v -0.13917 -0.195294 -0.0263559
vn -0.153141 2.88122e-17 0.731769
v -0.140231 0.168529 -0.0265816
vn -0.0955722 1.79811e-17 0.738335
v -0.163437 -0.267041 0.0991238
vn -0.0539587 -0.93539 -0.0106359
v -0.163437 -0.267041 0.0991238
vn 0.0539587 0.93539 0.0106359
v -0.163437 -0.195294 0.0991238
vn -0.0539447 -0.935391 -0.0106332
v -0.163437 -0.195294 0.0991238
vn 0.0539447 0.935391 0.0106332
v -0.163437 -0.267041 0.0991238
vn 0.15315 -2.88137e-17 -0.731768
v -0.163437 -0.267041 0.0991238
vn -0.15315 2.88137e-17 0.731768
v -0.199418 0.266569 0.285158
vn -0.268221 5.04635e-17 0.709083
v -0.199418 0.266569 0.285158
vn 0.268221 -5.04635e-17 -0.709083
v -0.199418 0.266569 0.285158
vn -0.0539636 0.935389 -0.0106369
v -0.164498 0.266491 0.0988967
vn -0.107321 0.93015 -0.0211544
v -0.200447 0.266491 0.284758
vn -0.107321 0.93015 -0.0211544
v -0.200447 0.266491 0.284758
vn 0.107321 -0.93015 0.0211544
v -0.164498 0.266491 0.0988967
vn 0.107321 -0.93015 0.0211544
v -0.199418 0.266569 0.285158
vn 0.0539636 -0.935389 0.0106369
v -0.164498 0.266491 0.0988967
vn 0.0942917 -1.77401e-17 -0.738445
v -0.164498 0.266491 0.0988967
vn -0.0942917 1.77401e-17 0.738445
v -0.164498 0.185195 0.0988967
vn -0.108041 0.930055 -0.0212962
v -0.164498 0.185195 0.0988967
vn 0.108041 -0.930055 0.0212962
v -0.140231 0.185195 -0.0265816
vn 0.0944798 -1.77756e-17 -0.73843
v -0.140231 0.185195 -0.0265816
vn -0.0944798 1.77756e-17 0.73843
v -0.140231 0.168529 -0.0265816
vn 0.0955939 -1.79851e-17 -0.738332
v -0.13917 0.176168 -0.0263559
vn 0.153141 -2.88122e-17 -0.731769
v -0.13917 0.176168 -0.0263559
vn -0.153141 2.88122e-17 0.731769
v -0.140231 0.168529 -0.0265816
vn -0.0955939 1.79851e-17 0.738332
v -0.163437 -0.267041 0.0991238
vn -1.68134e-16 -0.937156 -5.5678e-33
v -0.150588 -0.267041 0.299704
vn -1.68134e-16 -0.937156 -5.5678e-33
v -0.199418 -0.267041 0.285158
vn -1.68134e-16 -0.937156 -5.5678e-33
v -0.199418 -0.267041 0.285158
vn 1.68134e-16 0.937156 5.5678e-33
v -0.150588 -0.267041 0.299704
vn 1.68134e-16 0.937156 5.5678e-33
v -0.163437 -0.267041 0.0991238
vn 1.68134e-16 0.937156 5.5678e-33
v -0.163437 -0.195294 0.0991238
vn 0.211111 -3.97187e-17 -0.721978
v -0.114608 -0.267041 0.113674
vn 0.211111 -3.97187e-17 -0.721978
v -0.163437 -0.252219 0.0991238
vn 0.211111 -3.97187e-17 -0.721978
v -0.163437 -0.252219 0.0991238
vn -0.211111 3.97187e-17 0.721978
v -0.114608 -0.267041 0.113674
vn -0.211111 3.97187e-17 0.721978
v -0.163437 -0.195294 0.0991238
vn -0.211111 3.97187e-17 0.721978
v -0.0903402 -0.195294 -0.0118038
vn -1.68134e-16 -0.937156 -5.5678e-33
v -0.163437 -0.195294 0.0991238
vn -1.68134e-16 -0.937156 -5.5678e-33
v -0.13917 -0.195294 -0.0263559
vn -1.68134e-16 -0.937156 -5.5678e-33
v -0.13917 -0.195294 -0.0263559
vn 1.68134e-16 0.937156 5.5678e-33
v -0.163437 -0.195294 0.0991238
vn 1.68134e-16 0.937156 5.5678e-33
v -0.0903402 -0.195294 -0.0118038
vn 1.68134e-16 0.937156 5.5678e-33
v -0.163437 -0.267041 0.0991238
vn 0.211112 -3.9719e-17 -0.721977
v -0.163437 -0.267041 0.0991238
vn -0.211112 3.9719e-17 0.721977
v -0.199418 -0.267041 0.285158
vn -0.211079 3.97126e-17 0.721984
v -0.150588 0.266569 0.299704
vn -0.211079 3.97126e-17 0.721984
v -0.199418 0.266569 0.285158
vn -0.211079 3.97126e-17 0.721984
v -0.199418 0.266569 0.285158
vn 0.211079 -3.97126e-17 -0.721984
v -0.150588 0.266569 0.299704
vn 0.211079 -3.97126e-17 -0.721984
v -0.199418 -0.267041 0.285158
vn 0.211079 -3.97126e-17 -0.721984
v -0.163437 0.266569 0.0991238
vn -0.0539644 0.935389 -0.010637
v -0.163437 0.266569 0.0991238
vn 0.0539644 -0.935389 0.010637
v -0.164498 0.266491 0.0988967
vn 0.0947682 -1.78298e-17 -0.738404
v -0.163437 0.185273 0.0991238
vn 0.15315 -2.88139e-17 -0.731768
v -0.164498 0.185195 0.0988967
vn 0.0947682 -1.78298e-17 -0.738404
v -0.164498 0.185195 0.0988967
vn -0.0947682 1.78298e-17 0.738404
v -0.163437 0.185273 0.0991238
vn -0.15315 2.88139e-17 0.731768
v -0.164498 0.266491 0.0988967
vn -0.0947682 1.78298e-17 0.738404
v -0.163437 0.185273 0.0991238
vn -0.053941 0.935391 -0.0106324
v -0.140231 0.185195 -0.0265816
vn -0.107428 0.930136 -0.0211754
v -0.164498 0.185195 0.0988967
vn -0.107428 0.930136 -0.0211754
v -0.164498 0.185195 0.0988967
vn 0.107428 -0.930136 0.0211754
v -0.140231 0.185195 -0.0265816
vn 0.107428 -0.930136 0.0211754
v -0.163437 0.185273 0.0991238
vn 0.053941 -0.935391 0.0106324
v -0.140231 0.185195 -0.0265816
vn 0.0945774 -1.77939e-17 -0.738421
v -0.140231 0.168529 -0.0265816
vn 0.0945774 -1.77939e-17 -0.738421
v -0.140231 0.168529 -0.0265816
vn -0.0945774 1.77939e-17 0.738421
v -0.140231 0.185195 -0.0265816
vn -0.0945774 1.77939e-17 0.738421
v -0.13917 -0.195294 -0.0263559
vn -0.211113 3.9719e-17 0.721977
v -0.0903402 0.175802 -0.0118038
vn -0.211113 3.9719e-17 0.721977
v -0.13917 0.176168 -0.0263559
vn -0.211113 3.9719e-17 0.721977
v -0.13917 0.176168 -0.0263559
vn 0.211113 -3.9719e-17 -0.721977
v -0.0903402 0.175802 -0.0118038
vn 0.211113 -3.9719e-17 -0.721977
v -0.13917 -0.195294 -0.0263559
vn 0.211113 -3.9719e-17 -0.721977
v -0.114608 -0.267041 0.113674
vn -1.68134e-16 -0.937156 -5.5678e-33
v -0.114608 -0.267041 0.113674
vn 1.68134e-16 0.937156 5.5678e-33
v -0.150588 -0.267041 0.299704
vn -0.211079 3.97126e-17 0.721984
v -0.150588 -0.267041 0.299704
vn 0.211079 -3.97126e-17 -0.721984
v -0.114608 -0.195294 0.113674
vn 0.21111 -3.97186e-17 -0.721978
v -0.114608 -0.195294 0.113674
vn -0.21111 3.97186e-17 0.721978
v -0.114608 -0.195294 0.113674
vn -1.68134e-16 -0.937156 -5.5678e-33
v -0.114608 -0.195294 0.113674
vn 1.68134e-16 0.937156 5.5678e-33
v -0.0903402 -0.195294 -0.0118038
vn -0.211113 3.9719e-17 0.721977
v -0.0903402 -0.195294 -0.0118038
vn 0.211113 -3.9719e-17 -0.721977
v -0.150588 0.266569 0.299704
vn 1.68134e-16 0.937156 5.5678e-33
v -0.163437 0.266569 0.0991238
vn 1.68134e-16 0.937156 5.5678e-33
v -0.199418 0.266569 0.285158
vn 1.68134e-16 0.937156 5.5678e-33
v -0.199418 0.266569 0.285158
vn -1.68134e-16 -0.937156 -5.5678e-33
v -0.163437 0.266569 0.0991238
vn -1.68134e-16 -0.937156 -5.5678e-33
v -0.150588 0.266569 0.299704
vn -1.68134e-16 -0.937156 -5.5678e-33
v -0.163437 0.266569 0.0991238
vn 0.15315 -2.88139e-17 -0.731768
v -0.163437 0.266569 0.0991238
vn -0.15315 2.88139e-17 0.731768
v -0.13917 0.185273 -0.0263559
vn -0.053941 0.935391 -0.0106324
v -0.13917 0.185273 -0.0263559
vn 0.053941 -0.935391 0.0106324
v -0.140231 0.185195 -0.0265816
vn 0.0945557 -1.77898e-17 -0.738423
v -0.13917 0.185273 -0.0263559
vn 0.153149 -2.88136e-17 -0.731768
v -0.13917 0.185273 -0.0263559
vn -0.153149 2.88136e-17 0.731768
v -0.140231 0.185195 -0.0265816
vn -0.0945557 1.77898e-17 0.738423
v -0.0820139 0.175802 -0.00932236
vn -0.211113 -1.20321e-06 0.721977
v -0.0820139 0.175802 -0.00932236
vn 0.211113 1.20321e-06 -0.721977
v -0.149486 -0.26696 0.299941
vn -0.107302 0.930153 -0.0211506
v -0.114608 -0.267041 0.113674
vn -0.0539596 0.93539 -0.0106361
v -0.150588 -0.267041 0.299704
vn -0.0539596 0.93539 -0.0106361
v -0.150588 -0.267041 0.299704
vn 0.0539596 -0.93539 0.0106361
v -0.114608 -0.267041 0.113674
vn 0.0539596 -0.93539 0.0106361
v -0.149486 -0.26696 0.299941
vn 0.107302 -0.930153 0.0211506
v -0.149486 0.266488 0.299941
vn 0.0961266 -1.80853e-17 -0.738286
v -0.150588 -0.267041 0.299704
vn 0.15316 -2.88156e-17 -0.731766
v -0.150588 0.266569 0.299704
vn 0.15316 -2.88156e-17 -0.731766
v -0.150588 0.266569 0.299704
vn -0.15316 2.88156e-17 0.731766
v -0.150588 -0.267041 0.299704
vn -0.15316 2.88156e-17 0.731766
v -0.149486 0.266488 0.299941
vn -0.0961266 1.80853e-17 0.738286
v -0.113537 -0.26696 0.114087
vn -0.323881 6.09354e-17 0.693241
v -0.114608 -0.195294 0.113674
vn -0.268174 5.04546e-17 0.709095
v -0.114608 -0.267041 0.113674
vn -0.268174 5.04546e-17 0.709095
v -0.114608 -0.267041 0.113674
vn 0.268174 -5.04546e-17 -0.709095
v -0.114608 -0.195294 0.113674
vn 0.268174 -5.04546e-17 -0.709095
v -0.113537 -0.26696 0.114087
vn 0.323881 -6.09354e-17 -0.693241
v -0.113537 -0.195212 0.114087
vn -0.107421 0.930138 -0.021174
v -0.0903402 -0.195294 -0.0118038
vn -0.0539445 0.935391 -0.0106331
v -0.114608 -0.195294 0.113674
vn -0.0539445 0.935391 -0.0106331
v -0.114608 -0.195294 0.113674
vn 0.0539445 -0.935391 0.0106331
v -0.0903402 -0.195294 -0.0118038
vn 0.0539445 -0.935391 0.0106331
v -0.113537 -0.195212 0.114087
vn 0.107421 -0.930138 0.021174
v -0.0903402 -0.195294 -0.0118038
vn -0.268165 5.04529e-17 0.709097
v -0.0892694 0.175802 -0.0113924
vn -0.32303 6.07753e-17 0.693508
v -0.0903402 0.175802 -0.0118038
vn -0.268165 5.04529e-17 0.709097
v -0.0903402 0.175802 -0.0118038
vn 0.268165 -5.04529e-17 -0.709097
v -0.0892694 0.175802 -0.0113924
vn 0.32303 -6.07753e-17 -0.693508
v -0.0903402 -0.195294 -0.0118038
vn 0.268165 -5.04529e-17 -0.709097
v -0.114608 0.266569 0.113674
vn 1.68134e-16 0.937156 5.5678e-33
v -0.114608 0.266569 0.113674
vn -1.68134e-16 -0.937156 -5.5678e-33
v -0.163437 0.185273 0.0991238
vn -0.21111 3.97186e-17 0.721978
v -0.114608 0.266569 0.113674
vn -0.21111 3.97186e-17 0.721978
v -0.163437 0.266569 0.0991238
vn -0.21111 3.97186e-17 0.721978
v -0.163437 0.266569 0.0991238
vn 0.21111 -3.97186e-17 -0.721978
v -0.114608 0.266569 0.113674
vn 0.21111 -3.97186e-17 -0.721978
v -0.163437 0.185273 0.0991238
vn 0.21111 -3.97186e-17 -0.721978
v -0.0903402 0.185273 -0.0118038
vn -1.68134e-16 -0.937156 -5.5678e-33
v -0.163437 0.185273 0.0991238
vn -1.68134e-16 -0.937156 -5.5678e-33
v -0.13917 0.185273 -0.0263559
vn -1.68134e-16 -0.937156 -5.5678e-33
v -0.13917 0.185273 -0.0263559
vn 1.68134e-16 0.937156 5.5678e-33
v -0.163437 0.185273 0.0991238
vn 1.68134e-16 0.937156 5.5678e-33
v -0.0903402 0.185273 -0.0118038
vn 1.68134e-16 0.937156 5.5678e-33
v -0.0903402 0.185273 -0.0118038
vn -0.211113 3.97191e-17 0.721977
v -0.13917 0.185273 -0.0263559
vn -0.211113 3.97191e-17 0.721977
v -0.13917 0.185273 -0.0263559
vn 0.211113 -3.97191e-17 -0.721977
v -0.0903402 0.185273 -0.0118038
vn 0.211113 -3.97191e-17 -0.721977
v -0.0820826 0.177038 -0.00934314
vn -0.211113 1.74661e-06 0.721977
v -0.0820826 0.177038 -0.00934314
vn 0.211113 -1.74661e-06 -0.721977
v -0.0892694 0.175802 -0.0113924
vn 1.68134e-16 0.937156 5.5678e-33
v -0.0820139 0.175802 -0.00932236
vn 1.68134e-16 0.937156 5.5678e-33
v -0.0903402 0.175802 -0.0118038
vn 1.68134e-16 0.937156 5.5678e-33
v -0.0903402 0.175802 -0.0118038
vn -1.68134e-16 -0.937156 -5.5678e-33
v -0.0820139 0.175802 -0.00932236
vn -1.68134e-16 -0.937156 -5.5678e-33
v -0.0892694 0.175802 -0.0113924
vn -1.68134e-16 -0.937156 -5.5678e-33
v -0.113537 -0.26696 0.114087
vn -0.107301 0.930153 -0.0211503
v -0.113537 -0.26696 0.114087
vn 0.107301 -0.930153 0.0211503
v -0.149486 -0.26696 0.299941
vn 0.0961257 -1.80852e-17 -0.738286
v -0.149486 -0.26696 0.299941
vn -0.0961257 1.80852e-17 0.738286
v -0.114608 0.266569 0.113674
vn -0.0539651 -0.935389 -0.0106372
v -0.149486 0.266488 0.299941
vn -0.107308 -0.930152 -0.0211517
v -0.150588 0.266569 0.299704
vn -0.0539651 -0.935389 -0.0106372
v -0.150588 0.266569 0.299704
vn 0.0539651 0.935389 0.0106372
v -0.149486 0.266488 0.299941
vn 0.107308 0.930152 0.0211517
v -0.114608 0.266569 0.113674
vn 0.0539651 0.935389 0.0106372
v -0.113537 -0.195212 0.114087
vn -0.323881 6.09354e-17 0.693241
v -0.113537 -0.195212 0.114087
vn 0.323881 -6.09354e-17 -0.693241
v -0.0892694 -0.195212 -0.0113924
vn -0.107421 0.930138 -0.021174
v -0.0892694 -0.195212 -0.0113924
vn 0.107421 -0.930138 0.021174
v -0.0892694 -0.195212 -0.0113924
vn -0.323031 6.07755e-17 0.693508
v -0.0892694 -0.195212 -0.0113924
vn 0.323031 -6.07755e-17 -0.693508
v -0.114608 0.185273 0.113674
vn -0.21111 3.97186e-17 0.721978
v -0.114608 0.185273 0.113674
vn 0.21111 -3.97186e-17 -0.721978
v -0.114608 0.185273 0.113674
vn -1.68134e-16 -0.937156 -5.5678e-33
v -0.114608 0.185273 0.113674
vn 1.68134e-16 0.937156 5.5678e-33
v -0.0892531 0.185191 -0.01148
vn -0.211113 8.49244e-07 0.721977
v -0.0892531 0.185191 -0.01148
vn 0.211113 -8.49244e-07 -0.721977
v -0.0822934 0.178254 -0.00940776
vn -0.211113 2.47087e-06 0.721977
v -0.0822934 0.178254 -0.00940776
vn 0.211113 -2.47087e-06 -0.721977
v -0.0820139 0.175802 -0.00932236
vn -0.877211 -0.0653308 -0.172909
v -0.108091 0.177038 0.125121
vn -0.87086 -0.129918 -0.171658
v -0.0820826 0.177038 -0.00934314
vn -0.87086 -0.129918 -0.171658
v -0.0820826 0.177038 -0.00934314
vn 0.87086 0.129918 0.171658
v -0.108091 0.177038 0.125121
vn 0.87086 0.129918 0.171658
v -0.0820139 0.175802 -0.00932236
vn 0.877211 0.0653308 0.172909
v -0.0882511 0.175802 -0.0108096
vn 1.68134e-16 0.937156 5.5678e-33
v -0.0882511 0.175802 -0.0108096
vn -1.68134e-16 -0.937156 -5.5678e-33
v -0.148367 -0.266718 0.3
vn -0.21389 0.90901 -0.0421607
v -0.113537 -0.26696 0.114087
vn -0.108245 0.930029 -0.0213364
v -0.149486 -0.26696 0.299941
vn -0.108245 0.930029 -0.0213364
v -0.149486 -0.26696 0.299941
vn 0.108245 -0.930029 0.0213364
v -0.113537 -0.26696 0.114087
vn 0.108245 -0.930029 0.0213364
v -0.148367 -0.266718 0.3
vn 0.21389 -0.90901 0.0421607
v -0.148367 0.266246 0.3
vn -0.0219904 4.13731e-18 -0.742273
v -0.149486 -0.26696 0.299941
vn 0.0930265 -1.75021e-17 -0.738554
v -0.149486 0.266488 0.299941
vn 0.0930265 -1.75021e-17 -0.738554
v -0.149486 0.266488 0.299941
vn -0.0930265 1.75021e-17 0.738554
v -0.149486 -0.26696 0.299941
vn -0.0930265 1.75021e-17 0.738554
v -0.148367 0.266246 0.3
vn 0.0219904 -4.13731e-18 0.742273
v -0.113537 0.266488 0.114087
vn -0.107306 -0.930153 -0.0211514
v -0.113537 0.266488 0.114087
vn 0.107306 0.930153 0.0211514
v -0.112523 -0.266718 0.114669
vn -0.431321 8.11492e-17 0.6526
v -0.113537 -0.195212 0.114087
vn -0.324293 6.10129e-17 0.693111
v -0.113537 -0.26696 0.114087
vn -0.324293 6.10129e-17 0.693111
v -0.113537 -0.26696 0.114087
vn 0.324293 -6.10129e-17 -0.693111
v -0.113537 -0.195212 0.114087
vn 0.324293 -6.10129e-17 -0.693111
v -0.112523 -0.266718 0.114669
vn 0.431321 -8.11492e-17 -0.6526
v -0.112523 -0.194971 0.114669
vn -0.213973 0.908988 -0.0421768
v -0.0892694 -0.195212 -0.0113924
vn -0.108058 0.930053 -0.0212996
v -0.113537 -0.195212 0.114087
vn -0.108058 0.930053 -0.0212996
v -0.113537 -0.195212 0.114087
vn 0.108058 -0.930053 0.0212996
v -0.0892694 -0.195212 -0.0113924
vn 0.108058 -0.930053 0.0212996
v -0.112523 -0.194971 0.114669
vn 0.213973 -0.908988 0.0421768
v -0.0892694 -0.195212 -0.0113924
vn -0.325131 6.11706e-17 0.692846
v -0.0882511 0.175802 -0.0108096
vn -0.430524 8.09994e-17 0.652955
v -0.0892694 0.175802 -0.0113924
vn -0.325131 6.11706e-17 0.692846
v -0.0892694 0.175802 -0.0113924
vn 0.325131 -6.11706e-17 -0.692846
v -0.0882511 0.175802 -0.0108096
vn 0.430524 -8.09994e-17 -0.652955
v -0.0892694 -0.195212 -0.0113924
vn 0.325131 -6.11706e-17 -0.692846
v -0.114608 0.185273 0.113674
vn -0.268174 5.04546e-17 0.709095
v -0.113537 0.266488 0.114087
vn -0.323854 6.09303e-17 0.69325
v -0.114608 0.266569 0.113674
vn -0.268174 5.04546e-17 0.709095
v -0.114608 0.266569 0.113674
vn 0.268174 -5.04546e-17 -0.709095
v -0.113537 0.266488 0.114087
vn 0.323854 -6.09303e-17 -0.69325
v -0.114608 0.185273 0.113674
vn 0.268174 -5.04546e-17 -0.709095
v -0.0892531 0.185191 -0.01148
vn -0.107421 -0.930137 -0.021174
v -0.114608 0.185273 0.113674
vn -0.0539447 -0.935391 -0.0106332
v -0.0903402 0.185273 -0.0118038
vn -0.0539447 -0.935391 -0.0106332
v -0.0903402 0.185273 -0.0118038
vn 0.0539447 0.935391 0.0106332
v -0.114608 0.185273 0.113674
vn 0.0539447 0.935391 0.0106332
v -0.0892531 0.185191 -0.01148
vn 0.107421 0.930137 0.021174
v -0.0881824 0.18495 -0.0111623
vn -0.211112 -2.56843e-06 0.721977
v -0.0881824 0.18495 -0.0111623
vn 0.211112 2.56843e-06 -0.721977
v -0.082647 0.179426 -0.00951096
vn -0.211113 -4.31304e-06 0.721977
v -0.082647 0.179426 -0.00951096
vn 0.211113 4.31304e-06 -0.721977
v -0.0820826 0.177038 -0.00934314
vn -0.870764 -0.130644 -0.171639
v -0.108049 0.178254 0.123732
vn -0.845606 -0.257123 -0.16668
v -0.0822934 0.178254 -0.00940776
vn -0.845606 -0.257123 -0.16668
v -0.0822934 0.178254 -0.00940776
vn 0.845606 0.257123 0.16668
v -0.108049 0.178254 0.123732
vn 0.845606 0.257123 0.16668
v -0.0820826 0.177038 -0.00934314
vn 0.870764 0.130644 0.171639
v -0.108091 0.177038 0.125121
vn -0.870803 -0.130353 -0.171646
v -0.0820139 0.175802 -0.00932236
vn -0.877207 -0.0653862 -0.172909
v -0.0840134 0.175802 0.00101314
vn -0.877207 -0.0653862 -0.172909
v -0.0840134 0.175802 0.00101314
vn 0.877207 0.0653862 0.172909
v -0.0820139 0.175802 -0.00932236
vn 0.877207 0.0653862 0.172909
v -0.108091 0.177038 0.125121
vn 0.870803 0.130353 0.171646
v -0.108049 0.178254 0.123732
vn -0.845603 -0.257136 -0.166679
v -0.0820826 0.177038 -0.00934314
vn -0.870761 -0.130666 -0.171638
v -0.108091 0.177038 0.125121
vn -0.870761 -0.130666 -0.171638
v -0.108091 0.177038 0.125121
vn 0.870761 0.130666 0.171638
v -0.0820826 0.177038 -0.00934314
vn 0.870761 0.130666 0.171638
v -0.108049 0.178254 0.123732
vn 0.845603 0.257136 0.166679
v -0.0873061 0.175802 -0.0100678
vn 1.68134e-16 0.937156 5.5678e-33
v -0.0873061 0.175802 -0.0100678
vn -1.68134e-16 -0.937156 -5.5678e-33
v -0.112523 -0.266718 0.114669
vn -0.213897 0.909009 -0.0421618
v -0.112523 -0.266718 0.114669
vn 0.213897 -0.909009 0.0421618
v -0.148367 -0.266718 0.3
vn -0.021992 4.13759e-18 -0.742273
v -0.148367 -0.266718 0.3
vn 0.021992 -4.13759e-18 0.742273
v -0.149486 0.266488 0.299941
vn -0.108243 -0.930029 -0.021336
v -0.112523 0.266246 0.114669
vn -0.213891 -0.90901 -0.0421607
v -0.148367 0.266246 0.3
vn -0.213891 -0.90901 -0.0421607
v -0.148367 0.266246 0.3
vn 0.213891 0.90901 0.0421607
v -0.112523 0.266246 0.114669
vn 0.213891 0.90901 0.0421607
v -0.149486 0.266488 0.299941
vn 0.108243 0.930029 0.021336
v -0.113537 0.266488 0.114087
vn -0.108247 -0.930028 -0.021337
v -0.113537 0.266488 0.114087
vn 0.108247 0.930028 0.021337
v -0.112523 -0.194971 0.114669
vn -0.431321 8.11492e-17 0.6526
v -0.112523 -0.194971 0.114669
vn 0.431321 -8.11492e-17 -0.6526
v -0.0882511 -0.194971 -0.0108096
vn -0.213969 0.90899 -0.042176
v -0.0882511 -0.194971 -0.0108096
vn 0.213969 -0.90899 0.042176
v -0.0882511 -0.194971 -0.0108096
vn -0.430525 8.09995e-17 0.652955
v -0.0882511 -0.194971 -0.0108096
vn 0.430525 -8.09995e-17 -0.652955
v -0.113537 0.185191 0.114087
vn -0.323854 6.09303e-17 0.69325
v -0.113537 0.185191 0.114087
vn 0.323854 -6.09303e-17 -0.69325
v -0.113537 0.185191 0.114087
vn -0.107421 -0.930138 -0.0211739
v -0.113537 0.185191 0.114087
vn 0.107421 0.930138 0.0211739
v -0.0871533 0.184552 -0.0108541
vn -0.211113 1.6793e-06 0.721977
v -0.0871533 0.184552 -0.0108541
vn 0.211113 -1.6793e-06 -0.721977
v -0.0881824 0.18495 -0.0111623
vn -0.213967 -0.90899 -0.0421757
v -0.113537 0.185191 0.114087
vn -0.108056 -0.930053 -0.0212991
v -0.0892531 0.185191 -0.01148
vn -0.108056 -0.930053 -0.0212991
v -0.0892531 0.185191 -0.01148
vn 0.108056 0.930053 0.0212991
v -0.113537 0.185191 0.114087
vn 0.108056 0.930053 0.0212991
v -0.0881824 0.18495 -0.0111623
vn 0.213967 0.90899 0.0421757
v -0.0831272 0.180537 -0.00965426
vn -0.211113 1.18437e-06 0.721977
v -0.0831272 0.180537 -0.00965426
vn 0.211113 -1.18437e-06 -0.721977
v -0.0822934 0.178254 -0.00940776
vn -0.845414 -0.257842 -0.166642
v -0.108149 0.179426 0.122347
vn -0.804503 -0.378349 -0.158578
v -0.082647 0.179426 -0.00951096
vn -0.804503 -0.378349 -0.158578
v -0.082647 0.179426 -0.00951096
vn 0.804503 0.378349 0.158578
v -0.108149 0.179426 0.122347
vn 0.804503 0.378349 0.158578
v -0.0822934 0.178254 -0.00940776
vn 0.845414 0.257842 0.166642
v -0.108149 0.179426 0.122347
vn -0.804515 -0.378319 -0.15858
v -0.0822934 0.178254 -0.00940776
vn -0.84542 -0.257816 -0.166644
v -0.108049 0.178254 0.123732
vn -0.84542 -0.257816 -0.166644
v -0.108049 0.178254 0.123732
vn 0.84542 0.257816 0.166644
v -0.0822934 0.178254 -0.00940776
vn 0.84542 0.257816 0.166644
v -0.108149 0.179426 0.122347
vn 0.804515 0.378319 0.15858
v -0.0838235 0.175802 -0.000356763
vn 1.68134e-16 0.937156 5.5678e-33
v -0.0840134 0.175802 0.00101314
vn 1.68134e-16 0.937156 5.5678e-33
v -0.0840134 0.175802 0.00101314
vn -1.68134e-16 -0.937156 -5.5678e-33
v -0.0838235 0.175802 -0.000356763
vn -1.68134e-16 -0.937156 -5.5678e-33
v -0.108091 0.177038 0.125121
vn -0.870854 -0.12996 -0.171657
v -0.0840134 0.175802 0.00101314
vn -0.87721 -0.0653454 -0.172909
v -0.108281 0.175802 0.126492
vn -0.87721 -0.0653454 -0.172909
v -0.108281 0.175802 0.126492
vn 0.87721 0.0653454 0.172909
v -0.0840134 0.175802 0.00101314
vn 0.87721 0.0653454 0.172909
v -0.108091 0.177038 0.125121
vn 0.870854 0.12996 0.171657
v -0.108091 0.258335 0.125121
vn -0.899411 1.69216e-16 -0.0774011
v -0.108049 0.178254 0.123732
vn -0.904034 1.70087e-16 0.0192385
v -0.108091 0.177038 0.125121
vn -0.899411 1.69216e-16 -0.0774011
v -0.108091 0.177038 0.125121
vn 0.899411 -1.69216e-16 0.0774011
v -0.108049 0.178254 0.123732
vn 0.904034 -1.70087e-16 -0.0192385
v -0.108091 0.258335 0.125121
vn 0.899411 -1.69216e-16 0.0774011
v -0.0882511 0.175802 -0.0108096
vn -0.432508 8.13727e-17 0.65207
v -0.0873061 -0.194572 -0.0100678
vn -0.530668 9.98405e-17 0.601218
v -0.0873061 0.175802 -0.0100678
vn -0.530668 9.98405e-17 0.601218
v -0.0873061 0.175802 -0.0100678
vn 0.530668 -9.98405e-17 -0.601218
v -0.0873061 -0.194572 -0.0100678
vn 0.530668 -9.98405e-17 -0.601218
v -0.0882511 0.175802 -0.0108096
vn 0.432508 -8.13727e-17 -0.65207
v -0.0864406 0.175802 -0.00917831
vn 1.68134e-16 0.937156 5.5678e-33
v -0.0864406 0.175802 -0.00917831
vn -1.68134e-16 -0.937156 -5.5678e-33
v -0.147249 -0.26632 0.299869
vn -0.318022 0.873722 -0.0626861
v -0.112523 -0.266718 0.114669
vn -0.214805 0.908766 -0.0423408
v -0.148367 -0.266718 0.3
vn -0.214805 0.908766 -0.0423408
v -0.148367 -0.266718 0.3
vn 0.214805 -0.908766 0.0423408
v -0.112523 -0.266718 0.114669
vn 0.214805 -0.908766 0.0423408
v -0.147249 -0.26632 0.299869
vn 0.318022 -0.873722 0.0626861
v -0.147249 0.265848 0.299869
vn -0.139952 2.63307e-17 -0.733548
v -0.148367 -0.266718 0.3
vn -0.0253385 4.76722e-18 -0.742201
v -0.148367 0.266246 0.3
vn -0.0253385 4.76722e-18 -0.742201
v -0.148367 0.266246 0.3
vn 0.0253385 -4.76722e-18 0.742201
v -0.148367 -0.266718 0.3
vn 0.0253385 -4.76722e-18 0.742201
v -0.147249 0.265848 0.299869
vn 0.139952 -2.63307e-17 0.733548
v -0.111574 0.265848 0.11541
vn -0.318022 -0.873722 -0.0626863
v -0.148367 0.266246 0.3
vn -0.214805 -0.908766 -0.0423409
v -0.112523 0.266246 0.114669
vn -0.214805 -0.908766 -0.0423409
v -0.112523 0.266246 0.114669
vn 0.214805 0.908766 0.0423409
v -0.148367 0.266246 0.3
vn 0.214805 0.908766 0.0423409
v -0.111574 0.265848 0.11541
vn 0.318022 0.873722 0.0626863
v -0.113537 0.185191 0.114087
vn -0.324321 6.10181e-17 0.693103
v -0.112523 0.266246 0.114669
vn -0.431296 8.11445e-17 0.652612
v -0.113537 0.266488 0.114087
vn -0.324321 6.10181e-17 0.693103
v -0.113537 0.266488 0.114087
vn 0.324321 -6.10181e-17 -0.693103
v -0.112523 0.266246 0.114669
vn 0.431296 -8.11445e-17 -0.652612
v -0.113537 0.185191 0.114087
vn 0.324321 -6.10181e-17 -0.693103
v -0.111574 -0.26632 0.11541
vn -0.531374 9.99734e-17 0.600797
v -0.112523 -0.194971 0.114669
vn -0.431702 8.12209e-17 0.652431
v -0.112523 -0.266718 0.114669
vn -0.431702 8.12209e-17 0.652431
v -0.112523 -0.266718 0.114669
vn 0.431702 -8.12209e-17 -0.652431
v -0.112523 -0.194971 0.114669
vn 0.431702 -8.12209e-17 -0.652431
v -0.111574 -0.26632 0.11541
vn 0.531374 -9.99734e-17 -0.600797
v -0.112523 -0.194971 0.114669
vn -0.214594 0.908822 -0.0422993
v -0.0873061 -0.194572 -0.0100678
vn -0.318076 0.873699 -0.062697
v -0.0882511 -0.194971 -0.0108096
vn -0.214594 0.908822 -0.0422993
v -0.0882511 -0.194971 -0.0108096
vn 0.214594 -0.908822 0.0422993
v -0.0873061 -0.194572 -0.0100678
vn 0.318076 -0.873699 0.062697
v -0.112523 -0.194971 0.114669
vn 0.214594 -0.908822 0.0422993
v -0.0882511 -0.194971 -0.0108096
vn -0.43251 8.13729e-17 0.652069
v -0.0882511 -0.194971 -0.0108096
vn 0.43251 -8.13729e-17 -0.652069
v -0.0861775 0.184004 -0.0105638
vn -0.211113 -9.0202e-08 0.721977
v -0.0861775 0.184004 -0.0105638
vn 0.211113 9.0202e-08 -0.721977
v -0.111574 0.184552 0.11541
vn -0.318073 -0.8737 -0.0626961
v -0.0881824 0.18495 -0.0111623
vn -0.214593 -0.908822 -0.0422991
v -0.0871533 0.184552 -0.0108541
vn -0.318073 -0.8737 -0.0626961
v -0.0871533 0.184552 -0.0108541
vn 0.318073 0.8737 0.0626961
v -0.0881824 0.18495 -0.0111623
vn 0.214593 0.908822 0.0422991
v -0.111574 0.184552 0.11541
vn 0.318073 0.8737 0.0626961
v -0.112523 0.18495 0.114669
vn -0.213973 -0.908988 -0.0421768
v -0.112523 0.18495 0.114669
vn 0.213973 0.908988 0.0421768
v -0.083734 0.181567 -0.00983542
vn -0.211113 -2.14144e-07 0.721977
v -0.083734 0.181567 -0.00983542
vn 0.211113 2.14144e-07 -0.721977
v -0.108149 0.179426 0.122347
vn -0.804239 -0.378984 -0.158526
v -0.0831272 0.180537 -0.00965426
vn -0.748984 -0.491027 -0.147634
v -0.082647 0.179426 -0.00951096
vn -0.804239 -0.378984 -0.158526
v -0.082647 0.179426 -0.00951096
vn 0.804239 0.378984 0.158526
v -0.0831272 0.180537 -0.00965426
vn 0.748984 0.491027 0.147634
v -0.108149 0.179426 0.122347
vn 0.804239 0.378984 0.158526
v -0.108049 0.178254 0.123732
vn -0.904021 1.70084e-16 0.0196325
v -0.108149 0.260722 0.122347
vn -0.893244 1.68056e-16 0.115941
v -0.108149 0.179426 0.122347
vn -0.893244 1.68056e-16 0.115941
v -0.108149 0.179426 0.122347
vn 0.893244 -1.68056e-16 -0.115941
v -0.108149 0.260722 0.122347
vn 0.893244 -1.68056e-16 -0.115941
v -0.108049 0.178254 0.123732
vn 0.904021 -1.70084e-16 -0.0196325
v -0.0837765 0.175802 -0.00174598
vn 1.68134e-16 0.937156 5.5678e-33
v -0.0837765 0.175802 -0.00174598
vn -1.68134e-16 -0.937156 -5.5678e-33
v -0.0838235 0.175802 -0.000356763
vn -0.899268 1.69189e-16 -0.0785067
v -0.0840134 -0.185823 0.00101314
vn -0.891274 1.67686e-16 -0.125745
v -0.0840134 0.175802 0.00101314
vn -0.891274 1.67686e-16 -0.125745
v -0.0840134 0.175802 0.00101314
vn 0.891274 -1.67686e-16 0.125745
v -0.0840134 -0.185823 0.00101314
vn 0.891274 -1.67686e-16 0.125745
v -0.0838235 0.175802 -0.000356763
vn 0.899268 -1.69189e-16 0.0785067
v -0.0840134 0.175802 0.00101314
vn -0.879353 1.65442e-16 -0.173322
v -0.108281 -0.185823 0.126492
vn -0.879353 1.65442e-16 -0.173322
v -0.108281 0.175802 0.126492
vn -0.879353 1.65442e-16 -0.173322
v -0.108281 0.175802 0.126492
vn 0.879353 -1.65442e-16 0.173322
v -0.108281 -0.185823 0.126492
vn 0.879353 -1.65442e-16 0.173322
v -0.0840134 0.175802 0.00101314
vn 0.879353 -1.65442e-16 0.173322
v -0.108281 0.257098 0.126492
vn -0.891275 1.67686e-16 -0.125741
v -0.108091 0.177038 0.125121
vn -0.899357 1.69206e-16 -0.0778154
v -0.108281 0.175802 0.126492
vn -0.891275 1.67686e-16 -0.125741
v -0.108281 0.175802 0.126492
vn 0.891275 -1.67686e-16 0.125741
v -0.108091 0.177038 0.125121
vn 0.899357 -1.69206e-16 0.0778154
v -0.108281 0.257098 0.126492
vn 0.891275 -1.67686e-16 0.125741
v -0.108049 0.259549 0.123732
vn -0.904034 1.70087e-16 0.0192385
v -0.108049 0.259549 0.123732
vn 0.904034 -1.70087e-16 -0.0192385
v -0.108091 0.258335 0.125121
vn -0.899357 1.69206e-16 -0.0778154
v -0.108091 0.258335 0.125121
vn 0.899357 -1.69206e-16 0.0778154
v -0.0873061 -0.194572 -0.0100678
vn -0.532429 1.00172e-16 0.600168
v -0.0864406 0.175802 -0.00917831
vn -0.621661 1.1696e-16 0.539242
v -0.0873061 0.175802 -0.0100678
vn -0.532429 1.00172e-16 0.600168
v -0.0873061 0.175802 -0.0100678
vn 0.532429 -1.00172e-16 -0.600168
v -0.0864406 0.175802 -0.00917831
vn 0.621661 -1.1696e-16 -0.539242
v -0.0873061 -0.194572 -0.0100678
vn 0.532429 -1.00172e-16 -0.600168
v -0.085681 0.175802 -0.00815666
vn 1.68134e-16 0.937156 5.5678e-33
v -0.085681 0.175802 -0.00815666
vn -1.68134e-16 -0.937156 -5.5678e-33
v -0.111574 -0.26632 0.11541
vn -0.318023 0.873721 -0.0626863
v -0.111574 -0.26632 0.11541
vn 0.318023 -0.873721 0.0626863
v -0.147249 -0.26632 0.299869
vn -0.139954 2.63312e-17 -0.733547
v -0.147249 -0.26632 0.299869
vn 0.139954 -2.63312e-17 0.733547
v -0.147249 0.265848 0.299869
vn -0.318023 -0.873722 -0.0626863
v -0.147249 0.265848 0.299869
vn 0.318023 0.873722 0.0626863
v -0.112523 0.18495 0.114669
vn -0.431727 8.12256e-17 0.652419
v -0.111574 0.265848 0.11541
vn -0.531351 9.9969e-17 0.600812
v -0.112523 0.266246 0.114669
vn -0.431727 8.12256e-17 0.652419
v -0.112523 0.266246 0.114669
vn 0.431727 -8.12256e-17 -0.652419
v -0.111574 0.265848 0.11541
vn 0.531351 -9.9969e-17 -0.600812
v -0.112523 0.18495 0.114669
vn 0.431727 -8.12256e-17 -0.652419
v -0.112523 0.18495 0.114669
vn -0.431296 8.11445e-17 0.652612
v -0.112523 0.18495 0.114669
vn 0.431296 -8.11445e-17 -0.652612
v -0.111574 -0.194572 0.11541
vn -0.531374 9.99734e-17 0.600797
v -0.111574 -0.194572 0.11541
vn 0.531374 -9.99734e-17 -0.600797
v -0.111574 -0.194572 0.11541
vn -0.318071 0.873701 -0.0626957
v -0.111574 -0.194572 0.11541
vn 0.318071 -0.873701 0.0626957
v -0.0852695 0.183315 -0.0102935
vn -0.211113 -8.03762e-08 0.721977
v -0.0852695 0.183315 -0.0102935
vn 0.211113 8.03762e-08 -0.721977
v -0.110714 0.184004 0.1163
vn -0.418367 -0.824295 -0.0824657
v -0.0871533 0.184552 -0.0108541
vn -0.318679 -0.87345 -0.0628157
v -0.0861775 0.184004 -0.0105638
vn -0.418367 -0.824295 -0.0824657
v -0.0861775 0.184004 -0.0105638
vn 0.418367 0.824295 0.0824657
v -0.0871533 0.184552 -0.0108541
vn 0.318679 0.87345 0.0628157
v -0.110714 0.184004 0.1163
vn 0.418367 0.824295 0.0824657
v -0.112523 0.18495 0.114669
vn -0.214588 -0.908824 -0.042298
v -0.112523 0.18495 0.114669
vn 0.214588 0.908824 0.042298
v -0.111574 0.184552 0.11541
vn -0.318677 -0.873451 -0.0628152
v -0.111574 0.184552 0.11541
vn 0.318677 0.873451 0.0628152
v -0.084452 0.182499 -0.0100493
vn -0.211113 8.44512e-07 0.721977
v -0.084452 0.182499 -0.0100493
vn 0.211113 -8.44512e-07 -0.721977
v -0.108398 0.180537 0.120992
vn -0.748624 -0.49165 -0.147563
v -0.083734 0.181567 -0.00983542
vn -0.680752 -0.593219 -0.134185
v -0.0831272 0.180537 -0.00965426
vn -0.748624 -0.49165 -0.147563
v -0.0831272 0.180537 -0.00965426
vn 0.748624 0.49165 0.147563
v -0.083734 0.181567 -0.00983542
vn 0.680752 0.593219 0.134185
v -0.108398 0.180537 0.120992
vn 0.748624 0.49165 0.147563
v -0.0831272 0.180537 -0.00965426
vn -0.748976 -0.491041 -0.147633
v -0.108149 0.179426 0.122347
vn -0.804235 -0.378994 -0.158525
v -0.108398 0.180537 0.120992
vn -0.748976 -0.491041 -0.147633
v -0.108398 0.180537 0.120992
vn 0.748976 0.491041 0.147633
v -0.108149 0.179426 0.122347
vn 0.804235 0.378994 0.158525
v -0.0831272 0.180537 -0.00965426
vn 0.748976 0.491041 0.147633
v -0.108049 0.259549 0.123732
vn -0.904021 1.70084e-16 0.0196325
v -0.108049 0.259549 0.123732
vn 0.904021 -1.70084e-16 -0.0196325
v -0.108149 0.260722 0.122347
vn -0.893164 1.68041e-16 0.116357
v -0.108398 0.180537 0.120992
vn -0.867166 1.6315e-16 0.210688
v -0.108149 0.179426 0.122347
vn -0.893164 1.68041e-16 0.116357
v -0.108149 0.179426 0.122347
vn 0.893164 -1.68041e-16 -0.116357
v -0.108398 0.180537 0.120992
vn 0.867166 -1.6315e-16 -0.210688
v -0.108149 0.260722 0.122347
vn 0.893164 -1.68041e-16 -0.116357
v -0.0838823 0.175802 -0.00312998
vn 1.68134e-16 0.937156 5.5678e-33
v -0.0838823 0.175802 -0.00312998
vn -1.68134e-16 -0.937156 -5.5678e-33
v -0.0837765 0.175802 -0.00174598
vn -0.904057 1.70091e-16 0.0184993
v -0.0838235 -0.187059 -0.000356763
vn -0.899493 1.69232e-16 -0.0767529
v -0.0838235 0.175802 -0.000356763
vn -0.899493 1.69232e-16 -0.0767529
v -0.0838235 0.175802 -0.000356763
vn 0.899493 -1.69232e-16 0.0767529
v -0.0838235 -0.187059 -0.000356763
vn 0.899493 -1.69232e-16 0.0767529
v -0.0837765 0.175802 -0.00174598
vn 0.904057 -1.70091e-16 -0.0184993
v -0.0838235 -0.187059 -0.000356763
vn -0.899268 1.69189e-16 -0.0785097
v -0.0838235 -0.187059 -0.000356763
vn 0.899268 -1.69189e-16 0.0785097
v -0.0840134 -0.185823 0.00101314
vn -0.879353 1.65442e-16 -0.173322
v -0.0840134 -0.185823 0.00101314
vn 0.879353 -1.65442e-16 0.173322
v -0.108281 0.175802 0.126492
vn -0.879351 1.65442e-16 -0.173331
v -0.108281 -0.185823 0.126492
vn -0.879351 1.65442e-16 -0.173331
v -0.108281 -0.25757 0.126492
vn -0.879351 1.65442e-16 -0.173331
v -0.108281 -0.25757 0.126492
vn 0.879351 -1.65442e-16 0.173331
v -0.108281 -0.185823 0.126492
vn 0.879351 -1.65442e-16 0.173331
v -0.108281 0.175802 0.126492
vn 0.879351 -1.65442e-16 0.173331
v -0.140263 0.257098 0.291851
vn -0.879351 1.65442e-16 -0.17333
v -0.108281 0.257098 0.126492
vn -0.879351 1.65442e-16 -0.17333
v -0.108281 0.257098 0.126492
vn 0.879351 -1.65442e-16 0.17333
v -0.140263 0.257098 0.291851
vn 0.879351 -1.65442e-16 0.17333
v -0.108091 0.258335 0.125121
vn -0.870751 -0.13074 -0.171636
v -0.141065 0.259549 0.294445
vn -0.84564 -0.256996 -0.166687
v -0.108049 0.259549 0.123732
vn -0.84564 -0.256996 -0.166687
v -0.108049 0.259549 0.123732
vn 0.84564 0.256996 0.166687
v -0.141065 0.259549 0.294445
vn 0.84564 0.256996 0.166687
v -0.108091 0.258335 0.125121
vn 0.870751 0.13074 0.171636
v -0.108281 0.257098 0.126492
vn -0.877211 -0.0653289 -0.172909
v -0.140595 0.258335 0.293182
vn -0.870873 -0.129814 -0.171661
v -0.108091 0.258335 0.125121
vn -0.870873 -0.129814 -0.171661
v -0.108091 0.258335 0.125121
vn 0.870873 0.129814 0.171661
v -0.140595 0.258335 0.293182
vn 0.870873 0.129814 0.171661
v -0.108281 0.257098 0.126492
vn 0.877211 0.0653289 0.172909
v -0.0864406 -0.194025 -0.00917831
vn -0.621661 1.1696e-16 0.539241
v -0.0864406 -0.194025 -0.00917831
vn 0.621661 -1.1696e-16 -0.539241
v -0.0864406 -0.194025 -0.00917831
vn -0.623323 1.17273e-16 0.537947
v -0.085681 0.175802 -0.00815666
vn -0.702107 1.32095e-16 0.467969
v -0.0864406 0.175802 -0.00917831
vn -0.623323 1.17273e-16 0.537947
v -0.0864406 0.175802 -0.00917831
vn 0.623323 -1.17273e-16 -0.537947
v -0.085681 0.175802 -0.00815666
vn 0.702107 -1.32095e-16 -0.467969
v -0.0864406 -0.194025 -0.00917831
vn 0.623323 -1.17273e-16 -0.537947
v -0.0850371 0.175802 -0.00702212
vn 1.68134e-16 0.937156 5.5678e-33
v -0.0850371 0.175802 -0.00702212
vn -1.68134e-16 -0.937156 -5.5678e-33
v -0.146156 -0.265772 0.299561
vn -0.418345 0.824308 -0.0824612
v -0.111574 -0.26632 0.11541
vn -0.318906 0.873355 -0.0628604
v -0.147249 -0.26632 0.299869
vn -0.318906 0.873355 -0.0628604
v -0.147249 -0.26632 0.299869
vn 0.318906 -0.873355 0.0628604
v -0.111574 -0.26632 0.11541
vn 0.318906 -0.873355 0.0628604
v -0.146156 -0.265772 0.299561
vn 0.418345 -0.824308 0.0824612
v -0.146156 0.265299 0.299561
vn -0.25533 4.8038e-17 -0.712284
v -0.147249 -0.26632 0.299869
vn -0.143055 2.69147e-17 -0.733144
v -0.147249 0.265848 0.299869
vn -0.143055 2.69147e-17 -0.733144
v -0.147249 0.265848 0.299869
vn 0.143055 -2.69147e-17 0.733144
v -0.147249 -0.26632 0.299869
vn 0.143055 -2.69147e-17 0.733144
v -0.146156 0.265299 0.299561
vn 0.25533 -4.8038e-17 0.712284
v -0.111574 0.265848 0.11541
vn -0.318906 -0.873355 -0.0628604
v -0.146156 0.265299 0.299561
vn -0.418345 -0.824308 -0.0824612
v -0.147249 0.265848 0.299869
vn -0.318906 -0.873355 -0.0628604
v -0.147249 0.265848 0.299869
vn 0.318906 0.873355 0.0628604
v -0.146156 0.265299 0.299561
vn 0.418345 0.824308 0.0824612
v -0.111574 0.265848 0.11541
vn 0.318906 0.873355 0.0628604
v -0.111574 0.184552 0.11541
vn -0.531351 9.9969e-17 0.600812
v -0.111574 0.184552 0.11541
vn 0.531351 -9.9969e-17 -0.600812
v -0.110714 -0.265772 0.1163
vn -0.622347 1.17089e-16 0.538708
v -0.111574 -0.194572 0.11541
vn -0.531735 1.00041e-16 0.600582
v -0.111574 -0.26632 0.11541
vn -0.531735 1.00041e-16 0.600582
v -0.111574 -0.26632 0.11541
vn 0.531735 -1.00041e-16 -0.600582
v -0.111574 -0.194572 0.11541
vn 0.531735 -1.00041e-16 -0.600582
v -0.110714 -0.265772 0.1163
vn 0.622347 -1.17089e-16 -0.538708
v -0.111574 -0.194572 0.11541
vn -0.318663 0.873457 -0.0628125
v -0.0864406 -0.194025 -0.00917831
vn -0.418356 0.824302 -0.0824634
v -0.0873061 -0.194572 -0.0100678
vn -0.318663 0.873457 -0.0628125
v -0.0873061 -0.194572 -0.0100678
vn 0.318663 -0.873457 0.0628125
v -0.0864406 -0.194025 -0.00917831
vn 0.418356 -0.824302 0.0824634
v -0.111574 -0.194572 0.11541
vn 0.318663 -0.873457 0.0628125
v -0.0852695 0.183315 -0.0102935
vn -0.513318 -0.760911 -0.101182
v -0.110714 0.184004 0.1163
vn -0.418932 -0.823969 -0.082577
v -0.0861775 0.184004 -0.0105638
vn -0.418932 -0.823969 -0.082577
v -0.0861775 0.184004 -0.0105638
vn 0.418932 0.823969 0.082577
v -0.110714 0.184004 0.1163
vn 0.418932 0.823969 0.082577
v -0.0852695 0.183315 -0.0102935
vn 0.513318 0.760911 0.101182
v -0.110714 0.265299 0.1163
vn -0.622326 1.17085e-16 0.538724
v -0.111574 0.184552 0.11541
vn -0.53176 1.00046e-16 0.600568
v -0.110714 0.184004 0.1163
vn -0.622326 1.17085e-16 0.538724
v -0.110714 0.184004 0.1163
vn 0.622326 -1.17085e-16 -0.538724
v -0.111574 0.184552 0.11541
vn 0.53176 -1.00046e-16 -0.600568
v -0.110714 0.265299 0.1163
vn 0.622326 -1.17085e-16 -0.538724
v -0.108783 0.181567 0.119686
vn -0.680333 -0.593763 -0.134102
v -0.084452 0.182499 -0.0100493
vn -0.60174 -0.683374 -0.11861
v -0.083734 0.181567 -0.00983542
vn -0.680333 -0.593763 -0.134102
v -0.083734 0.181567 -0.00983542
vn 0.680333 0.593763 0.134102
v -0.084452 0.182499 -0.0100493
vn 0.60174 0.683374 0.11861
v -0.108783 0.181567 0.119686
vn 0.680333 0.593763 0.134102
v -0.108398 0.180537 0.120992
vn -0.748632 -0.491636 -0.147564
v -0.108783 0.181567 0.119686
vn -0.680757 -0.593212 -0.134185
v -0.108783 0.181567 0.119686
vn 0.680757 0.593212 0.134185
v -0.108398 0.180537 0.120992
vn 0.748632 0.491636 0.147564
v -0.108049 0.259549 0.123732
vn -0.845408 -0.25786 -0.166641
v -0.141661 0.260722 0.295618
vn -0.804588 -0.378142 -0.158594
v -0.108149 0.260722 0.122347
vn -0.804588 -0.378142 -0.158594
v -0.108149 0.260722 0.122347
vn 0.804588 0.378142 0.158594
v -0.141661 0.260722 0.295618
vn 0.804588 0.378142 0.158594
v -0.108049 0.259549 0.123732
vn 0.845408 0.25786 0.166641
v -0.108398 0.261833 0.120992
vn -0.867166 1.6315e-16 0.210688
v -0.108398 0.261833 0.120992
vn 0.867166 -1.6315e-16 -0.210688
v -0.0841301 0.175802 -0.00448726
vn 1.68134e-16 0.937156 5.5678e-33
v -0.0841301 0.175802 -0.00448726
vn -1.68134e-16 -0.937156 -5.5678e-33
v -0.0838823 0.175802 -0.00312998
vn -0.893367 1.68079e-16 0.1153
v -0.0837765 -0.188274 -0.00174598
vn -0.903997 1.7008e-16 0.0203799
v -0.0837765 0.175802 -0.00174598
vn -0.903997 1.7008e-16 0.0203799
v -0.0837765 0.175802 -0.00174598
vn 0.903997 -1.7008e-16 -0.0203799
v -0.0837765 -0.188274 -0.00174598
vn 0.903997 -1.7008e-16 -0.0203799
v -0.0838823 0.175802 -0.00312998
vn 0.893367 -1.68079e-16 -0.1153
v -0.0837765 -0.188274 -0.00174598
vn -0.904057 1.70091e-16 0.0184962
v -0.0837765 -0.188274 -0.00174598
vn 0.904057 -1.70091e-16 -0.0184962
v -0.108091 -0.187059 0.125121
vn -0.870854 0.129959 -0.171657
v -0.0840134 -0.185823 0.00101314
vn -0.87721 0.0653443 -0.172909
v -0.0838235 -0.187059 -0.000356763
vn -0.870854 0.129959 -0.171657
v -0.0838235 -0.187059 -0.000356763
vn 0.870854 -0.129959 0.171657
v -0.0840134 -0.185823 0.00101314
vn 0.87721 -0.0653443 0.172909
v -0.108091 -0.187059 0.125121
vn 0.870854 -0.129959 0.171657
v -0.108281 -0.185823 0.126492
vn -0.87721 0.0653454 -0.172909
v -0.108281 -0.185823 0.126492
vn 0.87721 -0.0653454 0.172909
v -0.108281 -0.185823 0.126492
vn -0.891275 1.67686e-16 -0.125741
v -0.108091 -0.258807 0.125121
vn -0.89936 1.69207e-16 -0.0777917
v -0.108281 -0.25757 0.126492
vn -0.891275 1.67686e-16 -0.125741
v -0.108281 -0.25757 0.126492
vn 0.891275 -1.67686e-16 0.125741
v -0.108091 -0.258807 0.125121
vn 0.89936 -1.69207e-16 0.0777917
v -0.108281 -0.185823 0.126492
vn 0.891275 -1.67686e-16 0.125741
v -0.140263 -0.25757 0.291851
vn -0.879351 1.65442e-16 -0.17333
v -0.140263 -0.25757 0.291851
vn 0.879351 -1.65442e-16 0.17333
v -0.140263 0.257098 0.291851
vn -0.877212 -0.0653266 -0.172909
v -0.140263 0.257098 0.291851
vn 0.877212 0.0653266 0.172909
v -0.108091 0.258335 0.125121
vn -0.870753 -0.130727 -0.171637
v -0.140595 0.258335 0.293182
vn -0.870753 -0.130727 -0.171637
v -0.140595 0.258335 0.293182
vn 0.870753 0.130727 0.171637
v -0.108091 0.258335 0.125121
vn 0.870753 0.130727 0.171637
v -0.141661 0.260722 0.295618
vn -0.80458 -0.378162 -0.158593
v -0.141065 0.259549 0.294445
vn -0.845406 -0.257868 -0.166641
v -0.141065 0.259549 0.294445
vn 0.845406 0.257868 0.166641
v -0.141661 0.260722 0.295618
vn 0.80458 0.378162 0.158593
v -0.085681 -0.193336 -0.00815666
vn -0.702109 1.32096e-16 0.467969
v -0.085681 -0.193336 -0.00815666
vn 0.702109 -1.32096e-16 -0.467969
v -0.085681 0.175802 -0.00815666
vn -0.703519 1.32361e-16 0.466538
v -0.0850371 -0.19252 -0.00702212
vn -0.770508 1.44965e-16 0.388709
v -0.0850371 0.175802 -0.00702212
vn -0.770508 1.44965e-16 0.388709
v -0.0850371 0.175802 -0.00702212
vn 0.770508 -1.44965e-16 -0.388709
v -0.0850371 -0.19252 -0.00702212
vn 0.770508 -1.44965e-16 -0.388709
v -0.085681 0.175802 -0.00815666
vn 0.703519 -1.32361e-16 -0.466538
v -0.0845153 0.175802 -0.00579034
vn 1.68134e-16 0.937156 5.5678e-33
v -0.0845153 0.175802 -0.00579034
vn -1.68134e-16 -0.937156 -5.5678e-33
v -0.110714 -0.265772 0.1163
vn -0.418347 0.824307 -0.0824612
v -0.110714 -0.265772 0.1163
vn 0.418347 -0.824307 0.0824612
v -0.146156 -0.265772 0.299561
vn -0.255332 4.80386e-17 -0.712283
v -0.146156 -0.265772 0.299561
vn 0.255332 -4.80386e-17 0.712283
v -0.110714 0.265299 0.1163
vn -0.418347 -0.824307 -0.0824612
v -0.110714 0.265299 0.1163
vn 0.418347 0.824307 0.0824612
v -0.111574 0.265848 0.11541
vn -0.53176 1.00046e-16 0.600568
v -0.111574 0.265848 0.11541
vn 0.53176 -1.00046e-16 -0.600568
v -0.110714 -0.194025 0.1163
vn -0.622347 1.17089e-16 0.538708
v -0.110714 -0.194025 0.1163
vn 0.622347 -1.17089e-16 -0.538708
v -0.0864406 -0.194025 -0.00917831
vn -0.418365 0.824296 -0.0824649
v -0.110714 -0.194025 0.1163
vn -0.418365 0.824296 -0.0824649
v -0.110714 -0.194025 0.1163
vn 0.418365 -0.824296 0.0824649
v -0.0864406 -0.194025 -0.00917831
vn 0.418365 -0.824296 0.0824649
v -0.084452 0.182499 -0.0100493
vn -0.601259 -0.683855 -0.118515
v -0.109954 0.183315 0.117322
vn -0.513852 -0.760501 -0.101287
v -0.0852695 0.183315 -0.0102935
vn -0.513852 -0.760501 -0.101287
v -0.0852695 0.183315 -0.0102935
vn 0.513852 0.760501 0.101287
v -0.109954 0.183315 0.117322
vn 0.513852 0.760501 0.101287
v -0.084452 0.182499 -0.0100493
vn 0.601259 0.683855 0.118515
v -0.110714 0.184004 0.1163
vn -0.41894 -0.823964 -0.0825785
v -0.109954 0.183315 0.117322
vn -0.513325 -0.760906 -0.101182
v -0.109954 0.183315 0.117322
vn 0.513325 0.760906 0.101182
v -0.110714 0.184004 0.1163
vn 0.41894 0.823964 0.0825785
v -0.110714 0.184004 0.1163
vn -0.622688 1.17153e-16 0.538443
v -0.109954 0.264612 0.117322
vn -0.702648 1.32197e-16 0.467422
v -0.110714 0.265299 0.1163
vn -0.622688 1.17153e-16 0.538443
v -0.110714 0.265299 0.1163
vn 0.622688 -1.17153e-16 -0.538443
v -0.109954 0.264612 0.117322
vn 0.702648 -1.32197e-16 -0.467422
v -0.110714 0.184004 0.1163
vn 0.622688 -1.17153e-16 -0.538443
v -0.109305 0.182499 0.118456
vn -0.601736 -0.683379 -0.118609
v -0.109305 0.182499 0.118456
vn 0.601736 0.683379 0.118609
v -0.108398 0.261833 0.120992
vn -0.867028 1.63124e-16 0.211069
v -0.108783 0.181567 0.119686
vn -0.826258 1.55453e-16 0.301805
v -0.108398 0.180537 0.120992
vn -0.867028 1.63124e-16 0.211069
v -0.108398 0.180537 0.120992
vn 0.867028 -1.63124e-16 -0.211069
v -0.108783 0.181567 0.119686
vn 0.826258 -1.55453e-16 -0.301805
v -0.108398 0.261833 0.120992
vn 0.867028 -1.63124e-16 -0.211069
v -0.142378 0.261833 0.296685
vn -0.749081 -0.49086 -0.147653
v -0.108149 0.260722 0.122347
vn -0.804222 -0.379025 -0.158522
v -0.141661 0.260722 0.295618
vn -0.804222 -0.379025 -0.158522
v -0.141661 0.260722 0.295618
vn 0.804222 0.379025 0.158522
v -0.108149 0.260722 0.122347
vn 0.804222 0.379025 0.158522
v -0.142378 0.261833 0.296685
vn 0.749081 0.49086 0.147653
v -0.142378 0.261833 0.296685
vn -0.749086 -0.49085 -0.147654
v -0.108398 0.261833 0.120992
vn -0.749086 -0.49085 -0.147654
v -0.108398 0.261833 0.120992
vn 0.749086 0.49085 0.147654
v -0.142378 0.261833 0.296685
vn 0.749086 0.49085 0.147654
v -0.0841301 0.175802 -0.00448726
vn -0.867408 1.63196e-16 0.210015
v -0.0838823 -0.189447 -0.00312998
vn -0.89303 1.68015e-16 0.117051
v -0.0838823 0.175802 -0.00312998
vn -0.89303 1.68015e-16 0.117051
v -0.0838823 0.175802 -0.00312998
vn 0.89303 -1.68015e-16 -0.117051
v -0.0838823 -0.189447 -0.00312998
vn 0.89303 -1.68015e-16 -0.117051
v -0.0841301 0.175802 -0.00448726
vn 0.867408 -1.63196e-16 -0.210015
v -0.0838823 -0.189447 -0.00312998
vn -0.893368 1.68079e-16 0.115297
v -0.0838823 -0.189447 -0.00312998
vn 0.893368 -1.68079e-16 -0.115297
v -0.108049 -0.188274 0.123732
vn -0.845599 0.25715 -0.166678
v -0.0838235 -0.187059 -0.000356763
vn -0.870767 0.130625 -0.17164
v -0.0837765 -0.188274 -0.00174598
vn -0.845599 0.25715 -0.166678
v -0.0837765 -0.188274 -0.00174598
vn 0.845599 -0.25715 0.166678
v -0.0838235 -0.187059 -0.000356763
vn 0.870767 -0.130625 0.17164
v -0.108049 -0.188274 0.123732
vn 0.845599 -0.25715 0.166678
v -0.0838235 -0.187059 -0.000356763
vn -0.870764 0.130648 -0.171638
v -0.108049 -0.188274 0.123732
vn -0.845593 0.257172 -0.166677
v -0.108091 -0.187059 0.125121
vn -0.870764 0.130648 -0.171638
v -0.108091 -0.187059 0.125121
vn 0.870764 -0.130648 0.171638
v -0.108049 -0.188274 0.123732
vn 0.845593 -0.257172 0.166677
v -0.0838235 -0.187059 -0.000356763
vn 0.870764 -0.130648 0.171638
v -0.108091 -0.187059 0.125121
vn -0.89936 1.69207e-16 -0.0777917
v -0.108091 -0.187059 0.125121
vn 0.89936 -1.69207e-16 0.0777917
v -0.140595 -0.258807 0.293182
vn -0.870873 0.129814 -0.171661
v -0.108281 -0.25757 0.126492
vn -0.877211 0.0653289 -0.172909
v -0.108091 -0.258807 0.125121
vn -0.870873 0.129814 -0.171661
v -0.108091 -0.258807 0.125121
vn 0.870873 -0.129814 0.171661
v -0.108281 -0.25757 0.126492
vn 0.877211 -0.0653289 0.172909
v -0.140595 -0.258807 0.293182
vn 0.870873 -0.129814 0.171661
v -0.140263 -0.25757 0.291851
vn -0.877212 0.0653266 -0.172909
v -0.140263 -0.25757 0.291851
vn 0.877212 -0.0653266 0.172909
v -0.140263 -0.25757 0.291851
vn -0.863666 1.62491e-16 -0.220166
v -0.140595 0.258335 0.293182
vn -0.84483 1.58947e-16 -0.264888
v -0.140263 0.257098 0.291851
vn -0.863666 1.62491e-16 -0.220166
v -0.140263 0.257098 0.291851
vn 0.863666 -1.62491e-16 0.220166
v -0.140595 0.258335 0.293182
vn 0.84483 -1.58947e-16 0.264888
v -0.140263 -0.25757 0.291851
vn 0.863666 -1.62491e-16 0.220166
v -0.140595 -0.258807 0.293182
vn -0.843709 1.58736e-16 -0.267287
v -0.141065 0.259549 0.294445
vn -0.79548 1.49662e-16 -0.353177
v -0.140595 0.258335 0.293182
vn -0.843709 1.58736e-16 -0.267287
v -0.140595 0.258335 0.293182
vn 0.843709 -1.58736e-16 0.267287
v -0.141065 0.259549 0.294445
vn 0.79548 -1.49662e-16 0.353177
v -0.140595 -0.258807 0.293182
vn 0.843709 -1.58736e-16 0.267287
v -0.141065 -0.260021 0.294445
vn -0.794004 1.49385e-16 -0.355408
v -0.141661 0.260722 0.295618
vn -0.732533 1.3782e-16 -0.435397
v -0.141065 0.259549 0.294445
vn -0.794004 1.49385e-16 -0.355408
v -0.141065 0.259549 0.294445
vn 0.794004 -1.49385e-16 0.355408
v -0.141661 0.260722 0.295618
vn 0.732533 -1.3782e-16 0.435397
v -0.141065 -0.260021 0.294445
vn 0.794004 -1.49385e-16 0.355408
v -0.110714 -0.194025 0.1163
vn -0.418932 0.823969 -0.082577
v -0.085681 -0.193336 -0.00815666
vn -0.513325 0.760906 -0.101183
v -0.0864406 -0.194025 -0.00917831
vn -0.418932 0.823969 -0.082577
v -0.0864406 -0.194025 -0.00917831
vn 0.418932 -0.823969 0.082577
v -0.085681 -0.193336 -0.00815666
vn 0.513325 -0.760906 0.101183
v -0.110714 -0.194025 0.1163
vn 0.418932 -0.823969 0.082577
v -0.085681 -0.193336 -0.00815666
vn -0.70352 1.32361e-16 0.466537
v -0.085681 -0.193336 -0.00815666
vn 0.70352 -1.32361e-16 -0.466537
v -0.0845153 -0.191588 -0.00579034
vn -0.825701 1.55349e-16 0.302832
v -0.0850371 0.175802 -0.00702212
vn -0.771657 1.4518e-16 0.38717
v -0.0850371 -0.19252 -0.00702212
vn -0.771657 1.4518e-16 0.38717
v -0.0850371 -0.19252 -0.00702212
vn 0.771657 -1.4518e-16 -0.38717
v -0.0850371 0.175802 -0.00702212
vn 0.771657 -1.4518e-16 -0.38717
v -0.0845153 -0.191588 -0.00579034
vn 0.825701 -1.55349e-16 -0.302832
v -0.0845153 0.175802 -0.00579034
vn -0.825702 1.55349e-16 0.30283
v -0.0845153 0.175802 -0.00579034
vn 0.825702 -1.55349e-16 -0.30283
v -0.146156 -0.265772 0.299561
vn -0.419164 0.823835 -0.0826223
v -0.109954 -0.265084 0.117322
vn -0.513315 0.760913 -0.101181
v -0.110714 -0.265772 0.1163
vn -0.419164 0.823835 -0.0826223
v -0.110714 -0.265772 0.1163
vn 0.419164 -0.823835 0.0826223
v -0.109954 -0.265084 0.117322
vn 0.513315 -0.760913 0.101181
v -0.146156 -0.265772 0.299561
vn 0.419164 -0.823835 0.0826223
v -0.145106 0.264612 0.299083
vn -0.366337 6.89231e-17 -0.678844
v -0.146156 -0.265772 0.299561
vn -0.258328 4.86022e-17 -0.711555
v -0.146156 0.265299 0.299561
vn -0.258328 4.86022e-17 -0.711555
v -0.146156 0.265299 0.299561
vn 0.258328 -4.86022e-17 0.711555
v -0.146156 -0.265772 0.299561
vn 0.258328 -4.86022e-17 0.711555
v -0.145106 0.264612 0.299083
vn 0.366337 -6.89231e-17 0.678844
v -0.109954 0.264612 0.117322
vn -0.513315 -0.760913 -0.101181
v -0.146156 0.265299 0.299561
vn -0.419164 -0.823835 -0.0826223
v -0.110714 0.265299 0.1163
vn -0.419164 -0.823835 -0.0826223
v -0.110714 0.265299 0.1163
vn 0.419164 0.823835 0.0826223
v -0.146156 0.265299 0.299561
vn 0.419164 0.823835 0.0826223
v -0.109954 0.264612 0.117322
vn 0.513315 0.760913 0.101181
v -0.109954 -0.265084 0.117322
vn -0.702666 1.322e-16 0.467404
v -0.110714 -0.194025 0.1163
vn -0.622666 1.17149e-16 0.538459
v -0.110714 -0.265772 0.1163
vn -0.622666 1.17149e-16 0.538459
v -0.110714 -0.265772 0.1163
vn 0.622666 -1.17149e-16 -0.538459
v -0.110714 -0.194025 0.1163
vn 0.622666 -1.17149e-16 -0.538459
v -0.109954 -0.265084 0.117322
vn 0.702666 -1.322e-16 -0.467404
v -0.084452 0.182499 -0.0100493
vn -0.60125 -0.683864 -0.118514
v -0.109305 0.182499 0.118456
vn -0.60125 -0.683864 -0.118514
v -0.109305 0.182499 0.118456
vn 0.60125 0.683864 0.118514
v -0.084452 0.182499 -0.0100493
vn 0.60125 0.683864 0.118514
v -0.109954 0.183315 0.117322
vn -0.702648 1.32197e-16 0.467422
v -0.109954 0.183315 0.117322
vn 0.702648 -1.32197e-16 -0.467422
v -0.108783 0.262864 0.119686
vn -0.826052 1.55414e-16 0.302187
v -0.109305 0.182499 0.118456
vn -0.771204 1.45095e-16 0.387778
v -0.108783 0.181567 0.119686
vn -0.826052 1.55414e-16 0.302187
v -0.108783 0.181567 0.119686
vn 0.826052 -1.55414e-16 -0.302187
v -0.109305 0.182499 0.118456
vn 0.771204 -1.45095e-16 -0.387778
v -0.108783 0.262864 0.119686
vn 0.826052 -1.55414e-16 -0.302187
v -0.108783 0.262864 0.119686
vn -0.826258 1.55453e-16 0.301805
v -0.108783 0.262864 0.119686
vn 0.826258 -1.55453e-16 -0.301805
v -0.141661 -0.261195 0.295618
vn -0.730687 1.37472e-16 -0.437484
v -0.142378 0.261833 0.296685
vn -0.657037 1.23616e-16 -0.510184
v -0.141661 0.260722 0.295618
vn -0.730687 1.37472e-16 -0.437484
v -0.141661 0.260722 0.295618
vn 0.730687 -1.37472e-16 0.437484
v -0.142378 0.261833 0.296685
vn 0.657037 -1.23616e-16 0.510184
v -0.141661 -0.261195 0.295618
vn 0.730687 -1.37472e-16 0.437484
v -0.143202 0.262864 0.297635
vn -0.6809 -0.593026 -0.134214
v -0.108398 0.261833 0.120992
vn -0.748621 -0.491654 -0.147563
v -0.142378 0.261833 0.296685
vn -0.748621 -0.491654 -0.147563
v -0.142378 0.261833 0.296685
vn 0.748621 0.491654 0.147563
v -0.108398 0.261833 0.120992
vn 0.748621 0.491654 0.147563
v -0.143202 0.262864 0.297635
vn 0.6809 0.593026 0.134214
v -0.0845153 0.175802 -0.00579034
vn -0.826614 1.5552e-16 0.301148
v -0.0841301 -0.190558 -0.00448726
vn -0.86679 1.63079e-16 0.211726
v -0.0841301 0.175802 -0.00448726
vn -0.86679 1.63079e-16 0.211726
v -0.0841301 0.175802 -0.00448726
vn 0.86679 -1.63079e-16 -0.211726
v -0.0841301 -0.190558 -0.00448726
vn 0.86679 -1.63079e-16 -0.211726
v -0.0845153 0.175802 -0.00579034
vn 0.826614 -1.5552e-16 -0.301148
v -0.0841301 -0.190558 -0.00448726
vn -0.867409 1.63196e-16 0.210013
v -0.0841301 -0.190558 -0.00448726
vn 0.867409 -1.63196e-16 -0.210013
v -0.108149 -0.189447 0.122347
vn -0.804492 0.378373 -0.158576
v -0.0837765 -0.188274 -0.00174598
vn -0.845416 0.257831 -0.166642
v -0.0838823 -0.189447 -0.00312998
vn -0.804492 0.378373 -0.158576
v -0.0838823 -0.189447 -0.00312998
vn 0.804492 -0.378373 0.158576
v -0.0837765 -0.188274 -0.00174598
vn 0.845416 -0.257831 0.166642
v -0.108149 -0.189447 0.122347
vn 0.804492 -0.378373 0.158576
v -0.0837765 -0.188274 -0.00174598
vn -0.845423 0.257806 -0.166644
v -0.108149 -0.189447 0.122347
vn -0.804502 0.37835 -0.158578
v -0.108049 -0.188274 0.123732
vn -0.845423 0.257806 -0.166644
v -0.108049 -0.188274 0.123732
vn 0.845423 -0.257806 0.166644
v -0.108149 -0.189447 0.122347
vn 0.804502 -0.37835 0.158578
v -0.0837765 -0.188274 -0.00174598
vn 0.845423 -0.257806 0.166644
v -0.108049 -0.260021 0.123732
vn -0.904033 1.70086e-16 0.0192617
v -0.108091 -0.187059 0.125121
vn -0.899407 1.69216e-16 -0.0774256
v -0.108049 -0.188274 0.123732
vn -0.904033 1.70086e-16 0.0192617
v -0.108049 -0.188274 0.123732
vn 0.904033 -1.70086e-16 -0.0192617
v -0.108091 -0.187059 0.125121
vn 0.899407 -1.69216e-16 0.0774256
v -0.108049 -0.260021 0.123732
vn 0.904033 -1.70086e-16 -0.0192617
v -0.108091 -0.258807 0.125121
vn -0.899407 1.69216e-16 -0.0774256
v -0.108091 -0.258807 0.125121
vn 0.899407 -1.69216e-16 0.0774256
v -0.108091 -0.258807 0.125121
vn -0.870753 0.130727 -0.171637
v -0.141065 -0.260021 0.294445
vn -0.845639 0.256999 -0.166687
v -0.140595 -0.258807 0.293182
vn -0.870753 0.130727 -0.171637
v -0.140595 -0.258807 0.293182
vn 0.870753 -0.130727 0.171637
v -0.141065 -0.260021 0.294445
vn 0.845639 -0.256999 0.166687
v -0.108091 -0.258807 0.125121
vn 0.870753 -0.130727 0.171637
v -0.140595 -0.258807 0.293182
vn -0.844833 1.58948e-16 -0.264882
v -0.140595 -0.258807 0.293182
vn 0.844833 -1.58948e-16 0.264882
v -0.141065 -0.260021 0.294445
vn -0.795483 1.49664e-16 -0.353172
v -0.141065 -0.260021 0.294445
vn 0.795483 -1.49664e-16 0.353172
v -0.141661 -0.261195 0.295618
vn -0.732537 1.3782e-16 -0.435392
v -0.141661 -0.261195 0.295618
vn 0.732537 -1.3782e-16 0.435392
v -0.109954 -0.193336 0.117322
vn -0.513325 0.760906 -0.101183
v -0.109954 -0.193336 0.117322
vn 0.513325 -0.760906 0.101183
v -0.109954 -0.193336 0.117322
vn -0.513846 0.760506 -0.101286
v -0.0850371 -0.19252 -0.00702212
vn -0.601261 0.683853 -0.118516
v -0.085681 -0.193336 -0.00815666
vn -0.513846 0.760506 -0.101286
v -0.085681 -0.193336 -0.00815666
vn 0.513846 -0.760506 0.101286
v -0.0850371 -0.19252 -0.00702212
vn 0.601261 -0.683853 0.118516
v -0.109954 -0.193336 0.117322
vn 0.513846 -0.760506 0.101286
v -0.109305 -0.19252 0.118456
vn -0.601724 0.68339 -0.118607
v -0.0845153 -0.191588 -0.00579034
vn -0.680333 0.593764 -0.134102
v -0.0850371 -0.19252 -0.00702212
vn -0.601724 0.68339 -0.118607
v -0.0850371 -0.19252 -0.00702212
vn 0.601724 -0.68339 0.118607
v -0.0845153 -0.191588 -0.00579034
vn 0.680333 -0.593764 0.134102
v -0.109305 -0.19252 0.118456
vn 0.601724 -0.68339 0.118607
v -0.0845153 -0.191588 -0.00579034
vn -0.826615 1.55521e-16 0.301146
v -0.0845153 -0.191588 -0.00579034
vn 0.826615 -1.55521e-16 -0.301146
v -0.145106 -0.265084 0.299083
vn -0.513315 0.760914 -0.101181
v -0.145106 -0.265084 0.299083
vn 0.513315 -0.760914 0.101181
v -0.145106 -0.265084 0.299083
vn -0.366341 6.89238e-17 -0.678842
v -0.145106 -0.265084 0.299083
vn 0.366341 -6.89238e-17 0.678842
v -0.145106 0.264612 0.299083
vn -0.513315 -0.760914 -0.101181
v -0.145106 0.264612 0.299083
vn 0.513315 0.760914 0.101181
v -0.109954 -0.193336 0.117322
vn -0.702666 1.322e-16 0.467404
v -0.109954 -0.193336 0.117322
vn 0.702666 -1.322e-16 -0.467404
v -0.109305 0.263795 0.118456
vn -0.77094 1.45046e-16 0.388132
v -0.109954 0.183315 0.117322
vn -0.702954 1.32255e-16 0.467112
v -0.109305 0.182499 0.118456
vn -0.77094 1.45046e-16 0.388132
v -0.109305 0.182499 0.118456
vn 0.77094 -1.45046e-16 -0.388132
v -0.109954 0.183315 0.117322
vn 0.702954 -1.32255e-16 -0.467112
v -0.109305 0.263795 0.118456
vn 0.77094 -1.45046e-16 -0.388132
v -0.109954 0.264612 0.117322
vn -0.702954 1.32255e-16 0.467112
v -0.109954 0.264612 0.117322
vn 0.702954 -1.32255e-16 -0.467112
v -0.109305 0.263795 0.118456
vn -0.771204 1.45095e-16 0.387778
v -0.109305 0.263795 0.118456
vn 0.771204 -1.45095e-16 -0.387778
v -0.108398 0.261833 0.120992
vn -0.748628 -0.491643 -0.147564
v -0.143202 0.262864 0.297635
vn -0.680914 -0.593007 -0.134217
v -0.108783 0.262864 0.119686
vn -0.680914 -0.593007 -0.134217
v -0.108783 0.262864 0.119686
vn 0.680914 0.593007 0.134217
v -0.143202 0.262864 0.297635
vn 0.680914 0.593007 0.134217
v -0.108398 0.261833 0.120992
vn 0.748628 0.491643 0.147564
v -0.142378 -0.262305 0.296685
vn -0.657042 1.23617e-16 -0.510181
v -0.142378 -0.262305 0.296685
vn 0.657042 -1.23617e-16 0.510181
v -0.142378 -0.262305 0.296685
vn -0.654936 1.2322e-16 -0.512004
v -0.143202 0.262864 0.297635
vn -0.570384 1.07313e-16 -0.576182
v -0.142378 0.261833 0.296685
vn -0.654936 1.2322e-16 -0.512004
v -0.142378 0.261833 0.296685
vn 0.654936 -1.2322e-16 0.512004
v -0.143202 0.262864 0.297635
vn 0.570384 -1.07313e-16 0.576182
v -0.142378 -0.262305 0.296685
vn 0.654936 -1.2322e-16 0.512004
v -0.108398 -0.190558 0.120992
vn -0.748962 0.491064 -0.14763
v -0.0838823 -0.189447 -0.00312998
vn -0.804236 0.378991 -0.158525
v -0.0841301 -0.190558 -0.00448726
vn -0.748962 0.491064 -0.14763
v -0.0841301 -0.190558 -0.00448726
vn 0.748962 -0.491064 0.14763
v -0.0838823 -0.189447 -0.00312998
vn 0.804236 -0.378991 0.158525
v -0.108398 -0.190558 0.120992
vn 0.748962 -0.491064 0.14763
v -0.108149 -0.189447 0.122347
vn -0.804236 0.378992 -0.158525
v -0.108149 -0.189447 0.122347
vn 0.804236 -0.378992 0.158525
v -0.108149 -0.261195 0.122347
vn -0.89324 1.68055e-16 0.115965
v -0.108049 -0.188274 0.123732
vn -0.904022 1.70084e-16 0.0196095
v -0.108149 -0.189447 0.122347
vn -0.89324 1.68055e-16 0.115965
v -0.108149 -0.189447 0.122347
vn 0.89324 -1.68055e-16 -0.115965
v -0.108049 -0.188274 0.123732
vn 0.904022 -1.70084e-16 -0.0196095
v -0.108149 -0.261195 0.122347
vn 0.89324 -1.68055e-16 -0.115965
v -0.108049 -0.260021 0.123732
vn -0.904022 1.70084e-16 0.0196095
v -0.108049 -0.260021 0.123732
vn 0.904022 -1.70084e-16 -0.0196095
v -0.108091 -0.258807 0.125121
vn -0.870751 0.13074 -0.171636
v -0.108049 -0.260021 0.123732
vn -0.84564 0.256996 -0.166687
v -0.108049 -0.260021 0.123732
vn 0.84564 -0.256996 0.166687
v -0.108091 -0.258807 0.125121
vn 0.870751 -0.13074 0.171636
v -0.108049 -0.260021 0.123732
vn -0.845406 0.257868 -0.166641
v -0.141661 -0.261195 0.295618
vn -0.80458 0.378162 -0.158593
v -0.141065 -0.260021 0.294445
vn -0.845406 0.257868 -0.166641
v -0.141065 -0.260021 0.294445
vn 0.845406 -0.257868 0.166641
v -0.141661 -0.261195 0.295618
vn 0.80458 -0.378162 0.158593
v -0.108049 -0.260021 0.123732
vn 0.845406 -0.257868 0.166641
v -0.0850371 -0.19252 -0.00702212
vn -0.601251 0.683864 -0.118514
v -0.109954 -0.193336 0.117322
vn -0.513836 0.760513 -0.101283
v -0.109305 -0.19252 0.118456
vn -0.601251 0.683864 -0.118514
v -0.109305 -0.19252 0.118456
vn 0.601251 -0.683864 0.118514
v -0.109954 -0.193336 0.117322
vn 0.513836 -0.760513 0.101283
v -0.0850371 -0.19252 -0.00702212
vn 0.601251 -0.683864 0.118514
v -0.108783 -0.191588 0.119686
vn -0.680333 0.593764 -0.134102
v -0.108783 -0.191588 0.119686
vn 0.680333 -0.593764 0.134102
v -0.108783 -0.191588 0.119686
vn -0.680746 0.593225 -0.134184
v -0.0841301 -0.190558 -0.00448726
vn -0.748634 0.491632 -0.147565
v -0.0845153 -0.191588 -0.00579034
vn -0.680746 0.593225 -0.134184
v -0.0845153 -0.191588 -0.00579034
vn 0.680746 -0.593225 0.134184
v -0.0841301 -0.190558 -0.00448726
vn 0.748634 -0.491632 0.147565
v -0.108783 -0.191588 0.119686
vn 0.680746 -0.593225 0.134184
v -0.144114 -0.264267 0.298434
vn -0.601256 0.683859 -0.118515
v -0.109954 -0.265084 0.117322
vn -0.514067 0.760336 -0.101329
v -0.145106 -0.265084 0.299083
vn -0.514067 0.760336 -0.101329
v -0.145106 -0.265084 0.299083
vn 0.514067 -0.760336 0.101329
v -0.109954 -0.265084 0.117322
vn 0.514067 -0.760336 0.101329
v -0.144114 -0.264267 0.298434
vn 0.601256 -0.683859 0.118515
v -0.144114 0.263795 0.298434
vn -0.471172 8.8647e-17 -0.633753
v -0.145106 -0.265084 0.299083
vn -0.369291 6.94789e-17 -0.677764
v -0.145106 0.264612 0.299083
vn -0.369291 6.94789e-17 -0.677764
v -0.145106 0.264612 0.299083
vn 0.369291 -6.94789e-17 0.677764
v -0.145106 -0.265084 0.299083
vn 0.369291 -6.94789e-17 0.677764
v -0.144114 0.263795 0.298434
vn 0.471172 -8.8647e-17 0.633753
v -0.109954 0.264612 0.117322
vn -0.514063 -0.760339 -0.101329
v -0.144114 0.263795 0.298434
vn -0.601253 -0.683861 -0.118514
v -0.145106 0.264612 0.299083
vn -0.514063 -0.760339 -0.101329
v -0.145106 0.264612 0.299083
vn 0.514063 0.760339 0.101329
v -0.144114 0.263795 0.298434
vn 0.601253 0.683861 0.118514
v -0.109954 0.264612 0.117322
vn 0.514063 0.760339 0.101329
v -0.109305 -0.264267 0.118456
vn -0.770955 1.45048e-16 0.388111
v -0.109954 -0.193336 0.117322
vn -0.702936 1.32251e-16 0.467129
v -0.109954 -0.265084 0.117322
vn -0.702936 1.32251e-16 0.467129
v -0.109954 -0.265084 0.117322
vn 0.702936 -1.32251e-16 -0.467129
v -0.109954 -0.193336 0.117322
vn 0.702936 -1.32251e-16 -0.467129
v -0.109305 -0.264267 0.118456
vn 0.770955 -1.45048e-16 -0.388111
v -0.144114 0.263795 0.298434
vn -0.601246 -0.683868 -0.118513
v -0.109954 0.264612 0.117322
vn -0.51405 -0.760349 -0.101326
v -0.109305 0.263795 0.118456
vn -0.601246 -0.683868 -0.118513
v -0.109305 0.263795 0.118456
vn 0.601246 0.683868 0.118513
v -0.109954 0.264612 0.117322
vn 0.51405 0.760349 0.101326
v -0.144114 0.263795 0.298434
vn 0.601246 0.683868 0.118513
v -0.108783 0.262864 0.119686
vn -0.68033 -0.593767 -0.134102
v -0.144114 0.263795 0.298434
vn -0.601925 -0.68319 -0.118647
v -0.109305 0.263795 0.118456
vn -0.601925 -0.68319 -0.118647
v -0.109305 0.263795 0.118456
vn 0.601925 0.68319 0.118647
v -0.144114 0.263795 0.298434
vn 0.601925 0.68319 0.118647
v -0.108783 0.262864 0.119686
vn 0.68033 0.593767 0.134102
v -0.108783 0.262864 0.119686
vn -0.680337 -0.59376 -0.134103
v -0.143202 0.262864 0.297635
vn -0.680337 -0.59376 -0.134103
v -0.143202 0.262864 0.297635
vn 0.680337 0.59376 0.134103
v -0.108783 0.262864 0.119686
vn 0.680337 0.59376 0.134103
v -0.108149 -0.261195 0.122347
vn -0.804222 0.379025 -0.158522
v -0.142378 -0.262305 0.296685
vn -0.749081 0.49086 -0.147653
v -0.141661 -0.261195 0.295618
vn -0.804222 0.379025 -0.158522
v -0.141661 -0.261195 0.295618
vn 0.804222 -0.379025 0.158522
v -0.142378 -0.262305 0.296685
vn 0.749081 -0.49086 0.147653
v -0.108149 -0.261195 0.122347
vn 0.804222 -0.379025 0.158522
v -0.143202 -0.263336 0.297635
vn -0.570389 1.07314e-16 -0.576179
v -0.143202 -0.263336 0.297635
vn 0.570389 -1.07314e-16 0.576179
v -0.108398 -0.190558 0.120992
vn -0.748634 0.491633 -0.147565
v -0.108398 -0.190558 0.120992
vn 0.748634 -0.491633 0.147565
v -0.108398 -0.262305 0.120992
vn -0.867157 1.63148e-16 0.21071
v -0.108149 -0.189447 0.122347
vn -0.893168 1.68042e-16 0.116334
v -0.108398 -0.190558 0.120992
vn -0.867157 1.63148e-16 0.21071
v -0.108398 -0.190558 0.120992
vn 0.867157 -1.63148e-16 -0.21071
v -0.108149 -0.189447 0.122347
vn 0.893168 -1.68042e-16 -0.116334
v -0.108398 -0.262305 0.120992
vn 0.867157 -1.63148e-16 -0.21071
v -0.108149 -0.261195 0.122347
vn -0.893168 1.68042e-16 0.116334
v -0.108149 -0.261195 0.122347
vn 0.893168 -1.68042e-16 -0.116334
v -0.141661 -0.261195 0.295618
vn -0.804588 0.378142 -0.158594
v -0.108149 -0.261195 0.122347
vn -0.804588 0.378142 -0.158594
v -0.108149 -0.261195 0.122347
vn 0.804588 -0.378142 0.158594
v -0.141661 -0.261195 0.295618
vn 0.804588 -0.378142 0.158594
v -0.109305 -0.19252 0.118456
vn -0.770955 1.45048e-16 0.388111
v -0.109305 -0.19252 0.118456
vn 0.770955 -1.45048e-16 -0.388111
v -0.109305 -0.264267 0.118456
vn -0.771189 1.45093e-16 0.387798
v -0.108783 -0.191588 0.119686
vn -0.826064 1.55417e-16 0.302165
v -0.109305 -0.19252 0.118456
vn -0.771189 1.45093e-16 0.387798
v -0.109305 -0.19252 0.118456
vn 0.771189 -1.45093e-16 -0.387798
v -0.108783 -0.191588 0.119686
vn 0.826064 -1.55417e-16 -0.302165
v -0.109305 -0.264267 0.118456
vn 0.771189 -1.45093e-16 -0.387798
v -0.109954 -0.265084 0.117322
vn -0.514054 0.760347 -0.101326
v -0.144114 -0.264267 0.298434
vn -0.60125 0.683865 -0.118514
v -0.109305 -0.264267 0.118456
vn -0.60125 0.683865 -0.118514
v -0.109305 -0.264267 0.118456
vn 0.60125 -0.683865 0.118514
v -0.144114 -0.264267 0.298434
vn 0.60125 -0.683865 0.118514
v -0.109954 -0.265084 0.117322
vn 0.514054 -0.760347 0.101326
v -0.144114 -0.264267 0.298434
vn -0.471177 8.86478e-17 -0.633751
v -0.144114 -0.264267 0.298434
vn 0.471177 -8.86478e-17 0.633751
v -0.143202 -0.263336 0.297635
vn -0.567881 1.06842e-16 -0.577846
v -0.144114 0.263795 0.298434
vn -0.47384 8.91489e-17 -0.632411
v -0.143202 0.262864 0.297635
vn -0.567881 1.06842e-16 -0.577846
v -0.143202 0.262864 0.297635
vn 0.567881 -1.06842e-16 0.577846
v -0.144114 0.263795 0.298434
vn 0.47384 -8.91489e-17 0.632411
v -0.143202 -0.263336 0.297635
vn 0.567881 -1.06842e-16 0.577846
v -0.142378 -0.262305 0.296685
vn -0.749086 0.49085 -0.147654
v -0.108398 -0.262305 0.120992
vn -0.749086 0.49085 -0.147654
v -0.108398 -0.262305 0.120992
vn 0.749086 -0.49085 0.147654
v -0.142378 -0.262305 0.296685
vn 0.749086 -0.49085 0.147654
v -0.108398 -0.262305 0.120992
vn -0.748621 0.491654 -0.147563
v -0.143202 -0.263336 0.297635
vn -0.6809 0.593026 -0.134214
v -0.142378 -0.262305 0.296685
vn -0.748621 0.491654 -0.147563
v -0.142378 -0.262305 0.296685
vn 0.748621 -0.491654 0.147563
v -0.143202 -0.263336 0.297635
vn 0.6809 -0.593026 0.134214
v -0.108398 -0.262305 0.120992
vn 0.748621 -0.491654 0.147563
v -0.108783 -0.263336 0.119686
vn -0.826246 1.55451e-16 0.301828
v -0.108398 -0.190558 0.120992
vn -0.867036 1.63125e-16 0.211047
v -0.108783 -0.191588 0.119686
vn -0.826246 1.55451e-16 0.301828
v -0.108783 -0.191588 0.119686
vn 0.826246 -1.55451e-16 -0.301828
v -0.108398 -0.190558 0.120992
vn 0.867036 -1.63125e-16 -0.211047
v -0.108783 -0.263336 0.119686
vn 0.826246 -1.55451e-16 -0.301828
v -0.108398 -0.262305 0.120992
vn -0.867036 1.63125e-16 0.211047
v -0.108398 -0.262305 0.120992
vn 0.867036 -1.63125e-16 -0.211047
v -0.108783 -0.263336 0.119686
vn -0.826064 1.55417e-16 0.302165
v -0.108783 -0.263336 0.119686
vn 0.826064 -1.55417e-16 -0.302165
v -0.144114 -0.264267 0.298434
vn -0.601923 0.683192 -0.118646
v -0.108783 -0.263336 0.119686
vn -0.680329 0.59377 -0.134102
v -0.109305 -0.264267 0.118456
vn -0.601923 0.683192 -0.118646
v -0.109305 -0.264267 0.118456
vn 0.601923 -0.683192 0.118646
v -0.108783 -0.263336 0.119686
vn 0.680329 -0.59377 0.134102
v -0.144114 -0.264267 0.298434
vn 0.601923 -0.683192 0.118646
v -0.144114 -0.264267 0.298434
vn -0.473845 8.91498e-17 -0.632408
v -0.144114 -0.264267 0.298434
vn 0.473845 -8.91498e-17 0.632408
v -0.143202 -0.263336 0.297635
vn -0.680914 0.593007 -0.134217
v -0.108398 -0.262305 0.120992
vn -0.748628 0.491643 -0.147564
v -0.108783 -0.263336 0.119686
vn -0.680914 0.593007 -0.134217
v -0.108783 -0.263336 0.119686
vn 0.680914 -0.593007 0.134217
v -0.108398 -0.262305 0.120992
vn 0.748628 -0.491643 0.147564
v -0.143202 -0.263336 0.297635
vn 0.680914 -0.593007 0.134217
v -0.108783 -0.263336 0.119686
vn -0.680334 0.593762 -0.134102
v -0.143202 -0.263336 0.297635
vn -0.680334 0.593762 -0.134102
v -0.143202 -0.263336 0.297635
vn 0.680334 -0.593762 0.134102
v -0.108783 -0.263336 0.119686
vn 0.680334 -0.593762 0.134102
v 0.275 -0.200104 -0.0737618
vn -1.64805e-16 -0.935715 -0.0411633
v -0.1262 -0.199945 -0.0761912
vn -1.61137e-16 -0.931629 -0.0805211
v 0.274872 -0.199945 -0.0761912
vn -1.61137e-16 -0.931629 -0.0805211
v -0.126327 -0.200104 -0.0737618
vn -1.64805e-16 -0.935715 -0.0411636
v -0.125815 -0.19947 -0.0785798
vn -1.51924e-16 -0.914406 -0.16261
v 0.274872 -0.199945 -0.0761912
vn -1.60783e-16 -0.931129 -0.0840687
v -0.1262 -0.199945 -0.0761912
vn -1.60783e-16 -0.931129 -0.0840687
v 0.274872 -0.199945 -0.0761912
vn 0.896615 -1.6869e-16 -0.0968322
v 0.275 -0.181514 -0.0737618
vn 0.902401 -1.69778e-16 -0.0485603
v 0.275 -0.200104 -0.0737618
vn 0.902401 -1.69778e-16 -0.0485603
v 0.275 -0.200104 -0.0231387
vn -1.68134e-16 -0.937156 -5.5678e-33
v -0.126327 -0.200104 -0.0737618
vn -1.68134e-16 -0.937156 -5.5678e-33
v 0.275 -0.200104 -0.0737618
vn -1.68134e-16 -0.937156 -5.5678e-33
v -0.126327 0.198611 -0.0737618
vn -0.902403 1.6978e-16 -0.0485395
v -0.1262 -0.199945 -0.0761912
vn -0.896872 1.68739e-16 -0.0952046
v -0.126327 -0.200104 -0.0737618
vn -0.902403 1.6978e-16 -0.0485395
v 0.274487 -0.19947 -0.0785798
vn -1.51925e-16 -0.914406 -0.16261
v -0.1262 0.198452 -0.0761912
vn -0.896322 1.68635e-16 -0.0986334
v -0.125815 -0.19947 -0.0785798
vn -0.874048 1.64445e-16 -0.190557
v -0.1262 -0.199945 -0.0761912
vn -0.896322 1.68635e-16 -0.0986334
v 0.274872 -0.181514 -0.0761912
vn 0.896614 -1.6869e-16 -0.0968329
v 0.275 -0.181514 -0.0737618
vn 0.904338 -1.70144e-16 4.54645e-17
v 0.275 -0.200104 -0.0231387
vn 0.904338 -1.70144e-16 4.54645e-17
v 0.275 -0.200104 -0.0737618
vn 0.904338 -1.70144e-16 4.54645e-17
v -0.126327 -0.200104 -0.0231387
vn -1.68134e-16 -0.937156 -5.5678e-33
v -0.1262 0.198452 -0.0761912
vn -0.896872 1.68739e-16 -0.0952061
v -0.126327 -0.200104 -0.0231387
vn -0.904338 1.70144e-16 -4.54645e-17
v -0.126327 0.198611 -0.0737618
vn -0.904338 1.70144e-16 -4.54645e-17
v -0.126327 -0.200104 -0.0737618
vn -0.904338 1.70144e-16 -4.54645e-17
v -0.125187 -0.198689 -0.0808853
vn -1.40579e-16 -0.885052 -0.244126
v 0.274487 -0.19947 -0.0785798
vn -1.5149e-16 -0.913417 -0.166061
v -0.125815 -0.19947 -0.0785798
vn -1.5149e-16 -0.913417 -0.166061
v 0.274487 -0.19947 -0.0785798
vn 0.873548 -1.6435e-16 -0.192094
v 0.274872 -0.181514 -0.0761912
vn 0.896587 -1.68685e-16 -0.096997
v 0.274872 -0.199945 -0.0761912
vn 0.896587 -1.68685e-16 -0.096997
v -0.125815 0.197978 -0.0785798
vn -0.874046 1.64444e-16 -0.190561
v 0.275 -0.181514 -0.0737618
vn 0.902403 -1.6978e-16 -0.0485406
v 0.274872 -0.181514 -0.0761912
vn 0.89686 -1.68736e-16 -0.0952826
v 0.274872 0.198452 -0.0761912
vn 0.89686 -1.68736e-16 -0.0952826
v 0.275 -0.18618 -0.0231387
vn 0.904338 -1.70144e-16 4.54645e-17
v 0.274904 -0.199984 -0.0213188
vn -1.73157e-16 -0.931604 0.0807022
v -0.126327 -0.200104 -0.0231387
vn -1.70937e-16 -0.935723 0.0410385
v 0.275 -0.200104 -0.0231387
vn -1.70937e-16 -0.935723 0.0410385
v 0.275 0.198611 -0.0737618
vn 1.70944e-16 0.935716 -0.0411532
v -0.1262 0.198452 -0.0761912
vn 1.73147e-16 0.931631 -0.0805107
v -0.126327 0.198611 -0.0737618
vn 1.70944e-16 0.935716 -0.0411532
v -0.126327 0.198611 -0.0231387
vn -0.904338 1.70144e-16 -4.54645e-17
v 0.274487 -0.19947 -0.0785798
vn -1.51491e-16 -0.91342 -0.16605
v 0.273859 -0.198689 -0.0808853
vn -1.40579e-16 -0.885054 -0.244123
v -0.125815 0.197978 -0.0785798
vn -0.872998 1.64247e-16 -0.193774
v -0.125187 -0.198689 -0.0808853
vn -0.836305 1.57344e-16 -0.282537
v -0.125815 -0.19947 -0.0785798
vn -0.872998 1.64247e-16 -0.193774
v 0.274487 -0.181514 -0.0785798
vn 0.873548 -1.6435e-16 -0.192096
v 0.274872 0.198452 -0.0761912
vn 1.73322e-16 0.931131 -0.0840583
v -0.125815 0.197978 -0.0785798
vn 1.76179e-16 0.914408 -0.1626
v -0.1262 0.198452 -0.0761912
vn 1.73322e-16 0.931131 -0.0840583
v 0.274872 -0.181514 -0.0761912
vn 0.896335 -1.68638e-16 -0.0985562
v 0.274487 0.197978 -0.0785798
vn 0.874024 -1.6444e-16 -0.19063
v 0.274872 0.198452 -0.0761912
vn 0.896335 -1.68638e-16 -0.0985562
v 0.275 0.198611 -0.0737618
vn 0.902403 -1.6978e-16 -0.0485405
v 0.275 0.198611 -0.0231387
vn 0.904338 -1.70144e-16 4.54645e-17
v 0.275 -0.18618 -0.0231387
vn 0.902401 -1.69778e-16 0.0485609
v 0.274904 -0.199984 -0.0213188
vn 0.896608 -1.68689e-16 0.0968685
v 0.275 -0.200104 -0.0231387
vn 0.902401 -1.69778e-16 0.0485609
v -0.126232 -0.199984 -0.0213188
vn -1.73157e-16 -0.931604 0.0807022
v 0.274872 0.198452 -0.0761912
vn 1.73147e-16 0.931631 -0.0805107
v -0.126327 0.198611 -0.0737618
vn 1.68134e-16 0.937156 5.5678e-33
v 0.275 0.198611 -0.0231387
vn 1.68134e-16 0.937156 5.5678e-33
v 0.275 0.198611 -0.0737618
vn 1.68134e-16 0.937156 5.5678e-33
v -0.126232 -0.199984 -0.0213188
vn -0.896806 1.68726e-16 0.0956241
v -0.126327 0.198611 -0.0231387
vn -0.902402 1.69779e-16 0.0485464
v -0.126327 -0.200104 -0.0231387
vn -0.902402 1.69779e-16 0.0485464
v -0.126327 0.198611 -0.0231387
vn 1.68134e-16 0.937156 5.5678e-33
v -0.124322 -0.197613 -0.0830689
vn -1.27008e-16 -0.84286 -0.324592
v 0.273859 -0.198689 -0.0808853
vn -1.40062e-16 -0.883567 -0.247482
v -0.125187 -0.198689 -0.0808853
vn -1.40062e-16 -0.883567 -0.247482
v 0.273859 -0.198689 -0.0808853
vn 0.835536 -1.57199e-16 -0.284064
v 0.274487 -0.181514 -0.0785798
vn 0.873499 -1.64341e-16 -0.192247
v 0.274487 -0.19947 -0.0785798
vn 0.873499 -1.64341e-16 -0.192247
v -0.125187 0.197195 -0.0808853
vn -0.836302 1.57343e-16 -0.282543
v 0.274487 -0.181514 -0.0785798
vn 0.874023 -1.6444e-16 -0.190631
v 0.274487 0.197978 -0.0785798
vn 1.76179e-16 0.914408 -0.162599
v 0.275 0.198611 -0.0737618
vn 0.904338 -1.70144e-16 4.54645e-17
v 0.274904 -0.18618 -0.0213188
vn 0.896799 -1.68725e-16 0.0956687
v 0.275 -0.18618 -0.0231387
vn 0.902402 -1.69779e-16 0.0485471
v 0.275 0.198611 -0.0231387
vn 0.902402 -1.69779e-16 0.0485471
v 0.274904 -0.18618 -0.0213188
vn 0.896608 -1.68689e-16 0.0968685
v 0.274614 -0.199629 -0.0195294
vn -1.76177e-16 -0.914429 0.162527
v -0.126232 -0.199984 -0.0213188
vn -1.73288e-16 -0.93123 0.0833656
v 0.274904 -0.199984 -0.0213188
vn -1.73288e-16 -0.93123 0.0833656
v -0.126232 0.198492 -0.0213188
vn -0.896806 1.68726e-16 0.0956249
v -0.126327 0.198611 -0.0231387
vn 1.64817e-16 0.935724 0.0410279
v 0.274904 0.198492 -0.0213188
vn 1.6112e-16 0.931605 0.0806911
v 0.275 0.198611 -0.0231387
vn 1.64817e-16 0.935724 0.0410279
v 0.273859 -0.198689 -0.0808853
vn -1.40065e-16 -0.883575 -0.247462
v -0.124322 -0.197613 -0.0830689
vn -1.2701e-16 -0.842865 -0.324584
v 0.272989 -0.197613 -0.0830689
vn -1.2701e-16 -0.842865 -0.324584
v -0.125187 0.197195 -0.0808853
vn -0.834721 1.57045e-16 -0.285678
v -0.124322 -0.197613 -0.0830689
vn -0.78422 1.47544e-16 -0.369762
v -0.125187 -0.198689 -0.0808853
vn -0.834721 1.57045e-16 -0.285678
v 0.273859 -0.181514 -0.0808853
vn 0.835536 -1.57199e-16 -0.284068
v 0.274487 0.197978 -0.0785798
vn 1.7626e-16 0.913411 -0.166081
v -0.125187 0.197195 -0.0808853
vn 1.76992e-16 0.885044 -0.244146
v -0.125815 0.197978 -0.0785798
vn 1.7626e-16 0.913411 -0.166081
v 0.274487 -0.181514 -0.0785798
vn 0.873017 -1.6425e-16 -0.193715
v 0.273859 0.197195 -0.0808853
vn 0.836264 -1.57336e-16 -0.282616
v 0.274487 0.197978 -0.0785798
vn 0.873017 -1.6425e-16 -0.193715
v 0.274904 0.198492 -0.0213188
vn 0.896799 -1.68725e-16 0.0956687
v 0.274904 -0.18618 -0.0213188
vn 0.896594 -1.68686e-16 0.0969613
v 0.274614 -0.199629 -0.0195294
vn 0.873537 -1.64349e-16 0.192129
v 0.274904 -0.199984 -0.0213188
vn 0.896594 -1.68686e-16 0.0969613
v -0.125947 -0.199629 -0.0195294
vn -1.76177e-16 -0.914429 0.162527
v -0.125947 -0.199629 -0.0195294
vn -0.873935 1.64424e-16 0.190905
v -0.126232 0.198492 -0.0213188
vn -0.896399 1.6865e-16 0.0981649
v -0.126232 -0.199984 -0.0213188
vn -0.896399 1.6865e-16 0.0981649
v -0.126232 0.198492 -0.0213188
vn 1.6112e-16 0.931605 0.0806919
v -0.12323 -0.196263 -0.0850937
vn -1.11131e-16 -0.787007 -0.403117
v 0.272989 -0.197613 -0.0830689
vn -1.26425e-16 -0.840918 -0.327739
v -0.124322 -0.197613 -0.0830689
vn -1.26425e-16 -0.840918 -0.327739
v 0.272989 -0.197613 -0.0830689
vn 0.783224 -1.47357e-16 -0.371182
v 0.273859 -0.181514 -0.0808853
vn 0.835463 -1.57185e-16 -0.28421
v 0.273859 -0.198689 -0.0808853
vn 0.835463 -1.57185e-16 -0.28421
v -0.124322 -0.197613 -0.0830689
vn -0.784214 1.47543e-16 -0.36977
v -0.125187 0.197195 -0.0808853
vn -0.834724 1.57046e-16 -0.28567
v -0.124322 0.196121 -0.0830689
vn -0.784214 1.47543e-16 -0.36977
v 0.273859 -0.181514 -0.0808853
vn 0.836264 -1.57336e-16 -0.282619
v 0.274487 0.197978 -0.0785798
vn 1.7626e-16 0.913414 -0.16607
v 0.273859 0.197195 -0.0808853
vn 1.76992e-16 0.885045 -0.244142
v 0.274614 -0.18618 -0.0195294
vn 0.873899 -1.64417e-16 0.191014
v 0.274904 -0.18618 -0.0213188
vn 0.896395 -1.68649e-16 0.0981917
v 0.274904 0.198492 -0.0213188
vn 0.896395 -1.68649e-16 0.0981917
v 0.274614 -0.18618 -0.0195294
vn 0.873537 -1.64349e-16 0.19213
v 0.274145 -0.199044 -0.0178031
vn -1.76994e-16 -0.885172 0.243854
v -0.125947 -0.199629 -0.0195294
vn -1.76239e-16 -0.913678 0.165154
v 0.274614 -0.199629 -0.0195294
vn -1.76239e-16 -0.913678 0.165154
v -0.125947 0.198136 -0.0195294
vn -0.873934 1.64423e-16 0.190907
v -0.126232 0.198492 -0.0213188
vn 1.60853e-16 0.93123 0.0833656
v 0.274614 0.198136 -0.0195294
vn 1.51935e-16 0.914429 0.162527
v 0.274904 0.198492 -0.0213188
vn 1.60853e-16 0.93123 0.0833656
v 0.272989 -0.197613 -0.0830689
vn -1.2643e-16 -0.840934 -0.327713
v -0.12323 -0.196263 -0.0850937
vn -1.11134e-16 -0.787016 -0.403105
v 0.271902 -0.196263 -0.0850937
vn -1.11134e-16 -0.787016 -0.403105
v -0.124322 0.196121 -0.0830689
vn -0.782136 1.47152e-16 -0.372726
v -0.12323 -0.196263 -0.0850937
vn -0.718688 1.35215e-16 -0.450683
v -0.124322 -0.197613 -0.0830689
vn -0.782136 1.47152e-16 -0.372726
v 0.272989 -0.181514 -0.0830689
vn 0.783221 -1.47356e-16 -0.371186
v 0.273859 0.197195 -0.0808853
vn 1.76976e-16 0.88357 -0.247472
v -0.124322 0.196121 -0.0830689
vn 1.75424e-16 0.842866 -0.324584
v -0.125187 0.197195 -0.0808853
vn 1.76976e-16 0.88357 -0.247472
v 0.273859 -0.181514 -0.0808853
vn 0.834729 -1.57047e-16 -0.285662
v 0.272989 0.196121 -0.0830689
vn 0.784147 -1.47531e-16 -0.369867
v 0.273859 0.197195 -0.0808853
vn 0.834729 -1.57047e-16 -0.285662
v 0.274614 0.198136 -0.0195294
vn 0.873899 -1.64417e-16 0.191014
v 0.274614 -0.18618 -0.0195294
vn 0.87351 -1.64343e-16 0.192213
v 0.274145 -0.199044 -0.0178031
vn 0.835521 -1.57196e-16 0.284096
v 0.274614 -0.199629 -0.0195294
vn 0.87351 -1.64343e-16 0.192213
v -0.125472 -0.199044 -0.0178031
vn -1.76994e-16 -0.885173 0.243852
v -0.125472 -0.199044 -0.0178031
vn -0.836081 1.57301e-16 0.282983
v -0.125947 0.198136 -0.0195294
vn -0.873106 1.64267e-16 0.193443
v -0.125947 -0.199629 -0.0195294
vn -0.873106 1.64267e-16 0.193443
v -0.125947 0.198136 -0.0195294
vn 1.51935e-16 0.914429 0.162527
v -0.121937 -0.194659 -0.0869247
vn -9.28704e-17 -0.716568 -0.478522
v 0.271902 -0.196263 -0.0850937
vn -1.1048e-16 -0.784596 -0.406056
v -0.12323 -0.196263 -0.0850937
vn -1.1048e-16 -0.784596 -0.406056
v 0.271902 -0.196263 -0.0850937
vn 0.717514 -1.34994e-16 -0.451942
v 0.272989 -0.181514 -0.0830689
vn 0.783136 -1.47341e-16 -0.371307
v 0.272989 -0.197613 -0.0830689
vn 0.783136 -1.47341e-16 -0.371307
v -0.12323 -0.196263 -0.0850937
vn -0.71868 1.35213e-16 -0.450692
v -0.124322 0.196121 -0.0830689
vn -0.782143 1.47153e-16 -0.372716
v -0.12323 0.194769 -0.0850937
vn -0.71868 1.35213e-16 -0.450692
v 0.272989 -0.181514 -0.0830689
vn 0.784144 -1.4753e-16 -0.369871
v -0.124322 0.196121 -0.0830689
vn 1.75425e-16 0.842871 -0.324576
v 0.273859 0.197195 -0.0808853
vn 1.76977e-16 0.883579 -0.247453
v 0.272989 0.196121 -0.0830689
vn 1.75425e-16 0.842871 -0.324576
v 0.274145 -0.18618 -0.0178031
vn 0.836092 -1.57303e-16 0.282961
v 0.274614 -0.18618 -0.0195294
vn 0.873141 -1.64274e-16 0.193336
v 0.274614 0.198136 -0.0195294
vn 0.873141 -1.64274e-16 0.193336
v 0.274145 -0.18618 -0.0178031
vn 0.83552 -1.57195e-16 0.284098
v 0.273496 -0.198238 -0.0161674
vn -1.7544e-16 -0.84314 0.324136
v -0.125472 -0.199044 -0.0178031
vn -1.76982e-16 -0.884061 0.246371
v 0.274145 -0.199044 -0.0178031
vn -1.76982e-16 -0.884061 0.246371
v -0.125472 0.197552 -0.0178031
vn -0.836079 1.57301e-16 0.282986
v -0.125947 0.198136 -0.0195294
vn 1.51606e-16 0.913681 0.165144
v 0.274145 0.197552 -0.0178031
vn 1.40622e-16 0.885176 0.243844
v 0.274614 0.198136 -0.0195294
vn 1.51606e-16 0.913681 0.165144
v 0.271902 -0.196263 -0.0850937
vn -1.10487e-16 -0.784623 -0.406023
v -0.121937 -0.194659 -0.0869247
vn -9.28743e-17 -0.716584 -0.478507
v 0.270609 -0.194659 -0.0869247
vn -9.28743e-17 -0.716584 -0.478507
v -0.12323 0.194769 -0.0850937
vn -0.716229 1.34752e-16 -0.453315
v -0.121937 -0.194659 -0.0869247
vn -0.64091 1.20582e-16 -0.523831
v -0.12323 -0.196263 -0.0850937
vn -0.716229 1.34752e-16 -0.453315
v 0.271902 -0.181514 -0.0850937
vn 0.71751 -1.34993e-16 -0.451947
v 0.272989 0.196121 -0.0830689
vn 1.7531e-16 0.840913 -0.327748
v -0.12323 0.194769 -0.0850937
vn 1.71259e-16 0.787 -0.403124
v -0.124322 0.196121 -0.0830689
vn 1.7531e-16 0.840913 -0.327748
v 0.272989 -0.181514 -0.0830689
vn 0.782213 -1.47167e-16 -0.372616
v 0.271902 0.194769 -0.0850937
vn 0.71868 -1.35213e-16 -0.450692
v 0.272989 0.196121 -0.0830689
vn 0.782213 -1.47167e-16 -0.372616
v 0.274145 0.197552 -0.0178031
vn 0.836092 -1.57303e-16 0.282962
v 0.274145 -0.18618 -0.0178031
vn 0.835479 -1.57188e-16 0.284178
v 0.273496 -0.198238 -0.0161674
vn 0.783205 -1.47353e-16 0.37121
v 0.274145 -0.199044 -0.0178031
vn 0.835479 -1.57188e-16 0.284178
v -0.125472 -0.199044 -0.0178031
vn -1.76982e-16 -0.884065 0.24636
v -0.124823 -0.198238 -0.0161674
vn -1.7544e-16 -0.843142 0.324131
v -0.124823 -0.198238 -0.0161674
vn -0.78396 1.47495e-16 0.370133
v -0.125472 0.197552 -0.0178031
vn -0.834904 1.5708e-16 0.285315
v -0.125472 -0.199044 -0.0178031
vn -0.834904 1.5708e-16 0.285315
v -0.125472 0.197552 -0.0178031
vn 1.40623e-16 0.885177 0.243842
v -0.12046 -0.192831 -0.08853
vn -7.22402e-17 -0.630893 -0.549043
v 0.270609 -0.194659 -0.0869247
vn -9.21712e-17 -0.713762 -0.481148
v -0.121937 -0.194659 -0.0869247
vn -9.21712e-17 -0.713762 -0.481148
v 0.270609 -0.194659 -0.0869247
vn 0.639519 -1.2032e-16 -0.524976
v 0.271902 -0.181514 -0.0850937
vn 0.717412 -1.34975e-16 -0.452051
v 0.271902 -0.196263 -0.0850937
vn 0.717412 -1.34975e-16 -0.452051
v -0.121937 -0.194659 -0.0869247
vn -0.640899 1.2058e-16 -0.52384
v -0.12323 0.194769 -0.0850937
vn -0.716238 1.34754e-16 -0.453304
v -0.121937 0.193167 -0.0869247
vn -0.640899 1.2058e-16 -0.52384
v 0.271902 -0.181514 -0.0850937
vn 0.718675 -1.35212e-16 -0.450697
v -0.12323 0.194769 -0.0850937
vn 1.7126e-16 0.78701 -0.403113
v 0.272989 0.196121 -0.0830689
vn 1.75311e-16 0.840929 -0.327721
v 0.271902 0.194769 -0.0850937
vn 1.7126e-16 0.78701 -0.403113
v 0.273496 -0.18618 -0.0161674
vn 0.783936 -1.47491e-16 0.370168
v 0.274145 -0.18618 -0.0178031
vn 0.834923 -1.57084e-16 0.285278
v 0.274145 0.197552 -0.0178031
vn 0.834923 -1.57084e-16 0.285278
v 0.273496 -0.18618 -0.0161674
vn 0.783203 -1.47353e-16 0.371212
v 0.272677 -0.197226 -0.0146497
vn -1.71298e-16 -0.787443 0.402582
v -0.124823 -0.198238 -0.0161674
vn -1.75355e-16 -0.841665 0.326533
v 0.273496 -0.198238 -0.0161674
vn -1.75355e-16 -0.841665 0.326533
v -0.124823 0.196746 -0.0161674
vn -0.783958 1.47495e-16 0.370138
v -0.125472 0.197552 -0.0178031
vn 1.40232e-16 0.884056 0.246381
v 0.273496 0.196746 -0.0161674
vn 1.27091e-16 0.843135 0.324145
v 0.274145 0.197552 -0.0178031
vn 1.40232e-16 0.884056 0.246381
v 0.270609 -0.194659 -0.0869247
vn -9.21807e-17 -0.713801 -0.481112
v -0.12046 -0.192831 -0.08853
vn -7.22449e-17 -0.630914 -0.549029
v 0.269132 -0.192831 -0.08853
vn -7.22449e-17 -0.630914 -0.549029
v -0.121937 -0.194659 -0.0869247
vn -0.638023 1.20038e-16 -0.526201
v -0.12046 0.191338 -0.08853
vn -0.552087 1.0387e-16 -0.588073
v -0.12046 -0.192831 -0.08853
vn -0.552087 1.0387e-16 -0.588073
v 0.270609 -0.181514 -0.0869247
vn 0.639513 -1.20319e-16 -0.52498
v 0.271902 0.194769 -0.0850937
vn 1.71048e-16 0.784609 -0.40604
v -0.121937 0.193167 -0.0869247
vn 1.64248e-16 0.716582 -0.478509
v -0.12323 0.194769 -0.0850937
vn 1.71048e-16 0.784609 -0.40604
v -0.12046 0.191338 -0.08853
vn -0.552102 1.03873e-16 -0.588064
v -0.121937 -0.194659 -0.0869247
vn -0.63801 1.20036e-16 -0.526212
v -0.121937 0.193167 -0.0869247
vn -0.63801 1.20036e-16 -0.526212
v 0.271902 -0.181514 -0.0850937
vn 0.716267 -1.34759e-16 -0.453274
v 0.270609 0.193167 -0.0869247
vn 0.640851 -1.2057e-16 -0.52388
v 0.271902 0.194769 -0.0850937
vn 0.716267 -1.34759e-16 -0.453274
v 0.273496 0.196746 -0.0161674
vn 0.783934 -1.47491e-16 0.37017
v 0.273496 -0.18618 -0.0161674
vn 0.783155 -1.47344e-16 0.371282
v 0.272677 -0.197226 -0.0146497
vn 0.71749 -1.34989e-16 0.451969
v 0.273496 -0.198238 -0.0161674
vn 0.783155 -1.47344e-16 0.371282
v -0.124823 -0.198238 -0.0161674
vn -1.75355e-16 -0.841675 0.326517
v 0.272677 -0.197226 -0.0146497
vn -1.71298e-16 -0.787447 0.402576
v -0.124005 -0.197226 -0.0146497
vn -1.71298e-16 -0.787447 0.402576
v -0.124005 -0.197226 -0.0146497
vn -0.718401 1.35161e-16 0.450991
v -0.124823 0.196746 -0.0161674
vn -0.782397 1.47202e-16 0.372357
v -0.124823 -0.198238 -0.0161674
vn -0.782397 1.47202e-16 0.372357
v -0.125472 0.197552 -0.0178031
vn 1.40234e-16 0.884061 0.24637
v -0.124823 0.196746 -0.0161674
vn 1.27092e-16 0.843137 0.32414
v -0.118829 -0.19081 -0.0898828
vn -4.93611e-17 -0.529742 -0.612489
v 0.269132 -0.192831 -0.08853
vn -7.14945e-17 -0.627692 -0.551342
v -0.12046 -0.192831 -0.08853
vn -7.14945e-17 -0.627692 -0.551342
v 0.269132 -0.192831 -0.08853
vn 0.55058 -1.03587e-16 -0.589024
v 0.270609 -0.181514 -0.0869247
vn 0.639413 -1.203e-16 -0.525063
v 0.270609 -0.194659 -0.0869247
vn 0.639413 -1.203e-16 -0.525063
v -0.118829 0.189316 -0.0898828
vn -0.453903 8.53979e-17 -0.642193
v -0.12046 -0.192831 -0.08853
vn -0.548939 1.03278e-16 -0.590057
v -0.12046 0.191338 -0.08853
vn -0.548939 1.03278e-16 -0.590057
v 0.270609 -0.181514 -0.0869247
vn 0.640845 -1.20569e-16 -0.523884
v -0.121937 0.193167 -0.0869247
vn 1.6425e-16 0.716598 -0.478495
v 0.271902 0.194769 -0.0850937
vn 1.7105e-16 0.784636 -0.406008
v 0.270609 0.193167 -0.0869247
vn 1.6425e-16 0.716598 -0.478495
v 0.270609 0.193167 -0.0869247
vn 1.63937e-16 0.713755 -0.481154
v -0.12046 0.191338 -0.08853
vn 1.54134e-16 0.630886 -0.549049
v -0.121937 0.193167 -0.0869247
vn 1.63937e-16 0.713755 -0.481154
v 0.272677 -0.18618 -0.0146497
vn 0.718366 -1.35154e-16 0.451029
v 0.273496 -0.18618 -0.0161674
vn 0.782414 -1.47204e-16 0.372333
v 0.273496 0.196746 -0.0161674
vn 0.782414 -1.47204e-16 0.372333
v 0.272677 -0.18618 -0.0146497
vn 0.717487 -1.34989e-16 0.451971
v 0.271706 -0.196026 -0.0132791
vn -1.64311e-16 -0.717161 0.477965
v -0.124005 -0.197226 -0.0146497
vn -1.71138e-16 -0.785624 0.404807
v 0.272677 -0.197226 -0.0146497
vn -1.71138e-16 -0.785624 0.404807
v -0.124005 0.195733 -0.0146497
vn -0.718396 1.3516e-16 0.450997
v -0.124823 0.196746 -0.0161674
vn 1.26649e-16 0.841665 0.326533
v 0.272677 0.195733 -0.0146497
vn 1.11249e-16 0.787443 0.402582
v 0.273496 0.196746 -0.0161674
vn 1.26649e-16 0.841665 0.326533
v 0.269132 -0.192831 -0.08853
vn -7.15058e-17 -0.627741 -0.551307
v -0.118829 -0.19081 -0.0898828
vn -4.9366e-17 -0.529765 -0.612476
v 0.267501 -0.19081 -0.0898828
vn -4.9366e-17 -0.529765 -0.612476
v -0.12046 -0.192831 -0.08853
vn -0.548956 1.03281e-16 -0.590046
v -0.118829 0.189316 -0.0898828
vn -0.453886 8.53947e-17 -0.642201
v -0.118829 -0.19081 -0.0898828
vn -0.453886 8.53947e-17 -0.642201
v 0.269132 -0.192831 -0.08853
vn 0.552056 -1.03865e-16 -0.588093
v 0.270609 0.193167 -0.0869247
vn 0.638064 -1.20046e-16 -0.526167
v 0.270609 -0.181514 -0.0869247
vn 0.638064 -1.20046e-16 -0.526167
v 0.269132 0.191338 -0.08853
vn 1.53731e-16 0.627686 -0.551347
v -0.118829 0.189316 -0.0898828
vn 1.40719e-16 0.529735 -0.612492
v -0.12046 0.191338 -0.08853
vn 1.53731e-16 0.627686 -0.551347
v -0.12046 0.191338 -0.08853
vn 1.54137e-16 0.630907 -0.549034
v 0.270609 0.193167 -0.0869247
vn 1.63943e-16 0.713793 -0.481119
v 0.269132 0.191338 -0.08853
vn 1.54137e-16 0.630907 -0.549034
v 0.272677 0.195733 -0.0146497
vn 0.718363 -1.35154e-16 0.451032
v 0.272677 -0.18618 -0.0146497
vn 0.717433 -1.34979e-16 0.452029
v 0.271706 -0.196026 -0.0132791
vn 0.639494 -1.20315e-16 0.524996
v 0.272677 -0.197226 -0.0146497
vn 0.717433 -1.34979e-16 0.452029
v -0.124005 -0.197226 -0.0146497
vn -1.71139e-16 -0.785638 0.404788
v 0.271706 -0.196026 -0.0132791
vn -1.64312e-16 -0.717169 0.477957
v -0.12304 -0.196026 -0.0132791
vn -1.64312e-16 -0.717169 0.477957
v -0.12304 -0.196026 -0.0132791
vn -0.640575 1.20519e-16 0.524108
v -0.124005 0.195733 -0.0146497
vn -0.716538 1.3481e-16 0.452984
v -0.124005 -0.197226 -0.0146497
vn -0.716538 1.3481e-16 0.452984
v 0.272677 0.195733 -0.0146497
vn 1.11251e-16 0.787448 0.402576
v -0.124823 0.196746 -0.0161674
vn 1.26652e-16 0.841675 0.326517
v -0.124005 0.195733 -0.0146497
vn 1.11251e-16 0.787448 0.402576
v -0.117072 -0.188628 -0.0909601
vn -2.45492e-17 -0.413772 -0.666203
v 0.267501 -0.19081 -0.0898828
vn -4.85847e-17 -0.526208 -0.614398
v -0.118829 -0.19081 -0.0898828
vn -4.85847e-17 -0.526208 -0.614398
v 0.267501 -0.181514 -0.0898828
vn 0.452213 -8.50799e-17 -0.642996
v 0.269132 -0.192831 -0.08853
vn 0.550485 -1.03569e-16 -0.589085
v 0.267501 -0.19081 -0.0898828
vn 0.452213 -8.50799e-17 -0.642996
v -0.117072 0.187136 -0.0909601
vn -0.347922 6.54585e-17 -0.685344
v -0.118829 -0.19081 -0.0898828
vn -0.450475 8.47529e-17 -0.643818
v -0.118829 0.189316 -0.0898828
vn -0.450475 8.47529e-17 -0.643818
v 0.269132 -0.181514 -0.08853
vn 0.550572 -1.03585e-16 -0.58903
v 0.270609 0.193167 -0.0869247
vn 0.63942 -1.20301e-16 -0.525057
v 0.269132 -0.192831 -0.08853
vn 0.550572 -1.03585e-16 -0.58903
v -0.118829 0.189316 -0.0898828
vn 1.40722e-16 0.529758 -0.61248
v 0.269132 0.191338 -0.08853
vn 1.53737e-16 0.627733 -0.551313
v 0.267501 0.189316 -0.0898828
vn 1.40722e-16 0.529758 -0.61248
v 0.269132 -0.181514 -0.08853
vn 0.552049 -1.03863e-16 -0.588097
v 0.269132 0.191338 -0.08853
vn 0.552049 -1.03863e-16 -0.588097
v 0.271706 -0.18618 -0.0132791
vn 0.640509 -1.20506e-16 0.524162
v 0.272677 -0.18618 -0.0146497
vn 0.716529 -1.34809e-16 0.452994
v 0.272677 0.195733 -0.0146497
vn 0.716529 -1.34809e-16 0.452994
v 0.271706 -0.18618 -0.0132791
vn 0.639491 -1.20315e-16 0.524999
v 0.271706 -0.196026 -0.0132791
vn -1.64078e-16 -0.715026 0.479969
v -0.121932 -0.194657 -0.0120755
vn -1.5422e-16 -0.631571 0.548555
v -0.12304 -0.196026 -0.0132791
vn -1.64078e-16 -0.715026 0.479969
v -0.124005 0.195733 -0.0146497
vn -0.716544 1.34811e-16 0.452978
v -0.12304 -0.196026 -0.0132791
vn -0.640568 1.20517e-16 0.524113
v -0.12304 0.194533 -0.0132791
vn -0.640568 1.20517e-16 0.524113
v -0.124005 0.195733 -0.0146497
vn 1.10757e-16 0.785624 0.404808
v 0.271706 0.194533 -0.0132791
vn 9.30182e-17 0.717161 0.477965
v 0.272677 0.195733 -0.0146497
vn 1.10757e-16 0.785624 0.404808
v 0.267501 -0.19081 -0.0898828
vn -4.85968e-17 -0.526264 -0.614368
v -0.117072 -0.188628 -0.0909601
vn -2.45533e-17 -0.413792 -0.666195
v 0.265739 -0.188628 -0.0909601
vn -2.45533e-17 -0.413792 -0.666195
v -0.118829 -0.19081 -0.0898828
vn -0.450493 8.47564e-17 -0.643809
v -0.117072 0.187136 -0.0909601
vn -0.347901 6.54547e-17 -0.68535
v -0.117072 -0.188628 -0.0909601
vn -0.347901 6.54547e-17 -0.68535
v 0.269132 -0.192831 -0.08853
vn 0.550477 -1.03567e-16 -0.58909
v 0.267501 -0.181514 -0.0898828
vn 0.452222 -8.50817e-17 -0.642992
v 0.269132 -0.181514 -0.08853
vn 0.550477 -1.03567e-16 -0.58909
v 0.267501 -0.19081 -0.0898828
vn 0.45217 -8.50717e-17 -0.643017
v 0.267501 0.189316 -0.0898828
vn 0.45217 -8.50717e-17 -0.643017
v 0.267501 -0.181514 -0.0898828
vn 0.45217 -8.50717e-17 -0.643017
v 0.267501 0.189316 -0.0898828
vn 1.4023e-16 0.526222 -0.614391
v -0.117072 0.187136 -0.0909601
vn 1.23921e-16 0.413784 -0.666198
v -0.118829 0.189316 -0.0898828
vn 1.4023e-16 0.526222 -0.614391
v 0.269132 0.191338 -0.08853
vn 0.548993 -1.03288e-16 -0.590023
v 0.267501 -0.181514 -0.0898828
vn 0.453845 -8.53871e-17 -0.64222
v 0.267501 0.189316 -0.0898828
vn 0.453845 -8.53871e-17 -0.64222
v 0.269132 -0.181514 -0.08853
vn 0.548984 -1.03287e-16 -0.590028
v 0.267501 -0.181514 -0.0898828
vn 0.453854 -8.53887e-17 -0.642217
v 0.269132 0.191338 -0.08853
vn 0.548984 -1.03287e-16 -0.590028
v 0.271706 0.194533 -0.0132791
vn 0.640505 -1.20506e-16 0.524164
v 0.271706 -0.18618 -0.0132791
vn 0.639435 -1.20304e-16 0.525044
v 0.270603 -0.194657 -0.0120755
vn 0.550556 -1.03582e-16 0.589039
v 0.271706 -0.196026 -0.0132791
vn 0.639435 -1.20304e-16 0.525044
v -0.121932 -0.194657 -0.0120755
vn -1.54221e-16 -0.631582 0.548546
v 0.271706 -0.196026 -0.0132791
vn -1.6408e-16 -0.715048 0.479948
v 0.270603 -0.194657 -0.0120755
vn -1.54221e-16 -0.631582 0.548546
v -0.121932 0.193164 -0.0120755
vn -0.551716 1.03801e-16 0.588307
v -0.12304 -0.196026 -0.0132791
vn -0.638365 1.20103e-16 0.525922
v -0.121932 -0.194657 -0.0120755
vn -0.551716 1.03801e-16 0.588307
v -0.12304 -0.196026 -0.0132791
vn -0.638357 1.20101e-16 0.525928
v -0.121932 0.193164 -0.0120755
vn -0.551725 1.03802e-16 0.588302
v -0.12304 0.194533 -0.0132791
vn -0.638357 1.20101e-16 0.525928
v 0.271706 0.194533 -0.0132791
vn 9.30204e-17 0.717169 0.477957
v -0.124005 0.195733 -0.0146497
vn 1.10761e-16 0.785638 0.404789
v -0.12304 0.194533 -0.0132791
vn 9.30204e-17 0.717169 0.477957
v -0.115214 -0.186325 -0.0917427
vn 1.65637e-18 -0.28482 -0.707371
v 0.265739 -0.188628 -0.0909601
vn -2.37554e-17 -0.409962 -0.66768
v -0.117072 -0.188628 -0.0909601
vn -2.37554e-17 -0.409962 -0.66768
v 0.265739 -0.188628 -0.0909601
vn 0.347892 -6.54529e-17 -0.685354
v 0.267501 0.189316 -0.0898828
vn 0.450438 -8.4746e-17 -0.643835
v 0.267501 -0.19081 -0.0898828
vn 0.450438 -8.4746e-17 -0.643835
v -0.115214 0.184833 -0.0917427
vn -0.235948 4.43916e-17 -0.716775
v -0.117072 -0.188628 -0.0909601
vn -0.344261 6.47698e-17 -0.686589
v -0.117072 0.187136 -0.0909601
vn -0.344261 6.47698e-17 -0.686589
v -0.117072 0.187136 -0.0909601
vn 1.23924e-16 0.413804 -0.66619
v 0.267501 0.189316 -0.0898828
vn 1.40237e-16 0.526277 -0.614361
v 0.265739 0.187136 -0.0909601
vn 1.23924e-16 0.413804 -0.66619
v 0.271706 0.194533 -0.0132791
vn 0.638419 -1.20113e-16 0.525878
v 0.270603 -0.194657 -0.0120755
vn 0.551729 -1.03803e-16 0.588299
v 0.271706 -0.18618 -0.0132791
vn 0.638419 -1.20113e-16 0.525878
v 0.270603 -0.194657 -0.0120755
vn -1.53912e-16 -0.629121 0.550319
v -0.120713 -0.193142 -0.0110635
vn -1.40811e-16 -0.530402 0.61213
v -0.121932 -0.194657 -0.0120755
vn -1.53912e-16 -0.629121 0.550319
v -0.121932 -0.194657 -0.0120755
vn -0.549328 1.03351e-16 0.589812
v -0.120713 0.191649 -0.0110635
vn -0.453501 8.53222e-17 0.642384
v -0.121932 0.193164 -0.0120755
vn -0.549328 1.03351e-16 0.589812
v -0.121932 0.193164 -0.0120755
vn 7.23982e-17 0.631571 0.548555
v 0.271706 0.194533 -0.0132791
vn 9.24859e-17 0.715026 0.479969
v -0.12304 0.194533 -0.0132791
vn 9.24859e-17 0.715026 0.479969
v 0.265739 -0.188628 -0.0909601
vn -2.37673e-17 -0.410019 -0.667658
v -0.115214 -0.186325 -0.0917427
vn 1.65414e-18 -0.284831 -0.707368
v 0.263881 -0.186325 -0.0917427
vn 1.65414e-18 -0.284831 -0.707368
v -0.117072 -0.188628 -0.0909601
vn -0.344282 6.47738e-17 -0.686581
v -0.115214 0.184833 -0.0917427
vn -0.235925 4.43873e-17 -0.716781
v -0.115214 -0.186325 -0.0917427
vn -0.235925 4.43873e-17 -0.716781
v 0.265739 -0.181514 -0.0909601
vn 0.346109 -6.51174e-17 -0.685962
v 0.267501 0.189316 -0.0898828
vn 0.452136 -8.50654e-17 -0.643033
v 0.265739 -0.188628 -0.0909601
vn 0.346109 -6.51174e-17 -0.685962
v 0.265739 0.187136 -0.0909601
vn 1.23346e-16 0.409962 -0.66768
v -0.115214 0.184833 -0.0917427
vn 1.03854e-16 0.28482 -0.707371
v -0.117072 0.187136 -0.0909601
vn 1.23346e-16 0.409962 -0.66768
v 0.267501 0.189316 -0.0898828
vn 0.450489 -8.47555e-17 -0.643812
v 0.265739 -0.181514 -0.0909601
vn 0.347839 -6.54429e-17 -0.685372
v 0.265739 0.187136 -0.0909601
vn 0.347839 -6.54429e-17 -0.685372
v 0.271706 0.194533 -0.0132791
vn 0.639439 -1.20305e-16 0.525041
v 0.270603 -0.18618 -0.0120755
vn 0.550552 -1.03582e-16 0.589042
v -0.120713 -0.193142 -0.0110635
vn -1.40813e-16 -0.530415 0.612123
v 0.270603 -0.194657 -0.0120755
vn -1.53916e-16 -0.629148 0.550299
v 0.269385 -0.193142 -0.0110635
vn -1.40813e-16 -0.530415 0.612123
v -0.120713 0.191649 -0.0110635
vn -0.453491 8.53204e-17 0.64239
v -0.121932 -0.194657 -0.0120755
vn -0.549337 1.03353e-16 0.589806
v -0.120713 -0.193142 -0.0110635
vn -0.453491 8.53204e-17 0.64239
v -0.120713 0.191649 -0.0110635
vn 4.95063e-17 0.530402 0.61213
v 0.270603 0.193164 -0.0120755
vn 7.18271e-17 0.629121 0.550319
v -0.121932 0.193164 -0.0120755
vn 7.18271e-17 0.629121 0.550319
v 0.271706 0.194533 -0.0132791
vn 9.24913e-17 0.715048 0.479948
v -0.121932 0.193164 -0.0120755
vn 7.24009e-17 0.631582 0.548546
v 0.270603 0.193164 -0.0120755
vn 7.24009e-17 0.631582 0.548546
v -0.113289 -0.183941 -0.0922179
vn 2.84851e-17 -0.146105 -0.733413
v 0.263881 -0.186325 -0.0917427
vn 2.44907e-18 -0.280818 -0.708374
v -0.115214 -0.186325 -0.0917427
vn 2.44907e-18 -0.280818 -0.708374
v 0.263881 -0.181514 -0.0917427
vn 0.234085 -4.4041e-17 -0.717187
v 0.265739 -0.188628 -0.0909601
vn 0.34605 -6.51063e-17 -0.685982
v 0.263881 -0.186325 -0.0917427
vn 0.234085 -4.4041e-17 -0.717187
v -0.113289 0.182447 -0.0922179
vn -0.119953 2.25681e-17 -0.735932
v -0.115214 -0.186325 -0.0917427
vn -0.232182 4.36831e-17 -0.717604
v -0.115214 0.184833 -0.0917427
vn -0.232182 4.36831e-17 -0.717604
v 0.265739 -0.188628 -0.0909601
vn 0.346038 -6.51042e-17 -0.685986
v 0.263881 -0.181514 -0.0917427
vn 0.234097 -4.40433e-17 -0.717185
v 0.265739 -0.181514 -0.0909601
vn 0.346038 -6.51042e-17 -0.685986
v -0.115214 0.184833 -0.0917427
vn 1.03856e-16 0.284831 -0.707368
v 0.265739 0.187136 -0.0909601
vn 1.23355e-16 0.410019 -0.667658
v 0.263881 0.184833 -0.0917427
vn 1.03856e-16 0.284831 -0.707368
v 0.265739 -0.181514 -0.0909601
vn 0.344294 -6.4776e-17 -0.686578
v 0.263881 -0.181514 -0.0917427
vn 0.235913 -4.4385e-17 -0.716783
v 0.265739 0.187136 -0.0909601
vn 0.344294 -6.4776e-17 -0.686578
v 0.270603 -0.18618 -0.0120755
vn 0.551725 -1.03802e-16 0.588302
v 0.270603 0.193164 -0.0120755
vn 0.551725 -1.03802e-16 0.588302
v 0.270603 -0.18618 -0.0120755
vn 0.550497 -1.03571e-16 0.589076
v 0.269385 -0.193142 -0.0110635
vn 0.452199 -8.50774e-17 0.643003
v 0.270603 -0.194657 -0.0120755
vn 0.550497 -1.03571e-16 0.589076
v 0.269385 -0.193142 -0.0110635
vn -1.40436e-16 -0.527708 0.61359
v -0.119393 -0.191508 -0.0102564
vn -1.24e-16 -0.414309 0.665993
v -0.120713 -0.193142 -0.0110635
vn -1.40436e-16 -0.527708 0.61359
v -0.120713 -0.193142 -0.0110635
vn -0.450851 8.48237e-17 0.643641
v -0.119393 0.190016 -0.0102564
vn -0.347468 6.5373e-17 0.685499
v -0.120713 0.191649 -0.0110635
vn -0.450851 8.48237e-17 0.643641
v 0.270603 0.193164 -0.0120755
vn 7.18336e-17 0.629148 0.550299
v -0.120713 0.191649 -0.0110635
vn 4.95091e-17 0.530415 0.612123
v 0.269385 0.191649 -0.0110635
vn 4.95091e-17 0.530415 0.612123
v 0.263881 -0.186325 -0.0917427
vn 2.43895e-18 -0.280869 -0.708362
v 0.26196 -0.183941 -0.0922179
vn 2.84857e-17 -0.146102 -0.733414
v -0.115214 -0.186325 -0.0917427
vn -0.232206 4.36875e-17 -0.717599
v -0.113289 0.182447 -0.0922179
vn -0.119929 2.25636e-17 -0.735935
v -0.113289 -0.183941 -0.0922179
vn -0.119929 2.25636e-17 -0.735935
v 0.263881 -0.186325 -0.0917427
vn 0.23406 -4.40363e-17 -0.717193
v 0.263881 0.184833 -0.0917427
vn 0.23406 -4.40363e-17 -0.717193
v 0.263881 -0.181514 -0.0917427
vn 0.23406 -4.40363e-17 -0.717193
v 0.263881 0.184833 -0.0917427
vn 1.0321e-16 0.280809 -0.708376
v -0.113289 0.182447 -0.0922179
vn 8.09093e-17 0.146101 -0.733414
v -0.115214 0.184833 -0.0917427
vn 1.0321e-16 0.280809 -0.708376
v 0.265739 0.187136 -0.0909601
vn 0.344305 -6.4778e-17 -0.686574
v 0.263881 -0.181514 -0.0917427
vn 0.235902 -4.43829e-17 -0.716786
v 0.263881 0.184833 -0.0917427
vn 0.235902 -4.43829e-17 -0.716786
v 0.270603 0.193164 -0.0120755
vn 0.549361 -1.03357e-16 0.589792
v 0.269385 -0.193142 -0.0110635
vn 0.453479 -8.53181e-17 0.642395
v 0.270603 -0.18618 -0.0120755
vn 0.549361 -1.03357e-16 0.589792
v -0.119393 -0.191508 -0.0102564
vn -1.24001e-16 -0.414321 0.665988
v 0.269385 -0.193142 -0.0110635
vn -1.40441e-16 -0.52774 0.613573
v 0.268066 -0.191508 -0.0102564
vn -1.24001e-16 -0.414321 0.665988
v -0.119393 0.190016 -0.0102564
vn -0.347456 6.53708e-17 0.685502
v -0.120713 -0.193142 -0.0110635
vn -0.450862 8.48258e-17 0.643636
v -0.119393 -0.191508 -0.0102564
vn -0.347456 6.53708e-17 0.685502
v -0.119393 0.190016 -0.0102564
vn 2.46625e-17 0.414316 0.66599
v 0.269385 0.191649 -0.0110635
vn 4.89156e-17 0.527715 0.613586
v -0.120713 0.191649 -0.0110635
vn 4.89156e-17 0.527715 0.613586
v 0.269385 -0.18618 -0.0110635
vn 0.453474 -8.53172e-17 0.642398
v 0.269385 0.191649 -0.0110635
vn 0.453474 -8.53172e-17 0.642398
v -0.111331 -0.181514 -0.0923768
vn 4.22279e-17 -0.0723573 -0.740276
v 0.26196 -0.183941 -0.0922179
vn 2.92625e-17 -0.141984 -0.733922
v -0.113289 -0.183941 -0.0922179
vn 2.92625e-17 -0.141984 -0.733922
v 0.26196 -0.181514 -0.0922179
vn 0.118052 -2.22106e-17 -0.736139
v 0.263881 -0.186325 -0.0917427
vn 0.234047 -4.40339e-17 -0.717196
v 0.26196 -0.183941 -0.0922179
vn 0.118052 -2.22106e-17 -0.736139
v -0.111331 0.180022 -0.0923768
vn -0.0591479 1.11282e-17 -0.740903
v -0.113289 -0.183941 -0.0922179
vn -0.116146 2.18518e-17 -0.736343
v -0.113289 0.182447 -0.0922179
vn -0.116146 2.18518e-17 -0.736343
v 0.263881 -0.186325 -0.0917427
vn 0.2322 -4.36863e-17 -0.7176
v 0.26196 -0.181514 -0.0922179
vn 0.119961 -2.25697e-17 -0.735931
v 0.263881 0.184833 -0.0917427
vn 0.2322 -4.36863e-17 -0.7176
v 0.263881 0.184833 -0.0917427
vn 1.03218e-16 0.280861 -0.708364
v 0.26196 0.182447 -0.0922179
vn 8.09088e-17 0.146098 -0.733415
v 0.270603 0.193164 -0.0120755
vn 0.550503 -1.03572e-16 0.589073
v 0.269385 -0.18618 -0.0110635
vn 0.452194 -8.50764e-17 0.643005
v 0.269385 -0.193142 -0.0110635
vn 0.452151 -8.50682e-17 0.643026
v 0.268066 -0.18618 -0.0102564
vn 0.346094 -6.51145e-17 0.685967
v 0.268066 -0.191508 -0.0102564
vn 0.346094 -6.51145e-17 0.685967
v 0.268066 -0.191508 -0.0102564
vn -1.23562e-16 -0.411395 0.667126
v -0.118001 -0.189783 -0.00966984
vn -1.039e-16 -0.285104 0.707299
v -0.119393 -0.191508 -0.0102564
vn -1.23562e-16 -0.411395 0.667126
v -0.119393 -0.191508 -0.0102564
vn -0.344677 6.48479e-17 0.686448
v -0.118001 0.188291 -0.00966984
vn -0.235501 4.43074e-17 0.716874
v -0.119393 0.190016 -0.0102564
vn -0.344677 6.48479e-17 0.686448
v 0.269385 0.191649 -0.0110635
vn 4.89226e-17 0.527747 0.613569
v -0.119393 0.190016 -0.0102564
vn 2.46648e-17 0.414327 0.665986
v 0.268066 0.190016 -0.0102564
vn 2.46648e-17 0.414327 0.665986
v 0.268066 -0.18618 -0.0102564
vn 0.347443 -6.53684e-17 0.685507
v 0.269385 -0.18618 -0.0110635
vn 0.450875 -8.4828e-17 0.64363
v 0.269385 0.191649 -0.0110635
vn 0.450875 -8.4828e-17 0.64363
v 0.26196 -0.183941 -0.0922179
vn 2.92553e-17 -0.142021 -0.733917
v 0.260002 -0.181514 -0.0923768
vn 4.22262e-17 -0.0723662 -0.740275
v -0.113289 -0.183941 -0.0922179
vn -0.116169 2.18563e-17 -0.736341
v -0.111331 -0.181514 -0.0923768
vn -0.0591478 1.11282e-17 -0.740903
v 0.26196 -0.183941 -0.0922179
vn 0.11804 -2.22081e-17 -0.73614
v 0.26196 0.182447 -0.0922179
vn 0.11804 -2.22081e-17 -0.73614
v 0.26196 -0.181514 -0.0922179
vn 0.11804 -2.22081e-17 -0.73614
v 0.26196 0.182447 -0.0922179
vn 8.02092e-17 0.141988 -0.733921
v -0.111331 0.180022 -0.0923768
vn 6.81913e-17 0.0723595 -0.740276
v -0.113289 0.182447 -0.0922179
vn 8.02092e-17 0.141988 -0.733921
v 0.263881 0.184833 -0.0917427
vn 0.232235 -4.36929e-17 -0.717592
v 0.26196 -0.181514 -0.0922179
vn 0.119926 -2.2563e-17 -0.735935
v 0.26196 0.182447 -0.0922179
vn 0.119926 -2.2563e-17 -0.735935
v 0.269385 -0.18618 -0.0110635
vn 0.452145 -8.50671e-17 0.643029
v 0.268066 0.190016 -0.0102564
vn 0.346074 -6.51108e-17 0.685974
v 0.268066 -0.191508 -0.0102564
vn 0.346074 -6.51108e-17 0.685974
v 0.268066 -0.18618 -0.0102564
vn 0.346074 -6.51108e-17 0.685974
v 0.268066 -0.191508 -0.0102564
vn -1.23567e-16 -0.411427 0.667114
v 0.266673 -0.189783 -0.00966984
vn -1.03901e-16 -0.285111 0.707298
v -0.118001 0.188291 -0.00966984
vn -0.235489 4.4305e-17 0.716877
v -0.119393 -0.191508 -0.0102564
vn -0.344688 6.48501e-17 0.686444
v -0.118001 -0.189783 -0.00966984
vn -0.235489 4.4305e-17 0.716877
v -0.118001 0.188291 -0.00966984
vn -1.60078e-18 0.2851 0.7073
v 0.268066 0.190016 -0.0102564
vn 2.40525e-17 0.411389 0.667129
v -0.119393 0.190016 -0.0102564
vn 2.40525e-17 0.411389 0.667129
v 0.268066 0.190016 -0.0102564
vn 0.347437 -6.53673e-17 0.685509
v -0.111331 -0.181514 -0.0923768
vn 5.53747e-17 -3.39072e-33 -0.742492
v 0.260002 0.180022 -0.0923768
vn 5.53747e-17 -3.39072e-33 -0.742492
v 0.260002 -0.181514 -0.0923768
vn 5.53747e-17 -3.39072e-33 -0.742492
v 0.260002 -0.181514 -0.0923768
vn 0.0591478 -1.11282e-17 -0.740903
v 0.26196 0.182447 -0.0922179
vn 0.116145 -2.18517e-17 -0.736343
v 0.26196 -0.183941 -0.0922179
vn 0.116145 -2.18517e-17 -0.736343
v -0.111331 0.180022 -0.0923768
vn 5.53747e-17 -3.39072e-33 -0.742492
v 0.26196 0.182447 -0.0922179
vn 8.02158e-17 0.142026 -0.733917
v 0.260002 0.180022 -0.0923768
vn 6.81929e-17 0.0723684 -0.740275
v 0.266673 -0.18618 -0.00966984
vn 0.235501 -4.43074e-17 0.716874
v 0.268066 -0.191508 -0.0102564
vn 0.344677 -6.48479e-17 0.686448
v 0.268066 0.190016 -0.0102564
vn 0.344677 -6.48479e-17 0.686448
v 0.268066 -0.191508 -0.0102564
vn 0.34606 -6.51082e-17 0.685978
v 0.266673 -0.18618 -0.00966984
vn 0.234074 -4.4039e-17 0.71719
v 0.266673 -0.189783 -0.00966984
vn 0.234074 -4.4039e-17 0.71719
v 0.266673 -0.189783 -0.00966984
vn -1.03407e-16 -0.282032 0.708072
v -0.11656 -0.187997 -0.0093142
vn -8.08975e-17 -0.146031 0.733423
v -0.118001 -0.189783 -0.00966984
vn -1.03407e-16 -0.282032 0.708072
v -0.118001 -0.189783 -0.00966984
vn -0.232625 4.37662e-17 0.717508
v -0.11656 0.186504 -0.0093142
vn -0.119516 2.24859e-17 0.73598
v -0.118001 0.188291 -0.00966984
vn -0.232625 4.37662e-17 0.717508
v 0.268066 0.190016 -0.0102564
vn 2.40593e-17 0.411422 0.667116
v 0.266673 0.188291 -0.00966984
vn -1.59947e-18 0.285106 0.707298
v 0.26196 0.182447 -0.0922179
vn 0.116169 -2.18563e-17 -0.736341
v 0.260002 0.180022 -0.0923768
vn 0.0591478 -1.11282e-17 -0.740903
v 0.268066 0.190016 -0.0102564
vn 0.344701 -6.48525e-17 0.68644
v 0.266673 0.188291 -0.00966984
vn 0.235475 -4.43025e-17 0.71688
v 0.266673 -0.18618 -0.00966984
vn 0.235475 -4.43025e-17 0.71688
v 0.266673 0.188291 -0.00966984
vn 0.23406 -4.40363e-17 0.717193
v 0.266673 -0.189783 -0.00966984
vn 0.23406 -4.40363e-17 0.717193
v 0.266673 -0.18618 -0.00966984
vn 0.23406 -4.40363e-17 0.717193
v 0.266673 -0.189783 -0.00966984
vn -1.03411e-16 -0.282061 0.708065
v 0.265232 -0.187997 -0.0093142
vn -8.08972e-17 -0.14603 0.733423
v -0.11656 0.186504 -0.0093142
vn -0.119503 2.24833e-17 0.735982
v -0.118001 -0.189783 -0.00966984
vn -0.232637 4.37687e-17 0.717505
v -0.11656 -0.187997 -0.0093142
vn -0.119503 2.24833e-17 0.735982
v -0.11656 0.186504 -0.0093142
vn -2.8499e-17 0.146031 0.733423
v 0.266673 0.188291 -0.00966984
vn -2.20866e-18 0.282032 0.708072
v -0.118001 0.188291 -0.00966984
vn -2.20866e-18 0.282032 0.708072
v 0.266673 0.188291 -0.00966984
vn 0.232625 -4.37662e-17 0.717508
v 0.265232 -0.187997 -0.0093142
vn 0.119516 -2.24859e-17 0.73598
v 0.266673 -0.189783 -0.00966984
vn 0.232625 -4.37662e-17 0.717508
v 0.265232 -0.187997 -0.0093142
vn -8.03572e-17 -0.142856 0.733815
v -0.115093 -0.18618 -0.00919539
vn -6.8226e-17 -0.0725582 0.740264
v -0.11656 -0.187997 -0.0093142
vn -8.03572e-17 -0.142856 0.733815
v -0.11656 -0.187997 -0.0093142
vn -0.116573 2.19322e-17 0.736298
v -0.115093 0.184687 -0.00919539
vn -0.0591422 1.11271e-17 0.740903
v -0.11656 0.186504 -0.0093142
vn -0.116573 2.19322e-17 0.736298
v 0.266673 0.188291 -0.00966984
vn -2.2029e-18 0.282061 0.708065
v 0.265232 0.186504 -0.0093142
vn -2.84994e-17 0.14603 0.733423
v 0.265232 -0.18618 -0.0093142
vn 0.118047 -2.22095e-17 0.73614
v 0.265232 -0.187997 -0.0093142
vn 0.118047 -2.22095e-17 0.73614
v 0.265232 -0.187997 -0.0093142
vn -8.03609e-17 -0.142878 0.733813
v 0.263765 -0.18618 -0.00919539
vn -6.8227e-17 -0.0725633 0.740264
v -0.11656 -0.187997 -0.0093142
vn -0.116586 2.19348e-17 0.736296
v -0.115093 -0.18618 -0.00919539
vn -0.0591423 1.11271e-17 0.740903
v -0.115093 0.184687 -0.00919539
vn -4.2191e-17 0.0725582 0.740264
v 0.265232 0.186504 -0.0093142
vn -2.90979e-17 0.142856 0.733815
v -0.11656 0.186504 -0.0093142
vn -2.90979e-17 0.142856 0.733815
v 0.265232 -0.18618 -0.0093142
vn 0.119496 -2.24821e-17 0.735982
v 0.266673 0.188291 -0.00966984
vn 0.232644 -4.377e-17 0.717503
v 0.265232 0.186504 -0.0093142
vn 0.119496 -2.24821e-17 0.735982
v 0.265232 -0.18618 -0.0093142
vn 0.118032 -2.22067e-17 0.736141
v 0.263765 -0.18618 -0.00919539
vn 0.0591466 -1.11279e-17 0.740903
v 0.265232 -0.187997 -0.0093142
vn 0.118032 -2.22067e-17 0.736141
v 0.263765 0.184687 -0.00919539
vn -5.53747e-17 3.39072e-33 0.742492
v -0.115093 -0.18618 -0.00919539
vn -5.53747e-17 3.39072e-33 0.742492
v 0.263765 -0.18618 -0.00919539
vn -5.53747e-17 3.39072e-33 0.742492
v -0.115093 0.184687 -0.00919539
vn -5.53747e-17 3.39072e-33 0.742492
v 0.265232 0.186504 -0.0093142
vn -2.90939e-17 0.142878 0.733813
v 0.263765 0.184687 -0.00919539
vn -4.219e-17 0.0725633 0.740264
v 0.265232 0.186504 -0.0093142
vn 0.11658 -2.19334e-17 0.736297
v 0.265232 -0.18618 -0.0093142
vn 0.11658 -2.19334e-17 0.736297
v 0.263765 0.184687 -0.00919539
vn 0.0591422 -1.11271e-17 0.740903
v 0.271337 -0.275 0.0777943
vn 0.835129 -1.57122e-16 0.284872
v 0.269268 -0.198611 0.0829984
vn 0.78366 -1.47439e-16 0.370562
v 0.269268 -0.275 0.0829984
vn 0.78366 -1.47439e-16 0.370562
v 0.271337 -0.198611 0.0777943
vn 0.835129 -1.57122e-16 0.284872
v 0.269268 -0.198611 0.0829984
vn 0.782698 -1.47257e-16 0.371929
v 0.266673 -0.275 0.0878231
vn 0.71805 -1.35095e-16 0.451368
v 0.269268 -0.275 0.0829984
vn 0.782698 -1.47257e-16 0.371929
v -0.156319 -0.275 0.105181
vn -1.68134e-16 -0.937156 -5.5678e-33
v 0.271337 -0.275 0.0777943
vn -1.68134e-16 -0.937156 -5.5678e-33
v 0.269268 -0.275 0.0829984
vn -1.68134e-16 -0.937156 -5.5678e-33
v 0.27284 -0.275 0.0722983
vn 0.873272 -1.64299e-16 0.192939
v 0.271337 -0.198611 0.0777943
vn 0.835867 -1.57261e-16 0.283409
v 0.271337 -0.275 0.0777943
vn 0.835867 -1.57261e-16 0.283409
v 0.271337 -0.198611 0.0777943
vn 1.68134e-16 0.937156 5.5678e-33
v -0.154636 -0.198611 0.0982797
vn 1.68134e-16 0.937156 5.5678e-33
v 0.269268 -0.198611 0.0829984
vn 1.68134e-16 0.937156 5.5678e-33
v 0.266673 -0.198611 0.0878231
vn 0.71805 -1.35095e-16 0.451368
v 0.266673 -0.275 0.0878231
vn -1.68134e-16 -0.937156 -5.5678e-33
v 0.27284 -0.275 0.0722983
vn -1.68134e-16 -0.937156 -5.5678e-33
v 0.27284 -0.198611 0.0722983
vn 0.873272 -1.64299e-16 0.192939
v 0.27284 -0.198611 0.0722983
vn 1.68134e-16 0.937156 5.5678e-33
v 0.266673 -0.198611 0.0878231
vn 1.68134e-16 0.937156 5.5678e-33
v 0.266673 -0.198611 0.0878231
vn 0.716873 -1.34873e-16 0.452627
v 0.263591 -0.275 0.092186
vn 0.640146 -1.20438e-16 0.52446
v 0.266673 -0.275 0.0878231
vn 0.716873 -1.34873e-16 0.452627
v 0.263591 -0.275 0.092186
vn -1.68134e-16 -0.937156 -5.5678e-33
v 0.273754 -0.275 0.0666079
vn -1.68134e-16 -0.937156 -5.5678e-33
v 0.27284 -0.275 0.0722983
vn 0.873771 -1.64392e-16 0.191409
v 0.273754 -0.198611 0.0666079
vn 0.896473 -1.68664e-16 0.0977038
v 0.27284 -0.198611 0.0722983
vn 0.873771 -1.64392e-16 0.191409
v -0.149417 -0.198611 0.0717964
vn 1.68134e-16 0.937156 5.5678e-33
v 0.263591 -0.198611 0.092186
vn 1.68134e-16 0.937156 5.5678e-33
v 0.263591 -0.198611 0.092186
vn 0.640146 -1.20438e-16 0.52446
v 0.260077 -0.275 0.0960128
vn -1.68134e-16 -0.937156 -5.5678e-33
v 0.27406 -0.275 0.0608164
vn -1.68134e-16 -0.937156 -5.5678e-33
v 0.273754 -0.275 0.0666079
vn 0.896473 -1.68664e-16 0.0977038
v 0.273754 -0.198611 0.0666079
vn 1.68134e-16 0.937156 5.5678e-33
v -0.149417 -0.198611 0.0717964
vn 0.882344 -1.66005e-16 0.162754
v -0.154636 0.198611 0.0982797
vn 0.874173 -1.64468e-16 0.190167
v -0.154636 -0.198611 0.0982797
vn 0.874173 -1.64468e-16 0.190167
v 0.260077 -0.198611 0.0960128
vn 1.68134e-16 0.937156 5.5678e-33
v 0.260077 -0.198611 0.0960128
vn 0.551291 -1.03721e-16 0.588576
v 0.263591 -0.275 0.092186
vn 0.638782 -1.20181e-16 0.52558
v 0.263591 -0.198611 0.092186
vn 0.638782 -1.20181e-16 0.52558
v 0.260077 -0.275 0.0960128
vn 0.551291 -1.03721e-16 0.588576
v 0.256188 -0.275 0.0992367
vn -1.68134e-16 -0.937156 -5.5678e-33
v 0.27406 -0.275 -0.260549
vn -1.68134e-16 -0.937156 -5.5678e-33
v 0.27406 -0.198611 0.0608164
vn 0.902401 -1.69778e-16 0.0485611
v 0.273754 -0.275 0.0666079
vn 0.896727 -1.68711e-16 0.0961283
v 0.27406 -0.275 0.0608164
vn 0.902401 -1.69778e-16 0.0485611
v 0.273754 -0.198611 0.0666079
vn 0.896727 -1.68711e-16 0.0961283
v 0.27406 -0.198611 0.0608164
vn 1.68134e-16 0.937156 5.5678e-33
v -0.149417 0.198611 0.0717964
vn 0.882344 -1.66005e-16 0.162754
v -0.154636 0.198611 0.0982797
vn 0.871723 -1.64007e-16 0.197602
v -0.156319 -0.198611 0.105181
vn 0.865665 -1.62868e-16 0.214808
v -0.154636 -0.198611 0.0982797
vn 0.871723 -1.64007e-16 0.197602
v 0.256188 -0.198611 0.0992367
vn 1.68134e-16 0.937156 5.5678e-33
v 0.260077 -0.198611 0.0960128
vn 0.549756 -1.03432e-16 0.589543
v 0.256188 -0.275 0.0992367
vn 0.453003 -8.52285e-17 0.642621
v 0.260077 -0.275 0.0960128
vn 0.549756 -1.03432e-16 0.589543
v 0.251993 -0.275 0.101803
vn -1.68134e-16 -0.937156 -5.5678e-33
v 0.273955 -0.275 -0.262485
vn -1.68134e-16 -0.937156 -5.5678e-33
v 0.27406 -0.198611 -0.260549
vn 0.904338 -1.70144e-16 4.54645e-17
v 0.27406 -0.275 0.0608164
vn 0.904338 -1.70144e-16 4.54645e-17
v 0.27406 -0.275 -0.260549
vn 0.904338 -1.70144e-16 4.54645e-17
v 0.27406 -0.198611 -0.0923768
vn 0.904338 -1.70144e-16 4.54645e-17
v 0.27406 -0.198611 0.0608164
vn 0.904338 -1.70144e-16 4.54645e-17
v -0.145339 -0.198611 0.0450058
vn 1.68134e-16 0.937156 5.5678e-33
v -0.149417 -0.198611 0.0717964
vn 0.885278 -1.66558e-16 0.151634
v -0.145339 0.198611 0.0450058
vn 0.891657 -1.67757e-16 0.123903
v -0.149417 0.198611 0.0717964
vn 0.885278 -1.66558e-16 0.151634
v -0.149417 0.198611 0.0717964
vn -1.68134e-16 -0.937156 -5.5678e-33
v -0.140674 0.198611 0.105181
vn -1.68134e-16 -0.937156 -5.5678e-33
v -0.154636 0.198611 0.0982797
vn -1.68134e-16 -0.937156 -5.5678e-33
v -0.156319 0.198611 0.105181
vn 0.865665 -1.62868e-16 0.214808
v -0.156319 -0.198611 0.105181
vn 1.68134e-16 0.937156 5.5678e-33
v 0.256188 -0.198611 0.0992367
vn 0.453003 -8.52285e-17 0.642621
v 0.256188 -0.198611 0.0992367
vn 0.45133 -8.49136e-17 0.643415
v 0.251993 -0.275 0.101803
vn 0.346962 -6.52778e-17 0.685672
v 0.256188 -0.275 0.0992367
vn 0.45133 -8.49136e-17 0.643415
v 0.247566 -0.275 0.103669
vn -1.68134e-16 -0.937156 -5.5678e-33
v 0.273654 -0.275 -0.264387
vn -1.68134e-16 -0.937156 -5.5678e-33
v 0.273955 0.275 -0.262485
vn 0.896887 -1.68742e-16 -0.0951148
v 0.27406 -0.275 -0.260549
vn 0.902398 -1.69778e-16 -0.0486111
v 0.273955 -0.275 -0.262485
vn 0.896887 -1.68742e-16 -0.0951148
v 0.27406 -0.275 -0.260549
vn 0.9024 -1.69778e-16 -0.0485685
v 0.273955 0.275 -0.262485
vn 0.896643 -1.68696e-16 -0.0966562
v 0.27406 -0.198611 -0.260549
vn 0.9024 -1.69778e-16 -0.0485685
v -0.127272 -0.198611 -0.0923768
vn 1.68134e-16 0.937156 5.5678e-33
v 0.27406 -0.198611 -0.0923768
vn 1.68134e-16 0.937156 5.5678e-33
v -0.142421 -0.198611 0.0179828
vn 1.68134e-16 0.937156 5.5678e-33
v -0.145339 -0.198611 0.0450058
vn 0.891657 -1.67757e-16 0.123903
v -0.145339 0.198611 0.0450058
vn -1.68134e-16 -0.937156 -5.5678e-33
v -0.156319 0.198611 0.105181
vn -1.68134e-16 -0.937156 -5.5678e-33
v -0.160989 0.275 0.124379
vn 0.860125 -1.61825e-16 0.229318
v -0.156319 -0.198611 0.105181
vn 0.86569 -1.62872e-16 0.214741
v -0.156319 0.198611 0.105181
vn 0.86569 -1.62872e-16 0.214741
v 0.251993 -0.198611 0.101803
vn 1.68134e-16 0.937156 5.5678e-33
v 0.251993 -0.198611 0.101803
vn 0.346962 -6.52778e-17 0.685672
v 0.251993 -0.198611 0.101803
vn 0.345183 -6.49432e-17 0.686276
v 0.247566 -0.275 0.103669
vn 0.234993 -4.42119e-17 0.716987
v 0.251993 -0.275 0.101803
vn 0.345183 -6.49432e-17 0.686276
v 0.242981 -0.275 0.1048
vn -1.68134e-16 -0.937156 -5.5678e-33
v 0.273147 -0.275 -0.266224
vn -1.68134e-16 -0.937156 -5.5678e-33
v 0.273654 -0.275 -0.264387
vn 0.874129 -1.6446e-16 -0.190305
v 0.273955 0.275 -0.262485
vn 0.896312 -1.68633e-16 -0.0986951
v 0.273955 -0.275 -0.262485
vn 0.896312 -1.68633e-16 -0.0986951
v 0.27406 -0.198611 -0.176463
vn 0.904338 -1.70144e-16 4.54645e-17
v 0.27406 -0.198611 -0.260549
vn 0.902399 -1.69778e-16 -0.0485976
v 0.273955 0.275 -0.262485
vn 0.89681 -1.68727e-16 -0.0956011
v 0.27406 0.198611 -0.260549
vn 0.902399 -1.69778e-16 -0.0485976
v -0.140674 -0.198611 -0.00919539
vn 1.68134e-16 0.937156 5.5678e-33
v 0.27406 0.198611 -0.0923768
vn -5.53747e-17 3.39072e-33 0.742492
v -0.127272 -0.198611 -0.0923768
vn -5.53747e-17 3.39072e-33 0.742492
v 0.27406 -0.198611 -0.0923768
vn -5.53747e-17 3.39072e-33 0.742492
v -0.142421 -0.198611 0.0179828
vn 0.898446 -1.69035e-16 0.0846189
v -0.145339 0.198611 0.0450058
vn 0.89388 -1.68176e-16 0.11259
v -0.145339 -0.198611 0.0450058
vn 0.89388 -1.68176e-16 0.11259
v -0.142421 0.198611 0.0179828
vn -1.68134e-16 -0.937156 -5.5678e-33
v 0.238316 0.275 0.105181
vn -5.53747e-17 3.39072e-33 0.742492
v -0.156319 0.198611 0.105181
vn -5.53747e-17 3.39072e-33 0.742492
v -0.140674 0.198611 0.105181
vn -5.53747e-17 3.39072e-33 0.742492
v -0.160989 0.275 0.124379
vn 0.858797 -1.61576e-16 0.23265
v -0.156319 -0.275 0.105181
vn 0.86568 -1.6287e-16 0.214766
v -0.156319 -0.198611 0.105181
vn 0.86568 -1.6287e-16 0.214766
v -0.156319 0.198611 0.105181
vn 0.86568 -1.6287e-16 0.214766
v -0.156319 0.275 0.105181
vn 0.86568 -1.6287e-16 0.214766
v 0.247566 -0.198611 0.103669
vn 1.68134e-16 0.937156 5.5678e-33
v 0.247566 -0.198611 0.103669
vn 0.234993 -4.42119e-17 0.716987
v 0.247566 -0.198611 0.103669
vn 0.233126 -4.38606e-17 0.717398
v 0.242981 -0.275 0.1048
vn 0.118995 -2.23879e-17 0.736036
v 0.247566 -0.275 0.103669
vn 0.233126 -4.38606e-17 0.717398
v 0.238316 -0.275 0.105181
vn -1.68134e-16 -0.937156 -5.5678e-33
v 0.272455 -0.275 -0.267964
vn -1.68134e-16 -0.937156 -5.5678e-33
v 0.273147 0.275 -0.266224
vn 0.836332 -1.57349e-16 -0.282481
v 0.273654 -0.275 -0.264387
vn 0.872909 -1.64231e-16 -0.194043
v 0.273147 -0.275 -0.266224
vn 0.836332 -1.57349e-16 -0.282481
v 0.273654 0.275 -0.264387
vn 0.874129 -1.6446e-16 -0.190305
v 0.27406 0.198611 -0.260549
vn 0.904338 -1.70144e-16 4.54645e-17
v 0.27406 0.198611 -0.176463
vn 0.904338 -1.70144e-16 4.54645e-17
v 0.27406 0.198611 -0.260549
vn 0.9024 -1.69778e-16 -0.0485685
v 0.27406 0.275 -0.260549
vn 0.9024 -1.69778e-16 -0.0485685
v -0.127272 0.198611 -0.0923768
vn 0.886776 -1.6684e-16 0.145614
v -0.140674 -0.198611 -0.00919539
vn 0.886776 -1.6684e-16 0.145614
v -0.127272 -0.198611 -0.0923768
vn 0.886776 -1.6684e-16 0.145614
v -0.127272 0.198611 -0.0923768
vn -5.53747e-17 3.39072e-33 0.742492
v 0.27406 0.198611 -0.0923768
vn 0.904338 -1.70144e-16 4.54645e-17
v -0.140674 0.198611 -0.00919539
vn 0.901464 -1.69603e-16 0.0591369
v -0.142421 -0.198611 0.0179828
vn 0.899932 -1.69314e-16 0.0731923
v -0.140674 -0.198611 -0.00919539
vn 0.901464 -1.69603e-16 0.0591369
v -0.142421 0.198611 0.0179828
vn 0.898446 -1.69035e-16 0.0846189
v -0.140674 0.198611 -0.00919539
vn -1.68134e-16 -0.937156 -5.5678e-33
v -0.156319 0.275 0.105181
vn -5.53747e-17 3.39072e-33 0.742492
v 0.238316 0.198611 0.105181
vn -5.53747e-17 3.39072e-33 0.742492
v -0.156319 -0.275 0.105181
vn 0.865693 -1.62872e-16 0.214731
v -0.160989 0.275 0.124379
vn 0.860594 -1.61913e-16 0.228129
v -0.160989 -0.275 0.124379
vn 0.860594 -1.61913e-16 0.228129
v 0.238316 -0.275 0.105181
vn -5.53747e-17 3.39072e-33 0.742492
v -0.156319 -0.198611 0.105181
vn -5.53747e-17 3.39072e-33 0.742492
v -0.156319 -0.275 0.105181
vn -5.53747e-17 3.39072e-33 0.742492
v -0.156319 0.275 0.105181
vn 1.68134e-16 0.937156 5.5678e-33
v -0.274995 0.275 0.283284
vn 1.68134e-16 0.937156 5.5678e-33
v -0.160989 0.275 0.124379
vn 1.68134e-16 0.937156 5.5678e-33
v 0.242981 -0.198611 0.1048
vn 1.68134e-16 0.937156 5.5678e-33
v 0.242981 -0.198611 0.1048
vn 0.118995 -2.23879e-17 0.736036
v 0.242981 -0.275 0.1048
vn 0.117085 -2.20286e-17 0.736243
v 0.238316 -0.198611 0.105181
vn 0.0591492 -1.11284e-17 0.740903
v 0.238316 -0.275 0.105181
vn 0.0591492 -1.11284e-17 0.740903
v 0.271591 -0.275 -0.269577
vn -1.68134e-16 -0.937156 -5.5678e-33
v 0.272455 -0.275 -0.267964
vn 0.784307 -1.4756e-16 -0.369639
v 0.273147 0.275 -0.266224
vn 0.834623 -1.57027e-16 -0.285869
v 0.273147 -0.275 -0.266224
vn 0.834623 -1.57027e-16 -0.285869
v 0.273654 0.275 -0.264387
vn 0.872909 -1.64231e-16 -0.194043
v 0.273654 0.275 -0.264387
vn 1.68134e-16 0.937156 5.5678e-33
v 0.273955 0.275 -0.262485
vn 1.68134e-16 0.937156 5.5678e-33
v 0.27406 0.275 -0.260549
vn 1.68134e-16 0.937156 5.5678e-33
v 0.27406 0.275 -0.260549
vn 0.904338 -1.70144e-16 4.54645e-17
v -0.140674 0.198611 -0.00919539
vn 0.886776 -1.6684e-16 0.145614
v 0.27406 0.198611 0.0608164
vn -1.68134e-16 -0.937156 -5.5678e-33
v -0.127272 0.198611 -0.0923768
vn -1.68134e-16 -0.937156 -5.5678e-33
v 0.27406 0.198611 -0.0923768
vn -1.68134e-16 -0.937156 -5.5678e-33
v -0.142421 0.198611 0.0179828
vn 0.899932 -1.69314e-16 0.0731923
v 0.238316 0.275 0.105181
vn 1.68134e-16 0.937156 5.5678e-33
v 0.242981 0.275 0.1048
vn 1.68134e-16 0.937156 5.5678e-33
v 0.242981 0.198611 0.1048
vn -1.68134e-16 -0.937156 -5.5678e-33
v 0.238316 0.198611 0.105181
vn -1.68134e-16 -0.937156 -5.5678e-33
v 0.242981 0.198611 0.1048
vn 0.117085 -2.20286e-17 0.736243
v 0.238316 0.275 0.105181
vn 0.0591492 -1.11284e-17 0.740903
v 0.238316 0.198611 0.105181
vn 0.0591492 -1.11284e-17 0.740903
v -0.160989 0.275 0.124379
vn 0.855615 -1.60977e-16 0.240424
v -0.168455 -0.275 0.15002
vn 0.845097 -1.58997e-16 0.264314
v -0.160989 -0.275 0.124379
vn 0.855615 -1.60977e-16 0.240424
v -0.274995 -0.275 0.283284
vn -1.68134e-16 -0.937156 -5.5678e-33
v -0.160989 -0.275 0.124379
vn -1.68134e-16 -0.937156 -5.5678e-33
v 0.238316 -0.198611 0.105181
vn -5.53747e-17 3.39072e-33 0.742492
v -0.238855 0.275 -0.275378
vn 1.68134e-16 0.937156 5.5678e-33
v -0.168455 0.275 0.15002
vn 1.68134e-16 0.937156 5.5678e-33
v 0.238316 -0.198611 0.105181
vn 1.68134e-16 0.937156 5.5678e-33
v 0.242981 -0.198611 0.1048
vn 0.117085 -2.20286e-17 0.736243
v 0.270562 -0.275 -0.271035
vn -1.68134e-16 -0.937156 -5.5678e-33
v 0.271591 -0.275 -0.269577
vn 0.718881 -1.35251e-16 -0.450475
v 0.272455 0.275 -0.267964
vn 0.782077 -1.47141e-16 -0.372809
v 0.272455 -0.275 -0.267964
vn 0.782077 -1.47141e-16 -0.372809
v 0.272455 0.275 -0.267964
vn 0.784307 -1.4756e-16 -0.369639
v 0.273147 0.275 -0.266224
vn 1.68134e-16 0.937156 5.5678e-33
v 0.27406 0.275 -0.259931
vn 1.68134e-16 0.937156 5.5678e-33
v 0.27406 0.198611 0.0608164
vn 0.904338 -1.70144e-16 4.54645e-17
v 0.273754 0.198611 0.0666079
vn -1.68134e-16 -0.937156 -5.5678e-33
v 0.242981 0.275 0.1048
vn 0.117085 -2.20286e-17 0.736243
v 0.247566 0.275 0.103669
vn 1.68134e-16 0.937156 5.5678e-33
v 0.247566 0.198611 0.103669
vn -1.68134e-16 -0.937156 -5.5678e-33
v -0.168455 0.275 0.15002
vn 0.845097 -1.58997e-16 0.264314
v -0.168455 -0.275 0.15002
vn -1.68134e-16 -0.937156 -5.5678e-33
v -0.238855 -0.275 -0.275378
vn -1.68134e-16 -0.937156 -5.5678e-33
v 0.26367 0.275 -0.275251
vn 1.68134e-16 0.937156 5.5678e-33
v -0.238855 0.275 -0.275378
vn -0.901436 1.69598e-16 -0.0594286
v -0.274995 -0.275 0.283284
vn -0.901436 1.69598e-16 -0.0594286
v -0.274995 0.275 0.283284
vn -0.901436 1.69598e-16 -0.0594286
v -0.17702 0.275 0.175129
vn 1.68134e-16 0.937156 5.5678e-33
v 0.269385 -0.275 -0.272313
vn -1.68134e-16 -0.937156 -5.5678e-33
v 0.270562 0.275 -0.271035
vn 0.641079 -1.20613e-16 -0.523692
v 0.271591 -0.275 -0.269577
vn 0.716087 -1.34726e-16 -0.453465
v 0.270562 -0.275 -0.271035
vn 0.641079 -1.20613e-16 -0.523692
v 0.271591 0.275 -0.269577
vn 0.718881 -1.35251e-16 -0.450475
v 0.272455 0.275 -0.267964
vn 1.68134e-16 0.937156 5.5678e-33
v 0.27406 0.275 -0.108213
vn 1.68134e-16 0.937156 5.5678e-33
v 0.27406 0.275 -0.259931
vn 0.904338 -1.70144e-16 4.54645e-17
v 0.27406 0.275 0.0608164
vn 0.902401 -1.69778e-16 0.0485611
v 0.273754 0.198611 0.0666079
vn 0.896727 -1.68711e-16 0.0961283
v 0.27406 0.198611 0.0608164
vn 0.902401 -1.69778e-16 0.0485611
v 0.27284 0.198611 0.0722983
vn -1.68134e-16 -0.937156 -5.5678e-33
v 0.247566 0.198611 0.103669
vn 0.233126 -4.38606e-17 0.717398
v 0.242981 0.275 0.1048
vn 0.118995 -2.23879e-17 0.736036
v 0.242981 0.198611 0.1048
vn 0.118995 -2.23879e-17 0.736036
v 0.251993 0.275 0.101803
vn 1.68134e-16 0.937156 5.5678e-33
v 0.247566 0.275 0.103669
vn 0.233126 -4.38606e-17 0.717398
v 0.251993 0.198611 0.101803
vn -1.68134e-16 -0.937156 -5.5678e-33
v -0.168455 0.275 0.15002
vn 0.838731 -1.578e-16 0.277648
v -0.17702 -0.275 0.175129
vn 0.82667 -1.55531e-16 0.301044
v -0.168455 -0.275 0.15002
vn 0.838731 -1.578e-16 0.277648
v -0.17702 -0.275 0.175129
vn -1.68134e-16 -0.937156 -5.5678e-33
v 0.26367 -0.275 -0.275251
vn -1.68134e-16 -0.937156 -5.5678e-33
v -0.238855 -0.275 -0.275378
vn -0.901436 1.69598e-16 -0.0594286
v 0.262113 0.275 -0.275378
vn 1.68134e-16 0.937156 5.5678e-33
v 0.265205 0.275 -0.274873
vn 1.68134e-16 0.937156 5.5678e-33
v -0.274995 -0.275 0.283284
vn -0.904281 1.70133e-16 -0.00836292
v -0.275 0.275 0.284169
vn -0.902905 1.69874e-16 0.0417774
v -0.274995 0.275 0.283284
vn -0.904281 1.70133e-16 -0.00836292
v -0.186644 0.275 0.199634
vn 1.68134e-16 0.937156 5.5678e-33
v -0.17702 0.275 0.175129
vn 0.82667 -1.55531e-16 0.301044
v 0.268086 -0.275 -0.273391
vn -1.68134e-16 -0.937156 -5.5678e-33
v 0.269385 -0.275 -0.272313
vn 0.552302 -1.03911e-16 -0.587937
v 0.270562 0.275 -0.271035
vn 0.637834 -1.20003e-16 -0.526356
v 0.270562 -0.275 -0.271035
vn 0.637834 -1.20003e-16 -0.526356
v 0.271591 0.275 -0.269577
vn 0.716087 -1.34726e-16 -0.453465
v 0.271591 0.275 -0.269577
vn 1.68134e-16 0.937156 5.5678e-33
v 0.273949 0.275 -0.106145
vn 1.68134e-16 0.937156 5.5678e-33
v 0.27406 0.275 0.0608164
vn 0.904338 -1.70144e-16 4.54645e-17
v 0.27406 0.275 -0.108213
vn 0.904338 -1.70144e-16 4.54645e-17
v 0.273754 0.275 0.0666079
vn 0.896727 -1.68711e-16 0.0961283
v 0.273754 0.275 0.0666079
vn 0.896473 -1.68664e-16 0.0977038
v 0.27284 0.198611 0.0722983
vn 0.873771 -1.64392e-16 0.191409
v 0.273754 0.198611 0.0666079
vn 0.896473 -1.68664e-16 0.0977038
v 0.271337 0.198611 0.0777943
vn -1.68134e-16 -0.937156 -5.5678e-33
v 0.256188 0.275 0.0992367
vn 1.68134e-16 0.937156 5.5678e-33
v 0.247566 0.275 0.103669
vn 0.234993 -4.42119e-17 0.716987
v 0.251993 0.198611 0.101803
vn 0.345183 -6.49432e-17 0.686276
v 0.251993 0.275 0.101803
vn 0.345183 -6.49432e-17 0.686276
v 0.247566 0.198611 0.103669
vn 0.234993 -4.42119e-17 0.716987
v 0.256188 0.198611 0.0992367
vn -1.68134e-16 -0.937156 -5.5678e-33
v -0.186644 -0.275 0.199634
vn -1.68134e-16 -0.937156 -5.5678e-33
v 0.265205 -0.275 -0.274873
vn -1.68134e-16 -0.937156 -5.5678e-33
v 0.262113 0.275 -0.275378
vn 5.53747e-17 -3.39072e-33 -0.742492
v -0.238855 -0.275 -0.275378
vn 5.53747e-17 -3.39072e-33 -0.742492
v -0.238855 0.275 -0.275378
vn 5.53747e-17 -3.39072e-33 -0.742492
v 0.26367 0.275 -0.275251
vn 0.116064 -2.18365e-17 -0.736352
v 0.262113 -0.20625 -0.275378
vn 0.0591486 -1.11283e-17 -0.740903
v 0.262113 0.275 -0.275378
vn 0.0591486 -1.11283e-17 -0.740903
v 0.266683 0.275 -0.274249
vn 1.68134e-16 0.937156 5.5678e-33
v 0.265205 0.275 -0.274873
vn 0.231852 -4.3621e-17 -0.717676
v 0.26367 -0.275 -0.275251
vn 0.120282 -2.26301e-17 -0.735895
v 0.26367 0.275 -0.275251
vn 0.120282 -2.26301e-17 -0.735895
v -0.275 -0.275 0.284169
vn -0.902905 1.69874e-16 0.0417774
v -0.235235 0.275 0.29026
vn 1.68134e-16 0.937156 5.5678e-33
v -0.275 0.275 0.284169
vn 1.68134e-16 0.937156 5.5678e-33
v -0.197313 0.275 0.223466
vn 1.68134e-16 0.937156 5.5678e-33
v -0.186644 -0.275 0.199634
vn 0.805962 -1.51635e-16 0.336777
v -0.17702 0.275 0.175129
vn 0.819521 -1.54186e-16 0.313943
v -0.186644 0.275 0.199634
vn 0.805962 -1.51635e-16 0.336777
v -0.17702 -0.275 0.175129
vn 0.819521 -1.54186e-16 0.313943
v 0.266683 -0.275 -0.274249
vn -1.68134e-16 -0.937156 -5.5678e-33
v 0.268086 -0.275 -0.273391
vn 0.454141 -8.54427e-17 -0.64208
v 0.269385 0.275 -0.272313
vn 0.548728 -1.03238e-16 -0.590189
v 0.269385 -0.275 -0.272313
vn 0.548728 -1.03238e-16 -0.590189
v 0.269385 0.275 -0.272313
vn 0.552302 -1.03911e-16 -0.587937
v 0.270562 0.275 -0.271035
vn 1.68134e-16 0.937156 5.5678e-33
v 0.273622 0.275 -0.104113
vn 1.68134e-16 0.937156 5.5678e-33
v 0.27406 0.275 -0.0923768
vn 1.68134e-16 0.937156 5.5678e-33
v 0.27406 0.275 -0.0923768
vn 0.904338 -1.70144e-16 4.54645e-17
v 0.27406 0.275 0.0608164
vn 1.68134e-16 0.937156 5.5678e-33
v 0.273754 0.275 0.0666079
vn 1.68134e-16 0.937156 5.5678e-33
v 0.27284 0.275 0.0722983
vn 0.873771 -1.64392e-16 0.191409
v 0.27284 0.198611 0.0722983
vn 0.873272 -1.64299e-16 0.192939
v 0.271337 0.275 0.0777943
vn 0.835867 -1.57261e-16 0.283409
v 0.271337 0.198611 0.0777943
vn 0.835867 -1.57261e-16 0.283409
v 0.269268 0.198611 0.0829984
vn -1.68134e-16 -0.937156 -5.5678e-33
v 0.260077 0.275 0.0960128
vn 1.68134e-16 0.937156 5.5678e-33
v 0.251993 0.198611 0.101803
vn 0.346962 -6.52778e-17 0.685672
v 0.256188 0.275 0.0992367
vn 0.45133 -8.49136e-17 0.643415
v 0.251993 0.275 0.101803
vn 0.346962 -6.52778e-17 0.685672
v 0.260077 0.198611 0.0960128
vn -1.68134e-16 -0.937156 -5.5678e-33
v 0.256188 0.198611 0.0992367
vn 0.45133 -8.49136e-17 0.643415
v -0.197313 -0.275 0.223466
vn -1.68134e-16 -0.937156 -5.5678e-33
v 0.262113 -0.275 -0.275378
vn -1.68134e-16 -0.937156 -5.5678e-33
v 0.200346 -0.267361 -0.275378
vn 5.53747e-17 -3.39072e-33 -0.742492
v 0.265205 -0.275 -0.274873
vn 0.231852 -4.3621e-17 -0.717676
v 0.200346 -0.20625 -0.275378
vn 5.53747e-17 -3.39072e-33 -0.742492
v 0.26367 0.275 -0.275251
vn 0.117749 -2.21535e-17 -0.736172
v 0.262113 -0.275 -0.275378
vn 0.0591468 -1.1128e-17 -0.740903
v 0.262113 -0.20625 -0.275378
vn 5.53747e-17 -3.39072e-33 -0.742492
v 0.268086 0.275 -0.273391
vn 1.68134e-16 0.937156 5.5678e-33
v 0.266683 0.275 -0.274249
vn 0.344001 -6.47207e-17 -0.686676
v 0.265205 -0.275 -0.274873
vn 0.236275 -4.44531e-17 -0.716703
v 0.265205 0.275 -0.274873
vn 0.236275 -4.44531e-17 -0.716703
v 0.26367 0.275 -0.275251
vn 0.115792 -2.17854e-17 -0.736381
v 0.26367 -0.275 -0.275251
vn 0.115792 -2.17854e-17 -0.736381
v -0.236486 -0.275 0.284418
vn -1.68134e-16 -0.937156 -5.5678e-33
v -0.275 -0.275 0.284169
vn -1.68134e-16 -0.937156 -5.5678e-33
v -0.275 -0.275 0.284169
vn -0.902781 1.6985e-16 0.0435405
v -0.27491 0.275 0.285054
vn -0.887413 1.66959e-16 0.142977
v -0.275 0.275 0.284169
vn -0.902781 1.6985e-16 0.0435405
v -0.221643 0.275 0.268843
vn 1.68134e-16 0.937156 5.5678e-33
v -0.27491 0.275 0.285054
vn 1.68134e-16 0.937156 5.5678e-33
v -0.20899 0.275 0.24656
vn 1.68134e-16 0.937156 5.5678e-33
v -0.197313 -0.275 0.223466
vn 0.782876 -1.47291e-16 0.371677
v -0.186644 0.275 0.199634
vn 0.797904 -1.50119e-16 0.34947
v -0.197313 0.275 0.223466
vn 0.782876 -1.47291e-16 0.371677
v -0.186644 -0.275 0.199634
vn 0.797904 -1.50119e-16 0.34947
v 0.266683 -0.275 -0.274249
vn 0.34815 -6.55015e-17 -0.685266
v 0.268086 0.275 -0.273391
vn 0.450177 -8.4697e-17 -0.643959
v 0.268086 -0.275 -0.273391
vn 0.450177 -8.4697e-17 -0.643959
v 0.268086 0.275 -0.273391
vn 0.454141 -8.54427e-17 -0.64208
v 0.269385 0.275 -0.272313
vn 1.68134e-16 0.937156 5.5678e-33
v 0.27309 0.275 -0.102152
vn 1.68134e-16 0.937156 5.5678e-33
v 0.261302 0.275 -0.0923768
vn 1.68134e-16 0.937156 5.5678e-33
v 0.27284 0.275 0.0722983
vn 1.68134e-16 0.937156 5.5678e-33
v 0.27284 0.275 0.0722983
vn 0.873272 -1.64299e-16 0.192939
v 0.271337 0.275 0.0777943
vn 0.835129 -1.57122e-16 0.284872
v 0.269268 0.198611 0.0829984
vn 0.78366 -1.47439e-16 0.370562
v 0.271337 0.198611 0.0777943
vn 0.835129 -1.57122e-16 0.284872
v 0.266673 0.198611 0.0878231
vn -1.68134e-16 -0.937156 -5.5678e-33
v 0.263591 0.275 0.092186
vn 1.68134e-16 0.937156 5.5678e-33
v 0.256188 0.275 0.0992367
vn 0.453003 -8.52285e-17 0.642621
v 0.260077 0.198611 0.0960128
vn 0.549756 -1.03432e-16 0.589543
v 0.260077 0.275 0.0960128
vn 0.549756 -1.03432e-16 0.589543
v 0.263591 0.198611 0.092186
vn -1.68134e-16 -0.937156 -5.5678e-33
v 0.256188 0.198611 0.0992367
vn 0.453003 -8.52285e-17 0.642621
v -0.20899 -0.275 0.24656
vn -1.68134e-16 -0.937156 -5.5678e-33
v 0.266683 -0.275 -0.274249
vn 0.344001 -6.47207e-17 -0.686676
v 0.266683 0.275 -0.274249
vn 0.34815 -6.55015e-17 -0.685266
v -0.233637 -0.275 0.282433
vn -1.68134e-16 -0.937156 -5.5678e-33
v -0.27491 -0.275 0.285054
vn -1.68134e-16 -0.937156 -5.5678e-33
v -0.27491 -0.275 0.285054
vn -0.887413 1.66959e-16 0.142977
v -0.235235 -0.275 0.29026
vn 0.710338 -1.33644e-16 0.45952
v -0.221643 0.275 0.268843
vn 0.719808 -1.35426e-16 0.449476
v -0.235235 0.275 0.29026
vn 0.710338 -1.33644e-16 0.45952
v -0.274726 0.275 0.285911
vn 1.68134e-16 0.937156 5.5678e-33
v -0.20899 0.275 0.24656
vn 0.757619 -1.42539e-16 0.405429
v -0.197313 -0.275 0.223466
vn 0.774068 -1.45634e-16 0.383912
v -0.197313 0.275 0.223466
vn 0.774068 -1.45634e-16 0.383912
v 0.27235 0.275 -0.100296
vn 1.68134e-16 0.937156 5.5678e-33
v 0.262969 0.275 -0.0925127
vn 1.68134e-16 0.937156 5.5678e-33
v 0.270324 0.275 -0.0970144
vn 1.68134e-16 0.937156 5.5678e-33
v 0.271337 0.275 0.0777943
vn 1.68134e-16 0.937156 5.5678e-33
v 0.269268 0.275 0.0829984
vn 0.78366 -1.47439e-16 0.370562
v 0.269268 0.275 0.0829984
vn 0.782698 -1.47257e-16 0.371929
v 0.266673 0.198611 0.0878231
vn 0.71805 -1.35095e-16 0.451368
v 0.269268 0.198611 0.0829984
vn 0.782698 -1.47257e-16 0.371929
v 0.266673 0.275 0.0878231
vn 1.68134e-16 0.937156 5.5678e-33
v 0.260077 0.198611 0.0960128
vn 0.551291 -1.03721e-16 0.588576
v 0.263591 0.275 0.092186
vn 0.638782 -1.20181e-16 0.52558
v 0.260077 0.275 0.0960128
vn 0.551291 -1.03721e-16 0.588576
v 0.263591 0.198611 0.092186
vn 0.638782 -1.20181e-16 0.52558
v -0.20899 -0.275 0.24656
vn 0.757619 -1.42539e-16 0.405429
v -0.221643 -0.275 0.268843
vn -1.68134e-16 -0.937156 -5.5678e-33
v -0.230919 -0.275 0.280186
vn -1.68134e-16 -0.937156 -5.5678e-33
v -0.235235 -0.275 0.29026
vn -1.68134e-16 -0.937156 -5.5678e-33
v -0.239446 -0.275 0.286127
vn -1.68134e-16 -0.937156 -5.5678e-33
v -0.274726 -0.275 0.285911
vn -0.855152 1.60889e-16 0.241531
v -0.27491 0.275 0.285054
vn -0.886984 1.66879e-16 0.144756
v -0.27491 -0.275 0.285054
vn -0.886984 1.66879e-16 0.144756
v -0.221643 -0.275 0.268843
vn 0.730153 -1.37372e-16 0.438084
v -0.20899 0.275 0.24656
vn 0.747979 -1.40726e-16 0.417319
v -0.221643 0.275 0.268843
vn 0.730153 -1.37372e-16 0.438084
v -0.221643 -0.275 0.268843
vn 0.719808 -1.35426e-16 0.449476
v -0.235235 0.275 0.29026
vn -5.53747e-17 3.39072e-33 0.742492
v -0.25534 -0.275 0.29026
vn -5.53747e-17 3.39072e-33 0.742492
v -0.235235 -0.275 0.29026
vn -5.53747e-17 3.39072e-33 0.742492
v -0.274726 0.275 0.285911
vn -0.855152 1.60889e-16 0.241531
v -0.274445 0.275 0.286729
vn 1.68134e-16 0.937156 5.5678e-33
v 0.271422 0.275 -0.0985722
vn 1.68134e-16 0.937156 5.5678e-33
v 0.264604 0.275 -0.0929174
vn 1.68134e-16 0.937156 5.5678e-33
v 0.269069 0.275 -0.0956497
vn 1.68134e-16 0.937156 5.5678e-33
v 0.269268 0.275 0.0829984
vn 1.68134e-16 0.937156 5.5678e-33
v 0.266673 0.275 0.0878231
vn 0.71805 -1.35095e-16 0.451368
v 0.266673 0.198611 0.0878231
vn 0.716873 -1.34873e-16 0.452627
v 0.263591 0.275 0.092186
vn 0.640146 -1.20438e-16 0.52446
v 0.263591 0.198611 0.092186
vn 0.640146 -1.20438e-16 0.52446
v 0.266673 0.275 0.0878231
vn 0.716873 -1.34873e-16 0.452627
v -0.20899 -0.275 0.24656
vn 0.747979 -1.40726e-16 0.417319
v -0.223696 -0.275 0.271999
vn -1.68134e-16 -0.937156 -5.5678e-33
v -0.228344 -0.275 0.27769
vn -1.68134e-16 -0.937156 -5.5678e-33
v -0.274726 -0.275 0.285911
vn -1.68134e-16 -0.937156 -5.5678e-33
v -0.269808 0.275 0.29026
vn -5.53747e-17 3.39072e-33 0.742492
v -0.252079 -0.275 0.290037
vn -1.68134e-16 -0.937156 -5.5678e-33
v -0.25534 -0.275 0.29026
vn -1.68134e-16 -0.937156 -5.5678e-33
v -0.274726 -0.275 0.285911
vn -0.854405 1.60749e-16 0.243308
v -0.274445 0.275 0.286729
vn -0.806703 1.51774e-16 0.335577
v -0.274726 0.275 0.285911
vn -0.854405 1.60749e-16 0.243308
v -0.274077 0.275 0.287489
vn 1.68134e-16 0.937156 5.5678e-33
v 0.266182 0.275 -0.0935826
vn 1.68134e-16 0.937156 5.5678e-33
v 0.267681 0.275 -0.0944989
vn 1.68134e-16 0.937156 5.5678e-33
v -0.225933 -0.275 0.274953
vn -1.68134e-16 -0.937156 -5.5678e-33
v -0.242507 -0.275 0.287548
vn -1.68134e-16 -0.937156 -5.5678e-33
v -0.274445 -0.275 0.286729
vn -1.68134e-16 -0.937156 -5.5678e-33
v -0.269808 -0.275 0.29026
vn -5.53747e-17 3.39072e-33 0.742492
v -0.27052 0.275 0.290201
vn 1.68134e-16 0.937156 5.5678e-33
v -0.269808 0.275 0.29026
vn 1.68134e-16 0.937156 5.5678e-33
v -0.248838 -0.275 0.289513
vn -1.68134e-16 -0.937156 -5.5678e-33
v -0.27052 -0.275 0.290201
vn -1.68134e-16 -0.937156 -5.5678e-33
v -0.274445 -0.275 0.286729
vn -0.806703 1.51774e-16 0.335577
v -0.274445 0.275 0.286729
vn -0.805672 1.5158e-16 0.337243
v -0.274077 -0.275 0.287489
vn -0.743 1.39789e-16 0.423273
v -0.274077 0.275 0.287489
vn -0.743 1.39789e-16 0.423273
v -0.273628 0.275 0.288184
vn 1.68134e-16 0.937156 5.5678e-33
v -0.245641 -0.275 0.288681
vn -1.68134e-16 -0.937156 -5.5678e-33
v -0.27052 0.275 0.290201
vn -0.122877 2.31181e-17 0.735607
v -0.269808 -0.275 0.29026
vn -0.0621133 1.16861e-17 0.740739
v -0.269808 0.275 0.29026
vn -0.0621133 1.16861e-17 0.740739
v -0.269808 -0.275 0.29026
vn -1.68134e-16 -0.937156 -5.5678e-33
v -0.271222 0.275 0.290017
vn 1.68134e-16 0.937156 5.5678e-33
v -0.271892 -0.275 0.289716
vn -1.68134e-16 -0.937156 -5.5678e-33
v -0.271222 -0.275 0.290017
vn -1.68134e-16 -0.937156 -5.5678e-33
v -0.274445 -0.275 0.286729
vn -0.805672 1.5158e-16 0.337243
v -0.274077 -0.275 0.287489
vn -0.741766 1.39556e-16 0.42473
v -0.273628 0.275 0.288184
vn -0.665329 1.25176e-16 0.502889
v -0.274077 0.275 0.287489
vn -0.741766 1.39556e-16 0.42473
v -0.273111 0.275 0.288793
vn 1.68134e-16 0.937156 5.5678e-33
v -0.273628 -0.275 0.288184
vn -1.68134e-16 -0.937156 -5.5678e-33
v -0.274077 -0.275 0.287489
vn -1.68134e-16 -0.937156 -5.5678e-33
v -0.27052 -0.275 0.290201
vn -0.122877 2.31181e-17 0.735607
v -0.271892 0.275 0.289716
vn 1.68134e-16 0.937156 5.5678e-33
v -0.271222 0.275 0.290017
vn -0.244656 4.60299e-17 0.714805
v -0.27052 -0.275 0.290201
vn -0.125162 2.35482e-17 0.735347
v -0.27052 0.275 0.290201
vn -0.125162 2.35482e-17 0.735347
v -0.273111 -0.275 0.288793
vn -1.68134e-16 -0.937156 -5.5678e-33
v -0.272525 -0.275 0.289303
vn -1.68134e-16 -0.937156 -5.5678e-33
v -0.271222 -0.275 0.290017
vn -0.244656 4.60299e-17 0.714805
v -0.273628 -0.275 0.288184
vn -0.665329 1.25176e-16 0.502889
v -0.273628 0.275 0.288184
vn -0.663825 1.24893e-16 0.504227
v -0.273111 -0.275 0.288793
vn -0.575046 1.0819e-16 0.57305
v -0.273111 0.275 0.288793
vn -0.575046 1.0819e-16 0.57305
v -0.272525 0.275 0.289303
vn 1.68134e-16 0.937156 5.5678e-33
v -0.271892 0.275 0.289716
vn -0.361766 6.8063e-17 0.680494
v -0.271222 -0.275 0.290017
vn -0.24682 4.64371e-17 0.714303
v -0.271222 0.275 0.290017
vn -0.24682 4.64371e-17 0.714303
v -0.271892 -0.275 0.289716
vn -0.363797 6.84452e-17 0.679764
v -0.272525 0.275 0.289303
vn -0.472004 8.88035e-17 0.633336
v -0.272525 -0.275 0.289303
vn -0.472004 8.88035e-17 0.633336
v -0.271892 -0.275 0.289716
vn -0.361766 6.8063e-17 0.680494
v -0.273628 -0.275 0.288184
vn -0.663825 1.24893e-16 0.504227
v -0.272525 -0.275 0.289303
vn -0.473778 8.91372e-17 0.632442
v -0.273111 0.275 0.288793
vn -0.573215 1.07845e-16 0.574285
v -0.273111 -0.275 0.288793
vn -0.573215 1.07845e-16 0.574285
v -0.272525 0.275 0.289303
vn -0.473778 8.91372e-17 0.632442
v -0.271892 0.275 0.289716
vn -0.363797 6.84452e-17 0.679764
f 1//1 2//2 3//3
f 2//2 1//1 4//4
f 5//5 6//6 7//7
f 8//8 7//7 6//6
f 9//9 10//10 11//11
f 12//12 13//13 14//14
f 15//15 16//16 17//17
f 18//18 19//19 20//20
f 21//21 22//22 23//23
f 24//24 25//25 26//26
f 27//27 28//28 29//29
f 30//30 31//31 32//32
f 10//10 9//9 33//33
f 34//34 14//14 13//13
f 16//16 15//15 35//35
f 36//36 20//20 19//19
f 22//22 21//21 37//37
f 38//38 26//26 25//25
f 28//28 27//27 39//39
f 40//40 32//32 31//31
f 41//41 42//42 43//43
f 44//44 45//45 46//46
f 42//42 41//41 47//47
f 48//48 46//46 45//45
f 49//49 50//50 51//51
f 50//50 49//49 52//52
f 53//53 54//54 55//55
f 56//56 55//55 54//54
f 57//57 58//58 59//59
f 60//60 61//61 62//62
f 63//63 64//64 65//65
f 66//66 67//67 68//68
f 69//69 70//70 71//71
f 72//72 73//73 74//74
f 75//75 76//76 77//77
f 78//78 79//79 80//80
f 58//58 57//57 81//81
f 82//82 62//62 61//61
f 64//64 63//63 83//83
f 84//84 68//68 67//67
f 70//70 69//69 85//85
f 86//86 74//74 73//73
f 76//76 75//75 87//87
f 88//88 80//80 79//79
f 89//89 90//90 91//91
f 92//92 93//93 94//94
f 90//90 89//89 95//95
f 96//96 94//94 93//93
f 97//97 98//98 99//99
f 98//98 97//97 100//100
f 101//101 102//102 103//103
f 104//104 103//103 102//102
f 105//105 106//106 107//107
f 108//108 109//109 110//110
f 111//111 112//112 113//113
f 114//114 115//115 116//116
f 117//117 118//118 119//119
f 120//120 121//121 122//122
f 123//123 124//124 125//125
f 126//126 127//127 128//128
f 106//106 105//105 129//129
f 130//130 110//110 109//109
f 112//112 111//111 131//131
f 132//132 116//116 115//115
f 118//118 117//117 133//133
f 134//134 122//122 121//121
f 124//124 123//123 135//135
f 136//136 128//128 127//127
f 137//137 138//138 139//139
f 140//140 141//141 142//142
f 138//138 137//137 143//143
f 144//144 142//142 141//141
f 145//145 146//146 147//147
f 146//146 145//145 148//148
f 149//149 150//150 151//151
f 152//152 151//151 150//150
f 153//153 154//154 155//155
f 156//156 157//157 158//158
f 159//159 160//160 161//161
f 162//162 163//163 164//164
f 165//165 166//166 167//167
f 168//168 169//169 170//170
f 171//171 172//172 173//173
f 174//174 175//175 176//176
f 154//154 153//153 177//177
f 178//178 158//158 157//157
f 160//160 159//159 179//179
f 180//180 164//164 163//163
f 166//166 165//165 181//181
f 182//182 170//170 169//169
f 172//172 171//171 183//183
f 184//184 176//176 175//175
f 185//185 186//186 187//187
f 188//188 189//189 190//190
f 186//186 185//185 191//191
f 192//192 190//190 189//189
f 193//193 194//194 195//195
f 196//196 195//195 194//194
f 197//197 198//198 199//199
f 200//200 201//201 202//202
f 203//203 204//204 205//205
f 206//206 207//207 208//208
f 209//209 199//199 198//198
f 210//210 200//200 202//202
f 201//201 211//211 202//202
f 212//212 205//205 204//204
f 208//208 207//207 213//213
f 214//214 207//207 206//206
f 215//215 216//216 217//217
f 218//218 210//210 202//202
f 211//211 219//219 202//202
f 220//220 221//221 222//222
f 207//207 223//223 213//213
f 224//224 207//207 214//214
f 225//225 217//217 216//216
f 226//226 218//218 202//202
f 219//219 227//227 202//202
f 228//228 222//222 221//221
f 213//213 223//223 229//229
f 230//230 231//231 232//232
f 233//233 207//207 224//224
f 234//234 235//235 236//236
f 237//237 236//236 235//235
f 238//238 226//226 202//202
f 227//227 239//239 202//202
f 240//240 241//241 242//242
f 243//243 242//242 241//241
f 229//229 223//223 244//244
f 245//245 232//232 231//231
f 246//246 247//247 248//248
f 249//249 207//207 233//233
f 250//250 251//251 252//252
f 253//253 238//238 202//202
f 239//239 254//254 202//202
f 223//223 255//255 244//244
f 256//256 257//257 258//258
f 259//259 260//260 261//261
f 262//262 248//248 247//247
f 263//263 207//207 249//249
f 264//264 252//252 251//251
f 265//265 266//266 267//267
f 268//268 253//253 202//202
f 254//254 269//269 202//202
f 270//270 271//271 272//272
f 273//273 274//274 275//275
f 276//276 244//244 277//277
f 255//255 278//278 244//244
f 279//279 258//258 257//257
f 261//261 260//260 280//280
f 281//281 260//260 259//259
f 282//282 283//283 284//284
f 285//285 263//263 249//249
f 286//286 267//267 266//266
f 287//287 288//288 289//289
f 290//290 268//268 202//202
f 269//269 291//291 202//202
f 292//292 293//293 294//294
f 295//295 296//296 297//297
f 298//298 277//277 244//244
f 278//278 298//298 244//244
f 299//299 300//300 301//301
f 280//280 260//260 302//302
f 303//303 304//304 305//305
f 306//306 307//307 308//308
f 309//309 310//310 308//308
f 311//311 263//263 285//285
f 312//312 289//289 288//288
f 313//313 314//314 315//315
f 316//316 290//290 202//202
f 291//291 317//317 202//202
f 318//318 319//319 320//320
f 321//321 294//294 293//293
f 322//322 274//274 323//323
f 324//324 325//325 326//326
f 327//327 328//328 329//329
f 330//330 301//301 300//300
f 331//331 302//302 260//260
f 332//332 305//305 304//304
f 333//333 303//303 305//305
f 334//334 335//335 336//336
f 337//337 338//338 339//339
f 340//340 341//341 342//342
f 343//343 263//263 311//311
f 344//344 315//315 314//314
f 345//345 346//346 347//347
f 317//317 348//348 202//202
f 349//349 350//350 351//351
f 352//352 320//320 319//319
f 353//353 342//342 354//354
f 355//355 342//342 353//353
f 356//356 326//326 325//325
f 357//357 358//358 359//359
f 360//360 329//329 328//328
f 260//260 359//359 331//331
f 342//342 361//361 362//362
f 363//363 364//364 260//260
f 365//365 366//366 367//367
f 368//368 369//369 370//370
f 371//371 202//202 372//372
f 373//373 339//339 338//338
f 341//341 374//374 342//342
f 375//375 341//341 340//340
f 376//376 263//263 343//343
f 377//377 347//347 346//346
f 348//348 378//378 202//202
f 379//379 380//380 381//381
f 382//382 351//351 350//350
f 354//354 342//342 383//383
f 384//384 342//342 355//355
f 331//331 359//359 358//358
f 385//385 359//359 260//260
f 386//386 367//367 366//366
f 361//361 342//342 387//387
f 364//364 388//388 260//260
f 389//389 370//370 369//369
f 390//390 371//371 372//372
f 372//372 202//202 391//391
f 342//342 374//374 392//392
f 393//393 394//394 395//395
f 396//396 341//341 375//375
f 378//378 397//397 202//202
f 398//398 399//399 400//400
f 401//401 381//381 380//380
f 383//383 342//342 402//402
f 403//403 342//342 384//384
f 404//404 405//405 406//406
f 407//407 385//385 260//260
f 408//408 409//409 410//410
f 387//387 342//342 411//411
f 412//412 410//410 409//409
f 388//388 413//413 260//260
f 414//414 415//415 416//416
f 417//417 390//390 372//372
f 202//202 418//418 391//391
f 419//419 395//395 394//394
f 420//420 392//392 374//374
f 421//421 342//342 392//392
f 422//422 423//423 424//424
f 425//425 341//341 396//396
f 426//426 416//416 415//415
f 397//397 427//427 202//202
f 428//428 429//429 430//430
f 431//431 400//400 399//399
f 402//402 342//342 432//432
f 433//433 342//342 403//403
f 434//434 406//406 405//405
f 435//435 436//436 437//437
f 438//438 407//407 260//260
f 411//411 342//342 439//439
f 440//440 441//441 442//442
f 443//443 442//442 441//441
f 413//413 444//444 260//260
f 445//445 417//417 372//372
f 391//391 418//418 78//78
f 446//446 418//418 202//202
f 447//447 448//448 449//449
f 450//450 451//451 452//452
f 453//453 342//342 421//421
f 454//454 455//455 456//456
f 457//457 424//424 423//423
f 458//458 341//341 459//459
f 460//460 341//341 425//425
f 461//461 462//462 463//463
f 464//464 463//463 462//462
f 427//427 465//465 202//202
f 466//466 467//467 468//468
f 469//469 430//430 429//429
f 432//432 342//342 470//470
f 471//471 342//342 433//433
f 403//403 472//472 433//433
f 473//473 342//342 474//474
f 475//475 437//437 436//436
f 476//476 477//477 478//478
f 479//479 438//438 260//260
f 439//439 342//342 480//480
f 481//481 482//482 483//483
f 444//444 484//484 260//260
f 485//485 483//483 482//482
f 486//486 445//445 372//372
f 487//487 78//78 418//418
f 488//488 448//448 54//54
f 489//489 456//456 455//455
f 465//465 446//446 202//202
f 490//490 449//449 448//448
f 491//491 492//492 451//451
f 493//493 449//449 490//490
f 494//494 342//342 453//453
f 495//495 496//496 497//497
f 498//498 499//499 491//491
f 500//500 501//501 372//372
f 502//502 503//503 504//504
f 459//459 341//341 505//505
f 506//506 458//458 459//459
f 507//507 341//341 460//460
f 508//508 509//509 510//510
f 511//511 510//510 509//509
f 512//512 513//513 514//514
f 515//515 468//468 467//467
f 470//470 342//342 516//516
f 517//517 342//342 471//471
f 471//471 433//433 472//472
f 518//518 472//472 474//474
f 474//474 342//342 518//518
f 519//519 342//342 473//473
f 520//520 478//478 477//477
f 521//521 522//522 523//523
f 524//524 479//479 260//260
f 480//480 342//342 525//525
f 526//526 527//527 528//528
f 484//484 529//529 260//260
f 530//530 528//528 527//527
f 531//531 486//486 372//372
f 488//488 490//490 448//448
f 532//532 497//497 496//496
f 516//516 342//342 494//494
f 533//533 514//514 513//513
f 501//501 534//534 372//372
f 535//535 501//501 500//500
f 536//536 504//504 503//503
f 505//505 341//341 507//507
f 537//537 538//538 539//539
f 540//540 506//506 459//459
f 541//541 542//542 543//543
f 544//544 342//342 517//517
f 517//517 471//471 472//472
f 518//518 545//545 472//472
f 518//518 342//342 546//546
f 547//547 342//342 519//519
f 548//548 523//523 522//522
f 549//549 550//550 551//551
f 529//529 524//524 260//260
f 525//525 342//342 552//552
f 553//553 554//554 555//555
f 556//556 555//555 554//554
f 557//557 543//543 542//542
f 558//558 531//531 372//372
f 534//534 559//559 372//372
f 501//501 560//560 534//534
f 561//561 501//501 535//535
f 562//562 563//563 564//564
f 565//565 566//566 567//567
f 568//568 539//539 538//538
f 569//569 570//570 571//571
f 572//572 564//564 563//563
f 573//573 540//540 459//459
f 574//574 342//342 544//544
f 544//544 517//517 472//472
f 545//545 575//575 472//472
f 545//545 518//518 575//575
f 546//546 342//342 574//574
f 576//576 518//518 546//546
f 577//577 342//342 547//547
f 578//578 551//551 550//550
f 579//579 580//580 581//581
f 552//552 342//342 577//577
f 582//582 581//581 580//580
f 583//583 567//567 566//566
f 584//584 558//558 372//372
f 559//559 585//585 372//372
f 534//534 560//560 559//559
f 561//561 560//560 501//501
f 586//586 561//561 535//535
f 558//558 584//584 560//560
f 571//571 570//570 587//587
f 588//588 560//560 589//589
f 590//590 591//591 592//592
f 593//593 573//573 459//459
f 574//574 544//544 472//472
f 575//575 594//594 472//472
f 575//575 518//518 594//594
f 546//546 574//574 472//472
f 595//595 518//518 576//576
f 576//576 546//546 472//472
f 596//596 584//584 372//372
f 585//585 596//596 372//372
f 559//559 560//560 585//585
f 597//597 560//560 561//561
f 598//598 561//561 586//586
f 596//596 560//560 584//584
f 599//599 587//587 570//570
f 600//600 601//601 459//459
f 589//589 560//560 602//602
f 588//588 589//589 603//603
f 604//604 592//592 591//591
f 605//605 606//606 607//607
f 608//608 593//593 459//459
f 594//594 595//595 472//472
f 594//594 518//518 595//595
f 595//595 576//576 472//472
f 585//585 560//560 596//596
f 609//609 560//560 597//597
f 597//597 561//561 598//598
f 610//610 611//611 612//612
f 613//613 588//588 603//603
f 601//601 614//614 459//459
f 602//602 560//560 609//609
f 589//589 602//602 615//615
f 603//603 589//589 616//616
f 617//617 607//607 606//606
f 618//618 619//619 620//620
f 621//621 608//608 459//459
f 609//609 597//597 622//622
f 623//623 597//597 598//598
f 624//624 612//612 611//611
f 614//614 625//625 459//459
f 626//626 627//627 628//628
f 602//602 609//609 629//629
f 615//615 602//602 630//630
f 616//616 589//589 615//615
f 631//631 628//628 627//627
f 632//632 620//620 619//619
f 633//633 634//634 635//635
f 636//636 621//621 459//459
f 622//622 597//597 623//623
f 629//629 609//609 622//622
f 625//625 636//636 459//459
f 637//637 638//638 639//639
f 630//630 602//602 629//629
f 640//640 641//641 642//642
f 643//643 639//639 638//638
f 644//644 635//635 634//634
f 645//645 646//646 647//647
f 648//648 647//647 646//646
f 649//649 642//642 641//641
f 650//650 651//651 652//652
f 653//653 652//652 651//651
f 654//654 655//655 656//656
f 657//657 658//658 659//659
f 660//660 661//661 662//662
f 663//663 664//664 665//665
f 666//666 656//656 655//655
f 667//667 668//668 669//669
f 670//670 659//659 658//658
f 671//671 672//672 673//673
f 674//674 662//662 661//661
f 675//675 665//665 664//664
f 676//676 677//677 678//678
f 679//679 680//680 681//681
f 682//682 683//683 684//684
f 685//685 669//669 668//668
f 686//686 687//687 688//688
f 689//689 673//673 672//672
f 690//690 691//691 692//692
f 693//693 694//694 695//695
f 696//696 678//678 677//677
f 697//697 681//681 698//698
f 699//699 700//700 701//701
f 702//702 684//684 683//683
f 703//703 704//704 705//705
f 706//706 707//707 708//708
f 709//709 686//686 688//688
f 710//710 673//673 689//689
f 711//711 712//712 713//713
f 714//714 692//692 691//691
f 715//715 695//695 694//694
f 716//716 717//717 718//718
f 719//719 720//720 721//721
f 722//722 718//718 717//717
f 723//723 724//724 725//725
f 726//726 727//727 728//728
f 729//729 701//701 700//700
f 707//707 730//730 708//708
f 731//731 705//705 704//704
f 732//732 673//673 710//710
f 733//733 734//734 735//735
f 736//736 713//713 712//712
f 737//737 738//738 739//739
f 740//740 721//721 720//720
f 741//741 742//742 743//743
f 744//744 745//745 746//746
f 747//747 748//748 749//749
f 750//750 728//728 727//727
f 751//751 752//752 753//753
f 754//754 755//755 756//756
f 757//757 733//733 735//735
f 758//758 759//759 760//760
f 761//761 739//739 738//738
f 762//762 763//763 764//764
f 765//765 743//743 742//742
f 766//766 767//767 768//768
f 769//769 770//770 771//771
f 772//772 773//773 774//774
f 755//755 775//775 756//756
f 776//776 777//777 752//752
f 778//778 779//779 780//780
f 781//781 760//760 759//759
f 782//782 783//783 784//784
f 785//785 764//764 763//763
f 786//786 787//787 788//788
f 789//789 790//790 791//791
f 792//792 793//793 794//794
f 795//795 771//771 770//770
f 796//796 797//797 798//798
f 799//799 800//800 801//801
f 802//802 778//778 780//780
f 803//803 804//804 805//805
f 806//806 784//784 783//783
f 807//807 808//808 809//809
f 810//810 788//788 787//787
f 811//811 812//812 813//813
f 814//814 815//815 816//816
f 817//817 818//818 819//819
f 800//800 820//820 801//801
f 821//821 822//822 823//823
f 824//824 825//825 826//826
f 827//827 805//805 804//804
f 828//828 829//829 830//830
f 831//831 809//809 808//808
f 832//832 833//833 834//834
f 835//835 836//836 837//837
f 838//838 839//839 840//840
f 841//841 816//816 815//815
f 842//842 843//843 844//844
f 845//845 846//846 847//847
f 848//848 824//824 826//826
f 849//849 850//850 851//851
f 852//852 830//830 853//853
f 854//854 855//855 856//856
f 857//857 834//834 833//833
f 858//858 859//859 860//860
f 861//861 862//862 863//863
f 864//864 865//865 866//866
f 846//846 867//867 847//847
f 868//868 869//869 870//870
f 871//871 872//872 873//873
f 874//874 851//851 850//850
f 875//875 876//876 877//877
f 878//878 856//856 855//855
f 879//879 880//880 881//881
f 882//882 883//883 884//884
f 885//885 886//886 887//887
f 888//888 863//863 862//862
f 889//889 890//890 891//891
f 892//892 893//893 894//894
f 895//895 896//896 897//897
f 898//898 871//871 873//873
f 899//899 900//900 901//901
f 902//902 903//903 904//904
f 905//905 906//906 907//907
f 908//908 909//909 880//880
f 910//910 911//911 912//912
f 913//913 914//914 915//915
f 916//916 917//917 918//918
f 896//896 919//919 897//897
f 920//920 921//921 922//922
f 923//923 924//924 925//925
f 926//926 927//927 928//928
f 929//929 901//901 900//900
f 930//930 931//931 932//932
f 933//933 907//907 906//906
f 934//934 935//935 936//936
f 937//937 938//938 939//939
f 940//940 941//941 942//942
f 943//943 944//944 945//945
f 946//946 947//947 948//948
f 949//949 950//950 951//951
f 952//952 926//926 928//928
f 953//953 954//954 955//955
f 956//956 957//957 958//958
f 959//959 960//960 961//961
f 962//962 963//963 964//964
f 965//965 966//966 967//967
f 968//968 969//969 970//970
f 971//971 972//972 973//973
f 974//974 975//975 976//976
f 977//977 978//978 979//979
f 980//980 981//981 944//944
f 982//982 983//983 984//984
f 985//985 955//955 954//954
f 986//986 987//987 988//988
f 989//989 990//990 991//991
f 992//992 993//993 994//994
f 995//995 996//996 997//997
f 998//998 999//999 1000//1000
f 1001//1001 1002//1002 1003//1003
f 1004//1004 1005//1005 1006//1006
f 1007//1007 1008//1008 1009//1009
f 1010//1010 1011//1011 1012//1012
f 1013//1013 1014//1014 1015//1015
f 1016//1016 982//982 984//984
f 1017//1017 1018//1018 1019//1019
f 1020//1020 1021//1021 1022//1022
f 1023//1023 1024//1024 1025//1025
f 1026//1026 1027//1027 1028//1028
f 1029//1029 1030//1030 1031//1031
f 1032//1032 1033//1033 1034//1034
f 1035//1035 1036//1036 1037//1037
f 1038//1038 1039//1039 1040//1040
f 1041//1041 1042//1042 1043//1043
f 1044//1044 1045//1045 1046//1046
f 1047//1047 1048//1048 1049//1049
f 1050//1050 1051//1051 1052//1052
f 1053//1053 1054//1054 1055//1055
f 1056//1056 1057//1057 1058//1058
f 1059//1059 1060//1060 1061//1061
f 1062//1062 1063//1063 1064//1064
f 1065//1065 1066//1066 1067//1067
f 1068//1068 1069//1069 1070//1070
f 1018//1018 1071//1071 1072//1072
f 1073//1073 1074//1074 1075//1075
f 1076//1076 1077//1077 1078//1078
f 1079//1079 1080//1080 1081//1081
f 1082//1082 1083//1083 1084//1084
f 1085//1085 1086//1086 1087//1087
f 1088//1088 1089//1089 1090//1090
f 1091//1091 1092//1092 1093//1093
f 1094//1094 1095//1095 1096//1096
f 1097//1097 1098//1098 1099//1099
f 1100//1100 1101//1101 1102//1102
f 1103//1103 1046//1046 1104//1104
f 1105//1105 1106//1106 1107//1107
f 1108//1108 1109//1109 1110//1110
f 1111//1111 1112//1112 1113//1113
f 1114//1114 1115//1115 1116//1116
f 1117//1117 1087//1087 1118//1118
f 1119//1119 1120//1120 1121//1121
f 1122//1122 1123//1123 1124//1124
f 1125//1125 1126//1126 1127//1127
f 1128//1128 1129//1129 1130//1130
f 1131//1131 1132//1132 1133//1133
f 1134//1134 1135//1135 1136//1136
f 1137//1137 1138//1138 1139//1139
f 1140//1140 1141//1141 1142//1142
f 1143//1143 1133//1133 1144//1144
f 1145//1145 1146//1146 1147//1147
f 1148//1148 1149//1149 1150//1150
f 1151//1151 1152//1152 1153//1153
f 1154//1154 1155//1155 1156//1156
f 1157//1157 1158//1158 1126//1126
f 1106//1106 1159//1159 1160//1160
f 1161//1161 1162//1162 1163//1163
f 1164//1164 1165//1165 1166//1166
f 1167//1167 1168//1168 1169//1169
f 1170//1170 1171//1171 1172//1172
f 1173//1173 1174//1174 1175//1175
f 1176//1176 1147//1147 1177//1177
f 1178//1178 1153//1153 1179//1179
f 1180//1180 1181//1181 1182//1182
f 1183//1183 1184//1184 1185//1185
f 1186//1186 1187//1187 1188//1188
f 1189//1189 1163//1163 1162//1162
f 1190//1190 1191//1191 1192//1192
f 1193//1193 1194//1194 1165//1165
f 1195//1195 1196//1196 1197//1197
f 1198//1198 1199//1199 1200//1200
f 1175//1175 1201//1201 1173//1173
f 1202//1202 1203//1203 1204//1204
f 1205//1205 1206//1206 1207//1207
f 1208//1208 1204//1204 1203//1203
f 1209//1209 1210//1210 1184//1184
f 1211//1211 1212//1212 1213//1213
f 1214//1214 1215//1215 1216//1216
f 1217//1217 1218//1218 1219//1219
f 1220//1220 1221//1221 1222//1222
f 1223//1223 1200//1200 1224//1224
f 1225//1225 1207//1207 1226//1226
f 1227//1227 1228//1228 1229//1229
f 1230//1230 1231//1231 1232//1232
f 1233//1233 1234//1234 1218//1218
f 1235//1235 1236//1236 1237//1237
f 1238//1238 1239//1239 1240//1240
f 1241//1241 1242//1242 1243//1243
f 1244//1244 1245//1245 1246//1246
f 1247//1247 1248//1248 1249//1249
f 1250//1250 1240//1240 1251//1251
f 1252//1252 1253//1253 1232//1232
f 1254//1254 1255//1255 1245//1245
f 1256//1256 1257//1257 1248//1248
f 1258//1258 1259//1259 1260//1260
f 1261//1261 1262//1262 1263//1263
f 1264//1264 1265//1265 1266//1266
f 1267//1267 1268//1268 1269//1269
f 1270//1270 1269//1269 1268//1268
f 1271//1271 1260//1260 1272//1272
f 1273//1273 1265//1265 1274//1274
f 1275//1275 1274//1274 1265//1265
f 1276//1276 1277//1277 1278//1278
f 1279//1279 1280//1280 1277//1277
f 1280//1280 1278//1278 1277//1277
f 1281//1281 1278//1278 1280//1280
f 1282//1282 1283//1283 1284//1284
f 1278//1278 1281//1281 1285//1285
f 1281//1281 1280//1280 1286//1286
f 1287//1287 1284//1284 1283//1283
f 1288//1288 1286//1286 1280//1280
f 1286//1286 1285//1285 1281//1281
f 1285//1285 1286//1286 1289//1289
f 1288//1288 1289//1289 1286//1286
f 1290//1290 1289//1289 1288//1288
f 1291//1291 1289//1289 1290//1290
f 1292//1292 1291//1291 1293//1293
f 1293//1293 1291//1291 1290//1290
f 1292//1292 1293//1293 1294//1294
f 1295//1295 1296//1296 1297//1297
f 1298//1298 1299//1299 1300//1300
f 1301//1301 1302//1302 1303//1303
f 1304//1304 1305//1305 1306//1306
f 1307//1307 1308//1308 1309//1309
f 1310//1310 1311//1311 1312//1312
f 1313//1313 1314//1314 1315//1315
f 1316//1316 1317//1317 1318//1318
f 1319//1319 1320//1320 1321//1321
f 1322//1322 1323//1323 1324//1324
f 1325//1325 1298//1298 1300//1300
f 1304//1304 1306//1306 1326//1326
f 1327//1327 1308//1308 1307//1307
f 1312//1312 1311//1311 1328//1328
f 1329//1329 1330//1330 1296//1296
f 1302//1302 1331//1331 1332//1332
f 1333//1333 1334//1334 1335//1335
f 1336//1336 1337//1337 1338//1338
f 1320//1320 1319//1319 1339//1339
f 1340//1340 1324//1324 1323//1323
f 1341//1341 1342//1342 1343//1343
f 1344//1344 1345//1345 1346//1346
f 1329//1329 1296//1296 1347//1347
f 1348//1348 1302//1302 1332//1332
f 1308//1308 1349//1349 1350//1350
f 1351//1351 1352//1352 1311//1311
f 1307//1307 1353//1353 1354//1354
f 1355//1355 1356//1356 1312//1312
f 1357//1357 1330//1330 1329//1329
f 1332//1332 1331//1331 1358//1358
f 1359//1359 1360//1360 1361//1361
f 1362//1362 1363//1363 1364//1364
f 1365//1365 1366//1366 1367//1367
f 1368//1368 1369//1369 1370//1370
f 1371//1371 1372//1372 1373//1373
f 1374//1374 1375//1375 1376//1376
f 1377//1377 1378//1378 1379//1379
f 1380//1380 1381//1381 1382//1382
f 1383//1383 1384//1384 1385//1385
f 1386//1386 1387//1387 1388//1388
f 1389//1389 1390//1390 1391//1391
f 1392//1392 1393//1393 1394//1394
f 1330//1330 1357//1357 1395//1395
f 1396//1396 1358//1358 1331//1331
f 1397//1397 1398//1398 1399//1399
f 1400//1400 1401//1401 1402//1402
f 1403//1403 1404//1404 1405//1405
f 1406//1406 1407//1407 1408//1408
f 1366//1366 1365//1365 1409//1409
f 1410//1410 1370//1370 1369//1369
f 1411//1411 1412//1412 1413//1413
f 1414//1414 1415//1415 1416//1416
f 1378//1378 1377//1377 1417//1417
f 1418//1418 1382//1382 1381//1381
f 1419//1419 1420//1420 1421//1421
f 1422//1422 1423//1423 1424//1424
f 1425//1425 1426//1426 1427//1427
f 1428//1428 1429//1429 1430//1430
f 1431//1431 1432//1432 1433//1433
f 1434//1434 1435//1435 1436//1436
f 1437//1437 1438//1438 1439//1439
f 1440//1440 1441//1441 1442//1442
f 1443//1443 1444//1444 1445//1445
f 1446//1446 1447//1447 1448//1448
f 1449//1449 1450//1450 1451//1451
f 1452//1452 1453//1453 1454//1454
f 1455//1455 1456//1456 1457//1457
f 1458//1458 1459//1459 1460//1460
f 1461//1461 1462//1462 1463//1463
f 1464//1464 1465//1465 1466//1466
f 1467//1467 1468//1468 1469//1469
f 1470//1470 1471//1471 1472//1472
f 1473//1473 1474//1474 1475//1475
f 1476//1476 1477//1477 1478//1478
f 1432//1432 1479//1479 1480//1480
f 1481//1481 1482//1482 1435//1435
f 1483//1483 1484//1484 1485//1485
f 1486//1486 1487//1487 1488//1488
f 1489//1489 1490//1490 1491//1491
f 1492//1492 1493//1493 1494//1494
f 1495//1495 1496//1496 1497//1497
f 1498//1498 1499//1499 1500//1500
f 1501//1501 1502//1502 1503//1503
f 1504//1504 1505//1505 1506//1506
f 1450//1450 1507//1507 1508//1508
f 1509//1509 1510//1510 1453//1453
f 1456//1456 1455//1455 1511//1511
f 1512//1512 1460//1460 1459//1459
f 1513//1513 1514//1514 1515//1515
f 1516//1516 1517//1517 1518//1518
f 1468//1468 1467//1467 1519//1519
f 1520//1520 1472//1472 1471//1471
f 1521//1521 1522//1522 1523//1523
f 1524//1524 1525//1525 1526//1526
f 1527//1527 1528//1528 1529//1529
f 1530//1530 1531//1531 1532//1532
f 1533//1533 1534//1534 1535//1535
f 1536//1536 1537//1537 1538//1538
f 1539//1539 1540//1540 1541//1541
f 1542//1542 1543//1543 1544//1544
f 1545//1545 1546//1546 1547//1547
f 1548//1548 1549//1549 1550//1550
f 1551//1551 1552//1552 1553//1553
f 1554//1554 1555//1555 1556//1556
f 1557//1557 1558//1558 1559//1559
f 1560//1560 1561//1561 1562//1562
f 1563//1563 1564//1564 1565//1565
f 1566//1566 1567//1567 1568//1568
f 1569//1569 1513//1513 1570//1570
f 1571//1571 1518//1518 1572//1572
f 1573//1573 1574//1574 1575//1575
f 1576//1576 1577//1577 1578//1578
f 1579//1579 1580//1580 1533//1533
f 1538//1538 1581//1581 1582//1582
f 1522//1522 1583//1583 1584//1584
f 1585//1585 1586//1586 1525//1525
f 1587//1587 1588//1588 1589//1589
f 1590//1590 1591//1591 1592//1592
f 1593//1593 1594//1594 1595//1595
f 1596//1596 1597//1597 1598//1598
f 1599//1599 1600//1600 1601//1601
f 1602//1602 1603//1603 1604//1604
f 1605//1605 1606//1606 1607//1607
f 1608//1608 1609//1609 1610//1610
f 1611//1611 1612//1612 1613//1613
f 1614//1614 1615//1615 1616//1616
f 1564//1564 1563//1563 1617//1617
f 1618//1618 1568//1568 1567//1567
f 1619//1619 1620//1620 1621//1621
f 1622//1622 1623//1623 1624//1624
f 1574//1574 1573//1573 1625//1625
f 1626//1626 1578//1578 1577//1577
f 1627//1627 1628//1628 1629//1629
f 1630//1630 1631//1631 1632//1632
f 1633//1633 1634//1634 1635//1635
f 1636//1636 1637//1637 1638//1638
f 1588//1588 1587//1587 1639//1639
f 1640//1640 1592//1592 1591//1591
f 1594//1594 1593//1593 1641//1641
f 1642//1642 1598//1598 1597//1597
f 1643//1643 1644//1644 1645//1645
f 1646//1646 1647//1647 1648//1648
f 1649//1649 1650//1650 1651//1651
f 1652//1652 1653//1653 1654//1654
f 1655//1655 1656//1656 1657//1657
f 1658//1658 1659//1659 1660//1660
f 1661//1661 1662//1662 1663//1663
f 1664//1664 1665//1665 1666//1666
f 1667//1667 1668//1668 1669//1669
f 1670//1670 1671//1671 1672//1672
f 1673//1673 1674//1674 1675//1675
f 1676//1676 1677//1677 1678//1678
f 1628//1628 1627//1627 1679//1679
f 1680//1680 1632//1632 1631//1631
f 1635//1635 1634//1634 1681//1681
f 1682//1682 1637//1637 1636//1636
f 1683//1683 1684//1684 1685//1685
f 1686//1686 1687//1687 1688//1688
f 1689//1689 1690//1690 1691//1691
f 1692//1692 1693//1693 1694//1694
f 1695//1695 1696//1696 1697//1697
f 1698//1698 1699//1699 1700//1700
f 1701//1701 1702//1702 1703//1703
f 1704//1704 1705//1705 1706//1706
f 1707//1707 1655//1655 1708//1708
f 1709//1709 1660//1660 1710//1710
f 1662//1662 1661//1661 1711//1711
f 1712//1712 1666//1666 1665//1665
f 1713//1713 1714//1714 1715//1715
f 1716//1716 1717//1717 1718//1718
f 1674//1674 1673//1673 1719//1719
f 1720//1720 1678//1678 1677//1677
f 1721//1721 1722//1722 1723//1723
f 1724//1724 1725//1725 1726//1726
f 1684//1684 1683//1683 1727//1727
f 1728//1728 1688//1688 1687//1687
f 1690//1690 1689//1689 1729//1729
f 1730//1730 1694//1694 1693//1693
f 1731//1731 1732//1732 1733//1733
f 1734//1734 1735//1735 1736//1736
f 1737//1737 1738//1738 1739//1739
f 1740//1740 1741//1741 1742//1742
f 1743//1743 1744//1744 1745//1745
f 1746//1746 1747//1747 1748//1748
f 1749//1749 1750//1750 1751//1751
f 1752//1752 1753//1753 1754//1754
f 1714//1714 1755//1755 1756//1756
f 1757//1757 1758//1758 1717//1717
f 1759//1759 1760//1760 1761//1761
f 1762//1762 1763//1763 1764//1764
f 1765//1765 1766//1766 1767//1767
f 1768//1768 1769//1769 1770//1770
f 1771//1771 1772//1772 1773//1773
f 1774//1774 1775//1775 1776//1776
f 1777//1777 1778//1778 1779//1779
f 1780//1780 1781//1781 1782//1782
f 1783//1783 1784//1784 1785//1785
f 1786//1786 1787//1787 1788//1788
f 1789//1789 1790//1790 1791//1791
f 1792//1792 1793//1793 1794//1794
f 1795//1795 1796//1796 1797//1797
f 1798//1798 1799//1799 1800//1800
f 1801//1801 1802//1802 1803//1803
f 1804//1804 1805//1805 1806//1806
f 1744//1744 1743//1743 1807//1807
f 1808//1808 1748//1748 1747//1747
f 1750//1750 1749//1749 1809//1809
f 1810//1810 1754//1754 1753//1753
f 1811//1811 1812//1812 1813//1813
f 1814//1814 1815//1815 1816//1816
f 1760//1760 1759//1759 1817//1817
f 1818//1818 1764//1764 1763//1763
f 1819//1819 1820//1820 1821//1821
f 1822//1822 1823//1823 1824//1824
f 1778//1778 1777//1777 1825//1825
f 1826//1826 1782//1782 1781//1781
f 1784//1784 1783//1783 1827//1827
f 1828//1828 1788//1788 1787//1787
f 1829//1829 1830//1830 1831//1831
f 1832//1832 1833//1833 1834//1834
f 1835//1835 1836//1836 1837//1837
f 1838//1838 1839//1839 1840//1840
f 1841//1841 1842//1842 1843//1843
f 1844//1844 1845//1845 1846//1846
f 1847//1847 1848//1848 1849//1849
f 1850//1850 1851//1851 1852//1852
f 1812//1812 1811//1811 1853//1853
f 1854//1854 1816//1816 1815//1815
f 1855//1855 1856//1856 1857//1857
f 1858//1858 1859//1859 1860//1860
f 1861//1861 1862//1862 1863//1863
f 1864//1864 1865//1865 1866//1866
f 1867//1867 1868//1868 1869//1869
f 1870//1870 1871//1871 1872//1872
f 1873//1873 1874//1874 1875//1875
f 1876//1876 1877//1877 1878//1878
f 1879//1879 1880//1880 1881//1881
f 1882//1882 1883//1883 1884//1884
f 1885//1885 1886//1886 1887//1887
f 1888//1888 1889//1889 1890//1890
f 1891//1891 1892//1892 1893//1893
f 1894//1894 1895//1895 1896//1896
f 1897//1897 1898//1898 1899//1899
f 1900//1900 1901//1901 1902//1902
f 1903//1903 1904//1904 1905//1905
f 1906//1906 1907//1907 1908//1908
f 1848//1848 1847//1847 1909//1909
f 1910//1910 1852//1852 1851//1851
f 1911//1911 1912//1912 1913//1913
f 1914//1914 1915//1915 1916//1916
f 1856//1856 1855//1855 1917//1917
f 1918//1918 1860//1860 1859//1859
f 1919//1919 1920//1920 1921//1921
f 1922//1922 1923//1923 1924//1924
f 1874//1874 1873//1873 1925//1925
f 1926//1926 1878//1878 1877//1877
f 1880//1880 1879//1879 1927//1927
f 1928//1928 1884//1884 1883//1883
f 1929//1929 1930//1930 1931//1931
f 1932//1932 1933//1933 1934//1934
f 1897//1897 1935//1935 1898//1898
f 1901//1901 1936//1936 1902//1902
f 1937//1937 1938//1938 1939//1939
f 1940//1940 1941//1941 1942//1942
f 1943//1943 1944//1944 1945//1945
f 1946//1946 1947//1947 1948//1948
f 1949//1949 1950//1950 1951//1951
f 1952//1952 1953//1953 1954//1954
f 1955//1955 1956//1956 1957//1957
f 1958//1958 1959//1959 1960//1960
f 1961//1961 1962//1962 1963//1963
f 1964//1964 1965//1965 1966//1966
f 1967//1967 1968//1968 1969//1969
f 1970//1970 1971//1971 1972//1972
f 1973//1973 1974//1974 1975//1975
f 1976//1976 1977//1977 1978//1978
f 1979//1979 1980//1980 1981//1981
f 1982//1982 1983//1983 1984//1984
f 1985//1985 1986//1986 1987//1987
f 1988//1988 1989//1989 1990//1990
f 1930//1930 1929//1929 1991//1991
f 1992//1992 1934//1934 1933//1933
f 1993//1993 1994//1994 1995//1995
f 1996//1996 1997//1997 1998//1998
f 1999//1999 2000//2000 2001//2001
f 2002//2002 2003//2003 2004//2004
f 1995//1995 1994//1994 2005//2005
f 2006//2006 1997//1997 1996//1996
f 1944//1944 1943//1943 2007//2007
f 2008//2008 1948//1948 1947//1947
f 2009//2009 2010//2010 2011//2011
f 2012//2012 2013//2013 2014//2014
f 1956//1956 1955//1955 2015//2015
f 2016//2016 1960//1960 1959//1959
f 2017//2017 2018//2018 2019//2019
f 2020//2020 2021//2021 2022//2022
f 2023//2023 2024//2024 2025//2025
f 2026//2026 2027//2027 2028//2028
f 2029//2029 2030//2030 2031//2031
f 2032//2032 2033//2033 2034//2034
f 2035//2035 2036//2036 2037//2037
f 2038//2038 2039//2039 2040//2040
f 2041//2041 2042//2042 2043//2043
f 2044//2044 2045//2045 2046//2046
f 2042//2042 2041//2041 2047//2047
f 2048//2048 2046//2046 2045//2045
f 2049//2049 2050//2050 2051//2051
f 2052//2052 2053//2053 2054//2054
f 2055//2055 2056//2056 2057//2057
f 2058//2058 2059//2059 2060//2060
f 2061//2061 2062//2062 2063//2063
f 2064//2064 2065//2065 2066//2066
f 2067//2067 2068//2068 2069//2069
f 2070//2070 2071//2071 2072//2072
f 2073//2073 2074//2074 2075//2075
f 2076//2076 2077//2077 2078//2078
f 2017//2017 2079//2079 2018//2018
f 2021//2021 2080//2080 2022//2022
f 2081//2081 2082//2082 2083//2083
f 2084//2084 2085//2085 2086//2086
f 2087//2087 2088//2088 2089//2089
f 2090//2090 2091//2091 2092//2092
f 2036//2036 2035//2035 2093//2093
f 2094//2094 2040//2040 2039//2039
f 2095//2095 2096//2096 2097//2097
f 2098//2098 2099//2099 2100//2100
f 2101//2101 2102//2102 2103//2103
f 2104//2104 2105//2105 2106//2106
f 2050//2050 2049//2049 2107//2107
f 2108//2108 2054//2054 2053//2053
f 2102//2102 2101//2101 2109//2109
f 2110//2110 2106//2106 2105//2105
f 2057//2057 2056//2056 2111//2111
f 2112//2112 2059//2059 2058//2058
f 2062//2062 2061//2061 2113//2113
f 2114//2114 2066//2066 2065//2065
f 2115//2115 2116//2116 2117//2117
f 2118//2118 2119//2119 2120//2120
f 2074//2074 2073//2073 2121//2121
f 2122//2122 2078//2078 2077//2077
f 2123//2123 2124//2124 2125//2125
f 2126//2126 2127//2127 2128//2128
f 2129//2129 2130//2130 2131//2131
f 2132//2132 2133//2133 2134//2134
f 2135//2135 2136//2136 2137//2137
f 2138//2138 2139//2139 2140//2140
f 2141//2141 2142//2142 2143//2143
f 2144//2144 2145//2145 2146//2146
f 2142//2142 2141//2141 2147//2147
f 2148//2148 2146//2146 2145//2145
f 2149//2149 2150//2150 2151//2151
f 2152//2152 2153//2153 2154//2154
f 2155//2155 2156//2156 2157//2157
f 2158//2158 2159//2159 2160//2160
f 2161//2161 2162//2162 2163//2163
f 2164//2164 2165//2165 2166//2166
f 2167//2167 2168//2168 2169//2169
f 2170//2170 2171//2171 2172//2172
f 2116//2116 2115//2115 2173//2173
f 2174//2174 2120//2120 2119//2119
f 2175//2175 2176//2176 2177//2177
f 2178//2178 2179//2179 2180//2180
f 2123//2123 2181//2181 2124//2124
f 2127//2127 2182//2182 2128//2128
f 2183//2183 2184//2184 2185//2185
f 2186//2186 2187//2187 2188//2188
f 2136//2136 2135//2135 2189//2189
f 2190//2190 2140//2140 2139//2139
f 2191//2191 2192//2192 2193//2193
f 2194//2194 2195//2195 2196//2196
f 2197//2197 2198//2198 2199//2199
f 2200//2200 2201//2201 2202//2202
f 2203//2203 2149//2149 2204//2204
f 2205//2205 2154//2154 2206//2206
f 2156//2156 2155//2155 2207//2207
f 2208//2208 2160//2160 2159//2159
f 2198//2198 2197//2197 2209//2209
f 2210//2210 2202//2202 2201//2201
f 2161//2161 2211//2211 2162//2162
f 2165//2165 2212//2212 2166//2166
f 2168//2168 2167//2167 2213//2213
f 2214//2214 2172//2172 2171//2171
f 2215//2215 2216//2216 2217//2217
f 2218//2218 2219//2219 2220//2220
f 2176//2176 2175//2175 2221//2221
f 2222//2222 2180//2180 2179//2179
f 2184//2184 2183//2183 2223//2223
f 2224//2224 2188//2188 2187//2187
f 2225//2225 2226//2226 2227//2227
f 2228//2228 2229//2229 2230//2230
f 2191//2191 2231//2231 2192//2192
f 2195//2195 2232//2232 2196//2196
f 2233//2233 2234//2234 2235//2235
f 2236//2236 2237//2237 2238//2238
f 2239//2239 2240//2240 2241//2241
f 2242//2242 2243//2243 2244//2244
f 2245//2245 2246//2246 2247//2247
f 2248//2248 2249//2249 2250//2250
f 2251//2251 2252//2252 2253//2253
f 2254//2254 2255//2255 2256//2256
f 2257//2257 2258//2258 2259//2259
f 2260//2260 2261//2261 2262//2262
f 2263//2263 2264//2264 2265//2265
f 2266//2266 2267//2267 2268//2268
f 2269//2269 2270//2270 2271//2271
f 2272//2272 2273//2273 2274//2274
f 2275//2275 2276//2276 2277//2277
f 2278//2278 2279//2279 2280//2280
f 2281//2281 2282//2282 2283//2283
f 2284//2284 2285//2285 2286//2286
f 2226//2226 2225//2225 2287//2287
f 2288//2288 2230//2230 2229//2229
f 2289//2289 2234//2234 2233//2233
f 2238//2238 2237//2237 2290//2290
f 2291//2291 2292//2292 2293//2293
f 2294//2294 2295//2295 2296//2296
f 2240//2240 2239//2239 2297//2297
f 2298//2298 2244//2244 2243//2243
f 2246//2246 2245//2245 2299//2299
f 2300//2300 2250//2250 2249//2249
f 2252//2252 2251//2251 2301//2301
f 2302//2302 2256//2256 2255//2255
f 2257//2257 2303//2303 2258//2258
f 2261//2261 2304//2304 2262//2262
f 2264//2264 2263//2263 2305//2305
f 2306//2306 2268//2268 2267//2267
f 2307//2307 2308//2308 2309//2309
f 2310//2310 2311//2311 2312//2312
f 2276//2276 2275//2275 2313//2313
f 2314//2314 2280//2280 2279//2279
f 2282//2282 2281//2281 2315//2315
f 2316//2316 2286//2286 2285//2285
f 2317//2317 2318//2318 2319//2319
f 2320//2320 2321//2321 2322//2322
f 2291//2291 2323//2323 2292//2292
f 2295//2295 2324//2324 2296//2296
f 2325//2325 2326//2326 2327//2327
f 2328//2328 2329//2329 2330//2330
f 2331//2331 2332//2332 2333//2333
f 2334//2334 2335//2335 2336//2336
f 2337//2337 2338//2338 2339//2339
f 2340//2340 2341//2341 2342//2342
f 2343//2343 2344//2344 2345//2345
f 2346//2346 2347//2347 2348//2348
f 2349//2349 2350//2350 2351//2351
f 2352//2352 2353//2353 2354//2354
f 2308//2308 2307//2307 2355//2355
f 2356//2356 2312//2312 2311//2311
f 2357//2357 2358//2358 2359//2359
f 2360//2360 2361//2361 2362//2362
f 2363//2363 2364//2364 2365//2365
f 2366//2366 2367//2367 2368//2368
f 2318//2318 2317//2317 2369//2369
f 2370//2370 2322//2322 2321//2321
f 2371//2371 2372//2372 2373//2373
f 2374//2374 2375//2375 2376//2376
f 2377//2377 2378//2378 2379//2379
f 2380//2380 2381//2381 2382//2382
f 2326//2326 2325//2325 2383//2383
f 2384//2384 2330//2330 2329//2329
f 2332//2332 2331//2331 2344//2344
f 2347//2347 2336//2336 2335//2335
f 2338//2338 2337//2337 2385//2385
f 2386//2386 2342//2342 2341//2341
f 2345//2345 2344//2344 2387//2387
f 2388//2388 2347//2347 2346//2346
f 2350//2350 2349//2349 2389//2389
f 2390//2390 2354//2354 2353//2353
f 2391//2391 2392//2392 2393//2393
f 2394//2394 2395//2395 2396//2396
f 2358//2358 2357//2357 2397//2397
f 2398//2398 2362//2362 2361//2361
f 2364//2364 2363//2363 2399//2399
f 2400//2400 2368//2368 2367//2367
f 2372//2372 2371//2371 2401//2401
f 2402//2402 2376//2376 2375//2375
f 2403//2403 2404//2404 2378//2378
f 2381//2381 2405//2405 2406//2406
f 2407//2407 2408//2408 2409//2409
f 2410//2410 2411//2411 2412//2412
f 2413//2413 2414//2414 2415//2415
f 2416//2416 2417//2417 2418//2418
f 2419//2419 2420//2420 2421//2421
f 2422//2422 2423//2423 2424//2424
f 2415//2415 2414//2414 2425//2425
f 2426//2426 2417//2417 2416//2416
f 2427//2427 2428//2428 2429//2429
f 2430//2430 2431//2431 2432//2432
f 2392//2392 2391//2391 2433//2433
f 2434//2434 2396//2396 2395//2395
f 2435//2435 2436//2436 2437//2437
f 2438//2438 2439//2439 2440//2440
f 2441//2441 2442//2442 2443//2443
f 2444//2444 2445//2445 2446//2446
f 2447//2447 2404//2404 2448//2448
f 2449//2449 2405//2405 2450//2450
f 2451//2451 2452//2452 2453//2453
f 2454//2454 2455//2455 2456//2456
f 2408//2408 2407//2407 2457//2457
f 2458//2458 2412//2412 2411//2411
f 2428//2428 2427//2427 2459//2459
f 2460//2460 2432//2432 2431//2431
f 2414//2414 2413//2413 2461//2461
f 2462//2462 2418//2418 2417//2417
f 2420//2420 2419//2419 2463//2463
f 2464//2464 2424//2424 2423//2423
f 2452//2452 2451//2451 2465//2465
f 2466//2466 2456//2456 2455//2455
f 2467//2467 2468//2468 2469//2469
f 2470//2470 2471//2471 2472//2472
f 2436//2436 2435//2435 2473//2473
f 2474//2474 2440//2440 2439//2439
f 2442//2442 2441//2441 2475//2475
f 2476//2476 2446//2446 2445//2445
f 2404//2404 2477//2477 2478//2478
f 2479//2479 2480//2480 2405//2405
f 2481//2481 2453//2453 2452//2452
f 2455//2455 2454//2454 2482//2482
f 2483//2483 2484//2484 2485//2485
f 2486//2486 2487//2487 2488//2488
f 2489//2489 2490//2490 2491//2491
f 2492//2492 2493//2493 2494//2494
f 2495//2495 2496//2496 2497//2497
f 2498//2498 2499//2499 2500//2500
f 2501//2501 2502//2502 2503//2503
f 2504//2504 2505//2505 2506//2506
f 2507//2507 2508//2508 2509//2509
f 2510//2510 2511//2511 2512//2512
f 2468//2468 2467//2467 2513//2513
f 2514//2514 2472//2472 2471//2471
f 2515//2515 2516//2516 2517//2517
f 2518//2518 2519//2519 2520//2520
f 2521//2521 2522//2522 2523//2523
f 2524//2524 2525//2525 2526//2526
f 2453//2453 2527//2527 2528//2528
f 2529//2529 2530//2530 2454//2454
f 2531//2531 2453//2453 2481//2481
f 2482//2482 2454//2454 2532//2532
f 2533//2533 2534//2534 2535//2535
f 2536//2536 2537//2537 2538//2538
f 2484//2484 2483//2483 2539//2539
f 2540//2540 2488//2488 2487//2487
f 2490//2490 2489//2489 2541//2541
f 2542//2542 2494//2494 2493//2493
f 2543//2543 2544//2544 2545//2545
f 2546//2546 2547//2547 2548//2548
f 2496//2496 2495//2495 2549//2549
f 2550//2550 2500//2500 2499//2499
f 2502//2502 2501//2501 2551//2551
f 2552//2552 2506//2506 2505//2505
f 2508//2508 2507//2507 2553//2553
f 2554//2554 2512//2512 2511//2511
f 2516//2516 2515//2515 2555//2555
f 2556//2556 2520//2520 2519//2519
f 2522//2522 2521//2521 2557//2557
f 2558//2558 2526//2526 2525//2525
f 2527//2527 2453//2453 2559//2559
f 2560//2560 2454//2454 2530//2530
f 2561//2561 2453//2453 2531//2531
f 2532//2532 2454//2454 2562//2562
f 2563//2563 2564//2564 2565//2565
f 2566//2566 2567//2567 2568//2568
f 2534//2534 2533//2533 2569//2569
f 2570//2570 2538//2538 2537//2537
f 2571//2571 2572//2572 2573//2573
f 2574//2574 2575//2575 2576//2576
f 2577//2577 2578//2578 2579//2579
f 2580//2580 2581//2581 2582//2582
f 2544//2544 2543//2543 2583//2583
f 2584//2584 2548//2548 2547//2547
f 2585//2585 2586//2586 2587//2587
f 2588//2588 2589//2589 2590//2590
f 2591//2591 2592//2592 2593//2593
f 2594//2594 2595//2595 2596//2596
f 2597//2597 2598//2598 2599//2599
f 2600//2600 2601//2601 2602//2602
f 2603//2603 2604//2604 2605//2605
f 2606//2606 2607//2607 2608//2608
f 2609//2609 2610//2610 2611//2611
f 2612//2612 2613//2613 2614//2614
f 2559//2559 2453//2453 2615//2615
f 2616//2616 2454//2454 2560//2560
f 2617//2617 2453//2453 2561//2561
f 2562//2562 2454//2454 2618//2618
f 2619//2619 2620//2620 2621//2621
f 2622//2622 2623//2623 2624//2624
f 2625//2625 2626//2626 2627//2627
f 2628//2628 2629//2629 2630//2630
f 2631//2631 2632//2632 2633//2633
f 2634//2634 2635//2635 2636//2636
f 2534//2534 2569//2569 2637//2637
f 2638//2638 2570//2570 2537//2537
f 2572//2572 2571//2571 2639//2639
f 2640//2640 2576//2576 2575//2575
f 2578//2578 2577//2577 2641//2641
f 2642//2642 2582//2582 2581//2581
f 2643//2643 2644//2644 2645//2645
f 2646//2646 2647//2647 2648//2648
f 2644//2644 2643//2643 2649//2649
f 2650//2650 2648//2648 2647//2647
f 2586//2586 2585//2585 2651//2651
f 2652//2652 2590//2590 2589//2589
f 2592//2592 2591//2591 2653//2653
f 2654//2654 2596//2596 2595//2595
f 2598//2598 2597//2597 2655//2655
f 2656//2656 2602//2602 2601//2601
f 2604//2604 2603//2603 2657//2657
f 2658//2658 2608//2608 2607//2607
f 2610//2610 2609//2609 2659//2659
f 2660//2660 2614//2614 2613//2613
f 2615//2615 2453//2453 2661//2661
f 2662//2662 2454//2454 2616//2616
f 2663//2663 2664//2664 2665//2665
f 2666//2666 2667//2667 2668//2668
f 2669//2669 2453//2453 2617//2617
f 2618//2618 2454//2454 2670//2670
f 2671//2671 2672//2672 2673//2673
f 2674//2674 2675//2675 2676//2676
f 2677//2677 2678//2678 2679//2679
f 2680//2680 2681//2681 2682//2682
f 2534//2534 2683//2683 2684//2684
f 2685//2685 2686//2686 2537//2537
f 2687//2687 2688//2688 2689//2689
f 2690//2690 2691//2691 2692//2692
f 2693//2693 2694//2694 2695//2695
f 2696//2696 2697//2697 2698//2698
f 2699//2699 2700//2700 2701//2701
f 2702//2702 2703//2703 2704//2704
f 2534//2534 2637//2637 2705//2705
f 2706//2706 2638//2638 2537//2537
f 2707//2707 2708//2708 2709//2709
f 2710//2710 2711//2711 2712//2712
f 2713//2713 2714//2714 2715//2715
f 2716//2716 2717//2717 2718//2718
f 2719//2719 2720//2720 2721//2721
f 2722//2722 2723//2723 2724//2724
f 2725//2725 2726//2726 2727//2727
f 2728//2728 2729//2729 2730//2730
f 2731//2731 2732//2732 2733//2733
f 2734//2734 2735//2735 2736//2736
f 2737//2737 2738//2738 2739//2739
f 2740//2740 2741//2741 2742//2742
f 2700//2700 2699//2699 2743//2743
f 2744//2744 2704//2704 2703//2703
f 2661//2661 2453//2453 2745//2745
f 2746//2746 2454//2454 2662//2662
f 2747//2747 2748//2748 2749//2749
f 2750//2750 2751//2751 2752//2752
f 2664//2664 2663//2663 2753//2753
f 2754//2754 2668//2668 2667//2667
f 2755//2755 2453//2453 2669//2669
f 2670//2670 2454//2454 2756//2756
f 2757//2757 2758//2758 2759//2759
f 2760//2760 2761//2761 2762//2762
f 2763//2763 2764//2764 2765//2765
f 2766//2766 2767//2767 2768//2768
f 2534//2534 2769//2769 2683//2683
f 2686//2686 2770//2770 2537//2537
f 2771//2771 2772//2772 2773//2773
f 2774//2774 2775//2775 2776//2776
f 2777//2777 2778//2778 2779//2779
f 2780//2780 2781//2781 2782//2782
f 2783//2783 2784//2784 2785//2785
f 2786//2786 2787//2787 2788//2788
f 2694//2694 2693//2693 2789//2789
f 2790//2790 2698//2698 2697//2697
f 2784//2784 2783//2783 2791//2791
f 2792//2792 2788//2788 2787//2787
f 2793//2793 2794//2794 2795//2795
f 2796//2796 2797//2797 2798//2798
f 2534//2534 2705//2705 2799//2799
f 2800//2800 2706//2706 2537//2537
f 2708//2708 2707//2707 2801//2801
f 2802//2802 2712//2712 2711//2711
f 2714//2714 2713//2713 2803//2803
f 2804//2804 2718//2718 2717//2717
f 2720//2720 2719//2719 2805//2805
f 2806//2806 2724//2724 2723//2723
f 2807//2807 2808//2808 2809//2809
f 2810//2810 2811//2811 2812//2812
f 2726//2726 2725//2725 2813//2813
f 2814//2814 2730//2730 2729//2729
f 2732//2732 2731//2731 2815//2815
f 2816//2816 2736//2736 2735//2735
f 2738//2738 2737//2737 2817//2817
f 2818//2818 2742//2742 2741//2741
f 2745//2745 2453//2453 2819//2819
f 2820//2820 2454//2454 2746//2746
f 2821//2821 2822//2822 2823//2823
f 2824//2824 2825//2825 2826//2826
f 2748//2748 2747//2747 2827//2827
f 2828//2828 2752//2752 2751//2751
f 2822//2822 2821//2821 2829//2829
f 2830//2830 2826//2826 2825//2825
f 2831//2831 2453//2453 2755//2755
f 2756//2756 2454//2454 2832//2832
f 2833//2833 2834//2834 2835//2835
f 2836//2836 2837//2837 2838//2838
f 2839//2839 2840//2840 2841//2841
f 2842//2842 2843//2843 2844//2844
f 2764//2764 2763//2763 2845//2845
f 2846//2846 2768//2768 2767//2767
f 2847//2847 2848//2848 2849//2849
f 2850//2850 2851//2851 2852//2852
f 2534//2534 2853//2853 2769//2769
f 2770//2770 2854//2854 2537//2537
f 2855//2855 2856//2856 2857//2857
f 2858//2858 2859//2859 2860//2860
f 2772//2772 2771//2771 2861//2861
f 2862//2862 2776//2776 2775//2775
f 2778//2778 2777//2777 2863//2863
f 2864//2864 2782//2782 2781//2781
f 2865//2865 2866//2866 2867//2867
f 2868//2868 2869//2869 2870//2870
f 2871//2871 2872//2872 2865//2865
f 2870//2870 2873//2873 2874//2874
f 2875//2875 2876//2876 2877//2877
f 2878//2878 2879//2879 2880//2880
f 2881//2881 2882//2882 2883//2883
f 2884//2884 2885//2885 2886//2886
f 2794//2794 2793//2793 2887//2887
f 2888//2888 2798//2798 2797//2797
f 2889//2889 2890//2890 2891//2891
f 2892//2892 2893//2893 2894//2894
f 2534//2534 2799//2799 2895//2895
f 2896//2896 2800//2800 2537//2537
f 2897//2897 2898//2898 2899//2899
f 2900//2900 2901//2901 2902//2902
f 2903//2903 2904//2904 2905//2905
f 2906//2906 2907//2907 2908//2908
f 2909//2909 2910//2910 2911//2911
f 2912//2912 2913//2913 2914//2914
f 2808//2808 2807//2807 2915//2915
f 2916//2916 2812//2812 2811//2811
f 2917//2917 2918//2918 2919//2919
f 2920//2920 2921//2921 2922//2922
f 2923//2923 2924//2924 2925//2925
f 2926//2926 2927//2927 2928//2928
f 2819//2819 2453//2453 2831//2831
f 2832//2832 2454//2454 2820//2820
f 2929//2929 2930//2930 2931//2931
f 2932//2932 2933//2933 2934//2934
f 2935//2935 2936//2936 2937//2937
f 2938//2938 2939//2939 2940//2940
f 2941//2941 2942//2942 2943//2943
f 2944//2944 2945//2945 2946//2946
f 2834//2834 2947//2947 2948//2948
f 2949//2949 2950//2950 2837//2837
f 2951//2951 2952//2952 2953//2953
f 2954//2954 2955//2955 2956//2956
f 2848//2848 2847//2847 2957//2957
f 2958//2958 2852//2852 2851//2851
f 2534//2534 2959//2959 2853//2853
f 2854//2854 2960//2960 2537//2537
f 2961//2961 2962//2962 2963//2963
f 2964//2964 2965//2965 2966//2966
f 2856//2856 2855//2855 2967//2967
f 2968//2968 2860//2860 2859//2859
f 2969//2969 2970//2970 2971//2971
f 2972//2972 2973//2973 2974//2974
f 2970//2970 2969//2969 2975//2975
f 2976//2976 2974//2974 2973//2973
f 2977//2977 2978//2978 2979//2979
f 2980//2980 2981//2981 2982//2982
f 2865//2865 2867//2867 2983//2983
f 2984//2984 2868//2868 2870//2870
f 2882//2882 2881//2881 2985//2985
f 2986//2986 2886//2886 2885//2885
f 2865//2865 2983//2983 2871//2871
f 2874//2874 2984//2984 2870//2870
f 2876//2876 2987//2987 2988//2988
f 2989//2989 2990//2990 2879//2879
f 2991//2991 2951//2951 2992//2992
f 2993//2993 2956//2956 2994//2994
f 2890//2890 2889//2889 2995//2995
f 2996//2996 2894//2894 2893//2893
f 2997//2997 2998//2998 2999//2999
f 3000//3000 3001//3001 3002//3002
f 2534//2534 2895//2895 3003//3003
f 3004//3004 2896//2896 2537//2537
f 2898//2898 2897//2897 3005//3005
f 3006//3006 2902//2902 2901//2901
f 2904//2904 2903//2903 3007//3007
f 3008//3008 2908//2908 2907//2907
f 2910//2910 2909//2909 3009//3009
f 3010//3010 2914//2914 2913//2913
f 2936//2936 2935//2935 3011//3011
f 3012//3012 2940//2940 2939//2939
f 2918//2918 2917//2917 3013//3013
f 3014//3014 2922//2922 2921//2921
f 3015//3015 2923//2923 3016//3016
f 3017//3017 2928//2928 3018//3018
f 3019//3019 3020//3020 3021//3021
f 3022//3022 3023//3023 3024//3024
f 3025//3025 2929//2929 3026//3026
f 3027//3027 2934//2934 3028//3028
f 3029//3029 3030//3030 3031//3031
f 3032//3032 3033//3033 3034//3034
f 2942//2942 2941//2941 3035//3035
f 3036//3036 2946//2946 2945//2945
f 3037//3037 3038//3038 3039//3039
f 3040//3040 3041//3041 3042//3042
f 3043//3043 3044//3044 3045//3045
f 3046//3046 3047//3047 3048//3048
f 3044//3044 3049//3049 3050//3050
f 3051//3051 3052//3052 3047//3047
f 2534//2534 3003//3003 2959//2959
f 2960//2960 3004//3004 2537//2537
f 3053//3053 3054//3054 3055//3055
f 3056//3056 3057//3057 3058//3058
f 2962//2962 2961//2961 3059//3059
f 3060//3060 2966//2966 2965//2965
f 3061//3061 3062//3062 3063//3063
f 3064//3064 3065//3065 3066//3066
f 3067//3067 3068//3068 3069//3069
f 3070//3070 3071//3071 3072//3072
f 2978//2978 2977//2977 3073//3073
f 3074//3074 2982//2982 2981//2981
f 3075//3075 3076//3076 3077//3077
f 3078//3078 3079//3079 3080//3080
f 3076//3076 3075//3075 3081//3081
f 3082//3082 3080//3080 3079//3079
f 3083//3083 3084//3084 3085//3085
f 3086//3086 3087//3087 3088//3088
f 3089//3089 3090//3090 3091//3091
f 3092//3092 3093//3093 3094//3094
f 3095//3095 3096//3096 3097//3097
f 3098//3098 3099//3099 3100//3100
f 3101//3101 3102//3102 3103//3103
f 3104//3104 3105//3105 3106//3106
f 2998//2998 2997//2997 3107//3107
f 3108//3108 3002//3002 3001//3001
f 3109//3109 3110//3110 3111//3111
f 3112//3112 3113//3113 3114//3114
f 3110//3110 3109//3109 3115//3115
f 3116//3116 3114//3114 3113//3113
f 3117//3117 3118//3118 3119//3119
f 3120//3120 3121//3121 3122//3122
f 3123//3123 3124//3124 3125//3125
f 3126//3126 3127//3127 3128//3128
f 3129//3129 3130//3130 3131//3131
f 3132//3132 3133//3133 3134//3134
f 3135//3135 3136//3136 3137//3137
f 3138//3138 3139//3139 3140//3140
f 3020//3020 3141//3141 3142//3142
f 3143//3143 3144//3144 3023//3023
f 3030//3030 3029//3029 3145//3145
f 3146//3146 3034//3034 3033//3033
f 3147//3147 3148//3148 3149//3149
f 3150//3150 3151//3151 3152//3152
f 3038//3038 3037//3037 3153//3153
f 3154//3154 3042//3042 3041//3041
f 3155//3155 3156//3156 3157//3157
f 3158//3158 3159//3159 3160//3160
f 3161//3161 3162//3162 3163//3163
f 3164//3164 3165//3165 3166//3166
f 3167//3167 3168//3168 3169//3169
f 3170//3170 3171//3171 3172//3172
f 3054//3054 3053//3053 3173//3173
f 3174//3174 3058//3058 3057//3057
f 3175//3175 3176//3176 3177//3177
f 3178//3178 3179//3179 3180//3180
f 3181//3181 3182//3182 3183//3183
f 3184//3184 3185//3185 3186//3186
f 3187//3187 3188//3188 3189//3189
f 3190//3190 3191//3191 3192//3192
f 3188//3188 3187//3187 3193//3193
f 3194//3194 3192//3192 3191//3191
f 3195//3195 3196//3196 3197//3197
f 3198//3198 3199//3199 3200//3200
f 3084//3084 3083//3083 3201//3201
f 3202//3202 3088//3088 3087//3087
f 3090//3090 3089//3089 3203//3203
f 3204//3204 3094//3094 3093//3093
f 3096//3096 3095//3095 3205//3205
f 3206//3206 3100//3100 3099//3099
f 3102//3102 3101//3101 3207//3207
f 3208//3208 3106//3106 3105//3105
f 3209//3209 3210//3210 3211//3211
f 3212//3212 3213//3213 3214//3214
f 3215//3215 3216//3216 3217//3217
f 3218//3218 3219//3219 3220//3220
f 3168//3168 3167//3167 3221//3221
f 3222//3222 3172//3172 3171//3171
f 3118//3118 3117//3117 3223//3223
f 3224//3224 3122//3122 3121//3121
f 3124//3124 3123//3123 3225//3225
f 3226//3226 3128//3128 3127//3127
f 3130//3130 3129//3129 3227//3227
f 3228//3228 3134//3134 3133//3133
f 3136//3136 3135//3135 3229//3229
f 3230//3230 3140//3140 3139//3139
f 3231//3231 3232//3232 3233//3233
f 3234//3234 3235//3235 3236//3236
f 3232//3232 3231//3231 3237//3237
f 3238//3238 3236//3236 3235//3235
f 3148//3148 3147//3147 3239//3239
f 3240//3240 3152//3152 3151//3151
f 3241//3241 3242//3242 3243//3243
f 3244//3244 3245//3245 3246//3246
f 3156//3156 3155//3155 3247//3247
f 3248//3248 3160//3160 3159//3159
f 3249//3249 3250//3250 3251//3251
f 3252//3252 3253//3253 3254//3254
f 3255//3255 3256//3256 3257//3257
f 3258//3258 3259//3259 3260//3260
f 3256//3256 3255//3255 3261//3261
f 3262//3262 3260//3260 3259//3259
f 3263//3263 3264//3264 3265//3265
f 3266//3266 3267//3267 3268//3268
f 3264//3264 3263//3263 3269//3269
f 3270//3270 3268//3268 3267//3267
f 3196//3196 3271//3271 3272//3272
f 3273//3273 3274//3274 3199//3199
f 3275//3275 3276//3276 3277//3277
f 3278//3278 3279//3279 3280//3280
f 3281//3281 3282//3282 3283//3283
f 3284//3284 3285//3285 3286//3286
f 3216//3216 3215//3215 3287//3287
f 3288//3288 3220//3220 3219//3219
f 3289//3289 3290//3290 3291//3291
f 3292//3292 3293//3293 3294//3294
f 3295//3295 3296//3296 3297//3297
f 3298//3298 3299//3299 3300//3300
f 3301//3301 3302//3302 3303//3303
f 3304//3304 3305//3305 3306//3306
f 3307//3307 3308//3308 3309//3309
f 3310//3310 3311//3311 3312//3312
f 3313//3313 3314//3314 3315//3315
f 3316//3316 3317//3317 3318//3318
f 3319//3319 3320//3320 3321//3321
f 3322//3322 3323//3323 3324//3324
f 3325//3325 3326//3326 3327//3327
f 3328//3328 3329//3329 3330//3330
f 3326//3326 3331//3331 3332//3332
f 3333//3333 3334//3334 3329//3329
f 3335//3335 3336//3336 3337//3337
f 3338//3338 3339//3339 3340//3340
f 3250//3250 3249//3249 3341//3341
f 3342//3342 3254//3254 3253//3253
f 3290//3290 3289//3289 3343//3343
f 3344//3344 3294//3294 3293//3293
f 3345//3345 3346//3346 3347//3347
f 3348//3348 3349//3349 3350//3350
f 3346//3346 3345//3345 3351//3351
f 3352//3352 3350//3350 3349//3349
f 3353//3353 3275//3275 3354//3354
f 3355//3355 3280//3280 3356//3356
f 3314//3314 3313//3313 3357//3357
f 3358//3358 3318//3318 3317//3317
f 3359//3359 3360//3360 3361//3361
f 3362//3362 3363//3363 3364//3364
f 3365//3365 3366//3366 3367//3367
f 3368//3368 3369//3369 3370//3370
f 3302//3302 3301//3301 3371//3371
f 3372//3372 3306//3306 3305//3305
f 3373//3373 3374//3374 3375//3375
f 3376//3376 3377//3377 3378//3378
f 3379//3379 3335//3335 3380//3380
f 3381//3381 3340//3340 3382//3382
f 3383//3383 3384//3384 3385//3385
f 3386//3386 3387//3387 3388//3388
f 3389//3389 3390//3390 3391//3391
f 3392//3392 3393//3393 3394//3394
f 3390//3390 3389//3389 3395//3395
f 3396//3396 3394//3394 3393//3393
f 3360//3360 3359//3359 3397//3397
f 3398//3398 3364//3364 3363//3363
f 3399//3399 3400//3400 3401//3401
f 3402//3402 3403//3403 3404//3404
f 3374//3374 3373//3373 3405//3405
f 3406//3406 3378//3378 3377//3377
f 3407//3407 3408//3408 3409//3409
f 3410//3410 3411//3411 3412//3412
f 3413//3413 3399//3399 3414//3414
f 3415//3415 3404//3404 3416//3416
f 3417//3417 3418//3418 3419//3419
f 3418//3418 3417//3417 3420//3420
f 3421//3421 3422//3422 3423//3423
f 3424//3424 3425//3425 3426//3426
f 3427//3427 3428//3428 3429//3429
f 3430//3430 3431//3431 3432//3432
f 3422//3422 3421//3421 3433//3433
f 3434//3434 3435//3435 3436//3436
f 3425//3425 3424//3424 3437//3437
f 3438//3438 3439//3439 3440//3440
f 3428//3428 3427//3427 3441//3441
f 3431//3431 3430//3430 3442//3442
f 3443//3443 3444//3444 3445//3445
f 3446//3446 3447//3447 3448//3448
f 3449//3449 3450//3450 3451//3451
f 3435//3435 3434//3434 3452//3452
f 3453//3453 3454//3454 3455//3455
f 3439//3439 3438//3438 3456//3456
f 3457//3457 3458//3458 3459//3459
f 3460//3460 3461//3461 3462//3462
f 3444//3444 3443//3443 3463//3463
f 3464//3464 3446//3446 3465//3465
f 3466//3466 3467//3467 3468//3468
f 3450//3450 3449//3449 3469//3469
f 3470//3470 3471//3471 3472//3472
f 3473//3473 3474//3474 3475//3475
f 3453//3453 3455//3455 3476//3476
f 3456//3456 3438//3438 3477//3477
f 3478//3478 3479//3479 3480//3480
f 3458//3458 3457//3457 3481//3481
f 3461//3461 3460//3460 3482//3482
f 3483//3483 3484//3484 3485//3485
f 3486//3486 3487//3487 3488//3488
f 3484//3484 3483//3483 3489//3489
f 3490//3490 3491//3491 3492//3492
f 3493//3493 3494//3494 3495//3495
f 3467//3467 3466//3466 3496//3496
f 3473//3473 3497//3497 3474//3474
f 3471//3471 3470//3470 3498//3498
f 3477//3477 3438//3438 3499//3499
f 3500//3500 3501//3501 3502//3502
f 3479//3479 3478//3478 3503//3503
f 3504//3504 3505//3505 3506//3506
f 3487//3487 3486//3486 3507//3507
f 3508//3508 3509//3509 3510//3510
f 3511//3511 3512//3512 3513//3513
f 3514//3514 3515//3515 3516//3516
f 3494//3494 3493//3493 3517//3517
f 3518//3518 3519//3519 3520//3520
f 3521//3521 3522//3522 3523//3523
f 3500//3500 3502//3502 3524//3524
f 3525//3525 3526//3526 3527//3527
f 3505//3505 3504//3504 3528//3528
f 3529//3529 3530//3530 3531//3531
f 3509//3509 3508//3508 3532//3532
f 3533//3533 3534//3534 3535//3535
f 3536//3536 3537//3537 3538//3538
f 3539//3539 3540//3540 3541//3541
f 3521//3521 3542//3542 3522//3522
f 3519//3519 3543//3543 3544//3544
f 3545//3545 3546//3546 3547//3547
f 3526//3526 3525//3525 3548//3548
f 3549//3549 3550//3550 3551//3551
f 3530//3530 3529//3529 3552//3552
f 3553//3553 3554//3554 3555//3555
f 3556//3556 3557//3557 3558//3558
f 3559//3559 3560//3560 3561//3561
f 3537//3537 3536//3536 3562//3562
f 3563//3563 3564//3564 3565//3565
f 3566//3566 3567//3567 3568//3568
f 3545//3545 3547//3547 3569//3569
f 3570//3570 3571//3571 3572//3572
f 3550//3550 3549//3549 3573//3573
f 3574//3574 3575//3575 3576//3576
f 3554//3554 3553//3553 3577//3577
f 3578//3578 3579//3579 3580//3580
f 3581//3581 3582//3582 3583//3583
f 3584//3584 3585//3585 3586//3586
f 3566//3566 3587//3587 3567//3567
f 3588//3588 3589//3589 3590//3590
f 3591//3591 3592//3592 3593//3593
f 3571//3571 3570//3570 3594//3594
f 3595//3595 3596//3596 3597//3597
f 3575//3575 3574//3574 3598//3598
f 3599//3599 3600//3600 3601//3601
f 3602//3602 3603//3603 3604//3604
f 3605//3605 3606//3606 3607//3607
f 3582//3582 3581//3581 3608//3608
f 3609//3609 3610//3610 3611//3611
f 3612//3612 3613//3613 3614//3614
f 3591//3591 3593//3593 3615//3615
f 3616//3616 3617//3617 3618//3618
f 3619//3619 3595//3595 3620//3620
f 3621//3621 3622//3622 3623//3623
f 3600//3600 3599//3599 3624//3624
f 3625//3625 3626//3626 3627//3627
f 3628//3628 3629//3629 3630//3630
f 3631//3631 3632//3632 3633//3633
f 3612//3612 3634//3634 3613//3613
f 3635//3635 3636//3636 3637//3637
f 3638//3638 3639//3639 3640//3640
f 3617//3617 3616//3616 3641//3641
f 3642//3642 3643//3643 3644//3644
f 3622//3622 3621//3621 3645//3645
f 3646//3646 3647//3647 3648//3648
f 3649//3649 3650//3650 3651//3651
f 3652//3652 3653//3653 3654//3654
f 3629//3629 3628//3628 3655//3655
f 3656//3656 3657//3657 3658//3658
f 3659//3659 3660//3660 3661//3661
f 3662//3662 3663//3663 3664//3664
f 3638//3638 3640//3640 3665//3665
f 3666//3666 3667//3667 3668//3668
f 3669//3669 3670//3670 3671//3671
f 3672//3672 3673//3673 3674//3674
f 3647//3647 3675//3675 3676//3676
f 3677//3677 3678//3678 3679//3679
f 3680//3680 3681//3681 3682//3682
f 3683//3683 3684//3684 3685//3685
f 3662//3662 3686//3686 3663//3663
f 3687//3687 3688//3688 3689//3689
f 3690//3690 3691//3691 3692//3692
f 3693//3693 3694//3694 3695//3695
f 3667//3667 3666//3666 3696//3696
f 3697//3697 3698//3698 3699//3699
f 3673//3673 3672//3672 3700//3700
f 3701//3701 3702//3702 3703//3703
f 3704//3704 3705//3705 3706//3706
f 3707//3707 3708//3708 3709//3709
f 3710//3710 3711//3711 3712//3712
f 3713//3713 3714//3714 3715//3715
f 3716//3716 3717//3717 3718//3718
f 3693//3693 3695//3695 3719//3719
f 3720//3720 3721//3721 3722//3722
f 3723//3723 3724//3724 3725//3725
f 3726//3726 3727//3727 3728//3728
f 3729//3729 3730//3730 3731//3731
f 3732//3732 3733//3733 3734//3734
f 3735//3735 3736//3736 3737//3737
f 3738//3738 3739//3739 3740//3740
f 3741//3741 3742//3742 3743//3743
f 3744//3744 3745//3745 3746//3746
f 3711//3711 3747//3747 3748//3748
f 3749//3749 3750//3750 3751//3751
f 3721//3721 3720//3720 3752//3752
f 3753//3753 3754//3754 3755//3755
f 3756//3756 3757//3757 3758//3758
f 3759//3759 3760//3760 3761//3761
f 3762//3762 3763//3763 3764//3764
f 3765//3765 3766//3766 3767//3767
f 3768//3768 3769//3769 3770//3770
f 3771//3771 3772//3772 3773//3773
f 3774//3774 3775//3775 3776//3776
f 3777//3777 3778//3778 3779//3779
f 3780//3780 3781//3781 3782//3782
f 3749//3749 3751//3751 3783//3783
f 3784//3784 3785//3785 3786//3786
f 3787//3787 3788//3788 3789//3789
f 3790//3790 3791//3791 3792//3792
f 3793//3793 3794//3794 3795//3795
f 3796//3796 3797//3797 3798//3798
f 3799//3799 3800//3800 3801//3801
f 3802//3802 3803//3803 3804//3804
f 3805//3805 3806//3806 3807//3807
f 3808//3808 3809//3809 3810//3810
f 3811//3811 3812//3812 3813//3813
f 3814//3814 3815//3815 3816//3816
f 3817//3817 3818//3818 3819//3819
f 3820//3820 3821//3821 3822//3822
f 3823//3823 3824//3824 3825//3825
f 3826//3826 3827//3827 3828//3828
f 3829//3829 3830//3830 3831//3831
f 3832//3832 3833//3833 3834//3834
f 3835//3835 3836//3836 3837//3837
f 3838//3838 3839//3839 3785//3785
f 3840//3840 3841//3841 3842//3842
f 3843//3843 3844//3844 3845//3845
f 3846//3846 3847//3847 3848//3848
f 3849//3849 3850//3850 3851//3851
f 3852//3852 3853//3853 3854//3854
f 3855//3855 3856//3856 3857//3857
f 3858//3858 3859//3859 3860//3860
f 3861//3861 3862//3862 3863//3863
f 3864//3864 3865//3865 3866//3866
f 3867//3867 3868//3868 3869//3869
f 3870//3870 3811//3811 3871//3871
f 3872//3872 3873//3873 3874//3874
f 3875//3875 3876//3876 3877//3877
f 3878//3878 3879//3879 3880//3880
f 3881//3881 3882//3882 3883//3883
f 3884//3884 3852//3852 3885//3885
f 3886//3886 3887//3887 3888//3888
f 3889//3889 3890//3890 3891//3891
f 3892//3892 3893//3893 3894//3894
f 3895//3895 3896//3896 3897//3897
f 3898//3898 3899//3899 3900//3900
f 3901//3901 3902//3902 3903//3903
f 3904//3904 3905//3905 3906//3906
f 3907//3907 3908//3908 3909//3909
f 3910//3910 3898//3898 3911//3911
f 3912//3912 3913//3913 3914//3914
f 3915//3915 3916//3916 3917//3917
f 3918//3918 3919//3919 3920//3920
f 3921//3921 3922//3922 3923//3923
f 3893//3893 3924//3924 3925//3925
f 3926//3926 3927//3927 3873//3873
f 3928//3928 3929//3929 3930//3930
f 3931//3931 3932//3932 3933//3933
f 3934//3934 3935//3935 3936//3936
f 3937//3937 3938//3938 3939//3939
f 3940//3940 3941//3941 3942//3942
f 3943//3943 3912//3912 3944//3944
f 3945//3945 3918//3918 3946//3946
f 3947//3947 3948//3948 3949//3949
f 3950//3950 3951//3951 3952//3952
f 3953//3953 3954//3954 3955//3955
f 3929//3929 3928//3928 3956//3956
f 3957//3957 3958//3958 3959//3959
f 3932//3932 3960//3960 3961//3961
f 3962//3962 3963//3963 3964//3964
f 3965//3965 3966//3966 3967//3967
f 3942//3942 3968//3968 3940//3940
f 3969//3969 3970//3970 3971//3971
f 3972//3972 3973//3973 3974//3974
f 3970//3970 3969//3969 3975//3975
f 3951//3951 3976//3976 3977//3977
f 3978//3978 3979//3979 3980//3980
f 3981//3981 3982//3982 3983//3983
f 3984//3984 3985//3985 3986//3986
f 3987//3987 3988//3988 3989//3989
f 3990//3990 3965//3965 3991//3991
f 3992//3992 3972//3972 3993//3993
f 3994//3994 3995//3995 3996//3996
f 3997//3997 3998//3998 3999//3999
f 3985//3985 4000//4000 4001//4001
f 4002//4002 4003//4003 4004//4004
f 4005//4005 4006//4006 4007//4007
f 4008//4008 4009//4009 4010//4010
f 4011//4011 4012//4012 4013//4013
f 4014//4014 4015//4015 4016//4016
f 4017//4017 4005//4005 4018//4018
f 3997//3997 4019//4019 4020//4020
f 4012//4012 4021//4021 4022//4022
f 4015//4015 4023//4023 4024//4024
f 4025//4025 4026//4026 4027//4027
f 4028//4028 4029//4029 4030//4030
f 4031//4031 4032//4032 4033//4033
f 4034//4034 4035//4035 4036//4036
f 4035//4035 4034//4034 4037//4037
f 4038//4038 4025//4025 4039//4039
f 4040//4040 4032//4032 4041//4041
f 4032//4032 4040//4040 4042//4042
f 4043//4043 4044//4044 4045//4045
f 4044//4044 4043//4043 4046//4046
f 4047//4047 4048//4048 4049//4049
f 4050//4050 4051//4051 4052//4052
f 4053//4053 4054//4054 4055//4055
f 4056//4056 4057//4057 4058//4058
f 4048//4048 4047//4047 4059//4059
f 4050//4050 4052//4052 4060//4060
f 4050//4050 4061//4061 4051//4051
f 4054//4054 4053//4053 4062//4062
f 4063//4063 4057//4057 4056//4056
f 4058//4058 4057//4057 4064//4064
f 4065//4065 4066//4066 4067//4067
f 4050//4050 4060//4060 4068//4068
f 4050//4050 4069//4069 4061//4061
f 4070//4070 4071//4071 4072//4072
f 4063//4063 4073//4073 4057//4057
f 4064//4064 4057//4057 4074//4074
f 4066//4066 4065//4065 4075//4075
f 4050//4050 4068//4068 4076//4076
f 4050//4050 4077//4077 4069//4069
f 4071//4071 4070//4070 4078//4078
f 4079//4079 4073//4073 4063//4063
f 4080//4080 4081//4081 4082//4082
f 4074//4074 4057//4057 4083//4083
f 4084//4084 4085//4085 4086//4086
f 4085//4085 4084//4084 4087//4087
f 4050//4050 4076//4076 4088//4088
f 4050//4050 4089//4089 4077//4077
f 4090//4090 4091//4091 4092//4092
f 4091//4091 4090//4090 4093//4093
f 4094//4094 4073//4073 4079//4079
f 4081//4081 4080//4080 4095//4095
f 4096//4096 4097//4097 4098//4098
f 4083//4083 4057//4057 4099//4099
f 4100//4100 4101//4101 4102//4102
f 4050//4050 4088//4088 4103//4103
f 4050//4050 4104//4104 4089//4089
f 4105//4105 4106//4106 4107//4107
f 4106//4106 4108//4108 4109//4109
f 4094//4094 4110//4110 4073//4073
f 4111//4111 4112//4112 4113//4113
f 4114//4114 4115//4115 4116//4116
f 4097//4097 4096//4096 4117//4117
f 4099//4099 4057//4057 4118//4118
f 4101//4101 4100//4100 4119//4119
f 4120//4120 4121//4121 4122//4122
f 4050//4050 4103//4103 4123//4123
f 4050//4050 4124//4124 4104//4104
f 4125//4125 4126//4126 4127//4127
f 4106//4106 4105//4105 4108//4108
f 4128//4128 4129//4129 4130//4130
f 4131//4131 4094//4094 4132//4132
f 4094//4094 4133//4133 4110//4110
f 4112//4112 4111//4111 4134//4134
f 4135//4135 4115//4115 4114//4114
f 4116//4116 4115//4115 4136//4136
f 4137//4137 4138//4138 4139//4139
f 4099//4099 4118//4118 4140//4140
f 4121//4121 4120//4120 4141//4141
f 4142//4142 4143//4143 4144//4144
f 4050//4050 4123//4123 4145//4145
f 4050//4050 4146//4146 4124//4124
f 4147//4147 4148//4148 4149//4149
f 4108//4108 4105//4105 4150//4150
f 4151//4151 4152//4152 4153//4153
f 4094//4094 4131//4131 4154//4154
f 4155//4155 4156//4156 4157//4157
f 4094//4094 4154//4154 4133//4133
f 4158//4158 4159//4159 4160//4160
f 4161//4161 4115//4115 4135//4135
f 4162//4162 4163//4163 4164//4164
f 4165//4165 4166//4166 4167//4167
f 4165//4165 4168//4168 4169//4169
f 4140//4140 4118//4118 4170//4170
f 4143//4143 4142//4142 4171//4171
f 4172//4172 4173//4173 4174//4174
f 4050//4050 4145//4145 4175//4175
f 4050//4050 4176//4176 4146//4146
f 4177//4177 4178//4178 4179//4179
f 4148//4148 4147//4147 4180//4180
f 4181//4181 4150//4150 4105//4105
f 4182//4182 4108//4108 4150//4150
f 4183//4183 4129//4129 4184//4184
f 4185//4185 4186//4186 4187//4187
f 4156//4156 4155//4155 4188//4188
f 4108//4108 4182//4182 4189//4189
f 4190//4190 4191//4191 4192//4192
f 4159//4159 4158//4158 4193//4193
f 4115//4115 4161//4161 4194//4194
f 4163//4163 4162//4162 4195//4195
f 4162//4162 4164//4164 4196//4196
f 4197//4197 4198//4198 4199//4199
f 4200//4200 4201//4201 4202//4202
f 4203//4203 4204//4204 4205//4205
f 4170//4170 4118//4118 4206//4206
f 4173//4173 4172//4172 4207//4207
f 4208//4208 4209//4209 4210//4210
f 4050//4050 4211//4211 4176//4176
f 4212//4212 4213//4213 4214//4214
f 4178//4178 4177//4177 4215//4215
f 4216//4216 4203//4203 4217//4217
f 4150//4150 4181//4181 4182//4182
f 4217//4217 4203//4203 4218//4218
f 4219//4219 4182//4182 4181//4181
f 4186//4186 4185//4185 4220//4220
f 4221//4221 4222//4222 4223//4223
f 4182//4182 4219//4219 4189//4189
f 4191//4191 4190//4190 4224//4224
f 4194//4194 4221//4221 4115//4115
f 4225//4225 4226//4226 4203//4203
f 4115//4115 4227//4227 4228//4228
f 4229//4229 4230//4230 4231//4231
f 4232//4232 4233//4233 4234//4234
f 4235//4235 4050//4050 4236//4236
f 4201//4201 4200//4200 4237//4237
f 4203//4203 4238//4238 4204//4204
f 4205//4205 4204//4204 4239//4239
f 4206//4206 4118//4118 4240//4240
f 4209//4209 4208//4208 4241//4241
f 4050//4050 4242//4242 4211//4211
f 4243//4243 4244//4244 4245//4245
f 4213//4213 4212//4212 4246//4246
f 4247//4247 4203//4203 4216//4216
f 4218//4218 4203//4203 4248//4248
f 4222//4222 4221//4221 4194//4194
f 4189//4189 4219//4219 4249//4249
f 4115//4115 4221//4221 4250//4250
f 4230//4230 4229//4229 4251//4251
f 4252//4252 4203//4203 4226//4226
f 4115//4115 4253//4253 4227//4227
f 4233//4233 4232//4232 4254//4254
f 4235//4235 4236//4236 4255//4255
f 4256//4256 4050//4050 4235//4235
f 4257//4257 4238//4238 4203//4203
f 4258//4258 4259//4259 4260//4260
f 4239//4239 4204//4204 4261//4261
f 4050//4050 4262//4262 4242//4242
f 4263//4263 4264//4264 4265//4265
f 4244//4244 4243//4243 4266//4266
f 4267//4267 4203//4203 4247//4247
f 4248//4248 4203//4203 4268//4268
f 4249//4249 4219//4219 4269//4269
f 4270//4270 4271//4271 4272//4272
f 4115//4115 4250//4250 4273//4273
f 4274//4274 4275//4275 4276//4276
f 4277//4277 4203//4203 4252//4252
f 4275//4275 4274//4274 4278//4278
f 4115//4115 4279//4279 4253//4253
f 4280//4280 4281//4281 4282//4282
f 4235//4235 4255//4255 4283//4283
f 4256//4256 4284//4284 4050//4050
f 4259//4259 4258//4258 4285//4285
f 4238//4238 4257//4257 4286//4286
f 4257//4257 4203//4203 4287//4287
f 4288//4288 4289//4289 4290//4290
f 4261//4261 4204//4204 4291//4291
f 4281//4281 4280//4280 4292//4292
f 4050//4050 4293//4293 4262//4262
f 4294//4294 4295//4295 4296//4296
f 4264//4264 4263//4263 4297//4297
f 4298//4298 4203//4203 4267//4267
f 4268//4268 4203//4203 4299//4299
f 4300//4300 4269//4269 4301//4301
f 4249//4249 4269//4269 4300//4300
f 4271//4271 4270//4270 4302//4302
f 4303//4303 4304//4304 4305//4305
f 4115//4115 4273//4273 4306//4306
f 4307//4307 4203//4203 4277//4277
f 4308//4308 4309//4309 4310//4310
f 4309//4309 4308//4308 4311//4311
f 4115//4115 4312//4312 4279//4279
f 4235//4235 4283//4283 4313//4313
f 77//77 4284//4284 4256//4256
f 4050//4050 4284//4284 4314//4314
f 4315//4315 4316//4316 4317//4317
f 4318//4318 4319//4319 4320//4320
f 4287//4287 4203//4203 4321//4321
f 4322//4322 4323//4323 4324//4324
f 4289//4289 4288//4288 4325//4325
f 4326//4326 4204//4204 4327//4327
f 4291//4291 4204//4204 4328//4328
f 4329//4329 4330//4330 4331//4331
f 4330//4330 4329//4329 4332//4332
f 4050//4050 4333//4333 4293//4293
f 4334//4334 4335//4335 4336//4336
f 4295//4295 4294//4294 4337//4337
f 4338//4338 4203//4203 4298//4298
f 4299//4299 4203//4203 4339//4339
f 4299//4299 4340//4340 4268//4268
f 4341//4341 4300//4300 4301//4301
f 4342//4342 4203//4203 4343//4343
f 4304//4304 4303//4303 4344//4344
f 4345//4345 4346//4346 4347//4347
f 4115//4115 4306//4306 4348//4348
f 4349//4349 4203//4203 4307//4307
f 4350//4350 4351//4351 4352//4352
f 4115//4115 4353//4353 4312//4312
f 4351//4351 4350//4350 4354//4354
f 4235//4235 4313//4313 4355//4355
f 4284//4284 77//77 4356//4356
f 50//50 4316//4316 4357//4357
f 4323//4323 4322//4322 4358//4358
f 4050//4050 4314//4314 4333//4333
f 4316//4316 4315//4315 4359//4359
f 4319//4319 4360//4360 4361//4361
f 4359//4359 4315//4315 4362//4362
f 4321//4321 4203//4203 4363//4363
f 4364//4364 4365//4365 4366//4366
f 4361//4361 4367//4367 4368//4368
f 4235//4235 4369//4369 4370//4370
f 4371//4371 4372//4372 4373//4373
f 4374//4374 4204//4204 4326//4326
f 4326//4326 4327//4327 4375//4375
f 4328//4328 4204//4204 4376//4376
f 4377//4377 4378//4378 4379//4379
f 4378//4378 4377//4377 4380//4380
f 4381//4381 4382//4382 4383//4383
f 4335//4335 4334//4334 4384//4384
f 4385//4385 4203//4203 4338//4338
f 4339//4339 4203//4203 4386//4386
f 4340//4340 4299//4299 4339//4339
f 4342//4342 4340//4340 4387//4387
f 4387//4387 4203//4203 4342//4342
f 4343//4343 4203//4203 4388//4388
f 4346//4346 4345//4345 4389//4389
f 4390//4390 4391//4391 4392//4392
f 4115//4115 4348//4348 4393//4393
f 4394//4394 4203//4203 4349//4349
f 4395//4395 4396//4396 4397//4397
f 4115//4115 4398//4398 4353//4353
f 4396//4396 4395//4395 4399//4399
f 4235//4235 4355//4355 4400//4400
f 4316//4316 4359//4359 4357//4357
f 4365//4365 4364//4364 4401//4401
f 4363//4363 4203//4203 4385//4385
f 4382//4382 4381//4381 4402//4402
f 4235//4235 4403//4403 4369//4369
f 4370//4370 4369//4369 4404//4404
f 4372//4372 4371//4371 4405//4405
f 4376//4376 4204//4204 4374//4374
f 4406//4406 4407//4407 4408//4408
f 4326//4326 4375//4375 4409//4409
f 4410//4410 4411//4411 4412//4412
f 4386//4386 4203//4203 4413//4413
f 4340//4340 4339//4339 4386//4386
f 4340//4340 4414//4414 4387//4387
f 4415//4415 4203//4203 4387//4387
f 4388//4388 4203//4203 4416//4416
f 4391//4391 4390//4390 4417//4417
f 4418//4418 4419//4419 4420//4420
f 4115//4115 4393//4393 4398//4398
f 4421//4421 4203//4203 4394//4394
f 4422//4422 4423//4423 4424//4424
f 4423//4423 4422//4422 4425//4425
f 4411//4411 4410//4410 4426//4426
f 4235//4235 4400//4400 4427//4427
f 4235//4235 4428//4428 4403//4403
f 4403//4403 4429//4429 4369//4369
f 4404//4404 4369//4369 4430//4430
f 4431//4431 4432//4432 4433//4433
f 4434//4434 4435//4435 4436//4436
f 4407//4407 4406//4406 4437//4437
f 4438//4438 4439//4439 4440//4440
f 4432//4432 4431//4431 4441//4441
f 4326//4326 4409//4409 4442//4442
f 4413//4413 4203//4203 4443//4443
f 4340//4340 4386//4386 4413//4413
f 4340//4340 4444//4444 4414//4414
f 4444//4444 4387//4387 4414//4414
f 4443//4443 4203//4203 4415//4415
f 4415//4415 4387//4387 4445//4445
f 4416//4416 4203//4203 4446//4446
f 4419//4419 4418//4418 4447//4447
f 4448//4448 4449//4449 4450//4450
f 4446//4446 4203//4203 4421//4421
f 4449//4449 4448//4448 4451//4451
f 4435//4435 4434//4434 4452//4452
f 4235//4235 4427//4427 4453//4453
f 4235//4235 4454//4454 4428//4428
f 4428//4428 4429//4429 4403//4403
f 4369//4369 4429//4429 4430//4430
f 4404//4404 4430//4430 4455//4455
f 4429//4429 4453//4453 4427//4427
f 4456//4456 4439//4439 4438//4438
f 4457//4457 4429//4429 4458//4458
f 4459//4459 4460//4460 4461//4461
f 4326//4326 4442//4442 4462//4462
f 4340//4340 4413//4413 4443//4443
f 4340//4340 4463//4463 4444//4444
f 4463//4463 4387//4387 4444//4444
f 4340//4340 4443//4443 4415//4415
f 4445//4445 4387//4387 4464//4464
f 4340//4340 4415//4415 4445//4445
f 4235//4235 4453//4453 4465//4465
f 4235//4235 4465//4465 4454//4454
f 4454//4454 4429//4429 4428//4428
f 4430//4430 4429//4429 4466//4466
f 4455//4455 4430//4430 4467//4467
f 4453//4453 4429//4429 4465//4465
f 4439//4439 4456//4456 4468//4468
f 4326//4326 4469//4469 4470//4470
f 4471//4471 4429//4429 4457//4457
f 4472//4472 4457//4457 4458//4458
f 4460//4460 4459//4459 4473//4473
f 4474//4474 4475//4475 4476//4476
f 4326//4326 4462//4462 4477//4477
f 4340//4340 4464//4464 4463//4463
f 4464//4464 4387//4387 4463//4463
f 4340//4340 4445//4445 4464//4464
f 4465//4465 4429//4429 4454//4454
f 4466//4466 4429//4429 4478//4478
f 4467//4467 4430//4430 4466//4466
f 4479//4479 4480//4480 4481//4481
f 4472//4472 4458//4458 4482//4482
f 4326//4326 4483//4483 4469//4469
f 4478//4478 4429//4429 4471//4471
f 4484//4484 4471//4471 4457//4457
f 4485//4485 4457//4457 4472//4472
f 4475//4475 4474//4474 4486//4486
f 4487//4487 4488//4488 4489//4489
f 4326//4326 4477//4477 4490//4490
f 4491//4491 4466//4466 4478//4478
f 4467//4467 4466//4466 4492//4492
f 4480//4480 4479//4479 4493//4493
f 4326//4326 4494//4494 4483//4483
f 4495//4495 4496//4496 4497//4497
f 4498//4498 4478//4478 4471//4471
f 4499//4499 4471//4471 4484//4484
f 4484//4484 4457//4457 4485//4485
f 4496//4496 4495//4495 4500//4500
f 4488//4488 4487//4487 4501//4501
f 4502//4502 4503//4503 4504//4504
f 4326//4326 4490//4490 4505//4505
f 4492//4492 4466//4466 4491//4491
f 4491//4491 4478//4478 4498//4498
f 4326//4326 4505//4505 4494//4494
f 4506//4506 4507//4507 4508//4508
f 4498//4498 4471//4471 4499//4499
f 4509//4509 4510//4510 4511//4511
f 4507//4507 4506//4506 4512//4512
f 4503//4503 4502//4502 4513//4513
f 4514//4514 4515//4515 4516//4516
f 4515//4515 4514//4514 4517//4517
f 4510//4510 4509//4509 4518//4518
