# Created by Open3D 
# object name: d93760fda8d73aaece101336817a135f
# number of vertices: 9450
# number of triangles: 3150
mtllib d93760fda8d73aaece101336817a135f.mtl
v 0.165093 -0.075559 0.299749
vn -0.000107819 0.0126351 0.99992
v 0.180174 0.123183 0.299758
vn -1.30803e-05 -3.95079e-05 1
v 0.163622 0.123061 0.299757
vn -1.30803e-05 -3.95079e-05 1
v 0.180174 0.123183 0.299758
vn -6.16342e-06 -4.00327e-05 1
v 0.165093 -0.075559 0.299749
vn -0.000100901 0.0126345 0.99992
v 0.181646 -0.075436 0.299749
vn -0.000100901 0.0126345 0.99992
v 0.163622 0.123061 0.299757
vn 1.30803e-05 3.95079e-05 -1
v 0.180174 0.123183 0.299758
vn 1.30803e-05 3.95079e-05 -1
v 0.165093 -0.075559 0.299749
vn 0.000107819 -0.0126351 -0.99992
v 0.181646 -0.075436 0.299749
vn 0.000100901 -0.0126345 -0.99992
v 0.165093 -0.075559 0.299749
vn 0.000100901 -0.0126345 -0.99992
v 0.180174 0.123183 0.299758
vn 6.16342e-06 4.00327e-05 -1
v 0.180132 0.12887 0.303053
vn 0.00373867 -0.505581 0.862771
v 0.163622 0.123061 0.299757
vn 0.00348273 -0.471074 0.882087
v 0.180174 0.123183 0.299758
vn 0.00348273 -0.471074 0.882087
v 0.165091 -0.075163 0.314778
vn 0.913341 -0.00487947 -0.407166
v 0.165093 -0.075559 0.299749
vn 0.999973 0.00740779 6.13956e-07
v 0.163622 0.123061 0.299757
vn 0.999973 0.00740779 6.13956e-07
v 0.166039 -0.203193 0.303711
vn -0.000219416 0.0285877 0.999591
v 0.181646 -0.075436 0.299749
vn -0.000121561 0.0153744 0.999882
v 0.165093 -0.075559 0.299749
vn -0.000121561 0.0153744 0.999882
v 0.165093 -0.075559 0.299749
vn 0.000121561 -0.0153744 -0.999882
v 0.181646 -0.075436 0.299749
vn 0.000121561 -0.0153744 -0.999882
v 0.166039 -0.203193 0.303711
vn 0.000219416 -0.0285877 -0.999591
v 0.181646 -0.075436 0.299749
vn -0.999973 -0.00740828 -1.46884e-05
v 0.181643 -0.07504 0.314778
vn -0.999973 -0.00740828 -1.46884e-05
v 0.180174 0.123183 0.299758
vn -0.999973 -0.00740828 -1.46884e-05
v 0.163622 0.123061 0.299757
vn 0.00348307 -0.471075 0.882086
v 0.180132 0.12887 0.303053
vn 0.00373902 -0.505582 0.86277
v 0.16358 0.128747 0.303053
vn 0.00373902 -0.505582 0.86277
v 0.180174 0.123183 0.299758
vn -0.999973 -0.00740785 -8.08648e-06
v 0.18015 0.126363 0.319161
vn -0.454156 0.50788 -0.731984
v 0.180132 0.12887 0.303053
vn -0.999973 -0.00740785 -8.08648e-06
v 0.166037 -0.202797 0.314773
vn 0.999973 0.00740772 3.08589e-06
v 0.165093 -0.075559 0.299749
vn 0.999973 0.00740772 3.08589e-06
v 0.165091 -0.075163 0.314778
vn 0.907203 -0.005311 -0.42066
v 0.165091 -0.075163 0.314778
vn 0.907525 -0.00528841 -0.419964
v 0.163622 0.123061 0.299757
vn 0.999973 0.00740812 6.76717e-06
v 0.164119 0.05601 0.314783
vn 0.999973 0.00740812 6.76717e-06
v 0.181646 -0.075436 0.299749
vn -0.000119302 0.0144283 0.999896
v 0.166039 -0.203193 0.303711
vn -0.00022417 0.0285885 0.999591
v 0.166162 -0.219738 0.304226
vn -0.00022417 0.0285885 0.999591
v 0.166162 -0.219738 0.304226
vn 0.00022417 -0.0285885 -0.999591
v 0.166039 -0.203193 0.303711
vn 0.00022417 -0.0285885 -0.999591
v 0.181646 -0.075436 0.299749
vn 0.000119302 -0.0144283 -0.999896
v 0.165093 -0.075559 0.299749
vn 0.999973 0.00740815 6.84464e-06
v 0.166037 -0.202902 0.314773
vn 0.999973 0.00740815 6.84464e-06
v 0.166039 -0.203193 0.303711
vn 0.999973 0.00740815 6.84464e-06
v 0.181646 -0.075436 0.299749
vn -0.999973 -0.0074086 -1.29815e-05
v 0.182711 -0.21922 0.319255
vn -0.999973 -0.0074086 -1.29815e-05
v 0.181643 -0.07504 0.314778
vn -0.999973 -0.0074086 -1.29815e-05
v 0.180174 0.123183 0.299758
vn -0.999973 -0.00740761 -4.27202e-06
v 0.181643 -0.07504 0.314778
vn -0.999973 -0.00740761 -4.27202e-06
v 0.180671 0.056133 0.314783
vn -0.999973 -0.00740761 -4.27202e-06
v 0.180092 0.134297 0.30683
vn 0.00423407 -0.572443 0.819934
v 0.16358 0.128747 0.303053
vn 0.00374115 -0.505869 0.862602
v 0.180132 0.12887 0.303053
vn 0.00374115 -0.505869 0.862602
v 0.163599 0.126241 0.319161
vn 0.446593 0.514553 -0.731977
v 0.163622 0.123061 0.299757
vn 0.999973 0.00740798 7.86285e-06
v 0.16358 0.128747 0.303053
vn 0.999973 0.00740798 7.86285e-06
v 0.180174 0.123183 0.299758
vn -0.999973 -0.00740771 -8.09802e-06
v 0.180184 0.121863 0.31603
vn -0.453062 0.448364 -0.770522
v 0.18015 0.126363 0.319161
vn -0.453507 0.508073 -0.732252
v 0.180132 0.12887 0.303053
vn -0.999973 -0.0074076 -8.01909e-06
v 0.18015 0.126363 0.319161
vn -0.453508 0.508073 -0.732252
v 0.180119 0.130621 0.322671
vn -0.453928 0.56456 -0.689364
v 0.166037 -0.202902 0.314773
vn 0.999973 0.00740811 9.10271e-06
v 0.165093 -0.075559 0.299749
vn 0.999973 0.00740811 9.10271e-06
v 0.166037 -0.202797 0.314773
vn 0.999973 0.00740811 9.10271e-06
v 0.165091 -0.075163 0.314778
vn 0.898084 -0.0059255 -0.439785
v 0.166037 -0.202797 0.31874
vn 0.716248 -0.0146495 -0.697692
v 0.166037 -0.202797 0.314773
vn 0.999973 0.00740792 7.85572e-06
v 0.164119 0.05601 0.314783
vn 0.999973 0.0074082 9.00403e-06
v 0.163622 0.123061 0.299757
vn 0.999973 0.0074082 9.00403e-06
v 0.164115 0.056632 0.314781
vn 0.707272 0.00528741 -0.706922
v 0.180671 0.056133 0.314783
vn 3.59064e-05 -0.0017787 -0.999998
v 0.165091 -0.075163 0.314778
vn 6.42643e-06 3.98512e-05 -1
v 0.164119 0.05601 0.314783
vn 3.59064e-05 -0.0017787 -0.999998
v 0.164119 0.05601 0.314783
vn -3.59064e-05 0.0017787 0.999998
v 0.165091 -0.075163 0.314778
vn -6.42643e-06 -3.98512e-05 1
v 0.180671 0.056133 0.314783
vn -3.59064e-05 0.0017787 0.999998
v -0.164578 -0.222188 0.304221
vn 0.000220747 -0.0285965 -0.999591
v 0.166039 -0.203193 0.303711
vn 0.000220747 -0.0285965 -0.999591
v 0.166162 -0.219738 0.304226
vn 0.000220747 -0.0285965 -0.999591
v 0.166162 -0.219738 0.304226
vn -0.000220747 0.0285965 0.999591
v 0.166039 -0.203193 0.303711
vn -0.000220747 0.0285965 0.999591
v -0.164578 -0.222188 0.304221
vn -0.000220747 0.0285965 0.999591
v 0.166039 -0.203193 0.303711
vn 0.999973 0.00740822 7.97691e-06
v 0.166159 -0.219345 0.319051
vn 0.999973 0.00740822 7.97691e-06
v 0.166162 -0.219738 0.304226
vn 0.999973 0.00740822 7.97691e-06
v 0.166162 -0.219738 0.304226
vn -0.999973 -0.00740822 -7.97691e-06
v 0.166159 -0.219345 0.319051
vn -0.999973 -0.00740822 -7.97691e-06
v 0.166039 -0.203193 0.303711
vn -0.999973 -0.00740822 -7.97691e-06
v 0.181646 -0.075436 0.299749
vn -0.000122314 0.015505 0.99988
v 0.166162 -0.219738 0.304226
vn -0.000219206 0.0285882 0.999591
v 0.182713 -0.219616 0.304226
vn -0.000219206 0.0285882 0.999591
v 0.182713 -0.219616 0.304226
vn 0.000219206 -0.0285882 -0.999591
v 0.166162 -0.219738 0.304226
vn 0.000219206 -0.0285882 -0.999591
v 0.181646 -0.075436 0.299749
vn 0.000122314 -0.015505 -0.99988
v 0.166039 -0.203193 0.303711
vn -0.00740504 0.999564 -0.0285841
v -0.164705 -0.205248 0.318738
vn -0.0058057 0.783049 0.621934
v 0.166037 -0.202902 0.314773
vn -0.00740504 0.999564 -0.0285841
v 0.166037 -0.202902 0.314773
vn 0.00740504 -0.999564 0.0285841
v -0.164705 -0.205248 0.318738
vn 0.0058057 -0.783049 -0.621934
v 0.166039 -0.203193 0.303711
vn 0.00740504 -0.999564 0.0285841
v 0.166159 -0.219342 0.319255
vn 0.999973 0.00740805 7.8426e-06
v 0.166039 -0.203193 0.303711
vn 0.999973 0.00740805 7.8426e-06
v 0.166037 -0.202902 0.314773
vn 0.999973 0.00740805 7.8426e-06
v 0.166037 -0.202902 0.314773
vn -0.999973 -0.00740805 -7.8426e-06
v 0.166039 -0.203193 0.303711
vn -0.999973 -0.00740805 -7.8426e-06
v 0.166159 -0.219342 0.319255
vn -0.999973 -0.00740805 -7.8426e-06
v 0.182711 -0.21922 0.319255
vn -0.999973 -0.00740729 -2.50307e-06
v 0.181646 -0.075436 0.299749
vn -0.999973 -0.00740729 -2.50307e-06
v 0.182713 -0.219616 0.304226
vn -0.999973 -0.00740729 -2.50307e-06
v 0.166159 -0.219342 0.319255
vn 0.000219201 -0.0285882 -0.999591
v 0.181643 -0.07504 0.314778
vn 0.000219201 -0.0285882 -0.999591
v 0.182711 -0.21922 0.319255
vn 0.000219201 -0.0285882 -0.999591
v 0.181934 -0.075038 0.314778
vn 0.000114136 -0.0142987 -0.999898
v 0.182711 -0.21922 0.319255
vn 0.000219961 -0.028588 -0.999591
v 0.181643 -0.07504 0.314778
vn 0.000114136 -0.0142987 -0.999898
v 0.181643 -0.07504 0.314778
vn -0.000114136 0.0142987 0.999898
v 0.182711 -0.21922 0.319255
vn -0.000219961 0.028588 0.999591
v 0.181934 -0.075038 0.314778
vn -0.000114136 0.0142987 0.999898
v 0.180209 0.118503 0.31927
vn -0.727967 -0.685613 -2.73097e-05
v 0.181643 -0.07504 0.314778
vn -0.999973 -0.00740816 -2.26559e-06
v 0.182711 -0.21922 0.319255
vn -0.999973 -0.00740816 -2.26559e-06
v 0.165091 -0.075163 0.314778
vn 6.42646e-06 3.98512e-05 -1
v 0.180671 0.056133 0.314783
vn 3.59066e-05 -0.0017787 -0.999998
v 0.181643 -0.07504 0.314778
vn 6.42646e-06 3.98512e-05 -1
v 0.181643 -0.07504 0.314778
vn -6.42646e-06 -3.98512e-05 1
v 0.180671 0.056133 0.314783
vn -3.59066e-05 0.0017787 0.999998
v 0.165091 -0.075163 0.314778
vn -6.42646e-06 -3.98512e-05 1
v 0.180964 0.056135 0.314783
vn 6.98907e-06 3.99972e-05 -1
v 0.181643 -0.07504 0.314778
vn 0.000113828 -0.0142535 -0.999898
v 0.180671 0.056133 0.314783
vn 6.98907e-06 3.99972e-05 -1
v 0.180671 0.056133 0.314783
vn -6.98907e-06 -3.99972e-05 1
v 0.181643 -0.07504 0.314778
vn -0.000113828 0.0142535 0.999898
v 0.180964 0.056135 0.314783
vn -6.98907e-06 -3.99972e-05 1
v 0.181643 -0.07504 0.314778
vn -0.999973 -0.00740787 -1.44156e-05
v 0.180209 0.118503 0.31927
vn -0.712356 -0.701818 -4.01135e-05
v 0.180671 0.056133 0.314783
vn -0.999973 -0.00740787 -1.44156e-05
v 0.180174 0.123183 0.299758
vn -0.999973 -0.00740821 -9.04311e-06
v 0.180671 0.056133 0.314783
vn -0.999973 -0.00740821 -9.04311e-06
v 0.180666 0.056755 0.314783
vn -0.999973 -0.00740821 -9.04311e-06
v 0.16358 0.128747 0.303053
vn 0.00374101 -0.505869 0.862602
v 0.180092 0.134297 0.30683
vn 0.00423394 -0.572443 0.819934
v 0.16354 0.134175 0.30683
vn 0.00423394 -0.572443 0.819934
v 0.180132 0.12887 0.303053
vn -0.999973 -0.00740855 -7.92165e-06
v 0.180119 0.130621 0.322671
vn -0.454575 0.564346 -0.689112
v 0.180092 0.134297 0.30683
vn -0.999973 -0.00740855 -7.92165e-06
v 0.163632 0.121739 0.31603
vn 0.446383 0.455027 -0.770515
v 0.163622 0.123061 0.299757
vn 0.999973 0.00740781 7.92343e-06
v 0.163599 0.126241 0.319161
vn 0.445943 0.514735 -0.732245
v 0.163599 0.126241 0.319161
vn 0.445943 0.514736 -0.732245
v 0.16358 0.128747 0.303053
vn 0.999973 0.00740831 7.94919e-06
v 0.163567 0.130499 0.322671
vn 0.445522 0.571224 -0.689357
v 0.180174 0.123183 0.299758
vn -0.999973 -0.00740861 -8.11241e-06
v 0.180201 0.119717 0.314787
vn -0.46077 0.21231 -0.861751
v 0.180184 0.121863 0.31603
vn -0.451884 0.448672 -0.771034
v 0.163632 0.121739 0.31603
vn 0.442746 0.456039 -0.772013
v 0.18015 0.126363 0.319161
vn -0.449885 0.509028 -0.733821
v 0.180184 0.121863 0.31603
vn -0.449441 0.449429 -0.772021
v 0.163599 0.126241 0.319161
vn 0.442305 0.515863 -0.733656
v 0.180119 0.130621 0.322671
vn -0.450306 0.565636 -0.690855
v 0.18015 0.126363 0.319161
vn -0.449887 0.509254 -0.733664
v 0.181643 -0.07504 0.314778
vn 0.000219418 -0.0285877 -0.999591
v 0.166037 -0.202797 0.31874
vn 0.666933 -0.0163658 -0.744938
v 0.165091 -0.075163 0.314778
vn 0.860215 -0.00821002 -0.509865
v 0.164115 0.056632 0.314781
vn 0.723347 0.00540495 -0.690463
v 0.163622 0.123061 0.299757
vn 0.999973 0.00740776 6.87823e-06
v 0.163658 0.118381 0.314787
vn 0.473541 0.00355994 -0.880765
v 0.180666 0.056755 0.314783
vn 6.30332e-05 -0.00276519 -0.999996
v 0.164119 0.05601 0.314783
vn 3.9043e-05 -0.00193453 -0.999998
v 0.164115 0.056632 0.314781
vn 6.30332e-05 -0.00276519 -0.999996
v 0.164115 0.056632 0.314781
vn -6.30332e-05 0.00276519 0.999996
v 0.164119 0.05601 0.314783
vn -3.9043e-05 0.00193453 0.999998
v 0.180666 0.056755 0.314783
vn -6.30332e-05 0.00276519 0.999996
v 0.180666 0.056755 0.314783
vn 4.80393e-05 -0.00307706 -0.999995
v 0.164119 0.05601 0.314783
vn 3.9043e-05 -0.00193453 -0.999998
v 0.164115 0.056632 0.314781
vn 4.80393e-05 -0.00307706 -0.999995
v 0.164115 0.056632 0.314781
vn -4.80393e-05 0.00307706 0.999995
v 0.164119 0.05601 0.314783
vn -3.9043e-05 0.00193453 0.999998
v 0.180666 0.056755 0.314783
vn -4.80393e-05 0.00307706 0.999995
v 0.164119 0.05601 0.314783
vn 3.89843e-05 -0.00193322 -0.999998
v 0.180666 0.056755 0.314783
vn 6.29745e-05 -0.00276388 -0.999996
v 0.180671 0.056133 0.314783
vn 3.89843e-05 -0.00193322 -0.999998
v 0.180671 0.056133 0.314783
vn -3.89843e-05 0.00193322 0.999998
v 0.180666 0.056755 0.314783
vn -6.29745e-05 0.00276388 0.999996
v 0.164119 0.05601 0.314783
vn -3.89843e-05 0.00193322 0.999998
v 0.164119 0.05601 0.314783
vn 3.89843e-05 -0.00193322 -0.999998
v 0.180666 0.056755 0.314783
vn 4.79805e-05 -0.00307575 -0.999995
v 0.180671 0.056133 0.314783
vn 3.89843e-05 -0.00193322 -0.999998
v 0.180671 0.056133 0.314783
vn -3.89843e-05 0.00193322 0.999998
v 0.180666 0.056755 0.314783
vn -4.79805e-05 0.00307575 0.999995
v 0.164119 0.05601 0.314783
vn -3.89843e-05 0.00193322 0.999998
v 0.166039 -0.203193 0.303711
vn 0.000219532 -0.0285753 -0.999592
v -0.164578 -0.222188 0.304221
vn 0.000219532 -0.0285753 -0.999592
v -0.164702 -0.205644 0.303709
vn 0.000219532 -0.0285753 -0.999592
v -0.164702 -0.205644 0.303709
vn -0.000219532 0.0285753 0.999592
v -0.164578 -0.222188 0.304221
vn -0.000219532 0.0285753 0.999592
v 0.166039 -0.203193 0.303711
vn -0.000219532 0.0285753 0.999592
v -0.164578 -0.222188 0.304221
vn -0.00740654 0.999563 -0.0286346
v -0.164582 -0.221792 0.319251
vn -0.00740654 0.999563 -0.0286346
v 0.166162 -0.219738 0.304226
vn -0.00740654 0.999563 -0.0286346
v 0.166159 -0.219345 0.319051
vn 0.999973 0.00740798 7.98481e-06
v 0.166039 -0.203193 0.303711
vn 0.999973 0.00740798 7.98481e-06
v 0.166159 -0.219342 0.319255
vn 0.999973 0.00740798 7.98481e-06
v 0.166159 -0.219342 0.319255
vn -0.999973 -0.00740798 -7.98481e-06
v 0.166039 -0.203193 0.303711
vn -0.999973 -0.00740798 -7.98481e-06
v 0.166159 -0.219345 0.319051
vn -0.999973 -0.00740798 -7.98481e-06
v 0.166159 -0.219345 0.319051
vn -0.00740767 0.999562 -0.0286615
v 0.166162 -0.219738 0.304226
vn -0.00740767 0.999562 -0.0286615
v -0.164582 -0.221792 0.319251
vn -0.00740767 0.999562 -0.0286615
v 0.166159 -0.219345 0.319051
vn -0.00343047 0.945403 -0.325887
v 0.182713 -0.219616 0.304226
vn -0.00732338 0.999562 -0.0286866
v 0.166162 -0.219738 0.304226
vn -0.00732338 0.999562 -0.0286866
v -0.164705 -0.205248 0.318738
vn -0.00592827 0.799572 0.60054
v 0.166039 -0.203193 0.303711
vn -0.00740534 0.999564 -0.0285894
v -0.164702 -0.205644 0.303709
vn -0.00740534 0.999564 -0.0285894
v -0.164702 -0.205644 0.303709
vn 0.00740534 -0.999564 0.0285894
v 0.166039 -0.203193 0.303711
vn 0.00740534 -0.999564 0.0285894
v -0.164705 -0.205248 0.318738
vn 0.00592827 -0.799572 -0.60054
v 0.166037 -0.202902 0.314773
vn -0.0074051 0.999564 -0.0285948
v -0.164705 -0.205248 0.318738
vn -0.00555367 0.748981 0.662568
v 0.166037 -0.202797 0.31874
vn -0.00555367 0.748981 0.662568
v 0.166037 -0.202797 0.31874
vn 0.00555367 -0.748981 -0.662568
v -0.164705 -0.205248 0.318738
vn 0.00555367 -0.748981 -0.662568
v 0.166037 -0.202902 0.314773
vn 0.0074051 -0.999564 0.0285948
v 0.166159 -0.219342 0.319255
vn 0.999973 0.00740806 8.12256e-06
v 0.166037 -0.202902 0.314773
vn 0.999973 0.00740806 8.12256e-06
v 0.166037 -0.202797 0.31874
vn 0.999973 0.00740806 8.12256e-06
v 0.166037 -0.202797 0.31874
vn -0.999973 -0.00740806 -8.12256e-06
v 0.166037 -0.202902 0.314773
vn -0.999973 -0.00740806 -8.12256e-06
v 0.166159 -0.219342 0.319255
vn -0.999973 -0.00740806 -8.12256e-06
v 0.182713 -0.219616 0.304226
vn -0.00732209 0.999562 -0.0286851
v 0.166159 -0.219345 0.319051
vn -0.00342967 0.945415 -0.325851
v 0.182711 -0.21922 0.319255
vn -0.00154861 0.888449 -0.458972
v 0.166037 -0.202797 0.31874
vn 0.701874 -0.0151697 -0.71214
v 0.181643 -0.07504 0.314778
vn 0.000224172 -0.0285885 -0.999591
v 0.166159 -0.219342 0.319255
vn 0.000224172 -0.0285885 -0.999591
v 0.182711 -0.21922 0.319255
vn -0.00149674 0.886673 -0.462395
v 0.166159 -0.219345 0.319051
vn -0.00339451 0.944546 -0.328362
v 0.166159 -0.219342 0.319255
vn -0.00740701 0.999871 -0.0142732
v 0.166159 -0.219342 0.319255
vn 0.00740701 -0.999871 0.0142732
v 0.166159 -0.219345 0.319051
vn 0.00339451 -0.944546 0.328362
v 0.182711 -0.21922 0.319255
vn 0.00149674 -0.886673 0.462395
v 0.166159 -0.219342 0.319255
vn -0.00740678 0.999973 4.86027e-05
v -0.181134 -0.221917 0.373154
vn 0.562133 0.60253 -0.566537
v 0.182711 -0.21922 0.319255
vn -0.00740678 0.999973 4.86027e-05
v 0.182711 -0.21922 0.319255
vn 0.000223353 -0.028588 -0.999591
v 0.181934 -0.075038 0.314778
vn 0.000117471 -0.0142908 -0.999898
v 0.182649 -0.171545 0.317775
vn 0.000223353 -0.028588 -0.999591
v 0.182649 -0.171545 0.317775
vn -0.000223353 0.028588 0.999591
v 0.181934 -0.075038 0.314778
vn -0.000117471 0.0142908 0.999898
v 0.182711 -0.21922 0.319255
vn -0.000223353 0.028588 0.999591
v 0.181643 -0.07504 0.314778
vn 0.000113828 -0.0142535 -0.999898
v 0.180964 0.056135 0.314783
vn 6.98907e-06 3.99972e-05 -1
v 0.181934 -0.075038 0.314778
vn 0.000113828 -0.0142535 -0.999898
v 0.181934 -0.075038 0.314778
vn -0.000113828 0.0142535 0.999898
v 0.180964 0.056135 0.314783
vn -6.98907e-06 -3.99972e-05 1
v 0.181643 -0.07504 0.314778
vn -0.000113828 0.0142535 0.999898
v 0.183004 -0.219217 0.319255
vn -0.580475 0.571416 0.580114
v 0.180209 0.118503 0.31927
vn -0.57161 -0.58066 0.579738
v 0.182711 -0.21922 0.319255
vn -6.97127e-06 -4.00056e-05 1
v 0.180671 0.056133 0.314783
vn -0.999973 -0.00740806 -7.04292e-06
v 0.180209 0.118503 0.31927
vn -0.7019 -0.712275 -3.30412e-05
v 0.180666 0.056755 0.314783
vn -0.999973 -0.00740806 -7.04292e-06
v 0.180174 0.123183 0.299758
vn -0.999973 -0.00740828 -9.40293e-06
v 0.180666 0.056755 0.314783
vn -0.999973 -0.00740828 -9.40293e-06
v 0.180209 0.118503 0.314787
vn -0.723323 -0.00532442 -0.690489
v 0.180054 0.139432 0.311062
vn 0.00470299 -0.635694 0.771927
v 0.16354 0.134175 0.30683
vn 0.00423595 -0.572715 0.819744
v 0.180092 0.134297 0.30683
vn 0.00423595 -0.572715 0.819744
v 0.163567 0.130499 0.322671
vn 0.446173 0.57102 -0.689105
v 0.16358 0.128747 0.303053
vn 0.999973 0.00740784 7.98916e-06
v 0.16354 0.134175 0.30683
vn 0.999973 0.00740784 7.98916e-06
v 0.180092 0.134297 0.30683
vn -0.999973 -0.00740836 -7.92282e-06
v 0.180119 0.130621 0.322671
vn -0.453928 0.564559 -0.689364
v 0.18009 0.134609 0.326535
vn -0.454318 0.617466 -0.64213
v 0.163649 0.119595 0.314787
vn 0.45759 0.219114 -0.861743
v 0.163622 0.123061 0.299757
vn 0.999973 0.00740807 7.97841e-06
v 0.163632 0.121739 0.31603
vn 0.445199 0.455319 -0.771027
v 0.18015 0.126363 0.319161
vn -0.449885 0.509027 -0.733822
v 0.163632 0.121739 0.31603
vn 0.442745 0.456039 -0.772014
v 0.163599 0.126241 0.319161
vn 0.442306 0.515637 -0.733815
v 0.180119 0.130621 0.322671
vn -0.450306 0.565636 -0.690855
v 0.163599 0.126241 0.319161
vn 0.442305 0.515863 -0.733657
v 0.163567 0.130499 0.322671
vn 0.441884 0.572247 -0.690849
v 0.180174 0.123183 0.299758
vn -0.999973 -0.00740745 -7.84393e-06
v 0.180209 0.118503 0.314787
vn -0.707412 -0.00520491 -0.706782
v 0.180201 0.119717 0.314787
vn -0.460246 0.212381 -0.862014
v 0.180184 0.121863 0.31603
vn -0.450195 0.449059 -0.771797
v 0.163649 0.119595 0.314787
vn 0.455914 0.219684 -0.862486
v 0.163632 0.121739 0.31603
vn 0.443505 0.45568 -0.77179
v 0.163658 0.118381 0.314787
vn 0.44775 0.00336991 -0.894153
v 0.163622 0.123061 0.299757
vn 0.999973 0.007408 7.98007e-06
v 0.163649 0.119595 0.314787
vn 0.457066 0.219176 -0.862005
v 0.180209 0.118503 0.314787
vn 4.13135e-05 6.85059e-05 -1
v 0.164115 0.056632 0.314781
vn 0.68728 0.00514094 -0.726375
v 0.163658 0.118381 0.314787
vn 0.431619 0.00325172 -0.90205
v 0.164115 0.056632 0.314781
vn 0.687281 0.00513968 -0.726373
v 0.180209 0.118503 0.314787
vn 4.60064e-05 6.72852e-05 -1
v 0.180666 0.056755 0.314783
vn 4.60064e-05 6.72852e-05 -1
v -0.164582 -0.221792 0.319251
vn -0.999973 -0.00740824 -7.97091e-06
v -0.164702 -0.205644 0.303709
vn -0.999973 -0.00740824 -7.97091e-06
v -0.164578 -0.222188 0.304221
vn -0.999973 -0.00740824 -7.97091e-06
v -0.164578 -0.222188 0.304221
vn 0.999973 0.00740824 7.97091e-06
v -0.164702 -0.205644 0.303709
vn 0.999973 0.00740824 7.97091e-06
v -0.164582 -0.221792 0.319251
vn 0.999973 0.00740824 7.97091e-06
v -0.165647 -0.078009 0.299746
vn -0.000120267 0.0142749 0.999898
v -0.164578 -0.222188 0.304221
vn -0.000226267 0.028588 0.999591
v -0.164702 -0.205644 0.303709
vn -0.000226267 0.028588 0.999591
v -0.164702 -0.205644 0.303709
vn 0.000226267 -0.028588 -0.999591
v -0.164578 -0.222188 0.304221
vn 0.000226267 -0.028588 -0.999591
v -0.165647 -0.078009 0.299746
vn 0.000120267 -0.0142749 -0.999898
v -0.164578 -0.222188 0.304221
vn -0.00740521 0.999564 -0.028589
v -0.181134 -0.221915 0.319251
vn -0.00740521 0.999564 -0.028589
v -0.164582 -0.221792 0.319251
vn -0.00740521 0.999564 -0.028589
v 0.166159 -0.219342 0.319255
vn -0.007407 0.999563 -0.0286121
v 0.166159 -0.219345 0.319051
vn -0.007407 0.999563 -0.0286121
v -0.164582 -0.221792 0.319251
vn -0.007407 0.999563 -0.0286121
v -0.164705 -0.205248 0.318738
vn -0.739307 -0.0247227 -0.672915
v -0.165647 -0.078009 0.299746
vn -0.999973 -0.00740772 -7.77606e-06
v -0.164702 -0.205644 0.303709
vn -0.999973 -0.00740772 -7.77606e-06
v -0.164702 -0.205644 0.303709
vn -0.999973 -0.00740823 -7.96145e-06
v -0.164582 -0.221792 0.319251
vn -0.999973 -0.00740823 -7.96145e-06
v -0.164705 -0.205248 0.318738
vn -0.999973 -0.00740823 -7.96145e-06
v -0.164705 -0.205248 0.318738
vn 0.999973 0.00740823 7.96145e-06
v -0.164582 -0.221792 0.319251
vn 0.999973 0.00740823 7.96145e-06
v -0.164702 -0.205644 0.303709
vn 0.999973 0.00740823 7.96145e-06
v -0.164582 -0.221792 0.319251
vn -0.000219615 0.0285861 0.999591
v 0.166037 -0.202797 0.31874
vn -0.00467807 0.630723 0.775994
v -0.164705 -0.205248 0.318738
vn -0.00467807 0.630723 0.775994
v -0.164705 -0.205248 0.318738
vn 0.00467807 -0.630723 -0.775994
v 0.166037 -0.202797 0.31874
vn 0.00467807 -0.630723 -0.775994
v -0.164582 -0.221792 0.319251
vn 0.000219615 -0.0285861 -0.999591
v 0.166037 -0.202797 0.31874
vn -0.00467863 0.630724 0.775993
v -0.164582 -0.221792 0.319251
vn -0.000220213 0.0285965 0.999591
v 0.166159 -0.219342 0.319255
vn -0.000220213 0.0285965 0.999591
v 0.166159 -0.219342 0.319255
vn 0.000220213 -0.0285965 -0.999591
v -0.164582 -0.221792 0.319251
vn 0.000220213 -0.0285965 -0.999591
v 0.166037 -0.202797 0.31874
vn 0.00467863 -0.630724 -0.775993
v -0.164582 -0.221792 0.319251
vn -0.00740779 0.999973 4.31073e-05
v -0.181134 -0.221917 0.373154
vn 0.386238 0.834786 -0.392368
v 0.166159 -0.219342 0.319255
vn -0.00740779 0.999973 4.31073e-05
v 0.182711 -0.21922 0.319255
vn -0.00740965 0.999973 2.78716e-05
v -0.181134 -0.221917 0.373154
vn 0.572865 0.582009 -0.577141
v 0.183004 -0.219217 0.319255
vn -0.581597 0.573086 0.577336
v 0.182711 -0.21922 0.319255
vn 0.000219388 -0.028588 -0.999591
v 0.182649 -0.171545 0.317775
vn 0.000219388 -0.028588 -0.999591
v 0.182763 -0.186736 0.318246
vn 0.000219388 -0.028588 -0.999591
v 0.182763 -0.186736 0.318246
vn -0.000219388 0.028588 0.999591
v 0.182649 -0.171545 0.317775
vn -0.000219388 0.028588 0.999591
v 0.182711 -0.21922 0.319255
vn -0.000219388 0.028588 0.999591
v 0.183004 -0.219217 0.319255
vn -0.837764 0.382614 0.389561
v 0.180209 0.118501 0.373172
vn -0.831599 -0.396126 -0.389266
v 0.180209 0.118503 0.31927
vn -0.831603 -0.396155 0.389228
v 0.182711 -0.21922 0.319255
vn 0.000220028 -0.028588 -0.999591
v 0.182763 -0.186736 0.318246
vn 0.000220028 -0.028588 -0.999591
v 0.183004 -0.219217 0.319255
vn 0.000220028 -0.028588 -0.999591
v 0.183004 -0.219217 0.319255
vn -0.000220028 0.028588 0.999591
v 0.182763 -0.186736 0.318246
vn -0.000220028 0.028588 0.999591
v 0.182711 -0.21922 0.319255
vn -0.000220028 0.028588 0.999591
v 0.180666 0.056755 0.314783
vn -0.999973 -0.00740808 -7.92048e-06
v 0.180209 0.118503 0.31927
vn -0.706853 -0.70736 -3.37594e-05
v 0.180209 0.118503 0.314787
vn -0.706853 -0.70736 -3.37594e-05
v 0.16354 0.134175 0.30683
vn 0.00423589 -0.572715 0.819744
v 0.180054 0.139432 0.311062
vn 0.00470294 -0.635694 0.771927
v 0.163502 0.139309 0.311061
vn 0.00470294 -0.635694 0.771927
v 0.180092 0.134297 0.30683
vn -0.999973 -0.00740801 -7.90828e-06
v 0.18009 0.134609 0.326535
vn -0.454966 0.617234 -0.641894
v 0.180054 0.139432 0.311062
vn -0.999973 -0.00740801 -7.90828e-06
v 0.163567 0.130499 0.322671
vn 0.445522 0.571223 -0.689358
v 0.16354 0.134175 0.30683
vn 0.999973 0.00740765 7.93505e-06
v 0.163539 0.134487 0.326535
vn 0.445132 0.624129 -0.642122
v 0.163567 0.130499 0.322671
vn 0.441883 0.572459 -0.690673
v 0.18009 0.134609 0.326535
vn -0.450697 0.618658 -0.643533
v 0.180119 0.130621 0.322671
vn -0.450307 0.565849 -0.69068
v 0.180209 0.118503 0.314787
vn -0.706891 -0.00520158 -0.707304
v 0.172217 0.119659 0.314787
vn -0.00179034 0.242738 -0.97009
v 0.180201 0.119717 0.314787
vn -0.459573 0.21238 -0.862373
v 0.163649 0.119595 0.314787
vn 0.456217 0.219469 -0.86238
v 0.180184 0.121863 0.31603
vn -0.4505 0.449006 -0.77165
v 0.172217 0.119659 0.314787
vn -0.00179246 0.24302 -0.97002
v 0.172217 0.119659 0.314787
vn -0.00179029 0.242731 -0.970092
v 0.163658 0.118381 0.314787
vn 0.447057 0.00336477 -0.894499
v 0.163649 0.119595 0.314787
vn 0.456382 0.21916 -0.862372
v 0.163658 0.118381 0.314787
vn 0.446904 0.00336362 -0.894576
v 0.172217 0.119659 0.314787
vn -0.00178963 0.242641 -0.970114
v 0.180209 0.118503 0.314787
vn -0.706686 -0.00520007 -0.707508
v 0.180209 0.118503 0.31927
vn -0.700495 -0.713657 -3.39353e-05
v 0.163658 0.118381 0.314787
vn 0.00740789 -0.999973 -3.98926e-05
v 0.180209 0.118503 0.314787
vn -0.700495 -0.713657 -3.39353e-05
v -0.165647 -0.078009 0.299746
vn -0.000122455 0.0155045 0.99988
v -0.18113 -0.222311 0.304221
vn -0.000219347 0.0285876 0.999591
v -0.164578 -0.222188 0.304221
vn -0.000219347 0.0285876 0.999591
v -0.164578 -0.222188 0.304221
vn 0.000219347 -0.0285876 -0.999591
v -0.18113 -0.222311 0.304221
vn 0.000219347 -0.0285876 -0.999591
v -0.165647 -0.078009 0.299746
vn 0.000122455 -0.0155045 -0.99988
v -0.181134 -0.221915 0.319251
vn -0.00740521 0.999564 -0.028589
v -0.164578 -0.222188 0.304221
vn -0.00740521 0.999564 -0.028589
v -0.18113 -0.222311 0.304221
vn -0.00740521 0.999564 -0.028589
v -0.181134 -0.221915 0.319251
vn -0.0464157 -0.0235564 -0.998644
v -0.164705 -0.205248 0.318738
vn -0.70156 -0.0255655 -0.712152
v -0.164582 -0.221792 0.319251
vn 0.000219919 -0.0285879 -0.999591
v -0.181134 -0.221917 0.373154
vn 0.562128 0.602529 -0.566543
v -0.164582 -0.221792 0.319251
vn -0.0074087 0.999973 4.00066e-05
v -0.181134 -0.221915 0.319251
vn 0.685743 0.727844 3.45028e-05
v -0.165647 -0.078009 0.299746
vn -0.999973 -0.00740772 -7.77606e-06
v -0.164705 -0.205248 0.318738
vn -0.739307 -0.0247227 -0.672915
v -0.16565 -0.077613 0.314775
vn -0.40215 -0.0171052 -0.915414
v 0.183004 -0.219217 0.319255
vn -0.384729 0.841852 0.37851
v -0.181134 -0.221917 0.373154
vn 0.372066 0.84762 -0.378295
v 0.183003 -0.219219 0.373157
vn -0.384725 0.841882 -0.378447
v 0.182763 -0.186736 0.318246
vn 0.999973 0.00740805 7.61716e-06
v 0.182664 -0.17351 0.313704
vn 0.999973 0.00740805 7.61716e-06
v 0.182649 -0.171545 0.317775
vn 0.999973 0.00740805 7.61716e-06
v 0.182649 -0.171545 0.317775
vn 0.999973 0.00740803 8.34379e-06
v 0.182757 -0.186142 0.319917
vn 0.999973 0.00740803 8.34379e-06
v 0.182763 -0.186736 0.318246
vn 0.999973 0.00740803 8.34379e-06
v 0.180209 0.118501 0.373172
vn -0.831596 -0.396123 -0.389274
v 0.183004 -0.219217 0.319255
vn -0.837766 0.382617 0.389553
v 0.183003 -0.219219 0.373157
vn -0.837758 0.382645 -0.389544
v -0.183636 0.115805 0.373169
vn 0.3847 -0.841877 -0.378482
v 0.180209 0.118503 0.31927
vn -0.372037 -0.847645 0.378268
v 0.180209 0.118501 0.373172
vn -0.372031 -0.847615 -0.378341
v 0.180018 0.14424 0.315721
vn 0.00514201 -0.694936 0.719053
v 0.163502 0.139309 0.311061
vn 0.00470486 -0.63595 0.771716
v 0.180054 0.139432 0.311062
vn 0.00470486 -0.63595 0.771716
v 0.163539 0.134487 0.326535
vn 0.445783 0.623907 -0.641886
v 0.16354 0.134175 0.30683
vn 0.999973 0.00740802 7.90821e-06
v 0.163502 0.139309 0.311061
vn 0.999973 0.00740802 7.90821e-06
v 0.180054 0.139432 0.311062
vn -0.999973 -0.00740839 -8.05959e-06
v 0.18009 0.134609 0.326535
vn -0.454318 0.617466 -0.64213
v 0.180062 0.138302 0.330733
vn -0.454682 0.666457 -0.590846
v 0.18009 0.134609 0.326535
vn -0.450697 0.618658 -0.643533
v 0.163567 0.130499 0.322671
vn 0.441883 0.572459 -0.690673
v 0.163539 0.134487 0.326535
vn 0.441494 0.625267 -0.643525
v 0.172217 0.119659 0.314787
vn -0.00179229 0.243007 -0.970023
v 0.180184 0.121863 0.31603
vn -0.450522 0.449002 -0.77164
v 0.180201 0.119717 0.314787
vn -0.459424 0.21267 -0.862381
v 0.180209 0.118503 0.31927
vn -0.675301 -0.737542 -4.08795e-05
v -0.167084 0.11593 0.314783
vn 0.00740812 -0.999973 -4.59893e-05
v 0.163658 0.118381 0.314787
vn 0.00740812 -0.999973 -4.59893e-05
v -0.165647 -0.078009 0.299746
vn -0.000115309 0.0145363 0.999894
v -0.181341 -0.193773 0.303336
vn -0.000219373 0.0285879 0.999591
v -0.18113 -0.222311 0.304221
vn -0.000219373 0.0285879 0.999591
v -0.18113 -0.222311 0.304221
vn 0.000219373 -0.0285879 -0.999591
v -0.181341 -0.193773 0.303336
vn 0.000219373 -0.0285879 -0.999591
v -0.165647 -0.078009 0.299746
vn 0.000115309 -0.0145363 -0.999894
v -0.18113 -0.222311 0.304221
vn 0.999973 0.00740801 7.99949e-06
v -0.181134 -0.221915 0.314768
vn 0.999973 0.00740801 7.99949e-06
v -0.181134 -0.221915 0.319251
vn 0.999973 0.00740801 7.99949e-06
v -0.164705 -0.205248 0.318738
vn -0.666604 -0.026245 -0.74495
v -0.181134 -0.221915 0.319251
vn -0.0433 -0.0238949 -0.998776
v -0.16565 -0.077613 0.314775
vn -0.317978 -0.0179996 -0.947927
v -0.181628 -0.155044 0.357821
vn 0.999973 0.00740727 7.10945e-06
v -0.181134 -0.221917 0.373154
vn 0.651201 0.539064 -0.534179
v -0.181134 -0.221915 0.319251
vn 0.759414 0.650608 3.10475e-05
v -0.181134 -0.221915 0.314768
vn 0.999973 0.00740789 7.9578e-06
v -0.181375 -0.189298 0.318624
vn 0.999973 0.00740789 7.9578e-06
v -0.181134 -0.221915 0.319251
vn 0.999973 0.00740789 7.9578e-06
v -0.165647 -0.078009 0.299746
vn -0.999973 -0.00740779 -7.65819e-06
v -0.16565 -0.077613 0.314775
vn -0.432994 -0.017115 -0.901234
v -0.167118 0.12061 0.299754
vn -0.999973 -0.00740779 -7.65819e-06
v -0.181134 -0.221917 0.373154
vn 0.104573 0.106167 -0.988834
v 0.180209 0.118501 0.373172
vn -0.10453 -0.106149 -0.988841
v 0.183003 -0.219219 0.373157
vn -0.106145 0.104542 -0.98884
v 0.182763 -0.186736 0.318246
vn 0.999973 0.00740844 8.50344e-06
v 0.182682 -0.175911 0.306949
vn 0.999973 0.00740844 8.50344e-06
v 0.182664 -0.17351 0.313704
vn 0.999973 0.00740844 8.50344e-06
v 0.199216 -0.173388 0.313704
vn 0.00674347 -0.910764 0.412873
v 0.182649 -0.171545 0.317775
vn 0.00655792 -0.885714 0.464185
v 0.182664 -0.17351 0.313704
vn 0.00674347 -0.910764 0.412873
v 0.182757 -0.186142 0.319917
vn 0.999973 0.00740792 7.76176e-06
v 0.182649 -0.171545 0.317775
vn 0.999973 0.00740792 7.76176e-06
v 0.182729 -0.18231 0.327855
vn 0.999973 0.00740792 7.76176e-06
v 0.199309 -0.186019 0.319917
vn -0.00674424 0.910854 -0.412673
v 0.182763 -0.186736 0.318246
vn -0.00690904 0.932957 -0.359922
v 0.182757 -0.186142 0.319917
vn -0.00674424 0.910854 -0.412673
v -0.181375 -0.189298 0.318624
vn 0.999973 0.00740793 7.80694e-06
v -0.181134 -0.221915 0.314768
vn 0.999973 0.00740793 7.80694e-06
v -0.181365 -0.190668 0.31477
vn 0.999973 0.00740793 7.80694e-06
v -0.181134 -0.221915 0.314768
vn 0.999973 0.00740794 7.4219e-06
v -0.181357 -0.191811 0.311553
vn 0.999973 0.00740794 7.4219e-06
v -0.181365 -0.190668 0.31477
vn 0.999973 0.00740794 7.4219e-06
v -0.183636 0.115808 0.318229
vn -0.263921 -0.959664 -0.0969045
v 0.180209 0.118503 0.31927
vn -0.369169 -0.850166 0.375408
v -0.183636 0.115805 0.373169
vn 0.381865 -0.844438 -0.375638
v 0.180209 0.118501 0.373172
vn -0.104603 -0.106223 -0.988825
v -0.181134 -0.221917 0.373154
vn 0.104647 0.106241 -0.988818
v -0.183636 0.115805 0.373169
vn 0.106208 -0.104598 -0.988827
v 0.163502 0.139309 0.311061
vn 0.00470488 -0.63595 0.771716
v 0.180018 0.14424 0.315721
vn 0.00514203 -0.694936 0.719053
v 0.163466 0.144118 0.315721
vn 0.00514203 -0.694936 0.719053
v 0.180054 0.139432 0.311062
vn -0.999973 -0.00740756 -7.90531e-06
v 0.180037 0.141677 0.335233
vn -0.45583 0.710889 -0.535589
v 0.180018 0.14424 0.315721
vn -0.999973 -0.00740756 -7.90531e-06
v 0.163539 0.134487 0.326535
vn 0.445132 0.62413 -0.642121
v 0.163502 0.139309 0.311061
vn 0.999973 0.00740839 8.05849e-06
v 0.163511 0.13818 0.330732
vn 0.444766 0.673122 -0.590838
v 0.18009 0.134609 0.326535
vn -0.450698 0.618857 -0.643341
v 0.163511 0.13818 0.330732
vn 0.441127 0.674368 -0.592145
v 0.180062 0.138302 0.330733
vn -0.451061 0.667758 -0.592152
v 0.180054 0.139432 0.311062
vn -0.999973 -0.00740722 -7.98403e-06
v 0.180062 0.138302 0.330733
vn -0.454512 0.666524 -0.590902
v 0.180037 0.141677 0.335233
vn -0.454843 0.711296 -0.535888
v 0.163511 0.13818 0.330732
vn 0.441127 0.674367 -0.592145
v 0.18009 0.134609 0.326535
vn -0.450698 0.618857 -0.643341
v 0.163539 0.134487 0.326535
vn 0.441493 0.625466 -0.643333
v -0.167084 0.11593 0.314783
vn 0.00740789 -0.999973 -3.14528e-05
v 0.180209 0.118503 0.31927
vn -0.700494 -0.713658 -2.54888e-05
v -0.183635 0.115808 0.314783
vn 0.00740789 -0.999973 -3.14528e-05
v -0.165647 -0.078009 0.299746
vn -0.000114954 0.0144062 0.999896
v -0.181447 -0.179576 0.302895
vn -0.000219982 0.028588 0.999591
v -0.181341 -0.193773 0.303336
vn -0.000219982 0.028588 0.999591
v -0.181341 -0.193773 0.303336
vn 0.000219982 -0.028588 -0.999591
v -0.181447 -0.179576 0.302895
vn 0.000219982 -0.028588 -0.999591
v -0.165647 -0.078009 0.299746
vn 0.000114954 -0.0144062 -0.999896
v -0.181134 -0.221915 0.314768
vn 0.999973 0.00740784 8.00494e-06
v -0.18113 -0.222311 0.304221
vn 0.999973 0.00740784 8.00494e-06
v -0.181341 -0.193773 0.303336
vn 0.999973 0.00740784 8.00494e-06
v -0.181375 -0.189298 0.318624
vn -0.0939546 -0.0183634 -0.995407
v -0.16565 -0.077613 0.314775
vn -0.337993 -0.0170726 -0.940994
v -0.181134 -0.221915 0.319251
vn -0.0479084 -0.0233945 -0.998578
v -0.181686 -0.147443 0.361318
vn 0.999973 0.00740833 9.84969e-06
v -0.181134 -0.221917 0.373154
vn 0.581475 0.57746 -0.573085
v -0.181628 -0.155044 0.357821
vn 0.999973 0.00740833 9.84969e-06
v -0.181628 -0.155044 0.357821
vn 0.999973 0.00740825 7.4994e-06
v -0.181134 -0.221915 0.319251
vn 0.702184 0.711995 3.34886e-05
v -0.181576 -0.162228 0.353403
vn 0.999973 0.00740825 7.4994e-06
v -0.181378 -0.188839 0.319914
vn 0.999973 0.00740798 8.75973e-06
v -0.181134 -0.221915 0.319251
vn 0.702622 0.711564 3.47354e-05
v -0.181375 -0.189298 0.318624
vn 0.999973 0.00740798 8.75973e-06
v -0.167118 0.12061 0.299754
vn -0.999973 -0.00740812 -1.15975e-05
v -0.16565 -0.077613 0.314775
vn -0.40368 -0.0171065 -0.91474
v -0.166622 0.053559 0.314781
vn -0.501664 -0.00368182 -0.865055
v -0.167118 0.12061 0.299754
vn -6.16377e-06 -4.00284e-05 1
v -0.182199 -0.078131 0.299746
vn -0.000100902 0.0126346 0.99992
v -0.165647 -0.078009 0.299746
vn -0.000100902 0.0126346 0.99992
v -0.165647 -0.078009 0.299746
vn 0.000100902 -0.0126346 -0.99992
v -0.182199 -0.078131 0.299746
vn 0.000100902 -0.0126346 -0.99992
v -0.167118 0.12061 0.299754
vn 6.16377e-06 4.00284e-05 -1
v 0.182763 -0.186736 0.318246
vn 0.999973 0.00740783 7.86629e-06
v 0.182694 -0.177568 0.30001
vn 0.999973 0.00740783 7.86629e-06
v 0.182682 -0.175911 0.306949
vn 0.999973 0.00740783 7.86629e-06
v 0.199234 -0.175788 0.30695
vn 0.00704945 -0.951951 0.30617
v 0.182664 -0.17351 0.313704
vn 0.0067448 -0.910931 0.412504
v 0.182682 -0.175911 0.306949
vn 0.00704945 -0.951951 0.30617
v 0.182649 -0.171545 0.317775
vn 0.00655805 -0.885713 0.464186
v 0.199216 -0.173388 0.313704
vn 0.00674333 -0.910726 0.412955
v 0.199192 -0.170292 0.320115
vn 0.00635099 -0.857823 0.513906
v 0.182664 -0.17351 0.313704
vn 0.00674465 -0.910931 0.412504
v 0.199234 -0.175788 0.30695
vn 0.00704929 -0.951951 0.306169
v 0.199216 -0.173388 0.313704
vn 0.00674465 -0.910931 0.412504
v 0.182729 -0.18231 0.327855
vn 0.999973 0.00740828 8.16981e-06
v 0.182649 -0.171545 0.317775
vn 0.999973 0.00740828 8.16981e-06
v 0.182694 -0.177666 0.335267
vn 0.999973 0.00740828 8.16981e-06
v 0.182729 -0.18231 0.327855
vn -0.00635129 0.857854 -0.513855
v 0.199309 -0.186019 0.319917
vn -0.00674322 0.910702 -0.413008
v 0.182757 -0.186142 0.319917
vn -0.00674322 0.910702 -0.413008
v 0.199331 -0.188991 0.311555
vn -0.00704949 0.951933 -0.306225
v 0.182763 -0.186736 0.318246
vn -0.00690921 0.932957 -0.359922
v 0.199309 -0.186019 0.319917
vn -0.00674516 0.910955 -0.412451
v -0.181375 -0.189298 0.318624
vn -0.999973 -0.007408 -7.89222e-06
v -0.181476 -0.175691 0.314771
vn -0.999973 -0.007408 -7.89222e-06
v -0.181365 -0.190668 0.31477
vn -0.999973 -0.007408 -7.89222e-06
v -0.181365 -0.190668 0.31477
vn 0.999973 0.007408 7.89222e-06
v -0.181476 -0.175691 0.314771
vn 0.999973 0.007408 7.89222e-06
v -0.181375 -0.189298 0.318624
vn 0.999973 0.007408 7.89222e-06
v -0.181471 -0.176208 0.3137
vn -0.999973 -0.007408 -8.09954e-06
v -0.181365 -0.190668 0.31477
vn -0.999973 -0.007408 -8.09954e-06
v -0.181476 -0.175691 0.314771
vn -0.999973 -0.007408 -8.09954e-06
v -0.181476 -0.175691 0.314771
vn 0.999973 0.007408 8.09954e-06
v -0.181365 -0.190668 0.31477
vn 0.999973 0.007408 8.09954e-06
v -0.181471 -0.176208 0.3137
vn 0.999973 0.007408 8.09954e-06
v -0.181365 -0.190668 0.31477
vn -0.006909 0.932957 -0.359922
v -0.19793 -0.188962 0.319914
vn -0.00674445 0.910887 -0.412601
v -0.181375 -0.189298 0.318624
vn -0.006909 0.932957 -0.359922
v -0.181134 -0.221915 0.314768
vn 0.999973 0.00740804 8.48136e-06
v -0.181341 -0.193773 0.303336
vn 0.999973 0.00740804 8.48136e-06
v -0.181357 -0.191811 0.311553
vn 0.999973 0.00740804 8.48136e-06
v -0.181357 -0.191811 0.311553
vn -0.00704956 0.951991 -0.306046
v -0.19793 -0.188962 0.319914
vn -0.00674422 0.910878 -0.412621
v -0.181365 -0.190668 0.31477
vn -0.00690885 0.932957 -0.359922
v -0.181447 -0.179576 0.302895
vn -0.999973 -0.00740777 -7.79039e-06
v -0.181357 -0.191811 0.311553
vn -0.999973 -0.00740777 -7.79039e-06
v -0.181365 -0.190668 0.31477
vn -0.999973 -0.00740777 -7.79039e-06
v -0.181365 -0.190668 0.31477
vn 0.999973 0.00740777 7.79039e-06
v -0.181357 -0.191811 0.311553
vn 0.999973 0.00740777 7.79039e-06
v -0.181447 -0.179576 0.302895
vn 0.999973 0.00740777 7.79039e-06
v 0.180209 0.118503 0.31927
vn -0.557538 -0.610972 0.562018
v -0.183636 0.115808 0.318229
vn -0.429191 -0.88968 -0.155769
v -0.183635 0.115808 0.314783
vn -0.557702 -0.610616 -0.562243
v -0.183636 0.115805 0.373169
vn 0.583054 -0.572301 -0.576646
v -0.183628 0.114718 0.321319
vn 0.00898255 -0.918978 -0.394208
v -0.183636 0.115808 0.318229
vn -0.444997 -0.880726 -0.162172
v -0.181134 -0.221917 0.373154
vn 0.628178 0.55253 -0.547817
v -0.181865 -0.123145 0.365896
vn 0.0883979 0.0292115 -0.995657
v -0.183636 0.115805 0.373169
vn 0.636292 -0.543121 -0.547862
v 0.180018 0.14424 0.315721
vn 0.0051438 -0.695175 0.718822
v 0.163433 0.148571 0.320782
vn 0.00554909 -0.749799 0.661643
v 0.163466 0.144118 0.315721
vn 0.0051438 -0.695175 0.718822
v 0.163485 0.141555 0.335233
vn 0.445258 0.717564 -0.535581
v 0.163502 0.139309 0.311061
vn 0.999973 0.00740826 8.00492e-06
v 0.163466 0.144118 0.315721
vn 0.999973 0.00740826 8.00492e-06
v 0.180018 0.14424 0.315721
vn -0.999973 -0.00740836 -8.03061e-06
v 0.180037 0.141677 0.335233
vn -0.454843 0.711295 -0.535889
v 0.180014 0.144712 0.340011
vn -0.455142 0.75156 -0.477497
v 0.163511 0.13818 0.330732
vn 0.444595 0.673185 -0.590895
v 0.163502 0.139309 0.311061
vn 0.999973 0.00740794 8.02735e-06
v 0.163485 0.141555 0.335233
vn 0.444265 0.717956 -0.535881
v 0.163485 0.141555 0.335233
vn 0.440796 0.719234 -0.53703
v 0.180062 0.138302 0.330733
vn -0.451063 0.66794 -0.591945
v 0.163511 0.13818 0.330732
vn 0.441126 0.67455 -0.591938
v 0.180062 0.138302 0.330733
vn -0.451063 0.667939 -0.591945
v 0.163485 0.141555 0.335233
vn 0.440796 0.719233 -0.537031
v 0.180037 0.141677 0.335233
vn -0.451394 0.712624 -0.537039
v -0.167084 0.11593 0.314783
vn -0.443674 -0.00325119 -0.896182
v -0.183535 0.102198 0.314783
vn 6.93846e-06 3.96484e-05 -1
v -0.183635 0.115808 0.314783
vn 6.93846e-06 3.96484e-05 -1
v -0.183635 0.115808 0.314783
vn -0.57279 -0.581322 -0.577907
v -0.167093 0.117145 0.314783
vn -0.459411 0.212301 -0.862479
v -0.167084 0.11593 0.314783
vn -0.446881 -0.00327468 -0.894588
v -0.181447 -0.179576 0.302895
vn -0.000219422 0.0285877 0.999591
v -0.165647 -0.078009 0.299746
vn -0.000119999 0.0151627 0.999885
v -0.182199 -0.078131 0.299746
vn -0.000119999 0.0151627 0.999885
v -0.182199 -0.078131 0.299746
vn 0.000119999 -0.0151627 -0.999885
v -0.165647 -0.078009 0.299746
vn 0.000119999 -0.0151627 -0.999885
v -0.181447 -0.179576 0.302895
vn 0.000219422 -0.0285877 -0.999591
v -0.181442 -0.180266 0.300006
vn -0.999973 -0.00740797 -7.93401e-06
v -0.181341 -0.193773 0.303336
vn -0.999973 -0.00740797 -7.93401e-06
v -0.181447 -0.179576 0.302895
vn -0.999973 -0.00740797 -7.93401e-06
v -0.181357 -0.191811 0.311553
vn -0.999973 -0.00740795 -8.24073e-06
v -0.181447 -0.179576 0.302895
vn -0.999973 -0.00740795 -8.24073e-06
v -0.181341 -0.193773 0.303336
vn -0.999973 -0.00740795 -8.24073e-06
v -0.181341 -0.193773 0.303336
vn 0.999973 0.00740795 8.24073e-06
v -0.181447 -0.179576 0.302895
vn 0.999973 0.00740795 8.24073e-06
v -0.181357 -0.191811 0.311553
vn 0.999973 0.00740795 8.24073e-06
v -0.181488 -0.173974 0.318328
vn -0.093945 -0.0183646 -0.995408
v -0.16565 -0.077613 0.314775
vn -0.3406 -0.0170534 -0.940054
v -0.181375 -0.189298 0.318624
vn -0.093945 -0.0183646 -0.995408
v -0.181744 -0.139522 0.36385
vn 0.999973 0.00740773 5.84396e-06
v -0.181134 -0.221917 0.373154
vn 0.579852 0.57827 -0.573912
v -0.181686 -0.147443 0.361318
vn 0.999973 0.00740773 5.84396e-06
v -0.19818 -0.155167 0.357821
vn -0.00326805 0.442013 -0.897003
v -0.181686 -0.147443 0.361318
vn -0.00249023 0.337189 -0.941434
v -0.181628 -0.155044 0.357821
vn -0.00326805 0.442013 -0.897003
v -0.181632 -0.154713 0.340751
vn -0.999973 -0.0074085 -7.80513e-06
v -0.181628 -0.155044 0.357821
vn -0.999973 -0.0074085 -7.80513e-06
v -0.181686 -0.147443 0.361318
vn -0.999973 -0.0074085 -7.80513e-06
v -0.181686 -0.147443 0.361318
vn 0.999973 0.0074085 7.80513e-06
v -0.181628 -0.155044 0.357821
vn 0.999973 0.0074085 7.80513e-06
v -0.181632 -0.154713 0.340751
vn 0.999973 0.0074085 7.80513e-06
v -0.181576 -0.162228 0.353403
vn 0.999973 0.00740847 7.05979e-06
v -0.181134 -0.221915 0.319251
vn 0.703439 0.710756 3.30081e-05
v -0.181526 -0.168899 0.348123
vn 0.999973 0.00740847 7.05979e-06
v -0.181591 -0.160101 0.336486
vn -0.999973 -0.00740789 -7.87762e-06
v -0.181576 -0.162228 0.353403
vn -0.999973 -0.00740789 -7.87762e-06
v -0.181628 -0.155044 0.357821
vn -0.999973 -0.00740789 -7.87762e-06
v -0.181628 -0.155044 0.357821
vn 0.999973 0.00740789 7.87762e-06
v -0.181576 -0.162228 0.353403
vn 0.999973 0.00740789 7.87762e-06
v -0.181591 -0.160101 0.336486
vn 0.999973 0.00740789 7.87762e-06
v -0.198128 -0.16235 0.353403
vn -0.00400602 0.541625 -0.840611
v -0.181628 -0.155044 0.357821
vn -0.00327197 0.442563 -0.896732
v -0.181576 -0.162228 0.353403
vn -0.00400602 0.541625 -0.840611
v -0.181406 -0.185007 0.327853
vn 0.999973 0.00740799 7.43005e-06
v -0.181134 -0.221915 0.319251
vn 0.706553 0.70766 3.32774e-05
v -0.181378 -0.188839 0.319914
vn 0.999973 0.00740799 7.43005e-06
v -0.181378 -0.188839 0.319914
vn -0.999973 -0.00740802 -8.34332e-06
v -0.181488 -0.173974 0.318328
vn -0.999973 -0.00740802 -8.34332e-06
v -0.181375 -0.189298 0.318624
vn -0.999973 -0.00740802 -8.34332e-06
v -0.181375 -0.189298 0.318624
vn 0.999973 0.00740802 8.34332e-06
v -0.181488 -0.173974 0.318328
vn 0.999973 0.00740802 8.34332e-06
v -0.181378 -0.188839 0.319914
vn 0.999973 0.00740802 8.34332e-06
v -0.181375 -0.189298 0.318624
vn -0.00690903 0.932957 -0.359922
v -0.19793 -0.188962 0.319914
vn -0.0067442 0.910848 -0.412686
v -0.181378 -0.188839 0.319914
vn -0.0067442 0.910848 -0.412686
v -0.182853 0.010214 0.314779
vn -0.0433253 -0.00844775 -0.999025
v -0.166622 0.053559 0.314781
vn -0.415173 -0.0030387 -0.909737
v -0.16565 -0.077613 0.314775
vn -0.317363 -0.0157587 -0.948173
v -0.167118 0.12061 0.299754
vn -0.999973 -0.00740796 -9.30749e-06
v -0.166622 0.053559 0.314781
vn -0.473775 -0.00347441 -0.880639
v -0.167084 0.11593 0.314783
vn -0.473775 -0.00347441 -0.880639
v -0.167118 0.12061 0.299754
vn -9.20207e-06 -3.98001e-05 1
v -0.183564 0.106301 0.299753
vn -9.20207e-06 -3.98001e-05 1
v -0.182199 -0.078131 0.299746
vn -0.000104722 0.0127394 0.999919
v -0.182199 -0.078131 0.299746
vn 0.000104722 -0.0127394 -0.999919
v -0.183564 0.106301 0.299753
vn 9.20207e-06 3.98001e-05 -1
v -0.167118 0.12061 0.299754
vn 9.20207e-06 3.98001e-05 -1
v 0.182779 -0.189114 0.311555
vn 0.999973 0.0074076 7.73497e-06
v 0.182694 -0.177568 0.30001
vn 0.999973 0.0074076 7.73497e-06
v 0.182763 -0.186736 0.318246
vn 0.999973 0.0074076 7.73497e-06
v 0.199245 -0.177445 0.30001
vn 0.00727071 -0.981591 0.190855
v 0.182682 -0.175911 0.306949
vn 0.00705066 -0.952102 0.3057
v 0.182694 -0.177568 0.30001
vn 0.00727071 -0.981591 0.190855
v 0.182682 -0.175911 0.306949
vn 0.0070506 -0.952102 0.3057
v 0.199245 -0.177445 0.30001
vn 0.00727065 -0.981591 0.190855
v 0.199234 -0.175788 0.30695
vn 0.0070506 -0.952102 0.3057
v 0.199216 -0.173388 0.313704
vn -0.999973 -0.0074089 -8.02639e-06
v 0.199207 -0.172151 0.342054
vn -0.999973 -0.0074089 -8.02639e-06
v 0.199192 -0.170292 0.320115
vn -0.999973 -0.0074089 -8.02639e-06
v 0.182649 -0.171545 0.317775
vn 0.00655804 -0.885714 0.464186
v 0.199192 -0.170292 0.320115
vn 0.00635038 -0.857743 0.51404
v 0.182641 -0.170415 0.320115
vn 0.00635038 -0.857743 0.51404
v 0.199234 -0.175788 0.30695
vn -0.999973 -0.00740699 -8.0992e-06
v 0.199207 -0.172151 0.342054
vn -0.999973 -0.00740699 -8.0992e-06
v 0.199216 -0.173388 0.313704
vn -0.999973 -0.00740699 -8.0992e-06
v 0.182694 -0.177666 0.335267
vn 0.999973 0.00740794 8.04539e-06
v 0.182649 -0.171545 0.317775
vn 0.999973 0.00740794 8.04539e-06
v 0.182655 -0.172274 0.342054
vn 0.999973 0.00740794 8.04539e-06
v 0.182694 -0.177666 0.335267
vn -0.00587334 0.79351 -0.608529
v 0.199281 -0.182187 0.327856
vn -0.00634877 0.857538 -0.514381
v 0.182729 -0.18231 0.327855
vn -0.00634877 0.857538 -0.514381
v 0.199309 -0.186019 0.319917
vn -0.00674307 0.910703 -0.413008
v 0.182729 -0.18231 0.327855
vn -0.00635114 0.857854 -0.513854
v 0.199281 -0.182187 0.327856
vn -0.00635114 0.857854 -0.513854
v 0.182763 -0.186736 0.318246
vn -0.00690912 0.932957 -0.359922
v 0.199331 -0.188991 0.311555
vn -0.00704954 0.951952 -0.306167
v 0.182779 -0.189114 0.311555
vn -0.00704954 0.951952 -0.306167
v 0.199245 -0.177445 0.30001
vn -0.999973 -0.00740812 -7.89824e-06
v 0.199331 -0.188991 0.311555
vn -0.999973 -0.00740812 -7.89824e-06
v 0.199309 -0.186019 0.319917
vn -0.999973 -0.00740812 -7.89824e-06
v -0.182853 0.010214 0.314779
vn 0.999973 0.00740797 9.78513e-06
v -0.181488 -0.173974 0.318328
vn 0.999973 0.00740797 9.78513e-06
v -0.181476 -0.175691 0.314771
vn 0.999973 0.00740797 9.78513e-06
v -0.181476 -0.175691 0.314771
vn 0.999973 0.00740788 4.76645e-06
v -0.182199 -0.078131 0.299746
vn 0.999973 0.00740788 4.76645e-06
v -0.182853 0.010214 0.314779
vn 0.999973 0.00740788 4.76645e-06
v -0.181476 -0.175691 0.314771
vn -0.999973 -0.00740806 -8.11725e-06
v -0.181375 -0.189298 0.318624
vn -0.999973 -0.00740806 -8.11725e-06
v -0.181488 -0.173974 0.318328
vn -0.999973 -0.00740806 -8.11725e-06
v -0.181488 -0.173974 0.318328
vn 0.999973 0.00740806 8.11725e-06
v -0.181375 -0.189298 0.318624
vn 0.999973 0.00740806 8.11725e-06
v -0.181476 -0.175691 0.314771
vn 0.999973 0.00740806 8.11725e-06
v -0.181453 -0.178608 0.306946
vn -0.999973 -0.00740797 -8.1088e-06
v -0.181365 -0.190668 0.31477
vn -0.999973 -0.00740797 -8.1088e-06
v -0.181471 -0.176208 0.3137
vn -0.999973 -0.00740797 -8.1088e-06
v -0.181471 -0.176208 0.3137
vn 0.999973 0.00740797 8.1088e-06
v -0.181365 -0.190668 0.31477
vn 0.999973 0.00740797 8.1088e-06
v -0.181453 -0.178608 0.306946
vn 0.999973 0.00740797 8.1088e-06
v -0.181471 -0.176208 0.3137
vn 0.999973 0.0074081 8.64473e-06
v -0.182199 -0.078131 0.299746
vn 0.999973 0.0074081 8.64473e-06
v -0.181476 -0.175691 0.314771
vn 0.999973 0.0074081 8.64473e-06
v -0.198047 -0.173235 0.320113
vn 0.00635012 -0.857718 0.514082
v -0.181471 -0.176208 0.3137
vn 0.00674387 -0.910812 0.412767
v -0.181476 -0.175691 0.314771
vn 0.00655797 -0.885714 0.464185
v -0.181341 -0.193773 0.303336
vn -0.00716906 0.967976 -0.250942
v -0.197908 -0.191934 0.311552
vn -0.0070507 0.952116 -0.305657
v -0.181357 -0.191811 0.311553
vn -0.0070507 0.952116 -0.305657
v -0.19793 -0.188962 0.319914
vn -0.00674498 0.910955 -0.412451
v -0.181357 -0.191811 0.311553
vn -0.00704931 0.951933 -0.306225
v -0.197908 -0.191934 0.311552
vn -0.00704931 0.951933 -0.306225
v -0.181447 -0.179576 0.302895
vn -0.999973 -0.00740789 -7.91059e-06
v -0.181365 -0.190668 0.31477
vn -0.999973 -0.00740789 -7.91059e-06
v -0.181453 -0.178608 0.306946
vn -0.999973 -0.00740789 -7.91059e-06
v -0.181453 -0.178608 0.306946
vn 0.999973 0.00740789 7.91059e-06
v -0.181365 -0.190668 0.31477
vn 0.999973 0.00740789 7.91059e-06
v -0.181447 -0.179576 0.302895
vn 0.999973 0.00740789 7.91059e-06
v -0.183635 0.115808 0.314783
vn -0.573143 -0.581543 -0.577334
v -0.183628 0.114718 0.321319
vn 0.00667477 -0.918997 -0.394209
v -0.183636 0.115808 0.318229
vn -0.44684 -0.879823 -0.162003
v -0.183636 0.115808 0.318229
vn 0.44684 0.879823 0.162003
v -0.183628 0.114718 0.321319
vn -0.00667477 0.918997 0.394209
v -0.183635 0.115808 0.314783
vn 0.573143 0.581543 0.577334
v -0.183644 0.117022 0.314783
vn 0.329789 -0.461918 -0.823329
v -0.183635 0.115808 0.314783
vn -0.573154 -0.581538 -0.577329
v -0.183636 0.115808 0.318229
vn -0.446853 -0.879817 -0.162002
v -0.183636 0.115805 0.373169
vn 0.585227 -0.571186 -0.575548
v -0.183607 0.111944 0.327636
vn 0.0120234 -0.884767 -0.465878
v -0.183628 0.114718 0.321319
vn 0.0122764 -0.918941 -0.394203
v -0.200179 0.114595 0.321319
vn 0.00681125 -0.919027 -0.394137
v -0.183636 0.115808 0.318229
vn -0.445941 -0.880199 -0.16244
v -0.183628 0.114718 0.321319
vn 0.00681125 -0.919027 -0.394137
v -0.181865 -0.123145 0.365896
vn 0.00380409 0.0286974 -0.999581
v -0.181134 -0.221917 0.373154
vn 0.575736 0.580317 -0.575987
v -0.181805 -0.131388 0.365383
vn 0.999973 0.00740798 7.58969e-06
v -0.183636 0.115805 0.373169
vn 0.614816 -0.555381 -0.559958
v -0.181865 -0.123145 0.365896
vn 0.0520405 0.0290158 -0.998223
v -0.183336 0.075475 0.365905
vn 0.0540489 -0.242027 -0.968763
v 0.163433 0.148571 0.320782
vn 0.00554909 -0.749799 0.661643
v 0.180018 0.14424 0.315721
vn 0.00514379 -0.695175 0.718822
v 0.179985 0.148693 0.320782
vn 0.00554909 -0.749799 0.661643
v 0.163463 0.144589 0.340011
vn 0.44496 0.757806 -0.477222
v 0.163466 0.144118 0.315721
vn 0.999973 0.00740792 8.05717e-06
v 0.163433 0.148571 0.320782
vn 0.999973 0.00740792 8.05717e-06
v 0.163485 0.141555 0.335233
vn 0.444264 0.717956 -0.535881
v 0.163466 0.144118 0.315721
vn 0.999973 0.00740836 8.02985e-06
v 0.163463 0.144589 0.340011
vn 0.443965 0.758221 -0.477489
v 0.180037 0.141677 0.335233
vn -0.451395 0.71279 -0.536818
v 0.163463 0.144589 0.340011
vn 0.440497 0.759586 -0.478531
v 0.180014 0.144712 0.340011
vn -0.451694 0.752976 -0.478539
v 0.180018 0.14424 0.315721
vn -0.999973 -0.00740791 -8.05849e-06
v 0.180014 0.144712 0.340011
vn -0.45613 0.751131 -0.47723
v 0.179985 0.148693 0.320782
vn -0.999973 -0.00740791 -8.05849e-06
v 0.163463 0.144589 0.340011
vn 0.440497 0.759586 -0.478531
v 0.180037 0.141677 0.335233
vn -0.451395 0.71279 -0.536817
v 0.163485 0.141555 0.335233
vn 0.440795 0.719399 -0.536809
v -0.183535 0.102198 0.314783
vn -0.999973 -0.00740727 -7.9017e-06
v -0.183555 0.105056 0.339454
vn -0.00624629 -0.800015 -0.599948
v -0.183635 0.115808 0.314783
vn -0.581116 -0.577588 -0.57332
v -0.183635 0.115808 0.314783
vn 0.581116 0.577588 0.57332
v -0.183555 0.105056 0.339454
vn 0.00624629 0.800015 0.599948
v -0.183535 0.102198 0.314783
vn 0.999973 0.00740727 7.9017e-06
v -0.183546 0.103895 0.309969
vn 0.999973 0.00740785 8.23416e-06
v -0.183635 0.115808 0.314783
vn -0.571459 -0.582368 -0.578171
v -0.183535 0.102198 0.314783
vn 0.999973 0.00740785 8.23416e-06
v -0.183535 0.102198 0.314783
vn -0.999973 -0.00740785 -8.23416e-06
v -0.183635 0.115808 0.314783
vn 0.571459 0.582368 0.578171
v -0.183546 0.103895 0.309969
vn -0.999973 -0.00740785 -8.23416e-06
v -0.183535 0.102198 0.314783
vn 5.73425e-06 4.00262e-05 -1
v -0.167084 0.11593 0.314783
vn -0.434797 -0.00318487 -0.900523
v -0.183173 0.053437 0.314781
vn 5.73425e-06 4.00262e-05 -1
v -0.167093 0.117145 0.314783
vn -0.459411 0.212301 -0.862479
v -0.183635 0.115808 0.314783
vn -0.572791 -0.581322 -0.577906
v -0.183644 0.117022 0.314783
vn 0.32971 -0.461594 -0.823543
v -0.167118 0.12061 0.299754
vn -0.999973 -0.00740799 -8.02642e-06
v -0.167084 0.11593 0.314783
vn -0.447727 -0.00328093 -0.894164
v -0.167093 0.117145 0.314783
vn -0.460247 0.212377 -0.862014
v -0.182199 -0.078131 0.299746
vn 0.999973 0.00740804 7.14539e-06
v -0.181453 -0.178608 0.306946
vn 0.999973 0.00740804 7.14539e-06
v -0.181447 -0.179576 0.302895
vn 0.999973 0.00740804 7.14539e-06
v -0.181442 -0.180266 0.300006
vn -0.999973 -0.00740801 -8.0959e-06
v -0.181341 -0.193883 0.302876
vn -0.999973 -0.00740801 -8.0959e-06
v -0.181341 -0.193773 0.303336
vn -0.999973 -0.00740801 -8.0959e-06
v -0.198005 -0.178731 0.306946
vn 0.00705024 -0.952058 0.305836
v -0.181442 -0.180266 0.300006
vn 0.00727084 -0.981621 0.190704
v -0.181447 -0.179576 0.302895
vn 0.00716902 -0.967976 0.250942
v -0.16565 -0.077613 0.314775
vn -0.317168 -0.017231 -0.948213
v -0.181488 -0.173974 0.318328
vn -0.0939519 -0.0183638 -0.995407
v -0.182853 0.010214 0.314779
vn -0.0520833 -0.010163 -0.998591
v -0.181805 -0.131388 0.365383
vn 0.999973 0.00740822 1.04764e-05
v -0.181134 -0.221917 0.373154
vn 0.577934 0.579229 -0.574879
v -0.181744 -0.139522 0.36385
vn 0.999973 0.00740822 1.04764e-05
v -0.181719 -0.14277 0.347145
vn -0.999973 -0.00740759 -8.03395e-06
v -0.181686 -0.147443 0.361318
vn -0.999973 -0.00740759 -8.03395e-06
v -0.181744 -0.139522 0.36385
vn -0.999973 -0.00740759 -8.03395e-06
v -0.181744 -0.139522 0.36385
vn 0.999973 0.00740759 8.03395e-06
v -0.181686 -0.147443 0.361318
vn 0.999973 0.00740759 8.03395e-06
v -0.181719 -0.14277 0.347145
vn 0.999973 0.00740759 8.03395e-06
v -0.198236 -0.147565 0.361318
vn -0.00248585 0.336612 -0.94164
v -0.181744 -0.139522 0.36385
vn -0.00167719 0.227394 -0.973801
v -0.181686 -0.147443 0.361318
vn -0.00248585 0.336612 -0.94164
v -0.181686 -0.147443 0.361318
vn -0.0024901 0.337189 -0.941434
v -0.19818 -0.155167 0.357821
vn -0.00326793 0.442013 -0.897003
v -0.198236 -0.147565 0.361318
vn -0.0024901 0.337189 -0.941434
v -0.181628 -0.155044 0.357821
vn -0.00327214 0.442563 -0.896731
v -0.198128 -0.16235 0.353403
vn -0.00400618 0.541625 -0.840611
v -0.19818 -0.155167 0.357821
vn -0.00327214 0.442563 -0.896731
v -0.181591 -0.160101 0.336486
vn -0.999973 -0.00740814 -7.85627e-06
v -0.181628 -0.155044 0.357821
vn -0.999973 -0.00740814 -7.85627e-06
v -0.181632 -0.154713 0.340751
vn -0.999973 -0.00740814 -7.85627e-06
v -0.181632 -0.154713 0.340751
vn 0.999973 0.00740814 7.85627e-06
v -0.181628 -0.155044 0.357821
vn 0.999973 0.00740814 7.85627e-06
v -0.181591 -0.160101 0.336486
vn 0.999973 0.00740814 7.85627e-06
v -0.181632 -0.154713 0.340751
vn -0.999973 -0.00740797 -8.00582e-06
v -0.181686 -0.147443 0.361318
vn -0.999973 -0.00740797 -8.00582e-06
v -0.181674 -0.14891 0.344319
vn -0.999973 -0.00740797 -8.00582e-06
v -0.181674 -0.14891 0.344319
vn 0.999973 0.00740797 8.00582e-06
v -0.181686 -0.147443 0.361318
vn 0.999973 0.00740797 8.00582e-06
v -0.181632 -0.154713 0.340751
vn 0.999973 0.00740797 8.00582e-06
v -0.181526 -0.168899 0.348123
vn 0.999973 0.00740803 7.94105e-06
v -0.181134 -0.221915 0.319251
vn 0.704513 0.709691 3.38557e-05
v -0.181481 -0.174971 0.342051
vn 0.999973 0.00740803 7.94105e-06
v -0.181554 -0.165006 0.331581
vn -0.999973 -0.00740759 -8.11943e-06
v -0.181526 -0.168899 0.348123
vn -0.999973 -0.00740759 -8.11943e-06
v -0.181576 -0.162228 0.353403
vn -0.999973 -0.00740759 -8.11943e-06
v -0.181576 -0.162228 0.353403
vn 0.999973 0.00740759 8.11943e-06
v -0.181526 -0.168899 0.348123
vn 0.999973 0.00740759 8.11943e-06
v -0.181554 -0.165006 0.331581
vn 0.999973 0.00740759 8.11943e-06
v -0.198077 -0.169022 0.348123
vn -0.00469236 0.63414 -0.773204
v -0.181576 -0.162228 0.353403
vn -0.00401001 0.54214 -0.840279
v -0.181526 -0.168899 0.348123
vn -0.00469236 0.63414 -0.773204
v -0.181554 -0.165006 0.331581
vn -0.999973 -0.00740844 -7.98367e-06
v -0.181576 -0.162228 0.353403
vn -0.999973 -0.00740844 -7.98367e-06
v -0.181591 -0.160101 0.336486
vn -0.999973 -0.00740844 -7.98367e-06
v -0.181591 -0.160101 0.336486
vn 0.999973 0.00740844 7.98367e-06
v -0.181576 -0.162228 0.353403
vn 0.999973 0.00740844 7.98367e-06
v -0.181554 -0.165006 0.331581
vn 0.999973 0.00740844 7.98367e-06
v -0.181576 -0.162228 0.353403
vn -0.00400981 0.542139 -0.840279
v -0.198077 -0.169022 0.348123
vn -0.00469216 0.634139 -0.773204
v -0.198128 -0.16235 0.353403
vn -0.00400981 0.542139 -0.840279
v -0.181442 -0.180364 0.335263
vn 0.999973 0.00740769 8.88509e-06
v -0.181134 -0.221915 0.319251
vn 0.706078 0.708134 3.47515e-05
v -0.181406 -0.185007 0.327853
vn 0.999973 0.00740769 8.88509e-06
v -0.181378 -0.188839 0.319914
vn -0.00674322 0.910703 -0.413008
v -0.197958 -0.18513 0.327853
vn -0.00635129 0.857854 -0.513854
v -0.181406 -0.185007 0.327853
vn -0.00635129 0.857854 -0.513854
v -0.181488 -0.173974 0.318328
vn -0.999973 -0.00740794 -7.75596e-06
v -0.181378 -0.188839 0.319914
vn -0.999973 -0.00740794 -7.75596e-06
v -0.181406 -0.185007 0.327853
vn -0.999973 -0.00740794 -7.75596e-06
v -0.181406 -0.185007 0.327853
vn 0.999973 0.00740794 7.75596e-06
v -0.181378 -0.188839 0.319914
vn 0.999973 0.00740794 7.75596e-06
v -0.181488 -0.173974 0.318328
vn 0.999973 0.00740794 7.75596e-06
v -0.197958 -0.18513 0.327853
vn -0.00635129 0.857854 -0.513855
v -0.181378 -0.188839 0.319914
vn -0.00674322 0.910703 -0.413008
v -0.19793 -0.188962 0.319914
vn -0.00674322 0.910703 -0.413008
v -0.166622 0.053559 0.314781
vn -0.436175 -0.00319496 -0.899856
v -0.182853 0.010214 0.314779
vn -0.045738 -0.00892072 -0.998914
v -0.183173 0.053437 0.314781
vn 6.79891e-06 4.01697e-05 -1
v -0.183173 0.053437 0.314781
vn 6.71735e-06 3.96927e-05 -1
v -0.167084 0.11593 0.314783
vn -0.431444 -0.0031603 -0.902134
v -0.166622 0.053559 0.314781
vn -0.431444 -0.0031603 -0.902134
v -0.167118 0.12061 0.299754
vn -6.92781e-06 -4.02807e-05 1
v -0.183669 0.120392 0.299754
vn -6.92781e-06 -4.02807e-05 1
v -0.183564 0.106301 0.299753
vn -6.92781e-06 -4.02807e-05 1
v -0.183564 0.106301 0.299753
vn 6.92781e-06 4.02807e-05 -1
v -0.183669 0.120392 0.299754
vn 6.92781e-06 4.02807e-05 -1
v -0.167118 0.12061 0.299754
vn 6.92781e-06 4.02807e-05 -1
v -0.182853 0.010214 0.314779
vn 0.999973 0.00740784 5.11017e-06
v -0.182199 -0.078131 0.299746
vn 0.999973 0.00740784 5.11017e-06
v -0.183564 0.106301 0.299753
vn 0.999973 0.00740784 5.11017e-06
v 0.182795 -0.191186 0.30288
vn 0.999973 0.0074081 8.30388e-06
v 0.182694 -0.177568 0.30001
vn 0.999973 0.0074081 8.30388e-06
v 0.182779 -0.189114 0.311555
vn 0.999973 0.0074081 8.30388e-06
v 0.182694 -0.177568 0.30001
vn 0.00728707 -0.983336 0.181652
v 0.199502 -0.211735 0.0150333
vn 0.00739049 -0.997201 0.0744065
v 0.199245 -0.177445 0.30001
vn 0.00728707 -0.983336 0.181652
v 0.199245 -0.177445 0.30001
vn -0.999973 -0.00740762 -8.03424e-06
v 0.199207 -0.172151 0.342054
vn -0.999973 -0.00740762 -8.03424e-06
v 0.199234 -0.175788 0.30695
vn -0.999973 -0.00740762 -8.03424e-06
v 0.199192 -0.170292 0.320115
vn -0.999973 -0.00740806 -7.90372e-06
v 0.199207 -0.172151 0.342054
vn -0.999973 -0.00740806 -7.90372e-06
v 0.199161 -0.166079 0.348126
vn -0.999973 -0.00740806 -7.90372e-06
v 0.199192 -0.170292 0.320115
vn 0.00634915 -0.857569 0.51433
v 0.182613 -0.166664 0.326102
vn 0.00587323 -0.793474 0.608576
v 0.182641 -0.170415 0.320115
vn 0.00634915 -0.857569 0.51433
v 0.18261 -0.166202 0.348126
vn 0.999973 0.00740764 8.04528e-06
v 0.182649 -0.171545 0.317775
vn 0.999973 0.00740764 8.04528e-06
v 0.182641 -0.170415 0.320115
vn 0.999973 0.00740764 8.04528e-06
v 0.182655 -0.172274 0.342054
vn 0.999973 0.00740705 8.02186e-06
v 0.182649 -0.171545 0.317775
vn 0.999973 0.00740705 8.02186e-06
v 0.18261 -0.166202 0.348126
vn 0.999973 0.00740705 8.02186e-06
v 0.182655 -0.172274 0.342054
vn -0.00531944 0.718771 -0.695227
v 0.199246 -0.177544 0.335267
vn -0.00587051 0.793137 -0.609015
v 0.182694 -0.177666 0.335267
vn -0.00587051 0.793137 -0.609015
v 0.199281 -0.182187 0.327856
vn -0.00634869 0.857539 -0.51438
v 0.182694 -0.177666 0.335267
vn -0.00587326 0.79351 -0.608529
v 0.199246 -0.177544 0.335267
vn -0.00587326 0.79351 -0.608529
v 0.199245 -0.177445 0.30001
vn -0.999973 -0.00740785 -7.7553e-06
v 0.199309 -0.186019 0.319917
vn -0.999973 -0.00740785 -7.7553e-06
v 0.199281 -0.182187 0.327856
vn -0.999973 -0.00740785 -7.7553e-06
v 0.199346 -0.191063 0.30288
vn -0.00727064 0.981579 -0.19092
v 0.182779 -0.189114 0.311555
vn -0.00705082 0.95212 -0.305642
v 0.199331 -0.188991 0.311555
vn -0.00705082 0.95212 -0.305642
v 0.199245 -0.177445 0.30001
vn -0.999973 -0.00740799 -7.77105e-06
v 0.199346 -0.191063 0.30288
vn -0.999973 -0.00740799 -7.77105e-06
v 0.199331 -0.188991 0.311555
vn -0.999973 -0.00740799 -7.77105e-06
v -0.182853 0.010214 0.314779
vn 0.999973 0.00740789 6.80141e-06
v -0.183564 0.106301 0.299753
vn 0.999973 0.00740789 6.80141e-06
v -0.183173 0.053437 0.314781
vn 0.999973 0.00740789 6.80141e-06
v -0.183311 0.07201 0.350875
vn 0.0564825 0.000378285 0.998404
v -0.182853 0.010214 0.314779
vn 0.999973 0.00740774 8.36729e-06
v -0.183173 0.053437 0.314781
vn 0.999973 0.00740774 8.36729e-06
v -0.182853 0.010214 0.314779
vn 0.999973 0.00740791 5.19346e-06
v -0.181495 -0.173112 0.320113
vn 0.999973 0.00740791 5.19346e-06
v -0.181488 -0.173974 0.318328
vn 0.999973 0.00740791 5.19346e-06
v -0.198047 -0.173235 0.320113
vn 0.0063506 -0.857767 0.514
v -0.181476 -0.175691 0.314771
vn 0.00655808 -0.885714 0.464186
v -0.181488 -0.173974 0.318328
vn 0.00655808 -0.885714 0.464186
v -0.198023 -0.17633 0.3137
vn 0.00674465 -0.910931 0.412504
v -0.181453 -0.178608 0.306946
vn 0.00704929 -0.951951 0.306169
v -0.181471 -0.176208 0.3137
vn 0.00674465 -0.910931 0.412504
v -0.181453 -0.178608 0.306946
vn 0.999973 0.00740821 8.59478e-06
v -0.182199 -0.078131 0.299746
vn 0.999973 0.00740821 8.59478e-06
v -0.181471 -0.176208 0.3137
vn 0.999973 0.00740821 8.59478e-06
v -0.181471 -0.176208 0.3137
vn 0.00674315 -0.910727 0.412954
v -0.198047 -0.173235 0.320113
vn 0.00635081 -0.857824 0.513905
v -0.198023 -0.17633 0.3137
vn 0.00674315 -0.910727 0.412954
v -0.181341 -0.193883 0.302876
vn -0.00727107 0.981638 -0.190612
v -0.197908 -0.191934 0.311552
vn -0.00705014 0.952032 -0.305918
v -0.181341 -0.193773 0.303336
vn -0.00716912 0.967976 -0.250942
v -0.197908 -0.191934 0.311552
vn 0.999973 0.00740812 7.89824e-06
v -0.197994 -0.180388 0.300006
vn 0.999973 0.00740812 7.89824e-06
v -0.19793 -0.188962 0.319914
vn 0.999973 0.00740812 7.89824e-06
v -0.198005 -0.178731 0.306946
vn 0.00705038 -0.952071 0.305797
v -0.181447 -0.179576 0.302895
vn 0.00716907 -0.967976 0.250942
v -0.181453 -0.178608 0.306946
vn 0.00705038 -0.952071 0.305797
v -0.183635 0.115808 0.314783
vn -0.573325 -0.581454 -0.577243
v -0.183607 0.111944 0.327636
vn 0.00615012 -0.884824 -0.465885
v -0.183628 0.114718 0.321319
vn 0.00640312 -0.918999 -0.394209
v -0.183628 0.114718 0.321319
vn -0.00640312 0.918999 0.394209
v -0.183607 0.111944 0.327636
vn -0.00615012 0.884824 0.465885
v -0.183635 0.115808 0.314783
vn 0.573325 0.581454 0.577243
v -0.183635 0.115808 0.314783
vn -0.572609 -0.581805 -0.5776
v -0.183669 0.120392 0.299754
vn 0.999973 0.007408 7.99377e-06
v -0.183644 0.117022 0.314783
vn 0.330515 -0.461789 -0.82311
v -0.183644 0.117022 0.314783
vn -0.330515 0.461789 0.82311
v -0.183669 0.120392 0.299754
vn -0.999973 -0.007408 -7.99377e-06
v -0.183635 0.115808 0.314783
vn 0.572609 0.581805 0.5776
v -0.200179 0.114595 0.321319
vn 0.00681142 -0.91903 -0.394128
v -0.183644 0.117022 0.314783
vn 0.329409 -0.463215 -0.822752
v -0.183636 0.115808 0.318229
vn -0.44585 -0.880236 -0.162488
v -0.183636 0.115805 0.373169
vn 0.585696 -0.570945 -0.57531
v -0.183582 0.108716 0.333694
vn 0.0124429 -0.845004 -0.534615
v -0.183607 0.111944 0.327636
vn 0.0127369 -0.884758 -0.465876
v -0.200159 0.111821 0.327636
vn 0.00655863 -0.884899 -0.465738
v -0.183628 0.114718 0.321319
vn 0.00681057 -0.91893 -0.394361
v -0.183607 0.111944 0.327636
vn 0.00655863 -0.884899 -0.465738
v -0.183628 0.114718 0.321319
vn 0.00681057 -0.91893 -0.394361
v -0.200159 0.111821 0.327636
vn 0.00655863 -0.884899 -0.465738
v -0.200179 0.114595 0.321319
vn 0.00681057 -0.91893 -0.394361
v -0.181816 -0.129802 0.350427
vn -0.999973 -0.00740794 -8.20255e-06
v -0.181805 -0.131388 0.365383
vn -0.999973 -0.00740794 -8.20255e-06
v -0.181865 -0.123145 0.365896
vn -0.0047055 0.0286344 -0.999579
v -0.181865 -0.123145 0.365896
vn 0.0047055 -0.0286344 0.999579
v -0.181805 -0.131388 0.365383
vn 0.999973 0.00740794 8.20255e-06
v -0.181816 -0.129802 0.350427
vn 0.999973 0.00740794 8.20255e-06
v -0.198355 -0.13151 0.365383
vn -0.000836776 0.114013 -0.993479
v -0.181865 -0.123145 0.365896
vn -0.000206163 0.0288212 -0.999585
v -0.181805 -0.131388 0.365383
vn -0.000836776 0.114013 -0.993479
v -0.181869 -0.122748 0.350866
vn -0.107438 -0.0292985 0.99378
v -0.181865 -0.123145 0.365896
vn -0.107846 0.0277042 -0.993782
v -0.183336 0.075475 0.365905
vn -0.105847 -0.242132 -0.964452
v -0.183336 0.075475 0.365905
vn 0.105847 0.242132 0.964452
v -0.181865 -0.123145 0.365896
vn 0.107846 -0.0277042 0.993782
v -0.181869 -0.122748 0.350866
vn 0.107438 0.0292985 -0.99378
v -0.198417 -0.123267 0.365896
vn -0.000181549 0.0253883 -0.999678
v -0.183336 0.075475 0.365905
vn 0.00160388 -0.215578 -0.976485
v -0.181865 -0.123145 0.365896
vn -0.000181549 0.0253883 -0.999678
v -0.183636 0.115805 0.373169
vn 0.585789 -0.570898 -0.575263
v -0.183336 0.075475 0.365905
vn 0.00812631 -0.242694 -0.970069
v -0.183379 0.081162 0.362608
vn 0.0100732 -0.5056 -0.862709
v 0.179985 0.148693 0.320782
vn 0.00555071 -0.750018 0.661394
v 0.163403 0.15264 0.32621
vn 0.00592117 -0.799932 0.600062
v 0.163433 0.148571 0.320782
vn 0.00555071 -0.750018 0.661394
v 0.163463 0.144589 0.340011
vn 0.443966 0.758221 -0.477488
v 0.163433 0.148571 0.320782
vn 0.999973 0.00740803 8.05873e-06
v 0.163442 0.147266 0.345035
vn 0.443703 0.793727 -0.416083
v 0.163442 0.147266 0.345035
vn 0.440233 0.79517 -0.417013
v 0.180014 0.144712 0.340011
vn -0.451695 0.753123 -0.478306
v 0.163463 0.144589 0.340011
vn 0.440496 0.759733 -0.478299
v 0.179985 0.148693 0.320782
vn -0.999973 -0.00740802 -8.05832e-06
v 0.180014 0.144712 0.340011
vn -0.455142 0.75156 -0.477497
v 0.179994 0.147388 0.345036
vn -0.455405 0.787067 -0.416092
v -0.183173 0.053437 0.314781
vn 0.999973 0.0074084 8.66047e-06
v -0.183564 0.106301 0.299753
vn 0.999973 0.0074084 8.66047e-06
v -0.183535 0.102198 0.314783
vn 0.999973 0.0074084 8.66047e-06
v -0.183311 0.07201 0.350875
vn 0.0636928 0.000432978 0.997969
v -0.183173 0.053437 0.314781
vn 0.999973 0.00740893 7.73052e-06
v -0.183535 0.102198 0.314783
vn 0.999973 0.00740893 7.73052e-06
v -0.183533 0.101984 0.31539
vn -0.999973 -0.00740836 -7.9502e-06
v -0.183555 0.105056 0.339454
vn 0.0056766 -0.799986 -0.599992
v -0.183535 0.102198 0.314783
vn -0.999973 -0.00740836 -7.9502e-06
v -0.183535 0.102198 0.314783
vn 0.999973 0.00740836 7.9502e-06
v -0.183555 0.105056 0.339454
vn -0.0056766 0.799986 0.599992
v -0.183533 0.101984 0.31539
vn 0.999973 0.00740836 7.9502e-06
v -0.183635 0.115808 0.314783
vn -0.57374 -0.58125 -0.577036
v -0.183555 0.105056 0.339454
vn 0.00490221 -0.799991 -0.599992
v -0.183582 0.108716 0.333694
vn 0.00523524 -0.845073 -0.534625
v -0.183582 0.108716 0.333694
vn -0.00523524 0.845073 0.534625
v -0.183555 0.105056 0.339454
vn -0.00490221 0.799991 0.599992
v -0.183635 0.115808 0.314783
vn 0.57374 0.58125 0.577036
v -0.183635 0.115808 0.314783
vn -0.571263 -0.582464 -0.578269
v -0.183546 0.103895 0.309969
vn 0.999973 0.00740791 8.04569e-06
v -0.183557 0.105403 0.304403
vn 0.999973 0.00740791 8.04569e-06
v -0.183557 0.105403 0.304403
vn -0.999973 -0.00740791 -8.04569e-06
v -0.183546 0.103895 0.309969
vn -0.999973 -0.00740791 -8.04569e-06
v -0.183635 0.115808 0.314783
vn 0.571263 0.582464 0.578269
v -0.183535 0.102198 0.314783
vn 0.999973 0.00740775 7.93197e-06
v -0.183564 0.106301 0.299753
vn 0.999973 0.00740775 7.93197e-06
v -0.183546 0.103895 0.309969
vn 0.999973 0.00740775 7.93197e-06
v -0.183546 0.103895 0.309969
vn -0.00702065 0.947338 0.32016
v -0.200085 0.101862 0.315389
vn -0.00681131 0.919044 0.394096
v -0.183535 0.102198 0.314783
vn -0.00692096 0.933923 0.357408
v -0.183644 0.117022 0.314783
vn 0.329653 -0.460777 -0.824023
v -0.167109 0.11929 0.316027
vn -0.450195 0.44906 -0.771797
v -0.167093 0.117145 0.314783
vn -0.459103 0.212902 -0.862495
v -0.167118 0.12061 0.299754
vn -0.999973 -0.00740802 -8.06095e-06
v -0.167093 0.117145 0.314783
vn -0.46077 0.212307 -0.861752
v -0.167109 0.11929 0.316027
vn -0.451884 0.448672 -0.771034
v -0.181185 -0.214555 0.01503
vn -0.999973 -0.00740928 -7.77502e-06
v -0.181341 -0.193883 0.302876
vn -0.999973 -0.00740928 -7.77502e-06
v -0.181442 -0.180266 0.300006
vn -0.999973 -0.00740928 -7.77502e-06
v -0.181442 -0.180266 0.300006
vn 0.00727046 -0.981591 0.190855
v -0.198005 -0.178731 0.306946
vn 0.00705041 -0.952102 0.3057
v -0.197994 -0.180388 0.300006
vn 0.00727046 -0.981591 0.190855
v -0.198296 -0.139645 0.36385
vn -0.00167285 0.226798 -0.97394
v -0.181805 -0.131388 0.365383
vn -0.000841318 0.114621 -0.993409
v -0.181744 -0.139522 0.36385
vn -0.00167285 0.226798 -0.97394
v -0.181768 -0.136372 0.349189
vn -0.999973 -0.00740843 -7.84282e-06
v -0.181744 -0.139522 0.36385
vn -0.999973 -0.00740843 -7.84282e-06
v -0.181805 -0.131388 0.365383
vn -0.999973 -0.00740843 -7.84282e-06
v -0.181805 -0.131388 0.365383
vn 0.999973 0.00740843 7.84282e-06
v -0.181744 -0.139522 0.36385
vn 0.999973 0.00740843 7.84282e-06
v -0.181768 -0.136372 0.349189
vn 0.999973 0.00740843 7.84282e-06
v -0.181674 -0.14891 0.344319
vn -0.999973 -0.00740768 -8.03366e-06
v -0.181686 -0.147443 0.361318
vn -0.999973 -0.00740768 -8.03366e-06
v -0.181719 -0.14277 0.347145
vn -0.999973 -0.00740768 -8.03366e-06
v -0.181719 -0.14277 0.347145
vn 0.999973 0.00740768 8.03366e-06
v -0.181686 -0.147443 0.361318
vn 0.999973 0.00740768 8.03366e-06
v -0.181674 -0.14891 0.344319
vn 0.999973 0.00740768 8.03366e-06
v -0.181719 -0.14277 0.347145
vn -0.999973 -0.00740837 -7.87873e-06
v -0.181744 -0.139522 0.36385
vn -0.999973 -0.00740837 -7.87873e-06
v -0.181768 -0.136372 0.349189
vn -0.999973 -0.00740837 -7.87873e-06
v -0.181768 -0.136372 0.349189
vn 0.999973 0.00740837 7.87873e-06
v -0.181744 -0.139522 0.36385
vn 0.999973 0.00740837 7.87873e-06
v -0.181719 -0.14277 0.347145
vn 0.999973 0.00740837 7.87873e-06
v -0.181744 -0.139522 0.36385
vn -0.00167729 0.227394 -0.973801
v -0.198236 -0.147565 0.361318
vn -0.00248594 0.336612 -0.94164
v -0.198296 -0.139645 0.36385
vn -0.00167729 0.227394 -0.973801
v -0.19818 -0.155167 0.357821
vn 0.999973 0.00740774 8.09145e-06
v -0.198183 -0.154835 0.340751
vn 0.999973 0.00740774 8.09145e-06
v -0.198236 -0.147565 0.361318
vn 0.999973 0.00740774 8.09145e-06
v -0.198128 -0.16235 0.353403
vn 0.999973 0.00740774 8.15718e-06
v -0.198142 -0.160224 0.336486
vn 0.999973 0.00740774 8.15718e-06
v -0.19818 -0.155167 0.357821
vn 0.999973 0.00740774 8.15718e-06
v -0.181632 -0.154713 0.340751
vn 0.00400962 -0.54209 0.840311
v -0.198142 -0.160224 0.336486
vn 0.00469267 -0.634185 0.773167
v -0.181591 -0.160101 0.336486
vn 0.00469267 -0.634185 0.773167
v -0.181591 -0.160101 0.336486
vn 0.999973 0.00740796 8.52293e-06
v -0.182853 0.010214 0.314779
vn 0.999973 0.00740796 8.52293e-06
v -0.181632 -0.154713 0.340751
vn 0.999973 0.00740796 8.52293e-06
v -0.181632 -0.154713 0.340751
vn 0.999973 0.00740789 7.97181e-06
v -0.182853 0.010214 0.314779
vn 0.999973 0.00740789 7.97181e-06
v -0.181674 -0.14891 0.344319
vn 0.999973 0.00740789 7.97181e-06
v -0.181674 -0.14891 0.344319
vn 0.0032716 -0.44251 0.896758
v -0.198183 -0.154835 0.340751
vn 0.0040064 -0.541674 0.840579
v -0.181632 -0.154713 0.340751
vn 0.0040064 -0.541674 0.840579
v -0.181481 -0.174971 0.342051
vn 0.999973 0.00740801 7.97567e-06
v -0.181134 -0.221915 0.319251
vn 0.705397 0.708812 3.38619e-05
v -0.181442 -0.180364 0.335263
vn 0.999973 0.00740801 7.97567e-06
v -0.181488 -0.173974 0.318328
vn -0.999973 -0.00740793 -8.04834e-06
v -0.181481 -0.174971 0.342051
vn -0.999973 -0.00740793 -8.04834e-06
v -0.181526 -0.168899 0.348123
vn -0.999973 -0.00740793 -8.04834e-06
v -0.181526 -0.168899 0.348123
vn 0.999973 0.00740793 8.04834e-06
v -0.181481 -0.174971 0.342051
vn 0.999973 0.00740793 8.04834e-06
v -0.181488 -0.173974 0.318328
vn 0.999973 0.00740793 8.04834e-06
v -0.198032 -0.175094 0.342049
vn -0.00531628 0.718344 -0.695668
v -0.181526 -0.168899 0.348123
vn -0.00469564 0.634613 -0.772816
v -0.181481 -0.174971 0.342051
vn -0.00531628 0.718344 -0.695668
v -0.181523 -0.169362 0.326099
vn -0.999973 -0.00740766 -8.07434e-06
v -0.181526 -0.168899 0.348123
vn -0.999973 -0.00740766 -8.07434e-06
v -0.181554 -0.165006 0.331581
vn -0.999973 -0.00740766 -8.07434e-06
v -0.181554 -0.165006 0.331581
vn 0.999973 0.00740766 8.07434e-06
v -0.181526 -0.168899 0.348123
vn 0.999973 0.00740766 8.07434e-06
v -0.181523 -0.169362 0.326099
vn 0.999973 0.00740766 8.07434e-06
v -0.181526 -0.168899 0.348123
vn -0.00469588 0.634613 -0.772816
v -0.198032 -0.175094 0.342049
vn -0.00531652 0.718345 -0.695667
v -0.198077 -0.169022 0.348123
vn -0.00469588 0.634613 -0.772816
v -0.181554 -0.165006 0.331581
vn 0.999973 0.00740837 1.21649e-05
v -0.182853 0.010214 0.314779
vn 0.999973 0.00740837 1.21649e-05
v -0.181591 -0.160101 0.336486
vn 0.999973 0.00740837 1.21649e-05
v -0.181591 -0.160101 0.336486
vn 0.00469552 -0.634568 0.772853
v -0.198106 -0.165129 0.331581
vn 0.00531679 -0.718385 0.695625
v -0.181554 -0.165006 0.331581
vn 0.00531679 -0.718385 0.695625
v -0.198077 -0.169022 0.348123
vn 0.999973 0.00740837 8.0096e-06
v -0.198106 -0.165129 0.331581
vn 0.999973 0.00740837 8.0096e-06
v -0.198128 -0.16235 0.353403
vn 0.999973 0.00740837 8.0096e-06
v -0.181488 -0.173974 0.318328
vn -0.999973 -0.00740827 -8.17738e-06
v -0.181406 -0.185007 0.327853
vn -0.999973 -0.00740827 -8.17738e-06
v -0.181442 -0.180364 0.335263
vn -0.999973 -0.00740827 -8.17738e-06
v -0.181442 -0.180364 0.335263
vn 0.999973 0.00740827 8.17738e-06
v -0.181406 -0.185007 0.327853
vn 0.999973 0.00740827 8.17738e-06
v -0.181488 -0.173974 0.318328
vn 0.999973 0.00740827 8.17738e-06
v -0.181406 -0.185007 0.327853
vn -0.00634895 0.857538 -0.514381
v -0.197993 -0.180487 0.335263
vn -0.00587352 0.79351 -0.608529
v -0.181442 -0.180364 0.335263
vn -0.00587352 0.79351 -0.608529
v -0.197993 -0.180487 0.335263
vn -0.00587352 0.79351 -0.608529
v -0.181406 -0.185007 0.327853
vn -0.00634895 0.857538 -0.514381
v -0.197958 -0.18513 0.327853
vn -0.00634895 0.857538 -0.514381
v -0.19793 -0.188962 0.319914
vn 0.999973 0.00740857 8.09056e-06
v -0.197994 -0.180388 0.300006
vn 0.999973 0.00740857 8.09056e-06
v -0.197958 -0.18513 0.327853
vn 0.999973 0.00740857 8.09056e-06
v -0.183669 0.120392 0.299754
vn -6.99956e-06 -3.99975e-05 1
v -0.167118 0.12061 0.299754
vn -6.99956e-06 -3.99975e-05 1
v -0.18367 0.120488 0.299754
vn -6.99956e-06 -3.99975e-05 1
v -0.18367 0.120488 0.299754
vn 6.99956e-06 3.99975e-05 -1
v -0.167118 0.12061 0.299754
vn 6.99956e-06 3.99975e-05 -1
v -0.183669 0.120392 0.299754
vn 6.99956e-06 3.99975e-05 -1
v -0.183669 0.120392 0.299754
vn -0.999973 -0.00740798 -7.93521e-06
v -0.183566 0.106557 0.29843
vn -0.999973 -0.00740798 -7.93521e-06
v -0.183564 0.106301 0.299753
vn -0.999973 -0.00740798 -7.93521e-06
v -0.183635 0.115808 0.314783
vn -0.567878 -0.58411 -0.579939
v -0.183564 0.106301 0.299753
vn 0.999973 0.00740779 7.84625e-06
v -0.183669 0.120392 0.299754
vn 0.999973 0.00740779 7.84625e-06
v -0.183669 0.120392 0.299754
vn -0.999973 -0.00740779 -7.84625e-06
v -0.183564 0.106301 0.299753
vn -0.999973 -0.00740779 -7.84625e-06
v -0.183635 0.115808 0.314783
vn 0.567878 0.58411 0.579939
v 0.182795 -0.191186 0.30288
vn 0.999973 0.00740921 7.78387e-06
v 0.18295 -0.211857 0.0150333
vn 0.999973 0.00740921 7.78387e-06
v 0.182694 -0.177568 0.30001
vn 0.999973 0.00740921 7.78387e-06
v 0.182779 -0.189114 0.311555
vn -0.00705083 0.95212 -0.305642
v 0.199346 -0.191063 0.30288
vn -0.00727065 0.981579 -0.19092
v 0.182795 -0.191186 0.30288
vn -0.00727065 0.981579 -0.19092
v 0.199502 -0.211735 0.0150333
vn 0.00738163 -0.997201 0.0744064
v 0.182694 -0.177568 0.30001
vn 0.00727821 -0.983336 0.181651
v 0.18295 -0.211857 0.0150333
vn 0.00738163 -0.997201 0.0744064
v 0.199502 -0.211735 0.0150333
vn -0.999973 -0.00740931 -8.24803e-06
v 0.199346 -0.191063 0.30288
vn -0.999973 -0.00740931 -8.24803e-06
v 0.199245 -0.177445 0.30001
vn -0.999973 -0.00740931 -8.24803e-06
v 0.199245 -0.177445 0.30001
vn -0.999973 -0.00740811 -7.88929e-06
v 0.199246 -0.177544 0.335267
vn -0.999973 -0.00740811 -7.88929e-06
v 0.199207 -0.172151 0.342054
vn -0.999973 -0.00740811 -7.88929e-06
v 0.182655 -0.172274 0.342054
vn -0.00531651 0.718344 -0.695668
v 0.199161 -0.166079 0.348126
vn -0.00469587 0.634613 -0.772816
v 0.199207 -0.172151 0.342054
vn -0.00531651 0.718344 -0.695668
v 0.199192 -0.170292 0.320115
vn -0.999973 -0.00740725 -8.07403e-06
v 0.199161 -0.166079 0.348126
vn -0.999973 -0.00740725 -8.07403e-06
v 0.199165 -0.166542 0.326102
vn -0.999973 -0.00740725 -8.07403e-06
v 0.182613 -0.166664 0.326102
vn 0.00587302 -0.793474 0.608575
v 0.199192 -0.170292 0.320115
vn 0.00634893 -0.857569 0.51433
v 0.199165 -0.166542 0.326102
vn 0.00587302 -0.793474 0.608575
v 0.18261 -0.166202 0.348126
vn 0.999973 0.00740825 7.91013e-06
v 0.182641 -0.170415 0.320115
vn 0.999973 0.00740825 7.91013e-06
v 0.182613 -0.166664 0.326102
vn 0.999973 0.00740825 7.91013e-06
v 0.199161 -0.166079 0.348126
vn -0.00469587 0.634613 -0.772816
v 0.182655 -0.172274 0.342054
vn -0.00531652 0.718344 -0.695668
v 0.18261 -0.166202 0.348126
vn -0.00469587 0.634613 -0.772816
v 0.199246 -0.177544 0.335267
vn -0.00587075 0.793137 -0.609015
v 0.182655 -0.172274 0.342054
vn -0.00531968 0.71877 -0.695227
v 0.199207 -0.172151 0.342054
vn -0.00531968 0.71877 -0.695227
v 0.199245 -0.177445 0.30001
vn -0.999973 -0.00740884 -7.90676e-06
v 0.199281 -0.182187 0.327856
vn -0.999973 -0.00740884 -7.90676e-06
v 0.199246 -0.177544 0.335267
vn -0.999973 -0.00740884 -7.90676e-06
v -0.181869 -0.122748 0.350866
vn 0.24724 -0.0259502 0.968607
v -0.182853 0.010214 0.314779
vn 0.999973 0.00740715 9.18946e-06
v -0.183311 0.07201 0.350875
vn 0.247035 0.00179035 0.969005
v -0.181495 -0.173112 0.320113
vn 0.999973 0.00740801 9.22053e-06
v -0.182853 0.010214 0.314779
vn 0.999973 0.00740801 9.22053e-06
v -0.181523 -0.169362 0.326099
vn 0.999973 0.00740801 9.22053e-06
v -0.181488 -0.173974 0.318328
vn -0.999973 -0.00740756 -8.08481e-06
v -0.181526 -0.168899 0.348123
vn -0.999973 -0.00740756 -8.08481e-06
v -0.181495 -0.173112 0.320113
vn -0.999973 -0.00740756 -8.08481e-06
v -0.181495 -0.173112 0.320113
vn 0.999973 0.00740756 8.08481e-06
v -0.181526 -0.168899 0.348123
vn 0.999973 0.00740756 8.08481e-06
v -0.181488 -0.173974 0.318328
vn 0.999973 0.00740756 8.08481e-06
v -0.198047 -0.173235 0.320113
vn 0.00635029 -0.857732 0.514058
v -0.181488 -0.173974 0.318328
vn 0.00655803 -0.885714 0.464186
v -0.181495 -0.173112 0.320113
vn 0.00635029 -0.857732 0.514058
v -0.181453 -0.178608 0.306946
vn 0.00704954 -0.951951 0.30617
v -0.198023 -0.17633 0.3137
vn 0.0067449 -0.910931 0.412504
v -0.198005 -0.178731 0.306946
vn 0.00704954 -0.951951 0.30617
v -0.197908 -0.191934 0.311552
vn -0.00705082 0.95212 -0.305642
v -0.181341 -0.193883 0.302876
vn -0.00727065 0.981579 -0.19092
v -0.197893 -0.194006 0.302876
vn -0.00727065 0.981579 -0.19092
v -0.197893 -0.194006 0.302876
vn 0.999973 0.00740799 7.771e-06
v -0.197994 -0.180388 0.300006
vn 0.999973 0.00740799 7.771e-06
v -0.197908 -0.191934 0.311552
vn 0.999973 0.00740799 7.771e-06
v -0.183635 0.115808 0.314783
vn -0.573491 -0.581373 -0.577161
v -0.183582 0.108716 0.333694
vn 0.00560832 -0.845071 -0.534625
v -0.183607 0.111944 0.327636
vn 0.00590229 -0.884826 -0.465885
v -0.183607 0.111944 0.327636
vn -0.00590229 0.884826 0.465885
v -0.183582 0.108716 0.333694
vn -0.00560832 0.845071 0.534625
v -0.183635 0.115808 0.314783
vn 0.573491 0.581373 0.577161
v -0.183644 0.117022 0.314783
vn 0.330077 -0.461867 -0.823242
v -0.183669 0.120392 0.299754
vn 0.999973 0.00740827 8.06442e-06
v -0.183657 0.118841 0.308071
vn 0.999973 0.00740827 8.06442e-06
v -0.183657 0.118841 0.308071
vn -0.999973 -0.00740827 -8.06442e-06
v -0.183669 0.120392 0.299754
vn -0.999973 -0.00740827 -8.06442e-06
v -0.183644 0.117022 0.314783
vn -0.330077 0.461867 0.823242
v -0.183644 0.117022 0.314783
vn 0.328946 -0.464396 -0.822272
v -0.200179 0.114595 0.321319
vn 0.00681154 -0.919061 -0.394056
v -0.200196 0.116899 0.314783
vn 0.00702066 -0.947324 -0.320201
v -0.183636 0.115805 0.373169
vn 0.586052 -0.570762 -0.575129
v -0.183555 0.105056 0.339454
vn 0.0126516 -0.799916 -0.599978
v -0.183582 0.108716 0.333694
vn 0.0129846 -0.844997 -0.534613
v -0.200135 0.108594 0.333694
vn 0.00626452 -0.845155 -0.534485
v -0.183607 0.111944 0.327636
vn 0.00655726 -0.884744 -0.466032
v -0.183582 0.108716 0.333694
vn 0.00626452 -0.845155 -0.534485
v -0.183607 0.111944 0.327636
vn 0.00655748 -0.884744 -0.466032
v -0.200135 0.108594 0.333694
vn 0.00626474 -0.845155 -0.534485
v -0.200159 0.111821 0.327636
vn 0.00655748 -0.884744 -0.466032
v -0.200159 0.111821 0.327636
vn 0.999973 0.00740252 7.31371e-06
v -0.200442 0.150417 0.0150463
vn 0.999973 0.00740252 7.31371e-06
v -0.200179 0.114595 0.321319
vn 0.999973 0.00740252 7.31371e-06
v -0.181768 -0.136372 0.349189
vn -0.999973 -0.00740759 -8.12293e-06
v -0.181805 -0.131388 0.365383
vn -0.999973 -0.00740759 -8.12293e-06
v -0.181816 -0.129802 0.350427
vn -0.999973 -0.00740759 -8.12293e-06
v -0.181816 -0.129802 0.350427
vn 0.999973 0.00740759 8.12293e-06
v -0.181805 -0.131388 0.365383
vn 0.999973 0.00740759 8.12293e-06
v -0.181768 -0.136372 0.349189
vn 0.999973 0.00740759 8.12293e-06
v -0.181816 -0.129802 0.350427
vn -0.999973 -0.0074084 -7.96183e-06
v -0.181865 -0.123145 0.365896
vn -0.00405654 0.0286388 -0.999582
v -0.181869 -0.122748 0.350866
vn -0.00364655 -0.0286967 0.999582
v -0.181869 -0.122748 0.350866
vn 0.00364655 0.0286967 -0.999582
v -0.181865 -0.123145 0.365896
vn 0.00405654 -0.0286388 0.999582
v -0.181816 -0.129802 0.350427
vn 0.999973 0.0074084 7.96183e-06
v -0.181865 -0.123145 0.365896
vn -0.000206163 0.0288212 -0.999585
v -0.198355 -0.13151 0.365383
vn -0.000836777 0.114013 -0.993479
v -0.198417 -0.123267 0.365896
vn -0.000206163 0.0288212 -0.999585
v -0.181805 -0.131388 0.365383
vn -0.000841262 0.114621 -0.993409
v -0.198296 -0.139645 0.36385
vn -0.0016728 0.226798 -0.97394
v -0.198355 -0.13151 0.365383
vn -0.000841262 0.114621 -0.993409
v -0.181869 -0.122748 0.350866
vn -0.105368 -0.0292894 0.994002
v -0.183336 0.075475 0.365905
vn -0.103776 -0.24217 -0.964668
v -0.183311 0.07201 0.350875
vn -0.105579 -0.000821437 0.994411
v -0.183311 0.07201 0.350875
vn 0.105579 0.000821437 -0.994411
v -0.183336 0.075475 0.365905
vn 0.103776 0.24217 0.964668
v -0.181869 -0.122748 0.350866
vn 0.105368 0.0292894 -0.994002
v -0.183336 0.075475 0.365905
vn 0.00160387 -0.215577 -0.976486
v -0.198417 -0.123267 0.365896
vn -0.000181548 0.0253882 -0.999678
v -0.199888 0.075352 0.365905
vn 6.16347e-06 4.00317e-05 -1
v -0.183379 0.081162 0.362608
vn -0.000131068 0.50568 0.862721
v -0.183336 0.075475 0.365905
vn 0.00181592 0.24277 0.970082
v -0.183361 0.078657 0.3465
vn 0.999973 0.00740785 7.85908e-06
v -0.199888 0.075352 0.365905
vn 0.00349601 -0.471003 -0.882125
v -0.183379 0.081162 0.362608
vn 0.00375195 -0.505513 -0.862811
v -0.183336 0.075475 0.365905
vn 0.00181332 -0.243731 -0.969841
v -0.183636 0.115805 0.373169
vn 0.586118 -0.570728 -0.575096
v -0.183379 0.081162 0.362608
vn 0.0105737 -0.505594 -0.862706
v -0.183418 0.086589 0.358834
vn 0.0110687 -0.572448 -0.819866
v 0.163403 0.15264 0.32621
vn 0.00592136 -0.799931 0.600062
v 0.179985 0.148693 0.320782
vn 0.0055509 -0.750018 0.661394
v 0.179955 0.152763 0.32621
vn 0.00592136 -0.799931 0.600062
v 0.163427 0.149566 0.350274
vn 0.444724 0.823682 -0.351808
v 0.163433 0.148571 0.320782
vn 0.999973 0.00740791 7.91164e-06
v 0.163403 0.15264 0.32621
vn 0.999973 0.00740791 7.91164e-06
v 0.163442 0.147266 0.345035
vn 0.443446 0.793839 -0.416144
v 0.163433 0.148571 0.320782
vn 0.999973 0.00740695 7.98835e-06
v 0.163427 0.149566 0.350274
vn 0.443218 0.824366 -0.352107
v 0.180014 0.144712 0.340011
vn -0.451694 0.753124 -0.478306
v 0.163442 0.147266 0.345035
vn 0.440233 0.79517 -0.417012
v 0.179994 0.147388 0.345036
vn -0.451957 0.788561 -0.41702
v 0.179985 0.148693 0.320782
vn -0.999973 -0.00740783 -8.03993e-06
v 0.179994 0.147388 0.345036
vn -0.455151 0.787182 -0.416151
v 0.179977 0.149689 0.350274
vn -0.455378 0.817708 -0.352113
v -0.183311 0.07201 0.350875
vn 0.00143991 -2.91682e-05 0.999999
v -0.183535 0.102198 0.314783
vn 0.999973 0.00740811 8.07519e-06
v -0.183326 0.074155 0.349632
vn 0.999973 0.00740811 8.07519e-06
v -0.183533 0.101984 0.31539
vn -0.999973 -0.00740791 -8.02212e-06
v -0.183526 0.100987 0.344883
vn 0.0014039 -0.749879 -0.661573
v -0.183555 0.105056 0.339454
vn 0.00177488 -0.800008 -0.599987
v -0.183555 0.105056 0.339454
vn -0.00177488 0.800008 0.599987
v -0.183526 0.100987 0.344883
vn -0.0014039 0.749879 0.661573
v -0.183533 0.101984 0.31539
vn 0.999973 0.00740791 8.02212e-06
v -0.183516 0.099684 0.320629
vn 0.999973 0.00740791 7.96236e-06
v -0.183535 0.102198 0.314783
vn 0.999973 0.00740791 7.96236e-06
v -0.183533 0.101984 0.31539
vn 0.999973 0.00740791 7.96236e-06
v -0.183535 0.102198 0.314783
vn -0.00692099 0.933923 0.357408
v -0.200085 0.101862 0.315389
vn -0.00681102 0.919002 0.394194
v -0.183533 0.101984 0.31539
vn -0.00681102 0.919002 0.394194
v -0.200107 0.104934 0.339454
vn 0.00593157 -0.800083 -0.599859
v -0.183582 0.108716 0.333694
vn 0.0062632 -0.844977 -0.534766
v -0.183555 0.105056 0.339454
vn 0.00593157 -0.800083 -0.599859
v -0.183546 0.103895 0.309969
vn 0.999973 0.00740789 7.97241e-06
v -0.183564 0.106301 0.299753
vn 0.999973 0.00740789 7.97241e-06
v -0.183557 0.105403 0.304403
vn 0.999973 0.00740789 7.97241e-06
v -0.183557 0.105403 0.304403
vn -0.0071858 0.96975 0.243996
v -0.200098 0.103772 0.309969
vn -0.00702137 0.947421 0.319913
v -0.183546 0.103895 0.309969
vn -0.00702137 0.947421 0.319913
v -0.183635 0.115808 0.314783
vn -0.57165 -0.582275 -0.578077
v -0.183557 0.105403 0.304403
vn 0.999973 0.00740811 7.83723e-06
v -0.183564 0.106301 0.299753
vn 0.999973 0.00740811 7.83723e-06
v -0.183564 0.106301 0.299753
vn -0.999973 -0.00740811 -7.83723e-06
v -0.183557 0.105403 0.304403
vn -0.999973 -0.00740811 -7.83723e-06
v -0.183635 0.115808 0.314783
vn 0.57165 0.582275 0.578077
v -0.200085 0.101862 0.315389
vn -0.00681145 0.91905 0.394081
v -0.183546 0.103895 0.309969
vn -0.00702071 0.947333 0.320174
v -0.200098 0.103772 0.309969
vn -0.00702071 0.947333 0.320174
v -0.167109 0.11929 0.316027
vn -0.450195 0.44906 -0.771797
v -0.183644 0.117022 0.314783
vn 0.329653 -0.460777 -0.824023
v -0.18366 0.119167 0.316027
vn 0.443504 0.45568 -0.77179
v -0.167118 0.12061 0.299754
vn -0.999973 -0.0074077 -8.09689e-06
v -0.167109 0.11929 0.316027
vn -0.453063 0.448364 -0.770522
v -0.167141 0.123791 0.319159
vn -0.453508 0.508073 -0.732252
v -0.181341 -0.193883 0.302876
vn -0.999973 -0.00740865 -7.81771e-06
v -0.181185 -0.214555 0.01503
vn -0.999973 -0.00740865 -7.81771e-06
v -0.181068 -0.230326 0
vn -0.999973 -0.00740865 -7.81771e-06
v -0.197994 -0.180388 0.300006
vn 0.00727821 -0.983336 0.181651
v -0.181185 -0.214555 0.01503
vn 0.00738163 -0.997201 0.0744064
v -0.181442 -0.180266 0.300006
vn 0.00727821 -0.983336 0.181651
v -0.198032 -0.175094 0.342049
vn 0.999973 0.00740762 8.03422e-06
v -0.197994 -0.180388 0.300006
vn 0.999973 0.00740762 8.03422e-06
v -0.198005 -0.178731 0.306946
vn 0.999973 0.00740762 8.03422e-06
v -0.181674 -0.14891 0.344319
vn 0.999973 0.0074074 5.04354e-06
v -0.182853 0.010214 0.314779
vn 0.999973 0.0074074 5.04354e-06
v -0.181719 -0.14277 0.347145
vn 0.999973 0.0074074 5.04354e-06
v -0.181719 -0.14277 0.347145
vn 0.00248981 -0.337134 0.941453
v -0.198225 -0.149033 0.344319
vn 0.00326843 -0.442066 0.896977
v -0.181674 -0.14891 0.344319
vn 0.00326843 -0.442066 0.896977
v -0.181719 -0.14277 0.347145
vn 0.999973 0.00740868 1.15613e-05
v -0.182853 0.010214 0.314779
vn 0.999973 0.00740868 1.15613e-05
v -0.181768 -0.136372 0.349189
vn 0.999973 0.00740868 1.15613e-05
v -0.181768 -0.136372 0.349189
vn 0.00167677 -0.227337 0.973815
v -0.198271 -0.142892 0.347145
vn 0.00248626 -0.336667 0.941621
v -0.181719 -0.14277 0.347145
vn 0.00248626 -0.336667 0.941621
v -0.198236 -0.147565 0.361318
vn 0.999973 0.0074082 7.90635e-06
v -0.198271 -0.142892 0.347145
vn 0.999973 0.0074082 7.90635e-06
v -0.198296 -0.139645 0.36385
vn 0.999973 0.0074082 7.90635e-06
v -0.19818 -0.155167 0.357821
vn 0.999973 0.00740798 8.06882e-06
v -0.198142 -0.160224 0.336486
vn 0.999973 0.00740798 8.06882e-06
v -0.198183 -0.154835 0.340751
vn 0.999973 0.00740798 8.06882e-06
v -0.198236 -0.147565 0.361318
vn 0.999973 0.00740798 8.00029e-06
v -0.198183 -0.154835 0.340751
vn 0.999973 0.00740798 8.00029e-06
v -0.198225 -0.149033 0.344319
vn 0.999973 0.00740798 8.00029e-06
v -0.198128 -0.16235 0.353403
vn 0.999973 0.00740765 8.09108e-06
v -0.198106 -0.165129 0.331581
vn 0.999973 0.00740765 8.09108e-06
v -0.198142 -0.160224 0.336486
vn 0.999973 0.00740765 8.09108e-06
v -0.198142 -0.160224 0.336486
vn 0.00469252 -0.634185 0.773167
v -0.181632 -0.154713 0.340751
vn 0.00400947 -0.54209 0.840311
v -0.198183 -0.154835 0.340751
vn 0.00400947 -0.54209 0.840311
v -0.198106 -0.165129 0.331581
vn 0.00531679 -0.718385 0.695625
v -0.181591 -0.160101 0.336486
vn 0.00469551 -0.634568 0.772853
v -0.198142 -0.160224 0.336486
vn 0.00469551 -0.634568 0.772853
v -0.198183 -0.154835 0.340751
vn 0.00400653 -0.541674 0.840579
v -0.181674 -0.14891 0.344319
vn 0.00327173 -0.44251 0.896758
v -0.198225 -0.149033 0.344319
vn 0.00327173 -0.44251 0.896758
v -0.181488 -0.173974 0.318328
vn -0.999973 -0.00740794 -8.04355e-06
v -0.181442 -0.180364 0.335263
vn -0.999973 -0.00740794 -8.04355e-06
v -0.181481 -0.174971 0.342051
vn -0.999973 -0.00740794 -8.04355e-06
v -0.181481 -0.174971 0.342051
vn 0.999973 0.00740794 8.04355e-06
v -0.181442 -0.180364 0.335263
vn 0.999973 0.00740794 8.04355e-06
v -0.181488 -0.173974 0.318328
vn 0.999973 0.00740794 8.04355e-06
v -0.181442 -0.180364 0.335263
vn -0.00587055 0.793137 -0.609015
v -0.198032 -0.175094 0.342049
vn -0.00531947 0.718771 -0.695227
v -0.181481 -0.174971 0.342051
vn -0.00531947 0.718771 -0.695227
v -0.181495 -0.173112 0.320113
vn -0.999973 -0.00740805 -8.05588e-06
v -0.181526 -0.168899 0.348123
vn -0.999973 -0.00740805 -8.05588e-06
v -0.181523 -0.169362 0.326099
vn -0.999973 -0.00740805 -8.05588e-06
v -0.181523 -0.169362 0.326099
vn 0.999973 0.00740805 8.05588e-06
v -0.181526 -0.168899 0.348123
vn 0.999973 0.00740805 8.05588e-06
v -0.181495 -0.173112 0.320113
vn 0.999973 0.00740805 8.05588e-06
v -0.181523 -0.169362 0.326099
vn 0.999973 0.00740782 5.87534e-06
v -0.182853 0.010214 0.314779
vn 0.999973 0.00740782 5.87534e-06
v -0.181554 -0.165006 0.331581
vn 0.999973 0.00740782 5.87534e-06
v -0.198106 -0.165129 0.331581
vn 0.00531936 -0.71873 0.695269
v -0.181523 -0.169362 0.326099
vn 0.00587099 -0.793173 0.608969
v -0.181554 -0.165006 0.331581
vn 0.00531936 -0.71873 0.695269
v -0.198032 -0.175094 0.342049
vn 0.999973 0.00740806 7.90375e-06
v -0.198047 -0.173235 0.320113
vn 0.999973 0.00740806 7.90375e-06
v -0.198077 -0.169022 0.348123
vn 0.999973 0.00740806 7.90375e-06
v -0.198077 -0.169022 0.348123
vn 0.999973 0.00740786 7.90371e-06
v -0.198075 -0.169485 0.326099
vn 0.999973 0.00740786 7.90371e-06
v -0.198106 -0.165129 0.331581
vn 0.999973 0.00740786 7.90371e-06
v -0.198032 -0.175094 0.342049
vn -0.00531968 0.71877 -0.695227
v -0.181442 -0.180364 0.335263
vn -0.00587075 0.793137 -0.609015
v -0.197993 -0.180487 0.335263
vn -0.00587075 0.793137 -0.609015
v -0.197958 -0.18513 0.327853
vn 0.999973 0.00740757 7.90291e-06
v -0.197994 -0.180388 0.300006
vn 0.999973 0.00740757 7.90291e-06
v -0.197993 -0.180487 0.335263
vn 0.999973 0.00740757 7.90291e-06
v -0.16716 0.126297 0.303051
vn 0.0037389 -0.505582 0.862771
v -0.18367 0.120488 0.299754
vn 0.00348295 -0.471075 0.882087
v -0.167118 0.12061 0.299754
vn 0.00348295 -0.471075 0.882087
v -0.183693 0.123668 0.319158
vn 0.443752 0.515348 -0.733144
v -0.183669 0.120392 0.299754
vn 0.999973 0.0074082 7.96514e-06
v -0.18367 0.120488 0.299754
vn 0.999973 0.0074082 7.96514e-06
v -0.183566 0.106557 0.29843
vn -0.999973 -0.00740361 -7.13435e-06
v -0.183669 0.120392 0.299754
vn -0.999973 -0.00740361 -7.13435e-06
v -0.183891 0.15054 0.0150463
vn -0.999973 -0.00740361 -7.13435e-06
v -0.183566 0.106557 0.29843
vn -0.00727987 0.982578 0.185707
v -0.200109 0.105281 0.304403
vn -0.00718594 0.969791 0.243832
v -0.183564 0.106301 0.299753
vn -0.0072519 0.9787 0.205165
v 0.18295 -0.211857 0.0150333
vn 0.999973 0.00740858 7.82704e-06
v 0.182795 -0.191186 0.30288
vn 0.999973 0.00740858 7.82704e-06
v 0.183068 -0.227629 3.23509e-06
vn 0.999973 0.00740858 7.82704e-06
v 0.19962 -0.227506 3.23509e-06
vn -0.00734793 0.99155 -0.129517
v 0.182795 -0.191186 0.30288
vn -0.00728805 0.983424 -0.181176
v 0.199346 -0.191063 0.30288
vn -0.00728805 0.983424 -0.181176
v 0.18295 -0.211857 0.0150333
vn 0.00739195 -0.997904 0.0642956
v 0.199502 -0.211734 4.33502e-06
vn 0.00740766 -0.999973 -4.02967e-05
v 0.199502 -0.211735 0.0150333
vn 0.00739195 -0.997904 0.0642956
v 0.199346 -0.191063 0.30288
vn -0.999973 -0.00740817 -8.35525e-06
v 0.199502 -0.211735 0.0150333
vn -0.999973 -0.00740817 -8.35525e-06
v 0.19962 -0.227506 3.23509e-06
vn -0.999973 -0.00740817 -8.35525e-06
v 0.199165 -0.166542 0.326102
vn -0.999973 -0.00740846 -8.0562e-06
v 0.199161 -0.166079 0.348126
vn -0.999973 -0.00740846 -8.0562e-06
v 0.199133 -0.162186 0.331584
vn -0.999973 -0.00740846 -8.0562e-06
v 0.199165 -0.166542 0.326102
vn 0.00587079 -0.793173 0.608969
v 0.182581 -0.162308 0.331584
vn 0.00531916 -0.71873 0.695269
v 0.182613 -0.166664 0.326102
vn 0.00587079 -0.793173 0.608969
v 0.18261 -0.166202 0.348126
vn 0.999973 0.00740786 7.90496e-06
v 0.182613 -0.166664 0.326102
vn 0.999973 0.00740786 7.90496e-06
v 0.182581 -0.162308 0.331584
vn 0.999973 0.00740786 7.90496e-06
v 0.18261 -0.166202 0.348126
vn -0.00469235 0.63414 -0.773204
v 0.199111 -0.159407 0.353406
vn -0.00401001 0.542139 -0.840279
v 0.199161 -0.166079 0.348126
vn -0.00469235 0.63414 -0.773204
v -0.181816 -0.129802 0.350427
vn 0.999973 0.00740894 1.2049e-05
v -0.182853 0.010214 0.314779
vn 0.999973 0.00740894 1.2049e-05
v -0.181869 -0.122748 0.350866
vn 0.0115514 -0.028581 0.999525
v -0.183311 0.07201 0.350875
vn -6.17755e-06 -4.01221e-05 1
v -0.198419 -0.12287 0.350866
vn 0.000181954 -0.025445 0.999676
v -0.181869 -0.122748 0.350866
vn 0.000181954 -0.025445 0.999676
v -0.198075 -0.169485 0.326099
vn 0.00587323 -0.793474 0.608576
v -0.181495 -0.173112 0.320113
vn 0.00634915 -0.857569 0.51433
v -0.181523 -0.169362 0.326099
vn 0.00587323 -0.793474 0.608576
v -0.181495 -0.173112 0.320113
vn 0.00634915 -0.857569 0.51433
v -0.198075 -0.169485 0.326099
vn 0.00587323 -0.793474 0.608576
v -0.198047 -0.173235 0.320113
vn 0.00634915 -0.857569 0.51433
v -0.198032 -0.175094 0.342049
vn 0.999973 0.00740825 7.95762e-06
v -0.198005 -0.178731 0.306946
vn 0.999973 0.00740825 7.95762e-06
v -0.198023 -0.17633 0.3137
vn 0.999973 0.00740825 7.95762e-06
v -0.198032 -0.175094 0.342049
vn 0.999973 0.00740811 7.9541e-06
v -0.198023 -0.17633 0.3137
vn 0.999973 0.00740811 7.9541e-06
v -0.198047 -0.173235 0.320113
vn 0.999973 0.00740811 7.9541e-06
v -0.181068 -0.230326 0
vn -0.00734786 0.99155 -0.129517
v -0.197893 -0.194006 0.302876
vn -0.00728798 0.983424 -0.181176
v -0.181341 -0.193883 0.302876
vn -0.00728798 0.983424 -0.181176
v -0.197893 -0.194006 0.302876
vn 0.999973 0.00740921 7.78387e-06
v -0.197738 -0.214677 0.01503
vn 0.999973 0.00740921 7.78387e-06
v -0.197994 -0.180388 0.300006
vn 0.999973 0.00740921 7.78387e-06
v -0.183657 0.118841 0.308071
vn 0.999973 0.00740817 8.0373e-06
v -0.183669 0.120392 0.299754
vn 0.999973 0.00740817 8.0373e-06
v -0.183667 0.120163 0.301221
vn 0.999973 0.00740817 8.0373e-06
v -0.183667 0.120163 0.301221
vn -0.999973 -0.00740817 -8.0373e-06
v -0.183669 0.120392 0.299754
vn -0.999973 -0.00740817 -8.0373e-06
v -0.183657 0.118841 0.308071
vn -0.999973 -0.00740817 -8.0373e-06
v -0.183657 0.118841 0.308071
vn 0.999973 0.00740804 7.95967e-06
v -0.18366 0.119167 0.316027
vn 0.444622 0.45546 -0.771276
v -0.183644 0.117022 0.314783
vn 0.330463 -0.461798 -0.823126
v -0.200196 0.116899 0.314783
vn 0.00702145 -0.94743 -0.319886
v -0.183657 0.118841 0.308071
vn 0.00718576 -0.969743 -0.244024
v -0.183644 0.117022 0.314783
vn 0.329016 -0.464599 -0.822129
v -0.200179 0.114595 0.321319
vn 0.999973 0.00740782 7.98503e-06
v -0.200442 0.150417 0.0150463
vn 0.999973 0.00740782 7.98503e-06
v -0.200196 0.116899 0.314783
vn 0.999973 0.00740782 7.98503e-06
v -0.183636 0.115805 0.373169
vn 0.586295 -0.570637 -0.575006
v -0.183526 0.100987 0.344883
vn 0.0126516 -0.749783 -0.661562
v -0.183555 0.105056 0.339454
vn 0.0130226 -0.799911 -0.599977
v -0.183582 0.108716 0.333694
vn 0.00626321 -0.844977 -0.534766
v -0.200107 0.104934 0.339454
vn 0.00593157 -0.800083 -0.599859
v -0.200135 0.108594 0.333694
vn 0.00626321 -0.844977 -0.534766
v -0.200135 0.108594 0.333694
vn 0.999973 0.00740972 8.28968e-06
v -0.200442 0.150417 0.0150463
vn 0.999973 0.00740972 8.28968e-06
v -0.200159 0.111821 0.327636
vn 0.999973 0.00740972 8.28968e-06
v -0.181816 -0.129802 0.350427
vn 0.000840877 -0.114563 0.993416
v -0.198318 -0.136495 0.349189
vn 0.00167327 -0.226856 0.973927
v -0.181768 -0.136372 0.349189
vn 0.00167327 -0.226856 0.973927
v -0.181768 -0.136372 0.349189
vn 0.999973 0.00740712 4.28316e-06
v -0.182853 0.010214 0.314779
vn 0.999973 0.00740712 4.28316e-06
v -0.181816 -0.129802 0.350427
vn 0.999973 0.00740712 4.28316e-06
v -0.181869 -0.122748 0.350866
vn 0.000206008 -0.0287987 0.999585
v -0.198368 -0.129925 0.350427
vn 0.000837107 -0.114056 0.993474
v -0.181816 -0.129802 0.350427
vn 0.000837107 -0.114056 0.993474
v -0.198355 -0.13151 0.365383
vn 0.999973 0.00740797 7.87373e-06
v -0.198368 -0.129925 0.350427
vn 0.999973 0.00740797 7.87373e-06
v -0.198417 -0.123267 0.365896
vn 0.999973 0.00740797 7.87373e-06
v -0.198296 -0.139645 0.36385
vn 0.999973 0.00740783 8.03984e-06
v -0.198318 -0.136495 0.349189
vn 0.999973 0.00740783 8.03984e-06
v -0.198355 -0.13151 0.365383
vn 0.999973 0.00740783 8.03984e-06
v -0.183311 0.07201 0.350875
vn -0.00133248 -4.98873e-05 0.999999
v -0.183336 0.075475 0.365905
vn 0.000480524 -0.242755 -0.970088
v -0.183326 0.074155 0.349632
vn -0.999973 -0.00740806 -8.00285e-06
v -0.183326 0.074155 0.349632
vn 0.999973 0.00740806 8.00285e-06
v -0.183336 0.075475 0.365905
vn -0.000480524 0.242755 0.970088
v -0.183311 0.07201 0.350875
vn 0.00133248 4.98873e-05 -0.999999
v -0.198417 -0.123267 0.365896
vn 0.999973 0.00740828 6.84576e-06
v -0.198419 -0.12287 0.350866
vn 0.999973 0.00740828 6.84576e-06
v -0.199888 0.075352 0.365905
vn 0.999973 0.00740828 6.84576e-06
v -0.183326 0.074155 0.349632
vn -0.999973 -0.0074084 -7.98264e-06
v -0.183336 0.075475 0.365905
vn -0.00100099 -0.242766 -0.970084
v -0.183361 0.078657 0.3465
vn -0.999973 -0.0074084 -7.98264e-06
v -0.183361 0.078657 0.3465
vn -0.999973 -0.00740785 -7.85908e-06
v -0.183336 0.075475 0.365905
vn -0.00181592 -0.24277 -0.970082
v -0.183379 0.081162 0.362608
vn 0.000131068 -0.50568 -0.862721
v -0.183361 0.078657 0.3465
vn 0.999973 0.0074084 7.98264e-06
v -0.183336 0.075475 0.365905
vn 0.00100099 0.242766 0.970084
v -0.183326 0.074155 0.349632
vn 0.999973 0.0074084 7.98264e-06
v -0.183361 0.078657 0.3465
vn -0.999973 -0.0074076 -7.93857e-06
v -0.183379 0.081162 0.362608
vn 0.000946672 -0.505675 -0.862723
v -0.183391 0.082915 0.342992
vn -0.999973 -0.0074076 -7.93857e-06
v -0.183379 0.081162 0.362608
vn 0.00375195 -0.505513 -0.862811
v -0.199888 0.075352 0.365905
vn 0.00349601 -0.471003 -0.882125
v -0.199931 0.081039 0.362608
vn 0.00375195 -0.505513 -0.862811
v -0.183636 0.115805 0.373169
vn 0.586336 -0.570616 -0.574985
v -0.183418 0.086589 0.358834
vn 0.0114011 -0.572444 -0.819865
v -0.183456 0.091724 0.354602
vn 0.0118691 -0.635692 -0.771852
v 0.179985 0.148693 0.320782
vn -0.999973 -0.00740771 -8.07241e-06
v 0.179977 0.149689 0.350274
vn -0.456875 0.817002 -0.351815
v 0.179955 0.152763 0.32621
vn -0.999973 -0.00740771 -8.07241e-06
v 0.179955 0.152763 0.32621
vn 0.00592284 -0.800131 0.599796
v 0.163375 0.1563 0.33197
vn 0.00625543 -0.845021 0.534696
v 0.163403 0.15264 0.32621
vn 0.00592284 -0.800131 0.599796
v 0.163427 0.149566 0.350274
vn 0.443218 0.824366 -0.352106
v 0.163403 0.15264 0.32621
vn 0.999973 0.00740878 8.0667e-06
v 0.163411 0.151477 0.355694
vn 0.443029 0.849715 -0.285849
v 0.163427 0.149566 0.350274
vn 0.440004 0.825762 -0.352865
v 0.179994 0.147388 0.345036
vn -0.451958 0.78869 -0.416776
v 0.163442 0.147266 0.345035
vn 0.440232 0.795299 -0.416768
v 0.179994 0.147388 0.345036
vn -0.451959 0.788689 -0.416777
v 0.163427 0.149566 0.350274
vn 0.440004 0.825762 -0.352865
v 0.179977 0.149689 0.350274
vn -0.452185 0.819152 -0.352872
v -0.183326 0.074155 0.349632
vn 0.999973 0.00740879 8.65338e-06
v -0.183535 0.102198 0.314783
vn 0.999973 0.00740879 8.65338e-06
v -0.183361 0.078657 0.3465
vn 0.999973 0.00740879 8.65338e-06
v -0.183326 0.074155 0.349632
vn -0.00375255 0.505602 0.862759
v -0.199862 0.071888 0.350875
vn -0.00349595 0.471003 0.882125
v -0.183311 0.07201 0.350875
vn -0.00349595 0.471003 0.882125
v -0.183516 0.099684 0.320629
vn -0.999973 -0.00740803 -8.01499e-06
v -0.183526 0.100987 0.344883
vn 0.00328924 -0.74987 -0.661577
v -0.183533 0.101984 0.31539
vn -0.999973 -0.00740803 -8.01499e-06
v -0.183533 0.101984 0.31539
vn 0.999973 0.00740803 8.01499e-06
v -0.183526 0.100987 0.344883
vn -0.00328924 0.74987 0.661577
v -0.183516 0.099684 0.320629
vn 0.999973 0.00740803 8.01499e-06
v -0.200078 0.100864 0.344882
vn 0.00556103 -0.749965 -0.661454
v -0.183555 0.105056 0.339454
vn 0.00593046 -0.799885 -0.600124
v -0.183526 0.100987 0.344883
vn 0.00556103 -0.749965 -0.661454
v -0.183496 0.097006 0.325653
vn 0.999973 0.00740796 7.97528e-06
v -0.183535 0.102198 0.314783
vn 0.999973 0.00740796 7.97528e-06
v -0.183516 0.099684 0.320629
vn 0.999973 0.00740796 7.97528e-06
v -0.183533 0.101984 0.31539
vn -0.00681083 0.918942 0.394335
v -0.200068 0.09956 0.320629
vn -0.00655871 0.884886 0.465762
v -0.183516 0.099684 0.320629
vn -0.00655871 0.884886 0.465762
v -0.200068 0.09956 0.320629
vn -0.00655842 0.884885 0.465763
v -0.183533 0.101984 0.31539
vn -0.00681054 0.918941 0.394336
v -0.200085 0.101862 0.315389
vn -0.00681054 0.918941 0.394336
v -0.183555 0.105056 0.339454
vn 0.0059301 -0.799884 -0.600125
v -0.200078 0.100864 0.344882
vn 0.00556067 -0.749965 -0.661455
v -0.200107 0.104934 0.339454
vn 0.0059301 -0.799884 -0.600125
v -0.183564 0.106301 0.299753
vn -0.0072519 0.978701 0.205165
v -0.200109 0.105281 0.304403
vn -0.00718608 0.969811 0.243754
v -0.183557 0.105403 0.304403
vn -0.00718608 0.969811 0.243754
v -0.200098 0.103772 0.309969
vn -0.00702117 0.947421 0.319914
v -0.183557 0.105403 0.304403
vn -0.0071856 0.969749 0.243997
v -0.200109 0.105281 0.304403
vn -0.0071856 0.969749 0.243997
v -0.200107 0.104934 0.339454
vn 0.999973 0.0074079 8.01847e-06
v -0.200085 0.101862 0.315389
vn 0.999973 0.0074079 8.01847e-06
v -0.200098 0.103772 0.309969
vn 0.999973 0.0074079 8.01847e-06
v -0.18366 0.119167 0.316027
vn 0.442745 0.456039 -0.772014
v -0.167141 0.123791 0.319159
vn -0.449885 0.509028 -0.733822
v -0.167109 0.11929 0.316027
vn -0.449441 0.449429 -0.772021
v -0.167118 0.12061 0.299754
vn -0.999973 -0.00740855 -7.95879e-06
v -0.167141 0.123791 0.319159
vn -0.454156 0.50788 -0.731984
v -0.16716 0.126297 0.303051
vn -0.999973 -0.00740855 -7.95879e-06
v -0.181185 -0.214554 1.06758e-06
vn -0.999973 -0.00740808 -7.93644e-06
v -0.181068 -0.230326 0
vn -0.999973 -0.00740808 -7.93644e-06
v -0.181185 -0.214555 0.01503
vn -0.999973 -0.00740808 -7.93644e-06
v -0.181185 -0.214555 0.01503
vn 0.00738163 -0.997201 0.0744064
v -0.197994 -0.180388 0.300006
vn 0.00727821 -0.983336 0.181651
v -0.197738 -0.214677 0.01503
vn 0.00738163 -0.997201 0.0744064
v -0.197993 -0.180487 0.335263
vn 0.999973 0.00740811 7.88931e-06
v -0.197994 -0.180388 0.300006
vn 0.999973 0.00740811 7.88931e-06
v -0.198032 -0.175094 0.342049
vn 0.999973 0.00740811 7.88931e-06
v -0.198225 -0.149033 0.344319
vn 0.00326832 -0.442066 0.896977
v -0.181719 -0.14277 0.347145
vn 0.0024897 -0.337134 0.941453
v -0.198271 -0.142892 0.347145
vn 0.0024897 -0.337134 0.941453
v -0.198271 -0.142892 0.347145
vn 0.00248634 -0.336667 0.941621
v -0.181768 -0.136372 0.349189
vn 0.00167685 -0.227337 0.973815
v -0.198318 -0.136495 0.349189
vn 0.00167685 -0.227337 0.973815
v -0.198236 -0.147565 0.361318
vn 0.999973 0.00740829 7.97122e-06
v -0.198225 -0.149033 0.344319
vn 0.999973 0.00740829 7.97122e-06
v -0.198271 -0.142892 0.347145
vn 0.999973 0.00740829 7.97122e-06
v -0.198296 -0.139645 0.36385
vn 0.999973 0.00740776 8.00875e-06
v -0.198271 -0.142892 0.347145
vn 0.999973 0.00740776 8.00875e-06
v -0.198318 -0.136495 0.349189
vn 0.999973 0.00740776 8.00875e-06
v -0.181523 -0.169362 0.326099
vn 0.00587099 -0.793173 0.608969
v -0.198106 -0.165129 0.331581
vn 0.00531935 -0.71873 0.695269
v -0.198075 -0.169485 0.326099
vn 0.00587099 -0.793173 0.608969
v -0.198077 -0.169022 0.348123
vn 0.999973 0.00740826 7.90893e-06
v -0.198047 -0.173235 0.320113
vn 0.999973 0.00740826 7.90893e-06
v -0.198075 -0.169485 0.326099
vn 0.999973 0.00740826 7.90893e-06
v -0.18367 0.120488 0.299754
vn 0.00348307 -0.471075 0.882086
v -0.16716 0.126297 0.303051
vn 0.00373902 -0.505582 0.86277
v -0.183711 0.126174 0.303051
vn 0.00373902 -0.505582 0.86277
v -0.183693 0.123668 0.319158
vn 0.443966 0.515288 -0.733057
v -0.183667 0.120163 0.301221
vn 0.999973 0.00740755 8.0919e-06
v -0.183669 0.120392 0.299754
vn 0.999973 0.00740755 8.0919e-06
v -0.183693 0.123668 0.319158
vn 0.446593 0.514553 -0.731977
v -0.18367 0.120488 0.299754
vn 0.999973 0.00740785 8.08409e-06
v -0.183711 0.126174 0.303051
vn 0.999973 0.00740785 8.08409e-06
v -0.183891 0.15054 0.0150463
vn -0.999973 -0.00740597 -7.3868e-06
v -0.183669 0.120392 0.299754
vn -0.999973 -0.00740597 -7.3868e-06
v -0.184012 0.166913 1.73401e-05
vn -0.999973 -0.00740597 -7.3868e-06
v -0.183891 0.15054 0.0150463
vn -0.0073781 0.995392 0.095601
v -0.200118 0.106434 0.29843
vn -0.0072872 0.98312 0.182819
v -0.183566 0.106557 0.29843
vn -0.0072872 0.98312 0.182819
v -0.200109 0.105281 0.304403
vn -0.00718632 0.969818 0.243722
v -0.183566 0.106557 0.29843
vn -0.00727997 0.982568 0.185762
v -0.200118 0.106434 0.29843
vn -0.00727997 0.982568 0.185762
v 0.182795 -0.191186 0.30288
vn -0.00728784 0.983424 -0.181176
v 0.19962 -0.227506 3.23509e-06
vn -0.00734772 0.99155 -0.129517
v 0.183068 -0.227629 3.23509e-06
vn -0.00734772 0.99155 -0.129517
v 0.18295 -0.211857 4.33502e-06
vn 0.999973 0.00740808 7.93181e-06
v 0.18295 -0.211857 0.0150333
vn 0.999973 0.00740808 7.93181e-06
v 0.183068 -0.227629 3.23509e-06
vn 0.999973 0.00740808 7.93181e-06
v 0.199502 -0.211734 4.33502e-06
vn 0.0074082 -0.999973 -3.96423e-05
v 0.18295 -0.211857 0.0150333
vn 0.0073925 -0.997903 0.0642963
v 0.18295 -0.211857 4.33502e-06
vn 0.0074082 -0.999973 -3.96423e-05
v 0.199502 -0.211734 4.33502e-06
vn -0.999973 -0.00740808 -7.93644e-06
v 0.19962 -0.227506 3.23509e-06
vn -0.999973 -0.00740808 -7.93644e-06
v 0.199502 -0.211735 0.0150333
vn -0.999973 -0.00740808 -7.93644e-06
v 0.199133 -0.162186 0.331584
vn -0.999973 -0.00740837 -8.00961e-06
v 0.199161 -0.166079 0.348126
vn -0.999973 -0.00740837 -8.00961e-06
v 0.199111 -0.159407 0.353406
vn -0.999973 -0.00740837 -8.00961e-06
v 0.182581 -0.162308 0.331584
vn 0.00531916 -0.71873 0.695269
v 0.199165 -0.166542 0.326102
vn 0.0058708 -0.793173 0.608969
v 0.199133 -0.162186 0.331584
vn 0.00531916 -0.71873 0.695269
v 0.18261 -0.166202 0.348126
vn 0.999973 0.00740836 8.00928e-06
v 0.182581 -0.162308 0.331584
vn 0.999973 0.00740836 8.00928e-06
v 0.182561 -0.15953 0.353406
vn 0.999973 0.00740836 8.00928e-06
v 0.199111 -0.159407 0.353406
vn -0.00401001 0.542139 -0.840279
v 0.18261 -0.166202 0.348126
vn -0.00469235 0.634139 -0.773204
v 0.182561 -0.15953 0.353406
vn -0.00401001 0.542139 -0.840279
v -0.198419 -0.12287 0.350866
vn 0.000181953 -0.0254448 0.999676
v -0.183311 0.07201 0.350875
vn -6.17751e-06 -4.01221e-05 1
v -0.199862 0.071888 0.350875
vn -6.17751e-06 -4.01221e-05 1
v -0.198368 -0.129925 0.350427
vn 0.000837091 -0.114056 0.993474
v -0.181869 -0.122748 0.350866
vn 0.000205992 -0.0287986 0.999585
v -0.198419 -0.12287 0.350866
vn 0.000205992 -0.0287986 0.999585
v -0.197893 -0.194006 0.302876
vn -0.00728784 0.983424 -0.181176
v -0.181068 -0.230326 0
vn -0.00734772 0.99155 -0.129517
v -0.19762 -0.230449 0
vn -0.00734772 0.99155 -0.129517
v -0.197738 -0.214677 0.01503
vn 0.999973 0.00740858 7.82696e-06
v -0.197893 -0.194006 0.302876
vn 0.999973 0.00740858 7.82696e-06
v -0.19762 -0.230449 0
vn 0.999973 0.00740858 7.82696e-06
v -0.200218 0.120041 0.301221
vn 0.00727998 -0.982584 -0.185674
v -0.183669 0.120392 0.299754
vn 0.00730595 -0.986074 -0.166145
v -0.183667 0.120163 0.301221
vn 0.00727998 -0.982584 -0.185674
v -0.18366 0.119167 0.316027
vn 0.444509 0.455488 -0.771325
v -0.183657 0.118841 0.308071
vn 0.999973 0.00740795 7.97269e-06
v -0.183667 0.120163 0.301221
vn 0.999973 0.00740795 7.97269e-06
v -0.200209 0.118718 0.308071
vn 0.00718637 -0.969824 -0.243701
v -0.183667 0.120163 0.301221
vn 0.00727997 -0.982566 -0.185772
v -0.183657 0.118841 0.308071
vn 0.00718637 -0.969824 -0.243701
v -0.183657 0.118841 0.308071
vn 0.00718576 -0.969743 -0.244024
v -0.200196 0.116899 0.314783
vn 0.00702145 -0.94743 -0.319886
v -0.200209 0.118718 0.308071
vn 0.00718576 -0.969743 -0.244024
v -0.200196 0.116899 0.314783
vn 0.999973 0.0074141 8.74529e-06
v -0.200442 0.150417 0.0150463
vn 0.999973 0.0074141 8.74529e-06
v -0.200209 0.118718 0.308071
vn 0.999973 0.0074141 8.74529e-06
v -0.183636 0.115805 0.373169
vn 0.586424 -0.57057 -0.57494
v -0.183492 0.096533 0.349942
vn 0.0124422 -0.694927 -0.718973
v -0.183526 0.100987 0.344883
vn 0.0128482 -0.749781 -0.661562
v -0.200107 0.104934 0.339454
vn 0.999973 0.00740797 8.0443e-06
v -0.200109 0.105281 0.304403
vn 0.999973 0.00740797 8.0443e-06
v -0.200135 0.108594 0.333694
vn 0.999973 0.00740797 8.0443e-06
v -0.200135 0.108594 0.333694
vn 0.999973 0.00740467 7.64402e-06
v -0.200118 0.106434 0.29843
vn 0.999973 0.00740467 7.64402e-06
v -0.200442 0.150417 0.0150463
vn 0.999973 0.00740467 7.64402e-06
v -0.198318 -0.136495 0.349189
vn 0.00167327 -0.226856 0.973927
v -0.181816 -0.129802 0.350427
vn 0.000840876 -0.114563 0.993416
v -0.198368 -0.129925 0.350427
vn 0.000840876 -0.114563 0.993416
v -0.198355 -0.13151 0.365383
vn 0.999973 0.00740819 7.9229e-06
v -0.198318 -0.136495 0.349189
vn 0.999973 0.00740819 7.9229e-06
v -0.198368 -0.129925 0.350427
vn 0.999973 0.00740819 7.9229e-06
v -0.198417 -0.123267 0.365896
vn 0.999973 0.00740784 7.95009e-06
v -0.198368 -0.129925 0.350427
vn 0.999973 0.00740784 7.95009e-06
v -0.198419 -0.12287 0.350866
vn 0.999973 0.00740784 7.95009e-06
v -0.199888 0.075352 0.365905
vn 0.999973 0.00740809 9.56892e-06
v -0.198419 -0.12287 0.350866
vn 0.999973 0.00740809 9.56892e-06
v -0.199862 0.071888 0.350875
vn 0.999973 0.00740809 9.56892e-06
v -0.183361 0.078657 0.3465
vn -0.00424717 0.572399 0.819964
v -0.199878 0.074032 0.349632
vn -0.00375389 0.505776 0.862657
v -0.183326 0.074155 0.349632
vn -0.00375389 0.505776 0.862657
v -0.183391 0.082915 0.342992
vn -0.999973 -0.00740784 -7.95519e-06
v -0.183379 0.081162 0.362608
vn 0.00013189 -0.50568 -0.862721
v -0.183418 0.086589 0.358834
vn 0.000626879 -0.572535 -0.81988
v -0.183391 0.082915 0.342992
vn 0.999973 0.0074076 7.93857e-06
v -0.183379 0.081162 0.362608
vn -0.000946672 0.505675 0.862723
v -0.183361 0.078657 0.3465
vn 0.999973 0.0074076 7.93857e-06
v -0.183391 0.082915 0.342992
vn -0.00471536 0.635655 0.771959
v -0.199912 0.078533 0.3465
vn -0.00424898 0.572625 0.819807
v -0.183361 0.078657 0.3465
vn -0.00424898 0.572625 0.819807
v -0.183361 0.078657 0.3465
vn 0.999973 0.00740741 7.5425e-06
v -0.183535 0.102198 0.314783
vn 0.999973 0.00740741 7.5425e-06
v -0.183391 0.082915 0.342992
vn 0.999973 0.00740741 7.5425e-06
v -0.199888 0.075352 0.365905
vn 0.999973 0.00740797 8.08016e-06
v -0.199912 0.078533 0.3465
vn 0.999973 0.00740797 8.08016e-06
v -0.199931 0.081039 0.362608
vn 0.999973 0.00740797 8.08016e-06
v -0.199931 0.081039 0.362608
vn 0.00375407 -0.505799 -0.862643
v -0.183418 0.086589 0.358834
vn 0.004247 -0.572375 -0.819981
v -0.183379 0.081162 0.362608
vn 0.00375407 -0.505799 -0.862643
v -0.183418 0.086589 0.358834
vn 0.00424708 -0.572375 -0.819981
v -0.199931 0.081039 0.362608
vn 0.00375415 -0.5058 -0.862643
v -0.19997 0.086467 0.358833
vn 0.00424708 -0.572375 -0.819981
v -0.183422 0.086903 0.339127
vn -0.999973 -0.00740786 -7.83284e-06
v -0.183418 0.086589 0.358834
vn 0.000626066 -0.572535 -0.81988
v -0.183456 0.091724 0.354602
vn 0.00109406 -0.635784 -0.771866
v -0.183456 0.091724 0.354602
vn -0.00109406 0.635784 0.771866
v -0.183418 0.086589 0.358834
vn -0.000626066 0.572535 0.81988
v -0.183422 0.086903 0.339127
vn 0.999973 0.00740786 7.83284e-06
v -0.19997 0.086467 0.358833
vn 0.00424908 -0.572648 -0.81979
v -0.183456 0.091724 0.354602
vn 0.00471512 -0.635633 -0.771977
v -0.183418 0.086589 0.358834
vn 0.00424908 -0.572648 -0.81979
v -0.183636 0.115805 0.373169
vn 0.586437 -0.570563 -0.574934
v -0.183456 0.091724 0.354602
vn 0.0120241 -0.63569 -0.771851
v -0.183492 0.096533 0.349942
vn 0.0124621 -0.694927 -0.718973
v 0.179955 0.152763 0.32621
vn -0.999973 -0.0074077 -8.02128e-06
v 0.179977 0.149689 0.350274
vn -0.455378 0.817709 -0.352113
v 0.179963 0.151599 0.355694
vn -0.455567 0.843057 -0.285856
v 0.163375 0.1563 0.33197
vn 0.00625522 -0.845022 0.534695
v 0.179955 0.152763 0.32621
vn 0.00592264 -0.800131 0.599796
v 0.179927 0.156422 0.33197
vn 0.00625522 -0.845022 0.534695
v 0.163401 0.152985 0.361262
vn 0.444725 0.868842 -0.217562
v 0.163403 0.15264 0.32621
vn 0.999973 0.00740902 8.01456e-06
v 0.163375 0.1563 0.33197
vn 0.999973 0.00740902 8.01456e-06
v 0.163411 0.151477 0.355694
vn 0.44269 0.849873 -0.285904
v 0.163403 0.15264 0.32621
vn 0.999973 0.00740768 8.01365e-06
v 0.163401 0.152985 0.361262
vn 0.442541 0.869889 -0.21783
v 0.163411 0.151477 0.355694
vn 0.439815 0.851166 -0.286493
v 0.179977 0.149689 0.350274
vn -0.452186 0.81926 -0.352619
v 0.163427 0.149566 0.350274
vn 0.440003 0.82587 -0.352612
v -0.199862 0.071888 0.350875
vn -0.003496 0.471003 0.882125
v -0.183326 0.074155 0.349632
vn -0.0037526 0.505602 0.862758
v -0.199878 0.074032 0.349632
vn -0.0037526 0.505602 0.862758
v -0.183496 0.097006 0.325653
vn -0.999973 -0.00740819 -8.00758e-06
v -0.183526 0.100987 0.344883
vn 0.00296689 -0.749872 -0.661577
v -0.183516 0.099684 0.320629
vn -0.999973 -0.00740819 -8.00758e-06
v -0.183516 0.099684 0.320629
vn 0.999973 0.00740819 8.00758e-06
v -0.183526 0.100987 0.344883
vn -0.00296689 0.749872 0.661577
v -0.183496 0.097006 0.325653
vn 0.999973 0.00740819 8.00758e-06
v -0.183526 0.100987 0.344883
vn 0.00555941 -0.749745 -0.661704
v -0.200044 0.09641 0.349941
vn 0.00515512 -0.695119 -0.718876
v -0.200078 0.100864 0.344882
vn 0.00555941 -0.749745 -0.661704
v -0.183473 0.093971 0.33043
vn 0.999973 0.00740771 7.83693e-06
v -0.183535 0.102198 0.314783
vn 0.999973 0.00740771 7.83693e-06
v -0.183496 0.097006 0.325653
vn 0.999973 0.00740771 7.83693e-06
v -0.183516 0.099684 0.320629
vn -0.00655738 0.884756 0.466008
v -0.200048 0.096884 0.325653
vn -0.00626443 0.845139 0.53451
v -0.183496 0.097006 0.325653
vn -0.00626443 0.845139 0.53451
v -0.200048 0.096884 0.325653
vn -0.00626479 0.84514 0.534509
v -0.183516 0.099684 0.320629
vn -0.00655774 0.884757 0.466007
v -0.200068 0.09956 0.320629
vn -0.00655774 0.884757 0.466007
v -0.200078 0.100864 0.344882
vn 0.999973 0.00740801 8.0151e-06
v -0.200068 0.09956 0.320629
vn 0.999973 0.00740801 8.0151e-06
v -0.200085 0.101862 0.315389
vn 0.999973 0.00740801 8.0151e-06
v -0.200078 0.100864 0.344882
vn 0.999973 0.0074079 8.02302e-06
v -0.200085 0.101862 0.315389
vn 0.999973 0.0074079 8.02302e-06
v -0.200107 0.104934 0.339454
vn 0.999973 0.0074079 8.02302e-06
v -0.200107 0.104934 0.339454
vn 0.999973 0.00740788 8.01679e-06
v -0.200098 0.103772 0.309969
vn 0.999973 0.00740788 8.01679e-06
v -0.200109 0.105281 0.304403
vn 0.999973 0.00740788 8.01679e-06
v -0.167141 0.123791 0.319159
vn -0.449885 0.509027 -0.733822
v -0.18366 0.119167 0.316027
vn 0.442746 0.456038 -0.772014
v -0.183693 0.123668 0.319158
vn 0.442306 0.515637 -0.733815
v -0.16716 0.126297 0.303051
vn -0.999973 -0.00740832 -7.95067e-06
v -0.167141 0.123791 0.319159
vn -0.453508 0.508072 -0.732252
v -0.167174 0.128049 0.322668
vn -0.453928 0.564559 -0.689364
v -0.181185 -0.214554 1.06758e-06
vn -6.92407e-06 -4.02274e-05 1
v -0.19762 -0.230449 0
vn -6.92407e-06 -4.02274e-05 1
v -0.181068 -0.230326 0
vn -6.92407e-06 -4.02274e-05 1
v -0.181068 -0.230326 0
vn 6.92407e-06 4.02274e-05 -1
v -0.19762 -0.230449 0
vn 6.92407e-06 4.02274e-05 -1
v -0.181185 -0.214554 1.06758e-06
vn 6.92407e-06 4.02274e-05 -1
v -0.197738 -0.214677 0.01503
vn 0.00739195 -0.997904 0.0642956
v -0.181185 -0.214554 1.06758e-06
vn 0.00740766 -0.999973 -4.02967e-05
v -0.181185 -0.214555 0.01503
vn 0.00739195 -0.997904 0.0642956
v -0.167201 0.131724 0.306827
vn 0.00423407 -0.572443 0.819934
v -0.183711 0.126174 0.303051
vn 0.00374115 -0.505868 0.862603
v -0.16716 0.126297 0.303051
vn 0.00374115 -0.505868 0.862603
v -0.18366 0.119167 0.316027
vn 0.446162 0.455082 -0.77061
v -0.183667 0.120163 0.301221
vn 0.999973 0.00740841 7.8975e-06
v -0.183693 0.123668 0.319158
vn 0.445722 0.514798 -0.732335
v -0.183693 0.123668 0.319158
vn 0.445943 0.514736 -0.732245
v -0.183711 0.126174 0.303051
vn 0.999973 0.00740761 8.01934e-06
v -0.183725 0.127926 0.322668
vn 0.445522 0.571223 -0.689358
v -0.200218 0.120041 0.301221
vn 0.00729106 -0.983146 -0.182679
v -0.184012 0.166913 1.73401e-05
vn 0.00731285 -0.986074 -0.166144
v -0.183669 0.120392 0.299754
vn 0.00731285 -0.986074 -0.166144
v -0.183891 0.15054 0.0150463
vn -0.999973 -0.00740784 -7.93395e-06
v -0.184012 0.166913 1.73401e-05
vn -0.999973 -0.00740784 -7.93395e-06
v -0.183891 0.150541 1.73401e-05
vn -0.999973 -0.00740784 -7.93395e-06
v -0.200118 0.106434 0.29843
vn -0.00728726 0.98312 0.182819
v -0.183891 0.15054 0.0150463
vn -0.00737816 0.995392 0.0956003
v -0.200442 0.150417 0.0150463
vn -0.00737816 0.995392 0.0956003
v -0.200135 0.108594 0.333694
vn 0.999973 0.00740858 7.94566e-06
v -0.200109 0.105281 0.304403
vn 0.999973 0.00740858 7.94566e-06
v -0.200118 0.106434 0.29843
vn 0.999973 0.00740858 7.94566e-06
v 0.199502 -0.211734 4.33502e-06
vn -6.92393e-06 -4.02466e-05 1
v 0.183068 -0.227629 3.23509e-06
vn -6.92393e-06 -4.02466e-05 1
v 0.19962 -0.227506 3.23509e-06
vn -6.92393e-06 -4.02466e-05 1
v 0.19962 -0.227506 3.23509e-06
vn 6.92393e-06 4.02466e-05 -1
v 0.183068 -0.227629 3.23509e-06
vn 6.92393e-06 4.02466e-05 -1
v 0.199502 -0.211734 4.33502e-06
vn 6.92393e-06 4.02466e-05 -1
v 0.183068 -0.227629 3.23509e-06
vn -6.92393e-06 -4.02466e-05 1
v 0.199502 -0.211734 4.33502e-06
vn -6.92393e-06 -4.02466e-05 1
v 0.18295 -0.211857 4.33502e-06
vn -6.92393e-06 -4.02466e-05 1
v 0.18295 -0.211857 4.33502e-06
vn 6.92393e-06 4.02466e-05 -1
v 0.199502 -0.211734 4.33502e-06
vn 6.92393e-06 4.02466e-05 -1
v 0.183068 -0.227629 3.23509e-06
vn 6.92393e-06 4.02466e-05 -1
v 0.199133 -0.162186 0.331584
vn -0.999973 -0.00740765 -8.09109e-06
v 0.199111 -0.159407 0.353406
vn -0.999973 -0.00740765 -8.09109e-06
v 0.199097 -0.157281 0.336489
vn -0.999973 -0.00740765 -8.09109e-06
v 0.199097 -0.157281 0.336489
vn 0.00469534 -0.634568 0.772853
v 0.182581 -0.162308 0.331584
vn 0.00531662 -0.718385 0.695625
v 0.199133 -0.162186 0.331584
vn 0.00531662 -0.718385 0.695625
v 0.182561 -0.15953 0.353406
vn 0.999973 0.00740845 7.97998e-06
v 0.182581 -0.162308 0.331584
vn 0.999973 0.00740845 7.97998e-06
v 0.182544 -0.157404 0.336488
vn 0.999973 0.00740845 7.97998e-06
v 0.182561 -0.15953 0.353406
vn -0.00400618 0.541625 -0.840611
v 0.199059 -0.152224 0.357824
vn -0.00327214 0.442563 -0.896731
v 0.199111 -0.159407 0.353406
vn -0.00400618 0.541625 -0.840611
v -0.197738 -0.214677 1.06758e-06
vn 0.999973 0.00740808 7.93181e-06
v -0.197738 -0.214677 0.01503
vn 0.999973 0.00740808 7.93181e-06
v -0.19762 -0.230449 0
vn 0.999973 0.00740808 7.93181e-06
v -0.183667 0.120163 0.301221
vn 0.00727972 -0.982566 -0.185773
v -0.200209 0.118718 0.308071
vn 0.00718612 -0.969824 -0.243702
v -0.200218 0.120041 0.301221
vn 0.00727972 -0.982566 -0.185773
v -0.200209 0.118718 0.308071
vn 0.999973 0.00740023 7.1037e-06
v -0.200442 0.150417 0.0150463
vn 0.999973 0.00740023 7.1037e-06
v -0.200218 0.120041 0.301221
vn 0.999973 0.00740023 7.1037e-06
v -0.200044 0.09641 0.349941
vn 0.00515512 -0.695119 -0.718876
v -0.183526 0.100987 0.344883
vn 0.00555941 -0.749745 -0.661704
v -0.183492 0.096533 0.349942
vn 0.00515512 -0.695119 -0.718876
v -0.183496 0.097006 0.325653
vn -0.999973 -0.00740809 -8.0559e-06
v -0.183492 0.096533 0.349942
vn 0.00131707 -0.695023 -0.718986
v -0.183526 0.100987 0.344883
vn 0.00172306 -0.749878 -0.661574
v -0.183526 0.100987 0.344883
vn -0.00172306 0.749878 0.661574
v -0.183492 0.096533 0.349942
vn -0.00131707 0.695023 0.718986
v -0.183496 0.097006 0.325653
vn 0.999973 0.00740809 8.0559e-06
v -0.199888 0.075352 0.365905
vn 0.999973 0.00740807 8.00169e-06
v -0.199862 0.071888 0.350875
vn 0.999973 0.00740807 8.00169e-06
v -0.199878 0.074032 0.349632
vn 0.999973 0.00740807 8.00169e-06
v -0.199878 0.074032 0.349632
vn -0.00375401 0.505776 0.862657
v -0.183361 0.078657 0.3465
vn -0.00424729 0.572399 0.819964
v -0.199912 0.078533 0.3465
vn -0.00424729 0.572399 0.819964
v -0.183418 0.086589 0.358834
vn -0.000626879 0.572535 0.81988
v -0.183379 0.081162 0.362608
vn -0.00013189 0.50568 0.862721
v -0.183391 0.082915 0.342992
vn 0.999973 0.00740784 7.95519e-06
v -0.183391 0.082915 0.342992
vn -0.999973 -0.00740823 -7.8763e-06
v -0.183418 0.086589 0.358834
vn 0.00144168 -0.57253 -0.819882
v -0.183422 0.086903 0.339127
vn -0.999973 -0.00740823 -7.8763e-06
v -0.183422 0.086903 0.339127
vn 0.999973 0.00740823 7.8763e-06
v -0.183418 0.086589 0.358834
vn -0.00144168 0.57253 0.819882
v -0.183391 0.082915 0.342992
vn 0.999973 0.00740823 7.8763e-06
v -0.199912 0.078533 0.3465
vn -0.00424885 0.572624 0.819807
v -0.183391 0.082915 0.342992
vn -0.00471523 0.635654 0.77196
v -0.199943 0.082792 0.342992
vn -0.00471523 0.635654 0.77196
v -0.183391 0.082915 0.342992
vn 0.999973 0.00740845 8.31892e-06
v -0.183535 0.102198 0.314783
vn 0.999973 0.00740845 8.31892e-06
v -0.183422 0.086903 0.339127
vn 0.999973 0.00740845 8.31892e-06
v -0.199888 0.075352 0.365905
vn 0.999973 0.00740782 8.03399e-06
v -0.199878 0.074032 0.349632
vn 0.999973 0.00740782 8.03399e-06
v -0.199912 0.078533 0.3465
vn 0.999973 0.00740782 8.03399e-06
v -0.199931 0.081039 0.362608
vn 0.999973 0.00740831 8.00677e-06
v -0.199912 0.078533 0.3465
vn 0.999973 0.00740831 8.00677e-06
v -0.199943 0.082792 0.342992
vn 0.999973 0.00740831 8.00677e-06
v -0.199931 0.081039 0.362608
vn 0.999973 0.00740784 7.95467e-06
v -0.199943 0.082792 0.342992
vn 0.999973 0.00740784 7.95467e-06
v -0.19997 0.086467 0.358833
vn 0.999973 0.00740784 7.95467e-06
v -0.183422 0.086903 0.339127
vn -0.999973 -0.00740768 -7.93988e-06
v -0.183456 0.091724 0.354602
vn 0.00190947 -0.635779 -0.771869
v -0.183449 0.090596 0.334931
vn -0.999973 -0.00740768 -7.93988e-06
v -0.183449 0.090596 0.334931
vn 0.999973 0.00740768 7.93988e-06
v -0.183456 0.091724 0.354602
vn -0.00190947 0.635779 0.771869
v -0.183422 0.086903 0.339127
vn 0.999973 0.00740768 7.93988e-06
v -0.183456 0.091724 0.354602
vn 0.00471507 -0.635633 -0.771977
v -0.19997 0.086467 0.358833
vn 0.00424903 -0.572648 -0.819791
v -0.200008 0.091601 0.354602
vn 0.00471507 -0.635633 -0.771977
v -0.200008 0.091601 0.354602
vn 0.00471698 -0.635889 -0.771766
v -0.183492 0.096533 0.349942
vn 0.00515317 -0.69488 -0.719107
v -0.183456 0.091724 0.354602
vn 0.00471698 -0.635889 -0.771766
v -0.183473 0.093971 0.33043
vn -0.999973 -0.00740826 -7.93534e-06
v -0.183456 0.091724 0.354602
vn 0.000879741 -0.635785 -0.771866
v -0.183492 0.096533 0.349942
vn 0.00131777 -0.695023 -0.718986
v -0.183492 0.096533 0.349942
vn -0.00131777 0.695023 0.718986
v -0.183456 0.091724 0.354602
vn -0.000879741 0.635785 0.771866
v -0.183473 0.093971 0.33043
vn 0.999973 0.00740826 7.93534e-06
v 0.179977 0.149689 0.350274
vn -0.452186 0.819261 -0.352618
v 0.163411 0.151477 0.355694
vn 0.439815 0.851166 -0.286493
v 0.179963 0.151599 0.355694
vn -0.452375 0.844556 -0.286499
v 0.179955 0.152763 0.32621
vn -0.999973 -0.00740875 -8.05975e-06
v 0.179963 0.151599 0.355694
vn -0.455231 0.84322 -0.28591
v 0.179952 0.153107 0.361262
vn -0.455377 0.863237 -0.217837
v 0.179955 0.152763 0.32621
vn -0.999973 -0.00740882 -8.15872e-06
v 0.179952 0.153107 0.361262
vn -0.457545 0.862158 -0.21757
v 0.179927 0.156422 0.33197
vn -0.999973 -0.00740882 -8.15872e-06
v 0.179927 0.156422 0.33197
vn 0.00625653 -0.845199 0.534415
v 0.163353 0.159527 0.338029
vn 0.00655029 -0.884781 0.465962
v 0.163375 0.1563 0.33197
vn 0.00625653 -0.845199 0.534415
v 0.163401 0.152985 0.361262
vn 0.442617 0.869853 -0.217821
v 0.163375 0.1563 0.33197
vn 0.999973 0.00740753 7.89497e-06
v 0.163392 0.154137 0.367234
vn -0.683325 0.698671 0.211958
v 0.163401 0.152985 0.361262
vn 0.439666 0.871225 -0.218313
v 0.179963 0.151599 0.355694
vn -0.452375 0.844644 -0.286238
v 0.163411 0.151477 0.355694
vn 0.439815 0.851255 -0.286232
v -0.200044 0.09641 0.349941
vn 0.999973 0.00740809 8.05721e-06
v -0.200048 0.096884 0.325653
vn 0.999973 0.00740809 8.05721e-06
v -0.200078 0.100864 0.344882
vn 0.999973 0.00740809 8.05721e-06
v -0.183449 0.090596 0.334931
vn 0.999973 0.00740798 7.98336e-06
v -0.183535 0.102198 0.314783
vn 0.999973 0.00740798 7.98336e-06
v -0.183473 0.093971 0.33043
vn 0.999973 0.00740798 7.98336e-06
v -0.183473 0.093971 0.33043
vn -0.999973 -0.00740766 -8.02938e-06
v -0.183492 0.096533 0.349942
vn 0.0025623 -0.695016 -0.718989
v -0.183496 0.097006 0.325653
vn -0.999973 -0.00740766 -8.02938e-06
v -0.183496 0.097006 0.325653
vn 0.999973 0.00740766 8.02938e-06
v -0.183492 0.096533 0.349942
vn -0.0025623 0.695016 0.718989
v -0.183473 0.093971 0.33043
vn 0.999973 0.00740766 8.02938e-06
v -0.183496 0.097006 0.325653
vn -0.00626334 0.844992 0.534742
v -0.200025 0.093849 0.33043
vn -0.00593147 0.800067 0.599882
v -0.183473 0.093971 0.33043
vn -0.00593147 0.800067 0.599882
v -0.200025 0.093849 0.33043
vn -0.00593147 0.800067 0.599882
v -0.183496 0.097006 0.325653
vn -0.00626334 0.844992 0.534742
v -0.200048 0.096884 0.325653
vn -0.00626334 0.844992 0.534742
v -0.200078 0.100864 0.344882
vn 0.999973 0.00740821 8.00602e-06
v -0.200048 0.096884 0.325653
vn 0.999973 0.00740821 8.00602e-06
v -0.200068 0.09956 0.320629
vn 0.999973 0.00740821 8.00602e-06
v -0.183693 0.123668 0.319158
vn 0.442305 0.515863 -0.733657
v -0.167174 0.128049 0.322668
vn -0.450306 0.565636 -0.690855
v -0.167141 0.123791 0.319159
vn -0.449887 0.509253 -0.733664
v -0.16716 0.126297 0.303051
vn -0.999973 -0.00740785 -7.99081e-06
v -0.167174 0.128049 0.322668
vn -0.454575 0.564347 -0.689111
v -0.167201 0.131724 0.306827
vn -0.999973 -0.00740785 -7.99081e-06
v -0.19762 -0.230449 0
vn -6.92407e-06 -4.02274e-05 1
v -0.181185 -0.214554 1.06758e-06
vn -6.92407e-06 -4.02274e-05 1
v -0.197738 -0.214677 1.06758e-06
vn -6.92407e-06 -4.02274e-05 1
v -0.197738 -0.214677 1.06758e-06
vn 6.92407e-06 4.02274e-05 -1
v -0.181185 -0.214554 1.06758e-06
vn 6.92407e-06 4.02274e-05 -1
v -0.19762 -0.230449 0
vn 6.92407e-06 4.02274e-05 -1
v -0.181185 -0.214554 1.06758e-06
vn 0.0074082 -0.999973 -3.96423e-05
v -0.197738 -0.214677 0.01503
vn 0.0073925 -0.997903 0.0642963
v -0.197738 -0.214677 1.06758e-06
vn 0.0074082 -0.999973 -3.96423e-05
v -0.183711 0.126174 0.303051
vn 0.00374101 -0.505868 0.862603
v -0.167201 0.131724 0.306827
vn 0.00423393 -0.572442 0.819934
v -0.183752 0.131602 0.306827
vn 0.00423393 -0.572442 0.819934
v -0.183725 0.127926 0.322668
vn 0.446173 0.57102 -0.689105
v -0.183711 0.126174 0.303051
vn 0.999973 0.00740785 7.99131e-06
v -0.183752 0.131602 0.306827
vn 0.999973 0.00740785 7.99131e-06
v -0.167174 0.128049 0.322668
vn -0.450306 0.565636 -0.690855
v -0.183693 0.123668 0.319158
vn 0.442304 0.515863 -0.733657
v -0.183725 0.127926 0.322668
vn 0.441884 0.572247 -0.690849
v -0.184012 0.166913 1.73401e-05
vn 0.00730027 -0.986074 -0.166144
v -0.200218 0.120041 0.301221
vn 0.0072785 -0.983148 -0.182667
v -0.200563 0.166791 1.73401e-05
vn 0.00730027 -0.986074 -0.166144
v -0.184012 0.166913 1.73401e-05
vn -7.55333e-06 -3.95824e-05 1
v -0.200442 0.150418 1.62725e-05
vn -7.55333e-06 -3.95824e-05 1
v -0.183891 0.150541 1.73401e-05
vn -7.55333e-06 -3.95824e-05 1
v -0.183891 0.150541 1.73401e-05
vn 7.55333e-06 3.95824e-05 -1
v -0.200442 0.150418 1.62725e-05
vn 7.55333e-06 3.95824e-05 -1
v -0.184012 0.166913 1.73401e-05
vn 7.55333e-06 3.95824e-05 -1
v -0.183891 0.150541 1.73401e-05
vn -0.0074082 0.999973 4.02871e-05
v -0.200442 0.150417 0.0150463
vn -0.00738367 0.996552 0.0826397
v -0.183891 0.15054 0.0150463
vn -0.00738367 0.996552 0.0826397
v 0.199097 -0.157281 0.336489
vn -0.999973 -0.00740774 -8.15718e-06
v 0.199111 -0.159407 0.353406
vn -0.999973 -0.00740774 -8.15718e-06
v 0.199059 -0.152224 0.357824
vn -0.999973 -0.00740774 -8.15718e-06
v 0.182581 -0.162308 0.331584
vn 0.0053166 -0.718385 0.695625
v 0.199097 -0.157281 0.336489
vn 0.00469532 -0.634568 0.772853
v 0.182544 -0.157404 0.336488
vn 0.00469532 -0.634568 0.772853
v 0.182561 -0.15953 0.353406
vn 0.999973 0.0074079 7.87259e-06
v 0.182544 -0.157404 0.336488
vn 0.999973 0.0074079 7.87259e-06
v 0.182508 -0.152346 0.357824
vn 0.999973 0.0074079 7.87259e-06
v 0.199059 -0.152224 0.357824
vn -0.00327198 0.442563 -0.896732
v 0.182561 -0.15953 0.353406
vn -0.00400602 0.541625 -0.840611
v 0.182508 -0.152346 0.357824
vn -0.00327198 0.442563 -0.896732
v -0.200218 0.120041 0.301221
vn 0.999973 0.00740621 7.74977e-06
v -0.200442 0.150417 0.0150463
vn 0.999973 0.00740621 7.74977e-06
v -0.200563 0.166791 1.73401e-05
vn 0.999973 0.00740621 7.74977e-06
v -0.183492 0.096533 0.349942
vn 0.00515336 -0.694881 -0.719107
v -0.200008 0.091601 0.354602
vn 0.00471717 -0.63589 -0.771766
v -0.200044 0.09641 0.349941
vn 0.00515336 -0.694881 -0.719107
v -0.183422 0.086903 0.339127
vn -0.00515331 0.6949 0.719087
v -0.199943 0.082792 0.342992
vn -0.00471681 0.635867 0.771784
v -0.183391 0.082915 0.342992
vn -0.00471681 0.635867 0.771784
v -0.183422 0.086903 0.339127
vn 0.999973 0.00740773 7.82288e-06
v -0.183535 0.102198 0.314783
vn 0.999973 0.00740773 7.82288e-06
v -0.183449 0.090596 0.334931
vn 0.999973 0.00740773 7.82288e-06
v -0.19997 0.086467 0.358833
vn 0.999973 0.00740765 8.02131e-06
v -0.199943 0.082792 0.342992
vn 0.999973 0.00740765 8.02131e-06
v -0.199972 0.08678 0.339126
vn 0.999973 0.00740765 8.02131e-06
v -0.183449 0.090596 0.334931
vn -0.999973 -0.00740792 -7.93095e-06
v -0.183456 0.091724 0.354602
vn 0.00212392 -0.635778 -0.771869
v -0.183473 0.093971 0.33043
vn -0.999973 -0.00740792 -7.93095e-06
v -0.183473 0.093971 0.33043
vn 0.999973 0.00740792 7.93095e-06
v -0.183456 0.091724 0.354602
vn -0.00212392 0.635778 0.771869
v -0.183449 0.090596 0.334931
vn 0.999973 0.00740792 7.93095e-06
v -0.183449 0.090596 0.334931
vn -0.00555952 0.749764 0.661682
v -0.199972 0.08678 0.339126
vn -0.00515493 0.695099 0.718896
v -0.183422 0.086903 0.339127
vn -0.00515493 0.695099 0.718896
v -0.19997 0.086467 0.358833
vn 0.999973 0.00740802 8.03555e-06
v -0.199972 0.08678 0.339126
vn 0.999973 0.00740802 8.03555e-06
v -0.200008 0.091601 0.354602
vn 0.999973 0.00740802 8.03555e-06
v 0.179963 0.151599 0.355694
vn -0.452375 0.844644 -0.286238
v 0.163401 0.152985 0.361262
vn 0.439666 0.871225 -0.218313
v 0.179952 0.153107 0.361262
vn -0.452522 0.864616 -0.21832
v 0.179927 0.156422 0.33197
vn -0.999973 -0.0074073 -7.93921e-06
v 0.179952 0.153107 0.361262
vn -0.455452 0.8632 -0.217827
v 0.179944 0.15426 0.367234
vn -0.455326 0.874737 -0.16587
v 0.163353 0.159527 0.338029
vn 0.00655029 -0.884781 0.465962
v 0.179927 0.156422 0.33197
vn 0.00625653 -0.845199 0.534415
v 0.179903 0.159649 0.338029
vn 0.00655029 -0.884781 0.465962
v 0.16329 0.167934 0.365659
vn -0.561135 -0.503278 0.657144
v 0.163375 0.1563 0.33197
vn 0.999973 0.00740692 8.38245e-06
v 0.163353 0.159527 0.338029
vn 0.999973 0.00740692 8.38245e-06
v 0.163392 0.154137 0.367234
vn -0.674818 0.706212 0.21421
v 0.163375 0.1563 0.33197
vn 0.999973 0.00740893 7.40576e-06
v 0.16329 0.167934 0.365659
vn -0.549955 -0.507743 0.663134
v 0.163392 0.154137 0.367234
vn -0.682778 0.699667 0.210431
v 0.179952 0.153107 0.361262
vn -0.452451 0.86472 -0.218054
v 0.163401 0.152985 0.361262
vn 0.439594 0.871328 -0.218047
v -0.200044 0.09641 0.349941
vn 0.999973 0.00740854 8.04883e-06
v -0.200025 0.093849 0.33043
vn 0.999973 0.00740854 8.04883e-06
v -0.200048 0.096884 0.325653
vn 0.999973 0.00740854 8.04883e-06
v -0.183473 0.093971 0.33043
vn -0.00593025 0.799901 0.600102
v -0.200001 0.090474 0.334931
vn -0.00556056 0.749946 0.661476
v -0.183449 0.090596 0.334931
vn -0.00556056 0.749946 0.661476
v -0.200001 0.090474 0.334931
vn -0.00556056 0.749946 0.661476
v -0.183473 0.093971 0.33043
vn -0.00593025 0.799901 0.600102
v -0.200025 0.093849 0.33043
vn -0.00593025 0.799901 0.600102
v -0.167201 0.131724 0.306827
vn -0.999973 -0.00740765 -7.93497e-06
v -0.167174 0.128049 0.322668
vn -0.453927 0.56456 -0.689364
v -0.167203 0.132036 0.326533
vn -0.454317 0.617467 -0.64213
v -0.167239 0.136859 0.311058
vn 0.00470299 -0.635693 0.771927
v -0.183752 0.131602 0.306827
vn 0.00423594 -0.572715 0.819744
v -0.167201 0.131724 0.306827
vn 0.00423594 -0.572715 0.819744
v -0.183725 0.127926 0.322668
vn 0.445522 0.571224 -0.689357
v -0.183752 0.131602 0.306827
vn 0.999973 0.00740822 8.07913e-06
v -0.183755 0.131914 0.326533
vn 0.445132 0.624129 -0.642121
v -0.183725 0.127926 0.322668
vn 0.441883 0.57246 -0.690673
v -0.167203 0.132036 0.326533
vn -0.450697 0.618659 -0.643532
v -0.167174 0.128049 0.322668
vn -0.450308 0.565849 -0.690679
v -0.200442 0.150418 1.62725e-05
vn -6.92143e-06 -4.02118e-05 1
v -0.184012 0.166913 1.73401e-05
vn -6.92143e-06 -4.02118e-05 1
v -0.200563 0.166791 1.73401e-05
vn -6.92143e-06 -4.02118e-05 1
v -0.200563 0.166791 1.73401e-05
vn 6.92143e-06 4.02118e-05 -1
v -0.184012 0.166913 1.73401e-05
vn 6.92143e-06 4.02118e-05 -1
v -0.200442 0.150418 1.62725e-05
vn 6.92143e-06 4.02118e-05 -1
v -0.200442 0.150417 0.0150463
vn -0.00738366 0.996552 0.0826397
v -0.183891 0.150541 1.73401e-05
vn -0.0074082 0.999973 4.02919e-05
v -0.200442 0.150418 1.62725e-05
vn -0.0074082 0.999973 4.02919e-05
v 0.199097 -0.157281 0.336489
vn -0.999973 -0.00740798 -8.06882e-06
v 0.199059 -0.152224 0.357824
vn -0.999973 -0.00740798 -8.06882e-06
v 0.199056 -0.151892 0.340754
vn -0.999973 -0.00740798 -8.06882e-06
v 0.199056 -0.151892 0.340754
vn 0.00400941 -0.54209 0.840311
v 0.182544 -0.157404 0.336488
vn 0.00469246 -0.634185 0.773167
v 0.199097 -0.157281 0.336489
vn 0.00469246 -0.634185 0.773167
v 0.182508 -0.152346 0.357824
vn 0.999973 0.00740735 8.05724e-06
v 0.182544 -0.157404 0.336488
vn 0.999973 0.00740735 8.05724e-06
v 0.182506 -0.152015 0.340754
vn 0.999973 0.00740735 8.05724e-06
v 0.182508 -0.152346 0.357824
vn -0.00326793 0.442013 -0.897003
v 0.199003 -0.144622 0.361322
vn -0.0024901 0.337189 -0.941434
v 0.199059 -0.152224 0.357824
vn -0.00326793 0.442013 -0.897003
v -0.200563 0.166791 1.73401e-05
vn 0.999973 0.00740783 7.93398e-06
v -0.200442 0.150417 0.0150463
vn 0.999973 0.00740783 7.93398e-06
v -0.200442 0.150418 1.62725e-05
vn 0.999973 0.00740783 7.93398e-06
v -0.200008 0.091601 0.354602
vn 0.999973 0.00740843 8.12506e-06
v -0.200025 0.093849 0.33043
vn 0.999973 0.00740843 8.12506e-06
v -0.200044 0.09641 0.349941
vn 0.999973 0.00740843 8.12506e-06
v -0.199943 0.082792 0.342992
vn -0.00471697 0.635868 0.771784
v -0.183422 0.086903 0.339127
vn -0.00515347 0.694901 0.719087
v -0.199972 0.08678 0.339126
vn -0.00515347 0.694901 0.719087
v -0.199972 0.08678 0.339126
vn -0.00515463 0.695098 0.718896
v -0.183449 0.090596 0.334931
vn -0.00555921 0.749763 0.661683
v -0.200001 0.090474 0.334931
vn -0.00555921 0.749763 0.661683
v -0.200008 0.091601 0.354602
vn 0.999973 0.0074084 7.89642e-06
v -0.199972 0.08678 0.339126
vn 0.999973 0.0074084 7.89642e-06
v -0.200001 0.090474 0.334931
vn 0.999973 0.0074084 7.89642e-06
v 0.179952 0.153107 0.361262
vn -0.452451 0.86472 -0.218055
v 0.163392 0.154137 0.367234
vn -0.682778 0.699667 0.21043
v 0.179944 0.15426 0.367234
vn -0.452324 0.876227 -0.166221
v 0.179927 0.156422 0.33197
vn -0.999973 -0.00741062 -7.62135e-06
v 0.179944 0.15426 0.367234
vn -0.51301 0.843335 -0.16002
v 0.179615 0.198223 0.650622
vn -0.999973 -0.00741062 -7.62135e-06
v 0.179927 0.156422 0.33197
vn -0.999973 -0.00740861 -7.90999e-06
v 0.179615 0.198223 0.650622
vn -0.999973 -0.00740861 -7.90999e-06
v 0.179903 0.159649 0.338029
vn -0.999973 -0.00740861 -7.90999e-06
v 0.179903 0.159649 0.338029
vn 0.00655144 -0.884935 0.465668
v 0.163331 0.162301 0.344346
vn 0.00680439 -0.918962 0.394286
v 0.163353 0.159527 0.338029
vn 0.00655144 -0.884935 0.465668
v 0.16329 0.167934 0.365659
vn -0.5615 -0.50313 0.656946
v 0.163353 0.159527 0.338029
vn 0.999973 0.00740829 7.91967e-06
v 0.163331 0.162301 0.344346
vn 0.999973 0.00740829 7.91967e-06
v 0.163064 0.19801 0.649696
vn -0.999973 -0.00741518 -7.22446e-06
v 0.16329 0.167934 0.365659
vn -0.648905 -0.463256 0.603586
v 0.163392 0.154137 0.367234
vn -0.751036 0.631742 0.191953
v 0.163392 0.154137 0.367234
vn 0.751036 -0.631742 -0.191953
v 0.16329 0.167934 0.365659
vn 0.648905 0.463256 -0.603586
v 0.163064 0.19801 0.649696
vn 0.999973 0.00741518 7.22446e-06
v -0.200008 0.091601 0.354602
vn 0.999973 0.00740721 7.97612e-06
v -0.200001 0.090474 0.334931
vn 0.999973 0.00740721 7.97612e-06
v -0.200025 0.093849 0.33043
vn 0.999973 0.00740721 7.97612e-06
v -0.167201 0.131724 0.306827
vn -0.999973 -0.00740801 -7.90828e-06
v -0.167203 0.132036 0.326533
vn -0.454966 0.617234 -0.641894
v -0.167239 0.136859 0.311058
vn -0.999973 -0.00740801 -7.90828e-06
v -0.183752 0.131602 0.306827
vn 0.0042361 -0.572715 0.819744
v -0.167239 0.136859 0.311058
vn 0.00470314 -0.635694 0.771927
v -0.183791 0.136736 0.311058
vn 0.00470314 -0.635694 0.771927
v -0.183755 0.131914 0.326533
vn 0.445783 0.623907 -0.641886
v -0.183752 0.131602 0.306827
vn 0.999973 0.00740857 8.09706e-06
v -0.183791 0.136736 0.311058
vn 0.999973 0.00740857 8.09706e-06
v -0.167203 0.132036 0.326533
vn -0.450697 0.618658 -0.643533
v -0.183725 0.127926 0.322668
vn 0.441883 0.57246 -0.690673
v -0.183755 0.131914 0.326533
vn 0.441494 0.625267 -0.643524
v 0.199056 -0.151892 0.340754
vn -0.999973 -0.00740774 -8.09145e-06
v 0.199059 -0.152224 0.357824
vn -0.999973 -0.00740774 -8.09145e-06
v 0.199003 -0.144622 0.361322
vn -0.999973 -0.00740774 -8.09145e-06
v 0.182544 -0.157404 0.336488
vn 0.00469267 -0.634185 0.773167
v 0.199056 -0.151892 0.340754
vn 0.00400962 -0.542091 0.84031
v 0.182506 -0.152015 0.340754
vn 0.00400962 -0.542091 0.84031
v 0.182508 -0.152346 0.357824
vn 0.999973 0.00740774 8.09378e-06
v 0.182506 -0.152015 0.340754
vn 0.999973 0.00740774 8.09378e-06
v 0.182452 -0.144745 0.361322
vn 0.999973 0.00740774 8.09378e-06
v 0.199003 -0.144622 0.361322
vn -0.00249023 0.337189 -0.941434
v 0.182508 -0.152346 0.357824
vn -0.00326805 0.442013 -0.897003
v 0.182452 -0.144745 0.361322
vn -0.00249023 0.337189 -0.941434
v 0.163064 0.1981 0.650622
vn -0.892075 0.444278 -0.0825756
v 0.179944 0.15426 0.367234
vn -0.393349 0.903859 -0.168271
v 0.163392 0.154137 0.367234
vn -0.611598 0.77414 0.163267
v 0.179944 0.15426 0.367234
vn -0.453464 0.875674 -0.166028
v 0.179539 0.198222 0.650622
vn -0.00730842 0.986088 -0.166065
v 0.179615 0.198223 0.650622
vn -0.00730842 0.986088 -0.166065
v 0.179903 0.159649 0.338029
vn -0.999973 -0.00740136 -8.8826e-06
v 0.179615 0.198223 0.650622
vn -0.999973 -0.00740136 -8.8826e-06
v 0.179883 0.162423 0.344346
vn -0.999973 -0.00740136 -8.8826e-06
v 0.163331 0.162301 0.344346
vn 0.00680439 -0.918962 0.394286
v 0.179903 0.159649 0.338029
vn 0.00655143 -0.884935 0.465668
v 0.179883 0.162423 0.344346
vn 0.00680439 -0.918962 0.394286
v 0.16329 0.167934 0.365659
vn -0.561778 -0.503017 0.656795
v 0.163331 0.162301 0.344346
vn 0.999973 0.00740789 8.03315e-06
v 0.163314 0.164604 0.350881
vn 0.999973 0.00740789 8.03315e-06
v 0.16329 0.167934 0.365659
vn -0.576904 -0.496748 0.6484
v 0.163064 0.19801 0.649696
vn -0.999973 -0.00740282 -8.60282e-06
v 0.163239 0.174708 0.409333
vn -0.458326 -0.880659 0.119903
v 0.163239 0.174708 0.409333
vn 0.458326 0.880659 -0.119903
v 0.163064 0.19801 0.649696
vn 0.999973 0.00740282 8.60282e-06
v 0.16329 0.167934 0.365659
vn 0.576904 0.496748 -0.6484
v 0.163064 0.1981 0.650622
vn -0.950856 0.303873 -0.0594478
v 0.163064 0.19801 0.649696
vn -0.999973 -0.00741492 -6.83397e-06
v 0.163392 0.154137 0.367234
vn -0.684664 0.697467 0.211602
v -0.167239 0.136859 0.311058
vn -0.999973 -0.00740839 -8.05816e-06
v -0.167203 0.132036 0.326533
vn -0.454319 0.617466 -0.642129
v -0.167231 0.13573 0.33073
vn -0.454683 0.666457 -0.590845
v -0.167275 0.141668 0.315719
vn 0.0051422 -0.694936 0.719053
v -0.183791 0.136736 0.311058
vn 0.00470505 -0.63595 0.771716
v -0.167239 0.136859 0.311058
vn 0.00470505 -0.63595 0.771716
v -0.183755 0.131914 0.326533
vn 0.445132 0.624129 -0.642121
v -0.183791 0.136736 0.311058
vn 0.999973 0.00740784 7.86949e-06
v -0.183782 0.135607 0.33073
vn 0.444766 0.673122 -0.590839
v -0.183782 0.135607 0.33073
vn 0.441127 0.674367 -0.592145
v -0.167203 0.132036 0.326533
vn -0.450698 0.618857 -0.643341
v -0.183755 0.131914 0.326533
vn 0.441493 0.625466 -0.643333
v 0.199056 -0.151892 0.340754
vn -0.999973 -0.00740798 -8.00029e-06
v 0.199003 -0.144622 0.361322
vn -0.999973 -0.00740798 -8.00029e-06
v 0.199014 -0.14609 0.344322
vn -0.999973 -0.00740798 -8.00029e-06
v 0.199014 -0.14609 0.344322
vn 0.00327173 -0.44251 0.896758
v 0.182506 -0.152015 0.340754
vn 0.00400653 -0.541674 0.840579
v 0.199056 -0.151892 0.340754
vn 0.00400653 -0.541674 0.840579
v 0.182452 -0.144745 0.361322
vn 0.999973 0.00740799 7.99943e-06
v 0.182506 -0.152015 0.340754
vn 0.999973 0.00740799 7.99943e-06
v 0.182462 -0.146213 0.344322
vn 0.999973 0.00740799 7.99943e-06
v 0.182452 -0.144745 0.361322
vn -0.00248594 0.336612 -0.94164
v 0.198943 -0.136702 0.363853
vn -0.00167729 0.227394 -0.973801
v 0.199003 -0.144622 0.361322
vn -0.00248594 0.336612 -0.94164
v 0.179944 0.15426 0.367234
vn -0.393593 0.903755 -0.168263
v 0.163064 0.1981 0.650622
vn -0.892376 0.443691 -0.0824792
v 0.179539 0.198222 0.650622
vn -0.00730378 0.986088 -0.166065
v 0.179539 0.198222 0.650622
vn 0.00123804 -0.166061 -0.986115
v 0.179514 0.211875 0.648126
vn 0.00123804 -0.166061 -0.986115
v 0.179615 0.198223 0.650622
vn 0.00123804 -0.166061 -0.986115
v 0.179615 0.198223 0.650622
vn -0.00123804 0.166061 0.986115
v 0.179514 0.211875 0.648126
vn -0.00123804 0.166061 0.986115
v 0.179539 0.198222 0.650622
vn -0.00123804 0.166061 0.986115
v 0.179883 0.162423 0.344346
vn -0.999972 -0.00741752 -6.82207e-06
v 0.179615 0.198223 0.650622
vn -0.999972 -0.00741752 -6.82207e-06
v 0.179865 0.164727 0.350881
vn -0.999972 -0.00741752 -6.82207e-06
v 0.179883 0.162423 0.344346
vn 0.00680536 -0.919093 0.393981
v 0.163314 0.164604 0.350881
vn 0.00701546 -0.947349 0.320126
v 0.163331 0.162301 0.344346
vn 0.00680536 -0.919093 0.393981
v 0.16329 0.167934 0.365659
vn -0.56197 -0.502939 0.65669
v 0.163314 0.164604 0.350881
vn 0.999973 0.00740766 8.08376e-06
v 0.163301 0.166422 0.357595
vn 0.999973 0.00740766 8.08376e-06
v 0.163239 0.174708 0.409333
vn -0.440812 -0.889391 0.121115
v 0.163064 0.19801 0.649696
vn -0.999973 -0.00740364 -8.45858e-06
v 0.163071 0.197144 0.640762
vn 0.00736521 -0.994481 0.104659
v 0.163071 0.197144 0.640762
vn -0.00736521 0.994481 -0.104659
v 0.163064 0.19801 0.649696
vn 0.999973 0.00740364 8.45858e-06
v 0.163239 0.174708 0.409333
vn 0.440812 0.889391 -0.121115
v 0.16329 0.167934 0.365659
vn -0.552927 -0.520677 0.650513
v 0.179514 0.211875 0.648126
vn 0.00731394 -0.986088 0.166064
v 0.163239 0.174708 0.409333
vn -0.430352 -0.894296 0.122607
v 0.163005 0.206241 0.648756
vn 0.891165 0.45126 -0.0467867
v 0.163064 0.1981 0.650622
vn 0.951144 -0.0448399 -0.305476
v 0.163064 0.19801 0.649696
vn 0.999973 0.00740794 7.78525e-06
v 0.163064 0.1981 0.650622
vn -0.007366 0.994481 -0.104659
v 0.179616 0.198133 0.649696
vn -0.007366 0.994481 -0.104659
v 0.163064 0.19801 0.649696
vn -0.007366 0.994481 -0.104659
v 0.163064 0.19801 0.649696
vn 0.007366 -0.994481 0.104659
v 0.179616 0.198133 0.649696
vn 0.007366 -0.994481 0.104659
v 0.163064 0.1981 0.650622
vn 0.007366 -0.994481 0.104659
v -0.167203 0.132036 0.326533
vn -0.450698 0.618856 -0.643341
v -0.183782 0.135607 0.33073
vn 0.441127 0.674367 -0.592145
v -0.167231 0.13573 0.33073
vn -0.451062 0.667757 -0.592152
v -0.167239 0.136859 0.311058
vn -0.999973 -0.00740794 -8.02766e-06
v -0.167231 0.13573 0.33073
vn -0.454511 0.666524 -0.590903
v -0.167256 0.139104 0.335231
vn -0.454842 0.711296 -0.535889
v -0.183791 0.136736 0.311058
vn 0.00470505 -0.63595 0.771716
v -0.167275 0.141668 0.315719
vn 0.0051422 -0.694936 0.719053
v -0.183826 0.141545 0.315719
vn 0.0051422 -0.694936 0.719053
v -0.167239 0.136859 0.311058
vn -0.999973 -0.00740826 -8.00633e-06
v -0.167256 0.139104 0.335231
vn -0.455831 0.710888 -0.535589
v -0.167275 0.141668 0.315719
vn -0.999973 -0.00740826 -8.00633e-06
v -0.183782 0.135607 0.33073
vn 0.444595 0.673185 -0.590895
v -0.183791 0.136736 0.311058
vn 0.999973 0.0074081 7.89503e-06
v -0.183807 0.138982 0.335231
vn 0.444265 0.717956 -0.535881
v 0.199014 -0.14609 0.344322
vn -0.999973 -0.0074083 -7.97079e-06
v 0.199003 -0.144622 0.361322
vn -0.999973 -0.0074083 -7.97079e-06
v 0.198968 -0.13995 0.347147
vn -0.999973 -0.0074083 -7.97079e-06
v 0.182506 -0.152015 0.340754
vn 0.00400653 -0.541674 0.840579
v 0.199014 -0.14609 0.344322
vn 0.00327173 -0.44251 0.896758
v 0.182462 -0.146213 0.344322
vn 0.00327173 -0.44251 0.896758
v 0.182452 -0.144745 0.361322
vn 0.999973 0.0074083 7.97079e-06
v 0.182462 -0.146213 0.344322
vn 0.999973 0.0074083 7.97079e-06
v 0.182416 -0.140073 0.347147
vn 0.999973 0.0074083 7.97079e-06
v 0.198943 -0.136702 0.363853
vn -0.00167719 0.227394 -0.973801
v 0.182452 -0.144745 0.361322
vn -0.00248585 0.336612 -0.94164
v 0.182392 -0.136824 0.363853
vn -0.00167719 0.227394 -0.973801
v 0.198968 -0.13995 0.347147
vn -0.999973 -0.0074082 -7.90401e-06
v 0.199003 -0.144622 0.361322
vn -0.999973 -0.0074082 -7.90401e-06
v 0.198943 -0.136702 0.363853
vn -0.999973 -0.0074082 -7.90401e-06
v 0.179616 0.198133 0.649696
vn -0.00736599 0.994481 -0.104659
v 0.163064 0.1981 0.650622
vn -0.00736599 0.994481 -0.104659
v 0.179539 0.198222 0.650622
vn -0.00736599 0.994481 -0.104659
v 0.179539 0.198222 0.650622
vn 0.00736599 -0.994481 0.104659
v 0.163064 0.1981 0.650622
vn 0.00736599 -0.994481 0.104659
v 0.179616 0.198133 0.649696
vn 0.00736599 -0.994481 0.104659
v 0.163064 0.1981 0.650622
vn 0.948454 -0.0462147 -0.313528
v 0.179514 0.211875 0.648126
vn 0.00123793 -0.166061 -0.986115
v 0.179539 0.198222 0.650622
vn 0.00123793 -0.166061 -0.986115
v 0.179539 0.198222 0.650622
vn -0.00123793 0.166061 0.986115
v 0.179514 0.211875 0.648126
vn -0.00123793 0.166061 0.986115
v 0.163064 0.1981 0.650622
vn -0.948454 0.0462147 0.313528
v 0.179539 0.198222 0.650622
vn -0.995906 -0.016725 -0.0888294
v 0.179514 0.211875 0.648126
vn -0.995906 -0.016725 -0.0888294
v 0.179616 0.198133 0.649696
vn -0.995906 -0.016725 -0.0888294
v 0.179514 0.211875 0.648126
vn -0.995906 -0.0167245 -0.0888287
v 0.179539 0.198222 0.650622
vn -0.995906 -0.0167245 -0.0888287
v 0.175212 0.203198 0.702278
vn -0.975551 -0.0301359 -0.217697
v 0.179843 0.167867 0.364445
vn -0.999973 -0.00740692 -8.12905e-06
v 0.179615 0.198223 0.650622
vn -0.999973 -0.00740692 -8.12905e-06
v 0.179514 0.211875 0.648126
vn -0.999973 -0.00740692 -8.12905e-06
v 0.179865 0.164727 0.350881
vn -0.999973 -0.00740237 -8.66715e-06
v 0.179615 0.198223 0.650622
vn -0.999973 -0.00740237 -8.66715e-06
v 0.179853 0.166546 0.357595
vn -0.999973 -0.00740237 -8.66715e-06
v 0.163314 0.164604 0.350881
vn 0.0070157 -0.947349 0.320127
v 0.179883 0.162423 0.344346
vn 0.00680559 -0.919093 0.393982
v 0.179865 0.164727 0.350881
vn 0.0070157 -0.947349 0.320127
v 0.16329 0.167934 0.365659
vn -0.562074 -0.502896 0.656633
v 0.163301 0.166422 0.357595
vn 0.999973 0.00740785 8.02951e-06
v 0.163291 0.167745 0.364445
vn 0.453789 -0.875508 0.166014
v 0.16301 0.205374 0.639821
vn 0.999973 0.00740802 8.1673e-06
v 0.163064 0.19801 0.649696
vn 0.999973 0.00740802 8.1673e-06
v 0.163071 0.197144 0.640762
vn 0.999973 0.00740802 8.1673e-06
v -0.167675 0.19556 0.649693
vn 0.007366 -0.994481 0.104658
v 0.163071 0.197144 0.640762
vn 0.007366 -0.994481 0.104658
v 0.163064 0.19801 0.649696
vn 0.007366 -0.994481 0.104658
v 0.163239 0.174708 0.409333
vn -0.382138 -0.915645 0.124763
v 0.16301 0.205374 0.639821
vn 0.999973 0.00740833 7.98878e-06
v 0.163071 0.197144 0.640762
vn 0.0770234 -0.991548 0.104405
v 0.16329 0.167934 0.365659
vn -0.504179 -0.605184 0.616081
v 0.179843 0.167867 0.364445
vn 0.00727173 -0.983135 0.182739
v 0.179514 0.211875 0.648126
vn 0.00729374 -0.986088 0.166065
v 0.163239 0.174708 0.409333
vn -0.388533 -0.912454 0.128338
v 0.179514 0.211875 0.648126
vn 0.00729944 -0.986088 0.166065
v 0.162962 0.211753 0.648126
vn 0.644029 -0.754247 0.127823
v 0.163064 0.1981 0.650622
vn 0.951128 -0.0448482 -0.305524
v 0.163005 0.206241 0.648756
vn 0.891131 0.451327 -0.0467932
v 0.163004 0.206277 0.649127
vn 0.907808 0.25791 -0.330708
v 0.163005 0.206241 0.648756
vn 0.000782917 -0.104657 -0.994508
v 0.179514 0.211875 0.648126
vn 0.000782917 -0.104657 -0.994508
v 0.163064 0.19801 0.649696
vn 0.000782917 -0.104657 -0.994508
v 0.163064 0.19801 0.649696
vn -0.000782917 0.104657 0.994508
v 0.179514 0.211875 0.648126
vn -0.000782917 0.104657 0.994508
v 0.163005 0.206241 0.648756
vn -0.000782917 0.104657 0.994508
v 0.163064 0.19801 0.649696
vn 0.999973 0.00740766 7.8722e-06
v 0.16301 0.205374 0.639821
vn 0.999973 0.00740766 7.8722e-06
v 0.163005 0.206241 0.648756
vn 0.999973 0.00740766 7.8722e-06
v 0.163064 0.19801 0.649696
vn 0.000782952 -0.104657 -0.994508
v 0.179514 0.211875 0.648126
vn 0.000782952 -0.104657 -0.994508
v 0.179616 0.198133 0.649696
vn 0.000782952 -0.104657 -0.994508
v 0.179616 0.198133 0.649696
vn -0.000782952 0.104657 0.994508
v 0.179514 0.211875 0.648126
vn -0.000782952 0.104657 0.994508
v 0.163064 0.19801 0.649696
vn -0.000782952 0.104657 0.994508
v -0.183807 0.138982 0.335231
vn 0.440796 0.719234 -0.537031
v -0.167231 0.13573 0.33073
vn -0.451063 0.667939 -0.591945
v -0.183782 0.135607 0.33073
vn 0.441126 0.67455 -0.591938
v -0.167231 0.13573 0.33073
vn -0.451063 0.66794 -0.591945
v -0.183807 0.138982 0.335231
vn 0.440796 0.719234 -0.53703
v -0.167256 0.139104 0.335231
vn -0.451394 0.712625 -0.537038
v -0.167275 0.141668 0.315719
vn 0.00514398 -0.695175 0.718822
v -0.183858 0.145998 0.320779
vn 0.00554927 -0.749798 0.661643
v -0.183826 0.141545 0.315719
vn 0.00514398 -0.695175 0.718822
v -0.183807 0.138982 0.335231
vn 0.445258 0.717564 -0.535581
v -0.183791 0.136736 0.311058
vn 0.999973 0.00740756 7.90456e-06
v -0.183826 0.141545 0.315719
vn 0.999973 0.00740756 7.90456e-06
v -0.167275 0.141668 0.315719
vn -0.999973 -0.00740765 -7.92949e-06
v -0.167256 0.139104 0.335231
vn -0.454843 0.711296 -0.535889
v -0.167278 0.142139 0.340009
vn -0.455142 0.751561 -0.477496
v 0.198968 -0.13995 0.347147
vn 0.0024898 -0.337133 0.941454
v 0.182462 -0.146213 0.344322
vn 0.00326843 -0.442066 0.896977
v 0.199014 -0.14609 0.344322
vn 0.00326843 -0.442066 0.896977
v 0.182462 -0.146213 0.344322
vn 0.00326842 -0.442066 0.896977
v 0.198968 -0.13995 0.347147
vn 0.0024898 -0.337133 0.941454
v 0.182416 -0.140073 0.347147
vn 0.0024898 -0.337133 0.941454
v 0.182452 -0.144745 0.361322
vn 0.999973 0.0074082 7.90265e-06
v 0.182416 -0.140073 0.347147
vn 0.999973 0.0074082 7.90265e-06
v 0.182392 -0.136824 0.363853
vn 0.999973 0.0074082 7.90265e-06
v 0.182392 -0.136824 0.363853
vn -0.0016728 0.226798 -0.97394
v 0.198884 -0.128567 0.365386
vn -0.000841262 0.114621 -0.993409
v 0.198943 -0.136702 0.363853
vn -0.0016728 0.226798 -0.97394
v 0.198968 -0.13995 0.347147
vn -0.999973 -0.00740776 -8.0069e-06
v 0.198943 -0.136702 0.363853
vn -0.999973 -0.00740776 -8.0069e-06
v 0.198921 -0.133553 0.349193
vn -0.999973 -0.00740776 -8.0069e-06
v 0.163004 0.206277 0.649127
vn 0.906389 0.25664 -0.335551
v 0.179514 0.211875 0.648126
vn 0.00123798 -0.166061 -0.986115
v 0.163064 0.1981 0.650622
vn 0.949521 -0.0456741 -0.310362
v 0.163064 0.1981 0.650622
vn -0.949521 0.0456741 0.310362
v 0.179514 0.211875 0.648126
vn -0.00123798 0.166061 0.986115
v 0.163004 0.206277 0.649127
vn -0.906389 -0.25664 0.335551
v 0.179514 0.211875 0.648126
vn -0.995906 -0.0167255 -0.0888289
v 0.175212 0.203198 0.702278
vn -0.975564 -0.0301309 -0.217639
v 0.175109 0.216941 0.700707
vn -0.975564 -0.0301309 -0.217639
v 0.179853 0.166546 0.357595
vn -0.999973 -0.00740966 -7.80812e-06
v 0.179615 0.198223 0.650622
vn -0.999973 -0.00740966 -7.80812e-06
v 0.179843 0.167867 0.364445
vn -0.999973 -0.00740966 -7.80812e-06
v 0.163301 0.166422 0.357595
vn 0.00718205 -0.969762 0.243946
v 0.179865 0.164727 0.350881
vn 0.00701673 -0.947455 0.319812
v 0.179853 0.166546 0.357595
vn 0.00718205 -0.969762 0.243946
v 0.179865 0.164727 0.350881
vn 0.00701649 -0.947455 0.319811
v 0.163301 0.166422 0.357595
vn 0.00718181 -0.969762 0.243946
v 0.163314 0.164604 0.350881
vn 0.00701649 -0.947455 0.319811
v 0.179853 0.166546 0.357595
vn 0.00718266 -0.969843 0.243624
v 0.163291 0.167745 0.364445
vn 0.452112 -0.876331 0.166252
v 0.163301 0.166422 0.357595
vn 0.00718266 -0.969843 0.243624
v 0.179843 0.167867 0.364445
vn 0.007278 -0.982599 0.185599
v 0.16329 0.167934 0.365659
vn -0.561827 -0.503399 0.656461
v 0.163291 0.167745 0.364445
vn 0.453486 -0.875663 0.166028
v 0.163071 0.197144 0.640762
vn 0.00736597 -0.994481 0.104657
v -0.167675 0.19556 0.649693
vn 0.00736597 -0.994481 0.104657
v -0.16767 0.194694 0.640759
vn 0.00736597 -0.994481 0.104657
v 0.16301 0.205374 0.639821
vn 0.999973 0.00741339 7.24479e-06
v 0.163239 0.174708 0.409333
vn -0.40438 -0.906221 0.123452
v 0.162962 0.211753 0.648126
vn 0.733141 -0.670483 0.113829
v 0.179514 0.211875 0.648126
vn 0.000782958 -0.104657 -0.994508
v 0.163005 0.206241 0.648756
vn 0.000782958 -0.104657 -0.994508
v 0.162962 0.211753 0.648126
vn 0.000782958 -0.104657 -0.994508
v 0.162962 0.211753 0.648126
vn -0.000782958 0.104657 0.994508
v 0.163005 0.206241 0.648756
vn -0.000782958 0.104657 0.994508
v 0.179514 0.211875 0.648126
vn -0.000782958 0.104657 0.994508
v 0.179514 0.211875 0.648126
vn 0.00123795 -0.166061 -0.986115
v 0.163004 0.206277 0.649127
vn 0.906853 0.257068 -0.333965
v 0.162962 0.211753 0.648126
vn 0.706159 -0.112496 -0.69906
v 0.162962 0.211753 0.648126
vn -0.706159 0.112496 0.69906
v 0.163004 0.206277 0.649127
vn -0.906853 -0.257068 0.333965
v 0.179514 0.211875 0.648126
vn -0.00123795 0.166061 0.986115
v 0.175109 0.216941 0.700707
vn 0.00736487 -0.994481 0.10466
v 0.162962 0.211753 0.648126
vn 0.00736487 -0.994481 0.10466
v 0.179514 0.211875 0.648126
vn 0.00736487 -0.994481 0.10466
v 0.162962 0.211753 0.648126
vn 0.708001 -0.112177 -0.697245
v 0.163004 0.206277 0.649127
vn 0.907801 0.257918 -0.33072
v 0.163005 0.206241 0.648756
vn 0.891124 0.451341 -0.0467948
v 0.16301 0.205374 0.639821
vn 0.999973 0.00740836 7.85193e-06
v 0.162962 0.211753 0.648126
vn 0.713147 -0.691135 0.117281
v 0.163005 0.206241 0.648756
vn 0.999973 0.00740836 7.85193e-06
v -0.167365 0.153849 0.331968
vn -0.999973 -0.00740775 -7.84855e-06
v -0.167349 0.151688 0.367232
vn 0.664282 0.716128 0.214221
v -0.167451 0.165483 0.365656
vn 0.557406 -0.499539 0.663144
v -0.167451 0.165483 0.365656
vn 0.655678 -0.453592 0.603606
v -0.167675 0.19556 0.649693
vn 0.999973 0.00740632 8.23199e-06
v -0.167349 0.151688 0.367232
vn 0.741583 0.642809 0.191967
v -0.167349 0.151688 0.367232
vn -0.741583 -0.642809 -0.191967
v -0.167675 0.19556 0.649693
vn -0.999973 -0.00740632 -8.23199e-06
v -0.167451 0.165483 0.365656
vn -0.655678 0.453592 -0.603606
v -0.167675 0.19556 0.649693
vn 0.999973 0.00741214 7.5633e-06
v -0.167502 0.172259 0.40933
vn 0.453939 -0.882762 0.121122
v -0.16767 0.194694 0.640759
vn 0.00736739 -0.994481 0.104659
v -0.16767 0.194694 0.640759
vn -0.00736739 0.994481 -0.104659
v -0.167502 0.172259 0.40933
vn -0.453939 0.882762 -0.121122
v -0.167675 0.19556 0.649693
vn -0.999973 -0.00741214 -7.5633e-06
v -0.16773 0.202925 0.639818
vn -0.999973 -0.00740816 -8.00948e-06
v -0.167502 0.172259 0.40933
vn 0.395653 -0.909885 0.12477
v -0.16767 0.194694 0.640759
vn -0.0623346 -0.99258 0.104404
v -0.18383 0.142016 0.340009
vn 0.440497 0.759586 -0.478531
v -0.167256 0.139104 0.335231
vn -0.451395 0.71279 -0.536817
v -0.183807 0.138982 0.335231
vn 0.440795 0.719399 -0.536809
v -0.183858 0.145998 0.320779
vn 0.00554892 -0.749799 0.661643
v -0.167275 0.141668 0.315719
vn 0.00514362 -0.695176 0.718822
v -0.167307 0.14612 0.32078
vn 0.00554892 -0.749799 0.661643
v -0.18383 0.142016 0.340009
vn 0.44496 0.757806 -0.477222
v -0.183826 0.141545 0.315719
vn 0.999973 0.0074079 8.05745e-06
v -0.183858 0.145998 0.320779
vn 0.999973 0.0074079 8.05745e-06
v -0.183807 0.138982 0.335231
vn 0.444264 0.717956 -0.535881
v -0.183826 0.141545 0.315719
vn 0.999973 0.00740836 8.02986e-06
v -0.18383 0.142016 0.340009
vn 0.443965 0.758221 -0.477489
v -0.167256 0.139104 0.335231
vn -0.451395 0.71279 -0.536818
v -0.18383 0.142016 0.340009
vn 0.440497 0.759586 -0.478531
v -0.167278 0.142139 0.340009
vn -0.451694 0.752976 -0.478539
v -0.167275 0.141668 0.315719
vn -0.999973 -0.00740809 -7.88298e-06
v -0.167278 0.142139 0.340009
vn -0.456129 0.751131 -0.47723
v -0.167307 0.14612 0.32078
vn -0.999973 -0.00740809 -7.88298e-06
v 0.198921 -0.133553 0.349193
vn 0.00167685 -0.227338 0.973814
v 0.182416 -0.140073 0.347147
vn 0.00248634 -0.336668 0.94162
v 0.198968 -0.13995 0.347147
vn 0.00248634 -0.336668 0.94162
v 0.182392 -0.136824 0.363853
vn 0.999973 0.00740776 8.00598e-06
v 0.182416 -0.140073 0.347147
vn 0.999973 0.00740776 8.00598e-06
v 0.18237 -0.133675 0.349193
vn 0.999973 0.00740776 8.00598e-06
v 0.198884 -0.128567 0.365386
vn -0.000841318 0.114621 -0.993409
v 0.182392 -0.136824 0.363853
vn -0.00167285 0.226798 -0.97394
v 0.182333 -0.12869 0.365386
vn -0.000841318 0.114621 -0.993409
v 0.198921 -0.133553 0.349193
vn -0.999973 -0.00740783 -8.03751e-06
v 0.198943 -0.136702 0.363853
vn -0.999973 -0.00740783 -8.03751e-06
v 0.198884 -0.128567 0.365386
vn -0.999973 -0.00740783 -8.03751e-06
v 0.158004 0.207863 0.751708
vn -0.88196 -0.055788 -0.468012
v 0.175109 0.216941 0.700707
vn -0.974012 -0.0308301 -0.22439
v 0.175212 0.203198 0.702278
vn -0.974012 -0.0308301 -0.22439
v 0.163291 0.167745 0.364445
vn 0.452111 -0.876331 0.16625
v 0.179853 0.166546 0.357595
vn 0.00718216 -0.969843 0.243623
v 0.179843 0.167867 0.364445
vn 0.00727774 -0.982581 0.185694
v -0.167675 0.19556 0.649693
vn -0.999973 -0.00740798 -7.8406e-06
v -0.16773 0.202925 0.639818
vn -0.999973 -0.00740798 -7.8406e-06
v -0.16767 0.194694 0.640759
vn -0.999973 -0.00740798 -7.8406e-06
v 0.175109 0.216941 0.700707
vn 0.00736604 -0.994481 0.104659
v 0.159342 0.216395 0.696281
vn 0.00736604 -0.994481 0.104659
v 0.162962 0.211753 0.648126
vn 0.00736604 -0.994481 0.104659
v 0.162669 0.207853 0.665412
vn 0.995906 0.0167252 0.0888292
v 0.160033 0.202724 0.698542
vn 0.975082 0.0303499 0.219758
v 0.162731 0.199623 0.666353
vn 0.995906 0.0167252 0.0888292
v -0.167365 0.153849 0.331968
vn -0.999973 -0.0074073 -7.9389e-06
v -0.167341 0.150535 0.36126
vn -0.455452 0.8632 -0.217827
v -0.167349 0.151688 0.367232
vn 0.672897 0.708716 0.21197
v -0.167365 0.153849 0.331968
vn -0.999973 -0.00740814 -7.9258e-06
v -0.167451 0.165483 0.365656
vn 0.568518 -0.494909 0.657155
v -0.167388 0.157076 0.338025
vn -0.999973 -0.00740814 -7.9258e-06
v -0.167675 0.19556 0.649693
vn 0.999973 0.00741277 7.45769e-06
v -0.167451 0.165483 0.365656
vn 0.584201 -0.488141 0.648404
v -0.167502 0.172259 0.40933
vn 0.471336 -0.873764 0.11991
v -0.167502 0.172259 0.40933
vn -0.471336 0.873764 -0.11991
v -0.167451 0.165483 0.365656
vn -0.584201 0.488141 -0.648404
v -0.167675 0.19556 0.649693
vn -0.999973 -0.00741277 -7.45769e-06
v -0.167677 0.19565 0.650619
vn 0.94625 0.317929 -0.0594345
v -0.167349 0.151688 0.367232
vn 0.674253 0.707533 0.211612
v -0.167675 0.19556 0.649693
vn 0.999973 0.00740451 8.58678e-06
v -0.167349 0.151688 0.367232
vn 0.600379 0.782827 0.163481
v -0.184152 0.195528 0.650618
vn -0.00730224 0.986088 -0.166065
v -0.167677 0.19565 0.650619
vn 0.885703 0.456869 -0.0824669
v -0.18424 0.197139 0.570502
vn 0.00730934 -0.986088 0.166066
v -0.167451 0.165483 0.365656
vn 0.560578 -0.512424 0.650518
v -0.167502 0.172259 0.40933
vn 0.443564 -0.887816 0.122615
v -0.167502 0.172259 0.40933
vn 0.417765 -0.900128 0.123458
v -0.16773 0.202925 0.639818
vn -0.999973 -0.00740558 -8.3699e-06
v -0.167778 0.209303 0.648123
vn -0.723123 -0.681277 0.113818
v -0.167307 0.14612 0.32078
vn 0.00555055 -0.750018 0.661394
v -0.183888 0.150067 0.326206
vn 0.00592101 -0.799932 0.600062
v -0.183858 0.145998 0.320779
vn 0.00555055 -0.750018 0.661394
v -0.18383 0.142016 0.340009
vn 0.443966 0.758221 -0.477488
v -0.183858 0.145998 0.320779
vn 0.999973 0.00740802 8.05796e-06
v -0.183849 0.144693 0.345032
vn 0.443703 0.793727 -0.416083
v -0.183849 0.144693 0.345032
vn 0.440233 0.79517 -0.417013
v -0.167278 0.142139 0.340009
vn -0.451695 0.753123 -0.478306
v -0.18383 0.142016 0.340009
vn 0.440496 0.759733 -0.478299
v -0.167307 0.14612 0.32078
vn -0.999973 -0.00740821 -7.95341e-06
v -0.167278 0.142139 0.340009
vn -0.455142 0.75156 -0.477497
v -0.167297 0.144815 0.345032
vn -0.455405 0.787067 -0.416092
v 0.182416 -0.140073 0.347147
vn 0.00248627 -0.336668 0.94162
v 0.198921 -0.133553 0.349193
vn 0.00167678 -0.227338 0.973814
v 0.18237 -0.133675 0.349193
vn 0.00167678 -0.227338 0.973814
v 0.182392 -0.136824 0.363853
vn 0.999973 0.00740783 8.03838e-06
v 0.18237 -0.133675 0.349193
vn 0.999973 0.00740783 8.03838e-06
v 0.182333 -0.12869 0.365386
vn 0.999973 0.00740783 8.03838e-06
v 0.182333 -0.12869 0.365386
vn -0.000836795 0.114013 -0.993479
v 0.198822 -0.120324 0.365899
vn -0.000206181 0.0288212 -0.999585
v 0.198884 -0.128567 0.365386
vn -0.000836795 0.114013 -0.993479
v 0.198921 -0.133553 0.349193
vn -0.999973 -0.00740818 -7.92243e-06
v 0.198884 -0.128567 0.365386
vn -0.999973 -0.00740818 -7.92243e-06
v 0.198871 -0.126982 0.350431
vn -0.999973 -0.00740818 -7.92243e-06
v 0.175109 0.216941 0.700707
vn -0.974012 -0.0308294 -0.224389
v 0.158004 0.207863 0.751708
vn -0.881959 -0.0557874 -0.468012
v 0.157902 0.221605 0.750138
vn -0.881959 -0.0557874 -0.468012
v -0.16773 0.202925 0.639818
vn -0.999973 -0.00740799 -7.84707e-06
v -0.167675 0.19556 0.649693
vn -0.999973 -0.00740799 -7.84707e-06
v -0.167737 0.20379 0.648752
vn -0.999973 -0.00740799 -7.84707e-06
v 0.159342 0.216395 0.696281
vn 0.00736614 -0.994481 0.104659
v 0.175109 0.216941 0.700707
vn 0.00736614 -0.994481 0.104659
v 0.159975 0.216416 0.696459
vn 0.00736614 -0.994481 0.104659
v -0.167737 0.20379 0.648752
vn -0.89772 0.438074 -0.0468071
v -0.167677 0.19565 0.650619
vn -0.950354 -0.0589355 -0.305538
v -0.167737 0.203827 0.649125
vn -0.911524 0.244432 -0.330722
v -0.167778 0.209303 0.648123
vn -0.706249 -0.122655 -0.697257
v -0.167737 0.20379 0.648752
vn -0.897712 0.438088 -0.0468086
v -0.167737 0.203827 0.649125
vn -0.911517 0.244441 -0.330733
v 0.160033 0.202724 0.698542
vn 0.975082 0.0303509 0.219758
v 0.162669 0.207853 0.665412
vn 0.995906 0.0167262 0.0888294
v 0.159971 0.210954 0.697602
vn 0.975082 0.0303509 0.219758
v -0.167778 0.209303 0.648123
vn -0.70283 -0.701625 0.11727
v -0.16773 0.202925 0.639818
vn -0.999973 -0.00740804 -7.89262e-06
v -0.167737 0.20379 0.648752
vn -0.999973 -0.00740804 -7.89262e-06
v -0.167338 0.15019 0.326206
vn -0.999973 -0.00740777 -8.02796e-06
v -0.167341 0.150535 0.36126
vn -0.457544 0.862158 -0.21757
v -0.167365 0.153849 0.331968
vn -0.999973 -0.00740777 -8.02796e-06
v -0.167388 0.157076 0.338025
vn -0.999973 -0.0074075 -8.14584e-06
v -0.167451 0.165483 0.365656
vn 0.56888 -0.494755 0.656957
v -0.167408 0.15985 0.344343
vn -0.999973 -0.0074075 -8.14584e-06
v -0.183941 0.156954 0.338025
vn 0.00655029 -0.88478 0.465962
v -0.167365 0.153849 0.331968
vn 0.00625652 -0.845199 0.534415
v -0.167388 0.157076 0.338025
vn 0.00655029 -0.88478 0.465962
v -0.167675 0.19556 0.649693
vn -0.00736598 0.994481 -0.104659
v -0.184152 0.195528 0.650618
vn -0.00736598 0.994481 -0.104659
v -0.167677 0.19565 0.650619
vn -0.00736598 0.994481 -0.104659
v -0.167677 0.19565 0.650619
vn 0.00736598 -0.994481 0.104659
v -0.184152 0.195528 0.650618
vn 0.00736598 -0.994481 0.104659
v -0.167675 0.19556 0.649693
vn 0.00736598 -0.994481 0.104659
v -0.167677 0.19565 0.650619
vn -0.95037 -0.0589274 -0.30549
v -0.167737 0.20379 0.648752
vn -0.897753 0.438007 -0.0468003
v -0.167675 0.19556 0.649693
vn -0.999973 -0.00740801 -8.10989e-06
v -0.167349 0.151688 0.367232
vn 0.673595 0.70821 0.211445
v -0.184229 0.195528 0.650618
vn -0.00729817 0.986088 -0.166065
v -0.184152 0.195528 0.650618
vn -0.00729817 0.986088 -0.166065
v -0.184152 0.195528 0.650618
vn 0.00123828 -0.166061 -0.986115
v -0.167737 0.203827 0.649125
vn -0.910093 0.24319 -0.335542
v -0.167677 0.19565 0.650619
vn -0.948743 -0.0597338 -0.310354
v -0.167677 0.19565 0.650619
vn 0.948743 0.0597338 0.310354
v -0.167737 0.203827 0.649125
vn 0.910093 -0.24319 0.335542
v -0.184152 0.195528 0.650618
vn -0.00123828 0.166061 0.986115
v -0.18424 0.197139 0.570502
vn 0.0073082 -0.986088 0.166065
v -0.16745 0.165294 0.364441
vn -0.440463 -0.882287 0.166021
v -0.167451 0.165483 0.365656
vn 0.569213 -0.49502 0.656469
v -0.18424 0.197139 0.570502
vn 0.0073044 -0.986088 0.166065
v -0.167502 0.172259 0.40933
vn 0.402004 -0.906598 0.128344
v -0.167778 0.209303 0.648123
vn -0.632788 -0.763703 0.127812
v -0.183888 0.150067 0.326206
vn 0.00592136 -0.799931 0.600063
v -0.167307 0.14612 0.32078
vn 0.0055509 -0.750018 0.661395
v -0.167338 0.15019 0.326206
vn 0.00592136 -0.799931 0.600063
v -0.183867 0.146994 0.350271
vn 0.444724 0.823682 -0.351808
v -0.183858 0.145998 0.320779
vn 0.999973 0.00740771 8.07211e-06
v -0.183888 0.150067 0.326206
vn 0.999973 0.00740771 8.07211e-06
v -0.183849 0.144693 0.345032
vn 0.443447 0.793839 -0.416143
v -0.183858 0.145998 0.320779
vn 0.999973 0.00740783 8.03993e-06
v -0.183867 0.146994 0.350271
vn 0.443218 0.824366 -0.352106
v -0.167278 0.142139 0.340009
vn -0.451695 0.753124 -0.478306
v -0.183849 0.144693 0.345032
vn 0.440233 0.79517 -0.417012
v -0.167297 0.144815 0.345032
vn -0.451958 0.788561 -0.41702
v -0.167307 0.14612 0.32078
vn -0.999973 -0.00740802 -7.94969e-06
v -0.167297 0.144815 0.345032
vn -0.455151 0.787182 -0.416151
v -0.167314 0.147116 0.350271
vn -0.455378 0.817708 -0.352113
v 0.198871 -0.126982 0.350431
vn 0.000840827 -0.114563 0.993416
v 0.18237 -0.133675 0.349193
vn 0.00167322 -0.226855 0.973927
v 0.198921 -0.133553 0.349193
vn 0.00167322 -0.226855 0.973927
v 0.182333 -0.12869 0.365386
vn 0.999973 0.00740818 7.92434e-06
v 0.18237 -0.133675 0.349193
vn 0.999973 0.00740818 7.92434e-06
v 0.18232 -0.127104 0.35043
vn 0.999973 0.00740818 7.92434e-06
v 0.198822 -0.120324 0.365899
vn -0.000206181 0.0288212 -0.999585
v 0.182333 -0.12869 0.365386
vn -0.000836795 0.114013 -0.993479
v 0.18227 -0.120447 0.365899
vn 0.44502 0.029121 -0.895047
v 0.198871 -0.126982 0.350431
vn -0.999973 -0.00740797 -7.87372e-06
v 0.198884 -0.128567 0.365386
vn -0.999973 -0.00740797 -7.87372e-06
v 0.198822 -0.120324 0.365899
vn -0.999973 -0.00740797 -7.87372e-06
v 0.159971 0.210954 0.697602
vn 0.974362 0.0306752 0.222885
v 0.144297 0.206989 0.743747
vn 0.486969 -0.0878437 -0.86899
v 0.160033 0.202724 0.698542
vn 0.974362 0.0306752 0.222885
v 0.129239 0.211791 0.794424
vn -0.724759 -0.0774202 -0.684639
v 0.157902 0.221605 0.750138
vn -0.878658 -0.0564043 -0.474108
v 0.158004 0.207863 0.751708
vn -0.878658 -0.0564043 -0.474108
v -0.167675 0.19556 0.649693
vn 0.00078275 -0.104657 -0.994508
v -0.167778 0.209303 0.648123
vn 0.00078275 -0.104657 -0.994508
v -0.167737 0.20379 0.648752
vn 0.00078275 -0.104657 -0.994508
v -0.167737 0.20379 0.648752
vn -0.00078275 0.104657 0.994508
v -0.167778 0.209303 0.648123
vn -0.00078275 0.104657 0.994508
v -0.167675 0.19556 0.649693
vn -0.00078275 0.104657 0.994508
v 0.159975 0.216416 0.696459
vn 0.00736592 -0.994481 0.104659
v 0.175109 0.216941 0.700707
vn 0.00736592 -0.994481 0.104659
v 0.159931 0.216466 0.696972
vn 0.00736592 -0.994481 0.104659
v 0.159975 0.216416 0.696459
vn 0.00736446 -0.994481 0.104659
v 0.143913 0.220679 0.741641
vn 0.00736446 -0.994481 0.104659
v 0.159342 0.216395 0.696281
vn 0.00736446 -0.994481 0.104659
v -0.184152 0.195528 0.650618
vn 0.00123846 -0.166062 -0.986115
v -0.167778 0.209303 0.648123
vn -0.70441 -0.122946 -0.699064
v -0.167737 0.203827 0.649125
vn -0.910562 0.243608 -0.333964
v -0.167737 0.203827 0.649125
vn 0.910562 -0.243608 0.333964
v -0.167778 0.209303 0.648123
vn 0.70441 0.122946 0.699064
v -0.184152 0.195528 0.650618
vn -0.00123846 0.166062 0.986115
v -0.167338 0.15019 0.326206
vn -0.999973 -0.00740894 -8.00022e-06
v -0.167329 0.149026 0.355691
vn -0.455231 0.84322 -0.28591
v -0.167341 0.150535 0.36126
vn -0.455378 0.863237 -0.217837
v -0.183917 0.153727 0.331968
vn 0.00625522 -0.845022 0.534695
v -0.167338 0.15019 0.326206
vn 0.00592264 -0.800131 0.599796
v -0.167365 0.153849 0.331968
vn 0.00625522 -0.845022 0.534695
v -0.167408 0.15985 0.344343
vn -0.999973 -0.00740865 -7.81482e-06
v -0.167451 0.165483 0.365656
vn 0.569157 -0.494639 0.656805
v -0.167426 0.162154 0.350879
vn -0.999973 -0.00740865 -7.81482e-06
v -0.18396 0.159728 0.344342
vn 0.00680428 -0.918962 0.394286
v -0.167388 0.157076 0.338025
vn 0.00655133 -0.884935 0.465668
v -0.167408 0.15985 0.344343
vn 0.00680428 -0.918962 0.394286
v -0.167365 0.153849 0.331968
vn 0.00625653 -0.845199 0.534415
v -0.183941 0.156954 0.338025
vn 0.00655029 -0.88478 0.465962
v -0.183917 0.153727 0.331968
vn 0.00625653 -0.845199 0.534415
v -0.167388 0.157076 0.338025
vn 0.00655143 -0.884935 0.465668
v -0.18396 0.159728 0.344342
vn 0.00680439 -0.918962 0.394287
v -0.183941 0.156954 0.338025
vn 0.00655143 -0.884935 0.465668
v -0.184152 0.195528 0.650618
vn -0.007366 0.994481 -0.10466
v -0.167675 0.19556 0.649693
vn -0.007366 0.994481 -0.10466
v -0.184227 0.195437 0.649693
vn -0.007366 0.994481 -0.10466
v -0.184227 0.195437 0.649693
vn 0.007366 -0.994481 0.10466
v -0.167675 0.19556 0.649693
vn 0.007366 -0.994481 0.10466
v -0.184152 0.195528 0.650618
vn 0.007366 -0.994481 0.10466
v -0.184229 0.195528 0.650618
vn -0.00731628 0.986087 -0.166066
v -0.167349 0.151688 0.367232
vn 0.600047 0.783125 0.163276
v -0.183901 0.151564 0.367232
vn 0.379903 0.909593 -0.168266
v -0.184229 0.195528 0.650618
vn 0.00123795 -0.166061 -0.986115
v -0.167778 0.209303 0.648123
vn -0.70619 -0.122664 -0.697315
v -0.184152 0.195528 0.650618
vn 0.00123795 -0.166061 -0.986115
v -0.184152 0.195528 0.650618
vn -0.00123795 0.166061 0.986115
v -0.167778 0.209303 0.648123
vn 0.70619 0.122664 0.697315
v -0.184229 0.195528 0.650618
vn -0.00123795 0.166061 0.986115
v -0.184152 0.195528 0.650618
vn 0.996046 -0.001969 -0.0888129
v -0.184329 0.209181 0.648123
vn 0.996046 -0.001969 -0.0888129
v -0.179899 0.200568 0.702275
vn 0.975894 -0.0156802 -0.217683
v -0.16745 0.165294 0.364441
vn -0.394984 -0.903237 0.167781
v -0.18424 0.197139 0.570502
vn 0.0073 -0.986088 0.166065
v -0.184002 0.165172 0.364441
vn 0.00727702 -0.983004 0.183438
v -0.16744 0.163973 0.357593
vn -0.999973 -0.0074081 -7.97743e-06
v -0.167451 0.165483 0.365656
vn 0.569451 -0.494514 0.656644
v -0.16745 0.165294 0.364441
vn -0.440773 -0.882134 0.166006
v -0.18424 0.197139 0.570502
vn 0.00730239 -0.986088 0.166065
v -0.167778 0.209303 0.648123
vn -0.678538 -0.724505 0.121154
v -0.184329 0.209181 0.648123
vn 0.00730239 -0.986088 0.166065
v -0.167307 0.14612 0.32078
vn -0.999973 -0.00740792 -7.91252e-06
v -0.167314 0.147116 0.350271
vn -0.456875 0.817002 -0.351815
v -0.167338 0.15019 0.326206
vn -0.999973 -0.00740792 -7.91252e-06
v -0.167338 0.15019 0.326206
vn 0.00592285 -0.800131 0.599796
v -0.183917 0.153727 0.331968
vn 0.00625543 -0.845022 0.534696
v -0.183888 0.150067 0.326206
vn 0.00592285 -0.800131 0.599796
v -0.183867 0.146994 0.350271
vn 0.443217 0.824366 -0.352106
v -0.183888 0.150067 0.326206
vn 0.999973 0.00740772 8.02253e-06
v -0.183881 0.148904 0.355691
vn 0.443029 0.849715 -0.285849
v -0.183867 0.146994 0.350271
vn 0.440004 0.825762 -0.352865
v -0.167297 0.144815 0.345032
vn -0.451958 0.788689 -0.416777
v -0.183849 0.144693 0.345032
vn 0.440232 0.795298 -0.416769
v -0.167297 0.144815 0.345032
vn -0.451958 0.788689 -0.416777
v -0.183867 0.146994 0.350271
vn 0.440004 0.825762 -0.352865
v -0.167314 0.147116 0.350271
vn -0.452185 0.819152 -0.352872
v 0.18237 -0.133675 0.349193
vn 0.00167295 -0.226854 0.973927
v 0.198871 -0.126982 0.350431
vn 0.000840564 -0.114562 0.993416
v 0.18232 -0.127104 0.35043
vn 0.000840564 -0.114562 0.993416
v 0.182333 -0.12869 0.365386
vn 0.999973 0.0074085 7.93817e-06
v 0.18232 -0.127104 0.35043
vn 0.999973 0.0074085 7.93817e-06
v 0.18227 -0.120447 0.365899
vn 0.450754 0.0289283 -0.892179
v 0.18227 -0.120447 0.365899
vn 0.400247 0.0259198 -0.916041
v 0.197352 0.078295 0.365908
vn 6.16347e-06 4.00317e-05 -1
v 0.198822 -0.120324 0.365899
vn -0.000181548 0.0253882 -0.999678
v 0.198871 -0.126982 0.350431
vn -0.999973 -0.00740784 -7.95006e-06
v 0.198822 -0.120324 0.365899
vn -0.999973 -0.00740784 -7.95006e-06
v 0.19882 -0.119927 0.35087
vn -0.999973 -0.00740784 -7.95006e-06
v 0.144297 0.206989 0.743747
vn 0.486971 -0.087847 -0.868989
v 0.159971 0.210954 0.697602
vn 0.974362 0.0306718 0.222885
v 0.144238 0.21522 0.742807
vn 0.486971 -0.087847 -0.868989
v -0.164715 0.200318 0.698538
vn 0.975428 -0.0159003 -0.219743
v -0.167425 0.205408 0.66541
vn 0.996046 -0.00196882 -0.0888128
v -0.164776 0.208548 0.697599
vn 0.975428 -0.0159003 -0.219743
v -0.167425 0.205408 0.66541
vn 0.996046 -0.00197013 -0.088813
v -0.164715 0.200318 0.698538
vn 0.975428 -0.0159016 -0.219743
v -0.167366 0.197177 0.66635
vn 0.996046 -0.00197013 -0.088813
v 0.157902 0.221605 0.750138
vn -0.878658 -0.0564042 -0.474108
v 0.129239 0.211791 0.794424
vn -0.72476 -0.07742 -0.684638
v 0.129137 0.225534 0.792855
vn -0.72476 -0.07742 -0.684638
v 0.117991 0.210582 0.78281
vn -0.72369 -0.0775282 -0.685757
v 0.144238 0.21522 0.742807
vn 0.461599 -0.0894604 -0.882566
v 0.144297 0.206989 0.743747
vn 0.461599 -0.0894604 -0.882566
v -0.184227 0.195437 0.649693
vn 0.000782956 -0.104658 -0.994508
v -0.167778 0.209303 0.648123
vn 0.000782956 -0.104658 -0.994508
v -0.167675 0.19556 0.649693
vn 0.000782956 -0.104658 -0.994508
v -0.167675 0.19556 0.649693
vn -0.000782956 0.104658 0.994508
v -0.167778 0.209303 0.648123
vn -0.000782956 0.104658 0.994508
v -0.184227 0.195437 0.649693
vn -0.000782956 0.104658 0.994508
v 0.143913 0.220679 0.741641
vn 0.00736683 -0.994481 0.104659
v 0.159975 0.216416 0.696459
vn 0.00736683 -0.994481 0.104659
v 0.159931 0.216466 0.696972
vn 0.00736683 -0.994481 0.104659
v -0.167338 0.15019 0.326206
vn -0.999973 -0.00740792 -7.94705e-06
v -0.167314 0.147116 0.350271
vn -0.455378 0.817709 -0.352113
v -0.167329 0.149026 0.355691
vn -0.455567 0.843057 -0.285856
v -0.167329 0.149026 0.355691
vn -0.452375 0.844644 -0.286238
v -0.183892 0.150412 0.36126
vn 0.439666 0.871225 -0.218314
v -0.167341 0.150535 0.36126
vn -0.452522 0.864616 -0.218321
v -0.167426 0.162154 0.350879
vn -0.999973 -0.0074079 -8.01287e-06
v -0.167451 0.165483 0.365656
vn 0.569348 -0.494558 0.656701
v -0.16744 0.163973 0.357593
vn -0.999973 -0.0074079 -8.01287e-06
v -0.167408 0.15985 0.344343
vn 0.00680527 -0.919093 0.393981
v -0.183977 0.162031 0.350879
vn 0.00701537 -0.947349 0.320126
v -0.18396 0.159728 0.344342
vn 0.00680527 -0.919093 0.393981
v -0.184229 0.195528 0.650618
vn 0.999973 0.00740845 7.93382e-06
v -0.183917 0.153727 0.331968
vn 0.999973 0.00740845 7.93382e-06
v -0.183941 0.156954 0.338025
vn 0.999973 0.00740845 7.93382e-06
v -0.184229 0.195528 0.650618
vn 0.999973 0.00740136 8.88409e-06
v -0.183941 0.156954 0.338025
vn 0.999973 0.00740136 8.88409e-06
v -0.18396 0.159728 0.344342
vn 0.999973 0.00740136 8.88409e-06
v -0.184329 0.209181 0.648123
vn 0.996046 -0.00196898 -0.0888128
v -0.184152 0.195528 0.650618
vn 0.996046 -0.00196898 -0.0888128
v -0.184227 0.195437 0.649693
vn 0.996046 -0.00196898 -0.0888128
v -0.167341 0.150535 0.36126
vn -0.452451 0.86472 -0.218055
v -0.183901 0.151564 0.367232
vn 0.439298 0.882831 -0.166214
v -0.167349 0.151688 0.367232
vn 0.672336 0.709703 0.210441
v -0.183901 0.151564 0.367232
vn 0.50047 0.850839 -0.160011
v -0.183917 0.153727 0.331968
vn 0.999973 0.00741054 7.63264e-06
v -0.184229 0.195528 0.650618
vn 0.999973 0.00741054 7.63264e-06
v -0.167778 0.209303 0.648123
vn -0.701709 -0.123369 -0.701701
v -0.184229 0.195528 0.650618
vn 0.00123787 -0.166061 -0.986115
v -0.184329 0.209181 0.648123
vn 0.00123787 -0.166061 -0.986115
v -0.184329 0.209181 0.648123
vn -0.00123787 0.166061 0.986115
v -0.184229 0.195528 0.650618
vn -0.00123787 0.166061 0.986115
v -0.167778 0.209303 0.648123
vn 0.701709 0.123369 0.701701
v -0.179899 0.200568 0.702275
vn 0.975906 -0.0156755 -0.217625
v -0.184329 0.209181 0.648123
vn 0.996046 -0.00197046 -0.0888131
v -0.18 0.21431 0.700705
vn 0.975906 -0.0156755 -0.217625
v -0.184229 0.195528 0.650618
vn 0.999973 0.00740476 8.37606e-06
v -0.184002 0.165172 0.364441
vn 0.999973 0.00740476 8.37606e-06
v -0.18424 0.197139 0.570502
vn 0.999973 0.00740476 8.37606e-06
v -0.184002 0.165172 0.364441
vn 0.00727774 -0.982581 0.185694
v -0.16744 0.163973 0.357593
vn 0.00718216 -0.969843 0.243623
v -0.16745 0.165294 0.364441
vn -0.439084 -0.882932 0.166243
v -0.167778 0.209303 0.648123
vn 0.000782899 -0.104657 -0.994508
v -0.184227 0.195437 0.649693
vn 0.000782899 -0.104657 -0.994508
v -0.184329 0.209181 0.648123
vn 0.000782899 -0.104657 -0.994508
v -0.184329 0.209181 0.648123
vn -0.000782899 0.104657 0.994508
v -0.184227 0.195437 0.649693
vn -0.000782899 0.104657 0.994508
v -0.167778 0.209303 0.648123
vn -0.000782899 0.104657 0.994508
v -0.184229 0.195528 0.650618
vn 0.999973 0.00740763 8.17088e-06
v -0.18424 0.197139 0.570502
vn 0.999973 0.00740763 8.17088e-06
v -0.184329 0.209181 0.648123
vn 0.999973 0.00740763 8.17088e-06
v -0.183892 0.150412 0.36126
vn 0.444725 0.868842 -0.217562
v -0.183888 0.150067 0.326206
vn 0.999973 0.00740904 8.0165e-06
v -0.183917 0.153727 0.331968
vn 0.999973 0.00740904 8.0165e-06
v -0.183881 0.148904 0.355691
vn 0.44269 0.849873 -0.285904
v -0.183888 0.150067 0.326206
vn 0.999973 0.00740768 8.01453e-06
v -0.183892 0.150412 0.36126
vn 0.442541 0.869889 -0.21783
v -0.183881 0.148904 0.355691
vn 0.439815 0.851166 -0.286493
v -0.167314 0.147116 0.350271
vn -0.452186 0.819261 -0.352618
v -0.183867 0.146994 0.350271
vn 0.440003 0.825871 -0.352612
v 0.19882 -0.119927 0.35087
vn 0.00020572 -0.0287993 0.999585
v 0.18232 -0.127104 0.35043
vn 0.000836819 -0.114056 0.993474
v 0.198871 -0.126982 0.350431
vn 0.000836819 -0.114056 0.993474
v 0.18227 -0.120447 0.365899
vn 0.450238 0.0289313 -0.89244
v 0.18232 -0.127104 0.35043
vn 0.999973 0.00740783 8.22641e-06
v 0.182269 -0.12005 0.350869
vn 0.450604 -0.0222582 0.892446
v 0.197352 0.078295 0.365908
vn 6.16347e-06 4.00317e-05 -1
v 0.18227 -0.120447 0.365899
vn 0.400247 0.0259198 -0.916041
v 0.180799 0.078172 0.365908
vn 0.645537 0.0048123 -0.763714
v 0.19882 -0.119927 0.35087
vn -0.999973 -0.00740779 -6.83095e-06
v 0.198822 -0.120324 0.365899
vn -0.999973 -0.00740779 -6.83095e-06
v 0.197352 0.078295 0.365908
vn -0.999973 -0.00740779 -6.83095e-06
v -0.164776 0.208548 0.697599
vn 0.974713 -0.0162342 -0.222871
v -0.149045 0.204817 0.743745
vn 0.881966 -0.0428615 -0.469361
v -0.164715 0.200318 0.698538
vn 0.974713 -0.0162342 -0.222871
v 0.0909875 0.2147 0.827347
vn -0.515302 -0.0934703 -0.851896
v 0.129137 0.225534 0.792855
vn -0.719947 -0.0779108 -0.689642
v 0.129239 0.211791 0.794424
vn -0.719947 -0.0779108 -0.689642
v 0.143913 0.220679 0.741641
vn 0.00736439 -0.994481 0.104659
v 0.159931 0.216466 0.696972
vn 0.00736439 -0.994481 0.104659
v 0.144196 0.220732 0.742176
vn 0.00736439 -0.994481 0.104659
v 0.117801 0.22429 0.780895
vn 0.00736723 -0.994481 0.10466
v 0.144196 0.220732 0.742176
vn 0.00736723 -0.994481 0.10466
v 0.11789 0.224325 0.781241
vn 0.00736723 -0.994481 0.10466
v 0.144238 0.21522 0.742807
vn 0.4616 -0.0894604 -0.882565
v 0.117991 0.210582 0.78281
vn -0.723689 -0.0775284 -0.685757
v 0.117932 0.218812 0.78187
vn -0.723689 -0.0775284 -0.685757
v -0.164816 0.21406 0.69697
vn 0.00736599 -0.994481 0.104659
v -0.167467 0.21092 0.66478
vn 0.00736599 -0.994481 0.104659
v -0.167778 0.209303 0.648123
vn 0.00736599 -0.994481 0.104659
v -0.149045 0.204817 0.743745
vn 0.881965 -0.0428628 -0.469361
v -0.164776 0.208548 0.697599
vn 0.974713 -0.0162354 -0.22287
v -0.149107 0.213046 0.742804
vn 0.881965 -0.0428628 -0.469361
v -0.167314 0.147116 0.350271
vn -0.452186 0.819261 -0.352618
v -0.183881 0.148904 0.355691
vn 0.439815 0.851166 -0.286493
v -0.167329 0.149026 0.355691
vn -0.452375 0.844556 -0.286499
v -0.183892 0.150412 0.36126
vn 0.439666 0.871225 -0.218313
v -0.167329 0.149026 0.355691
vn -0.452375 0.844645 -0.286238
v -0.183881 0.148904 0.355691
vn 0.439814 0.851255 -0.286231
v -0.183901 0.151564 0.367232
vn 0.439298 0.882831 -0.166213
v -0.167341 0.150535 0.36126
vn -0.452451 0.86472 -0.218054
v -0.183892 0.150412 0.36126
vn 0.439594 0.871328 -0.218047
v -0.183992 0.16385 0.357593
vn 0.00718181 -0.969762 0.243946
v -0.167426 0.162154 0.350879
vn 0.00701648 -0.947455 0.319812
v -0.16744 0.163973 0.357593
vn 0.00718181 -0.969762 0.243946
v -0.183977 0.162031 0.350879
vn 0.00701569 -0.947349 0.320127
v -0.167408 0.15985 0.344343
vn 0.00680559 -0.919093 0.393982
v -0.167426 0.162154 0.350879
vn 0.00701569 -0.947349 0.320127
v -0.184229 0.195528 0.650618
vn 0.999973 0.0074067 8.19664e-06
v -0.18396 0.159728 0.344342
vn 0.999973 0.0074067 8.19664e-06
v -0.183977 0.162031 0.350879
vn 0.999973 0.0074067 8.19664e-06
v -0.183892 0.150412 0.36126
vn 0.442616 0.869853 -0.21782
v -0.183917 0.153727 0.331968
vn 0.999973 0.00740858 8.02502e-06
v -0.183901 0.151564 0.367232
vn 0.442321 0.881386 -0.165863
v -0.18 0.21431 0.700705
vn 0.974365 -0.016397 -0.224375
v -0.162764 0.205487 0.751706
vn 0.882695 -0.0427149 -0.468
v -0.179899 0.200568 0.702275
vn 0.974365 -0.016397 -0.224375
v -0.184229 0.195528 0.650618
vn 0.999973 0.00740958 7.81703e-06
v -0.183992 0.16385 0.357593
vn 0.999973 0.00740958 7.81703e-06
v -0.184002 0.165172 0.364441
vn 0.999973 0.00740958 7.81703e-06
v -0.16744 0.163973 0.357593
vn 0.00718241 -0.969843 0.243624
v -0.184002 0.165172 0.364441
vn 0.00727799 -0.98258 0.185695
v -0.183992 0.16385 0.357593
vn 0.00718241 -0.969843 0.243624
v 0.18232 -0.127104 0.35043
vn 0.000836836 -0.114056 0.993474
v 0.19882 -0.119927 0.35087
vn 0.000205737 -0.0287993 0.999585
v 0.182269 -0.12005 0.350869
vn 0.445698 -0.0224963 0.894901
v 0.18227 -0.120447 0.365899
vn 0.527532 0.02826 -0.849065
v 0.182269 -0.12005 0.350869
vn 0.527875 -0.0204417 0.849076
v 0.180799 0.078172 0.365908
vn 0.755473 0.00562214 -0.655156
v 0.180799 0.078172 0.365908
vn 0.00349601 -0.471004 -0.882124
v 0.197309 0.083981 0.362611
vn 0.00375195 -0.505514 -0.86281
v 0.197352 0.078295 0.365908
vn 0.00349601 -0.471004 -0.882124
v 0.19882 -0.119927 0.35087
vn -0.999973 -0.0074076 -9.69202e-06
v 0.197352 0.078295 0.365908
vn -0.999973 -0.0074076 -9.69202e-06
v 0.197378 0.074831 0.350878
vn -0.999973 -0.0074076 -9.69202e-06
v 0.129137 0.225534 0.792855
vn -0.719947 -0.0779124 -0.689642
v 0.0909875 0.2147 0.827347
vn -0.515301 -0.093472 -0.851897
v 0.0908855 0.228442 0.825776
vn -0.515301 -0.093472 -0.851897
v 0.0830105 0.213242 0.812918
vn -0.513971 -0.0935432 -0.852692
v 0.117932 0.218812 0.78187
vn -0.721023 -0.0778007 -0.68853
v 0.117991 0.210582 0.78281
vn -0.721023 -0.0778007 -0.68853
v 0.143913 0.220679 0.741641
vn 0.00736463 -0.994481 0.104658
v 0.144196 0.220732 0.742176
vn 0.00736463 -0.994481 0.104658
v 0.117801 0.22429 0.780895
vn 0.00736463 -0.994481 0.104658
v 0.117801 0.22429 0.780895
vn 0.00736695 -0.994481 0.10466
v 0.11789 0.224325 0.781241
vn 0.00736695 -0.994481 0.10466
v 0.0829155 0.226968 0.811179
vn 0.00736695 -0.994481 0.10466
v -0.149107 0.213046 0.742804
vn 0.880141 -0.0432322 -0.472739
v -0.122795 0.208798 0.782808
vn 0.72477 -0.0668001 -0.685745
v -0.149045 0.204817 0.743745
vn 0.880141 -0.0432322 -0.472739
v -0.167426 0.162154 0.350879
vn 0.00701648 -0.947455 0.319812
v -0.183992 0.16385 0.357593
vn 0.00718181 -0.969762 0.243946
v -0.183977 0.162031 0.350879
vn 0.00701648 -0.947455 0.319812
v -0.184229 0.195528 0.650618
vn 0.999973 0.00741302 7.41743e-06
v -0.183977 0.162031 0.350879
vn 0.999973 0.00741302 7.41743e-06
v -0.183992 0.16385 0.357593
vn 0.999973 0.00741302 7.41743e-06
v -0.162764 0.205487 0.751706
vn 0.882696 -0.0427138 -0.468
v -0.18 0.21431 0.700705
vn 0.974365 -0.0163959 -0.224374
v -0.162866 0.219229 0.750135
vn 0.882696 -0.0427138 -0.468
v 0.197378 0.074831 0.350878
vn -1.29746e-05 -3.9593e-05 1
v 0.182269 -0.12005 0.350869
vn 0.4014 -0.0200282 0.915684
v 0.19882 -0.119927 0.35087
vn 0.000175157 -0.0254445 0.999676
v 0.180799 0.078172 0.365908
vn 0.754631 0.00561625 -0.656125
v 0.182269 -0.12005 0.350869
vn 0.526432 -0.0204778 0.84997
v 0.180826 0.074708 0.350878
vn 0.754621 0.0055643 0.656137
v 0.197309 0.083981 0.362611
vn 0.00375183 -0.505513 -0.862811
v 0.180799 0.078172 0.365908
vn 0.00349589 -0.471003 -0.882125
v 0.180757 0.083859 0.362611
vn 0.00375183 -0.505513 -0.862811
v 0.197327 0.081476 0.346503
vn -0.999973 -0.00740786 -7.85837e-06
v 0.197352 0.078295 0.365908
vn -0.999973 -0.00740786 -7.85837e-06
v 0.197309 0.083981 0.362611
vn -0.999973 -0.00740786 -7.85837e-06
v 0.197378 0.074831 0.350878
vn -0.999973 -0.00740807 -8.00169e-06
v 0.197352 0.078295 0.365908
vn -0.999973 -0.00740807 -8.00169e-06
v 0.197361 0.076975 0.349635
vn -0.999973 -0.00740807 -8.00169e-06
v -0.122795 0.208798 0.782808
vn 0.72477 -0.0667978 -0.685745
v -0.149107 0.213046 0.742804
vn 0.880141 -0.04323 -0.47274
v -0.122857 0.217029 0.781869
vn 0.72477 -0.0667978 -0.685745
v 0.0460095 0.216378 0.848099
vn -0.268686 -0.102784 -0.957728
v 0.0908855 0.228442 0.825776
vn -0.509323 -0.0938015 -0.855448
v 0.0909875 0.2147 0.827347
vn -0.509323 -0.0938015 -0.855448
v 0.0829155 0.226968 0.811179
vn 0.00736571 -0.994481 0.104659
v 0.11789 0.224325 0.781241
vn 0.00736571 -0.994481 0.104659
v 0.0829085 0.226984 0.811347
vn 0.00736571 -0.994481 0.104659
v 0.117932 0.218812 0.78187
vn -0.721023 -0.0778021 -0.68853
v 0.0830105 0.213242 0.812918
vn -0.51397 -0.0935446 -0.852692
v 0.0829505 0.221472 0.811977
vn -0.51397 -0.0935446 -0.852692
v -0.162866 0.219229 0.750135
vn 0.879404 -0.0433801 -0.474096
v -0.13406 0.20984 0.794423
vn 0.725838 -0.066674 -0.684627
v -0.162764 0.205487 0.751706
vn 0.879404 -0.0433801 -0.474096
v 0.182269 -0.12005 0.350869
vn 0.401403 -0.0200286 0.915682
v 0.197378 0.074831 0.350878
vn -6.17724e-06 -4.012e-05 1
v 0.180826 0.074708 0.350878
vn 0.646661 0.00476003 0.762762
v 0.180799 0.078172 0.365908
vn 0.707755 0.00527093 -0.706439
v 0.180826 0.074708 0.350878
vn 0.707745 0.00521501 0.706449
v 0.180809 0.076852 0.349635
vn 0.999973 0.00740807 8.00169e-06
v 0.180799 0.078172 0.365908
vn 0.708897 0.00527925 -0.705292
v 0.180776 0.081354 0.346503
vn 0.999973 0.00740797 8.0818e-06
v 0.180757 0.083859 0.362611
vn 0.999973 0.00740797 8.0818e-06
v 0.180757 0.083859 0.362611
vn 0.00375394 -0.505799 -0.862643
v 0.197269 0.08941 0.358836
vn 0.00424687 -0.572375 -0.819981
v 0.197309 0.083981 0.362611
vn 0.00375394 -0.505799 -0.862643
v 0.197361 0.076975 0.349635
vn -0.999973 -0.00740841 -7.98225e-06
v 0.197352 0.078295 0.365908
vn -0.999973 -0.00740841 -7.98225e-06
v 0.197327 0.081476 0.346503
vn -0.999973 -0.00740841 -7.98225e-06
v 0.197327 0.081476 0.346503
vn -0.999973 -0.0074076 -7.93927e-06
v 0.197309 0.083981 0.362611
vn -0.999973 -0.0074076 -7.93927e-06
v 0.197297 0.085735 0.342995
vn -0.999973 -0.0074076 -7.93927e-06
v 0.197361 0.076975 0.349635
vn -0.0037526 0.505602 0.862758
v 0.180826 0.074708 0.350878
vn -0.003496 0.471003 0.882125
v 0.197378 0.074831 0.350878
vn -0.003496 0.471003 0.882125
v -0.0879185 0.220206 0.811976
vn 0.515315 -0.0859181 -0.852683
v -0.122795 0.208798 0.782808
vn 0.722107 -0.067109 -0.688519
v -0.122857 0.217029 0.781869
vn 0.722107 -0.067109 -0.688519
v 0.0908855 0.228442 0.825776
vn -0.509323 -0.0937994 -0.855448
v 0.0460095 0.216378 0.848099
vn -0.268687 -0.102782 -0.957728
v 0.0459075 0.230122 0.846529
vn -0.268687 -0.102782 -0.957728
v 0.0624445 0.214009 0.822407
vn -0.392377 -0.0991434 -0.914446
v 0.0829505 0.221472 0.811977
vn -0.511481 -0.0936822 -0.854173
v 0.0830105 0.213242 0.812918
vn -0.511481 -0.0936822 -0.854173
v 0.0829155 0.226968 0.811179
vn 0.00736581 -0.994481 0.104659
v 0.0829085 0.226984 0.811347
vn 0.00736581 -0.994481 0.104659
v 0.0417995 0.228515 0.830281
vn 0.00736581 -0.994481 0.104659
v -0.13406 0.20984 0.794423
vn 0.725838 -0.0666739 -0.684626
v -0.162866 0.219229 0.750135
vn 0.879404 -0.04338 -0.474097
v -0.134162 0.223583 0.792852
vn 0.725838 -0.0666739 -0.684626
v 0.180826 0.074708 0.350878
vn -0.003496 0.471003 0.882125
v 0.197361 0.076975 0.349635
vn -0.0037526 0.505602 0.862758
v 0.180809 0.076852 0.349635
vn -0.0037526 0.505602 0.862758
v 0.180799 0.078172 0.365908
vn 0.708492 0.00527611 -0.705699
v 0.180809 0.076852 0.349635
vn 0.999973 0.00740781 8.03438e-06
v 0.180776 0.081354 0.346503
vn 0.999973 0.00740781 8.03438e-06
v 0.180757 0.083859 0.362611
vn 0.999973 0.00740831 8.00728e-06
v 0.180776 0.081354 0.346503
vn 0.999973 0.00740831 8.00728e-06
v 0.180744 0.085612 0.342995
vn 0.999973 0.00740831 8.00728e-06
v 0.197269 0.08941 0.358836
vn 0.00424701 -0.572375 -0.819981
v 0.180757 0.083859 0.362611
vn 0.00375408 -0.5058 -0.862643
v 0.180717 0.089287 0.358836
vn 0.00424701 -0.572375 -0.819981
v 0.197297 0.085735 0.342995
vn -0.999973 -0.00740854 -8.02442e-06
v 0.197309 0.083981 0.362611
vn -0.999973 -0.00740854 -8.02442e-06
v 0.197269 0.08941 0.358836
vn -0.999973 -0.00740854 -8.02442e-06
v 0.197327 0.081476 0.346503
vn -0.00424718 0.572399 0.819964
v 0.180809 0.076852 0.349635
vn -0.00375389 0.505776 0.862657
v 0.197361 0.076975 0.349635
vn -0.00375389 0.505776 0.862657
v 0.197297 0.085735 0.342995
vn -0.0047151 0.635654 0.77196
v 0.180776 0.081354 0.346503
vn -0.00424872 0.572624 0.819807
v 0.197327 0.081476 0.346503
vn -0.00424872 0.572624 0.819807
v -0.122795 0.208798 0.782808
vn 0.722107 -0.0671114 -0.688518
v -0.0879185 0.220206 0.811976
vn 0.515315 -0.0859205 -0.852683
v -0.0878585 0.211975 0.812916
vn 0.515315 -0.0859205 -0.852683
v -0.0024545 0.216707 0.855186
vn -0.00269745 -0.104681 -0.994502
v 0.0459075 0.230122 0.846529
vn -0.261975 -0.102926 -0.95957
v 0.0460095 0.216378 0.848099
vn -0.261975 -0.102926 -0.95957
v 0.0417995 0.228515 0.830281
vn 0.00736589 -0.994481 0.104659
v 0.0829085 0.226984 0.811347
vn 0.00736589 -0.994481 0.104659
v 0.0417755 0.228519 0.830326
vn 0.00736589 -0.994481 0.104659
v 0.0829505 0.221472 0.811977
vn -0.511481 -0.0936817 -0.854173
v 0.0624445 0.214009 0.822407
vn -0.392377 -0.0991429 -0.914446
v 0.0623835 0.222239 0.821467
vn -0.392377 -0.0991429 -0.914446
v -0.0959585 0.227059 0.825774
vn 0.516644 -0.085827 -0.851888
v -0.13406 0.20984 0.794423
vn 0.721033 -0.0672365 -0.689631
v -0.134162 0.223583 0.792852
vn 0.721033 -0.0672365 -0.689631
v 0.180809 0.076852 0.349635
vn -0.00375378 0.505776 0.862657
v 0.197327 0.081476 0.346503
vn -0.00424706 0.572399 0.819964
v 0.180776 0.081354 0.346503
vn -0.00424706 0.572399 0.819964
v 0.180776 0.081354 0.346503
vn -0.00424885 0.572625 0.819807
v 0.197297 0.085735 0.342995
vn -0.00471523 0.635655 0.771959
v 0.180744 0.085612 0.342995
vn -0.00471523 0.635655 0.771959
v 0.180757 0.083859 0.362611
vn 0.999973 0.00740784 7.95467e-06
v 0.180744 0.085612 0.342995
vn 0.999973 0.00740784 7.95467e-06
v 0.180717 0.089287 0.358836
vn 0.999973 0.00740784 7.95467e-06
v 0.180717 0.089287 0.358836
vn 0.00424903 -0.572648 -0.81979
v 0.197231 0.094544 0.354605
vn 0.00471508 -0.635633 -0.771977
v 0.197269 0.08941 0.358836
vn 0.00424903 -0.572648 -0.81979
v 0.197297 0.085735 0.342995
vn -0.999973 -0.00740779 -8.17763e-06
v 0.197269 0.08941 0.358836
vn -0.999973 -0.00740779 -8.17763e-06
v 0.197268 0.089723 0.33913
vn -0.999973 -0.00740779 -8.17763e-06
v -0.0673665 0.221279 0.821466
vn 0.393818 -0.0933189 -0.914439
v -0.0878585 0.211975 0.812916
vn 0.512828 -0.0860942 -0.854164
v -0.0879185 0.220206 0.811976
vn 0.512828 -0.0860942 -0.854164
v 0.0459075 0.230122 0.846529
vn -0.261976 -0.102925 -0.95957
v -0.0024545 0.216707 0.855186
vn -0.00269735 -0.10468 -0.994502
v -0.0025565 0.230449 0.853617
vn -0.00269735 -0.10468 -0.994502
v 0.0417995 0.228515 0.830281
vn 0.00736595 -0.994481 0.104659
v 0.0417755 0.228519 0.830326
vn 0.00736595 -0.994481 0.104659
v -0.0025445 0.22882 0.836807
vn 0.00736595 -0.994481 0.104659
v -0.13406 0.20984 0.794423
vn 0.721033 -0.0672364 -0.689631
v -0.0959585 0.227059 0.825774
vn 0.516644 -0.0858268 -0.851888
v -0.0958565 0.213315 0.827345
vn 0.516644 -0.0858268 -0.851888
v 0.197268 0.089723 0.33913
vn -0.00515331 0.6949 0.719087
v 0.180744 0.085612 0.342995
vn -0.00471681 0.635867 0.771784
v 0.197297 0.085735 0.342995
vn -0.00471681 0.635867 0.771784
v 0.180717 0.089287 0.358836
vn 0.999973 0.00740822 7.87833e-06
v 0.180744 0.085612 0.342995
vn 0.999973 0.00740822 7.87833e-06
v 0.180715 0.089601 0.33913
vn 0.999973 0.00740822 7.87833e-06
v 0.197231 0.094544 0.354605
vn 0.00471492 -0.635633 -0.771977
v 0.180717 0.089287 0.358836
vn 0.00424888 -0.572648 -0.81979
v 0.18068 0.094422 0.354605
vn 0.00471492 -0.635633 -0.771977
v 0.197268 0.089723 0.33913
vn -0.999973 -0.00740817 -8.23662e-06
v 0.197269 0.08941 0.358836
vn -0.999973 -0.00740817 -8.23662e-06
v 0.197231 0.094544 0.354605
vn -0.999973 -0.00740817 -8.23662e-06
v -0.0878585 0.211975 0.812916
vn 0.512828 -0.0860939 -0.854164
v -0.0673665 0.221279 0.821466
vn 0.393818 -0.0933185 -0.914439
v -0.0673055 0.213048 0.822406
vn 0.393818 -0.0933185 -0.914439
v -0.0509075 0.215661 0.848099
vn 0.263486 -0.0990308 -0.959566
v -0.0025565 0.230449 0.853617
vn 0.00426245 -0.104628 -0.994502
v -0.0024545 0.216707 0.855186
vn 0.00426245 -0.104628 -0.994502
v -0.0510095 0.229403 0.846528
vn 0.270195 -0.0987904 -0.957724
v -0.0958565 0.213315 0.827345
vn 0.510672 -0.0862451 -0.855439
v -0.0959585 0.227059 0.825774
vn 0.510672 -0.0862451 -0.855439
v 0.180744 0.085612 0.342995
vn -0.00471667 0.635867 0.771784
v 0.197268 0.089723 0.33913
vn -0.00515317 0.6949 0.719088
v 0.180715 0.089601 0.33913
vn -0.00515317 0.6949 0.719088
v 0.180717 0.089287 0.358836
vn 0.999973 0.00740786 7.83585e-06
v 0.180715 0.089601 0.33913
vn 0.999973 0.00740786 7.83585e-06
v 0.18068 0.094422 0.354605
vn 0.999973 0.00740786 7.83585e-06
v 0.18068 0.094422 0.354605
vn 0.00471681 -0.635889 -0.771766
v 0.197196 0.099353 0.349944
vn 0.005153 -0.69488 -0.719107
v 0.197231 0.094544 0.354605
vn 0.00471681 -0.635889 -0.771766
v 0.197268 0.089723 0.33913
vn -0.999973 -0.00740855 -8.04258e-06
v 0.197231 0.094544 0.354605
vn -0.999973 -0.00740855 -8.04258e-06
v 0.19724 0.093416 0.334934
vn -0.999973 -0.00740855 -8.04258e-06
v -0.0025565 0.230449 0.853617
vn 0.00426359 -0.104632 -0.994502
v -0.0509075 0.215661 0.848099
vn 0.263487 -0.0990345 -0.959566
v -0.0510095 0.229403 0.846528
vn 0.263487 -0.0990345 -0.959566
v -0.0958565 0.213315 0.827345
vn 0.510672 -0.0862454 -0.855439
v -0.0510095 0.229403 0.846528
vn 0.270195 -0.0987907 -0.957724
v -0.0509075 0.215661 0.848099
vn 0.270195 -0.0987907 -0.957724
v 0.19724 0.093416 0.334934
vn -0.00555922 0.749764 0.661682
v 0.180715 0.089601 0.33913
vn -0.00515464 0.695099 0.718896
v 0.197268 0.089723 0.33913
vn -0.00515464 0.695099 0.718896
v 0.18068 0.094422 0.354605
vn 0.999973 0.00740769 7.94204e-06
v 0.180715 0.089601 0.33913
vn 0.999973 0.00740769 7.94204e-06
v 0.180688 0.093294 0.334934
vn 0.999973 0.00740769 7.94204e-06
v 0.197196 0.099353 0.349944
vn 0.005153 -0.69488 -0.719107
v 0.18068 0.094422 0.354605
vn 0.00471681 -0.635889 -0.771766
v 0.180643 0.099231 0.349944
vn 0.005153 -0.69488 -0.719107
v 0.197214 0.096791 0.330432
vn -0.999973 -0.00740756 -8.03566e-06
v 0.197231 0.094544 0.354605
vn -0.999973 -0.00740756 -8.03566e-06
v 0.197196 0.099353 0.349944
vn -0.999973 -0.00740756 -8.03566e-06
v 0.19724 0.093416 0.334934
vn -0.999973 -0.0074081 -8.06458e-06
v 0.197231 0.094544 0.354605
vn -0.999973 -0.0074081 -8.06458e-06
v 0.197214 0.096791 0.330432
vn -0.999973 -0.0074081 -8.06458e-06
v 0.180715 0.089601 0.33913
vn -0.00515464 0.695099 0.718896
v 0.19724 0.093416 0.334934
vn -0.00555922 0.749764 0.661682
v 0.180688 0.093294 0.334934
vn -0.00555922 0.749764 0.661682
v 0.18068 0.094422 0.354605
vn 0.999973 0.00740794 7.93227e-06
v 0.180688 0.093294 0.334934
vn 0.999973 0.00740794 7.93227e-06
v 0.180662 0.096669 0.330432
vn 0.999973 0.00740794 7.93227e-06
v 0.18068 0.094422 0.354605
vn 0.999973 0.00740826 7.93534e-06
v 0.180662 0.096669 0.330432
vn 0.999973 0.00740826 7.93534e-06
v 0.180643 0.099231 0.349944
vn 0.999973 0.00740826 7.93534e-06
v 0.180643 0.099231 0.349944
vn 0.00515476 -0.695119 -0.718876
v 0.197161 0.103807 0.344885
vn 0.00555905 -0.749745 -0.661704
v 0.197196 0.099353 0.349944
vn 0.00515476 -0.695119 -0.718876
v 0.197214 0.096791 0.330432
vn -0.999973 -0.00740836 -7.92968e-06
v 0.197196 0.099353 0.349944
vn -0.999973 -0.00740836 -7.92968e-06
v 0.197191 0.099827 0.325655
vn -0.999973 -0.00740836 -7.92968e-06
v 0.197214 0.096791 0.330432
vn -0.00593025 0.799901 0.600102
v 0.180688 0.093294 0.334934
vn -0.00556056 0.749946 0.661476
v 0.19724 0.093416 0.334934
vn -0.00556056 0.749946 0.661476
v 0.180688 0.093294 0.334934
vn -0.00556056 0.749946 0.661476
v 0.197214 0.096791 0.330432
vn -0.00593025 0.799901 0.600102
v 0.180662 0.096669 0.330432
vn -0.00593025 0.799901 0.600102
v 0.180643 0.099231 0.349944
vn 0.999973 0.00740765 8.03088e-06
v 0.180662 0.096669 0.330432
vn 0.999973 0.00740765 8.03088e-06
v 0.180641 0.099704 0.325655
vn 0.999973 0.00740765 8.03088e-06
v 0.197161 0.103807 0.344885
vn 0.00555924 -0.749745 -0.661704
v 0.180643 0.099231 0.349944
vn 0.00515495 -0.695119 -0.718876
v 0.18061 0.103684 0.344885
vn 0.00555924 -0.749745 -0.661704
v 0.197191 0.099827 0.325655
vn -0.999973 -0.00740879 -7.90137e-06
v 0.197196 0.099353 0.349944
vn -0.999973 -0.00740879 -7.90137e-06
v 0.197161 0.103807 0.344885
vn -0.999973 -0.00740879 -7.90137e-06
v 0.197191 0.099827 0.325655
vn -0.00626334 0.844992 0.534742
v 0.180662 0.096669 0.330432
vn -0.00593147 0.800066 0.599882
v 0.197214 0.096791 0.330432
vn -0.00593147 0.800066 0.599882
v 0.180662 0.096669 0.330432
vn -0.00593165 0.800067 0.599882
v 0.197191 0.099827 0.325655
vn -0.00626352 0.844992 0.534742
v 0.180641 0.099704 0.325655
vn -0.00626352 0.844992 0.534742
v 0.180643 0.099231 0.349944
vn 0.999973 0.0074081 8.05864e-06
v 0.180641 0.099704 0.325655
vn 0.999973 0.0074081 8.05864e-06
v 0.18061 0.103684 0.344885
vn 0.999973 0.0074081 8.05864e-06
v 0.18061 0.103684 0.344885
vn 0.00556087 -0.749965 -0.661455
v 0.197132 0.107876 0.339458
vn 0.0059303 -0.799884 -0.600125
v 0.197161 0.103807 0.344885
vn 0.00556087 -0.749965 -0.661455
v 0.197191 0.099827 0.325655
vn -0.999973 -0.00740821 -8.00602e-06
v 0.197161 0.103807 0.344885
vn -0.999973 -0.00740821 -8.00602e-06
v 0.197171 0.102503 0.320631
vn -0.999973 -0.00740821 -8.00602e-06
v 0.197171 0.102503 0.320631
vn -0.00655756 0.884757 0.466007
v 0.180641 0.099704 0.325655
vn -0.00626461 0.84514 0.534509
v 0.197191 0.099827 0.325655
vn -0.00626461 0.84514 0.534509
v 0.18061 0.103684 0.344885
vn 0.999973 0.00740821 8.00644e-06
v 0.180641 0.099704 0.325655
vn 0.999973 0.00740821 8.00644e-06
v 0.18062 0.102381 0.320631
vn 0.999973 0.00740821 8.00644e-06
v 0.197132 0.107876 0.339458
vn 0.0059301 -0.799884 -0.600125
v 0.18061 0.103684 0.344885
vn 0.00556067 -0.749964 -0.661455
v 0.18058 0.107754 0.339458
vn 0.0059301 -0.799884 -0.600125
v 0.197155 0.104804 0.315393
vn -0.999973 -0.00740704 -8.14237e-06
v 0.197161 0.103807 0.344885
vn -0.999973 -0.00740704 -8.14237e-06
v 0.197132 0.107876 0.339458
vn -0.999973 -0.00740704 -8.14237e-06
v 0.197171 0.102503 0.320631
vn -0.999973 -0.00740714 -8.06585e-06
v 0.197161 0.103807 0.344885
vn -0.999973 -0.00740714 -8.06585e-06
v 0.197155 0.104804 0.315393
vn -0.999973 -0.00740714 -8.06585e-06
v 0.180641 0.099704 0.325655
vn -0.00626443 0.84514 0.534509
v 0.197171 0.102503 0.320631
vn -0.00655738 0.884757 0.466007
v 0.18062 0.102381 0.320631
vn -0.00655738 0.884757 0.466007
v 0.18061 0.103684 0.344885
vn 0.999973 0.00740801 8.01576e-06
v 0.18062 0.102381 0.320631
vn 0.999973 0.00740801 8.01576e-06
v 0.180604 0.104681 0.315393
vn 0.999973 0.00740801 8.01576e-06
v 0.18061 0.103684 0.344885
vn 0.999973 0.00740791 8.02421e-06
v 0.180604 0.104681 0.315393
vn 0.999973 0.00740791 8.02421e-06
v 0.18058 0.107754 0.339458
vn 0.999973 0.00740791 8.02421e-06
v 0.18058 0.107754 0.339458
vn 0.00593157 -0.800083 -0.599859
v 0.197104 0.111537 0.333697
vn 0.0062632 -0.844977 -0.534766
v 0.197132 0.107876 0.339458
vn 0.00593157 -0.800083 -0.599859
v 0.197155 0.104804 0.315393
vn -0.999973 -0.0074079 -8.01937e-06
v 0.197132 0.107876 0.339458
vn -0.999973 -0.0074079 -8.01937e-06
v 0.197141 0.106715 0.309974
vn -0.999973 -0.0074079 -8.01937e-06
v 0.197155 0.104804 0.315393
vn -0.00681045 0.918941 0.394335
v 0.18062 0.102381 0.320631
vn -0.00655833 0.884885 0.465763
v 0.197171 0.102503 0.320631
vn -0.00655833 0.884885 0.465763
v 0.18062 0.102381 0.320631
vn -0.00655852 0.884885 0.465763
v 0.197155 0.104804 0.315393
vn -0.00681064 0.918942 0.394335
v 0.180604 0.104681 0.315393
vn -0.00681064 0.918942 0.394335
v 0.18058 0.107754 0.339458
vn 0.999973 0.00740791 8.01814e-06
v 0.180604 0.104681 0.315393
vn 0.999973 0.00740791 8.01814e-06
v 0.180589 0.106592 0.309974
vn 0.999973 0.00740791 8.01814e-06
v 0.197104 0.111537 0.333697
vn 0.00626356 -0.844977 -0.534765
v 0.18058 0.107754 0.339458
vn 0.00593193 -0.800084 -0.599859
v 0.180553 0.111414 0.333696
vn 0.00626356 -0.844977 -0.534765
v 0.19713 0.108224 0.304405
vn -0.999973 -0.00740902 -7.91565e-06
v 0.197132 0.107876 0.339458
vn -0.999973 -0.00740902 -7.91565e-06
v 0.197104 0.111537 0.333697
vn -0.999973 -0.00740902 -7.91565e-06
v 0.197141 0.106715 0.309974
vn -0.999973 -0.00740895 -7.97168e-06
v 0.197132 0.107876 0.339458
vn -0.999973 -0.00740895 -7.97168e-06
v 0.19713 0.108224 0.304405
vn -0.999973 -0.00740895 -7.97168e-06
v 0.197141 0.106715 0.309974
vn -0.00702071 0.947333 0.320174
v 0.180604 0.104681 0.315393
vn -0.00681145 0.91905 0.394082
v 0.197155 0.104804 0.315393
vn -0.00681145 0.91905 0.394082
v 0.180604 0.104681 0.315393
vn -0.00681145 0.91905 0.394082
v 0.197141 0.106715 0.309974
vn -0.00702071 0.947333 0.320174
v 0.180589 0.106592 0.309974
vn -0.00702071 0.947333 0.320174
v 0.18058 0.107754 0.339458
vn 0.999973 0.00740788 8.01679e-06
v 0.180589 0.106592 0.309974
vn 0.999973 0.00740788 8.01679e-06
v 0.180579 0.108101 0.304405
vn 0.999973 0.00740788 8.01679e-06
v 0.18058 0.107754 0.339458
vn 0.999973 0.00740797 8.0443e-06
v 0.180579 0.108101 0.304405
vn 0.999973 0.00740797 8.0443e-06
v 0.180553 0.111414 0.333696
vn 0.999973 0.00740797 8.0443e-06
v 0.180553 0.111414 0.333696
vn 0.00626486 -0.845155 -0.534485
v 0.19708 0.114764 0.327639
vn 0.00655761 -0.884744 -0.466032
v 0.197104 0.111537 0.333697
vn 0.00626486 -0.845155 -0.534485
v 0.19713 0.108224 0.304405
vn -0.999973 -0.00740752 -8.07563e-06
v 0.197104 0.111537 0.333697
vn -0.999973 -0.00740752 -8.07563e-06
v 0.197122 0.109377 0.298432
vn -0.999973 -0.00740752 -8.07563e-06
v 0.19713 0.108224 0.304405
vn -0.0071858 0.969749 0.243997
v 0.180589 0.106592 0.309974
vn -0.00702137 0.947421 0.319913
v 0.197141 0.106715 0.309974
vn -0.00702137 0.947421 0.319913
v 0.180589 0.106592 0.309974
vn -0.00702137 0.947421 0.319913
v 0.19713 0.108224 0.304405
vn -0.0071858 0.969749 0.243997
v 0.180579 0.108101 0.304405
vn -0.0071858 0.969749 0.243997
v 0.180553 0.111414 0.333696
vn 0.999973 0.00740752 8.07563e-06
v 0.180579 0.108101 0.304405
vn 0.999973 0.00740752 8.07563e-06
v 0.18057 0.109254 0.298432
vn 0.999973 0.00740752 8.07563e-06
v 0.19708 0.114764 0.327639
vn 0.00655726 -0.884743 -0.466032
v 0.180553 0.111414 0.333696
vn 0.00626452 -0.845154 -0.534485
v 0.18053 0.114642 0.327639
vn 0.00655726 -0.884743 -0.466032
v 0.196798 0.15336 0.0150496
vn -0.999973 -0.00740972 -8.29152e-06
v 0.197104 0.111537 0.333697
vn -0.999973 -0.00740972 -8.29152e-06
v 0.19708 0.114764 0.327639
vn -0.999973 -0.00740972 -8.29152e-06
v 0.197122 0.109377 0.298432
vn -0.999973 -0.00741535 -9.1695e-06
v 0.197104 0.111537 0.333697
vn -0.999973 -0.00741535 -9.1695e-06
v 0.196798 0.15336 0.0150496
vn -0.999973 -0.00741535 -9.1695e-06
v 0.197122 0.109377 0.298432
vn -0.00727997 0.982568 0.185762
v 0.180579 0.108101 0.304405
vn -0.00718632 0.969818 0.243722
v 0.19713 0.108224 0.304405
vn -0.00718632 0.969818 0.243722
v 0.180579 0.108101 0.304405
vn -0.00718632 0.969818 0.243722
v 0.197122 0.109377 0.298432
vn -0.00727997 0.982568 0.185762
v 0.18057 0.109254 0.298432
vn -0.00727997 0.982568 0.185762
v 0.180553 0.111414 0.333696
vn 0.999972 0.00741652 9.0914e-06
v 0.18057 0.109254 0.298432
vn 0.999972 0.00741652 9.0914e-06
v 0.180246 0.153238 0.0150496
vn 0.999972 0.00741652 9.0914e-06
v 0.180553 0.111414 0.333696
vn 0.999973 0.00740926 8.13333e-06
v 0.180246 0.153238 0.0150496
vn 0.999973 0.00740926 8.13333e-06
v 0.18053 0.114642 0.327639
vn 0.999973 0.00740926 8.13333e-06
v 0.18053 0.114642 0.327639
vn 0.0065584 -0.884899 -0.465738
v 0.19706 0.117538 0.321323
vn 0.00681035 -0.91893 -0.394361
v 0.19708 0.114764 0.327639
vn 0.0065584 -0.884899 -0.465738
v 0.196798 0.15336 0.0150496
vn -0.999973 -0.00740252 -7.3153e-06
v 0.19708 0.114764 0.327639
vn -0.999973 -0.00740252 -7.3153e-06
v 0.19706 0.117538 0.321323
vn -0.999973 -0.00740252 -7.3153e-06
v 0.196798 0.15336 0.0150496
vn -0.00737816 0.995392 0.0956004
v 0.18057 0.109254 0.298432
vn -0.00728726 0.98312 0.182819
v 0.197122 0.109377 0.298432
vn -0.00728726 0.98312 0.182819
v 0.18057 0.109254 0.298432
vn -0.00727838 0.98312 0.18282
v 0.196798 0.15336 0.0150496
vn -0.00736928 0.995392 0.0956016
v 0.180246 0.153238 0.0150496
vn -0.00736928 0.995392 0.0956016
v 0.18053 0.114642 0.327639
vn 0.999973 0.00741353 8.71276e-06
v 0.180246 0.153238 0.0150496
vn 0.999973 0.00741353 8.71276e-06
v 0.180508 0.117416 0.321323
vn 0.999973 0.00741353 8.71276e-06
v 0.19706 0.117538 0.321323
vn 0.00681035 -0.91893 -0.394361
v 0.18053 0.114642 0.327639
vn 0.0065584 -0.884899 -0.465738
v 0.180508 0.117416 0.321323
vn 0.00681035 -0.91893 -0.394361
v 0.196798 0.15336 0.0150496
vn -0.999973 -0.00740783 -7.98643e-06
v 0.19706 0.117538 0.321323
vn -0.999973 -0.00740783 -7.98643e-06
v 0.197043 0.119842 0.314787
vn -0.999973 -0.00740783 -7.98643e-06
v 0.196798 0.153361 1.95076e-05
vn -0.00740766 0.999973 4.02871e-05
v 0.180246 0.153238 0.0150496
vn -0.00738312 0.996552 0.0826396
v 0.196798 0.15336 0.0150496
vn -0.00738312 0.996552 0.0826396
v 0.180508 0.117416 0.321323
vn 0.999973 0.00739692 6.60201e-06
v 0.180246 0.153238 0.0150496
vn 0.999973 0.00739692 6.60201e-06
v 0.180492 0.11972 0.314787
vn 0.999973 0.00739692 6.60201e-06
v 0.180508 0.117416 0.321323
vn 0.00681131 -0.919061 -0.394056
v 0.197043 0.119842 0.314787
vn 0.00702042 -0.947324 -0.320201
v 0.19706 0.117538 0.321323
vn 0.00681131 -0.919061 -0.394056
v 0.196798 0.15336 0.0150496
vn -0.999973 -0.00740338 -7.44402e-06
v 0.197043 0.119842 0.314787
vn -0.999973 -0.00740338 -7.44402e-06
v 0.19703 0.121661 0.308073
vn -0.999973 -0.00740338 -7.44402e-06
v 0.180246 0.153238 0.0150496
vn -0.00738312 0.996552 0.0826396
v 0.196798 0.153361 1.95076e-05
vn -0.00740766 0.999973 4.02871e-05
v 0.180246 0.153239 1.95076e-05
vn -0.00740766 0.999973 4.02871e-05
v 0.196798 0.15336 0.0150496
vn -0.999973 -0.00740784 -7.93394e-06
v 0.196676 0.169734 2.06075e-05
vn -0.999973 -0.00740784 -7.93394e-06
v 0.196798 0.153361 1.95076e-05
vn -0.999973 -0.00740784 -7.93394e-06
v 0.180492 0.11972 0.314787
vn 0.999973 0.00741386 8.67569e-06
v 0.180246 0.153238 0.0150496
vn 0.999973 0.00741386 8.67569e-06
v 0.180478 0.121539 0.308073
vn 0.999973 0.00741386 8.67569e-06
v 0.197043 0.119842 0.314787
vn 0.00702042 -0.947324 -0.320201
v 0.180508 0.117416 0.321323
vn 0.00681131 -0.919061 -0.394056
v 0.180492 0.11972 0.314787
vn 0.00702042 -0.947324 -0.320201
v 0.180492 0.11972 0.314787
vn 0.00702121 -0.94743 -0.319886
v 0.19703 0.121661 0.308073
vn 0.00718552 -0.969743 -0.244024
v 0.197043 0.119842 0.314787
vn 0.00702121 -0.94743 -0.319886
v 0.196798 0.15336 0.0150496
vn -0.999973 -0.00741053 -8.29102e-06
v 0.19703 0.121661 0.308073
vn -0.999973 -0.00741053 -8.29102e-06
v 0.197021 0.122984 0.301224
vn -0.999973 -0.00741053 -8.29102e-06
v 0.196676 0.169734 2.06075e-05
vn -6.92128e-06 -4.0231e-05 1
v 0.180246 0.153239 1.95076e-05
vn -6.92128e-06 -4.0231e-05 1
v 0.196798 0.153361 1.95076e-05
vn -6.92128e-06 -4.0231e-05 1
v 0.196798 0.153361 1.95076e-05
vn 6.92128e-06 4.0231e-05 -1
v 0.180246 0.153239 1.95076e-05
vn 6.92128e-06 4.0231e-05 -1
v 0.196676 0.169734 2.06075e-05
vn 6.92128e-06 4.0231e-05 -1
v 0.180124 0.16961 2.06075e-05
vn 0.999973 0.00740785 7.93395e-06
v 0.180246 0.153238 0.0150496
vn 0.999973 0.00740785 7.93395e-06
v 0.180246 0.153239 1.95076e-05
vn 0.999973 0.00740785 7.93395e-06
v 0.196798 0.15336 0.0150496
vn -0.999973 -0.00740635 -7.77349e-06
v 0.197021 0.122984 0.301224
vn -0.999973 -0.00740635 -7.77349e-06
v 0.196676 0.169734 2.06075e-05
vn -0.999973 -0.00740635 -7.77349e-06
v 0.180478 0.121539 0.308073
vn 0.999973 0.00740007 7.06196e-06
v 0.180246 0.153238 0.0150496
vn 0.999973 0.00740007 7.06196e-06
v 0.180469 0.122861 0.301224
vn 0.999973 0.00740007 7.06196e-06
v 0.19703 0.121661 0.308073
vn 0.00718552 -0.969743 -0.244024
v 0.180492 0.11972 0.314787
vn 0.00702121 -0.94743 -0.319886
v 0.180478 0.121539 0.308073
vn 0.00718552 -0.969743 -0.244024
v 0.180478 0.121539 0.308073
vn 0.00718612 -0.969824 -0.243702
v 0.197021 0.122984 0.301224
vn 0.00727972 -0.982566 -0.185773
v 0.19703 0.121661 0.308073
vn 0.00718612 -0.969824 -0.243702
v 0.180246 0.153239 1.95076e-05
vn -6.92121e-06 -4.02311e-05 1
v 0.196676 0.169734 2.06075e-05
vn -6.92121e-06 -4.02311e-05 1
v 0.180124 0.16961 2.06075e-05
vn -6.92121e-06 -4.02311e-05 1
v 0.180124 0.16961 2.06075e-05
vn 6.92121e-06 4.02311e-05 -1
v 0.196676 0.169734 2.06075e-05
vn 6.92121e-06 4.02311e-05 -1
v 0.180246 0.153239 1.95076e-05
vn 6.92121e-06 4.02311e-05 -1
v 0.180469 0.122861 0.301224
vn 0.999973 0.00740602 7.23515e-06
v 0.180246 0.153238 0.0150496
vn 0.999973 0.00740602 7.23515e-06
v 0.180124 0.16961 2.06075e-05
vn 0.999973 0.00740602 7.23515e-06
v 0.180469 0.122861 0.301224
vn 0.00728764 -0.983148 -0.182667
v 0.196676 0.169734 2.06075e-05
vn 0.00730942 -0.986074 -0.166144
v 0.197021 0.122984 0.301224
vn 0.00728764 -0.983148 -0.182667
v 0.197021 0.122984 0.301224
vn 0.00727997 -0.982566 -0.185772
v 0.180478 0.121539 0.308073
vn 0.00718637 -0.969824 -0.243702
v 0.180469 0.122861 0.301224
vn 0.00727997 -0.982566 -0.185772
v 0.196676 0.169734 2.06075e-05
vn 0.00731864 -0.986074 -0.166144
v 0.180469 0.122861 0.301224
vn 0.00729686 -0.983148 -0.182666
v 0.180124 0.16961 2.06075e-05
vn 0.00731864 -0.986074 -0.166144
v 0.180174 0.123183 0.299758
vn -0.00348273 0.471074 -0.882087
v 0.163622 0.123061 0.299757
vn -0.00348273 0.471074 -0.882087
v 0.180132 0.12887 0.303053
vn -0.00373867 0.505581 -0.862771
v 0.163622 0.123061 0.299757
vn -0.999973 -0.00740779 -6.13956e-07
v 0.165093 -0.075559 0.299749
vn -0.999973 -0.00740779 -6.13956e-07
v 0.165091 -0.075163 0.314778
vn -0.913341 0.00487947 0.407166
v 0.180174 0.123183 0.299758
vn 0.999973 0.00740828 1.46884e-05
v 0.181643 -0.07504 0.314778
vn 0.999973 0.00740828 1.46884e-05
v 0.181646 -0.075436 0.299749
vn 0.999973 0.00740828 1.46884e-05
v 0.16358 0.128747 0.303053
vn -0.00373902 0.505582 -0.86277
v 0.180132 0.12887 0.303053
vn -0.00373902 0.505582 -0.86277
v 0.163622 0.123061 0.299757
vn -0.00348307 0.471075 -0.882086
v 0.180132 0.12887 0.303053
vn 0.999973 0.00740785 8.08648e-06
v 0.18015 0.126363 0.319161
vn 0.454156 -0.50788 0.731984
v 0.180174 0.123183 0.299758
vn 0.999973 0.00740785 8.08648e-06
v 0.165091 -0.075163 0.314778
vn -0.907203 0.005311 0.42066
v 0.165093 -0.075559 0.299749
vn -0.999973 -0.00740772 -3.08589e-06
v 0.166037 -0.202797 0.314773
vn -0.999973 -0.00740772 -3.08589e-06
v 0.164119 0.05601 0.314783
vn -0.999973 -0.00740812 -6.76717e-06
v 0.163622 0.123061 0.299757
vn -0.999973 -0.00740812 -6.76717e-06
v 0.165091 -0.075163 0.314778
vn -0.907525 0.00528841 0.419964
v 0.166039 -0.203193 0.303711
vn -0.999973 -0.00740815 -6.84464e-06
v 0.166037 -0.202902 0.314773
vn -0.999973 -0.00740815 -6.84464e-06
v 0.165093 -0.075559 0.299749
vn -0.999973 -0.00740815 -6.84464e-06
v 0.181643 -0.07504 0.314778
vn 0.999973 0.0074086 1.29815e-05
v 0.182711 -0.21922 0.319255
vn 0.999973 0.0074086 1.29815e-05
v 0.181646 -0.075436 0.299749
vn 0.999973 0.0074086 1.29815e-05
v 0.180671 0.056133 0.314783
vn 0.999973 0.00740761 4.27202e-06
v 0.181643 -0.07504 0.314778
vn 0.999973 0.00740761 4.27202e-06
v 0.180174 0.123183 0.299758
vn 0.999973 0.00740761 4.27202e-06
v 0.180132 0.12887 0.303053
vn -0.00374115 0.505869 -0.862602
v 0.16358 0.128747 0.303053
vn -0.00374115 0.505869 -0.862602
v 0.180092 0.134297 0.30683
vn -0.00423407 0.572443 -0.819934
v 0.16358 0.128747 0.303053
vn -0.999973 -0.00740798 -7.86285e-06
v 0.163622 0.123061 0.299757
vn -0.999973 -0.00740798 -7.86285e-06
v 0.163599 0.126241 0.319161
vn -0.446593 -0.514553 0.731977
v 0.18015 0.126363 0.319161
vn 0.453507 -0.508073 0.732252
v 0.180184 0.121863 0.31603
vn 0.453062 -0.448364 0.770522
v 0.180174 0.123183 0.299758
vn 0.999973 0.00740771 8.09802e-06
v 0.180119 0.130621 0.322671
vn 0.453928 -0.56456 0.689364
v 0.18015 0.126363 0.319161
vn 0.453508 -0.508073 0.732252
v 0.180132 0.12887 0.303053
vn 0.999973 0.0074076 8.01909e-06
v 0.166037 -0.202797 0.314773
vn -0.999973 -0.00740811 -9.10271e-06
v 0.165093 -0.075559 0.299749
vn -0.999973 -0.00740811 -9.10271e-06
v 0.166037 -0.202902 0.314773
vn -0.999973 -0.00740811 -9.10271e-06
v 0.166037 -0.202797 0.314773
vn -0.999973 -0.00740792 -7.85572e-06
v 0.166037 -0.202797 0.31874
vn -0.716248 0.0146495 0.697692
v 0.165091 -0.075163 0.314778
vn -0.898084 0.0059255 0.439785
v 0.164115 0.056632 0.314781
vn -0.707272 -0.00528741 0.706922
v 0.163622 0.123061 0.299757
vn -0.999973 -0.0074082 -9.00403e-06
v 0.164119 0.05601 0.314783
vn -0.999973 -0.0074082 -9.00403e-06
v 0.182713 -0.219616 0.304226
vn 0.999973 0.00740729 2.50307e-06
v 0.181646 -0.075436 0.299749
vn 0.999973 0.00740729 2.50307e-06
v 0.182711 -0.21922 0.319255
vn 0.999973 0.00740729 2.50307e-06
v 0.182711 -0.21922 0.319255
vn -0.000219201 0.0285882 0.999591
v 0.181643 -0.07504 0.314778
vn -0.000219201 0.0285882 0.999591
v 0.166159 -0.219342 0.319255
vn -0.000219201 0.0285882 0.999591
v 0.182711 -0.21922 0.319255
vn 0.999973 0.00740816 2.26559e-06
v 0.181643 -0.07504 0.314778
vn 0.999973 0.00740816 2.26559e-06
v 0.180209 0.118503 0.31927
vn 0.727967 0.685613 2.73097e-05
v 0.180671 0.056133 0.314783
vn 0.999973 0.00740787 1.44156e-05
v 0.180209 0.118503 0.31927
vn 0.712356 0.701818 4.01135e-05
v 0.181643 -0.07504 0.314778
vn 0.999973 0.00740787 1.44156e-05
v 0.180666 0.056755 0.314783
vn 0.999973 0.00740821 9.04311e-06
v 0.180671 0.056133 0.314783
vn 0.999973 0.00740821 9.04311e-06
v 0.180174 0.123183 0.299758
vn 0.999973 0.00740821 9.04311e-06
v 0.16354 0.134175 0.30683
vn -0.00423394 0.572443 -0.819934
v 0.180092 0.134297 0.30683
vn -0.00423394 0.572443 -0.819934
v 0.16358 0.128747 0.303053
vn -0.00374101 0.505869 -0.862602
v 0.180092 0.134297 0.30683
vn 0.999973 0.00740855 7.92165e-06
v 0.180119 0.130621 0.322671
vn 0.454575 -0.564346 0.689112
v 0.180132 0.12887 0.303053
vn 0.999973 0.00740855 7.92165e-06
v 0.163599 0.126241 0.319161
vn -0.445943 -0.514735 0.732245
v 0.163622 0.123061 0.299757
vn -0.999973 -0.00740781 -7.92343e-06
v 0.163632 0.121739 0.31603
vn -0.446383 -0.455027 0.770515
v 0.163567 0.130499 0.322671
vn -0.445522 -0.571224 0.689357
v 0.16358 0.128747 0.303053
vn -0.999973 -0.00740831 -7.94919e-06
v 0.163599 0.126241 0.319161
vn -0.445943 -0.514736 0.732245
v 0.180184 0.121863 0.31603
vn 0.451884 -0.448672 0.771034
v 0.180201 0.119717 0.314787
vn 0.46077 -0.21231 0.861751
v 0.180174 0.123183 0.299758
vn 0.999973 0.00740861 8.11241e-06
v 0.180184 0.121863 0.31603
vn 0.449441 -0.449429 0.772021
v 0.18015 0.126363 0.319161
vn 0.449885 -0.509028 0.733821
v 0.163632 0.121739 0.31603
vn -0.442746 -0.456039 0.772013
v 0.18015 0.126363 0.319161
vn 0.449887 -0.509254 0.733664
v 0.180119 0.130621 0.322671
vn 0.450306 -0.565636 0.690855
v 0.163599 0.126241 0.319161
vn -0.442305 -0.515863 0.733656
v 0.165091 -0.075163 0.314778
vn -0.860215 0.00821002 0.509865
v 0.166037 -0.202797 0.31874
vn -0.666933 0.0163658 0.744938
v 0.181643 -0.07504 0.314778
vn -0.000219418 0.0285877 0.999591
v 0.163658 0.118381 0.314787
vn -0.473541 -0.00355994 0.880765
v 0.163622 0.123061 0.299757
vn -0.999973 -0.00740776 -6.87823e-06
v 0.164115 0.056632 0.314781
vn -0.723347 -0.00540495 0.690463
v 0.166162 -0.219738 0.304226
vn 0.00740654 -0.999563 0.0286346
v -0.164582 -0.221792 0.319251
vn 0.00740654 -0.999563 0.0286346
v -0.164578 -0.222188 0.304221
vn 0.00740654 -0.999563 0.0286346
v -0.164582 -0.221792 0.319251
vn 0.00740767 -0.999562 0.0286615
v 0.166162 -0.219738 0.304226
vn 0.00740767 -0.999562 0.0286615
v 0.166159 -0.219345 0.319051
vn 0.00740767 -0.999562 0.0286615
v 0.166162 -0.219738 0.304226
vn 0.00732338 -0.999562 0.0286866
v 0.182713 -0.219616 0.304226
vn 0.00732338 -0.999562 0.0286866
v 0.166159 -0.219345 0.319051
vn 0.00343047 -0.945403 0.325887
v 0.182711 -0.21922 0.319255
vn 0.00154861 -0.888449 0.458972
v 0.166159 -0.219345 0.319051
vn 0.00342967 -0.945415 0.325851
v 0.182713 -0.219616 0.304226
vn 0.00732209 -0.999562 0.0286851
v 0.166159 -0.219342 0.319255
vn -0.000224172 0.0285885 0.999591
v 0.181643 -0.07504 0.314778
vn -0.000224172 0.0285885 0.999591
v 0.166037 -0.202797 0.31874
vn -0.701874 0.0151697 0.71214
v 0.182711 -0.21922 0.319255
vn -0.000896929 -0.792418 0.609978
v 0.180209 0.118503 0.31927
vn -0.0113561 -0.000124292 0.999936
v 0.166159 -0.219345 0.319051
vn 0.000818834 -0.864775 0.502159
v 0.180666 0.056755 0.314783
vn 0.999973 0.00740806 7.04292e-06
v 0.180209 0.118503 0.31927
vn 0.7019 0.712275 3.30412e-05
v 0.180671 0.056133 0.314783
vn 0.999973 0.00740806 7.04292e-06
v 0.180209 0.118503 0.314787
vn 0.723323 0.00532442 0.690489
v 0.180666 0.056755 0.314783
vn 0.999973 0.00740828 9.40293e-06
v 0.180174 0.123183 0.299758
vn 0.999973 0.00740828 9.40293e-06
v 0.180092 0.134297 0.30683
vn -0.00423595 0.572715 -0.819744
v 0.16354 0.134175 0.30683
vn -0.00423595 0.572715 -0.819744
v 0.180054 0.139432 0.311062
vn -0.00470299 0.635694 -0.771927
v 0.16354 0.134175 0.30683
vn -0.999973 -0.00740784 -7.98916e-06
v 0.16358 0.128747 0.303053
vn -0.999973 -0.00740784 -7.98916e-06
v 0.163567 0.130499 0.322671
vn -0.446173 -0.57102 0.689105
v 0.18009 0.134609 0.326535
vn 0.454318 -0.617466 0.64213
v 0.180119 0.130621 0.322671
vn 0.453928 -0.564559 0.689364
v 0.180092 0.134297 0.30683
vn 0.999973 0.00740836 7.92282e-06
v 0.163632 0.121739 0.31603
vn -0.445199 -0.455319 0.771027
v 0.163622 0.123061 0.299757
vn -0.999973 -0.00740807 -7.97841e-06
v 0.163649 0.119595 0.314787
vn -0.45759 -0.219114 0.861743
v 0.163599 0.126241 0.319161
vn -0.442306 -0.515637 0.733815
v 0.163632 0.121739 0.31603
vn -0.442745 -0.456039 0.772014
v 0.18015 0.126363 0.319161
vn 0.449885 -0.509027 0.733822
v 0.163567 0.130499 0.322671
vn -0.441884 -0.572247 0.690849
v 0.163599 0.126241 0.319161
vn -0.442305 -0.515863 0.733657
v 0.180119 0.130621 0.322671
vn 0.450306 -0.565636 0.690855
v 0.180201 0.119717 0.314787
vn 0.460246 -0.212381 0.862014
v 0.180209 0.118503 0.314787
vn 0.707412 0.00520491 0.706782
v 0.180174 0.123183 0.299758
vn 0.999973 0.00740745 7.84393e-06
v 0.163632 0.121739 0.31603
vn -0.443505 -0.45568 0.77179
v 0.163649 0.119595 0.314787
vn -0.455914 -0.219684 0.862486
v 0.180184 0.121863 0.31603
vn 0.450195 -0.449059 0.771797
v 0.163649 0.119595 0.314787
vn -0.457066 -0.219176 0.862005
v 0.163622 0.123061 0.299757
vn -0.999973 -0.007408 -7.98007e-06
v 0.163658 0.118381 0.314787
vn -0.44775 -0.00336991 0.894153
v 0.163658 0.118381 0.314787
vn -0.431619 -0.00325172 0.90205
v 0.164115 0.056632 0.314781
vn -0.68728 -0.00514094 0.726375
v 0.180209 0.118503 0.314787
vn -4.13135e-05 -6.85059e-05 1
v 0.180666 0.056755 0.314783
vn -4.60064e-05 -6.72852e-05 1
v 0.180209 0.118503 0.314787
vn -4.60064e-05 -6.72852e-05 1
v 0.164115 0.056632 0.314781
vn -0.687281 -0.00513968 0.726373
v -0.164582 -0.221792 0.319251
vn 0.00740521 -0.999564 0.028589
v -0.181134 -0.221915 0.319251
vn 0.00740521 -0.999564 0.028589
v -0.164578 -0.222188 0.304221
vn 0.00740521 -0.999564 0.028589
v -0.164582 -0.221792 0.319251
vn 0.007407 -0.999563 0.0286121
v 0.166159 -0.219345 0.319051
vn 0.007407 -0.999563 0.0286121
v 0.166159 -0.219342 0.319255
vn 0.007407 -0.999563 0.0286121
v 0.166159 -0.219342 0.319255
vn 0.00740403 -0.999973 3.10762e-05
v -0.181134 -0.221915 0.319251
vn 0.00740403 -0.999973 3.10762e-05
v 0.166159 -0.219345 0.319051
vn 0.00340474 -0.944797 0.32764
v -0.164702 -0.205644 0.303709
vn 0.999973 0.00740772 7.77606e-06
v -0.165647 -0.078009 0.299746
vn 0.999973 0.00740772 7.77606e-06
v -0.164705 -0.205248 0.318738
vn 0.739307 0.0247227 0.672915
v 0.166159 -0.219345 0.319051
vn -0.00974139 -0.187668 0.982184
v 0.180209 0.118503 0.31927
vn -0.0113573 -0.000125291 0.999935
v -0.181134 -0.221915 0.314768
vn -0.0102839 -0.131744 0.99123
v 0.180209 0.118503 0.314787
vn 0.706853 0.70736 3.37594e-05
v 0.180209 0.118503 0.31927
vn 0.706853 0.70736 3.37594e-05
v 0.180666 0.056755 0.314783
vn 0.999973 0.00740808 7.92048e-06
v 0.163502 0.139309 0.311061
vn -0.00470294 0.635694 -0.771927
v 0.180054 0.139432 0.311062
vn -0.00470294 0.635694 -0.771927
v 0.16354 0.134175 0.30683
vn -0.00423589 0.572715 -0.819744
v 0.180054 0.139432 0.311062
vn 0.999973 0.00740801 7.90828e-06
v 0.18009 0.134609 0.326535
vn 0.454966 -0.617234 0.641894
v 0.180092 0.134297 0.30683
vn 0.999973 0.00740801 7.90828e-06
v 0.163539 0.134487 0.326535
vn -0.445132 -0.624129 0.642122
v 0.16354 0.134175 0.30683
vn -0.999973 -0.00740765 -7.93505e-06
v 0.163567 0.130499 0.322671
vn -0.445522 -0.571223 0.689358
v 0.180119 0.130621 0.322671
vn 0.450307 -0.565849 0.69068
v 0.18009 0.134609 0.326535
vn 0.450697 -0.618658 0.643533
v 0.163567 0.130499 0.322671
vn -0.441883 -0.572459 0.690673
v 0.180201 0.119717 0.314787
vn 0.459573 -0.21238 0.862373
v 0.172217 0.119659 0.314787
vn 0.00179034 -0.242738 0.97009
v 0.180209 0.118503 0.314787
vn 0.706891 0.00520158 0.707304
v 0.172217 0.119659 0.314787
vn 0.00179246 -0.24302 0.97002
v 0.180184 0.121863 0.31603
vn 0.4505 -0.449006 0.77165
v 0.163649 0.119595 0.314787
vn -0.456217 -0.219469 0.86238
v 0.163649 0.119595 0.314787
vn -0.456382 -0.21916 0.862372
v 0.163658 0.118381 0.314787
vn -0.447057 -0.00336477 0.894499
v 0.172217 0.119659 0.314787
vn 0.00179029 -0.242731 0.970092
v 0.180209 0.118503 0.314787
vn 0.706686 0.00520007 0.707508
v 0.172217 0.119659 0.314787
vn 0.00178963 -0.242641 0.970114
v 0.163658 0.118381 0.314787
vn -0.446904 -0.00336362 0.894576
v 0.180209 0.118503 0.314787
vn 0.700495 0.713657 3.39353e-05
v 0.163658 0.118381 0.314787
vn -0.00740789 0.999973 3.98926e-05
v 0.180209 0.118503 0.31927
vn 0.700495 0.713657 3.39353e-05
v -0.18113 -0.222311 0.304221
vn 0.00740521 -0.999564 0.028589
v -0.164578 -0.222188 0.304221
vn 0.00740521 -0.999564 0.028589
v -0.181134 -0.221915 0.319251
vn 0.00740521 -0.999564 0.028589
v -0.164582 -0.221792 0.319251
vn -0.000219919 0.0285879 0.999591
v -0.164705 -0.205248 0.318738
vn 0.70156 0.0255655 0.712152
v -0.181134 -0.221915 0.319251
vn 0.0464157 0.0235564 0.998644
v -0.164582 -0.221792 0.319251
vn 0.00740402 -0.999973 -5.01968e-06
v -0.181134 -0.221915 0.319251
vn 0.00740402 -0.999973 -5.01968e-06
v 0.166159 -0.219342 0.319255
vn 0.00740402 -0.999973 -5.01968e-06
v -0.181134 -0.221915 0.314768
vn -0.0022832 -0.733771 0.679393
v 0.166159 -0.219345 0.319051
vn 0.0036183 -0.950167 0.311721
v -0.181134 -0.221915 0.319251
vn 0.0074038 -0.999973 -9.46548e-06
v -0.16565 -0.077613 0.314775
vn 0.40215 0.0171052 0.915414
v -0.164705 -0.205248 0.318738
vn 0.739307 0.0247227 0.672915
v -0.165647 -0.078009 0.299746
vn 0.999973 0.00740772 7.77606e-06
v 0.182649 -0.171545 0.317775
vn -0.999973 -0.00740805 -7.61716e-06
v 0.182664 -0.17351 0.313704
vn -0.999973 -0.00740805 -7.61716e-06
v 0.182763 -0.186736 0.318246
vn -0.999973 -0.00740805 -7.61716e-06
v 0.182763 -0.186736 0.318246
vn -0.999973 -0.00740803 -8.34379e-06
v 0.182757 -0.186142 0.319917
vn -0.999973 -0.00740803 -8.34379e-06
v 0.182649 -0.171545 0.317775
vn -0.999973 -0.00740803 -8.34379e-06
v -0.181134 -0.221915 0.314768
vn -0.00581131 -0.522304 0.85274
v 0.180209 0.118503 0.31927
vn -0.01135 -0.000131331 0.999936
v -0.181365 -0.190668 0.31477
vn -0.01135 -0.000131331 0.999936
v 0.180054 0.139432 0.311062
vn -0.00470486 0.63595 -0.771716
v 0.163502 0.139309 0.311061
vn -0.00470486 0.63595 -0.771716
v 0.180018 0.14424 0.315721
vn -0.00514201 0.694936 -0.719053
v 0.163502 0.139309 0.311061
vn -0.999973 -0.00740802 -7.90821e-06
v 0.16354 0.134175 0.30683
vn -0.999973 -0.00740802 -7.90821e-06
v 0.163539 0.134487 0.326535
vn -0.445783 -0.623907 0.641886
v 0.180062 0.138302 0.330733
vn 0.454682 -0.666457 0.590846
v 0.18009 0.134609 0.326535
vn 0.454318 -0.617466 0.64213
v 0.180054 0.139432 0.311062
vn 0.999973 0.00740839 8.05959e-06
v 0.163539 0.134487 0.326535
vn -0.441494 -0.625267 0.643525
v 0.163567 0.130499 0.322671
vn -0.441883 -0.572459 0.690673
v 0.18009 0.134609 0.326535
vn 0.450697 -0.618658 0.643533
v 0.180201 0.119717 0.314787
vn 0.459424 -0.21267 0.862381
v 0.180184 0.121863 0.31603
vn 0.450522 -0.449002 0.77164
v 0.172217 0.119659 0.314787
vn 0.00179229 -0.243007 0.970023
v 0.163658 0.118381 0.314787
vn -0.00740812 0.999973 4.59893e-05
v -0.167084 0.11593 0.314783
vn -0.00740812 0.999973 4.59893e-05
v 0.180209 0.118503 0.31927
vn 0.675301 0.737542 4.08795e-05
v -0.181134 -0.221915 0.319251
vn -0.999973 -0.00740801 -7.99949e-06
v -0.181134 -0.221915 0.314768
vn -0.999973 -0.00740801 -7.99949e-06
v -0.18113 -0.222311 0.304221
vn -0.999973 -0.00740801 -7.99949e-06
v -0.16565 -0.077613 0.314775
vn 0.317978 0.0179996 0.947927
v -0.181134 -0.221915 0.319251
vn 0.0433 0.0238949 0.998776
v -0.164705 -0.205248 0.318738
vn 0.666604 0.026245 0.74495
v -0.181134 -0.221915 0.319251
vn -0.999973 -0.00740789 -7.9578e-06
v -0.181375 -0.189298 0.318624
vn -0.999973 -0.00740789 -7.9578e-06
v -0.181134 -0.221915 0.314768
vn -0.999973 -0.00740789 -7.9578e-06
v -0.167118 0.12061 0.299754
vn 0.999973 0.00740779 7.65819e-06
v -0.16565 -0.077613 0.314775
vn 0.432994 0.017115 0.901234
v -0.165647 -0.078009 0.299746
vn 0.999973 0.00740779 7.65819e-06
v 0.182664 -0.17351 0.313704
vn -0.999973 -0.00740844 -8.50344e-06
v 0.182682 -0.175911 0.306949
vn -0.999973 -0.00740844 -8.50344e-06
v 0.182763 -0.186736 0.318246
vn -0.999973 -0.00740844 -8.50344e-06
v 0.182664 -0.17351 0.313704
vn -0.00674347 0.910764 -0.412873
v 0.182649 -0.171545 0.317775
vn -0.00655792 0.885714 -0.464185
v 0.199216 -0.173388 0.313704
vn -0.00674347 0.910764 -0.412873
v 0.182729 -0.18231 0.327855
vn -0.999973 -0.00740792 -7.76176e-06
v 0.182649 -0.171545 0.317775
vn -0.999973 -0.00740792 -7.76176e-06
v 0.182757 -0.186142 0.319917
vn -0.999973 -0.00740792 -7.76176e-06
v 0.182757 -0.186142 0.319917
vn 0.00674424 -0.910854 0.412673
v 0.182763 -0.186736 0.318246
vn 0.00690904 -0.932957 0.359922
v 0.199309 -0.186019 0.319917
vn 0.00674424 -0.910854 0.412673
v -0.181365 -0.190668 0.31477
vn -0.0113521 -0.000128709 0.999936
v 0.180209 0.118503 0.31927
vn -0.0113521 -0.000128709 0.999936
v -0.181476 -0.175691 0.314771
vn -0.0113521 -0.000128709 0.999936
v -0.181365 -0.190668 0.31477
vn -0.999973 -0.00740793 -7.80694e-06
v -0.181134 -0.221915 0.314768
vn -0.999973 -0.00740793 -7.80694e-06
v -0.181375 -0.189298 0.318624
vn -0.999973 -0.00740793 -7.80694e-06
v -0.181365 -0.190668 0.31477
vn -0.999973 -0.00740794 -7.4219e-06
v -0.181357 -0.191811 0.311553
vn -0.999973 -0.00740794 -7.4219e-06
v -0.181134 -0.221915 0.314768
vn -0.999973 -0.00740794 -7.4219e-06
v 0.163466 0.144118 0.315721
vn -0.00514203 0.694936 -0.719053
v 0.180018 0.14424 0.315721
vn -0.00514203 0.694936 -0.719053
v 0.163502 0.139309 0.311061
vn -0.00470488 0.63595 -0.771716
v 0.180018 0.14424 0.315721
vn 0.999973 0.00740756 7.90531e-06
v 0.180037 0.141677 0.335233
vn 0.45583 -0.710889 0.535589
v 0.180054 0.139432 0.311062
vn 0.999973 0.00740756 7.90531e-06
v 0.163511 0.13818 0.330732
vn -0.444766 -0.673122 0.590838
v 0.163502 0.139309 0.311061
vn -0.999973 -0.00740839 -8.05849e-06
v 0.163539 0.134487 0.326535
vn -0.445132 -0.62413 0.642121
v 0.180062 0.138302 0.330733
vn 0.451061 -0.667758 0.592152
v 0.163511 0.13818 0.330732
vn -0.441127 -0.674368 0.592145
v 0.18009 0.134609 0.326535
vn 0.450698 -0.618857 0.643341
v 0.180037 0.141677 0.335233
vn 0.454843 -0.711296 0.535888
v 0.180062 0.138302 0.330733
vn 0.454512 -0.666524 0.590902
v 0.180054 0.139432 0.311062
vn 0.999973 0.00740722 7.98403e-06
v 0.163539 0.134487 0.326535
vn -0.441493 -0.625466 0.643333
v 0.18009 0.134609 0.326535
vn 0.450698 -0.618857 0.643341
v 0.163511 0.13818 0.330732
vn -0.441127 -0.674367 0.592145
v -0.183635 0.115808 0.314783
vn -0.00740789 0.999973 3.14528e-05
v 0.180209 0.118503 0.31927
vn 0.700494 0.713658 2.54888e-05
v -0.167084 0.11593 0.314783
vn -0.00740789 0.999973 3.14528e-05
v -0.181341 -0.193773 0.303336
vn -0.999973 -0.00740784 -8.00494e-06
v -0.18113 -0.222311 0.304221
vn -0.999973 -0.00740784 -8.00494e-06
v -0.181134 -0.221915 0.314768
vn -0.999973 -0.00740784 -8.00494e-06
v -0.181134 -0.221915 0.319251
vn 0.0479084 0.0233945 0.998578
v -0.16565 -0.077613 0.314775
vn 0.337993 0.0170726 0.940994
v -0.181375 -0.189298 0.318624
vn 0.0939546 0.0183634 0.995407
v -0.166622 0.053559 0.314781
vn 0.501664 0.00368182 0.865055
v -0.16565 -0.077613 0.314775
vn 0.40368 0.0171065 0.91474
v -0.167118 0.12061 0.299754
vn 0.999973 0.00740812 1.15975e-05
v 0.182682 -0.175911 0.306949
vn -0.999973 -0.00740783 -7.86629e-06
v 0.182694 -0.177568 0.30001
vn -0.999973 -0.00740783 -7.86629e-06
v 0.182763 -0.186736 0.318246
vn -0.999973 -0.00740783 -7.86629e-06
v 0.182682 -0.175911 0.306949
vn -0.00704945 0.951951 -0.30617
v 0.182664 -0.17351 0.313704
vn -0.0067448 0.910931 -0.412504
v 0.199234 -0.175788 0.30695
vn -0.00704945 0.951951 -0.30617
v 0.199192 -0.170292 0.320115
vn -0.00635099 0.857823 -0.513906
v 0.199216 -0.173388 0.313704
vn -0.00674333 0.910726 -0.412955
v 0.182649 -0.171545 0.317775
vn -0.00655805 0.885713 -0.464186
v 0.199216 -0.173388 0.313704
vn -0.00674465 0.910931 -0.412504
v 0.199234 -0.175788 0.30695
vn -0.00704929 0.951951 -0.306169
v 0.182664 -0.17351 0.313704
vn -0.00674465 0.910931 -0.412504
v 0.182694 -0.177666 0.335267
vn -0.999973 -0.00740828 -8.16981e-06
v 0.182649 -0.171545 0.317775
vn -0.999973 -0.00740828 -8.16981e-06
v 0.182729 -0.18231 0.327855
vn -0.999973 -0.00740828 -8.16981e-06
v 0.182757 -0.186142 0.319917
vn 0.00674322 -0.910702 0.413008
v 0.199309 -0.186019 0.319917
vn 0.00674322 -0.910702 0.413008
v 0.182729 -0.18231 0.327855
vn 0.00635129 -0.857854 0.513855
v 0.199309 -0.186019 0.319917
vn 0.00674516 -0.910955 0.412451
v 0.182763 -0.186736 0.318246
vn 0.00690921 -0.932957 0.359922
v 0.199331 -0.188991 0.311555
vn 0.00704949 -0.951933 0.306225
v -0.181476 -0.175691 0.314771
vn -0.0113572 -0.000122398 0.999935
v 0.180209 0.118503 0.31927
vn -0.0113572 -0.000122398 0.999935
v -0.182853 0.010214 0.314779
vn -0.0113572 -0.000122398 0.999935
v -0.181375 -0.189298 0.318624
vn 0.006909 -0.932957 0.359922
v -0.19793 -0.188962 0.319914
vn 0.00674445 -0.910887 0.412601
v -0.181365 -0.190668 0.31477
vn 0.006909 -0.932957 0.359922
v -0.181357 -0.191811 0.311553
vn -0.999973 -0.00740804 -8.48136e-06
v -0.181341 -0.193773 0.303336
vn -0.999973 -0.00740804 -8.48136e-06
v -0.181134 -0.221915 0.314768
vn -0.999973 -0.00740804 -8.48136e-06
v -0.181365 -0.190668 0.31477
vn 0.00690885 -0.932957 0.359922
v -0.19793 -0.188962 0.319914
vn 0.00674422 -0.910878 0.412621
v -0.181357 -0.191811 0.311553
vn 0.00704956 -0.951991 0.306046
v 0.163466 0.144118 0.315721
vn -0.0051438 0.695175 -0.718822
v 0.163433 0.148571 0.320782
vn -0.00554909 0.749799 -0.661643
v 0.180018 0.14424 0.315721
vn -0.0051438 0.695175 -0.718822
v 0.163466 0.144118 0.315721
vn -0.999973 -0.00740826 -8.00492e-06
v 0.163502 0.139309 0.311061
vn -0.999973 -0.00740826 -8.00492e-06
v 0.163485 0.141555 0.335233
vn -0.445258 -0.717564 0.535581
v 0.180014 0.144712 0.340011
vn 0.455142 -0.75156 0.477497
v 0.180037 0.141677 0.335233
vn 0.454843 -0.711295 0.535889
v 0.180018 0.14424 0.315721
vn 0.999973 0.00740836 8.03061e-06
v 0.163485 0.141555 0.335233
vn -0.444265 -0.717956 0.535881
v 0.163502 0.139309 0.311061
vn -0.999973 -0.00740794 -8.02735e-06
v 0.163511 0.13818 0.330732
vn -0.444595 -0.673185 0.590895
v 0.163511 0.13818 0.330732
vn -0.441126 -0.67455 0.591938
v 0.180062 0.138302 0.330733
vn 0.451063 -0.66794 0.591945
v 0.163485 0.141555 0.335233
vn -0.440796 -0.719234 0.53703
v 0.180037 0.141677 0.335233
vn 0.451394 -0.712624 0.537039
v 0.163485 0.141555 0.335233
vn -0.440796 -0.719233 0.537031
v 0.180062 0.138302 0.330733
vn 0.451063 -0.667939 0.591945
v -0.183635 0.115808 0.314783
vn -0.0113563 -0.000117384 0.999936
v -0.183535 0.102198 0.314783
vn -0.0113563 -0.000117384 0.999936
v 0.180209 0.118503 0.31927
vn -0.0113563 -0.000117384 0.999936
v -0.183635 0.115808 0.314783
vn -6.93846e-06 -3.96484e-05 1
v -0.183535 0.102198 0.314783
vn -6.93846e-06 -3.96484e-05 1
v -0.167084 0.11593 0.314783
vn 0.443674 0.00325119 0.896182
v -0.167084 0.11593 0.314783
vn 0.446881 0.00327468 0.894588
v -0.167093 0.117145 0.314783
vn 0.459411 -0.212301 0.862479
v -0.183635 0.115808 0.314783
vn 0.57279 0.581322 0.577907
v -0.181447 -0.179576 0.302895
vn 0.999973 0.00740797 7.93401e-06
v -0.181341 -0.193773 0.303336
vn 0.999973 0.00740797 7.93401e-06
v -0.181442 -0.180266 0.300006
vn 0.999973 0.00740797 7.93401e-06
v -0.181375 -0.189298 0.318624
vn 0.093945 0.0183646 0.995408
v -0.16565 -0.077613 0.314775
vn 0.3406 0.0170534 0.940054
v -0.181488 -0.173974 0.318328
vn 0.093945 0.0183646 0.995408
v -0.181628 -0.155044 0.357821
vn 0.00326805 -0.442013 0.897003
v -0.181686 -0.147443 0.361318
vn 0.00249023 -0.337189 0.941434
v -0.19818 -0.155167 0.357821
vn 0.00326805 -0.442013 0.897003
v -0.181576 -0.162228 0.353403
vn 0.00400602 -0.541625 0.840611
v -0.181628 -0.155044 0.357821
vn 0.00327197 -0.442563 0.896732
v -0.198128 -0.16235 0.353403
vn 0.00400602 -0.541625 0.840611
v -0.181378 -0.188839 0.319914
vn 0.0067442 -0.910848 0.412686
v -0.19793 -0.188962 0.319914
vn 0.0067442 -0.910848 0.412686
v -0.181375 -0.189298 0.318624
vn 0.00690903 -0.932957 0.359922
v -0.16565 -0.077613 0.314775
vn 0.317363 0.0157587 0.948173
v -0.166622 0.053559 0.314781
vn 0.415173 0.0030387 0.909737
v -0.182853 0.010214 0.314779
vn 0.0433253 0.00844775 0.999025
v -0.167084 0.11593 0.314783
vn 0.473775 0.00347441 0.880639
v -0.166622 0.053559 0.314781
vn 0.473775 0.00347441 0.880639
v -0.167118 0.12061 0.299754
vn 0.999973 0.00740796 9.30749e-06
v 0.182763 -0.186736 0.318246
vn -0.999973 -0.0074076 -7.73497e-06
v 0.182694 -0.177568 0.30001
vn -0.999973 -0.0074076 -7.73497e-06
v 0.182779 -0.189114 0.311555
vn -0.999973 -0.0074076 -7.73497e-06
v 0.182694 -0.177568 0.30001
vn -0.00727071 0.981591 -0.190855
v 0.182682 -0.175911 0.306949
vn -0.00705066 0.952102 -0.3057
v 0.199245 -0.177445 0.30001
vn -0.00727071 0.981591 -0.190855
v 0.199234 -0.175788 0.30695
vn -0.0070506 0.952102 -0.3057
v 0.199245 -0.177445 0.30001
vn -0.00727065 0.981591 -0.190855
v 0.182682 -0.175911 0.306949
vn -0.0070506 0.952102 -0.3057
v 0.199192 -0.170292 0.320115
vn 0.999973 0.0074089 8.02639e-06
v 0.199207 -0.172151 0.342054
vn 0.999973 0.0074089 8.02639e-06
v 0.199216 -0.173388 0.313704
vn 0.999973 0.0074089 8.02639e-06
v 0.182641 -0.170415 0.320115
vn -0.00635038 0.857743 -0.51404
v 0.199192 -0.170292 0.320115
vn -0.00635038 0.857743 -0.51404
v 0.182649 -0.171545 0.317775
vn -0.00655804 0.885714 -0.464186
v 0.199216 -0.173388 0.313704
vn 0.999973 0.00740699 8.0992e-06
v 0.199207 -0.172151 0.342054
vn 0.999973 0.00740699 8.0992e-06
v 0.199234 -0.175788 0.30695
vn 0.999973 0.00740699 8.0992e-06
v 0.182655 -0.172274 0.342054
vn -0.999973 -0.00740794 -8.04539e-06
v 0.182649 -0.171545 0.317775
vn -0.999973 -0.00740794 -8.04539e-06
v 0.182694 -0.177666 0.335267
vn -0.999973 -0.00740794 -8.04539e-06
v 0.182729 -0.18231 0.327855
vn 0.00634877 -0.857538 0.514381
v 0.199281 -0.182187 0.327856
vn 0.00634877 -0.857538 0.514381
v 0.182694 -0.177666 0.335267
vn 0.00587334 -0.79351 0.608529
v 0.199281 -0.182187 0.327856
vn 0.00635114 -0.857854 0.513854
v 0.182729 -0.18231 0.327855
vn 0.00635114 -0.857854 0.513854
v 0.199309 -0.186019 0.319917
vn 0.00674307 -0.910703 0.413008
v 0.182779 -0.189114 0.311555
vn 0.00704954 -0.951952 0.306167
v 0.199331 -0.188991 0.311555
vn 0.00704954 -0.951952 0.306167
v 0.182763 -0.186736 0.318246
vn 0.00690912 -0.932957 0.359922
v 0.199309 -0.186019 0.319917
vn 0.999973 0.00740812 7.89824e-06
v 0.199331 -0.188991 0.311555
vn 0.999973 0.00740812 7.89824e-06
v 0.199245 -0.177445 0.30001
vn 0.999973 0.00740812 7.89824e-06
v -0.182853 0.010214 0.314779
vn -0.0113557 -0.000126395 0.999936
v 0.180209 0.118503 0.31927
vn -0.0113557 -0.000126395 0.999936
v -0.183173 0.053437 0.314781
vn -0.0113557 -0.000126395 0.999936
v -0.181476 -0.175691 0.314771
vn -0.999973 -0.00740797 -9.78513e-06
v -0.181488 -0.173974 0.318328
vn -0.999973 -0.00740797 -9.78513e-06
v -0.182853 0.010214 0.314779
vn -0.999973 -0.00740797 -9.78513e-06
v -0.182853 0.010214 0.314779
vn -0.999973 -0.00740788 -4.76645e-06
v -0.182199 -0.078131 0.299746
vn -0.999973 -0.00740788 -4.76645e-06
v -0.181476 -0.175691 0.314771
vn -0.999973 -0.00740788 -4.76645e-06
v -0.181476 -0.175691 0.314771
vn -0.999973 -0.0074081 -8.64473e-06
v -0.182199 -0.078131 0.299746
vn -0.999973 -0.0074081 -8.64473e-06
v -0.181471 -0.176208 0.3137
vn -0.999973 -0.0074081 -8.64473e-06
v -0.181476 -0.175691 0.314771
vn -0.00655797 0.885714 -0.464185
v -0.181471 -0.176208 0.3137
vn -0.00674387 0.910812 -0.412767
v -0.198047 -0.173235 0.320113
vn -0.00635012 0.857718 -0.514082
v -0.181357 -0.191811 0.311553
vn 0.0070507 -0.952116 0.305657
v -0.197908 -0.191934 0.311552
vn 0.0070507 -0.952116 0.305657
v -0.181341 -0.193773 0.303336
vn 0.00716906 -0.967976 0.250942
v -0.197908 -0.191934 0.311552
vn 0.00704931 -0.951933 0.306225
v -0.181357 -0.191811 0.311553
vn 0.00704931 -0.951933 0.306225
v -0.19793 -0.188962 0.319914
vn 0.00674498 -0.910955 0.412451
v -0.183636 0.115808 0.318229
vn 0.446853 0.879817 0.162002
v -0.183635 0.115808 0.314783
vn 0.573154 0.581538 0.577329
v -0.183644 0.117022 0.314783
vn -0.329789 0.461918 0.823329
v -0.183628 0.114718 0.321319
vn -0.00681125 0.919027 0.394137
v -0.183636 0.115808 0.318229
vn 0.445941 0.880199 0.16244
v -0.200179 0.114595 0.321319
vn -0.00681125 0.919027 0.394137
v 0.179985 0.148693 0.320782
vn -0.00554909 0.749799 -0.661643
v 0.180018 0.14424 0.315721
vn -0.00514379 0.695175 -0.718822
v 0.163433 0.148571 0.320782
vn -0.00554909 0.749799 -0.661643
v 0.163433 0.148571 0.320782
vn -0.999973 -0.00740792 -8.05717e-06
v 0.163466 0.144118 0.315721
vn -0.999973 -0.00740792 -8.05717e-06
v 0.163463 0.144589 0.340011
vn -0.44496 -0.757806 0.477222
v 0.163463 0.144589 0.340011
vn -0.443965 -0.758221 0.477489
v 0.163466 0.144118 0.315721
vn -0.999973 -0.00740836 -8.02985e-06
v 0.163485 0.141555 0.335233
vn -0.444264 -0.717956 0.535881
v 0.180014 0.144712 0.340011
vn 0.451694 -0.752976 0.478539
v 0.163463 0.144589 0.340011
vn -0.440497 -0.759586 0.478531
v 0.180037 0.141677 0.335233
vn 0.451395 -0.71279 0.536818
v 0.179985 0.148693 0.320782
vn 0.999973 0.00740791 8.05849e-06
v 0.180014 0.144712 0.340011
vn 0.45613 -0.751131 0.47723
v 0.180018 0.14424 0.315721
vn 0.999973 0.00740791 8.05849e-06
v 0.163485 0.141555 0.335233
vn -0.440795 -0.719399 0.536809
v 0.180037 0.141677 0.335233
vn 0.451395 -0.71279 0.536817
v 0.163463 0.144589 0.340011
vn -0.440497 -0.759586 0.478531
v -0.183173 0.053437 0.314781
vn -0.011356 -0.000124578 0.999936
v 0.180209 0.118503 0.31927
vn -0.011356 -0.000124578 0.999936
v -0.183535 0.102198 0.314783
vn -0.011356 -0.000124578 0.999936
v -0.183173 0.053437 0.314781
vn -5.73425e-06 -4.00262e-05 1
v -0.167084 0.11593 0.314783
vn 0.434797 0.00318487 0.900523
v -0.183535 0.102198 0.314783
vn -5.73425e-06 -4.00262e-05 1
v -0.183644 0.117022 0.314783
vn -0.32971 0.461594 0.823543
v -0.183635 0.115808 0.314783
vn 0.572791 0.581322 0.577906
v -0.167093 0.117145 0.314783
vn 0.459411 -0.212301 0.862479
v -0.167093 0.117145 0.314783
vn 0.460247 -0.212377 0.862014
v -0.167084 0.11593 0.314783
vn 0.447727 0.00328093 0.894164
v -0.167118 0.12061 0.299754
vn 0.999973 0.00740799 8.02642e-06
v -0.181447 -0.179576 0.302895
vn -0.999973 -0.00740804 -7.14539e-06
v -0.181453 -0.178608 0.306946
vn -0.999973 -0.00740804 -7.14539e-06
v -0.182199 -0.078131 0.299746
vn -0.999973 -0.00740804 -7.14539e-06
v -0.181341 -0.193773 0.303336
vn 0.999973 0.00740801 8.0959e-06
v -0.181341 -0.193883 0.302876
vn 0.999973 0.00740801 8.0959e-06
v -0.181442 -0.180266 0.300006
vn 0.999973 0.00740801 8.0959e-06
v -0.181447 -0.179576 0.302895
vn -0.00716902 0.967976 -0.250942
v -0.181442 -0.180266 0.300006
vn -0.00727084 0.981621 -0.190704
v -0.198005 -0.178731 0.306946
vn -0.00705024 0.952058 -0.305836
v -0.182853 0.010214 0.314779
vn 0.0520833 0.010163 0.998591
v -0.181488 -0.173974 0.318328
vn 0.0939519 0.0183638 0.995407
v -0.16565 -0.077613 0.314775
vn 0.317168 0.017231 0.948213
v -0.181686 -0.147443 0.361318
vn 0.00248585 -0.336612 0.94164
v -0.181744 -0.139522 0.36385
vn 0.00167719 -0.227394 0.973801
v -0.198236 -0.147565 0.361318
vn 0.00248585 -0.336612 0.94164
v -0.198236 -0.147565 0.361318
vn 0.0024901 -0.337189 0.941434
v -0.19818 -0.155167 0.357821
vn 0.00326793 -0.442013 0.897003
v -0.181686 -0.147443 0.361318
vn 0.0024901 -0.337189 0.941434
v -0.19818 -0.155167 0.357821
vn 0.00327214 -0.442563 0.896731
v -0.198128 -0.16235 0.353403
vn 0.00400618 -0.541625 0.840611
v -0.181628 -0.155044 0.357821
vn 0.00327214 -0.442563 0.896731
v -0.181526 -0.168899 0.348123
vn 0.00469236 -0.63414 0.773204
v -0.181576 -0.162228 0.353403
vn 0.00401001 -0.54214 0.840279
v -0.198077 -0.169022 0.348123
vn 0.00469236 -0.63414 0.773204
v -0.198128 -0.16235 0.353403
vn 0.00400981 -0.542139 0.840279
v -0.198077 -0.169022 0.348123
vn 0.00469216 -0.634139 0.773204
v -0.181576 -0.162228 0.353403
vn 0.00400981 -0.542139 0.840279
v -0.181406 -0.185007 0.327853
vn 0.00635129 -0.857854 0.513854
v -0.197958 -0.18513 0.327853
vn 0.00635129 -0.857854 0.513854
v -0.181378 -0.188839 0.319914
vn 0.00674322 -0.910703 0.413008
v -0.19793 -0.188962 0.319914
vn 0.00674322 -0.910703 0.413008
v -0.181378 -0.188839 0.319914
vn 0.00674322 -0.910703 0.413008
v -0.197958 -0.18513 0.327853
vn 0.00635129 -0.857854 0.513855
v -0.183173 0.053437 0.314781
vn -6.79891e-06 -4.01697e-05 1
v -0.182853 0.010214 0.314779
vn 0.045738 0.00892072 0.998914
v -0.166622 0.053559 0.314781
vn 0.436175 0.00319496 0.899856
v -0.166622 0.053559 0.314781
vn 0.431444 0.0031603 0.902134
v -0.167084 0.11593 0.314783
vn 0.431444 0.0031603 0.902134
v -0.183173 0.053437 0.314781
vn -6.71735e-06 -3.96927e-05 1
v -0.183564 0.106301 0.299753
vn -0.999973 -0.00740784 -5.11017e-06
v -0.182199 -0.078131 0.299746
vn -0.999973 -0.00740784 -5.11017e-06
v -0.182853 0.010214 0.314779
vn -0.999973 -0.00740784 -5.11017e-06
v 0.182779 -0.189114 0.311555
vn -0.999973 -0.0074081 -8.30388e-06
v 0.182694 -0.177568 0.30001
vn -0.999973 -0.0074081 -8.30388e-06
v 0.182795 -0.191186 0.30288
vn -0.999973 -0.0074081 -8.30388e-06
v 0.199245 -0.177445 0.30001
vn -0.00728707 0.983336 -0.181652
v 0.199502 -0.211735 0.0150333
vn -0.00739049 0.997201 -0.0744065
v 0.182694 -0.177568 0.30001
vn -0.00728707 0.983336 -0.181652
v 0.199234 -0.175788 0.30695
vn 0.999973 0.00740762 8.03424e-06
v 0.199207 -0.172151 0.342054
vn 0.999973 0.00740762 8.03424e-06
v 0.199245 -0.177445 0.30001
vn 0.999973 0.00740762 8.03424e-06
v 0.199161 -0.166079 0.348126
vn 0.999973 0.00740806 7.90372e-06
v 0.199207 -0.172151 0.342054
vn 0.999973 0.00740806 7.90372e-06
v 0.199192 -0.170292 0.320115
vn 0.999973 0.00740806 7.90372e-06
v 0.182641 -0.170415 0.320115
vn -0.00634915 0.857569 -0.51433
v 0.182613 -0.166664 0.326102
vn -0.00587323 0.793474 -0.608576
v 0.199192 -0.170292 0.320115
vn -0.00634915 0.857569 -0.51433
v 0.182641 -0.170415 0.320115
vn -0.999973 -0.00740764 -8.04528e-06
v 0.182649 -0.171545 0.317775
vn -0.999973 -0.00740764 -8.04528e-06
v 0.18261 -0.166202 0.348126
vn -0.999973 -0.00740764 -8.04528e-06
v 0.18261 -0.166202 0.348126
vn -0.999973 -0.00740705 -8.02186e-06
v 0.182649 -0.171545 0.317775
vn -0.999973 -0.00740705 -8.02186e-06
v 0.182655 -0.172274 0.342054
vn -0.999973 -0.00740705 -8.02186e-06
v 0.182694 -0.177666 0.335267
vn 0.00587051 -0.793137 0.609015
v 0.199246 -0.177544 0.335267
vn 0.00587051 -0.793137 0.609015
v 0.182655 -0.172274 0.342054
vn 0.00531944 -0.718771 0.695227
v 0.199246 -0.177544 0.335267
vn 0.00587326 -0.79351 0.608529
v 0.182694 -0.177666 0.335267
vn 0.00587326 -0.79351 0.608529
v 0.199281 -0.182187 0.327856
vn 0.00634869 -0.857539 0.51438
v 0.199281 -0.182187 0.327856
vn 0.999973 0.00740785 7.7553e-06
v 0.199309 -0.186019 0.319917
vn 0.999973 0.00740785 7.7553e-06
v 0.199245 -0.177445 0.30001
vn 0.999973 0.00740785 7.7553e-06
v 0.199331 -0.188991 0.311555
vn 0.00705082 -0.95212 0.305642
v 0.182779 -0.189114 0.311555
vn 0.00705082 -0.95212 0.305642
v 0.199346 -0.191063 0.30288
vn 0.00727064 -0.981579 0.19092
v 0.199331 -0.188991 0.311555
vn 0.999973 0.00740799 7.77105e-06
v 0.199346 -0.191063 0.30288
vn 0.999973 0.00740799 7.77105e-06
v 0.199245 -0.177445 0.30001
vn 0.999973 0.00740799 7.77105e-06
v -0.183173 0.053437 0.314781
vn -0.999973 -0.00740789 -6.80141e-06
v -0.183564 0.106301 0.299753
vn -0.999973 -0.00740789 -6.80141e-06
v -0.182853 0.010214 0.314779
vn -0.999973 -0.00740789 -6.80141e-06
v -0.181488 -0.173974 0.318328
vn -0.00655808 0.885714 -0.464186
v -0.181476 -0.175691 0.314771
vn -0.00655808 0.885714 -0.464186
v -0.198047 -0.173235 0.320113
vn -0.0063506 0.857767 -0.514
v -0.181471 -0.176208 0.3137
vn -0.00674465 0.910931 -0.412504
v -0.181453 -0.178608 0.306946
vn -0.00704929 0.951951 -0.306169
v -0.198023 -0.17633 0.3137
vn -0.00674465 0.910931 -0.412504
v -0.181471 -0.176208 0.3137
vn -0.999973 -0.00740821 -8.59478e-06
v -0.182199 -0.078131 0.299746
vn -0.999973 -0.00740821 -8.59478e-06
v -0.181453 -0.178608 0.306946
vn -0.999973 -0.00740821 -8.59478e-06
v -0.198023 -0.17633 0.3137
vn -0.00674315 0.910727 -0.412954
v -0.198047 -0.173235 0.320113
vn -0.00635081 0.857824 -0.513905
v -0.181471 -0.176208 0.3137
vn -0.00674315 0.910727 -0.412954
v -0.181341 -0.193773 0.303336
vn 0.00716912 -0.967976 0.250942
v -0.197908 -0.191934 0.311552
vn 0.00705014 -0.952032 0.305918
v -0.181341 -0.193883 0.302876
vn 0.00727107 -0.981638 0.190612
v -0.19793 -0.188962 0.319914
vn -0.999973 -0.00740812 -7.89824e-06
v -0.197994 -0.180388 0.300006
vn -0.999973 -0.00740812 -7.89824e-06
v -0.197908 -0.191934 0.311552
vn -0.999973 -0.00740812 -7.89824e-06
v -0.181453 -0.178608 0.306946
vn -0.00705038 0.952071 -0.305797
v -0.181447 -0.179576 0.302895
vn -0.00716907 0.967976 -0.250942
v -0.198005 -0.178731 0.306946
vn -0.00705038 0.952071 -0.305797
v -0.183636 0.115808 0.318229
vn 0.44585 0.880236 0.162488
v -0.183644 0.117022 0.314783
vn -0.329409 0.463215 0.822752
v -0.200179 0.114595 0.321319
vn -0.00681142 0.91903 0.394128
v -0.183607 0.111944 0.327636
vn -0.00655863 0.884899 0.465738
v -0.183628 0.114718 0.321319
vn -0.00681057 0.91893 0.394361
v -0.200159 0.111821 0.327636
vn -0.00655863 0.884899 0.465738
v -0.200179 0.114595 0.321319
vn -0.00681057 0.91893 0.394361
v -0.200159 0.111821 0.327636
vn -0.00655863 0.884899 0.465738
v -0.183628 0.114718 0.321319
vn -0.00681057 0.91893 0.394361
v -0.181805 -0.131388 0.365383
vn 0.000836776 -0.114013 0.993479
v -0.181865 -0.123145 0.365896
vn 0.000206163 -0.0288212 0.999585
v -0.198355 -0.13151 0.365383
vn 0.000836776 -0.114013 0.993479
v -0.181865 -0.123145 0.365896
vn 0.000181549 -0.0253883 0.999678
v -0.183336 0.075475 0.365905
vn -0.00160388 0.215578 0.976485
v -0.198417 -0.123267 0.365896
vn 0.000181549 -0.0253883 0.999678
v 0.163433 0.148571 0.320782
vn -0.00555071 0.750018 -0.661394
v 0.163403 0.15264 0.32621
vn -0.00592117 0.799932 -0.600062
v 0.179985 0.148693 0.320782
vn -0.00555071 0.750018 -0.661394
v 0.163442 0.147266 0.345035
vn -0.443703 -0.793727 0.416083
v 0.163433 0.148571 0.320782
vn -0.999973 -0.00740803 -8.05873e-06
v 0.163463 0.144589 0.340011
vn -0.443966 -0.758221 0.477488
v 0.163463 0.144589 0.340011
vn -0.440496 -0.759733 0.478299
v 0.180014 0.144712 0.340011
vn 0.451695 -0.753123 0.478306
v 0.163442 0.147266 0.345035
vn -0.440233 -0.79517 0.417013
v 0.179994 0.147388 0.345036
vn 0.455405 -0.787067 0.416092
v 0.180014 0.144712 0.340011
vn 0.455142 -0.75156 0.477497
v 0.179985 0.148693 0.320782
vn 0.999973 0.00740802 8.05832e-06
v -0.183535 0.102198 0.314783
vn -0.999973 -0.0074084 -8.66047e-06
v -0.183564 0.106301 0.299753
vn -0.999973 -0.0074084 -8.66047e-06
v -0.183173 0.053437 0.314781
vn -0.999973 -0.0074084 -8.66047e-06
v -0.183546 0.103895 0.309969
vn -0.999973 -0.00740775 -7.93197e-06
v -0.183564 0.106301 0.299753
vn -0.999973 -0.00740775 -7.93197e-06
v -0.183535 0.102198 0.314783
vn -0.999973 -0.00740775 -7.93197e-06
v -0.183535 0.102198 0.314783
vn 0.00692096 -0.933923 -0.357408
v -0.200085 0.101862 0.315389
vn 0.00681131 -0.919044 -0.394096
v -0.183546 0.103895 0.309969
vn 0.00702065 -0.947338 -0.32016
v -0.167093 0.117145 0.314783
vn 0.459103 -0.212902 0.862495
v -0.167109 0.11929 0.316027
vn 0.450195 -0.44906 0.771797
v -0.183644 0.117022 0.314783
vn -0.329653 0.460777 0.824023
v -0.167109 0.11929 0.316027
vn 0.451884 -0.448672 0.771034
v -0.167093 0.117145 0.314783
vn 0.46077 -0.212307 0.861752
v -0.167118 0.12061 0.299754
vn 0.999973 0.00740802 8.06095e-06
v -0.181442 -0.180266 0.300006
vn 0.999973 0.00740928 7.77502e-06
v -0.181341 -0.193883 0.302876
vn 0.999973 0.00740928 7.77502e-06
v -0.181185 -0.214555 0.01503
vn 0.999973 0.00740928 7.77502e-06
v -0.197994 -0.180388 0.300006
vn -0.00727046 0.981591 -0.190855
v -0.198005 -0.178731 0.306946
vn -0.00705041 0.952102 -0.3057
v -0.181442 -0.180266 0.300006
vn -0.00727046 0.981591 -0.190855
v -0.181744 -0.139522 0.36385
vn 0.00167285 -0.226798 0.97394
v -0.181805 -0.131388 0.365383
vn 0.000841318 -0.114621 0.993409
v -0.198296 -0.139645 0.36385
vn 0.00167285 -0.226798 0.97394
v -0.198296 -0.139645 0.36385
vn 0.00167729 -0.227394 0.973801
v -0.198236 -0.147565 0.361318
vn 0.00248594 -0.336612 0.94164
v -0.181744 -0.139522 0.36385
vn 0.00167729 -0.227394 0.973801
v -0.198236 -0.147565 0.361318
vn -0.999973 -0.00740774 -8.09145e-06
v -0.198183 -0.154835 0.340751
vn -0.999973 -0.00740774 -8.09145e-06
v -0.19818 -0.155167 0.357821
vn -0.999973 -0.00740774 -8.09145e-06
v -0.19818 -0.155167 0.357821
vn -0.999973 -0.00740774 -8.15718e-06
v -0.198142 -0.160224 0.336486
vn -0.999973 -0.00740774 -8.15718e-06
v -0.198128 -0.16235 0.353403
vn -0.999973 -0.00740774 -8.15718e-06
v -0.181591 -0.160101 0.336486
vn -0.00469267 0.634185 -0.773167
v -0.198142 -0.160224 0.336486
vn -0.00469267 0.634185 -0.773167
v -0.181632 -0.154713 0.340751
vn -0.00400962 0.54209 -0.840311
v -0.181632 -0.154713 0.340751
vn -0.0040064 0.541674 -0.840579
v -0.198183 -0.154835 0.340751
vn -0.0040064 0.541674 -0.840579
v -0.181674 -0.14891 0.344319
vn -0.0032716 0.44251 -0.896758
v -0.181481 -0.174971 0.342051
vn 0.00531628 -0.718344 0.695668
v -0.181526 -0.168899 0.348123
vn 0.00469564 -0.634613 0.772816
v -0.198032 -0.175094 0.342049
vn 0.00531628 -0.718344 0.695668
v -0.198077 -0.169022 0.348123
vn 0.00469588 -0.634613 0.772816
v -0.198032 -0.175094 0.342049
vn 0.00531652 -0.718345 0.695667
v -0.181526 -0.168899 0.348123
vn 0.00469588 -0.634613 0.772816
v -0.181554 -0.165006 0.331581
vn -0.00531679 0.718385 -0.695625
v -0.198106 -0.165129 0.331581
vn -0.00531679 0.718385 -0.695625
v -0.181591 -0.160101 0.336486
vn -0.00469552 0.634568 -0.772853
v -0.198128 -0.16235 0.353403
vn -0.999973 -0.00740837 -8.0096e-06
v -0.198106 -0.165129 0.331581
vn -0.999973 -0.00740837 -8.0096e-06
v -0.198077 -0.169022 0.348123
vn -0.999973 -0.00740837 -8.0096e-06
v -0.181442 -0.180364 0.335263
vn 0.00587352 -0.79351 0.608529
v -0.197993 -0.180487 0.335263
vn 0.00587352 -0.79351 0.608529
v -0.181406 -0.185007 0.327853
vn 0.00634895 -0.857538 0.514381
v -0.197958 -0.18513 0.327853
vn 0.00634895 -0.857538 0.514381
v -0.181406 -0.185007 0.327853
vn 0.00634895 -0.857538 0.514381
v -0.197993 -0.180487 0.335263
vn 0.00587352 -0.79351 0.608529
v -0.197958 -0.18513 0.327853
vn -0.999973 -0.00740857 -8.09056e-06
v -0.197994 -0.180388 0.300006
vn -0.999973 -0.00740857 -8.09056e-06
v -0.19793 -0.188962 0.319914
vn -0.999973 -0.00740857 -8.09056e-06
v -0.183564 0.106301 0.299753
vn 0.999973 0.00740798 7.93521e-06
v -0.183566 0.106557 0.29843
vn 0.999973 0.00740798 7.93521e-06
v -0.183669 0.120392 0.299754
vn 0.999973 0.00740798 7.93521e-06
v 0.182694 -0.177568 0.30001
vn -0.999973 -0.00740921 -7.78387e-06
v 0.18295 -0.211857 0.0150333
vn -0.999973 -0.00740921 -7.78387e-06
v 0.182795 -0.191186 0.30288
vn -0.999973 -0.00740921 -7.78387e-06
v 0.182795 -0.191186 0.30288
vn 0.00727065 -0.981579 0.19092
v 0.199346 -0.191063 0.30288
vn 0.00727065 -0.981579 0.19092
v 0.182779 -0.189114 0.311555
vn 0.00705083 -0.95212 0.305642
v 0.18295 -0.211857 0.0150333
vn -0.00738163 0.997201 -0.0744064
v 0.182694 -0.177568 0.30001
vn -0.00727821 0.983336 -0.181651
v 0.199502 -0.211735 0.0150333
vn -0.00738163 0.997201 -0.0744064
v 0.199245 -0.177445 0.30001
vn 0.999973 0.00740931 8.24803e-06
v 0.199346 -0.191063 0.30288
vn 0.999973 0.00740931 8.24803e-06
v 0.199502 -0.211735 0.0150333
vn 0.999973 0.00740931 8.24803e-06
v 0.199207 -0.172151 0.342054
vn 0.999973 0.00740811 7.88929e-06
v 0.199246 -0.177544 0.335267
vn 0.999973 0.00740811 7.88929e-06
v 0.199245 -0.177445 0.30001
vn 0.999973 0.00740811 7.88929e-06
v 0.199207 -0.172151 0.342054
vn 0.00531651 -0.718344 0.695668
v 0.199161 -0.166079 0.348126
vn 0.00469587 -0.634613 0.772816
v 0.182655 -0.172274 0.342054
vn 0.00531651 -0.718344 0.695668
v 0.199165 -0.166542 0.326102
vn 0.999973 0.00740725 8.07403e-06
v 0.199161 -0.166079 0.348126
vn 0.999973 0.00740725 8.07403e-06
v 0.199192 -0.170292 0.320115
vn 0.999973 0.00740725 8.07403e-06
v 0.199165 -0.166542 0.326102
vn -0.00587302 0.793474 -0.608575
v 0.199192 -0.170292 0.320115
vn -0.00634893 0.857569 -0.51433
v 0.182613 -0.166664 0.326102
vn -0.00587302 0.793474 -0.608575
v 0.182613 -0.166664 0.326102
vn -0.999973 -0.00740825 -7.91013e-06
v 0.182641 -0.170415 0.320115
vn -0.999973 -0.00740825 -7.91013e-06
v 0.18261 -0.166202 0.348126
vn -0.999973 -0.00740825 -7.91013e-06
v 0.18261 -0.166202 0.348126
vn 0.00469587 -0.634613 0.772816
v 0.182655 -0.172274 0.342054
vn 0.00531652 -0.718344 0.695668
v 0.199161 -0.166079 0.348126
vn 0.00469587 -0.634613 0.772816
v 0.199207 -0.172151 0.342054
vn 0.00531968 -0.71877 0.695227
v 0.182655 -0.172274 0.342054
vn 0.00531968 -0.71877 0.695227
v 0.199246 -0.177544 0.335267
vn 0.00587075 -0.793137 0.609015
v 0.199246 -0.177544 0.335267
vn 0.999973 0.00740884 7.90676e-06
v 0.199281 -0.182187 0.327856
vn 0.999973 0.00740884 7.90676e-06
v 0.199245 -0.177445 0.30001
vn 0.999973 0.00740884 7.90676e-06
v -0.181495 -0.173112 0.320113
vn -0.00635029 0.857732 -0.514058
v -0.181488 -0.173974 0.318328
vn -0.00655803 0.885714 -0.464186
v -0.198047 -0.173235 0.320113
vn -0.00635029 0.857732 -0.514058
v -0.198005 -0.178731 0.306946
vn -0.00704954 0.951951 -0.30617
v -0.198023 -0.17633 0.3137
vn -0.0067449 0.910931 -0.412504
v -0.181453 -0.178608 0.306946
vn -0.00704954 0.951951 -0.30617
v -0.198047 -0.173235 0.320113
vn -0.999973 -0.00740811 -7.9541e-06
v -0.198023 -0.17633 0.3137
vn -0.999973 -0.00740811 -7.9541e-06
v -0.198032 -0.175094 0.342049
vn -0.999973 -0.00740811 -7.9541e-06
v -0.197893 -0.194006 0.302876
vn 0.00727065 -0.981579 0.19092
v -0.181341 -0.193883 0.302876
vn 0.00727065 -0.981579 0.19092
v -0.197908 -0.191934 0.311552
vn 0.00705082 -0.95212 0.305642
v -0.197908 -0.191934 0.311552
vn -0.999973 -0.00740799 -7.771e-06
v -0.197994 -0.180388 0.300006
vn -0.999973 -0.00740799 -7.771e-06
v -0.197893 -0.194006 0.302876
vn -0.999973 -0.00740799 -7.771e-06
v -0.200196 0.116899 0.314783
vn -0.00702066 0.947324 0.320201
v -0.200179 0.114595 0.321319
vn -0.00681154 0.919061 0.394056
v -0.183644 0.117022 0.314783
vn -0.328946 0.464396 0.822272
v -0.183582 0.108716 0.333694
vn -0.00626452 0.845155 0.534485
v -0.183607 0.111944 0.327636
vn -0.00655726 0.884744 0.466032
v -0.200135 0.108594 0.333694
vn -0.00626452 0.845155 0.534485
v -0.200159 0.111821 0.327636
vn -0.00655748 0.884744 0.466032
v -0.200135 0.108594 0.333694
vn -0.00626474 0.845155 0.534485
v -0.183607 0.111944 0.327636
vn -0.00655748 0.884744 0.466032
v -0.200179 0.114595 0.321319
vn -0.999973 -0.00740252 -7.31371e-06
v -0.200442 0.150417 0.0150463
vn -0.999973 -0.00740252 -7.31371e-06
v -0.200159 0.111821 0.327636
vn -0.999973 -0.00740252 -7.31371e-06
v -0.198417 -0.123267 0.365896
vn 0.000206163 -0.0288212 0.999585
v -0.198355 -0.13151 0.365383
vn 0.000836777 -0.114013 0.993479
v -0.181865 -0.123145 0.365896
vn 0.000206163 -0.0288212 0.999585
v -0.198355 -0.13151 0.365383
vn 0.000841262 -0.114621 0.993409
v -0.198296 -0.139645 0.36385
vn 0.0016728 -0.226798 0.97394
v -0.181805 -0.131388 0.365383
vn 0.000841262 -0.114621 0.993409
v -0.199888 0.075352 0.365905
vn -6.16347e-06 -4.00317e-05 1
v -0.198417 -0.123267 0.365896
vn 0.000181548 -0.0253882 0.999678
v -0.183336 0.075475 0.365905
vn -0.00160387 0.215577 0.976486
v -0.183336 0.075475 0.365905
vn -0.00181332 0.243731 0.969841
v -0.183379 0.081162 0.362608
vn -0.00375195 0.505513 0.862811
v -0.199888 0.075352 0.365905
vn -0.00349601 0.471003 0.882125
v 0.179955 0.152763 0.32621
vn -0.00592136 0.799931 -0.600062
v 0.179985 0.148693 0.320782
vn -0.0055509 0.750018 -0.661394
v 0.163403 0.15264 0.32621
vn -0.00592136 0.799931 -0.600062
v 0.163403 0.15264 0.32621
vn -0.999973 -0.00740791 -7.91164e-06
v 0.163433 0.148571 0.320782
vn -0.999973 -0.00740791 -7.91164e-06
v 0.163427 0.149566 0.350274
vn -0.444724 -0.823682 0.351808
v 0.163427 0.149566 0.350274
vn -0.443218 -0.824366 0.352107
v 0.163433 0.148571 0.320782
vn -0.999973 -0.00740695 -7.98835e-06
v 0.163442 0.147266 0.345035
vn -0.443446 -0.793839 0.416144
v 0.179994 0.147388 0.345036
vn 0.451957 -0.788561 0.41702
v 0.163442 0.147266 0.345035
vn -0.440233 -0.79517 0.417012
v 0.180014 0.144712 0.340011
vn 0.451694 -0.753124 0.478306
v 0.179977 0.149689 0.350274
vn 0.455378 -0.817708 0.352113
v 0.179994 0.147388 0.345036
vn 0.455151 -0.787182 0.416151
v 0.179985 0.148693 0.320782
vn 0.999973 0.00740783 8.03993e-06
v -0.183533 0.101984 0.31539
vn 0.00681102 -0.919002 -0.394194
v -0.200085 0.101862 0.315389
vn 0.00681102 -0.919002 -0.394194
v -0.183535 0.102198 0.314783
vn 0.00692099 -0.933923 -0.357408
v -0.183555 0.105056 0.339454
vn -0.00593157 0.800083 0.599859
v -0.183582 0.108716 0.333694
vn -0.0062632 0.844977 0.534766
v -0.200107 0.104934 0.339454
vn -0.00593157 0.800083 0.599859
v -0.183557 0.105403 0.304403
vn -0.999973 -0.00740789 -7.97241e-06
v -0.183564 0.106301 0.299753
vn -0.999973 -0.00740789 -7.97241e-06
v -0.183546 0.103895 0.309969
vn -0.999973 -0.00740789 -7.97241e-06
v -0.183546 0.103895 0.309969
vn 0.00702137 -0.947421 -0.319913
v -0.200098 0.103772 0.309969
vn 0.00702137 -0.947421 -0.319913
v -0.183557 0.105403 0.304403
vn 0.0071858 -0.96975 -0.243996
v -0.200098 0.103772 0.309969
vn 0.00702071 -0.947333 -0.320174
v -0.183546 0.103895 0.309969
vn 0.00702071 -0.947333 -0.320174
v -0.200085 0.101862 0.315389
vn 0.00681145 -0.91905 -0.394081
v -0.18366 0.119167 0.316027
vn -0.443504 -0.45568 0.77179
v -0.183644 0.117022 0.314783
vn -0.329653 0.460777 0.824023
v -0.167109 0.11929 0.316027
vn 0.450195 -0.44906 0.771797
v -0.167141 0.123791 0.319159
vn 0.453508 -0.508073 0.732252
v -0.167109 0.11929 0.316027
vn 0.453063 -0.448364 0.770522
v -0.167118 0.12061 0.299754
vn 0.999973 0.0074077 8.09689e-06
v -0.181068 -0.230326 0
vn 0.999973 0.00740865 7.81771e-06
v -0.181185 -0.214555 0.01503
vn 0.999973 0.00740865 7.81771e-06
v -0.181341 -0.193883 0.302876
vn 0.999973 0.00740865 7.81771e-06
v -0.181442 -0.180266 0.300006
vn -0.00727821 0.983336 -0.181651
v -0.181185 -0.214555 0.01503
vn -0.00738163 0.997201 -0.0744064
v -0.197994 -0.180388 0.300006
vn -0.00727821 0.983336 -0.181651
v -0.181674 -0.14891 0.344319
vn -0.00326843 0.442066 -0.896977
v -0.198225 -0.149033 0.344319
vn -0.00326843 0.442066 -0.896977
v -0.181719 -0.14277 0.347145
vn -0.00248981 0.337134 -0.941453
v -0.181719 -0.14277 0.347145
vn -0.00248626 0.336667 -0.941621
v -0.198271 -0.142892 0.347145
vn -0.00248626 0.336667 -0.941621
v -0.181768 -0.136372 0.349189
vn -0.00167677 0.227337 -0.973815
v -0.198296 -0.139645 0.36385
vn -0.999973 -0.0074082 -7.90635e-06
v -0.198271 -0.142892 0.347145
vn -0.999973 -0.0074082 -7.90635e-06
v -0.198236 -0.147565 0.361318
vn -0.999973 -0.0074082 -7.90635e-06
v -0.198183 -0.154835 0.340751
vn -0.999973 -0.00740798 -8.06882e-06
v -0.198142 -0.160224 0.336486
vn -0.999973 -0.00740798 -8.06882e-06
v -0.19818 -0.155167 0.357821
vn -0.999973 -0.00740798 -8.06882e-06
v -0.198225 -0.149033 0.344319
vn -0.999973 -0.00740798 -8.00029e-06
v -0.198183 -0.154835 0.340751
vn -0.999973 -0.00740798 -8.00029e-06
v -0.198236 -0.147565 0.361318
vn -0.999973 -0.00740798 -8.00029e-06
v -0.198142 -0.160224 0.336486
vn -0.999973 -0.00740765 -8.09108e-06
v -0.198106 -0.165129 0.331581
vn -0.999973 -0.00740765 -8.09108e-06
v -0.198128 -0.16235 0.353403
vn -0.999973 -0.00740765 -8.09108e-06
v -0.198183 -0.154835 0.340751
vn -0.00400947 0.54209 -0.840311
v -0.181632 -0.154713 0.340751
vn -0.00400947 0.54209 -0.840311
v -0.198142 -0.160224 0.336486
vn -0.00469252 0.634185 -0.773167
v -0.198142 -0.160224 0.336486
vn -0.00469551 0.634568 -0.772853
v -0.181591 -0.160101 0.336486
vn -0.00469551 0.634568 -0.772853
v -0.198106 -0.165129 0.331581
vn -0.00531679 0.718385 -0.695625
v -0.198225 -0.149033 0.344319
vn -0.00327173 0.44251 -0.896758
v -0.181674 -0.14891 0.344319
vn -0.00327173 0.44251 -0.896758
v -0.198183 -0.154835 0.340751
vn -0.00400653 0.541674 -0.840579
v -0.181481 -0.174971 0.342051
vn 0.00531947 -0.718771 0.695227
v -0.198032 -0.175094 0.342049
vn 0.00531947 -0.718771 0.695227
v -0.181442 -0.180364 0.335263
vn 0.00587055 -0.793137 0.609015
v -0.181554 -0.165006 0.331581
vn -0.00531936 0.71873 -0.695269
v -0.181523 -0.169362 0.326099
vn -0.00587099 0.793173 -0.608969
v -0.198106 -0.165129 0.331581
vn -0.00531936 0.71873 -0.695269
v -0.198077 -0.169022 0.348123
vn -0.999973 -0.00740806 -7.90375e-06
v -0.198047 -0.173235 0.320113
vn -0.999973 -0.00740806 -7.90375e-06
v -0.198032 -0.175094 0.342049
vn -0.999973 -0.00740806 -7.90375e-06
v -0.198106 -0.165129 0.331581
vn -0.999973 -0.00740786 -7.90371e-06
v -0.198075 -0.169485 0.326099
vn -0.999973 -0.00740786 -7.90371e-06
v -0.198077 -0.169022 0.348123
vn -0.999973 -0.00740786 -7.90371e-06
v -0.197993 -0.180487 0.335263
vn 0.00587075 -0.793137 0.609015
v -0.181442 -0.180364 0.335263
vn 0.00587075 -0.793137 0.609015
v -0.198032 -0.175094 0.342049
vn 0.00531968 -0.71877 0.695227
v -0.197993 -0.180487 0.335263
vn -0.999973 -0.00740757 -7.90291e-06
v -0.197994 -0.180388 0.300006
vn -0.999973 -0.00740757 -7.90291e-06
v -0.197958 -0.18513 0.327853
vn -0.999973 -0.00740757 -7.90291e-06
v -0.167118 0.12061 0.299754
vn -0.00348295 0.471075 -0.882087
v -0.18367 0.120488 0.299754
vn -0.00348295 0.471075 -0.882087
v -0.16716 0.126297 0.303051
vn -0.0037389 0.505582 -0.862771
v -0.18367 0.120488 0.299754
vn -0.999973 -0.0074082 -7.96514e-06
v -0.183669 0.120392 0.299754
vn -0.999973 -0.0074082 -7.96514e-06
v -0.183693 0.123668 0.319158
vn -0.443752 -0.515348 0.733144
v -0.183891 0.15054 0.0150463
vn 0.999973 0.00740361 7.13435e-06
v -0.183669 0.120392 0.299754
vn 0.999973 0.00740361 7.13435e-06
v -0.183566 0.106557 0.29843
vn 0.999973 0.00740361 7.13435e-06
v -0.183564 0.106301 0.299753
vn 0.0072519 -0.9787 -0.205165
v -0.200109 0.105281 0.304403
vn 0.00718594 -0.969791 -0.243832
v -0.183566 0.106557 0.29843
vn 0.00727987 -0.982578 -0.185707
v 0.183068 -0.227629 3.23509e-06
vn -0.999973 -0.00740858 -7.82704e-06
v 0.182795 -0.191186 0.30288
vn -0.999973 -0.00740858 -7.82704e-06
v 0.18295 -0.211857 0.0150333
vn -0.999973 -0.00740858 -7.82704e-06
v 0.199346 -0.191063 0.30288
vn 0.00728805 -0.983424 0.181176
v 0.182795 -0.191186 0.30288
vn 0.00728805 -0.983424 0.181176
v 0.19962 -0.227506 3.23509e-06
vn 0.00734793 -0.99155 0.129517
v 0.199502 -0.211735 0.0150333
vn -0.00739195 0.997904 -0.0642956
v 0.199502 -0.211734 4.33502e-06
vn -0.00740766 0.999973 4.02967e-05
v 0.18295 -0.211857 0.0150333
vn -0.00739195 0.997904 -0.0642956
v 0.19962 -0.227506 3.23509e-06
vn 0.999973 0.00740817 8.35525e-06
v 0.199502 -0.211735 0.0150333
vn 0.999973 0.00740817 8.35525e-06
v 0.199346 -0.191063 0.30288
vn 0.999973 0.00740817 8.35525e-06
v 0.199133 -0.162186 0.331584
vn 0.999973 0.00740846 8.0562e-06
v 0.199161 -0.166079 0.348126
vn 0.999973 0.00740846 8.0562e-06
v 0.199165 -0.166542 0.326102
vn 0.999973 0.00740846 8.0562e-06
v 0.182613 -0.166664 0.326102
vn -0.00587079 0.793173 -0.608969
v 0.182581 -0.162308 0.331584
vn -0.00531916 0.71873 -0.695269
v 0.199165 -0.166542 0.326102
vn -0.00587079 0.793173 -0.608969
v 0.182581 -0.162308 0.331584
vn -0.999973 -0.00740786 -7.90496e-06
v 0.182613 -0.166664 0.326102
vn -0.999973 -0.00740786 -7.90496e-06
v 0.18261 -0.166202 0.348126
vn -0.999973 -0.00740786 -7.90496e-06
v 0.199161 -0.166079 0.348126
vn 0.00469235 -0.63414 0.773204
v 0.199111 -0.159407 0.353406
vn 0.00401001 -0.542139 0.840279
v 0.18261 -0.166202 0.348126
vn 0.00469235 -0.63414 0.773204
v -0.181869 -0.122748 0.350866
vn -0.000181954 0.025445 -0.999676
v -0.198419 -0.12287 0.350866
vn -0.000181954 0.025445 -0.999676
v -0.183311 0.07201 0.350875
vn 6.17755e-06 4.01221e-05 -1
v -0.181523 -0.169362 0.326099
vn -0.00587323 0.793474 -0.608576
v -0.181495 -0.173112 0.320113
vn -0.00634915 0.857569 -0.51433
v -0.198075 -0.169485 0.326099
vn -0.00587323 0.793474 -0.608576
v -0.198047 -0.173235 0.320113
vn -0.00634915 0.857569 -0.51433
v -0.198075 -0.169485 0.326099
vn -0.00587323 0.793474 -0.608576
v -0.181495 -0.173112 0.320113
vn -0.00634915 0.857569 -0.51433
v -0.198023 -0.17633 0.3137
vn -0.999973 -0.00740825 -7.95762e-06
v -0.198005 -0.178731 0.306946
vn -0.999973 -0.00740825 -7.95762e-06
v -0.198032 -0.175094 0.342049
vn -0.999973 -0.00740825 -7.95762e-06
v -0.181341 -0.193883 0.302876
vn 0.00728798 -0.983424 0.181176
v -0.197893 -0.194006 0.302876
vn 0.00728798 -0.983424 0.181176
v -0.181068 -0.230326 0
vn 0.00734786 -0.99155 0.129517
v -0.197994 -0.180388 0.300006
vn -0.999973 -0.00740921 -7.78387e-06
v -0.197738 -0.214677 0.01503
vn -0.999973 -0.00740921 -7.78387e-06
v -0.197893 -0.194006 0.302876
vn -0.999973 -0.00740921 -7.78387e-06
v -0.183644 0.117022 0.314783
vn -0.330463 0.461798 0.823126
v -0.18366 0.119167 0.316027
vn -0.444622 -0.45546 0.771276
v -0.183657 0.118841 0.308071
vn -0.999973 -0.00740804 -7.95967e-06
v -0.183644 0.117022 0.314783
vn -0.329016 0.464599 0.822129
v -0.183657 0.118841 0.308071
vn -0.00718576 0.969743 0.244024
v -0.200196 0.116899 0.314783
vn -0.00702145 0.94743 0.319886
v -0.200196 0.116899 0.314783
vn -0.999973 -0.00740782 -7.98503e-06
v -0.200442 0.150417 0.0150463
vn -0.999973 -0.00740782 -7.98503e-06
v -0.200179 0.114595 0.321319
vn -0.999973 -0.00740782 -7.98503e-06
v -0.200135 0.108594 0.333694
vn -0.00626321 0.844977 0.534766
v -0.200107 0.104934 0.339454
vn -0.00593157 0.800083 0.599859
v -0.183582 0.108716 0.333694
vn -0.00626321 0.844977 0.534766
v -0.200159 0.111821 0.327636
vn -0.999973 -0.00740972 -8.28968e-06
v -0.200442 0.150417 0.0150463
vn -0.999973 -0.00740972 -8.28968e-06
v -0.200135 0.108594 0.333694
vn -0.999973 -0.00740972 -8.28968e-06
v -0.181768 -0.136372 0.349189
vn -0.00167327 0.226856 -0.973927
v -0.198318 -0.136495 0.349189
vn -0.00167327 0.226856 -0.973927
v -0.181816 -0.129802 0.350427
vn -0.000840877 0.114563 -0.993416
v -0.181816 -0.129802 0.350427
vn -0.000837107 0.114056 -0.993474
v -0.198368 -0.129925 0.350427
vn -0.000837107 0.114056 -0.993474
v -0.181869 -0.122748 0.350866
vn -0.000206008 0.0287987 -0.999585
v -0.198417 -0.123267 0.365896
vn -0.999973 -0.00740797 -7.87373e-06
v -0.198368 -0.129925 0.350427
vn -0.999973 -0.00740797 -7.87373e-06
v -0.198355 -0.13151 0.365383
vn -0.999973 -0.00740797 -7.87373e-06
v -0.198355 -0.13151 0.365383
vn -0.999973 -0.00740783 -8.03984e-06
v -0.198318 -0.136495 0.349189
vn -0.999973 -0.00740783 -8.03984e-06
v -0.198296 -0.139645 0.36385
vn -0.999973 -0.00740783 -8.03984e-06
v -0.199888 0.075352 0.365905
vn -0.999973 -0.00740828 -6.84576e-06
v -0.198419 -0.12287 0.350866
vn -0.999973 -0.00740828 -6.84576e-06
v -0.198417 -0.123267 0.365896
vn -0.999973 -0.00740828 -6.84576e-06
v -0.199931 0.081039 0.362608
vn -0.00375195 0.505513 0.862811
v -0.199888 0.075352 0.365905
vn -0.00349601 0.471003 0.882125
v -0.183379 0.081162 0.362608
vn -0.00375195 0.505513 0.862811
v -0.183379 0.081162 0.362608
vn -0.00375407 0.505799 0.862643
v -0.183418 0.086589 0.358834
vn -0.004247 0.572375 0.819981
v -0.199931 0.081039 0.362608
vn -0.00375407 0.505799 0.862643
v 0.179955 0.152763 0.32621
vn 0.999973 0.00740771 8.07241e-06
v 0.179977 0.149689 0.350274
vn 0.456875 -0.817002 0.351815
v 0.179985 0.148693 0.320782
vn 0.999973 0.00740771 8.07241e-06
v 0.163403 0.15264 0.32621
vn -0.00592284 0.800131 -0.599796
v 0.163375 0.1563 0.33197
vn -0.00625543 0.845021 -0.534696
v 0.179955 0.152763 0.32621
vn -0.00592284 0.800131 -0.599796
v 0.163411 0.151477 0.355694
vn -0.443029 -0.849715 0.285849
v 0.163403 0.15264 0.32621
vn -0.999973 -0.00740878 -8.0667e-06
v 0.163427 0.149566 0.350274
vn -0.443218 -0.824366 0.352106
v 0.163442 0.147266 0.345035
vn -0.440232 -0.795299 0.416768
v 0.179994 0.147388 0.345036
vn 0.451958 -0.78869 0.416776
v 0.163427 0.149566 0.350274
vn -0.440004 -0.825762 0.352865
v 0.179977 0.149689 0.350274
vn 0.452185 -0.819152 0.352872
v 0.163427 0.149566 0.350274
vn -0.440004 -0.825762 0.352865
v 0.179994 0.147388 0.345036
vn 0.451959 -0.788689 0.416777
v -0.183311 0.07201 0.350875
vn 0.00349595 -0.471003 -0.882125
v -0.199862 0.071888 0.350875
vn 0.00349595 -0.471003 -0.882125
v -0.183326 0.074155 0.349632
vn 0.00375255 -0.505602 -0.862759
v -0.183526 0.100987 0.344883
vn -0.00556103 0.749965 0.661454
v -0.183555 0.105056 0.339454
vn -0.00593046 0.799885 0.600124
v -0.200078 0.100864 0.344882
vn -0.00556103 0.749965 0.661454
v -0.183516 0.099684 0.320629
vn 0.00655871 -0.884886 -0.465762
v -0.200068 0.09956 0.320629
vn 0.00655871 -0.884886 -0.465762
v -0.183533 0.101984 0.31539
vn 0.00681083 -0.918942 -0.394335
v -0.200085 0.101862 0.315389
vn 0.00681054 -0.918941 -0.394336
v -0.183533 0.101984 0.31539
vn 0.00681054 -0.918941 -0.394336
v -0.200068 0.09956 0.320629
vn 0.00655842 -0.884885 -0.465763
v -0.200107 0.104934 0.339454
vn -0.0059301 0.799884 0.600125
v -0.200078 0.100864 0.344882
vn -0.00556067 0.749965 0.661455
v -0.183555 0.105056 0.339454
vn -0.0059301 0.799884 0.600125
v -0.183557 0.105403 0.304403
vn 0.00718608 -0.969811 -0.243754
v -0.200109 0.105281 0.304403
vn 0.00718608 -0.969811 -0.243754
v -0.183564 0.106301 0.299753
vn 0.0072519 -0.978701 -0.205165
v -0.200109 0.105281 0.304403
vn 0.0071856 -0.969749 -0.243997
v -0.183557 0.105403 0.304403
vn 0.0071856 -0.969749 -0.243997
v -0.200098 0.103772 0.309969
vn 0.00702117 -0.947421 -0.319914
v -0.200098 0.103772 0.309969
vn -0.999973 -0.0074079 -8.01847e-06
v -0.200085 0.101862 0.315389
vn -0.999973 -0.0074079 -8.01847e-06
v -0.200107 0.104934 0.339454
vn -0.999973 -0.0074079 -8.01847e-06
v -0.167109 0.11929 0.316027
vn 0.449441 -0.449429 0.772021
v -0.167141 0.123791 0.319159
vn 0.449885 -0.509028 0.733822
v -0.18366 0.119167 0.316027
vn -0.442745 -0.456039 0.772014
v -0.16716 0.126297 0.303051
vn 0.999973 0.00740855 7.95879e-06
v -0.167141 0.123791 0.319159
vn 0.454156 -0.50788 0.731984
v -0.167118 0.12061 0.299754
vn 0.999973 0.00740855 7.95879e-06
v -0.181185 -0.214555 0.01503
vn 0.999973 0.00740808 7.93644e-06
v -0.181068 -0.230326 0
vn 0.999973 0.00740808 7.93644e-06
v -0.181185 -0.214554 1.06758e-06
vn 0.999973 0.00740808 7.93644e-06
v -0.197738 -0.214677 0.01503
vn -0.00738163 0.997201 -0.0744064
v -0.197994 -0.180388 0.300006
vn -0.00727821 0.983336 -0.181651
v -0.181185 -0.214555 0.01503
vn -0.00738163 0.997201 -0.0744064
v -0.198032 -0.175094 0.342049
vn -0.999973 -0.00740811 -7.88931e-06
v -0.197994 -0.180388 0.300006
vn -0.999973 -0.00740811 -7.88931e-06
v -0.197993 -0.180487 0.335263
vn -0.999973 -0.00740811 -7.88931e-06
v -0.198005 -0.178731 0.306946
vn -0.999973 -0.00740762 -8.03422e-06
v -0.197994 -0.180388 0.300006
vn -0.999973 -0.00740762 -8.03422e-06
v -0.198032 -0.175094 0.342049
vn -0.999973 -0.00740762 -8.03422e-06
v -0.198271 -0.142892 0.347145
vn -0.0024897 0.337134 -0.941453
v -0.181719 -0.14277 0.347145
vn -0.0024897 0.337134 -0.941453
v -0.198225 -0.149033 0.344319
vn -0.00326832 0.442066 -0.896977
v -0.198318 -0.136495 0.349189
vn -0.00167685 0.227337 -0.973815
v -0.181768 -0.136372 0.349189
vn -0.00167685 0.227337 -0.973815
v -0.198271 -0.142892 0.347145
vn -0.00248634 0.336667 -0.941621
v -0.198271 -0.142892 0.347145
vn -0.999973 -0.00740829 -7.97122e-06
v -0.198225 -0.149033 0.344319
vn -0.999973 -0.00740829 -7.97122e-06
v -0.198236 -0.147565 0.361318
vn -0.999973 -0.00740829 -7.97122e-06
v -0.198318 -0.136495 0.349189
vn -0.999973 -0.00740776 -8.00875e-06
v -0.198271 -0.142892 0.347145
vn -0.999973 -0.00740776 -8.00875e-06
v -0.198296 -0.139645 0.36385
vn -0.999973 -0.00740776 -8.00875e-06
v -0.198075 -0.169485 0.326099
vn -0.00587099 0.793173 -0.608969
v -0.198106 -0.165129 0.331581
vn -0.00531935 0.71873 -0.695269
v -0.181523 -0.169362 0.326099
vn -0.00587099 0.793173 -0.608969
v -0.198075 -0.169485 0.326099
vn -0.999973 -0.00740826 -7.90893e-06
v -0.198047 -0.173235 0.320113
vn -0.999973 -0.00740826 -7.90893e-06
v -0.198077 -0.169022 0.348123
vn -0.999973 -0.00740826 -7.90893e-06
v -0.183711 0.126174 0.303051
vn -0.00373902 0.505582 -0.86277
v -0.16716 0.126297 0.303051
vn -0.00373902 0.505582 -0.86277
v -0.18367 0.120488 0.299754
vn -0.00348307 0.471075 -0.882086
v -0.183669 0.120392 0.299754
vn -0.999973 -0.00740755 -8.0919e-06
v -0.183667 0.120163 0.301221
vn -0.999973 -0.00740755 -8.0919e-06
v -0.183693 0.123668 0.319158
vn -0.443966 -0.515288 0.733057
v -0.183711 0.126174 0.303051
vn -0.999973 -0.00740785 -8.08409e-06
v -0.18367 0.120488 0.299754
vn -0.999973 -0.00740785 -8.08409e-06
v -0.183693 0.123668 0.319158
vn -0.446593 -0.514553 0.731977
v -0.184012 0.166913 1.73401e-05
vn 0.999973 0.00740597 7.3868e-06
v -0.183669 0.120392 0.299754
vn 0.999973 0.00740597 7.3868e-06
v -0.183891 0.15054 0.0150463
vn 0.999973 0.00740597 7.3868e-06
v -0.183566 0.106557 0.29843
vn 0.0072872 -0.98312 -0.182819
v -0.200118 0.106434 0.29843
vn 0.0072872 -0.98312 -0.182819
v -0.183891 0.15054 0.0150463
vn 0.0073781 -0.995392 -0.095601
v -0.200118 0.106434 0.29843
vn 0.00727997 -0.982568 -0.185762
v -0.183566 0.106557 0.29843
vn 0.00727997 -0.982568 -0.185762
v -0.200109 0.105281 0.304403
vn 0.00718632 -0.969818 -0.243722
v 0.183068 -0.227629 3.23509e-06
vn 0.00734772 -0.99155 0.129517
v 0.19962 -0.227506 3.23509e-06
vn 0.00734772 -0.99155 0.129517
v 0.182795 -0.191186 0.30288
vn 0.00728784 -0.983424 0.181176
v 0.183068 -0.227629 3.23509e-06
vn -0.999973 -0.00740808 -7.93181e-06
v 0.18295 -0.211857 0.0150333
vn -0.999973 -0.00740808 -7.93181e-06
v 0.18295 -0.211857 4.33502e-06
vn -0.999973 -0.00740808 -7.93181e-06
v 0.18295 -0.211857 4.33502e-06
vn -0.0074082 0.999973 3.96423e-05
v 0.18295 -0.211857 0.0150333
vn -0.0073925 0.997903 -0.0642963
v 0.199502 -0.211734 4.33502e-06
vn -0.0074082 0.999973 3.96423e-05
v 0.199502 -0.211735 0.0150333
vn 0.999973 0.00740808 7.93644e-06
v 0.19962 -0.227506 3.23509e-06
vn 0.999973 0.00740808 7.93644e-06
v 0.199502 -0.211734 4.33502e-06
vn 0.999973 0.00740808 7.93644e-06
v 0.199111 -0.159407 0.353406
vn 0.999973 0.00740837 8.00961e-06
v 0.199161 -0.166079 0.348126
vn 0.999973 0.00740837 8.00961e-06
v 0.199133 -0.162186 0.331584
vn 0.999973 0.00740837 8.00961e-06
v 0.199133 -0.162186 0.331584
vn -0.00531916 0.71873 -0.695269
v 0.199165 -0.166542 0.326102
vn -0.0058708 0.793173 -0.608969
v 0.182581 -0.162308 0.331584
vn -0.00531916 0.71873 -0.695269
v 0.182561 -0.15953 0.353406
vn -0.999973 -0.00740836 -8.00928e-06
v 0.182581 -0.162308 0.331584
vn -0.999973 -0.00740836 -8.00928e-06
v 0.18261 -0.166202 0.348126
vn -0.999973 -0.00740836 -8.00928e-06
v 0.182561 -0.15953 0.353406
vn 0.00401001 -0.542139 0.840279
v 0.18261 -0.166202 0.348126
vn 0.00469235 -0.634139 0.773204
v 0.199111 -0.159407 0.353406
vn 0.00401001 -0.542139 0.840279
v -0.199862 0.071888 0.350875
vn 6.17751e-06 4.01221e-05 -1
v -0.183311 0.07201 0.350875
vn 6.17751e-06 4.01221e-05 -1
v -0.198419 -0.12287 0.350866
vn -0.000181953 0.0254448 -0.999676
v -0.198419 -0.12287 0.350866
vn -0.000205992 0.0287986 -0.999585
v -0.181869 -0.122748 0.350866
vn -0.000205992 0.0287986 -0.999585
v -0.198368 -0.129925 0.350427
vn -0.000837091 0.114056 -0.993474
v -0.19762 -0.230449 0
vn 0.00734772 -0.99155 0.129517
v -0.181068 -0.230326 0
vn 0.00734772 -0.99155 0.129517
v -0.197893 -0.194006 0.302876
vn 0.00728784 -0.983424 0.181176
v -0.19762 -0.230449 0
vn -0.999973 -0.00740858 -7.82696e-06
v -0.197893 -0.194006 0.302876
vn -0.999973 -0.00740858 -7.82696e-06
v -0.197738 -0.214677 0.01503
vn -0.999973 -0.00740858 -7.82696e-06
v -0.183667 0.120163 0.301221
vn -0.00727998 0.982584 0.185674
v -0.183669 0.120392 0.299754
vn -0.00730595 0.986074 0.166145
v -0.200218 0.120041 0.301221
vn -0.00727998 0.982584 0.185674
v -0.183667 0.120163 0.301221
vn -0.999973 -0.00740795 -7.97269e-06
v -0.183657 0.118841 0.308071
vn -0.999973 -0.00740795 -7.97269e-06
v -0.18366 0.119167 0.316027
vn -0.444509 -0.455488 0.771325
v -0.183657 0.118841 0.308071
vn -0.00718637 0.969824 0.243701
v -0.183667 0.120163 0.301221
vn -0.00727997 0.982566 0.185772
v -0.200209 0.118718 0.308071
vn -0.00718637 0.969824 0.243701
v -0.200209 0.118718 0.308071
vn -0.00718576 0.969743 0.244024
v -0.200196 0.116899 0.314783
vn -0.00702145 0.94743 0.319886
v -0.183657 0.118841 0.308071
vn -0.00718576 0.969743 0.244024
v -0.200209 0.118718 0.308071
vn -0.999973 -0.0074141 -8.74529e-06
v -0.200442 0.150417 0.0150463
vn -0.999973 -0.0074141 -8.74529e-06
v -0.200196 0.116899 0.314783
vn -0.999973 -0.0074141 -8.74529e-06
v -0.200135 0.108594 0.333694
vn -0.999973 -0.00740797 -8.0443e-06
v -0.200109 0.105281 0.304403
vn -0.999973 -0.00740797 -8.0443e-06
v -0.200107 0.104934 0.339454
vn -0.999973 -0.00740797 -8.0443e-06
v -0.200442 0.150417 0.0150463
vn -0.999973 -0.00740467 -7.64402e-06
v -0.200118 0.106434 0.29843
vn -0.999973 -0.00740467 -7.64402e-06
v -0.200135 0.108594 0.333694
vn -0.999973 -0.00740467 -7.64402e-06
v -0.198368 -0.129925 0.350427
vn -0.000840876 0.114563 -0.993416
v -0.181816 -0.129802 0.350427
vn -0.000840876 0.114563 -0.993416
v -0.198318 -0.136495 0.349189
vn -0.00167327 0.226856 -0.973927
v -0.198368 -0.129925 0.350427
vn -0.999973 -0.00740819 -7.9229e-06
v -0.198318 -0.136495 0.349189
vn -0.999973 -0.00740819 -7.9229e-06
v -0.198355 -0.13151 0.365383
vn -0.999973 -0.00740819 -7.9229e-06
v -0.198419 -0.12287 0.350866
vn -0.999973 -0.00740784 -7.95009e-06
v -0.198368 -0.129925 0.350427
vn -0.999973 -0.00740784 -7.95009e-06
v -0.198417 -0.123267 0.365896
vn -0.999973 -0.00740784 -7.95009e-06
v -0.199862 0.071888 0.350875
vn -0.999973 -0.00740809 -9.56892e-06
v -0.198419 -0.12287 0.350866
vn -0.999973 -0.00740809 -9.56892e-06
v -0.199888 0.075352 0.365905
vn -0.999973 -0.00740809 -9.56892e-06
v -0.183326 0.074155 0.349632
vn 0.00375389 -0.505776 -0.862657
v -0.199878 0.074032 0.349632
vn 0.00375389 -0.505776 -0.862657
v -0.183361 0.078657 0.3465
vn 0.00424717 -0.572399 -0.819964
v -0.183361 0.078657 0.3465
vn 0.00424898 -0.572625 -0.819807
v -0.199912 0.078533 0.3465
vn 0.00424898 -0.572625 -0.819807
v -0.183391 0.082915 0.342992
vn 0.00471536 -0.635655 -0.771959
v -0.199931 0.081039 0.362608
vn -0.999973 -0.00740797 -8.08016e-06
v -0.199912 0.078533 0.3465
vn -0.999973 -0.00740797 -8.08016e-06
v -0.199888 0.075352 0.365905
vn -0.999973 -0.00740797 -8.08016e-06
v -0.19997 0.086467 0.358833
vn -0.00424708 0.572375 0.819981
v -0.199931 0.081039 0.362608
vn -0.00375415 0.5058 0.862643
v -0.183418 0.086589 0.358834
vn -0.00424708 0.572375 0.819981
v -0.183418 0.086589 0.358834
vn -0.00424908 0.572648 0.81979
v -0.183456 0.091724 0.354602
vn -0.00471512 0.635633 0.771977
v -0.19997 0.086467 0.358833
vn -0.00424908 0.572648 0.81979
v 0.179963 0.151599 0.355694
vn 0.455567 -0.843057 0.285856
v 0.179977 0.149689 0.350274
vn 0.455378 -0.817709 0.352113
v 0.179955 0.152763 0.32621
vn 0.999973 0.0074077 8.02128e-06
v 0.179927 0.156422 0.33197
vn -0.00625522 0.845022 -0.534695
v 0.179955 0.152763 0.32621
vn -0.00592264 0.800131 -0.599796
v 0.163375 0.1563 0.33197
vn -0.00625522 0.845022 -0.534695
v 0.163375 0.1563 0.33197
vn -0.999973 -0.00740902 -8.01456e-06
v 0.163403 0.15264 0.32621
vn -0.999973 -0.00740902 -8.01456e-06
v 0.163401 0.152985 0.361262
vn -0.444725 -0.868842 0.217562
v 0.163401 0.152985 0.361262
vn -0.442541 -0.869889 0.21783
v 0.163403 0.15264 0.32621
vn -0.999973 -0.00740768 -8.01365e-06
v 0.163411 0.151477 0.355694
vn -0.44269 -0.849873 0.285904
v 0.163427 0.149566 0.350274
vn -0.440003 -0.82587 0.352612
v 0.179977 0.149689 0.350274
vn 0.452186 -0.81926 0.352619
v 0.163411 0.151477 0.355694
vn -0.439815 -0.851166 0.286493
v -0.199878 0.074032 0.349632
vn 0.0037526 -0.505602 -0.862758
v -0.183326 0.074155 0.349632
vn 0.0037526 -0.505602 -0.862758
v -0.199862 0.071888 0.350875
vn 0.003496 -0.471003 -0.882125
v -0.200078 0.100864 0.344882
vn -0.00555941 0.749745 0.661704
v -0.200044 0.09641 0.349941
vn -0.00515512 0.695119 0.718876
v -0.183526 0.100987 0.344883
vn -0.00555941 0.749745 0.661704
v -0.183496 0.097006 0.325653
vn 0.00626443 -0.845139 -0.53451
v -0.200048 0.096884 0.325653
vn 0.00626443 -0.845139 -0.53451
v -0.183516 0.099684 0.320629
vn 0.00655738 -0.884756 -0.466008
v -0.200068 0.09956 0.320629
vn 0.00655774 -0.884757 -0.466007
v -0.183516 0.099684 0.320629
vn 0.00655774 -0.884757 -0.466007
v -0.200048 0.096884 0.325653
vn 0.00626479 -0.84514 -0.534509
v -0.200085 0.101862 0.315389
vn -0.999973 -0.00740801 -8.0151e-06
v -0.200068 0.09956 0.320629
vn -0.999973 -0.00740801 -8.0151e-06
v -0.200078 0.100864 0.344882
vn -0.999973 -0.00740801 -8.0151e-06
v -0.200107 0.104934 0.339454
vn -0.999973 -0.0074079 -8.02302e-06
v -0.200085 0.101862 0.315389
vn -0.999973 -0.0074079 -8.02302e-06
v -0.200078 0.100864 0.344882
vn -0.999973 -0.0074079 -8.02302e-06
v -0.200109 0.105281 0.304403
vn -0.999973 -0.00740788 -8.01679e-06
v -0.200098 0.103772 0.309969
vn -0.999973 -0.00740788 -8.01679e-06
v -0.200107 0.104934 0.339454
vn -0.999973 -0.00740788 -8.01679e-06
v -0.183693 0.123668 0.319158
vn -0.442306 -0.515637 0.733815
v -0.18366 0.119167 0.316027
vn -0.442746 -0.456038 0.772014
v -0.167141 0.123791 0.319159
vn 0.449885 -0.509027 0.733822
v -0.167174 0.128049 0.322668
vn 0.453928 -0.564559 0.689364
v -0.167141 0.123791 0.319159
vn 0.453508 -0.508072 0.732252
v -0.16716 0.126297 0.303051
vn 0.999973 0.00740832 7.95067e-06
v -0.181185 -0.214555 0.01503
vn -0.00739195 0.997904 -0.0642956
v -0.181185 -0.214554 1.06758e-06
vn -0.00740766 0.999973 4.02967e-05
v -0.197738 -0.214677 0.01503
vn -0.00739195 0.997904 -0.0642956
v -0.16716 0.126297 0.303051
vn -0.00374115 0.505868 -0.862603
v -0.183711 0.126174 0.303051
vn -0.00374115 0.505868 -0.862603
v -0.167201 0.131724 0.306827
vn -0.00423407 0.572443 -0.819934
v -0.183693 0.123668 0.319158
vn -0.445722 -0.514798 0.732335
v -0.183667 0.120163 0.301221
vn -0.999973 -0.00740841 -7.8975e-06
v -0.18366 0.119167 0.316027
vn -0.446162 -0.455082 0.77061
v -0.183725 0.127926 0.322668
vn -0.445522 -0.571223 0.689358
v -0.183711 0.126174 0.303051
vn -0.999973 -0.00740761 -8.01934e-06
v -0.183693 0.123668 0.319158
vn -0.445943 -0.514736 0.732245
v -0.183669 0.120392 0.299754
vn -0.00731285 0.986074 0.166144
v -0.184012 0.166913 1.73401e-05
vn -0.00731285 0.986074 0.166144
v -0.200218 0.120041 0.301221
vn -0.00729106 0.983146 0.182679
v -0.183891 0.150541 1.73401e-05
vn 0.999973 0.00740784 7.93395e-06
v -0.184012 0.166913 1.73401e-05
vn 0.999973 0.00740784 7.93395e-06
v -0.183891 0.15054 0.0150463
vn 0.999973 0.00740784 7.93395e-06
v -0.200442 0.150417 0.0150463
vn 0.00737816 -0.995392 -0.0956003
v -0.183891 0.15054 0.0150463
vn 0.00737816 -0.995392 -0.0956003
v -0.200118 0.106434 0.29843
vn 0.00728726 -0.98312 -0.182819
v -0.200118 0.106434 0.29843
vn -0.999973 -0.00740858 -7.94566e-06
v -0.200109 0.105281 0.304403
vn -0.999973 -0.00740858 -7.94566e-06
v -0.200135 0.108594 0.333694
vn -0.999973 -0.00740858 -7.94566e-06
v 0.199097 -0.157281 0.336489
vn 0.999973 0.00740765 8.09109e-06
v 0.199111 -0.159407 0.353406
vn 0.999973 0.00740765 8.09109e-06
v 0.199133 -0.162186 0.331584
vn 0.999973 0.00740765 8.09109e-06
v 0.199133 -0.162186 0.331584
vn -0.00531662 0.718385 -0.695625
v 0.182581 -0.162308 0.331584
vn -0.00531662 0.718385 -0.695625
v 0.199097 -0.157281 0.336489
vn -0.00469534 0.634568 -0.772853
v 0.182544 -0.157404 0.336488
vn -0.999973 -0.00740845 -7.97998e-06
v 0.182581 -0.162308 0.331584
vn -0.999973 -0.00740845 -7.97998e-06
v 0.182561 -0.15953 0.353406
vn -0.999973 -0.00740845 -7.97998e-06
v 0.199111 -0.159407 0.353406
vn 0.00400618 -0.541625 0.840611
v 0.199059 -0.152224 0.357824
vn 0.00327214 -0.442563 0.896731
v 0.182561 -0.15953 0.353406
vn 0.00400618 -0.541625 0.840611
v -0.19762 -0.230449 0
vn -0.999973 -0.00740808 -7.93181e-06
v -0.197738 -0.214677 0.01503
vn -0.999973 -0.00740808 -7.93181e-06
v -0.197738 -0.214677 1.06758e-06
vn -0.999973 -0.00740808 -7.93181e-06
v -0.200218 0.120041 0.301221
vn -0.00727972 0.982566 0.185773
v -0.200209 0.118718 0.308071
vn -0.00718612 0.969824 0.243702
v -0.183667 0.120163 0.301221
vn -0.00727972 0.982566 0.185773
v -0.200218 0.120041 0.301221
vn -0.999973 -0.00740023 -7.1037e-06
v -0.200442 0.150417 0.0150463
vn -0.999973 -0.00740023 -7.1037e-06
v -0.200209 0.118718 0.308071
vn -0.999973 -0.00740023 -7.1037e-06
v -0.183492 0.096533 0.349942
vn -0.00515512 0.695119 0.718876
v -0.183526 0.100987 0.344883
vn -0.00555941 0.749745 0.661704
v -0.200044 0.09641 0.349941
vn -0.00515512 0.695119 0.718876
v -0.199878 0.074032 0.349632
vn -0.999973 -0.00740807 -8.00169e-06
v -0.199862 0.071888 0.350875
vn -0.999973 -0.00740807 -8.00169e-06
v -0.199888 0.075352 0.365905
vn -0.999973 -0.00740807 -8.00169e-06
v -0.199912 0.078533 0.3465
vn 0.00424729 -0.572399 -0.819964
v -0.183361 0.078657 0.3465
vn 0.00424729 -0.572399 -0.819964
v -0.199878 0.074032 0.349632
vn 0.00375401 -0.505776 -0.862657
v -0.199943 0.082792 0.342992
vn 0.00471523 -0.635654 -0.77196
v -0.183391 0.082915 0.342992
vn 0.00471523 -0.635654 -0.77196
v -0.199912 0.078533 0.3465
vn 0.00424885 -0.572624 -0.819807
v -0.199912 0.078533 0.3465
vn -0.999973 -0.00740782 -8.03399e-06
v -0.199878 0.074032 0.349632
vn -0.999973 -0.00740782 -8.03399e-06
v -0.199888 0.075352 0.365905
vn -0.999973 -0.00740782 -8.03399e-06
v -0.199943 0.082792 0.342992
vn -0.999973 -0.00740831 -8.00677e-06
v -0.199912 0.078533 0.3465
vn -0.999973 -0.00740831 -8.00677e-06
v -0.199931 0.081039 0.362608
vn -0.999973 -0.00740831 -8.00677e-06
v -0.19997 0.086467 0.358833
vn -0.999973 -0.00740784 -7.95467e-06
v -0.199943 0.082792 0.342992
vn -0.999973 -0.00740784 -7.95467e-06
v -0.199931 0.081039 0.362608
vn -0.999973 -0.00740784 -7.95467e-06
v -0.200008 0.091601 0.354602
vn -0.00471507 0.635633 0.771977
v -0.19997 0.086467 0.358833
vn -0.00424903 0.572648 0.819791
v -0.183456 0.091724 0.354602
vn -0.00471507 0.635633 0.771977
v -0.183456 0.091724 0.354602
vn -0.00471698 0.635889 0.771766
v -0.183492 0.096533 0.349942
vn -0.00515317 0.69488 0.719107
v -0.200008 0.091601 0.354602
vn -0.00471698 0.635889 0.771766
v 0.179963 0.151599 0.355694
vn 0.452375 -0.844556 0.286499
v 0.163411 0.151477 0.355694
vn -0.439815 -0.851166 0.286493
v 0.179977 0.149689 0.350274
vn 0.452186 -0.819261 0.352618
v 0.179952 0.153107 0.361262
vn 0.455377 -0.863237 0.217837
v 0.179963 0.151599 0.355694
vn 0.455231 -0.84322 0.28591
v 0.179955 0.152763 0.32621
vn 0.999973 0.00740875 8.05975e-06
v 0.179927 0.156422 0.33197
vn 0.999973 0.00740882 8.15872e-06
v 0.179952 0.153107 0.361262
vn 0.457545 -0.862158 0.21757
v 0.179955 0.152763 0.32621
vn 0.999973 0.00740882 8.15872e-06
v 0.163375 0.1563 0.33197
vn -0.00625653 0.845199 -0.534415
v 0.163353 0.159527 0.338029
vn -0.00655029 0.884781 -0.465962
v 0.179927 0.156422 0.33197
vn -0.00625653 0.845199 -0.534415
v 0.163392 0.154137 0.367234
vn 0.683325 -0.698671 -0.211958
v 0.163375 0.1563 0.33197
vn -0.999973 -0.00740753 -7.89497e-06
v 0.163401 0.152985 0.361262
vn -0.442617 -0.869853 0.217821
v 0.163411 0.151477 0.355694
vn -0.439815 -0.851255 0.286232
v 0.179963 0.151599 0.355694
vn 0.452375 -0.844644 0.286238
v 0.163401 0.152985 0.361262
vn -0.439666 -0.871225 0.218313
v -0.200078 0.100864 0.344882
vn -0.999973 -0.00740809 -8.05721e-06
v -0.200048 0.096884 0.325653
vn -0.999973 -0.00740809 -8.05721e-06
v -0.200044 0.09641 0.349941
vn -0.999973 -0.00740809 -8.05721e-06
v -0.183473 0.093971 0.33043
vn 0.00593147 -0.800067 -0.599882
v -0.200025 0.093849 0.33043
vn 0.00593147 -0.800067 -0.599882
v -0.183496 0.097006 0.325653
vn 0.00626334 -0.844992 -0.534742
v -0.200048 0.096884 0.325653
vn 0.00626334 -0.844992 -0.534742
v -0.183496 0.097006 0.325653
vn 0.00626334 -0.844992 -0.534742
v -0.200025 0.093849 0.33043
vn 0.00593147 -0.800067 -0.599882
v -0.200068 0.09956 0.320629
vn -0.999973 -0.00740821 -8.00602e-06
v -0.200048 0.096884 0.325653
vn -0.999973 -0.00740821 -8.00602e-06
v -0.200078 0.100864 0.344882
vn -0.999973 -0.00740821 -8.00602e-06
v -0.167141 0.123791 0.319159
vn 0.449887 -0.509253 0.733664
v -0.167174 0.128049 0.322668
vn 0.450306 -0.565636 0.690855
v -0.183693 0.123668 0.319158
vn -0.442305 -0.515863 0.733657
v -0.167201 0.131724 0.306827
vn 0.999973 0.00740785 7.99081e-06
v -0.167174 0.128049 0.322668
vn 0.454575 -0.564347 0.689111
v -0.16716 0.126297 0.303051
vn 0.999973 0.00740785 7.99081e-06
v -0.197738 -0.214677 1.06758e-06
vn -0.0074082 0.999973 3.96423e-05
v -0.197738 -0.214677 0.01503
vn -0.0073925 0.997903 -0.0642963
v -0.181185 -0.214554 1.06758e-06
vn -0.0074082 0.999973 3.96423e-05
v -0.183752 0.131602 0.306827
vn -0.00423393 0.572442 -0.819934
v -0.167201 0.131724 0.306827
vn -0.00423393 0.572442 -0.819934
v -0.183711 0.126174 0.303051
vn -0.00374101 0.505868 -0.862603
v -0.183752 0.131602 0.306827
vn -0.999973 -0.00740785 -7.99131e-06
v -0.183711 0.126174 0.303051
vn -0.999973 -0.00740785 -7.99131e-06
v -0.183725 0.127926 0.322668
vn -0.446173 -0.57102 0.689105
v -0.183725 0.127926 0.322668
vn -0.441884 -0.572247 0.690849
v -0.183693 0.123668 0.319158
vn -0.442304 -0.515863 0.733657
v -0.167174 0.128049 0.322668
vn 0.450306 -0.565636 0.690855
v -0.200563 0.166791 1.73401e-05
vn -0.00730027 0.986074 0.166144
v -0.200218 0.120041 0.301221
vn -0.0072785 0.983148 0.182667
v -0.184012 0.166913 1.73401e-05
vn -0.00730027 0.986074 0.166144
v -0.183891 0.15054 0.0150463
vn 0.00738367 -0.996552 -0.0826397
v -0.200442 0.150417 0.0150463
vn 0.00738367 -0.996552 -0.0826397
v -0.183891 0.150541 1.73401e-05
vn 0.0074082 -0.999973 -4.02871e-05
v 0.199059 -0.152224 0.357824
vn 0.999973 0.00740774 8.15718e-06
v 0.199111 -0.159407 0.353406
vn 0.999973 0.00740774 8.15718e-06
v 0.199097 -0.157281 0.336489
vn 0.999973 0.00740774 8.15718e-06
v 0.182544 -0.157404 0.336488
vn -0.00469532 0.634568 -0.772853
v 0.199097 -0.157281 0.336489
vn -0.00469532 0.634568 -0.772853
v 0.182581 -0.162308 0.331584
vn -0.0053166 0.718385 -0.695625
v 0.182508 -0.152346 0.357824
vn -0.999973 -0.0074079 -7.87259e-06
v 0.182544 -0.157404 0.336488
vn -0.999973 -0.0074079 -7.87259e-06
v 0.182561 -0.15953 0.353406
vn -0.999973 -0.0074079 -7.87259e-06
v 0.182508 -0.152346 0.357824
vn 0.00327198 -0.442563 0.896732
v 0.182561 -0.15953 0.353406
vn 0.00400602 -0.541625 0.840611
v 0.199059 -0.152224 0.357824
vn 0.00327198 -0.442563 0.896732
v -0.200563 0.166791 1.73401e-05
vn -0.999973 -0.00740621 -7.74977e-06
v -0.200442 0.150417 0.0150463
vn -0.999973 -0.00740621 -7.74977e-06
v -0.200218 0.120041 0.301221
vn -0.999973 -0.00740621 -7.74977e-06
v -0.200044 0.09641 0.349941
vn -0.00515336 0.694881 0.719107
v -0.200008 0.091601 0.354602
vn -0.00471717 0.63589 0.771766
v -0.183492 0.096533 0.349942
vn -0.00515336 0.694881 0.719107
v -0.183391 0.082915 0.342992
vn 0.00471681 -0.635867 -0.771784
v -0.199943 0.082792 0.342992
vn 0.00471681 -0.635867 -0.771784
v -0.183422 0.086903 0.339127
vn 0.00515331 -0.6949 -0.719087
v -0.199972 0.08678 0.339126
vn -0.999973 -0.00740765 -8.02131e-06
v -0.199943 0.082792 0.342992
vn -0.999973 -0.00740765 -8.02131e-06
v -0.19997 0.086467 0.358833
vn -0.999973 -0.00740765 -8.02131e-06
v -0.183422 0.086903 0.339127
vn 0.00515493 -0.695099 -0.718896
v -0.199972 0.08678 0.339126
vn 0.00515493 -0.695099 -0.718896
v -0.183449 0.090596 0.334931
vn 0.00555952 -0.749764 -0.661682
v -0.200008 0.091601 0.354602
vn -0.999973 -0.00740802 -8.03555e-06
v -0.199972 0.08678 0.339126
vn -0.999973 -0.00740802 -8.03555e-06
v -0.19997 0.086467 0.358833
vn -0.999973 -0.00740802 -8.03555e-06
v 0.179952 0.153107 0.361262
vn 0.452522 -0.864616 0.21832
v 0.163401 0.152985 0.361262
vn -0.439666 -0.871225 0.218313
v 0.179963 0.151599 0.355694
vn 0.452375 -0.844644 0.286238
v 0.179944 0.15426 0.367234
vn 0.455326 -0.874737 0.16587
v 0.179952 0.153107 0.361262
vn 0.455452 -0.8632 0.217827
v 0.179927 0.156422 0.33197
vn 0.999973 0.0074073 7.93921e-06
v 0.179903 0.159649 0.338029
vn -0.00655029 0.884781 -0.465962
v 0.179927 0.156422 0.33197
vn -0.00625653 0.845199 -0.534415
v 0.163353 0.159527 0.338029
vn -0.00655029 0.884781 -0.465962
v 0.163353 0.159527 0.338029
vn -0.999973 -0.00740692 -8.38245e-06
v 0.163375 0.1563 0.33197
vn -0.999973 -0.00740692 -8.38245e-06
v 0.16329 0.167934 0.365659
vn 0.561135 0.503278 -0.657144
v 0.16329 0.167934 0.365659
vn 0.549955 0.507743 -0.663134
v 0.163375 0.1563 0.33197
vn -0.999973 -0.00740893 -7.40576e-06
v 0.163392 0.154137 0.367234
vn 0.674818 -0.706212 -0.21421
v 0.163401 0.152985 0.361262
vn -0.439594 -0.871328 0.218047
v 0.179952 0.153107 0.361262
vn 0.452451 -0.86472 0.218054
v 0.163392 0.154137 0.367234
vn 0.682778 -0.699667 -0.210431
v -0.200048 0.096884 0.325653
vn -0.999973 -0.00740854 -8.04883e-06
v -0.200025 0.093849 0.33043
vn -0.999973 -0.00740854 -8.04883e-06
v -0.200044 0.09641 0.349941
vn -0.999973 -0.00740854 -8.04883e-06
v -0.183449 0.090596 0.334931
vn 0.00556056 -0.749946 -0.661476
v -0.200001 0.090474 0.334931
vn 0.00556056 -0.749946 -0.661476
v -0.183473 0.093971 0.33043
vn 0.00593025 -0.799901 -0.600102
v -0.200025 0.093849 0.33043
vn 0.00593025 -0.799901 -0.600102
v -0.183473 0.093971 0.33043
vn 0.00593025 -0.799901 -0.600102
v -0.200001 0.090474 0.334931
vn 0.00556056 -0.749946 -0.661476
v -0.167203 0.132036 0.326533
vn 0.454317 -0.617467 0.64213
v -0.167174 0.128049 0.322668
vn 0.453927 -0.56456 0.689364
v -0.167201 0.131724 0.306827
vn 0.999973 0.00740765 7.93497e-06
v -0.167201 0.131724 0.306827
vn -0.00423594 0.572715 -0.819744
v -0.183752 0.131602 0.306827
vn -0.00423594 0.572715 -0.819744
v -0.167239 0.136859 0.311058
vn -0.00470299 0.635693 -0.771927
v -0.183755 0.131914 0.326533
vn -0.445132 -0.624129 0.642121
v -0.183752 0.131602 0.306827
vn -0.999973 -0.00740822 -8.07913e-06
v -0.183725 0.127926 0.322668
vn -0.445522 -0.571224 0.689357
v -0.167174 0.128049 0.322668
vn 0.450308 -0.565849 0.690679
v -0.167203 0.132036 0.326533
vn 0.450697 -0.618659 0.643532
v -0.183725 0.127926 0.322668
vn -0.441883 -0.57246 0.690673
v -0.200442 0.150418 1.62725e-05
vn 0.0074082 -0.999973 -4.02919e-05
v -0.183891 0.150541 1.73401e-05
vn 0.0074082 -0.999973 -4.02919e-05
v -0.200442 0.150417 0.0150463
vn 0.00738366 -0.996552 -0.0826397
v 0.199056 -0.151892 0.340754
vn 0.999973 0.00740798 8.06882e-06
v 0.199059 -0.152224 0.357824
vn 0.999973 0.00740798 8.06882e-06
v 0.199097 -0.157281 0.336489
vn 0.999973 0.00740798 8.06882e-06
v 0.199097 -0.157281 0.336489
vn -0.00469246 0.634185 -0.773167
v 0.182544 -0.157404 0.336488
vn -0.00469246 0.634185 -0.773167
v 0.199056 -0.151892 0.340754
vn -0.00400941 0.54209 -0.840311
v 0.182506 -0.152015 0.340754
vn -0.999973 -0.00740735 -8.05724e-06
v 0.182544 -0.157404 0.336488
vn -0.999973 -0.00740735 -8.05724e-06
v 0.182508 -0.152346 0.357824
vn -0.999973 -0.00740735 -8.05724e-06
v 0.199059 -0.152224 0.357824
vn 0.00326793 -0.442013 0.897003
v 0.199003 -0.144622 0.361322
vn 0.0024901 -0.337189 0.941434
v 0.182508 -0.152346 0.357824
vn 0.00326793 -0.442013 0.897003
v -0.200442 0.150418 1.62725e-05
vn -0.999973 -0.00740783 -7.93398e-06
v -0.200442 0.150417 0.0150463
vn -0.999973 -0.00740783 -7.93398e-06
v -0.200563 0.166791 1.73401e-05
vn -0.999973 -0.00740783 -7.93398e-06
v -0.200044 0.09641 0.349941
vn -0.999973 -0.00740843 -8.12506e-06
v -0.200025 0.093849 0.33043
vn -0.999973 -0.00740843 -8.12506e-06
v -0.200008 0.091601 0.354602
vn -0.999973 -0.00740843 -8.12506e-06
v -0.199972 0.08678 0.339126
vn 0.00515347 -0.694901 -0.719087
v -0.183422 0.086903 0.339127
vn 0.00515347 -0.694901 -0.719087
v -0.199943 0.082792 0.342992
vn 0.00471697 -0.635868 -0.771784
v -0.200001 0.090474 0.334931
vn 0.00555921 -0.749763 -0.661683
v -0.183449 0.090596 0.334931
vn 0.00555921 -0.749763 -0.661683
v -0.199972 0.08678 0.339126
vn 0.00515463 -0.695098 -0.718896
v -0.200001 0.090474 0.334931
vn -0.999973 -0.0074084 -7.89642e-06
v -0.199972 0.08678 0.339126
vn -0.999973 -0.0074084 -7.89642e-06
v -0.200008 0.091601 0.354602
vn -0.999973 -0.0074084 -7.89642e-06
v 0.179944 0.15426 0.367234
vn 0.452324 -0.876227 0.166221
v 0.163392 0.154137 0.367234
vn 0.682778 -0.699667 -0.21043
v 0.179952 0.153107 0.361262
vn 0.452451 -0.86472 0.218055
v 0.179615 0.198223 0.650622
vn 0.999973 0.00741062 7.62135e-06
v 0.179944 0.15426 0.367234
vn 0.51301 -0.843335 0.16002
v 0.179927 0.156422 0.33197
vn 0.999973 0.00741062 7.62135e-06
v 0.179903 0.159649 0.338029
vn 0.999973 0.00740861 7.90999e-06
v 0.179615 0.198223 0.650622
vn 0.999973 0.00740861 7.90999e-06
v 0.179927 0.156422 0.33197
vn 0.999973 0.00740861 7.90999e-06
v 0.163353 0.159527 0.338029
vn -0.00655144 0.884935 -0.465668
v 0.163331 0.162301 0.344346
vn -0.00680439 0.918962 -0.394286
v 0.179903 0.159649 0.338029
vn -0.00655144 0.884935 -0.465668
v 0.163331 0.162301 0.344346
vn -0.999973 -0.00740829 -7.91967e-06
v 0.163353 0.159527 0.338029
vn -0.999973 -0.00740829 -7.91967e-06
v 0.16329 0.167934 0.365659
vn 0.5615 0.50313 -0.656946
v -0.200025 0.093849 0.33043
vn -0.999973 -0.00740721 -7.97612e-06
v -0.200001 0.090474 0.334931
vn -0.999973 -0.00740721 -7.97612e-06
v -0.200008 0.091601 0.354602
vn -0.999973 -0.00740721 -7.97612e-06
v -0.167239 0.136859 0.311058
vn 0.999973 0.00740801 7.90828e-06
v -0.167203 0.132036 0.326533
vn 0.454966 -0.617234 0.641894
v -0.167201 0.131724 0.306827
vn 0.999973 0.00740801 7.90828e-06
v -0.183791 0.136736 0.311058
vn -0.00470314 0.635694 -0.771927
v -0.167239 0.136859 0.311058
vn -0.00470314 0.635694 -0.771927
v -0.183752 0.131602 0.306827
vn -0.0042361 0.572715 -0.819744
v -0.183791 0.136736 0.311058
vn -0.999973 -0.00740857 -8.09706e-06
v -0.183752 0.131602 0.306827
vn -0.999973 -0.00740857 -8.09706e-06
v -0.183755 0.131914 0.326533
vn -0.445783 -0.623907 0.641886
v -0.183755 0.131914 0.326533
vn -0.441494 -0.625267 0.643524
v -0.183725 0.127926 0.322668
vn -0.441883 -0.57246 0.690673
v -0.167203 0.132036 0.326533
vn 0.450697 -0.618658 0.643533
v 0.199003 -0.144622 0.361322
vn 0.999973 0.00740774 8.09145e-06
v 0.199059 -0.152224 0.357824
vn 0.999973 0.00740774 8.09145e-06
v 0.199056 -0.151892 0.340754
vn 0.999973 0.00740774 8.09145e-06
v 0.182506 -0.152015 0.340754
vn -0.00400962 0.542091 -0.84031
v 0.199056 -0.151892 0.340754
vn -0.00400962 0.542091 -0.84031
v 0.182544 -0.157404 0.336488
vn -0.00469267 0.634185 -0.773167
v 0.182452 -0.144745 0.361322
vn -0.999973 -0.00740774 -8.09378e-06
v 0.182506 -0.152015 0.340754
vn -0.999973 -0.00740774 -8.09378e-06
v 0.182508 -0.152346 0.357824
vn -0.999973 -0.00740774 -8.09378e-06
v 0.182452 -0.144745 0.361322
vn 0.00249023 -0.337189 0.941434
v 0.182508 -0.152346 0.357824
vn 0.00326805 -0.442013 0.897003
v 0.199003 -0.144622 0.361322
vn 0.00249023 -0.337189 0.941434
v 0.163392 0.154137 0.367234
vn 0.611598 -0.77414 -0.163267
v 0.179944 0.15426 0.367234
vn 0.393349 -0.903859 0.168271
v 0.163064 0.1981 0.650622
vn 0.892075 -0.444278 0.0825756
v 0.179615 0.198223 0.650622
vn 0.00730842 -0.986088 0.166065
v 0.179539 0.198222 0.650622
vn 0.00730842 -0.986088 0.166065
v 0.179944 0.15426 0.367234
vn 0.453464 -0.875674 0.166028
v 0.179883 0.162423 0.344346
vn 0.999973 0.00740136 8.8826e-06
v 0.179615 0.198223 0.650622
vn 0.999973 0.00740136 8.8826e-06
v 0.179903 0.159649 0.338029
vn 0.999973 0.00740136 8.8826e-06
v 0.179883 0.162423 0.344346
vn -0.00680439 0.918962 -0.394286
v 0.179903 0.159649 0.338029
vn -0.00655143 0.884935 -0.465668
v 0.163331 0.162301 0.344346
vn -0.00680439 0.918962 -0.394286
v 0.163314 0.164604 0.350881
vn -0.999973 -0.00740789 -8.03315e-06
v 0.163331 0.162301 0.344346
vn -0.999973 -0.00740789 -8.03315e-06
v 0.16329 0.167934 0.365659
vn 0.561778 0.503017 -0.656795
v -0.167231 0.13573 0.33073
vn 0.454683 -0.666457 0.590845
v -0.167203 0.132036 0.326533
vn 0.454319 -0.617466 0.642129
v -0.167239 0.136859 0.311058
vn 0.999973 0.00740839 8.05816e-06
v -0.167239 0.136859 0.311058
vn -0.00470505 0.63595 -0.771716
v -0.183791 0.136736 0.311058
vn -0.00470505 0.63595 -0.771716
v -0.167275 0.141668 0.315719
vn -0.0051422 0.694936 -0.719053
v -0.183782 0.135607 0.33073
vn -0.444766 -0.673122 0.590839
v -0.183791 0.136736 0.311058
vn -0.999973 -0.00740784 -7.86949e-06
v -0.183755 0.131914 0.326533
vn -0.445132 -0.624129 0.642121
v -0.183755 0.131914 0.326533
vn -0.441493 -0.625466 0.643333
v -0.167203 0.132036 0.326533
vn 0.450698 -0.618857 0.643341
v -0.183782 0.135607 0.33073
vn -0.441127 -0.674367 0.592145
v 0.199014 -0.14609 0.344322
vn 0.999973 0.00740798 8.00029e-06
v 0.199003 -0.144622 0.361322
vn 0.999973 0.00740798 8.00029e-06
v 0.199056 -0.151892 0.340754
vn 0.999973 0.00740798 8.00029e-06
v 0.199056 -0.151892 0.340754
vn -0.00400653 0.541674 -0.840579
v 0.182506 -0.152015 0.340754
vn -0.00400653 0.541674 -0.840579
v 0.199014 -0.14609 0.344322
vn -0.00327173 0.44251 -0.896758
v 0.182462 -0.146213 0.344322
vn -0.999973 -0.00740799 -7.99943e-06
v 0.182506 -0.152015 0.340754
vn -0.999973 -0.00740799 -7.99943e-06
v 0.182452 -0.144745 0.361322
vn -0.999973 -0.00740799 -7.99943e-06
v 0.199003 -0.144622 0.361322
vn 0.00248594 -0.336612 0.94164
v 0.198943 -0.136702 0.363853
vn 0.00167729 -0.227394 0.973801
v 0.182452 -0.144745 0.361322
vn 0.00248594 -0.336612 0.94164
v 0.179539 0.198222 0.650622
vn 0.00730378 -0.986088 0.166065
v 0.163064 0.1981 0.650622
vn 0.892376 -0.443691 0.0824792
v 0.179944 0.15426 0.367234
vn 0.393593 -0.903755 0.168263
v 0.179865 0.164727 0.350881
vn 0.999972 0.00741752 6.82207e-06
v 0.179615 0.198223 0.650622
vn 0.999972 0.00741752 6.82207e-06
v 0.179883 0.162423 0.344346
vn 0.999972 0.00741752 6.82207e-06
v 0.163331 0.162301 0.344346
vn -0.00680536 0.919093 -0.393981
v 0.163314 0.164604 0.350881
vn -0.00701546 0.947349 -0.320126
v 0.179883 0.162423 0.344346
vn -0.00680536 0.919093 -0.393981
v 0.163301 0.166422 0.357595
vn -0.999973 -0.00740766 -8.08376e-06
v 0.163314 0.164604 0.350881
vn -0.999973 -0.00740766 -8.08376e-06
v 0.16329 0.167934 0.365659
vn 0.56197 0.502939 -0.65669
v 0.163239 0.174708 0.409333
vn 0.430352 0.894296 -0.122607
v 0.179514 0.211875 0.648126
vn -0.00731394 0.986088 -0.166064
v 0.16329 0.167934 0.365659
vn 0.552927 0.520677 -0.650513
v 0.163005 0.206241 0.648756
vn 0.99973 0.0100472 0.0209719
v 0.163064 0.1981 0.650622
vn 0.99973 0.0100472 0.0209719
v 0.163064 0.19801 0.649696
vn 0.99973 0.0100472 0.0209719
v 0.163064 0.19801 0.649696
vn -0.99973 -0.0100472 -0.0209719
v 0.163064 0.1981 0.650622
vn -0.99973 -0.0100472 -0.0209719
v 0.163005 0.206241 0.648756
vn -0.99973 -0.0100472 -0.0209719
v -0.167231 0.13573 0.33073
vn 0.451062 -0.667757 0.592152
v -0.183782 0.135607 0.33073
vn -0.441127 -0.674367 0.592145
v -0.167203 0.132036 0.326533
vn 0.450698 -0.618856 0.643341
v -0.167256 0.139104 0.335231
vn 0.454842 -0.711296 0.535889
v -0.167231 0.13573 0.33073
vn 0.454511 -0.666524 0.590903
v -0.167239 0.136859 0.311058
vn 0.999973 0.00740794 8.02766e-06
v -0.183826 0.141545 0.315719
vn -0.0051422 0.694936 -0.719053
v -0.167275 0.141668 0.315719
vn -0.0051422 0.694936 -0.719053
v -0.183791 0.136736 0.311058
vn -0.00470505 0.63595 -0.771716
v -0.167275 0.141668 0.315719
vn 0.999973 0.00740826 8.00633e-06
v -0.167256 0.139104 0.335231
vn 0.455831 -0.710888 0.535589
v -0.167239 0.136859 0.311058
vn 0.999973 0.00740826 8.00633e-06
v -0.183807 0.138982 0.335231
vn -0.444265 -0.717956 0.535881
v -0.183791 0.136736 0.311058
vn -0.999973 -0.0074081 -7.89503e-06
v -0.183782 0.135607 0.33073
vn -0.444595 -0.673185 0.590895
v 0.198968 -0.13995 0.347147
vn 0.999973 0.0074083 7.97079e-06
v 0.199003 -0.144622 0.361322
vn 0.999973 0.0074083 7.97079e-06
v 0.199014 -0.14609 0.344322
vn 0.999973 0.0074083 7.97079e-06
v 0.182462 -0.146213 0.344322
vn -0.00327173 0.44251 -0.896758
v 0.199014 -0.14609 0.344322
vn -0.00327173 0.44251 -0.896758
v 0.182506 -0.152015 0.340754
vn -0.00400653 0.541674 -0.840579
v 0.182416 -0.140073 0.347147
vn -0.999973 -0.0074083 -7.97079e-06
v 0.182462 -0.146213 0.344322
vn -0.999973 -0.0074083 -7.97079e-06
v 0.182452 -0.144745 0.361322
vn -0.999973 -0.0074083 -7.97079e-06
v 0.182392 -0.136824 0.363853
vn 0.00167719 -0.227394 0.973801
v 0.182452 -0.144745 0.361322
vn 0.00248585 -0.336612 0.94164
v 0.198943 -0.136702 0.363853
vn 0.00167719 -0.227394 0.973801
v 0.198943 -0.136702 0.363853
vn 0.999973 0.0074082 7.90401e-06
v 0.199003 -0.144622 0.361322
vn 0.999973 0.0074082 7.90401e-06
v 0.198968 -0.13995 0.347147
vn 0.999973 0.0074082 7.90401e-06
v 0.162731 0.199623 0.666353
vn -0.00736597 0.994481 -0.104659
v 0.179539 0.198222 0.650622
vn -0.00736597 0.994481 -0.104659
v 0.163064 0.1981 0.650622
vn -0.00736597 0.994481 -0.104659
v 0.163064 0.1981 0.650622
vn 0.00736597 -0.994481 0.104659
v 0.179539 0.198222 0.650622
vn 0.00736597 -0.994481 0.104659
v 0.162731 0.199623 0.666353
vn 0.00736597 -0.994481 0.104659
v 0.179616 0.198133 0.649696
vn 0.995906 0.016725 0.0888294
v 0.179514 0.211875 0.648126
vn 0.995906 0.016725 0.0888294
v 0.179539 0.198222 0.650622
vn 0.995906 0.016725 0.0888294
v 0.175212 0.203198 0.702278
vn 0.975551 0.0301359 0.217697
v 0.179539 0.198222 0.650622
vn 0.995906 0.0167245 0.0888287
v 0.179514 0.211875 0.648126
vn 0.995906 0.0167245 0.0888287
v 0.179514 0.211875 0.648126
vn 0.999973 0.00740692 8.12905e-06
v 0.179615 0.198223 0.650622
vn 0.999973 0.00740692 8.12905e-06
v 0.179843 0.167867 0.364445
vn 0.999973 0.00740692 8.12905e-06
v 0.179853 0.166546 0.357595
vn 0.999973 0.00740237 8.66715e-06
v 0.179615 0.198223 0.650622
vn 0.999973 0.00740237 8.66715e-06
v 0.179865 0.164727 0.350881
vn 0.999973 0.00740237 8.66715e-06
v 0.179865 0.164727 0.350881
vn -0.0070157 0.947349 -0.320127
v 0.179883 0.162423 0.344346
vn -0.00680559 0.919093 -0.393982
v 0.163314 0.164604 0.350881
vn -0.0070157 0.947349 -0.320127
v 0.163291 0.167745 0.364445
vn -0.453789 0.875508 -0.166014
v 0.163301 0.166422 0.357595
vn -0.999973 -0.00740785 -8.02951e-06
v 0.16329 0.167934 0.365659
vn 0.562074 0.502896 -0.656633
v 0.163071 0.197144 0.640762
vn -0.0770234 0.991548 -0.104405
v 0.16301 0.205374 0.639821
vn -0.999973 -0.00740833 -7.98878e-06
v 0.163239 0.174708 0.409333
vn 0.382138 0.915645 -0.124763
v 0.179514 0.211875 0.648126
vn -0.00729374 0.986088 -0.166065
v 0.179843 0.167867 0.364445
vn -0.00727173 0.983135 -0.182739
v 0.16329 0.167934 0.365659
vn 0.504179 0.605184 -0.616081
v 0.162962 0.211753 0.648126
vn -0.644029 0.754247 -0.127823
v 0.179514 0.211875 0.648126
vn -0.00729944 0.986088 -0.166065
v 0.163239 0.174708 0.409333
vn 0.388533 0.912454 -0.128338
v 0.163064 0.1981 0.650622
vn 0.999729 0.0100571 0.0209818
v 0.163005 0.206241 0.648756
vn 0.999729 0.0100571 0.0209818
v 0.162731 0.199623 0.666353
vn 0.999729 0.0100571 0.0209818
v 0.162731 0.199623 0.666353
vn -0.999729 -0.0100571 -0.0209818
v 0.163005 0.206241 0.648756
vn -0.999729 -0.0100571 -0.0209818
v 0.163064 0.1981 0.650622
vn -0.999729 -0.0100571 -0.0209818
v -0.183782 0.135607 0.33073
vn -0.441126 -0.67455 0.591938
v -0.167231 0.13573 0.33073
vn 0.451063 -0.667939 0.591945
v -0.183807 0.138982 0.335231
vn -0.440796 -0.719234 0.537031
v -0.167256 0.139104 0.335231
vn 0.451394 -0.712625 0.537038
v -0.183807 0.138982 0.335231
vn -0.440796 -0.719234 0.53703
v -0.167231 0.13573 0.33073
vn 0.451063 -0.66794 0.591945
v -0.183826 0.141545 0.315719
vn -0.00514398 0.695175 -0.718822
v -0.183858 0.145998 0.320779
vn -0.00554927 0.749798 -0.661643
v -0.167275 0.141668 0.315719
vn -0.00514398 0.695175 -0.718822
v -0.183826 0.141545 0.315719
vn -0.999973 -0.00740756 -7.90456e-06
v -0.183791 0.136736 0.311058
vn -0.999973 -0.00740756 -7.90456e-06
v -0.183807 0.138982 0.335231
vn -0.445258 -0.717564 0.535581
v 0.199014 -0.14609 0.344322
vn -0.00326843 0.442066 -0.896977
v 0.182462 -0.146213 0.344322
vn -0.00326843 0.442066 -0.896977
v 0.198968 -0.13995 0.347147
vn -0.0024898 0.337133 -0.941454
v 0.182416 -0.140073 0.347147
vn -0.0024898 0.337133 -0.941454
v 0.198968 -0.13995 0.347147
vn -0.0024898 0.337133 -0.941454
v 0.182462 -0.146213 0.344322
vn -0.00326842 0.442066 -0.896977
v 0.182392 -0.136824 0.363853
vn -0.999973 -0.0074082 -7.90265e-06
v 0.182416 -0.140073 0.347147
vn -0.999973 -0.0074082 -7.90265e-06
v 0.182452 -0.144745 0.361322
vn -0.999973 -0.0074082 -7.90265e-06
v 0.198943 -0.136702 0.363853
vn 0.0016728 -0.226798 0.97394
v 0.198884 -0.128567 0.365386
vn 0.000841262 -0.114621 0.993409
v 0.182392 -0.136824 0.363853
vn 0.0016728 -0.226798 0.97394
v 0.198921 -0.133553 0.349193
vn 0.999973 0.00740776 8.0069e-06
v 0.198943 -0.136702 0.363853
vn 0.999973 0.00740776 8.0069e-06
v 0.198968 -0.13995 0.347147
vn 0.999973 0.00740776 8.0069e-06
v 0.179539 0.198222 0.650622
vn -0.00736535 0.994481 -0.104659
v 0.162731 0.199623 0.666353
vn -0.00736535 0.994481 -0.104659
v 0.175212 0.203198 0.702278
vn -0.00736535 0.994481 -0.104659
v 0.175212 0.203198 0.702278
vn 0.00736535 -0.994481 0.104659
v 0.162731 0.199623 0.666353
vn 0.00736535 -0.994481 0.104659
v 0.179539 0.198222 0.650622
vn 0.00736535 -0.994481 0.104659
v 0.175109 0.216941 0.700707
vn 0.975564 0.0301309 0.217639
v 0.175212 0.203198 0.702278
vn 0.975564 0.0301309 0.217639
v 0.179514 0.211875 0.648126
vn 0.995906 0.0167255 0.0888289
v 0.179843 0.167867 0.364445
vn 0.999973 0.00740966 7.80812e-06
v 0.179615 0.198223 0.650622
vn 0.999973 0.00740966 7.80812e-06
v 0.179853 0.166546 0.357595
vn 0.999973 0.00740966 7.80812e-06
v 0.179853 0.166546 0.357595
vn -0.00718205 0.969762 -0.243946
v 0.179865 0.164727 0.350881
vn -0.00701673 0.947455 -0.319812
v 0.163301 0.166422 0.357595
vn -0.00718205 0.969762 -0.243946
v 0.163314 0.164604 0.350881
vn -0.00701649 0.947455 -0.319811
v 0.163301 0.166422 0.357595
vn -0.00718181 0.969762 -0.243946
v 0.179865 0.164727 0.350881
vn -0.00701649 0.947455 -0.319811
v 0.163301 0.166422 0.357595
vn -0.00718266 0.969843 -0.243624
v 0.163291 0.167745 0.364445
vn -0.452112 0.876331 -0.166252
v 0.179853 0.166546 0.357595
vn -0.00718266 0.969843 -0.243624
v 0.163291 0.167745 0.364445
vn -0.453486 0.875663 -0.166028
v 0.16329 0.167934 0.365659
vn 0.561827 0.503399 -0.656461
v 0.179843 0.167867 0.364445
vn -0.007278 0.982599 -0.185599
v 0.162962 0.211753 0.648126
vn -0.733141 0.670483 -0.113829
v 0.163239 0.174708 0.409333
vn 0.40438 0.906221 -0.123452
v 0.16301 0.205374 0.639821
vn -0.999973 -0.00741339 -7.24479e-06
v 0.179514 0.211875 0.648126
vn -0.00736487 0.994481 -0.10466
v 0.162962 0.211753 0.648126
vn -0.00736487 0.994481 -0.10466
v 0.175109 0.216941 0.700707
vn -0.00736487 0.994481 -0.10466
v 0.162731 0.199623 0.666353
vn 0.999729 0.0100458 0.0209772
v 0.163005 0.206241 0.648756
vn 0.999729 0.0100458 0.0209772
v 0.162669 0.207853 0.665412
vn 0.99841 0.0133751 0.0547644
v 0.162669 0.207853 0.665412
vn -0.99841 -0.0133751 -0.0547644
v 0.163005 0.206241 0.648756
vn -0.999729 -0.0100458 -0.0209772
v 0.162731 0.199623 0.666353
vn -0.999729 -0.0100458 -0.0209772
v 0.163005 0.206241 0.648756
vn -0.999973 -0.00740836 -7.85193e-06
v 0.162962 0.211753 0.648126
vn -0.713147 0.691135 -0.117281
v 0.16301 0.205374 0.639821
vn -0.999973 -0.00740836 -7.85193e-06
v -0.167451 0.165483 0.365656
vn -0.557406 0.499539 -0.663144
v -0.167349 0.151688 0.367232
vn -0.664282 -0.716128 -0.214221
v -0.167365 0.153849 0.331968
vn 0.999973 0.00740775 7.84855e-06
v -0.16767 0.194694 0.640759
vn 0.0623346 0.99258 -0.104404
v -0.167502 0.172259 0.40933
vn -0.395653 0.909885 -0.12477
v -0.16773 0.202925 0.639818
vn 0.999973 0.00740816 8.00948e-06
v -0.183807 0.138982 0.335231
vn -0.440795 -0.719399 0.536809
v -0.167256 0.139104 0.335231
vn 0.451395 -0.71279 0.536817
v -0.18383 0.142016 0.340009
vn -0.440497 -0.759586 0.478531
v -0.167307 0.14612 0.32078
vn -0.00554892 0.749799 -0.661643
v -0.167275 0.141668 0.315719
vn -0.00514362 0.695176 -0.718822
v -0.183858 0.145998 0.320779
vn -0.00554892 0.749799 -0.661643
v -0.183858 0.145998 0.320779
vn -0.999973 -0.0074079 -8.05745e-06
v -0.183826 0.141545 0.315719
vn -0.999973 -0.0074079 -8.05745e-06
v -0.18383 0.142016 0.340009
vn -0.44496 -0.757806 0.477222
v -0.18383 0.142016 0.340009
vn -0.443965 -0.758221 0.477489
v -0.183826 0.141545 0.315719
vn -0.999973 -0.00740836 -8.02986e-06
v -0.183807 0.138982 0.335231
vn -0.444264 -0.717956 0.535881
v -0.167278 0.142139 0.340009
vn 0.455142 -0.751561 0.477496
v -0.167256 0.139104 0.335231
vn 0.454843 -0.711296 0.535889
v -0.167275 0.141668 0.315719
vn 0.999973 0.00740765 7.92949e-06
v -0.167307 0.14612 0.32078
vn 0.999973 0.00740809 7.88298e-06
v -0.167278 0.142139 0.340009
vn 0.456129 -0.751131 0.47723
v -0.167275 0.141668 0.315719
vn 0.999973 0.00740809 7.88298e-06
v 0.198968 -0.13995 0.347147
vn -0.00248634 0.336668 -0.94162
v 0.182416 -0.140073 0.347147
vn -0.00248634 0.336668 -0.94162
v 0.198921 -0.133553 0.349193
vn -0.00167685 0.227338 -0.973814
v 0.18237 -0.133675 0.349193
vn -0.999973 -0.00740776 -8.00598e-06
v 0.182416 -0.140073 0.347147
vn -0.999973 -0.00740776 -8.00598e-06
v 0.182392 -0.136824 0.363853
vn -0.999973 -0.00740776 -8.00598e-06
v 0.182333 -0.12869 0.365386
vn 0.000841318 -0.114621 0.993409
v 0.182392 -0.136824 0.363853
vn 0.00167285 -0.226798 0.97394
v 0.198884 -0.128567 0.365386
vn 0.000841318 -0.114621 0.993409
v 0.198884 -0.128567 0.365386
vn 0.999973 0.00740783 8.03751e-06
v 0.198943 -0.136702 0.363853
vn 0.999973 0.00740783 8.03751e-06
v 0.198921 -0.133553 0.349193
vn 0.999973 0.00740783 8.03751e-06
v 0.175212 0.203198 0.702278
vn -0.0073652 0.994481 -0.104659
v 0.162731 0.199623 0.666353
vn -0.0073652 0.994481 -0.104659
v 0.160033 0.202724 0.698542
vn -0.0073652 0.994481 -0.104659
v 0.160033 0.202724 0.698542
vn 0.0073652 -0.994481 0.104659
v 0.162731 0.199623 0.666353
vn 0.0073652 -0.994481 0.104659
v 0.175212 0.203198 0.702278
vn 0.0073652 -0.994481 0.104659
v 0.175212 0.203198 0.702278
vn 0.974012 0.0308301 0.22439
v 0.175109 0.216941 0.700707
vn 0.974012 0.0308301 0.22439
v 0.158004 0.207863 0.751708
vn 0.88196 0.055788 0.468012
v 0.179843 0.167867 0.364445
vn -0.00727774 0.982581 -0.185694
v 0.179853 0.166546 0.357595
vn -0.00718216 0.969843 -0.243623
v 0.163291 0.167745 0.364445
vn -0.452111 0.876331 -0.16625
v 0.162669 0.207853 0.665412
vn 0.998407 0.013382 0.0548205
v 0.163005 0.206241 0.648756
vn 0.999729 0.0100472 0.0209774
v 0.162962 0.211753 0.648126
vn 0.713942 -0.694562 0.0887162
v 0.162962 0.211753 0.648126
vn -0.713942 0.694562 -0.0887162
v 0.163005 0.206241 0.648756
vn -0.999729 -0.0100472 -0.0209774
v 0.162669 0.207853 0.665412
vn -0.998407 -0.013382 -0.0548205
v 0.162962 0.211753 0.648126
vn -0.00736604 0.994481 -0.104659
v 0.159342 0.216395 0.696281
vn -0.00736604 0.994481 -0.104659
v 0.175109 0.216941 0.700707
vn -0.00736604 0.994481 -0.104659
v -0.167349 0.151688 0.367232
vn -0.672897 -0.708716 -0.21197
v -0.167341 0.150535 0.36126
vn 0.455452 -0.8632 0.217827
v -0.167365 0.153849 0.331968
vn 0.999973 0.0074073 7.9389e-06
v -0.167388 0.157076 0.338025
vn 0.999973 0.00740814 7.9258e-06
v -0.167451 0.165483 0.365656
vn -0.568518 0.494909 -0.657155
v -0.167365 0.153849 0.331968
vn 0.999973 0.00740814 7.9258e-06
v -0.167677 0.19565 0.650619
vn -0.885703 -0.456869 0.0824669
v -0.184152 0.195528 0.650618
vn 0.00730224 -0.986088 0.166065
v -0.167349 0.151688 0.367232
vn -0.600379 -0.782827 -0.163481
v -0.167502 0.172259 0.40933
vn -0.443564 0.887816 -0.122615
v -0.167451 0.165483 0.365656
vn -0.560578 0.512424 -0.650518
v -0.18424 0.197139 0.570502
vn -0.00730934 0.986088 -0.166066
v -0.167778 0.209303 0.648123
vn 0.723123 0.681277 -0.113818
v -0.16773 0.202925 0.639818
vn 0.999973 0.00740558 8.3699e-06
v -0.167502 0.172259 0.40933
vn -0.417765 0.900128 -0.123458
v -0.167278 0.142139 0.340009
vn 0.451694 -0.752976 0.478539
v -0.18383 0.142016 0.340009
vn -0.440497 -0.759586 0.478531
v -0.167256 0.139104 0.335231
vn 0.451395 -0.71279 0.536818
v -0.183858 0.145998 0.320779
vn -0.00555055 0.750018 -0.661394
v -0.183888 0.150067 0.326206
vn -0.00592101 0.799932 -0.600062
v -0.167307 0.14612 0.32078
vn -0.00555055 0.750018 -0.661394
v -0.183849 0.144693 0.345032
vn -0.443703 -0.793727 0.416083
v -0.183858 0.145998 0.320779
vn -0.999973 -0.00740802 -8.05796e-06
v -0.18383 0.142016 0.340009
vn -0.443966 -0.758221 0.477488
v -0.18383 0.142016 0.340009
vn -0.440496 -0.759733 0.478299
v -0.167278 0.142139 0.340009
vn 0.451695 -0.753123 0.478306
v -0.183849 0.144693 0.345032
vn -0.440233 -0.79517 0.417013
v -0.167297 0.144815 0.345032
vn 0.455405 -0.787067 0.416092
v -0.167278 0.142139 0.340009
vn 0.455142 -0.75156 0.477497
v -0.167307 0.14612 0.32078
vn 0.999973 0.00740821 7.95341e-06
v 0.18237 -0.133675 0.349193
vn -0.00167678 0.227338 -0.973814
v 0.198921 -0.133553 0.349193
vn -0.00167678 0.227338 -0.973814
v 0.182416 -0.140073 0.347147
vn -0.00248627 0.336668 -0.94162
v 0.182333 -0.12869 0.365386
vn -0.999973 -0.00740783 -8.03838e-06
v 0.18237 -0.133675 0.349193
vn -0.999973 -0.00740783 -8.03838e-06
v 0.182392 -0.136824 0.363853
vn -0.999973 -0.00740783 -8.03838e-06
v 0.198884 -0.128567 0.365386
vn 0.000836795 -0.114013 0.993479
v 0.198822 -0.120324 0.365899
vn 0.000206181 -0.0288212 0.999585
v 0.182333 -0.12869 0.365386
vn 0.000836795 -0.114013 0.993479
v 0.198871 -0.126982 0.350431
vn 0.999973 0.00740818 7.92243e-06
v 0.198884 -0.128567 0.365386
vn 0.999973 0.00740818 7.92243e-06
v 0.198921 -0.133553 0.349193
vn 0.999973 0.00740818 7.92243e-06
v 0.175212 0.203198 0.702278
vn -0.00736509 0.994481 -0.104658
v 0.160033 0.202724 0.698542
vn -0.00736509 0.994481 -0.104658
v 0.144297 0.206989 0.743747
vn -0.00736509 0.994481 -0.104658
v 0.144297 0.206989 0.743747
vn 0.00736509 -0.994481 0.104658
v 0.160033 0.202724 0.698542
vn 0.00736509 -0.994481 0.104658
v 0.175212 0.203198 0.702278
vn 0.00736509 -0.994481 0.104658
v 0.157902 0.221605 0.750138
vn 0.881959 0.0557874 0.468012
v 0.158004 0.207863 0.751708
vn 0.881959 0.0557874 0.468012
v 0.175109 0.216941 0.700707
vn 0.974012 0.0308294 0.224389
v 0.175212 0.203198 0.702278
vn -0.00736706 0.994481 -0.10466
v 0.144297 0.206989 0.743747
vn -0.00736706 0.994481 -0.10466
v 0.158004 0.207863 0.751708
vn -0.00736706 0.994481 -0.10466
v 0.158004 0.207863 0.751708
vn 0.00736706 -0.994481 0.10466
v 0.144297 0.206989 0.743747
vn 0.00736706 -0.994481 0.10466
v 0.175212 0.203198 0.702278
vn 0.00736706 -0.994481 0.10466
v 0.162669 0.207853 0.665412
vn 0.998407 0.0133813 0.0548203
v 0.162962 0.211753 0.648126
vn 0.713942 -0.694561 0.088716
v 0.162629 0.213366 0.664783
vn 0.896931 -0.43168 0.0957466
v 0.162629 0.213366 0.664783
vn -0.896931 0.43168 -0.0957466
v 0.162962 0.211753 0.648126
vn -0.713942 0.694561 -0.088716
v 0.162669 0.207853 0.665412
vn -0.998407 -0.0133813 -0.0548203
v 0.159975 0.216416 0.696459
vn -0.00736614 0.994481 -0.104659
v 0.175109 0.216941 0.700707
vn -0.00736614 0.994481 -0.104659
v 0.159342 0.216395 0.696281
vn -0.00736614 0.994481 -0.104659
v -0.167737 0.20379 0.648752
vn 0.999973 0.00740804 7.89262e-06
v -0.16773 0.202925 0.639818
vn 0.999973 0.00740804 7.89262e-06
v -0.167778 0.209303 0.648123
vn 0.70283 0.701625 -0.11727
v -0.167365 0.153849 0.331968
vn 0.999973 0.00740777 8.02796e-06
v -0.167341 0.150535 0.36126
vn 0.457544 -0.862158 0.21757
v -0.167338 0.15019 0.326206
vn 0.999973 0.00740777 8.02796e-06
v -0.167408 0.15985 0.344343
vn 0.999973 0.0074075 8.14584e-06
v -0.167451 0.165483 0.365656
vn -0.56888 0.494755 -0.656957
v -0.167388 0.157076 0.338025
vn 0.999973 0.0074075 8.14584e-06
v -0.167388 0.157076 0.338025
vn -0.00655029 0.88478 -0.465962
v -0.167365 0.153849 0.331968
vn -0.00625652 0.845199 -0.534415
v -0.183941 0.156954 0.338025
vn -0.00655029 0.88478 -0.465962
v -0.167737 0.20379 0.648752
vn 0.999769 0.00476576 -0.0209561
v -0.167677 0.19565 0.650619
vn 0.999769 0.00476576 -0.0209561
v -0.167675 0.19556 0.649693
vn 0.999769 0.00476576 -0.0209561
v -0.167675 0.19556 0.649693
vn -0.999769 -0.00476576 0.0209561
v -0.167677 0.19565 0.650619
vn -0.999769 -0.00476576 0.0209561
v -0.167737 0.20379 0.648752
vn -0.999769 -0.00476576 0.0209561
v -0.184152 0.195528 0.650618
vn 0.00729817 -0.986088 0.166065
v -0.184229 0.195528 0.650618
vn 0.00729817 -0.986088 0.166065
v -0.167349 0.151688 0.367232
vn -0.673595 -0.70821 -0.211445
v -0.179899 0.200568 0.702275
vn -0.00736574 0.994481 -0.104659
v -0.167677 0.19565 0.650619
vn -0.00736574 0.994481 -0.104659
v -0.184152 0.195528 0.650618
vn -0.00736574 0.994481 -0.104659
v -0.184152 0.195528 0.650618
vn 0.00736574 -0.994481 0.104659
v -0.167677 0.19565 0.650619
vn 0.00736574 -0.994481 0.104659
v -0.179899 0.200568 0.702275
vn 0.00736574 -0.994481 0.104659
v -0.167451 0.165483 0.365656
vn -0.569213 0.49502 -0.656469
v -0.16745 0.165294 0.364441
vn 0.440463 0.882287 -0.166021
v -0.18424 0.197139 0.570502
vn -0.0073082 0.986088 -0.166065
v -0.167778 0.209303 0.648123
vn 0.632788 0.763703 -0.127812
v -0.167502 0.172259 0.40933
vn -0.402004 0.906598 -0.128344
v -0.18424 0.197139 0.570502
vn -0.0073044 0.986088 -0.166065
v -0.167338 0.15019 0.326206
vn -0.00592136 0.799931 -0.600063
v -0.167307 0.14612 0.32078
vn -0.0055509 0.750018 -0.661395
v -0.183888 0.150067 0.326206
vn -0.00592136 0.799931 -0.600063
v -0.183888 0.150067 0.326206
vn -0.999973 -0.00740771 -8.07211e-06
v -0.183858 0.145998 0.320779
vn -0.999973 -0.00740771 -8.07211e-06
v -0.183867 0.146994 0.350271
vn -0.444724 -0.823682 0.351808
v -0.183867 0.146994 0.350271
vn -0.443218 -0.824366 0.352106
v -0.183858 0.145998 0.320779
vn -0.999973 -0.00740783 -8.03993e-06
v -0.183849 0.144693 0.345032
vn -0.443447 -0.793839 0.416143
v -0.167297 0.144815 0.345032
vn 0.451958 -0.788561 0.41702
v -0.183849 0.144693 0.345032
vn -0.440233 -0.79517 0.417012
v -0.167278 0.142139 0.340009
vn 0.451695 -0.753124 0.478306
v -0.167314 0.147116 0.350271
vn 0.455378 -0.817708 0.352113
v -0.167297 0.144815 0.345032
vn 0.455151 -0.787182 0.416151
v -0.167307 0.14612 0.32078
vn 0.999973 0.00740802 7.94969e-06
v 0.198921 -0.133553 0.349193
vn -0.00167322 0.226855 -0.973927
v 0.18237 -0.133675 0.349193
vn -0.00167322 0.226855 -0.973927
v 0.198871 -0.126982 0.350431
vn -0.000840827 0.114563 -0.993416
v 0.18232 -0.127104 0.35043
vn -0.999973 -0.00740818 -7.92434e-06
v 0.18237 -0.133675 0.349193
vn -0.999973 -0.00740818 -7.92434e-06
v 0.182333 -0.12869 0.365386
vn -0.999973 -0.00740818 -7.92434e-06
v 0.18227 -0.120447 0.365899
vn -0.44502 -0.029121 0.895047
v 0.182333 -0.12869 0.365386
vn 0.000836795 -0.114013 0.993479
v 0.198822 -0.120324 0.365899
vn 0.000206181 -0.0288212 0.999585
v 0.198822 -0.120324 0.365899
vn 0.999973 0.00740797 7.87372e-06
v 0.198884 -0.128567 0.365386
vn 0.999973 0.00740797 7.87372e-06
v 0.198871 -0.126982 0.350431
vn 0.999973 0.00740797 7.87372e-06
v 0.158004 0.207863 0.751708
vn 0.878658 0.0564043 0.474108
v 0.157902 0.221605 0.750138
vn 0.878658 0.0564043 0.474108
v 0.129239 0.211791 0.794424
vn 0.724759 0.0774202 0.684639
v 0.144196 0.220732 0.742176
vn 0.00736544 -0.994481 0.104658
v 0.175109 0.216941 0.700707
vn 0.00736544 -0.994481 0.104658
v 0.157902 0.221605 0.750138
vn 0.00736544 -0.994481 0.104658
v 0.157902 0.221605 0.750138
vn -0.00736544 0.994481 -0.104658
v 0.175109 0.216941 0.700707
vn -0.00736544 0.994481 -0.104658
v 0.144196 0.220732 0.742176
vn -0.00736544 0.994481 -0.104658
v 0.158004 0.207863 0.751708
vn -0.0073667 0.994481 -0.10466
v 0.144297 0.206989 0.743747
vn -0.0073667 0.994481 -0.10466
v 0.117991 0.210582 0.78281
vn -0.0073667 0.994481 -0.10466
v 0.117991 0.210582 0.78281
vn 0.0073667 -0.994481 0.10466
v 0.144297 0.206989 0.743747
vn 0.0073667 -0.994481 0.10466
v 0.158004 0.207863 0.751708
vn 0.0073667 -0.994481 0.10466
v 0.162629 0.213366 0.664783
vn 0.897526 -0.430388 0.0959847
v 0.159971 0.210954 0.697602
vn 0.974988 0.0303925 0.220171
v 0.162669 0.207853 0.665412
vn 0.998388 0.0134158 0.0551554
v 0.162669 0.207853 0.665412
vn -0.998388 -0.0134158 -0.0551554
v 0.159971 0.210954 0.697602
vn -0.974988 -0.0303925 -0.220171
v 0.162629 0.213366 0.664783
vn -0.897526 0.430388 -0.0959847
v 0.159931 0.216466 0.696972
vn -0.00736592 0.994481 -0.104659
v 0.175109 0.216941 0.700707
vn -0.00736592 0.994481 -0.104659
v 0.159975 0.216416 0.696459
vn -0.00736592 0.994481 -0.104659
v 0.159342 0.216395 0.696281
vn -0.00736446 0.994481 -0.104659
v 0.143913 0.220679 0.741641
vn -0.00736446 0.994481 -0.104659
v 0.159975 0.216416 0.696459
vn -0.00736446 0.994481 -0.104659
v -0.167677 0.19565 0.650619
vn 0.999769 0.00475559 -0.0209658
v -0.167737 0.20379 0.648752
vn 0.999769 0.00475559 -0.0209658
v -0.167366 0.197177 0.66635
vn 0.999769 0.00475559 -0.0209658
v -0.167366 0.197177 0.66635
vn -0.999769 -0.00475559 0.0209658
v -0.167737 0.20379 0.648752
vn -0.999769 -0.00475559 0.0209658
v -0.167677 0.19565 0.650619
vn -0.999769 -0.00475559 0.0209658
v -0.167425 0.205408 0.66541
vn 0.998496 0.00141192 -0.0548058
v -0.167737 0.20379 0.648752
vn 0.999769 0.00476662 -0.0209615
v -0.167778 0.209303 0.648123
vn 0.999769 0.00476662 -0.0209615
v -0.167778 0.209303 0.648123
vn -0.999769 -0.00476662 0.0209615
v -0.167737 0.20379 0.648752
vn -0.999769 -0.00476662 0.0209615
v -0.167425 0.205408 0.66541
vn -0.998496 -0.00141192 0.0548058
v -0.167341 0.150535 0.36126
vn 0.455378 -0.863237 0.217837
v -0.167329 0.149026 0.355691
vn 0.455231 -0.84322 0.28591
v -0.167338 0.15019 0.326206
vn 0.999973 0.00740894 8.00022e-06
v -0.167365 0.153849 0.331968
vn -0.00625522 0.845022 -0.534695
v -0.167338 0.15019 0.326206
vn -0.00592264 0.800131 -0.599796
v -0.183917 0.153727 0.331968
vn -0.00625522 0.845022 -0.534695
v -0.167426 0.162154 0.350879
vn 0.999973 0.00740865 7.81482e-06
v -0.167451 0.165483 0.365656
vn -0.569157 0.494639 -0.656805
v -0.167408 0.15985 0.344343
vn 0.999973 0.00740865 7.81482e-06
v -0.183917 0.153727 0.331968
vn -0.00625653 0.845199 -0.534415
v -0.183941 0.156954 0.338025
vn -0.00655029 0.88478 -0.465962
v -0.167365 0.153849 0.331968
vn -0.00625653 0.845199 -0.534415
v -0.183941 0.156954 0.338025
vn -0.00655143 0.884935 -0.465668
v -0.18396 0.159728 0.344342
vn -0.00680439 0.918962 -0.394287
v -0.167388 0.157076 0.338025
vn -0.00655143 0.884935 -0.465668
v -0.183901 0.151564 0.367232
vn -0.379903 -0.909593 0.168266
v -0.167349 0.151688 0.367232
vn -0.600047 -0.783125 -0.163276
v -0.184229 0.195528 0.650618
vn 0.00731628 -0.986087 0.166066
v -0.167677 0.19565 0.650619
vn -0.00736503 0.994481 -0.104659
v -0.179899 0.200568 0.702275
vn -0.00736503 0.994481 -0.104659
v -0.167366 0.197177 0.66635
vn -0.00736503 0.994481 -0.104659
v -0.167366 0.197177 0.66635
vn 0.00736503 -0.994481 0.104659
v -0.179899 0.200568 0.702275
vn 0.00736503 -0.994481 0.104659
v -0.167677 0.19565 0.650619
vn 0.00736503 -0.994481 0.104659
v -0.179899 0.200568 0.702275
vn -0.975894 0.0156802 0.217683
v -0.184329 0.209181 0.648123
vn -0.996046 0.001969 0.0888129
v -0.184152 0.195528 0.650618
vn -0.996046 0.001969 0.0888129
v -0.184002 0.165172 0.364441
vn -0.00727702 0.983004 -0.183438
v -0.18424 0.197139 0.570502
vn -0.0073 0.986088 -0.166065
v -0.16745 0.165294 0.364441
vn 0.394984 0.903237 -0.167781
v -0.16745 0.165294 0.364441
vn 0.440773 0.882134 -0.166006
v -0.167451 0.165483 0.365656
vn -0.569451 0.494514 -0.656644
v -0.16744 0.163973 0.357593
vn 0.999973 0.0074081 7.97743e-06
v -0.184329 0.209181 0.648123
vn -0.00730239 0.986088 -0.166065
v -0.167778 0.209303 0.648123
vn 0.678538 0.724505 -0.121154
v -0.18424 0.197139 0.570502
vn -0.00730239 0.986088 -0.166065
v -0.167338 0.15019 0.326206
vn 0.999973 0.00740792 7.91252e-06
v -0.167314 0.147116 0.350271
vn 0.456875 -0.817002 0.351815
v -0.167307 0.14612 0.32078
vn 0.999973 0.00740792 7.91252e-06
v -0.183888 0.150067 0.326206
vn -0.00592285 0.800131 -0.599796
v -0.183917 0.153727 0.331968
vn -0.00625543 0.845022 -0.534696
v -0.167338 0.15019 0.326206
vn -0.00592285 0.800131 -0.599796
v -0.183881 0.148904 0.355691
vn -0.443029 -0.849715 0.285849
v -0.183888 0.150067 0.326206
vn -0.999973 -0.00740772 -8.02253e-06
v -0.183867 0.146994 0.350271
vn -0.443217 -0.824366 0.352106
v -0.183849 0.144693 0.345032
vn -0.440232 -0.795298 0.416769
v -0.167297 0.144815 0.345032
vn 0.451958 -0.788689 0.416777
v -0.183867 0.146994 0.350271
vn -0.440004 -0.825762 0.352865
v -0.167314 0.147116 0.350271
vn 0.452185 -0.819152 0.352872
v -0.183867 0.146994 0.350271
vn -0.440004 -0.825762 0.352865
v -0.167297 0.144815 0.345032
vn 0.451958 -0.788689 0.416777
v 0.18232 -0.127104 0.35043
vn -0.000840564 0.114562 -0.993416
v 0.198871 -0.126982 0.350431
vn -0.000840564 0.114562 -0.993416
v 0.18237 -0.133675 0.349193
vn -0.00167295 0.226854 -0.973927
v 0.18227 -0.120447 0.365899
vn -0.450754 -0.0289283 0.892179
v 0.18232 -0.127104 0.35043
vn -0.999973 -0.0074085 -7.93817e-06
v 0.182333 -0.12869 0.365386
vn -0.999973 -0.0074085 -7.93817e-06
v 0.198822 -0.120324 0.365899
vn 0.000181548 -0.0253882 0.999678
v 0.197352 0.078295 0.365908
vn -6.16347e-06 -4.00317e-05 1
v 0.18227 -0.120447 0.365899
vn -0.400247 -0.0259198 0.916041
v 0.19882 -0.119927 0.35087
vn 0.999973 0.00740784 7.95006e-06
v 0.198822 -0.120324 0.365899
vn 0.999973 0.00740784 7.95006e-06
v 0.198871 -0.126982 0.350431
vn 0.999973 0.00740784 7.95006e-06
v -0.167467 0.21092 0.66478
vn 0.998478 0.00137738 -0.0551403
v -0.164776 0.208548 0.697599
vn 0.975334 -0.0159444 -0.220156
v -0.167425 0.205408 0.66541
vn 0.998478 0.00137738 -0.0551403
v -0.167366 0.197177 0.66635
vn -0.00736582 0.994481 -0.10466
v -0.179899 0.200568 0.702275
vn -0.00736582 0.994481 -0.10466
v -0.164715 0.200318 0.698538
vn -0.00736582 0.994481 -0.10466
v -0.164715 0.200318 0.698538
vn 0.00736582 -0.994481 0.10466
v -0.179899 0.200568 0.702275
vn 0.00736582 -0.994481 0.10466
v -0.167366 0.197177 0.66635
vn 0.00736582 -0.994481 0.10466
v 0.129137 0.225534 0.792855
vn 0.72476 0.07742 0.684638
v 0.129239 0.211791 0.794424
vn 0.72476 0.07742 0.684638
v 0.157902 0.221605 0.750138
vn 0.878658 0.0564042 0.474108
v 0.158004 0.207863 0.751708
vn -0.00736567 0.994481 -0.104659
v 0.117991 0.210582 0.78281
vn -0.00736567 0.994481 -0.104659
v 0.129239 0.211791 0.794424
vn -0.00736567 0.994481 -0.104659
v 0.129239 0.211791 0.794424
vn 0.00736567 -0.994481 0.104659
v 0.117991 0.210582 0.78281
vn 0.00736567 -0.994481 0.104659
v 0.158004 0.207863 0.751708
vn 0.00736567 -0.994481 0.104659
v 0.175109 0.216941 0.700707
vn 0.0073667 -0.994481 0.104659
v 0.144196 0.220732 0.742176
vn 0.0073667 -0.994481 0.104659
v 0.159931 0.216466 0.696972
vn 0.0073667 -0.994481 0.104659
v 0.159931 0.216466 0.696972
vn -0.0073667 0.994481 -0.104659
v 0.144196 0.220732 0.742176
vn -0.0073667 0.994481 -0.104659
v 0.175109 0.216941 0.700707
vn -0.0073667 0.994481 -0.104659
v 0.144196 0.220732 0.742176
vn 0.0073652 -0.994481 0.104659
v 0.157902 0.221605 0.750138
vn 0.0073652 -0.994481 0.104659
v 0.11789 0.224325 0.781241
vn 0.0073652 -0.994481 0.104659
v 0.11789 0.224325 0.781241
vn -0.0073652 0.994481 -0.104659
v 0.157902 0.221605 0.750138
vn -0.0073652 0.994481 -0.104659
v 0.144196 0.220732 0.742176
vn -0.0073652 0.994481 -0.104659
v 0.159971 0.210954 0.697602
vn 0.974985 0.0303929 0.220184
v 0.162629 0.213366 0.664783
vn 0.897506 -0.430431 0.0959843
v 0.159975 0.216416 0.696459
vn 0.712576 -0.688136 0.136765
v 0.159975 0.216416 0.696459
vn -0.712576 0.688136 -0.136765
v 0.162629 0.213366 0.664783
vn -0.897506 0.430431 -0.0959843
v 0.159971 0.210954 0.697602
vn -0.974985 -0.0303929 -0.220184
v 0.159971 0.210954 0.697602
vn 0.974797 0.0304785 0.221002
v 0.159975 0.216416 0.696459
vn 0.709472 -0.691325 0.136816
v 0.159931 0.216466 0.696972
vn 0.974797 0.0304785 0.221002
v 0.159931 0.216466 0.696972
vn -0.974797 -0.0304785 -0.221002
v 0.159975 0.216416 0.696459
vn -0.709472 0.691325 -0.136816
v 0.159971 0.210954 0.697602
vn -0.974797 -0.0304785 -0.221002
v 0.159931 0.216466 0.696972
vn -0.00736683 0.994481 -0.104659
v 0.159975 0.216416 0.696459
vn -0.00736683 0.994481 -0.104659
v 0.143913 0.220679 0.741641
vn -0.00736683 0.994481 -0.104659
v -0.167366 0.197177 0.66635
vn 0.999769 0.00476667 -0.0209612
v -0.167737 0.20379 0.648752
vn 0.999769 0.00476667 -0.0209612
v -0.167425 0.205408 0.66541
vn 0.998499 0.00141752 -0.0547496
v -0.167425 0.205408 0.66541
vn -0.998499 -0.00141752 0.0547496
v -0.167737 0.20379 0.648752
vn -0.999769 -0.00476667 0.0209612
v -0.167366 0.197177 0.66635
vn -0.999769 -0.00476667 0.0209612
v -0.167425 0.205408 0.66541
vn 0.998496 0.00141192 -0.0548058
v -0.167778 0.209303 0.648123
vn 0.999769 0.00476663 -0.0209615
v -0.167467 0.21092 0.66478
vn 0.998496 0.00141192 -0.0548058
v -0.167467 0.21092 0.66478
vn -0.998496 -0.00141192 0.0548058
v -0.167778 0.209303 0.648123
vn -0.999769 -0.00476663 0.0209615
v -0.167425 0.205408 0.66541
vn -0.998496 -0.00141192 0.0548058
v -0.167329 0.149026 0.355691
vn 0.455567 -0.843057 0.285856
v -0.167314 0.147116 0.350271
vn 0.455378 -0.817709 0.352113
v -0.167338 0.15019 0.326206
vn 0.999973 0.00740792 7.94705e-06
v -0.167341 0.150535 0.36126
vn 0.452522 -0.864616 0.218321
v -0.183892 0.150412 0.36126
vn -0.439666 -0.871225 0.218314
v -0.167329 0.149026 0.355691
vn 0.452375 -0.844644 0.286238
v -0.167408 0.15985 0.344343
vn -0.00680428 0.918962 -0.394286
v -0.167388 0.157076 0.338025
vn -0.00655133 0.884935 -0.465668
v -0.18396 0.159728 0.344342
vn -0.00680428 0.918962 -0.394286
v -0.18396 0.159728 0.344342
vn -0.00680527 0.919093 -0.393981
v -0.183977 0.162031 0.350879
vn -0.00701537 0.947349 -0.320126
v -0.167408 0.15985 0.344343
vn -0.00680527 0.919093 -0.393981
v -0.183941 0.156954 0.338025
vn -0.999973 -0.00740845 -7.93382e-06
v -0.183917 0.153727 0.331968
vn -0.999973 -0.00740845 -7.93382e-06
v -0.184229 0.195528 0.650618
vn -0.999973 -0.00740845 -7.93382e-06
v -0.18396 0.159728 0.344342
vn -0.999973 -0.00740136 -8.88409e-06
v -0.183941 0.156954 0.338025
vn -0.999973 -0.00740136 -8.88409e-06
v -0.184229 0.195528 0.650618
vn -0.999973 -0.00740136 -8.88409e-06
v -0.184227 0.195437 0.649693
vn -0.996046 0.00196898 0.0888128
v -0.184152 0.195528 0.650618
vn -0.996046 0.00196898 0.0888128
v -0.184329 0.209181 0.648123
vn -0.996046 0.00196898 0.0888128
v -0.167349 0.151688 0.367232
vn -0.672336 -0.709703 -0.210441
v -0.183901 0.151564 0.367232
vn -0.439298 -0.882831 0.166214
v -0.167341 0.150535 0.36126
vn 0.452451 -0.86472 0.218055
v -0.184229 0.195528 0.650618
vn -0.999973 -0.00741054 -7.63264e-06
v -0.183917 0.153727 0.331968
vn -0.999973 -0.00741054 -7.63264e-06
v -0.183901 0.151564 0.367232
vn -0.50047 -0.850839 0.160011
v -0.18 0.21431 0.700705
vn -0.975906 0.0156755 0.217625
v -0.184329 0.209181 0.648123
vn -0.996046 0.00197046 0.0888131
v -0.179899 0.200568 0.702275
vn -0.975906 0.0156755 0.217625
v -0.18424 0.197139 0.570502
vn -0.999973 -0.00740476 -8.37606e-06
v -0.184002 0.165172 0.364441
vn -0.999973 -0.00740476 -8.37606e-06
v -0.184229 0.195528 0.650618
vn -0.999973 -0.00740476 -8.37606e-06
v -0.16745 0.165294 0.364441
vn 0.439084 0.882932 -0.166243
v -0.16744 0.163973 0.357593
vn -0.00718216 0.969843 -0.243623
v -0.184002 0.165172 0.364441
vn -0.00727774 0.982581 -0.185694
v -0.16744 0.163973 0.357593
vn 0.999973 0.0074079 8.01287e-06
v -0.167451 0.165483 0.365656
vn -0.569348 0.494558 -0.656701
v -0.167426 0.162154 0.350879
vn 0.999973 0.0074079 8.01287e-06
v -0.167778 0.209303 0.648123
vn 0.00736487 -0.994481 0.104659
v -0.18 0.21431 0.700705
vn 0.00736487 -0.994481 0.104659
v -0.184329 0.209181 0.648123
vn 0.00736487 -0.994481 0.104659
v -0.184329 0.209181 0.648123
vn -0.00736487 0.994481 -0.104659
v -0.18 0.21431 0.700705
vn -0.00736487 0.994481 -0.104659
v -0.167778 0.209303 0.648123
vn -0.00736487 0.994481 -0.104659
v -0.184329 0.209181 0.648123
vn -0.999973 -0.00740763 -8.17088e-06
v -0.18424 0.197139 0.570502
vn -0.999973 -0.00740763 -8.17088e-06
v -0.184229 0.195528 0.650618
vn -0.999973 -0.00740763 -8.17088e-06
v -0.183917 0.153727 0.331968
vn -0.999973 -0.00740904 -8.0165e-06
v -0.183888 0.150067 0.326206
vn -0.999973 -0.00740904 -8.0165e-06
v -0.183892 0.150412 0.36126
vn -0.444725 -0.868842 0.217562
v -0.183892 0.150412 0.36126
vn -0.442541 -0.869889 0.21783
v -0.183888 0.150067 0.326206
vn -0.999973 -0.00740768 -8.01453e-06
v -0.183881 0.148904 0.355691
vn -0.44269 -0.849873 0.285904
v -0.183867 0.146994 0.350271
vn -0.440003 -0.825871 0.352612
v -0.167314 0.147116 0.350271
vn 0.452186 -0.819261 0.352618
v -0.183881 0.148904 0.355691
vn -0.439815 -0.851166 0.286493
v 0.198871 -0.126982 0.350431
vn -0.000836819 0.114056 -0.993474
v 0.18232 -0.127104 0.35043
vn -0.000836819 0.114056 -0.993474
v 0.19882 -0.119927 0.35087
vn -0.00020572 0.0287993 -0.999585
v 0.182269 -0.12005 0.350869
vn -0.450604 0.0222582 -0.892446
v 0.18232 -0.127104 0.35043
vn -0.999973 -0.00740783 -8.22641e-06
v 0.18227 -0.120447 0.365899
vn -0.450238 -0.0289313 0.89244
v 0.180799 0.078172 0.365908
vn -0.645537 -0.0048123 0.763714
v 0.18227 -0.120447 0.365899
vn -0.400247 -0.0259198 0.916041
v 0.197352 0.078295 0.365908
vn -6.16347e-06 -4.00317e-05 1
v 0.197352 0.078295 0.365908
vn 0.999973 0.00740779 6.83095e-06
v 0.198822 -0.120324 0.365899
vn 0.999973 0.00740779 6.83095e-06
v 0.19882 -0.119927 0.35087
vn 0.999973 0.00740779 6.83095e-06
v 0.159931 0.216466 0.696972
vn 0.974504 0.0306088 0.222274
v 0.144238 0.21522 0.742807
vn 0.482813 -0.0881184 -0.871279
v 0.159971 0.210954 0.697602
vn 0.974504 0.0306088 0.222274
v 0.159971 0.210954 0.697602
vn -0.974504 -0.0306088 -0.222274
v 0.144238 0.21522 0.742807
vn -0.482813 0.0881184 0.871279
v 0.159931 0.216466 0.696972
vn -0.974504 -0.0306088 -0.222274
v -0.164776 0.208548 0.697599
vn 0.975334 -0.0159444 -0.220156
v -0.167467 0.21092 0.66478
vn 0.998478 0.00137736 -0.0551403
v -0.164816 0.21406 0.69697
vn 0.875358 -0.459658 -0.149875
v -0.167425 0.205408 0.66541
vn -0.998478 -0.00137738 0.0551403
v -0.164776 0.208548 0.697599
vn -0.975334 0.0159444 0.220156
v -0.167467 0.21092 0.66478
vn -0.998478 -0.00137738 0.0551403
v -0.164816 0.21406 0.69697
vn -0.875358 0.459658 0.149875
v -0.167467 0.21092 0.66478
vn -0.998478 -0.00137736 0.0551403
v -0.164776 0.208548 0.697599
vn -0.975334 0.0159444 0.220156
v -0.164715 0.200318 0.698538
vn -0.00736565 0.994481 -0.104659
v -0.179899 0.200568 0.702275
vn -0.00736565 0.994481 -0.104659
v -0.149045 0.204817 0.743745
vn -0.00736565 0.994481 -0.104659
v -0.149045 0.204817 0.743745
vn 0.00736565 -0.994481 0.104659
v -0.179899 0.200568 0.702275
vn 0.00736565 -0.994481 0.104659
v -0.164715 0.200318 0.698538
vn 0.00736565 -0.994481 0.104659
v 0.129239 0.211791 0.794424
vn 0.719947 0.0779108 0.689642
v 0.129137 0.225534 0.792855
vn 0.719947 0.0779108 0.689642
v 0.0909875 0.2147 0.827347
vn 0.515302 0.0934703 0.851896
v 0.11789 0.224325 0.781241
vn 0.00736526 -0.994481 0.104659
v 0.157902 0.221605 0.750138
vn 0.00736526 -0.994481 0.104659
v 0.129137 0.225534 0.792855
vn 0.00736526 -0.994481 0.104659
v 0.129137 0.225534 0.792855
vn -0.00736526 0.994481 -0.104659
v 0.157902 0.221605 0.750138
vn -0.00736526 0.994481 -0.104659
v 0.11789 0.224325 0.781241
vn -0.00736526 0.994481 -0.104659
v 0.129239 0.211791 0.794424
vn -0.00736563 0.994481 -0.104659
v 0.117991 0.210582 0.78281
vn -0.00736563 0.994481 -0.104659
v 0.0830105 0.213242 0.812918
vn -0.00736563 0.994481 -0.104659
v 0.0830105 0.213242 0.812918
vn 0.00736563 -0.994481 0.104659
v 0.117991 0.210582 0.78281
vn 0.00736563 -0.994481 0.104659
v 0.129239 0.211791 0.794424
vn 0.00736563 -0.994481 0.104659
v 0.144196 0.220732 0.742176
vn -0.00736439 0.994481 -0.104659
v 0.159931 0.216466 0.696972
vn -0.00736439 0.994481 -0.104659
v 0.143913 0.220679 0.741641
vn -0.00736439 0.994481 -0.104659
v 0.144238 0.21522 0.742807
vn 0.482813 -0.0881161 -0.871279
v 0.159931 0.216466 0.696972
vn 0.974504 0.0306111 0.222274
v 0.144196 0.220732 0.742176
vn 0.482813 -0.0881161 -0.871279
v 0.144196 0.220732 0.742176
vn -0.482813 0.0881161 0.871279
v 0.159931 0.216466 0.696972
vn -0.974504 -0.0306111 -0.222274
v 0.144238 0.21522 0.742807
vn -0.482813 0.0881161 0.871279
v 0.144196 0.220732 0.742176
vn 0.465809 -0.089202 -0.880378
v 0.117932 0.218812 0.78187
vn -0.723254 -0.0775759 -0.686211
v 0.11789 0.224325 0.781241
vn -0.723254 -0.0775759 -0.686211
v 0.11789 0.224325 0.781241
vn 0.723254 0.0775759 0.686211
v 0.117932 0.218812 0.78187
vn 0.723254 0.0775759 0.686211
v 0.144196 0.220732 0.742176
vn -0.465809 0.089202 0.880378
v 0.11789 0.224325 0.781241
vn -0.00736723 0.994481 -0.10466
v 0.144196 0.220732 0.742176
vn -0.00736723 0.994481 -0.10466
v 0.117801 0.22429 0.780895
vn -0.00736723 0.994481 -0.10466
v -0.18 0.21431 0.700705
vn 0.00736577 -0.994481 0.104659
v -0.167778 0.209303 0.648123
vn 0.00736577 -0.994481 0.104659
v -0.167467 0.21092 0.66478
vn 0.00736577 -0.994481 0.104659
v -0.167467 0.21092 0.66478
vn -0.00736577 0.994481 -0.104659
v -0.167778 0.209303 0.648123
vn -0.00736577 0.994481 -0.104659
v -0.18 0.21431 0.700705
vn -0.00736577 0.994481 -0.104659
v -0.164816 0.21406 0.69697
vn 0.875487 -0.45863 -0.152253
v -0.149107 0.213046 0.742804
vn 0.881668 -0.0429223 -0.469914
v -0.164776 0.208548 0.697599
vn 0.974854 -0.0161692 -0.222259
v -0.164776 0.208548 0.697599
vn -0.974854 0.0161692 0.222259
v -0.149107 0.213046 0.742804
vn -0.881668 0.0429223 0.469914
v -0.164816 0.21406 0.69697
vn -0.875487 0.45863 0.152253
v -0.167329 0.149026 0.355691
vn 0.452375 -0.844556 0.286499
v -0.183881 0.148904 0.355691
vn -0.439815 -0.851166 0.286493
v -0.167314 0.147116 0.350271
vn 0.452186 -0.819261 0.352618
v -0.183881 0.148904 0.355691
vn -0.439814 -0.851255 0.286231
v -0.167329 0.149026 0.355691
vn 0.452375 -0.844645 0.286238
v -0.183892 0.150412 0.36126
vn -0.439666 -0.871225 0.218313
v -0.183892 0.150412 0.36126
vn -0.439594 -0.871328 0.218047
v -0.167341 0.150535 0.36126
vn 0.452451 -0.86472 0.218054
v -0.183901 0.151564 0.367232
vn -0.439298 -0.882831 0.166213
v -0.16744 0.163973 0.357593
vn -0.00718181 0.969762 -0.243946
v -0.167426 0.162154 0.350879
vn -0.00701648 0.947455 -0.319812
v -0.183992 0.16385 0.357593
vn -0.00718181 0.969762 -0.243946
v -0.167426 0.162154 0.350879
vn -0.00701569 0.947349 -0.320127
v -0.167408 0.15985 0.344343
vn -0.00680559 0.919093 -0.393982
v -0.183977 0.162031 0.350879
vn -0.00701569 0.947349 -0.320127
v -0.183977 0.162031 0.350879
vn -0.999973 -0.0074067 -8.19664e-06
v -0.18396 0.159728 0.344342
vn -0.999973 -0.0074067 -8.19664e-06
v -0.184229 0.195528 0.650618
vn -0.999973 -0.0074067 -8.19664e-06
v -0.183901 0.151564 0.367232
vn -0.442321 -0.881386 0.165863
v -0.183917 0.153727 0.331968
vn -0.999973 -0.00740858 -8.02502e-06
v -0.183892 0.150412 0.36126
vn -0.442616 -0.869853 0.21782
v -0.179899 0.200568 0.702275
vn -0.974365 0.016397 0.224375
v -0.162764 0.205487 0.751706
vn -0.882695 0.0427149 0.468
v -0.18 0.21431 0.700705
vn -0.974365 0.016397 0.224375
v -0.184002 0.165172 0.364441
vn -0.999973 -0.00740958 -7.81703e-06
v -0.183992 0.16385 0.357593
vn -0.999973 -0.00740958 -7.81703e-06
v -0.184229 0.195528 0.650618
vn -0.999973 -0.00740958 -7.81703e-06
v -0.183992 0.16385 0.357593
vn -0.00718241 0.969843 -0.243624
v -0.184002 0.165172 0.364441
vn -0.00727799 0.98258 -0.185695
v -0.16744 0.163973 0.357593
vn -0.00718241 0.969843 -0.243624
v 0.182269 -0.12005 0.350869
vn -0.445698 0.0224963 -0.894901
v 0.19882 -0.119927 0.35087
vn -0.000205737 0.0287993 -0.999585
v 0.18232 -0.127104 0.35043
vn -0.000836836 0.114056 -0.993474
v 0.180799 0.078172 0.365908
vn -0.755473 -0.00562214 0.655156
v 0.182269 -0.12005 0.350869
vn -0.527875 0.0204417 -0.849076
v 0.18227 -0.120447 0.365899
vn -0.527532 -0.02826 0.849065
v 0.197352 0.078295 0.365908
vn -0.00349601 0.471004 0.882124
v 0.197309 0.083981 0.362611
vn -0.00375195 0.505514 0.86281
v 0.180799 0.078172 0.365908
vn -0.00349601 0.471004 0.882124
v 0.197378 0.074831 0.350878
vn 0.999973 0.0074076 9.69202e-06
v 0.197352 0.078295 0.365908
vn 0.999973 0.0074076 9.69202e-06
v 0.19882 -0.119927 0.35087
vn 0.999973 0.0074076 9.69202e-06
v -0.18 0.21431 0.700705
vn 0.00736556 -0.994481 0.104659
v -0.167467 0.21092 0.66478
vn 0.00736556 -0.994481 0.104659
v -0.164816 0.21406 0.69697
vn 0.866834 -0.476424 -0.147035
v -0.164816 0.21406 0.69697
vn -0.866834 0.476424 0.147035
v -0.167467 0.21092 0.66478
vn -0.00736556 0.994481 -0.104659
v -0.18 0.21431 0.700705
vn -0.00736556 0.994481 -0.104659
v -0.149045 0.204817 0.743745
vn -0.00736631 0.994481 -0.104659
v -0.179899 0.200568 0.702275
vn -0.00736631 0.994481 -0.104659
v -0.162764 0.205487 0.751706
vn -0.00736631 0.994481 -0.104659
v -0.162764 0.205487 0.751706
vn 0.00736631 -0.994481 0.104659
v -0.179899 0.200568 0.702275
vn 0.00736631 -0.994481 0.104659
v -0.149045 0.204817 0.743745
vn 0.00736631 -0.994481 0.104659
v 0.0908855 0.228442 0.825776
vn 0.515301 0.093472 0.851897
v 0.0909875 0.2147 0.827347
vn 0.515301 0.093472 0.851897
v 0.129137 0.225534 0.792855
vn 0.719947 0.0779124 0.689642
v 0.129239 0.211791 0.794424
vn -0.00736582 0.994481 -0.104659
v 0.0830105 0.213242 0.812918
vn -0.00736582 0.994481 -0.104659
v 0.0909875 0.2147 0.827347
vn -0.00736582 0.994481 -0.104659
v 0.0909875 0.2147 0.827347
vn 0.00736582 -0.994481 0.104659
v 0.0830105 0.213242 0.812918
vn 0.00736582 -0.994481 0.104659
v 0.129239 0.211791 0.794424
vn 0.00736582 -0.994481 0.104659
v 0.11789 0.224325 0.781241
vn 0.007366 -0.994481 0.104658
v 0.129137 0.225534 0.792855
vn 0.007366 -0.994481 0.104658
v 0.0829085 0.226984 0.811347
vn 0.007366 -0.994481 0.104658
v 0.0829085 0.226984 0.811347
vn -0.007366 0.994481 -0.104658
v 0.129137 0.225534 0.792855
vn -0.007366 0.994481 -0.104658
v 0.11789 0.224325 0.781241
vn -0.007366 0.994481 -0.104658
v 0.117801 0.22429 0.780895
vn -0.00736463 0.994481 -0.104658
v 0.144196 0.220732 0.742176
vn -0.00736463 0.994481 -0.104658
v 0.143913 0.220679 0.741641
vn -0.00736463 0.994481 -0.104658
v 0.117932 0.218812 0.78187
vn -0.723254 -0.0775756 -0.686211
v 0.144196 0.220732 0.742176
vn 0.46581 -0.0892016 -0.880377
v 0.144238 0.21522 0.742807
vn 0.46581 -0.0892016 -0.880377
v 0.144238 0.21522 0.742807
vn -0.46581 0.0892016 0.880377
v 0.144196 0.220732 0.742176
vn -0.46581 0.0892016 0.880377
v 0.117932 0.218812 0.78187
vn 0.723254 0.0775756 0.686211
v 0.0829505 0.221472 0.811977
vn -0.513429 -0.0935754 -0.853015
v 0.11789 0.224325 0.781241
vn -0.721459 -0.0777585 -0.688077
v 0.117932 0.218812 0.78187
vn -0.721459 -0.0777585 -0.688077
v 0.117932 0.218812 0.78187
vn 0.721459 0.0777585 0.688077
v 0.11789 0.224325 0.781241
vn 0.721459 0.0777585 0.688077
v 0.0829505 0.221472 0.811977
vn 0.513429 0.0935754 0.853015
v 0.0829155 0.226968 0.811179
vn -0.00736695 0.994481 -0.10466
v 0.11789 0.224325 0.781241
vn -0.00736695 0.994481 -0.10466
v 0.117801 0.22429 0.780895
vn -0.00736695 0.994481 -0.10466
v -0.149107 0.213046 0.742804
vn 0.881668 -0.0429223 -0.469914
v -0.164816 0.21406 0.69697
vn 0.875487 -0.45863 -0.152253
v -0.149147 0.218559 0.742174
vn 0.79221 -0.482536 -0.37358
v -0.149147 0.218559 0.742174
vn -0.79221 0.482536 0.37358
v -0.164816 0.21406 0.69697
vn -0.875487 0.45863 0.152253
v -0.149107 0.213046 0.742804
vn -0.881668 0.0429223 0.469914
v -0.183977 0.162031 0.350879
vn -0.00701648 0.947455 -0.319812
v -0.183992 0.16385 0.357593
vn -0.00718181 0.969762 -0.243946
v -0.167426 0.162154 0.350879
vn -0.00701648 0.947455 -0.319812
v -0.183992 0.16385 0.357593
vn -0.999973 -0.00741302 -7.41743e-06
v -0.183977 0.162031 0.350879
vn -0.999973 -0.00741302 -7.41743e-06
v -0.184229 0.195528 0.650618
vn -0.999973 -0.00741302 -7.41743e-06
v -0.162866 0.219229 0.750135
vn -0.882696 0.0427138 0.468
v -0.18 0.21431 0.700705
vn -0.974365 0.0163959 0.224374
v -0.162764 0.205487 0.751706
vn -0.882696 0.0427138 0.468
v 0.19882 -0.119927 0.35087
vn -0.000175157 0.0254445 -0.999676
v 0.182269 -0.12005 0.350869
vn -0.4014 0.0200282 -0.915684
v 0.197378 0.074831 0.350878
vn 1.29746e-05 3.9593e-05 -1
v 0.180826 0.074708 0.350878
vn -0.754621 -0.0055643 -0.656137
v 0.182269 -0.12005 0.350869
vn -0.526432 0.0204778 -0.84997
v 0.180799 0.078172 0.365908
vn -0.754631 -0.00561625 0.656125
v 0.180757 0.083859 0.362611
vn -0.00375183 0.505513 0.862811
v 0.180799 0.078172 0.365908
vn -0.00349589 0.471003 0.882125
v 0.197309 0.083981 0.362611
vn -0.00375183 0.505513 0.862811
v 0.197309 0.083981 0.362611
vn 0.999973 0.00740786 7.85837e-06
v 0.197352 0.078295 0.365908
vn 0.999973 0.00740786 7.85837e-06
v 0.197327 0.081476 0.346503
vn 0.999973 0.00740786 7.85837e-06
v 0.197361 0.076975 0.349635
vn 0.999973 0.00740807 8.00169e-06
v 0.197352 0.078295 0.365908
vn 0.999973 0.00740807 8.00169e-06
v 0.197378 0.074831 0.350878
vn 0.999973 0.00740807 8.00169e-06
v -0.149147 0.218559 0.742174
vn 0.790981 -0.482785 -0.375856
v -0.122857 0.217029 0.781869
vn 0.724335 -0.0668497 -0.686199
v -0.149107 0.213046 0.742804
vn 0.88044 -0.0431706 -0.472187
v -0.149107 0.213046 0.742804
vn -0.88044 0.0431706 0.472187
v -0.122857 0.217029 0.781869
vn -0.724335 0.0668497 0.686199
v -0.149147 0.218559 0.742174
vn -0.790981 0.482785 0.375856
v -0.18 0.21431 0.700705
vn 0.00736553 -0.994481 0.10466
v -0.164816 0.21406 0.69697
vn 0.8633 -0.483265 -0.145495
v -0.149147 0.218559 0.742174
vn 0.780342 -0.50708 -0.365974
v -0.149147 0.218559 0.742174
vn -0.780342 0.50708 0.365974
v -0.164816 0.21406 0.69697
vn -0.8633 0.483265 0.145495
v -0.18 0.21431 0.700705
vn -0.00736553 0.994481 -0.10466
v -0.149045 0.204817 0.743745
vn -0.00736612 0.994481 -0.104659
v -0.162764 0.205487 0.751706
vn -0.00736612 0.994481 -0.104659
v -0.122795 0.208798 0.782808
vn -0.00736612 0.994481 -0.104659
v -0.122795 0.208798 0.782808
vn 0.00736612 -0.994481 0.104659
v -0.162764 0.205487 0.751706
vn 0.00736612 -0.994481 0.104659
v -0.149045 0.204817 0.743745
vn 0.00736612 -0.994481 0.104659
v 0.0909875 0.2147 0.827347
vn 0.509323 0.0938015 0.855448
v 0.0908855 0.228442 0.825776
vn 0.509323 0.0938015 0.855448
v 0.0460095 0.216378 0.848099
vn 0.268686 0.102784 0.957728
v 0.0829085 0.226984 0.811347
vn 0.00736627 -0.994481 0.104659
v 0.129137 0.225534 0.792855
vn 0.00736627 -0.994481 0.104659
v 0.0908855 0.228442 0.825776
vn 0.00736627 -0.994481 0.104659
v 0.0908855 0.228442 0.825776
vn -0.00736627 0.994481 -0.104659
v 0.129137 0.225534 0.792855
vn -0.00736627 0.994481 -0.104659
v 0.0829085 0.226984 0.811347
vn -0.00736627 0.994481 -0.104659
v 0.0909875 0.2147 0.827347
vn -0.0073663 0.994481 -0.104659
v 0.0830105 0.213242 0.812918
vn -0.0073663 0.994481 -0.104659
v 0.0624445 0.214009 0.822407
vn -0.280059 0.640427 -0.715136
v 0.0624445 0.214009 0.822407
vn 0.280059 -0.640427 0.715136
v 0.0830105 0.213242 0.812918
vn 0.0073663 -0.994481 0.104659
v 0.0909875 0.2147 0.827347
vn 0.0073663 -0.994481 0.104659
v 0.11789 0.224325 0.781241
vn -0.721459 -0.0777586 -0.688077
v 0.0829505 0.221472 0.811977
vn -0.513429 -0.0935755 -0.853015
v 0.0829085 0.226984 0.811347
vn -0.513429 -0.0935755 -0.853015
v 0.0829085 0.226984 0.811347
vn 0.513429 0.0935755 0.853015
v 0.0829505 0.221472 0.811977
vn 0.513429 0.0935755 0.853015
v 0.11789 0.224325 0.781241
vn 0.721459 0.0777586 0.688077
v 0.0829085 0.226984 0.811347
vn -0.00736571 0.994481 -0.104659
v 0.11789 0.224325 0.781241
vn -0.00736571 0.994481 -0.104659
v 0.0829155 0.226968 0.811179
vn -0.00736571 0.994481 -0.104659
v -0.18 0.21431 0.700705
vn 0.00736634 -0.994481 0.104659
v -0.149147 0.218559 0.742174
vn 0.779436 -0.50897 -0.365279
v -0.162866 0.219229 0.750135
vn 0.00736634 -0.994481 0.104659
v -0.162866 0.219229 0.750135
vn -0.00736634 0.994481 -0.104659
v -0.149147 0.218559 0.742174
vn -0.779436 0.50897 0.365279
v -0.18 0.21431 0.700705
vn -0.00736634 0.994481 -0.104659
v -0.162764 0.205487 0.751706
vn -0.879404 0.0433801 0.474096
v -0.13406 0.20984 0.794423
vn -0.725838 0.066674 0.684627
v -0.162866 0.219229 0.750135
vn -0.879404 0.0433801 0.474096
v 0.180826 0.074708 0.350878
vn -0.646661 -0.00476003 -0.762762
v 0.197378 0.074831 0.350878
vn 6.17724e-06 4.012e-05 -1
v 0.182269 -0.12005 0.350869
vn -0.401403 0.0200286 -0.915682
v 0.180809 0.076852 0.349635
vn -0.999973 -0.00740807 -8.00169e-06
v 0.180826 0.074708 0.350878
vn -0.707745 -0.00521501 -0.706449
v 0.180799 0.078172 0.365908
vn -0.707755 -0.00527093 0.706439
v 0.180757 0.083859 0.362611
vn -0.999973 -0.00740797 -8.0818e-06
v 0.180776 0.081354 0.346503
vn -0.999973 -0.00740797 -8.0818e-06
v 0.180799 0.078172 0.365908
vn -0.708897 -0.00527925 0.705292
v 0.197309 0.083981 0.362611
vn -0.00375394 0.505799 0.862643
v 0.197269 0.08941 0.358836
vn -0.00424687 0.572375 0.819981
v 0.180757 0.083859 0.362611
vn -0.00375394 0.505799 0.862643
v 0.197327 0.081476 0.346503
vn 0.999973 0.00740841 7.98225e-06
v 0.197352 0.078295 0.365908
vn 0.999973 0.00740841 7.98225e-06
v 0.197361 0.076975 0.349635
vn 0.999973 0.00740841 7.98225e-06
v 0.197297 0.085735 0.342995
vn 0.999973 0.0074076 7.93927e-06
v 0.197309 0.083981 0.362611
vn 0.999973 0.0074076 7.93927e-06
v 0.197327 0.081476 0.346503
vn 0.999973 0.0074076 7.93927e-06
v 0.197378 0.074831 0.350878
vn 0.003496 -0.471003 -0.882125
v 0.180826 0.074708 0.350878
vn 0.003496 -0.471003 -0.882125
v 0.197361 0.076975 0.349635
vn 0.0037526 -0.505602 -0.862758
v -0.122857 0.217029 0.781869
vn 0.724335 -0.0668498 -0.686199
v -0.149147 0.218559 0.742174
vn 0.790981 -0.482785 -0.375856
v -0.122898 0.222541 0.78124
vn 0.651467 -0.50395 -0.56712
v -0.122898 0.222541 0.78124
vn -0.651467 0.50395 0.56712
v -0.149147 0.218559 0.742174
vn -0.790981 0.482785 0.375856
v -0.122857 0.217029 0.781869
vn -0.724335 0.0668498 0.686199
v -0.122795 0.208798 0.782808
vn -0.00736652 0.994481 -0.104658
v -0.162764 0.205487 0.751706
vn -0.00736652 0.994481 -0.104658
v -0.13406 0.20984 0.794423
vn -0.00736652 0.994481 -0.104658
v -0.13406 0.20984 0.794423
vn 0.00736652 -0.994481 0.104658
v -0.162764 0.205487 0.751706
vn 0.00736652 -0.994481 0.104658
v -0.122795 0.208798 0.782808
vn 0.00736652 -0.994481 0.104658
v 0.0459075 0.230122 0.846529
vn 0.268687 0.102782 0.957728
v 0.0460095 0.216378 0.848099
vn 0.268687 0.102782 0.957728
v 0.0908855 0.228442 0.825776
vn 0.509323 0.0937994 0.855448
v 0.0909875 0.2147 0.827347
vn -0.0073661 0.994481 -0.104658
v 0.0418775 0.214777 0.831896
vn -0.237167 0.380478 -0.893862
v 0.0460095 0.216378 0.848099
vn -0.0073661 0.994481 -0.104658
v 0.0460095 0.216378 0.848099
vn 0.0073661 -0.994481 0.104658
v 0.0418775 0.214777 0.831896
vn 0.237167 -0.380478 0.893862
v 0.0909875 0.2147 0.827347
vn 0.0073661 -0.994481 0.104658
v 0.0829085 0.226984 0.811347
vn 0.00736616 -0.994481 0.104659
v 0.0908855 0.228442 0.825776
vn 0.00736616 -0.994481 0.104659
v 0.0417755 0.228519 0.830326
vn 0.00736616 -0.994481 0.104659
v 0.0417755 0.228519 0.830326
vn -0.00736616 0.994481 -0.104659
v 0.0908855 0.228442 0.825776
vn -0.00736616 0.994481 -0.104659
v 0.0829085 0.226984 0.811347
vn -0.00736616 0.994481 -0.104659
v 0.0909875 0.2147 0.827347
vn -0.00736615 0.994481 -0.10466
v 0.0624445 0.214009 0.822407
vn -0.280059 0.640428 -0.715136
v 0.0418775 0.214777 0.831896
vn -0.238825 0.367393 -0.89888
v 0.0418775 0.214777 0.831896
vn 0.238825 -0.367393 0.89888
v 0.0624445 0.214009 0.822407
vn 0.280059 -0.640428 0.715136
v 0.0909875 0.2147 0.827347
vn 0.00736615 -0.994481 0.10466
v 0.0623835 0.222239 0.821467
vn -0.392377 -0.0991433 -0.914445
v 0.0829085 0.226984 0.811347
vn -0.511755 -0.093667 -0.85401
v 0.0829505 0.221472 0.811977
vn -0.511755 -0.093667 -0.85401
v 0.0829505 0.221472 0.811977
vn 0.511755 0.093667 0.85401
v 0.0829085 0.226984 0.811347
vn 0.511755 0.093667 0.85401
v 0.0623835 0.222239 0.821467
vn 0.392377 0.0991433 0.914445
v 0.0417995 0.228515 0.830281
vn -0.00736581 0.994481 -0.104659
v 0.0829085 0.226984 0.811347
vn -0.00736581 0.994481 -0.104659
v 0.0829155 0.226968 0.811179
vn -0.00736581 0.994481 -0.104659
v -0.162866 0.219229 0.750135
vn 0.00736635 -0.994481 0.104659
v -0.149147 0.218559 0.742174
vn 0.780341 -0.50708 -0.365974
v -0.122898 0.222541 0.78124
vn 0.641363 -0.528163 -0.556504
v -0.122898 0.222541 0.78124
vn -0.641363 0.528163 0.556504
v -0.149147 0.218559 0.742174
vn -0.780341 0.50708 0.365974
v -0.162866 0.219229 0.750135
vn -0.00736635 0.994481 -0.104659
v -0.134162 0.223583 0.792852
vn -0.725838 0.0666739 0.684626
v -0.162866 0.219229 0.750135
vn -0.879404 0.04338 0.474097
v -0.13406 0.20984 0.794423
vn -0.725838 0.0666739 0.684626
v 0.180809 0.076852 0.349635
vn 0.0037526 -0.505602 -0.862758
v 0.197361 0.076975 0.349635
vn 0.0037526 -0.505602 -0.862758
v 0.180826 0.074708 0.350878
vn 0.003496 -0.471003 -0.882125
v 0.180776 0.081354 0.346503
vn -0.999973 -0.00740781 -8.03438e-06
v 0.180809 0.076852 0.349635
vn -0.999973 -0.00740781 -8.03438e-06
v 0.180799 0.078172 0.365908
vn -0.708492 -0.00527611 0.705699
v 0.180744 0.085612 0.342995
vn -0.999973 -0.00740831 -8.00728e-06
v 0.180776 0.081354 0.346503
vn -0.999973 -0.00740831 -8.00728e-06
v 0.180757 0.083859 0.362611
vn -0.999973 -0.00740831 -8.00728e-06
v 0.180717 0.089287 0.358836
vn -0.00424701 0.572375 0.819981
v 0.180757 0.083859 0.362611
vn -0.00375408 0.5058 0.862643
v 0.197269 0.08941 0.358836
vn -0.00424701 0.572375 0.819981
v 0.197269 0.08941 0.358836
vn 0.999973 0.00740854 8.02442e-06
v 0.197309 0.083981 0.362611
vn 0.999973 0.00740854 8.02442e-06
v 0.197297 0.085735 0.342995
vn 0.999973 0.00740854 8.02442e-06
v 0.197361 0.076975 0.349635
vn 0.00375389 -0.505776 -0.862657
v 0.180809 0.076852 0.349635
vn 0.00375389 -0.505776 -0.862657
v 0.197327 0.081476 0.346503
vn 0.00424718 -0.572399 -0.819964
v 0.197327 0.081476 0.346503
vn 0.00424872 -0.572624 -0.819807
v 0.180776 0.081354 0.346503
vn 0.00424872 -0.572624 -0.819807
v 0.197297 0.085735 0.342995
vn 0.0047151 -0.635654 -0.77196
v -0.122795 0.208798 0.782808
vn -0.00736637 0.994481 -0.104658
v -0.13406 0.20984 0.794423
vn -0.00736637 0.994481 -0.104658
v -0.0878585 0.211975 0.812916
vn -0.00736637 0.994481 -0.104658
v -0.0878585 0.211975 0.812916
vn 0.00736637 -0.994481 0.104658
v -0.13406 0.20984 0.794423
vn 0.00736637 -0.994481 0.104658
v -0.122795 0.208798 0.782808
vn 0.00736637 -0.994481 0.104658
v -0.122857 0.217029 0.781869
vn 0.722543 -0.0670583 -0.688066
v -0.0879605 0.225719 0.811346
vn 0.463991 -0.521047 -0.716396
v -0.0879185 0.220206 0.811976
vn 0.514774 -0.0859563 -0.853006
v -0.0879185 0.220206 0.811976
vn -0.514774 0.0859563 0.853006
v -0.0879605 0.225719 0.811346
vn -0.463991 0.521047 0.716396
v -0.122857 0.217029 0.781869
vn -0.722543 0.0670583 0.688066
v -0.0879605 0.225719 0.811346
vn 0.46399 -0.521049 -0.716395
v -0.122857 0.217029 0.781869
vn 0.722544 -0.0670595 -0.688065
v -0.122898 0.222541 0.78124
vn 0.649673 -0.50416 -0.568988
v -0.122898 0.222541 0.78124
vn -0.649673 0.50416 0.568988
v -0.122857 0.217029 0.781869
vn -0.722544 0.0670595 0.688065
v -0.0879605 0.225719 0.811346
vn -0.46399 0.521049 0.716395
v 0.0460095 0.216378 0.848099
vn 0.261975 0.102926 0.95957
v 0.0459075 0.230122 0.846529
vn 0.261975 0.102926 0.95957
v -0.0024545 0.216707 0.855186
vn 0.00269745 0.104681 0.994502
v 0.0417755 0.228519 0.830326
vn 0.0073664 -0.994481 0.104662
v 0.0908855 0.228442 0.825776
vn 0.0073664 -0.994481 0.104662
v 0.0459075 0.230122 0.846529
vn 0.0073664 -0.994481 0.104662
v 0.0459075 0.230122 0.846529
vn -0.0073664 0.994481 -0.104662
v 0.0908855 0.228442 0.825776
vn -0.0073664 0.994481 -0.104662
v 0.0417755 0.228519 0.830326
vn -0.0073664 0.994481 -0.104662
v 0.0460095 0.216378 0.848099
vn -0.00736594 0.994481 -0.104659
v 0.0418775 0.214777 0.831896
vn -0.238825 0.367393 -0.89888
v 0.0197175 0.214927 0.835137
vn -0.0987431 0.636534 -0.764902
v 0.0197175 0.214927 0.835137
vn 0.0987431 -0.636534 0.764902
v 0.0418775 0.214777 0.831896
vn 0.238825 -0.367393 0.89888
v 0.0460095 0.216378 0.848099
vn 0.00736594 -0.994481 0.104659
v 0.0623835 0.222239 0.821467
vn -0.392377 -0.099144 -0.914445
v 0.0417755 0.228519 0.830326
vn -0.266583 -0.102829 -0.958311
v 0.0829085 0.226984 0.811347
vn -0.5112 -0.0936982 -0.854339
v 0.0829085 0.226984 0.811347
vn 0.5112 0.0936982 0.854339
v 0.0417755 0.228519 0.830326
vn 0.266583 0.102829 0.958311
v 0.0623835 0.222239 0.821467
vn 0.392377 0.099144 0.914445
v 0.0417755 0.228519 0.830326
vn -0.00736589 0.994481 -0.104659
v 0.0829085 0.226984 0.811347
vn -0.00736589 0.994481 -0.104659
v 0.0417995 0.228515 0.830281
vn -0.00736589 0.994481 -0.104659
v 0.0624445 0.214009 0.822407
vn -0.284053 0.629128 -0.723541
v 0.0418775 0.214777 0.831896
vn -0.241505 0.353159 -0.903855
v 0.0623835 0.222239 0.821467
vn -0.392377 -0.0991429 -0.914446
v 0.0623835 0.222239 0.821467
vn 0.392377 0.0991429 0.914446
v 0.0418775 0.214777 0.831896
vn 0.241505 -0.353159 0.903855
v 0.0624445 0.214009 0.822407
vn 0.284053 -0.629128 0.723541
v -0.162866 0.219229 0.750135
vn 0.00736661 -0.994481 0.104659
v -0.122898 0.222541 0.78124
vn 0.640622 -0.530028 -0.555584
v -0.134162 0.223583 0.792852
vn 0.00736661 -0.994481 0.104659
v -0.134162 0.223583 0.792852
vn -0.00736661 0.994481 -0.104659
v -0.122898 0.222541 0.78124
vn -0.640622 0.530028 0.555584
v -0.162866 0.219229 0.750135
vn -0.00736661 0.994481 -0.104659
v -0.134162 0.223583 0.792852
vn -0.721033 0.0672365 0.689631
v -0.13406 0.20984 0.794423
vn -0.721033 0.0672365 0.689631
v -0.0959585 0.227059 0.825774
vn -0.516644 0.085827 0.851888
v 0.180776 0.081354 0.346503
vn 0.00424706 -0.572399 -0.819964
v 0.197327 0.081476 0.346503
vn 0.00424706 -0.572399 -0.819964
v 0.180809 0.076852 0.349635
vn 0.00375378 -0.505776 -0.862657
v 0.180744 0.085612 0.342995
vn 0.00471523 -0.635655 -0.771959
v 0.197297 0.085735 0.342995
vn 0.00471523 -0.635655 -0.771959
v 0.180776 0.081354 0.346503
vn 0.00424885 -0.572625 -0.819807
v 0.180717 0.089287 0.358836
vn -0.999973 -0.00740784 -7.95467e-06
v 0.180744 0.085612 0.342995
vn -0.999973 -0.00740784 -7.95467e-06
v 0.180757 0.083859 0.362611
vn -0.999973 -0.00740784 -7.95467e-06
v 0.197269 0.08941 0.358836
vn -0.00424903 0.572648 0.81979
v 0.197231 0.094544 0.354605
vn -0.00471508 0.635633 0.771977
v 0.180717 0.089287 0.358836
vn -0.00424903 0.572648 0.81979
v 0.197268 0.089723 0.33913
vn 0.999973 0.00740779 8.17763e-06
v 0.197269 0.08941 0.358836
vn 0.999973 0.00740779 8.17763e-06
v 0.197297 0.085735 0.342995
vn 0.999973 0.00740779 8.17763e-06
v -0.0878585 0.211975 0.812916
vn -0.00736569 0.994481 -0.10466
v -0.13406 0.20984 0.794423
vn -0.00736569 0.994481 -0.10466
v -0.0958565 0.213315 0.827345
vn -0.00736569 0.994481 -0.10466
v -0.0958565 0.213315 0.827345
vn 0.00736569 -0.994481 0.10466
v -0.13406 0.20984 0.794423
vn 0.00736569 -0.994481 0.10466
v -0.0878585 0.211975 0.812916
vn 0.00736569 -0.994481 0.10466
v -0.0468535 0.227863 0.830326
vn 0.243292 -0.5326 -0.810645
v -0.0879185 0.220206 0.811976
vn 0.512547 -0.0861126 -0.85433
v -0.0879605 0.225719 0.811346
vn 0.461761 -0.521203 -0.717721
v -0.0879605 0.225719 0.811346
vn -0.461761 0.521203 0.717721
v -0.0879185 0.220206 0.811976
vn -0.512547 0.0861126 0.85433
v -0.0468535 0.227863 0.830326
vn -0.243292 0.5326 0.810645
v -0.134162 0.223583 0.792852
vn 0.00736659 -0.994481 0.104659
v -0.122898 0.222541 0.78124
vn 0.641363 -0.528162 -0.556505
v -0.0879605 0.225719 0.811346
vn 0.456393 -0.544986 -0.703346
v -0.0879605 0.225719 0.811346
vn -0.456393 0.544986 0.703346
v -0.122898 0.222541 0.78124
vn -0.641363 0.528162 0.556505
v -0.134162 0.223583 0.792852
vn -0.00736659 0.994481 -0.104659
v -0.0025565 0.230449 0.853617
vn 0.00269735 0.10468 0.994502
v -0.0024545 0.216707 0.855186
vn 0.00269735 0.10468 0.994502
v 0.0459075 0.230122 0.846529
vn 0.261976 0.102925 0.95957
v 0.0460095 0.216378 0.848099
vn -0.00736578 0.994481 -0.104661
v -0.0509075 0.215661 0.848099
vn -0.00736578 0.994481 -0.104661
v -0.0024545 0.216707 0.855186
vn -0.00736578 0.994481 -0.104661
v -0.0024545 0.216707 0.855186
vn 0.00736578 -0.994481 0.104661
v -0.0509075 0.215661 0.848099
vn 0.00736578 -0.994481 0.104661
v 0.0460095 0.216378 0.848099
vn 0.00736578 -0.994481 0.104661
v 0.0417755 0.228519 0.830326
vn 0.00736582 -0.994481 0.104662
v 0.0459075 0.230122 0.846529
vn 0.00736582 -0.994481 0.104662
v -0.0025445 0.22882 0.836807
vn 0.00416477 -0.56141 -0.827528
v -0.0025445 0.22882 0.836807
vn -0.00416477 0.56141 0.827528
v 0.0459075 0.230122 0.846529
vn -0.00736582 0.994481 -0.104662
v 0.0417755 0.228519 0.830326
vn -0.00736582 0.994481 -0.104662
v 0.0197175 0.214927 0.835137
vn -0.100353 0.622517 -0.776146
v 0.0417755 0.228519 0.830326
vn -0.263776 -0.102889 -0.959081
v 0.0418775 0.214777 0.831896
vn -0.239249 0.351101 -0.905256
v 0.0418775 0.214777 0.831896
vn 0.239249 -0.351101 0.905256
v 0.0417755 0.228519 0.830326
vn 0.263776 0.102889 0.959081
v 0.0197175 0.214927 0.835137
vn 0.100353 -0.622517 0.776146
v 0.0460095 0.216378 0.848099
vn -0.007366 0.994481 -0.104659
v 0.0197175 0.214927 0.835137
vn -0.0987431 0.636535 -0.764901
v -0.0024425 0.215077 0.838378
vn -0.00270234 0.365795 -0.930691
v -0.0024425 0.215077 0.838378
vn 0.00270234 -0.365795 0.930691
v 0.0197175 0.214927 0.835137
vn 0.0987431 -0.636535 0.764901
v 0.0460095 0.216378 0.848099
vn 0.007366 -0.994481 0.104659
v 0.0417755 0.228519 0.830326
vn -0.266888 -0.102822 -0.958227
v 0.0623835 0.222239 0.821467
vn -0.392377 -0.0991437 -0.914446
v 0.0418775 0.214777 0.831896
vn -0.242365 0.351168 -0.9044
v 0.0418775 0.214777 0.831896
vn 0.242365 -0.351168 0.9044
v 0.0623835 0.222239 0.821467
vn 0.392377 0.0991437 0.914446
v 0.0417755 0.228519 0.830326
vn 0.266888 0.102822 0.958227
v -0.0025445 0.22882 0.836807
vn -0.00736595 0.994481 -0.104659
v 0.0417755 0.228519 0.830326
vn -0.00736595 0.994481 -0.104659
v 0.0417995 0.228515 0.830281
vn -0.00736595 0.994481 -0.104659
v -0.0958565 0.213315 0.827345
vn -0.516644 0.0858268 0.851888
v -0.0959585 0.227059 0.825774
vn -0.516644 0.0858268 0.851888
v -0.13406 0.20984 0.794423
vn -0.721033 0.0672364 0.689631
v -0.134162 0.223583 0.792852
vn 0.00736608 -0.994481 0.10466
v -0.0879605 0.225719 0.811346
vn 0.455871 -0.546833 -0.70225
v -0.0959585 0.227059 0.825774
vn 0.00736608 -0.994481 0.10466
v -0.0959585 0.227059 0.825774
vn -0.00736608 0.994481 -0.10466
v -0.0879605 0.225719 0.811346
vn -0.455871 0.546833 0.70225
v -0.134162 0.223583 0.792852
vn -0.00736608 0.994481 -0.10466
v 0.197297 0.085735 0.342995
vn 0.00471681 -0.635867 -0.771784
v 0.180744 0.085612 0.342995
vn 0.00471681 -0.635867 -0.771784
v 0.197268 0.089723 0.33913
vn 0.00515331 -0.6949 -0.719087
v 0.180715 0.089601 0.33913
vn -0.999973 -0.00740822 -7.87833e-06
v 0.180744 0.085612 0.342995
vn -0.999973 -0.00740822 -7.87833e-06
v 0.180717 0.089287 0.358836
vn -0.999973 -0.00740822 -7.87833e-06
v 0.18068 0.094422 0.354605
vn -0.00471492 0.635633 0.771977
v 0.180717 0.089287 0.358836
vn -0.00424888 0.572648 0.81979
v 0.197231 0.094544 0.354605
vn -0.00471492 0.635633 0.771977
v 0.197231 0.094544 0.354605
vn 0.999973 0.00740817 8.23662e-06
v 0.197269 0.08941 0.358836
vn 0.999973 0.00740817 8.23662e-06
v 0.197268 0.089723 0.33913
vn 0.999973 0.00740817 8.23662e-06
v -0.0878585 0.211975 0.812916
vn -0.00736625 0.994481 -0.10466
v -0.0958565 0.213315 0.827345
vn -0.00736625 0.994481 -0.10466
v -0.0673055 0.213048 0.822406
vn 0.270551 0.644506 -0.715132
v -0.0673055 0.213048 0.822406
vn -0.270551 -0.644506 0.715132
v -0.0958565 0.213315 0.827345
vn 0.00736625 -0.994481 0.10466
v -0.0878585 0.211975 0.812916
vn 0.00736625 -0.994481 0.10466
v -0.0879185 0.220206 0.811976
vn 0.513102 -0.0860755 -0.854001
v -0.0468535 0.227863 0.830326
vn 0.242426 -0.534443 -0.809692
v -0.0673665 0.221279 0.821466
vn 0.393818 -0.0933193 -0.914439
v -0.0673665 0.221279 0.821466
vn -0.393818 0.0933193 0.914439
v -0.0468535 0.227863 0.830326
vn -0.242426 0.534443 0.809692
v -0.0879185 0.220206 0.811976
vn -0.513102 0.0860755 0.854001
v -0.0959585 0.227059 0.825774
vn 0.00736541 -0.994481 0.10466
v -0.0879605 0.225719 0.811346
vn 0.456392 -0.544988 -0.703346
v -0.0468535 0.227863 0.830326
vn 0.23876 -0.556341 -0.795914
v -0.0468535 0.227863 0.830326
vn -0.23876 0.556341 0.795914
v -0.0879605 0.225719 0.811346
vn -0.456392 0.544988 0.703346
v -0.0959585 0.227059 0.825774
vn -0.00736541 0.994481 -0.10466
v -0.0024545 0.216707 0.855186
vn -0.00426245 0.104628 0.994502
v -0.0025565 0.230449 0.853617
vn -0.00426245 0.104628 0.994502
v -0.0509075 0.215661 0.848099
vn -0.263486 0.0990308 0.959566
v -0.0510095 0.229403 0.846528
vn 0.00736625 -0.994481 0.104656
v 0.0459075 0.230122 0.846529
vn 0.00736625 -0.994481 0.104656
v -0.0025565 0.230449 0.853617
vn 0.00736625 -0.994481 0.104656
v -0.0025565 0.230449 0.853617
vn -0.00736625 0.994481 -0.104656
v 0.0459075 0.230122 0.846529
vn -0.00736625 0.994481 -0.104656
v -0.0510095 0.229403 0.846528
vn -0.00736625 0.994481 -0.104656
v 0.0460095 0.216378 0.848099
vn -0.0073657 0.994481 -0.10466
v -0.0024425 0.215077 0.838378
vn -0.00282673 0.382621 -0.923901
v -0.0509075 0.215661 0.848099
vn -0.0073657 0.994481 -0.10466
v -0.0509075 0.215661 0.848099
vn 0.0073657 -0.994481 0.10466
v -0.0024425 0.215077 0.838378
vn 0.00282673 -0.382621 0.923901
v 0.0460095 0.216378 0.848099
vn 0.0073657 -0.994481 0.10466
v -0.0025445 0.22882 0.836807
vn 0.00420347 -0.566564 -0.824007
v 0.0459075 0.230122 0.846529
vn 0.00736635 -0.994481 0.104659
v -0.0510095 0.229403 0.846528
vn 0.00736635 -0.994481 0.104659
v -0.0510095 0.229403 0.846528
vn -0.00736635 0.994481 -0.104659
v 0.0459075 0.230122 0.846529
vn -0.00736635 0.994481 -0.104659
v -0.0025445 0.22882 0.836807
vn -0.00420347 0.566564 0.824007
v 0.0417755 0.228519 0.830326
vn -0.262255 -0.102922 -0.959494
v -0.0024425 0.215077 0.838378
vn -0.00574285 0.344564 -0.938745
v -0.0025445 0.22882 0.836807
vn 0.000752925 -0.532478 -0.846444
v -0.0025445 0.22882 0.836807
vn -0.000752925 0.532478 0.846444
v -0.0024425 0.215077 0.838378
vn 0.00574285 -0.344564 0.938745
v 0.0417755 0.228519 0.830326
vn 0.262255 0.102922 0.959494
v -0.0024425 0.215077 0.838378
vn -0.0041978 0.349511 -0.936923
v 0.0417755 0.228519 0.830326
vn -0.263776 -0.102888 -0.959081
v 0.0197175 0.214927 0.835137
vn -0.100353 0.622517 -0.776145
v 0.0197175 0.214927 0.835137
vn 0.100353 -0.622517 0.776145
v 0.0417755 0.228519 0.830326
vn 0.263776 0.102888 0.959081
v -0.0024425 0.215077 0.838378
vn 0.0041978 -0.349511 0.936923
v -0.0959585 0.227059 0.825774
vn -0.510672 0.0862451 0.855439
v -0.0958565 0.213315 0.827345
vn -0.510672 0.0862451 0.855439
v -0.0510095 0.229403 0.846528
vn -0.270195 0.0987904 0.957724
v 0.180715 0.089601 0.33913
vn 0.00515317 -0.6949 -0.719088
v 0.197268 0.089723 0.33913
vn 0.00515317 -0.6949 -0.719088
v 0.180744 0.085612 0.342995
vn 0.00471667 -0.635867 -0.771784
v 0.18068 0.094422 0.354605
vn -0.999973 -0.00740786 -7.83585e-06
v 0.180715 0.089601 0.33913
vn -0.999973 -0.00740786 -7.83585e-06
v 0.180717 0.089287 0.358836
vn -0.999973 -0.00740786 -7.83585e-06
v 0.197231 0.094544 0.354605
vn -0.00471681 0.635889 0.771766
v 0.197196 0.099353 0.349944
vn -0.005153 0.69488 0.719107
v 0.18068 0.094422 0.354605
vn -0.00471681 0.635889 0.771766
v 0.19724 0.093416 0.334934
vn 0.999973 0.00740855 8.04258e-06
v 0.197231 0.094544 0.354605
vn 0.999973 0.00740855 8.04258e-06
v 0.197268 0.089723 0.33913
vn 0.999973 0.00740855 8.04258e-06
v -0.0673665 0.221279 0.821466
vn 0.393818 -0.0933185 -0.914439
v -0.0468535 0.227863 0.830326
vn 0.242854 -0.533532 -0.810164
v -0.0673055 0.213048 0.822406
vn 0.274713 0.633267 -0.723537
v -0.0673055 0.213048 0.822406
vn -0.274713 -0.633267 0.723537
v -0.0468535 0.227863 0.830326
vn -0.242854 0.533532 0.810164
v -0.0673665 0.221279 0.821466
vn -0.393818 0.0933185 0.914439
v -0.0673055 0.213048 0.822406
vn 0.270551 0.644506 -0.715132
v -0.0958565 0.213315 0.827345
vn -0.00736625 0.994481 -0.10466
v -0.0467525 0.214121 0.831895
vn 0.23337 0.370892 -0.898876
v -0.0467525 0.214121 0.831895
vn -0.23337 -0.370892 0.898876
v -0.0958565 0.213315 0.827345
vn 0.00736625 -0.994481 0.10466
v -0.0673055 0.213048 0.822406
vn -0.270551 -0.644506 0.715132
v -0.0959585 0.227059 0.825774
vn 0.00736544 -0.994481 0.104659
v -0.0468535 0.227863 0.830326
vn 0.238496 -0.558174 -0.794709
v -0.0510095 0.229403 0.846528
vn 0.00736544 -0.994481 0.104659
v -0.0510095 0.229403 0.846528
vn -0.00736544 0.994481 -0.104659
v -0.0468535 0.227863 0.830326
vn -0.238496 0.558174 0.794709
v -0.0959585 0.227059 0.825774
vn -0.00736544 0.994481 -0.104659
v -0.0510095 0.229403 0.846528
vn -0.263487 0.0990345 0.959566
v -0.0509075 0.215661 0.848099
vn -0.263487 0.0990345 0.959566
v -0.0025565 0.230449 0.853617
vn -0.00426359 0.104632 0.994502
v -0.0467525 0.214121 0.831895
vn 0.231811 0.381912 -0.894654
v -0.0509075 0.215661 0.848099
vn -0.00736563 0.994481 -0.104659
v -0.0024425 0.215077 0.838378
vn -0.00278386 0.376847 -0.926271
v -0.0024425 0.215077 0.838378
vn 0.00278386 -0.376847 0.926271
v -0.0509075 0.215661 0.848099
vn 0.00736563 -0.994481 0.104659
v -0.0467525 0.214121 0.831895
vn -0.231811 -0.381912 0.894654
v -0.0510095 0.229403 0.846528
vn 0.00736624 -0.994481 0.104659
v -0.0468535 0.227863 0.830326
vn 0.238761 -0.55634 -0.795914
v -0.0025445 0.22882 0.836807
vn 0.00416518 -0.561406 -0.82753
v -0.0025445 0.22882 0.836807
vn -0.00416518 0.561406 0.82753
v -0.0468535 0.227863 0.830326
vn -0.238761 0.55634 0.795914
v -0.0510095 0.229403 0.846528
vn -0.00736624 0.994481 -0.104659
v -0.0467525 0.214121 0.831895
vn 0.233167 0.349632 -0.907409
v -0.0025445 0.22882 0.836807
vn 0.00714838 -0.53243 -0.846444
v -0.0024425 0.215077 0.838378
vn 0.000652618 0.344611 -0.938745
v -0.0024425 0.215077 0.838378
vn -0.000652618 -0.344611 0.938745
v -0.0025445 0.22882 0.836807
vn -0.00714838 0.53243 0.846444
v -0.0467525 0.214121 0.831895
vn -0.233167 -0.349632 0.907409
v -0.0509075 0.215661 0.848099
vn -0.270195 0.0987907 0.957724
v -0.0510095 0.229403 0.846528
vn -0.270195 0.0987907 0.957724
v -0.0958565 0.213315 0.827345
vn -0.510672 0.0862454 0.855439
v 0.197268 0.089723 0.33913
vn 0.00515464 -0.695099 -0.718896
v 0.180715 0.089601 0.33913
vn 0.00515464 -0.695099 -0.718896
v 0.19724 0.093416 0.334934
vn 0.00555922 -0.749764 -0.661682
v 0.180688 0.093294 0.334934
vn -0.999973 -0.00740769 -7.94204e-06
v 0.180715 0.089601 0.33913
vn -0.999973 -0.00740769 -7.94204e-06
v 0.18068 0.094422 0.354605
vn -0.999973 -0.00740769 -7.94204e-06
v 0.180643 0.099231 0.349944
vn -0.005153 0.69488 0.719107
v 0.18068 0.094422 0.354605
vn -0.00471681 0.635889 0.771766
v 0.197196 0.099353 0.349944
vn -0.005153 0.69488 0.719107
v 0.197196 0.099353 0.349944
vn 0.999973 0.00740756 8.03566e-06
v 0.197231 0.094544 0.354605
vn 0.999973 0.00740756 8.03566e-06
v 0.197214 0.096791 0.330432
vn 0.999973 0.00740756 8.03566e-06
v 0.197214 0.096791 0.330432
vn 0.999973 0.0074081 8.06458e-06
v 0.197231 0.094544 0.354605
vn 0.999973 0.0074081 8.06458e-06
v 0.19724 0.093416 0.334934
vn 0.999973 0.0074081 8.06458e-06
v -0.0673055 0.213048 0.822406
vn 0.275672 0.630635 -0.725469
v -0.0468535 0.227863 0.830326
vn 0.243716 -0.531699 -0.811109
v -0.0467525 0.214121 0.831895
vn 0.23715 0.354722 -0.904396
v -0.0467525 0.214121 0.831895
vn -0.23715 -0.354722 0.904396
v -0.0468535 0.227863 0.830326
vn -0.243716 0.531699 0.811109
v -0.0673055 0.213048 0.822406
vn -0.275672 -0.630635 0.725469
v -0.0467525 0.214121 0.831895
vn 0.231517 0.383952 -0.893857
v -0.0958565 0.213315 0.827345
vn -0.00736666 0.994481 -0.104659
v -0.0509075 0.215661 0.848099
vn -0.00736666 0.994481 -0.104659
v -0.0509075 0.215661 0.848099
vn 0.00736666 -0.994481 0.104659
v -0.0958565 0.213315 0.827345
vn 0.00736666 -0.994481 0.104659
v -0.0467525 0.214121 0.831895
vn -0.231517 -0.383952 0.893857
v -0.0025445 0.22882 0.836807
vn 0.00714763 -0.53243 -0.846444
v -0.0467525 0.214121 0.831895
vn 0.233167 0.349634 -0.907408
v -0.0468535 0.227863 0.830326
vn 0.239663 -0.527409 -0.815108
v -0.0468535 0.227863 0.830326
vn -0.239663 0.527409 0.815108
v -0.0467525 0.214121 0.831895
vn -0.233167 -0.349634 0.907408
v -0.0025445 0.22882 0.836807
vn -0.00714763 0.53243 0.846444
v 0.180688 0.093294 0.334934
vn 0.00555922 -0.749764 -0.661682
v 0.19724 0.093416 0.334934
vn 0.00555922 -0.749764 -0.661682
v 0.180715 0.089601 0.33913
vn 0.00515464 -0.695099 -0.718896
v 0.180662 0.096669 0.330432
vn -0.999973 -0.00740794 -7.93227e-06
v 0.180688 0.093294 0.334934
vn -0.999973 -0.00740794 -7.93227e-06
v 0.18068 0.094422 0.354605
vn -0.999973 -0.00740794 -7.93227e-06
v 0.180643 0.099231 0.349944
vn -0.999973 -0.00740826 -7.93534e-06
v 0.180662 0.096669 0.330432
vn -0.999973 -0.00740826 -7.93534e-06
v 0.18068 0.094422 0.354605
vn -0.999973 -0.00740826 -7.93534e-06
v 0.197196 0.099353 0.349944
vn -0.00515476 0.695119 0.718876
v 0.197161 0.103807 0.344885
vn -0.00555905 0.749745 0.661704
v 0.180643 0.099231 0.349944
vn -0.00515476 0.695119 0.718876
v 0.197191 0.099827 0.325655
vn 0.999973 0.00740836 7.92968e-06
v 0.197196 0.099353 0.349944
vn 0.999973 0.00740836 7.92968e-06
v 0.197214 0.096791 0.330432
vn 0.999973 0.00740836 7.92968e-06
v 0.19724 0.093416 0.334934
vn 0.00556056 -0.749946 -0.661476
v 0.180688 0.093294 0.334934
vn 0.00556056 -0.749946 -0.661476
v 0.197214 0.096791 0.330432
vn 0.00593025 -0.799901 -0.600102
v 0.180662 0.096669 0.330432
vn 0.00593025 -0.799901 -0.600102
v 0.197214 0.096791 0.330432
vn 0.00593025 -0.799901 -0.600102
v 0.180688 0.093294 0.334934
vn 0.00556056 -0.749946 -0.661476
v 0.180641 0.099704 0.325655
vn -0.999973 -0.00740765 -8.03088e-06
v 0.180662 0.096669 0.330432
vn -0.999973 -0.00740765 -8.03088e-06
v 0.180643 0.099231 0.349944
vn -0.999973 -0.00740765 -8.03088e-06
v 0.18061 0.103684 0.344885
vn -0.00555924 0.749745 0.661704
v 0.180643 0.099231 0.349944
vn -0.00515495 0.695119 0.718876
v 0.197161 0.103807 0.344885
vn -0.00555924 0.749745 0.661704
v 0.197161 0.103807 0.344885
vn 0.999973 0.00740879 7.90137e-06
v 0.197196 0.099353 0.349944
vn 0.999973 0.00740879 7.90137e-06
v 0.197191 0.099827 0.325655
vn 0.999973 0.00740879 7.90137e-06
v 0.197214 0.096791 0.330432
vn 0.00593147 -0.800066 -0.599882
v 0.180662 0.096669 0.330432
vn 0.00593147 -0.800066 -0.599882
v 0.197191 0.099827 0.325655
vn 0.00626334 -0.844992 -0.534742
v 0.180641 0.099704 0.325655
vn 0.00626352 -0.844992 -0.534742
v 0.197191 0.099827 0.325655
vn 0.00626352 -0.844992 -0.534742
v 0.180662 0.096669 0.330432
vn 0.00593165 -0.800067 -0.599882
v 0.18061 0.103684 0.344885
vn -0.999973 -0.0074081 -8.05864e-06
v 0.180641 0.099704 0.325655
vn -0.999973 -0.0074081 -8.05864e-06
v 0.180643 0.099231 0.349944
vn -0.999973 -0.0074081 -8.05864e-06
v 0.197161 0.103807 0.344885
vn -0.00556087 0.749965 0.661455
v 0.197132 0.107876 0.339458
vn -0.0059303 0.799884 0.600125
v 0.18061 0.103684 0.344885
vn -0.00556087 0.749965 0.661455
v 0.197171 0.102503 0.320631
vn 0.999973 0.00740821 8.00602e-06
v 0.197161 0.103807 0.344885
vn 0.999973 0.00740821 8.00602e-06
v 0.197191 0.099827 0.325655
vn 0.999973 0.00740821 8.00602e-06
v 0.197191 0.099827 0.325655
vn 0.00626461 -0.84514 -0.534509
v 0.180641 0.099704 0.325655
vn 0.00626461 -0.84514 -0.534509
v 0.197171 0.102503 0.320631
vn 0.00655756 -0.884757 -0.466007
v 0.18062 0.102381 0.320631
vn -0.999973 -0.00740821 -8.00644e-06
v 0.180641 0.099704 0.325655
vn -0.999973 -0.00740821 -8.00644e-06
v 0.18061 0.103684 0.344885
vn -0.999973 -0.00740821 -8.00644e-06
v 0.18058 0.107754 0.339458
vn -0.0059301 0.799884 0.600125
v 0.18061 0.103684 0.344885
vn -0.00556067 0.749964 0.661455
v 0.197132 0.107876 0.339458
vn -0.0059301 0.799884 0.600125
v 0.197132 0.107876 0.339458
vn 0.999973 0.00740704 8.14237e-06
v 0.197161 0.103807 0.344885
vn 0.999973 0.00740704 8.14237e-06
v 0.197155 0.104804 0.315393
vn 0.999973 0.00740704 8.14237e-06
v 0.197155 0.104804 0.315393
vn 0.999973 0.00740714 8.06585e-06
v 0.197161 0.103807 0.344885
vn 0.999973 0.00740714 8.06585e-06
v 0.197171 0.102503 0.320631
vn 0.999973 0.00740714 8.06585e-06
v 0.18062 0.102381 0.320631
vn 0.00655738 -0.884757 -0.466007
v 0.197171 0.102503 0.320631
vn 0.00655738 -0.884757 -0.466007
v 0.180641 0.099704 0.325655
vn 0.00626443 -0.84514 -0.534509
v 0.180604 0.104681 0.315393
vn -0.999973 -0.00740801 -8.01576e-06
v 0.18062 0.102381 0.320631
vn -0.999973 -0.00740801 -8.01576e-06
v 0.18061 0.103684 0.344885
vn -0.999973 -0.00740801 -8.01576e-06
v 0.18058 0.107754 0.339458
vn -0.999973 -0.00740791 -8.02421e-06
v 0.180604 0.104681 0.315393
vn -0.999973 -0.00740791 -8.02421e-06
v 0.18061 0.103684 0.344885
vn -0.999973 -0.00740791 -8.02421e-06
v 0.197132 0.107876 0.339458
vn -0.00593157 0.800083 0.599859
v 0.197104 0.111537 0.333697
vn -0.0062632 0.844977 0.534766
v 0.18058 0.107754 0.339458
vn -0.00593157 0.800083 0.599859
v 0.197141 0.106715 0.309974
vn 0.999973 0.0074079 8.01937e-06
v 0.197132 0.107876 0.339458
vn 0.999973 0.0074079 8.01937e-06
v 0.197155 0.104804 0.315393
vn 0.999973 0.0074079 8.01937e-06
v 0.197171 0.102503 0.320631
vn 0.00655833 -0.884885 -0.465763
v 0.18062 0.102381 0.320631
vn 0.00655833 -0.884885 -0.465763
v 0.197155 0.104804 0.315393
vn 0.00681045 -0.918941 -0.394335
v 0.180604 0.104681 0.315393
vn 0.00681064 -0.918942 -0.394335
v 0.197155 0.104804 0.315393
vn 0.00681064 -0.918942 -0.394335
v 0.18062 0.102381 0.320631
vn 0.00655852 -0.884885 -0.465763
v 0.180589 0.106592 0.309974
vn -0.999973 -0.00740791 -8.01814e-06
v 0.180604 0.104681 0.315393
vn -0.999973 -0.00740791 -8.01814e-06
v 0.18058 0.107754 0.339458
vn -0.999973 -0.00740791 -8.01814e-06
v 0.180553 0.111414 0.333696
vn -0.00626356 0.844977 0.534765
v 0.18058 0.107754 0.339458
vn -0.00593193 0.800084 0.599859
v 0.197104 0.111537 0.333697
vn -0.00626356 0.844977 0.534765
v 0.197104 0.111537 0.333697
vn 0.999973 0.00740902 7.91565e-06
v 0.197132 0.107876 0.339458
vn 0.999973 0.00740902 7.91565e-06
v 0.19713 0.108224 0.304405
vn 0.999973 0.00740902 7.91565e-06
v 0.19713 0.108224 0.304405
vn 0.999973 0.00740895 7.97168e-06
v 0.197132 0.107876 0.339458
vn 0.999973 0.00740895 7.97168e-06
v 0.197141 0.106715 0.309974
vn 0.999973 0.00740895 7.97168e-06
v 0.197155 0.104804 0.315393
vn 0.00681145 -0.91905 -0.394082
v 0.180604 0.104681 0.315393
vn 0.00681145 -0.91905 -0.394082
v 0.197141 0.106715 0.309974
vn 0.00702071 -0.947333 -0.320174
v 0.180589 0.106592 0.309974
vn 0.00702071 -0.947333 -0.320174
v 0.197141 0.106715 0.309974
vn 0.00702071 -0.947333 -0.320174
v 0.180604 0.104681 0.315393
vn 0.00681145 -0.91905 -0.394082
v 0.180579 0.108101 0.304405
vn -0.999973 -0.00740788 -8.01679e-06
v 0.180589 0.106592 0.309974
vn -0.999973 -0.00740788 -8.01679e-06
v 0.18058 0.107754 0.339458
vn -0.999973 -0.00740788 -8.01679e-06
v 0.180553 0.111414 0.333696
vn -0.999973 -0.00740797 -8.0443e-06
v 0.180579 0.108101 0.304405
vn -0.999973 -0.00740797 -8.0443e-06
v 0.18058 0.107754 0.339458
vn -0.999973 -0.00740797 -8.0443e-06
v 0.197104 0.111537 0.333697
vn -0.00626486 0.845155 0.534485
v 0.19708 0.114764 0.327639
vn -0.00655761 0.884744 0.466032
v 0.180553 0.111414 0.333696
vn -0.00626486 0.845155 0.534485
v 0.197122 0.109377 0.298432
vn 0.999973 0.00740752 8.07563e-06
v 0.197104 0.111537 0.333697
vn 0.999973 0.00740752 8.07563e-06
v 0.19713 0.108224 0.304405
vn 0.999973 0.00740752 8.07563e-06
v 0.197141 0.106715 0.309974
vn 0.00702137 -0.947421 -0.319913
v 0.180589 0.106592 0.309974
vn 0.00702137 -0.947421 -0.319913
v 0.19713 0.108224 0.304405
vn 0.0071858 -0.969749 -0.243997
v 0.180579 0.108101 0.304405
vn 0.0071858 -0.969749 -0.243997
v 0.19713 0.108224 0.304405
vn 0.0071858 -0.969749 -0.243997
v 0.180589 0.106592 0.309974
vn 0.00702137 -0.947421 -0.319913
v 0.18057 0.109254 0.298432
vn -0.999973 -0.00740752 -8.07563e-06
v 0.180579 0.108101 0.304405
vn -0.999973 -0.00740752 -8.07563e-06
v 0.180553 0.111414 0.333696
vn -0.999973 -0.00740752 -8.07563e-06
v 0.18053 0.114642 0.327639
vn -0.00655726 0.884743 0.466032
v 0.180553 0.111414 0.333696
vn -0.00626452 0.845154 0.534485
v 0.19708 0.114764 0.327639
vn -0.00655726 0.884743 0.466032
v 0.19708 0.114764 0.327639
vn 0.999973 0.00740972 8.29152e-06
v 0.197104 0.111537 0.333697
vn 0.999973 0.00740972 8.29152e-06
v 0.196798 0.15336 0.0150496
vn 0.999973 0.00740972 8.29152e-06
v 0.196798 0.15336 0.0150496
vn 0.999973 0.00741535 9.1695e-06
v 0.197104 0.111537 0.333697
vn 0.999973 0.00741535 9.1695e-06
v 0.197122 0.109377 0.298432
vn 0.999973 0.00741535 9.1695e-06
v 0.19713 0.108224 0.304405
vn 0.00718632 -0.969818 -0.243722
v 0.180579 0.108101 0.304405
vn 0.00718632 -0.969818 -0.243722
v 0.197122 0.109377 0.298432
vn 0.00727997 -0.982568 -0.185762
v 0.18057 0.109254 0.298432
vn 0.00727997 -0.982568 -0.185762
v 0.197122 0.109377 0.298432
vn 0.00727997 -0.982568 -0.185762
v 0.180579 0.108101 0.304405
vn 0.00718632 -0.969818 -0.243722
v 0.180246 0.153238 0.0150496
vn -0.999972 -0.00741652 -9.0914e-06
v 0.18057 0.109254 0.298432
vn -0.999972 -0.00741652 -9.0914e-06
v 0.180553 0.111414 0.333696
vn -0.999972 -0.00741652 -9.0914e-06
v 0.18053 0.114642 0.327639
vn -0.999973 -0.00740926 -8.13333e-06
v 0.180246 0.153238 0.0150496
vn -0.999973 -0.00740926 -8.13333e-06
v 0.180553 0.111414 0.333696
vn -0.999973 -0.00740926 -8.13333e-06
v 0.19708 0.114764 0.327639
vn -0.0065584 0.884899 0.465738
v 0.19706 0.117538 0.321323
vn -0.00681035 0.91893 0.394361
v 0.18053 0.114642 0.327639
vn -0.0065584 0.884899 0.465738
v 0.19706 0.117538 0.321323
vn 0.999973 0.00740252 7.3153e-06
v 0.19708 0.114764 0.327639
vn 0.999973 0.00740252 7.3153e-06
v 0.196798 0.15336 0.0150496
vn 0.999973 0.00740252 7.3153e-06
v 0.197122 0.109377 0.298432
vn 0.00728726 -0.98312 -0.182819
v 0.18057 0.109254 0.298432
vn 0.00728726 -0.98312 -0.182819
v 0.196798 0.15336 0.0150496
vn 0.00737816 -0.995392 -0.0956004
v 0.180246 0.153238 0.0150496
vn 0.00736928 -0.995392 -0.0956016
v 0.196798 0.15336 0.0150496
vn 0.00736928 -0.995392 -0.0956016
v 0.18057 0.109254 0.298432
vn 0.00727838 -0.98312 -0.18282
v 0.180508 0.117416 0.321323
vn -0.999973 -0.00741353 -8.71276e-06
v 0.180246 0.153238 0.0150496
vn -0.999973 -0.00741353 -8.71276e-06
v 0.18053 0.114642 0.327639
vn -0.999973 -0.00741353 -8.71276e-06
v 0.180508 0.117416 0.321323
vn -0.00681035 0.91893 0.394361
v 0.18053 0.114642 0.327639
vn -0.0065584 0.884899 0.465738
v 0.19706 0.117538 0.321323
vn -0.00681035 0.91893 0.394361
v 0.197043 0.119842 0.314787
vn 0.999973 0.00740783 7.98643e-06
v 0.19706 0.117538 0.321323
vn 0.999973 0.00740783 7.98643e-06
v 0.196798 0.15336 0.0150496
vn 0.999973 0.00740783 7.98643e-06
v 0.196798 0.15336 0.0150496
vn 0.00738312 -0.996552 -0.0826396
v 0.180246 0.153238 0.0150496
vn 0.00738312 -0.996552 -0.0826396
v 0.196798 0.153361 1.95076e-05
vn 0.00740766 -0.999973 -4.02871e-05
v 0.180492 0.11972 0.314787
vn -0.999973 -0.00739692 -6.60201e-06
v 0.180246 0.153238 0.0150496
vn -0.999973 -0.00739692 -6.60201e-06
v 0.180508 0.117416 0.321323
vn -0.999973 -0.00739692 -6.60201e-06
v 0.19706 0.117538 0.321323
vn -0.00681131 0.919061 0.394056
v 0.197043 0.119842 0.314787
vn -0.00702042 0.947324 0.320201
v 0.180508 0.117416 0.321323
vn -0.00681131 0.919061 0.394056
v 0.19703 0.121661 0.308073
vn 0.999973 0.00740338 7.44402e-06
v 0.197043 0.119842 0.314787
vn 0.999973 0.00740338 7.44402e-06
v 0.196798 0.15336 0.0150496
vn 0.999973 0.00740338 7.44402e-06
v 0.180246 0.153239 1.95076e-05
vn 0.00740766 -0.999973 -4.02871e-05
v 0.196798 0.153361 1.95076e-05
vn 0.00740766 -0.999973 -4.02871e-05
v 0.180246 0.153238 0.0150496
vn 0.00738312 -0.996552 -0.0826396
v 0.196798 0.153361 1.95076e-05
vn 0.999973 0.00740784 7.93394e-06
v 0.196676 0.169734 2.06075e-05
vn 0.999973 0.00740784 7.93394e-06
v 0.196798 0.15336 0.0150496
vn 0.999973 0.00740784 7.93394e-06
v 0.180478 0.121539 0.308073
vn -0.999973 -0.00741386 -8.67569e-06
v 0.180246 0.153238 0.0150496
vn -0.999973 -0.00741386 -8.67569e-06
v 0.180492 0.11972 0.314787
vn -0.999973 -0.00741386 -8.67569e-06
v 0.180492 0.11972 0.314787
vn -0.00702042 0.947324 0.320201
v 0.180508 0.117416 0.321323
vn -0.00681131 0.919061 0.394056
v 0.197043 0.119842 0.314787
vn -0.00702042 0.947324 0.320201
v 0.197043 0.119842 0.314787
vn -0.00702121 0.94743 0.319886
v 0.19703 0.121661 0.308073
vn -0.00718552 0.969743 0.244024
v 0.180492 0.11972 0.314787
vn -0.00702121 0.94743 0.319886
v 0.197021 0.122984 0.301224
vn 0.999973 0.00741053 8.29102e-06
v 0.19703 0.121661 0.308073
vn 0.999973 0.00741053 8.29102e-06
v 0.196798 0.15336 0.0150496
vn 0.999973 0.00741053 8.29102e-06
v 0.180246 0.153239 1.95076e-05
vn -0.999973 -0.00740785 -7.93395e-06
v 0.180246 0.153238 0.0150496
vn -0.999973 -0.00740785 -7.93395e-06
v 0.180124 0.16961 2.06075e-05
vn -0.999973 -0.00740785 -7.93395e-06
v 0.196676 0.169734 2.06075e-05
vn 0.999973 0.00740635 7.77349e-06
v 0.197021 0.122984 0.301224
vn 0.999973 0.00740635 7.77349e-06
v 0.196798 0.15336 0.0150496
vn 0.999973 0.00740635 7.77349e-06
v 0.180469 0.122861 0.301224
vn -0.999973 -0.00740007 -7.06196e-06
v 0.180246 0.153238 0.0150496
vn -0.999973 -0.00740007 -7.06196e-06
v 0.180478 0.121539 0.308073
vn -0.999973 -0.00740007 -7.06196e-06
v 0.180478 0.121539 0.308073
vn -0.00718552 0.969743 0.244024
v 0.180492 0.11972 0.314787
vn -0.00702121 0.94743 0.319886
v 0.19703 0.121661 0.308073
vn -0.00718552 0.969743 0.244024
v 0.19703 0.121661 0.308073
vn -0.00718612 0.969824 0.243702
v 0.197021 0.122984 0.301224
vn -0.00727972 0.982566 0.185773
v 0.180478 0.121539 0.308073
vn -0.00718612 0.969824 0.243702
v 0.180124 0.16961 2.06075e-05
vn -0.999973 -0.00740602 -7.23515e-06
v 0.180246 0.153238 0.0150496
vn -0.999973 -0.00740602 -7.23515e-06
v 0.180469 0.122861 0.301224
vn -0.999973 -0.00740602 -7.23515e-06
v 0.197021 0.122984 0.301224
vn -0.00728764 0.983148 0.182667
v 0.196676 0.169734 2.06075e-05
vn -0.00730942 0.986074 0.166144
v 0.180469 0.122861 0.301224
vn -0.00728764 0.983148 0.182667
v 0.180469 0.122861 0.301224
vn -0.00727997 0.982566 0.185772
v 0.180478 0.121539 0.308073
vn -0.00718637 0.969824 0.243702
v 0.197021 0.122984 0.301224
vn -0.00727997 0.982566 0.185772
v 0.180124 0.16961 2.06075e-05
vn -0.00731864 0.986074 0.166144
v 0.180469 0.122861 0.301224
vn -0.00729686 0.983148 0.182666
v 0.196676 0.169734 2.06075e-05
vn -0.00731864 0.986074 0.166144
v 0.182711 -0.21922 0.319255
vn 0.00740678 -0.999973 -4.86027e-05
v -0.181134 -0.221917 0.373154
vn -0.562133 -0.60253 0.566537
v 0.166159 -0.219342 0.319255
vn 0.00740678 -0.999973 -4.86027e-05
v 0.182711 -0.21922 0.319255
vn 6.97127e-06 4.00056e-05 -1
v 0.180209 0.118503 0.31927
vn 0.57161 0.58066 -0.579738
v 0.183004 -0.219217 0.319255
vn 0.580475 -0.571416 -0.580114
v 0.166159 -0.219342 0.319255
vn 0.00740779 -0.999973 -4.31073e-05
v -0.181134 -0.221917 0.373154
vn -0.386238 -0.834786 0.392368
v -0.164582 -0.221792 0.319251
vn 0.00740779 -0.999973 -4.31073e-05
v 0.183004 -0.219217 0.319255
vn 0.581597 -0.573086 -0.577336
v -0.181134 -0.221917 0.373154
vn -0.572865 -0.582009 0.577141
v 0.182711 -0.21922 0.319255
vn 0.00740965 -0.999973 -2.78716e-05
v 0.180209 0.118503 0.31927
vn 0.831603 0.396155 -0.389228
v 0.180209 0.118501 0.373172
vn 0.831599 0.396126 0.389266
v 0.183004 -0.219217 0.319255
vn 0.837764 -0.382614 -0.389561
v -0.181134 -0.221915 0.319251
vn -0.685743 -0.727844 -3.45028e-05
v -0.164582 -0.221792 0.319251
vn 0.0074087 -0.999973 -4.00066e-05
v -0.181134 -0.221917 0.373154
vn -0.562128 -0.602529 0.566543
v 0.183003 -0.219219 0.373157
vn 0.384725 -0.841882 0.378447
v -0.181134 -0.221917 0.373154
vn -0.372066 -0.84762 0.378295
v 0.183004 -0.219217 0.319255
vn 0.384729 -0.841852 -0.37851
v 0.183003 -0.219219 0.373157
vn 0.837758 -0.382645 0.389544
v 0.183004 -0.219217 0.319255
vn 0.837766 -0.382617 -0.389553
v 0.180209 0.118501 0.373172
vn 0.831596 0.396123 0.389274
v 0.180209 0.118501 0.373172
vn 0.372031 0.847615 0.378341
v 0.180209 0.118503 0.31927
vn 0.372037 0.847645 -0.378268
v -0.183636 0.115805 0.373169
vn -0.3847 0.841877 0.378482
v -0.181134 -0.221915 0.319251
vn -0.759414 -0.650608 -3.10475e-05
v -0.181134 -0.221917 0.373154
vn -0.651201 -0.539064 0.534179
v -0.181628 -0.155044 0.357821
vn -0.999973 -0.00740727 -7.10945e-06
v 0.183003 -0.219219 0.373157
vn 0.106145 -0.104542 0.98884
v 0.180209 0.118501 0.373172
vn 0.10453 0.106149 0.988841
v -0.181134 -0.221917 0.373154
vn -0.104573 -0.106167 0.988834
v -0.183636 0.115805 0.373169
vn -0.381865 0.844438 0.375638
v 0.180209 0.118503 0.31927
vn 0.369169 0.850166 -0.375408
v -0.183636 0.115808 0.318229
vn 0.263921 0.959664 0.0969045
v -0.183636 0.115805 0.373169
vn -0.106208 0.104598 0.988827
v -0.181134 -0.221917 0.373154
vn -0.104647 -0.106241 0.988818
v 0.180209 0.118501 0.373172
vn 0.104603 0.106223 0.988825
v -0.181628 -0.155044 0.357821
vn -0.999973 -0.00740833 -9.84969e-06
v -0.181134 -0.221917 0.373154
vn -0.581475 -0.57746 0.573085
v -0.181686 -0.147443 0.361318
vn -0.999973 -0.00740833 -9.84969e-06
v -0.181576 -0.162228 0.353403
vn -0.999973 -0.00740825 -7.4994e-06
v -0.181134 -0.221915 0.319251
vn -0.702184 -0.711995 -3.34886e-05
v -0.181628 -0.155044 0.357821
vn -0.999973 -0.00740825 -7.4994e-06
v -0.181375 -0.189298 0.318624
vn -0.999973 -0.00740798 -8.75973e-06
v -0.181134 -0.221915 0.319251
vn -0.702622 -0.711564 -3.47354e-05
v -0.181378 -0.188839 0.319914
vn -0.999973 -0.00740798 -8.75973e-06
v -0.183635 0.115808 0.314783
vn 0.557702 0.610616 0.562243
v -0.183636 0.115808 0.318229
vn 0.429191 0.88968 0.155769
v 0.180209 0.118503 0.31927
vn 0.557538 0.610972 -0.562018
v -0.183636 0.115808 0.318229
vn 0.444997 0.880726 0.162172
v -0.183628 0.114718 0.321319
vn -0.00898255 0.918978 0.394208
v -0.183636 0.115805 0.373169
vn -0.583054 0.572301 0.576646
v -0.183636 0.115805 0.373169
vn -0.636292 0.543121 0.547862
v -0.181865 -0.123145 0.365896
vn -0.0883979 -0.0292115 0.995657
v -0.181134 -0.221917 0.373154
vn -0.628178 -0.55253 0.547817
v -0.181686 -0.147443 0.361318
vn -0.999973 -0.00740773 -5.84396e-06
v -0.181134 -0.221917 0.373154
vn -0.579852 -0.57827 0.573912
v -0.181744 -0.139522 0.36385
vn -0.999973 -0.00740773 -5.84396e-06
v -0.181526 -0.168899 0.348123
vn -0.999973 -0.00740847 -7.05979e-06
v -0.181134 -0.221915 0.319251
vn -0.703439 -0.710756 -3.30081e-05
v -0.181576 -0.162228 0.353403
vn -0.999973 -0.00740847 -7.05979e-06
v -0.181378 -0.188839 0.319914
vn -0.999973 -0.00740799 -7.43005e-06
v -0.181134 -0.221915 0.319251
vn -0.706553 -0.70766 -3.32774e-05
v -0.181406 -0.185007 0.327853
vn -0.999973 -0.00740799 -7.43005e-06
v -0.183628 0.114718 0.321319
vn -0.0122764 0.918941 0.394203
v -0.183607 0.111944 0.327636
vn -0.0120234 0.884767 0.465878
v -0.183636 0.115805 0.373169
vn -0.585227 0.571186 0.575548
v -0.181805 -0.131388 0.365383
vn -0.999973 -0.00740798 -7.58969e-06
v -0.181134 -0.221917 0.373154
vn -0.575736 -0.580317 0.575987
v -0.181865 -0.123145 0.365896
vn -0.00380409 -0.0286974 0.999581
v -0.183336 0.075475 0.365905
vn -0.0540489 0.242027 0.968763
v -0.181865 -0.123145 0.365896
vn -0.0520405 -0.0290158 0.998223
v -0.183636 0.115805 0.373169
vn -0.614816 0.555381 0.559958
v -0.181744 -0.139522 0.36385
vn -0.999973 -0.00740822 -1.04764e-05
v -0.181134 -0.221917 0.373154
vn -0.577934 -0.579229 0.574879
v -0.181805 -0.131388 0.365383
vn -0.999973 -0.00740822 -1.04764e-05
v -0.181481 -0.174971 0.342051
vn -0.999973 -0.00740803 -7.94105e-06
v -0.181134 -0.221915 0.319251
vn -0.704513 -0.709691 -3.38557e-05
v -0.181526 -0.168899 0.348123
vn -0.999973 -0.00740803 -7.94105e-06
v -0.181406 -0.185007 0.327853
vn -0.999973 -0.00740769 -8.88509e-06
v -0.181134 -0.221915 0.319251
vn -0.706078 -0.708134 -3.47515e-05
v -0.181442 -0.180364 0.335263
vn -0.999973 -0.00740769 -8.88509e-06
v -0.183173 0.053437 0.314781
vn -0.999973 -0.00740774 -8.36729e-06
v -0.182853 0.010214 0.314779
vn -0.999973 -0.00740774 -8.36729e-06
v -0.183311 0.07201 0.350875
vn -0.0564825 -0.000378285 -0.998404
v -0.181488 -0.173974 0.318328
vn -0.999973 -0.00740791 -5.19346e-06
v -0.181495 -0.173112 0.320113
vn -0.999973 -0.00740791 -5.19346e-06
v -0.182853 0.010214 0.314779
vn -0.999973 -0.00740791 -5.19346e-06
v -0.183607 0.111944 0.327636
vn -0.0127369 0.884758 0.465876
v -0.183582 0.108716 0.333694
vn -0.0124429 0.845004 0.534615
v -0.183636 0.115805 0.373169
vn -0.585696 0.570945 0.57531
v -0.183379 0.081162 0.362608
vn -0.0100732 0.5056 0.862709
v -0.183336 0.075475 0.365905
vn -0.00812631 0.242694 0.970069
v -0.183636 0.115805 0.373169
vn -0.585789 0.570898 0.575263
v -0.183535 0.102198 0.314783
vn -0.999973 -0.00740893 -7.73052e-06
v -0.183173 0.053437 0.314781
vn -0.999973 -0.00740893 -7.73052e-06
v -0.183311 0.07201 0.350875
vn -0.0636928 -0.000432978 -0.997969
v -0.181632 -0.154713 0.340751
vn -0.999973 -0.00740796 -8.52293e-06
v -0.182853 0.010214 0.314779
vn -0.999973 -0.00740796 -8.52293e-06
v -0.181591 -0.160101 0.336486
vn -0.999973 -0.00740796 -8.52293e-06
v -0.181674 -0.14891 0.344319
vn -0.999973 -0.00740789 -7.97181e-06
v -0.182853 0.010214 0.314779
vn -0.999973 -0.00740789 -7.97181e-06
v -0.181632 -0.154713 0.340751
vn -0.999973 -0.00740789 -7.97181e-06
v -0.181442 -0.180364 0.335263
vn -0.999973 -0.00740801 -7.97567e-06
v -0.181134 -0.221915 0.319251
vn -0.705397 -0.708812 -3.38619e-05
v -0.181481 -0.174971 0.342051
vn -0.999973 -0.00740801 -7.97567e-06
v -0.181591 -0.160101 0.336486
vn -0.999973 -0.00740837 -1.21649e-05
v -0.182853 0.010214 0.314779
vn -0.999973 -0.00740837 -1.21649e-05
v -0.181554 -0.165006 0.331581
vn -0.999973 -0.00740837 -1.21649e-05
v -0.183311 0.07201 0.350875
vn -0.247035 -0.00179035 -0.969005
v -0.182853 0.010214 0.314779
vn -0.999973 -0.00740715 -9.18946e-06
v -0.181869 -0.122748 0.350866
vn -0.24724 0.0259502 -0.968607
v -0.181523 -0.169362 0.326099
vn -0.999973 -0.00740801 -9.22053e-06
v -0.182853 0.010214 0.314779
vn -0.999973 -0.00740801 -9.22053e-06
v -0.181495 -0.173112 0.320113
vn -0.999973 -0.00740801 -9.22053e-06
v -0.183582 0.108716 0.333694
vn -0.0129846 0.844997 0.534613
v -0.183555 0.105056 0.339454
vn -0.0126516 0.799916 0.599978
v -0.183636 0.115805 0.373169
vn -0.586052 0.570762 0.575129
v -0.183418 0.086589 0.358834
vn -0.0110687 0.572448 0.819866
v -0.183379 0.081162 0.362608
vn -0.0105737 0.505594 0.862706
v -0.183636 0.115805 0.373169
vn -0.586118 0.570728 0.575096
v -0.183326 0.074155 0.349632
vn -0.999973 -0.00740811 -8.07519e-06
v -0.183535 0.102198 0.314783
vn -0.999973 -0.00740811 -8.07519e-06
v -0.183311 0.07201 0.350875
vn -0.00143991 2.91682e-05 -0.999999
v -0.183533 0.101984 0.31539
vn -0.999973 -0.00740791 -7.96236e-06
v -0.183535 0.102198 0.314783
vn -0.999973 -0.00740791 -7.96236e-06
v -0.183516 0.099684 0.320629
vn -0.999973 -0.00740791 -7.96236e-06
v -0.181719 -0.14277 0.347145
vn -0.999973 -0.0074074 -5.04354e-06
v -0.182853 0.010214 0.314779
vn -0.999973 -0.0074074 -5.04354e-06
v -0.181674 -0.14891 0.344319
vn -0.999973 -0.0074074 -5.04354e-06
v -0.181768 -0.136372 0.349189
vn -0.999973 -0.00740868 -1.15613e-05
v -0.182853 0.010214 0.314779
vn -0.999973 -0.00740868 -1.15613e-05
v -0.181719 -0.14277 0.347145
vn -0.999973 -0.00740868 -1.15613e-05
v -0.181554 -0.165006 0.331581
vn -0.999973 -0.00740782 -5.87534e-06
v -0.182853 0.010214 0.314779
vn -0.999973 -0.00740782 -5.87534e-06
v -0.181523 -0.169362 0.326099
vn -0.999973 -0.00740782 -5.87534e-06
v -0.181869 -0.122748 0.350866
vn -0.0115514 0.028581 -0.999525
v -0.182853 0.010214 0.314779
vn -0.999973 -0.00740894 -1.2049e-05
v -0.181816 -0.129802 0.350427
vn -0.999973 -0.00740894 -1.2049e-05
v -0.183555 0.105056 0.339454
vn -0.0130226 0.799911 0.599977
v -0.183526 0.100987 0.344883
vn -0.0126516 0.749783 0.661562
v -0.183636 0.115805 0.373169
vn -0.586295 0.570637 0.575006
v -0.181816 -0.129802 0.350427
vn -0.999973 -0.00740712 -4.28316e-06
v -0.182853 0.010214 0.314779
vn -0.999973 -0.00740712 -4.28316e-06
v -0.181768 -0.136372 0.349189
vn -0.999973 -0.00740712 -4.28316e-06
v -0.183456 0.091724 0.354602
vn -0.0118691 0.635692 0.771852
v -0.183418 0.086589 0.358834
vn -0.0114011 0.572444 0.819865
v -0.183636 0.115805 0.373169
vn -0.586336 0.570616 0.574985
v -0.183361 0.078657 0.3465
vn -0.999973 -0.00740879 -8.65338e-06
v -0.183535 0.102198 0.314783
vn -0.999973 -0.00740879 -8.65338e-06
v -0.183326 0.074155 0.349632
vn -0.999973 -0.00740879 -8.65338e-06
v -0.183516 0.099684 0.320629
vn -0.999973 -0.00740796 -7.97528e-06
v -0.183535 0.102198 0.314783
vn -0.999973 -0.00740796 -7.97528e-06
v -0.183496 0.097006 0.325653
vn -0.999973 -0.00740796 -7.97528e-06
v -0.183526 0.100987 0.344883
vn -0.0128482 0.749781 0.661562
v -0.183492 0.096533 0.349942
vn -0.0124422 0.694927 0.718973
v -0.183636 0.115805 0.373169
vn -0.586424 0.57057 0.57494
v -0.183391 0.082915 0.342992
vn -0.999973 -0.00740741 -7.5425e-06
v -0.183535 0.102198 0.314783
vn -0.999973 -0.00740741 -7.5425e-06
v -0.183361 0.078657 0.3465
vn -0.999973 -0.00740741 -7.5425e-06
v -0.183492 0.096533 0.349942
vn -0.0124621 0.694927 0.718973
v -0.183456 0.091724 0.354602
vn -0.0120241 0.63569 0.771851
v -0.183636 0.115805 0.373169
vn -0.586437 0.570563 0.574934
v -0.183496 0.097006 0.325653
vn -0.999973 -0.00740771 -7.83693e-06
v -0.183535 0.102198 0.314783
vn -0.999973 -0.00740771 -7.83693e-06
v -0.183473 0.093971 0.33043
vn -0.999973 -0.00740771 -7.83693e-06
v -0.183422 0.086903 0.339127
vn -0.999973 -0.00740845 -8.31892e-06
v -0.183535 0.102198 0.314783
vn -0.999973 -0.00740845 -8.31892e-06
v -0.183391 0.082915 0.342992
vn -0.999973 -0.00740845 -8.31892e-06
v -0.183473 0.093971 0.33043
vn -0.999973 -0.00740798 -7.98336e-06
v -0.183535 0.102198 0.314783
vn -0.999973 -0.00740798 -7.98336e-06
v -0.183449 0.090596 0.334931
vn -0.999973 -0.00740798 -7.98336e-06
v -0.183449 0.090596 0.334931
vn -0.999973 -0.00740773 -7.82288e-06
v -0.183535 0.102198 0.314783
vn -0.999973 -0.00740773 -7.82288e-06
v -0.183422 0.086903 0.339127
vn -0.999973 -0.00740773 -7.82288e-06
v 0.163272 0.170447 0.365372
vn -0.573536 -0.518016 0.634599
v 0.163392 0.154137 0.367234
vn -0.684366 0.697736 0.211679
v 0.16329 0.167934 0.365659
vn -0.562083 -0.502893 0.656629
v 0.16329 0.167934 0.365659
vn 0.562083 0.502893 -0.656629
v 0.163392 0.154137 0.367234
vn 0.684366 -0.697736 -0.211679
v 0.163272 0.170447 0.365372
vn 0.573536 0.518016 -0.634599
v 0.163272 0.170447 0.365372
vn -0.504684 -0.43604 0.745092
v -0.167225 0.135075 0.36913
vn 0.503596 0.581664 0.638794
v 0.163392 0.154137 0.367234
vn -0.633681 0.666588 0.392566
v 0.163392 0.154137 0.367234
vn 0.633681 -0.666588 -0.392566
v -0.167225 0.135075 0.36913
vn -0.503596 -0.581664 -0.638794
v 0.163272 0.170447 0.365372
vn 0.504684 0.43604 -0.745092
v 0.163239 0.174708 0.409333
vn -0.444054 -0.887807 0.120895
v 0.163272 0.170447 0.365372
vn -0.576236 -0.516834 0.633115
v 0.16329 0.167934 0.365659
vn -0.564836 -0.50177 0.655124
v 0.16329 0.167934 0.365659
vn 0.564836 0.50177 -0.655124
v 0.163272 0.170447 0.365372
vn 0.576236 0.516834 -0.633115
v 0.163239 0.174708 0.409333
vn 0.444054 0.887807 -0.120895
v 0.163392 0.154137 0.367234
vn -0.816764 0.551953 0.16806
v 0.163308 0.165179 0.654383
vn -0.943015 0.329956 -0.0430265
v 0.163064 0.1981 0.650622
vn -0.972985 0.226501 -0.0446875
v 0.163064 0.1981 0.650622
vn 0.972985 -0.226501 0.0446875
v 0.163308 0.165179 0.654383
vn 0.943015 -0.329956 0.0430265
v 0.163392 0.154137 0.367234
vn 0.816764 -0.551953 -0.16806
v 0.163272 0.170447 0.365372
vn -0.503463 -0.434617 0.746748
v -0.167349 0.151688 0.367232
vn 0.622673 0.67514 0.395557
v -0.167225 0.135075 0.36913
vn 0.502372 0.580619 0.640706
v -0.167225 0.135075 0.36913
vn -0.502372 -0.580619 -0.640706
v -0.167349 0.151688 0.367232
vn -0.622673 -0.67514 -0.395557
v 0.163272 0.170447 0.365372
vn 0.503463 0.434617 -0.746748
v 0.163392 0.154137 0.367234
vn -0.632609 0.665853 0.395532
v -0.167225 0.135075 0.36913
vn 0.502372 0.580631 0.640695
v 0.163514 0.137525 0.369133
vn -0.510928 0.573125 0.640687
v 0.163514 0.137525 0.369133
vn 0.510928 -0.573125 -0.640687
v -0.167225 0.135075 0.36913
vn -0.502372 -0.580631 -0.640695
v 0.163392 0.154137 0.367234
vn 0.632609 -0.665853 -0.395532
v -0.167502 0.172259 0.40933
vn 0.306649 -0.944444 0.118288
v 0.163272 0.170447 0.365372
vn -0.413967 -0.759687 0.501504
v 0.163239 0.174708 0.409333
vn -0.292627 -0.948883 0.118283
v 0.163239 0.174708 0.409333
vn 0.292627 0.948883 -0.118283
v 0.163272 0.170447 0.365372
vn 0.413967 0.759687 -0.501504
v -0.167502 0.172259 0.40933
vn -0.306649 0.944444 -0.118288
v 0.163308 0.165179 0.654383
vn -0.925183 0.376354 -0.0489326
v 0.163392 0.154137 0.367234
vn -0.762594 0.618922 0.18811
v 0.163514 0.137525 0.369133
vn -0.681247 0.566982 0.46307
v 0.163514 0.137525 0.369133
vn 0.681247 -0.566982 -0.46307
v 0.163392 0.154137 0.367234
vn 0.762594 -0.618922 -0.18811
v 0.163308 0.165179 0.654383
vn 0.925183 -0.376354 0.0489326
v 0.162973 0.166701 0.670113
vn -0.899846 0.425688 -0.0952243
v 0.163064 0.1981 0.650622
vn -0.952603 0.298473 -0.0588368
v 0.163308 0.165179 0.654383
vn -0.90127 0.429607 -0.0561257
v 0.163308 0.165179 0.654383
vn 0.90127 -0.429607 0.0561257
v 0.163064 0.1981 0.650622
vn 0.952603 -0.298473 0.0588368
v 0.162973 0.166701 0.670113
vn 0.899846 -0.425688 0.0952243
v -0.16767 0.194694 0.640759
vn 0.00736584 -0.994481 0.104661
v 0.163239 0.174708 0.409333
vn -0.113196 -0.987317 0.111318
v 0.163071 0.197144 0.640762
vn 0.00736584 -0.994481 0.104661
v 0.163071 0.197144 0.640762
vn -0.00736584 0.994481 -0.104661
v 0.163239 0.174708 0.409333
vn 0.113196 0.987317 -0.111318
v -0.16767 0.194694 0.640759
vn -0.00736584 0.994481 -0.104661
v 0.163272 0.170447 0.365372
vn -0.514929 -0.447997 0.730854
v -0.167451 0.165483 0.365656
vn 0.509278 -0.425447 0.748085
v -0.167349 0.151688 0.367232
vn 0.632399 0.68204 0.367278
v -0.167349 0.151688 0.367232
vn -0.632399 -0.68204 -0.367278
v -0.167451 0.165483 0.365656
vn -0.509278 0.425447 -0.748085
v 0.163272 0.170447 0.365372
vn 0.514929 0.447997 -0.730854
v -0.167349 0.151688 0.367232
vn 0.753349 0.630139 0.188124
v -0.167433 0.162729 0.65438
vn 0.919512 0.390007 -0.0489168
v -0.167225 0.135075 0.36913
vn 0.672775 0.577001 0.463081
v -0.167225 0.135075 0.36913
vn -0.672775 -0.577001 -0.463081
v -0.167433 0.162729 0.65438
vn -0.919512 -0.390007 0.0489168
v -0.167349 0.151688 0.367232
vn -0.753349 -0.630139 -0.188124
v -0.167433 0.162729 0.65438
vn 0.216998 0.970566 -0.104464
v 0.163514 0.137525 0.369133
vn -0.148136 0.988257 0.0374722
v -0.167225 0.135075 0.36913
vn 0.133479 0.990343 0.0374742
v -0.167225 0.135075 0.36913
vn -0.133479 -0.990343 -0.0374742
v 0.163514 0.137525 0.369133
vn 0.148136 -0.988257 -0.0374722
v -0.167433 0.162729 0.65438
vn -0.216998 -0.970566 0.104464
v 0.163272 0.170447 0.365372
vn -0.413964 -0.759684 0.501512
v -0.167502 0.172259 0.40933
vn 0.306649 -0.944443 0.118296
v -0.16747 0.167997 0.365368
vn 0.425162 -0.753469 0.50152
v -0.16747 0.167997 0.365368
vn -0.425162 0.753469 -0.50152
v -0.167502 0.172259 0.40933
vn -0.306649 0.944443 -0.118296
v 0.163272 0.170447 0.365372
vn 0.413964 0.759684 -0.501512
v -0.167502 0.172259 0.40933
vn 0.127806 -0.985532 0.111316
v 0.163239 0.174708 0.409333
vn -0.113198 -0.987317 0.111314
v -0.16767 0.194694 0.640759
vn 0.0073636 -0.994481 0.104657
v -0.16767 0.194694 0.640759
vn -0.0073636 0.994481 -0.104657
v 0.163239 0.174708 0.409333
vn 0.113198 0.987317 -0.111314
v -0.167502 0.172259 0.40933
vn -0.127806 0.985532 -0.111316
v 0.163064 0.1981 0.650622
vn -0.952603 0.298473 -0.0588367
v 0.162973 0.166701 0.670113
vn -0.899846 0.425687 -0.0952241
v 0.162731 0.199623 0.666353
vn -0.998409 -0.0131662 -0.054837
v 0.162731 0.199623 0.666353
vn 0.998409 0.0131662 0.054837
v 0.162973 0.166701 0.670113
vn 0.899846 -0.425687 0.0952241
v 0.163064 0.1981 0.650622
vn 0.952603 -0.298473 0.0588367
v 0.163004 0.20633 0.649681
vn 0.891992 0.45056 -0.0366915
v 0.162731 0.199623 0.666353
vn 0.99971 0.00972404 0.02203
v 0.163064 0.1981 0.650622
vn 0.951599 -0.0446077 -0.304089
v 0.163064 0.1981 0.650622
vn -0.951599 0.0446077 0.304089
v 0.162731 0.199623 0.666353
vn -0.99971 -0.00972404 -0.02203
v 0.163004 0.20633 0.649681
vn -0.891992 -0.45056 0.0366915
v 0.163514 0.137525 0.369133
vn -0.148136 0.988257 0.0374722
v -0.167433 0.162729 0.65438
vn 0.216998 0.970566 -0.104464
v 0.163308 0.165179 0.654383
vn -0.231351 0.967245 -0.104468
v 0.163308 0.165179 0.654383
vn 0.231351 -0.967245 0.104468
v -0.167433 0.162729 0.65438
vn -0.216998 -0.970566 0.104464
v 0.163514 0.137525 0.369133
vn 0.148136 -0.988257 -0.0374722
v 0.163308 0.165179 0.654383
vn -0.818901 0.569692 -0.0696594
v -0.167121 0.164256 0.670111
vn 0.809077 0.57809 -0.105863
v 0.162973 0.166701 0.670113
vn -0.81755 0.566041 -0.105876
v 0.162973 0.166701 0.670113
vn 0.81755 -0.566041 0.105876
v -0.167121 0.164256 0.670111
vn -0.809077 -0.57809 0.105863
v 0.163308 0.165179 0.654383
vn 0.818901 -0.569692 0.0696594
v -0.16767 0.194694 0.640759
vn 0.000783203 -0.104667 -0.994507
v 0.16301 0.205374 0.639821
vn -0.00423621 0.57273 -0.819733
v 0.163071 0.197144 0.640762
vn 0.000783203 -0.104667 -0.994507
v 0.163071 0.197144 0.640762
vn -0.000783203 0.104667 0.994507
v 0.16301 0.205374 0.639821
vn 0.00423621 -0.57273 0.819733
v -0.16767 0.194694 0.640759
vn -0.000783203 0.104667 0.994507
v 0.163005 0.206241 0.648756
vn 0.889287 0.45491 -0.0471722
v -0.167737 0.203827 0.649125
vn -0.91037 0.248592 -0.330801
v 0.163004 0.206277 0.649127
vn 0.906592 0.262052 -0.330787
v 0.163004 0.206277 0.649127
vn -0.906592 -0.262052 0.330787
v -0.167737 0.203827 0.649125
vn 0.91037 -0.248592 0.330801
v 0.163005 0.206241 0.648756
vn -0.889287 -0.45491 0.0471722
v 0.163004 0.20633 0.649681
vn 0.891069 0.452362 -0.0369466
v 0.163064 0.1981 0.650622
vn 0.951133 -0.0448455 -0.305508
v 0.163004 0.206277 0.649127
vn 0.907817 0.257897 -0.330692
v 0.163004 0.206277 0.649127
vn -0.907817 -0.257897 0.330692
v 0.163064 0.1981 0.650622
vn -0.951133 0.0448455 0.305508
v 0.163004 0.20633 0.649681
vn -0.891069 -0.452362 0.0369466
v 0.16301 0.205374 0.639821
vn -0.00505062 0.682522 -0.730848
v -0.167737 0.20379 0.648752
vn -0.853575 0.518037 -0.0551973
v 0.163005 0.206241 0.648756
vn 0.845807 0.530627 -0.0551843
v 0.163005 0.206241 0.648756
vn -0.845807 -0.530627 0.0551843
v -0.167737 0.20379 0.648752
vn 0.853575 -0.518037 0.0551973
v 0.16301 0.205374 0.639821
vn 0.00505062 -0.682522 0.730848
v -0.167451 0.165483 0.365656
vn 0.558205 -0.481377 0.675784
v 0.163272 0.170447 0.365372
vn -0.56267 -0.504794 0.654664
v -0.16747 0.167997 0.365368
vn 0.570073 -0.496405 0.654675
v -0.16747 0.167997 0.365368
vn -0.570073 0.496405 -0.654675
v 0.163272 0.170447 0.365372
vn 0.56267 0.504794 -0.654664
v -0.167451 0.165483 0.365656
vn -0.558205 0.481377 -0.675784
v -0.167433 0.162729 0.65438
vn 0.938026 0.343885 -0.0430104
v -0.167349 0.151688 0.367232
vn 0.808498 0.563987 0.168076
v -0.167677 0.19565 0.650619
vn 0.969525 0.240886 -0.0446717
v -0.167677 0.19565 0.650619
vn -0.969525 -0.240886 0.0446717
v -0.167349 0.151688 0.367232
vn -0.808498 -0.563987 -0.168076
v -0.167433 0.162729 0.65438
vn -0.938026 -0.343885 0.0430104
v -0.167502 0.172259 0.40933
vn 0.457158 -0.88113 0.120902
v -0.167451 0.165483 0.365656
vn 0.572197 -0.493346 0.655134
v -0.16747 0.167997 0.365368
vn 0.583817 -0.508242 0.633125
v -0.16747 0.167997 0.365368
vn -0.583817 0.508242 -0.633125
v -0.167451 0.165483 0.365656
vn -0.572197 0.493346 -0.655134
v -0.167502 0.172259 0.40933
vn -0.457158 0.88113 -0.120902
v 0.160278 0.169802 0.702303
vn -0.881879 0.406043 -0.239622
v 0.162731 0.199623 0.666353
vn -0.998301 -0.0133623 -0.0567129
v 0.162973 0.166701 0.670113
vn -0.903385 0.417829 -0.0965106
v 0.162973 0.166701 0.670113
vn 0.903385 -0.417829 0.0965106
v 0.162731 0.199623 0.666353
vn 0.998301 0.0133623 0.0567129
v 0.160278 0.169802 0.702303
vn 0.881879 -0.406043 0.239622
v 0.162731 0.199623 0.666353
vn 0.99971 0.00972406 0.02203
v 0.163004 0.20633 0.649681
vn 0.891992 0.45056 -0.0366915
v 0.162669 0.207853 0.665412
vn 0.704073 0.707745 -0.0581279
v 0.162669 0.207853 0.665412
vn -0.704073 -0.707745 0.0581279
v 0.163004 0.20633 0.649681
vn -0.891992 -0.45056 0.0366915
v 0.162731 0.199623 0.666353
vn -0.99971 -0.00972406 -0.02203
v 0.163308 0.165179 0.654383
vn -0.818738 0.569923 -0.0696832
v -0.167433 0.162729 0.65438
vn 0.810206 0.58199 -0.0696705
v -0.167121 0.164256 0.670111
vn 0.80891 0.57832 -0.10588
v -0.167121 0.164256 0.670111
vn -0.80891 -0.57832 0.10588
v -0.167433 0.162729 0.65438
vn -0.810206 -0.58199 0.0696705
v 0.163308 0.165179 0.654383
vn 0.818738 -0.569923 0.0696832
v 0.162973 0.166701 0.670113
vn -0.734798 0.668981 -0.111967
v -0.167121 0.164256 0.670111
vn 0.724809 0.679793 -0.111955
v -0.164471 0.167397 0.702301
vn 0.705963 0.668905 -0.232771
v -0.164471 0.167397 0.702301
vn -0.705963 -0.668905 0.232771
v -0.167121 0.164256 0.670111
vn -0.724809 -0.679793 0.111955
v 0.162973 0.166701 0.670113
vn 0.734798 -0.668981 0.111967
v 0.16301 0.205374 0.639821
vn -0.00423657 0.572733 -0.819731
v -0.16767 0.194694 0.640759
vn 0.00078278 -0.104654 -0.994508
v -0.16773 0.202925 0.639818
vn -0.00423657 0.572733 -0.819731
v -0.16773 0.202925 0.639818
vn 0.00423657 -0.572733 0.819731
v -0.16767 0.194694 0.640759
vn -0.00078278 0.104654 0.994508
v 0.16301 0.205374 0.639821
vn 0.00423657 -0.572733 0.819731
v 0.163005 0.206241 0.648756
vn 0.889282 0.45492 -0.0471847
v -0.167737 0.20379 0.648752
vn -0.895923 0.441694 -0.0471984
v -0.167737 0.203827 0.649125
vn -0.910363 0.248603 -0.330811
v -0.167737 0.203827 0.649125
vn 0.910363 -0.248603 0.330811
v -0.167737 0.20379 0.648752
vn 0.895923 -0.441694 0.0471984
v 0.163005 0.206241 0.648756
vn -0.889282 -0.45492 0.0471847
v 0.163004 0.206277 0.649127
vn 0.905998 0.264069 -0.33081
v -0.167737 0.203827 0.649125
vn -0.909806 0.250617 -0.330824
v -0.167737 0.203881 0.649678
vn -0.894999 0.444483 -0.0375555
v -0.167737 0.203881 0.649678
vn 0.894999 -0.444483 0.0375555
v -0.167737 0.203827 0.649125
vn 0.909806 -0.250617 0.330824
v 0.163004 0.206277 0.649127
vn -0.905998 -0.264069 0.33081
v 0.163004 0.206277 0.649127
vn 0.905999 0.264082 -0.330797
v -0.167737 0.203881 0.649678
vn -0.894995 0.444494 -0.0375422
v 0.163004 0.20633 0.649681
vn 0.888312 0.457705 -0.0375292
v 0.163004 0.20633 0.649681
vn -0.888312 -0.457705 0.0375292
v -0.167737 0.203881 0.649678
vn 0.894995 -0.444494 0.0375422
v 0.163004 0.206277 0.649127
vn -0.905999 -0.264082 0.330797
v -0.167737 0.20379 0.648752
vn -0.853582 0.518029 -0.055173
v 0.16301 0.205374 0.639821
vn -0.00505009 0.682527 -0.730843
v -0.16773 0.202925 0.639818
vn -0.00505009 0.682527 -0.730843
v -0.16773 0.202925 0.639818
vn 0.00505009 -0.682527 0.730843
v 0.16301 0.205374 0.639821
vn 0.00505009 -0.682527 0.730843
v -0.167737 0.20379 0.648752
vn 0.853582 -0.518029 0.055173
v -0.167677 0.19565 0.650619
vn 0.948078 0.312552 -0.0588225
v -0.167121 0.164256 0.670111
vn 0.893443 0.43897 -0.0952096
v -0.167433 0.162729 0.65438
vn 0.894808 0.442911 -0.0561113
v -0.167433 0.162729 0.65438
vn -0.894808 -0.442911 0.0561113
v -0.167121 0.164256 0.670111
vn -0.893443 -0.43897 0.0952096
v -0.167677 0.19565 0.650619
vn -0.948078 -0.312552 0.0588225
v 0.162731 0.199623 0.666353
vn -0.998301 -0.0133637 -0.0567141
v 0.160278 0.169802 0.702303
vn -0.881879 0.406042 -0.239623
v 0.160033 0.202724 0.698542
vn -0.975906 -0.0299734 -0.216123
v 0.160033 0.202724 0.698542
vn 0.975906 0.0299734 0.216123
v 0.160278 0.169802 0.702303
vn 0.881879 -0.406042 0.239623
v 0.162731 0.199623 0.666353
vn 0.998301 0.0133637 0.0567141
v 0.162973 0.166701 0.670113
vn -0.737336 0.666207 -0.111817
v -0.164471 0.167397 0.702301
vn 0.708483 0.66614 -0.233046
v 0.160278 0.169802 0.702303
vn -0.718267 0.655573 -0.233057
v 0.160278 0.169802 0.702303
vn 0.718267 -0.655573 0.233057
v -0.164471 0.167397 0.702301
vn -0.708483 -0.66614 0.233046
v 0.162973 0.166701 0.670113
vn 0.737336 -0.666207 0.111817
v 0.163004 0.20633 0.649681
vn 0.810357 0.583649 -0.0517169
v -0.167425 0.205408 0.66541
vn -0.624925 0.77767 -0.0685452
v 0.162669 0.207853 0.665412
vn 0.613338 0.786842 -0.0685355
v 0.162669 0.207853 0.665412
vn -0.613338 -0.786842 0.0685355
v -0.167425 0.205408 0.66541
vn 0.624925 -0.77767 0.0685452
v 0.163004 0.20633 0.649681
vn -0.810357 -0.583649 0.0517169
v -0.167366 0.197177 0.66635
vn 0.99839 0.00142853 -0.0566999
v -0.164471 0.167397 0.702301
vn 0.875771 0.41906 -0.239611
v -0.167121 0.164256 0.670111
vn 0.897098 0.431165 -0.0964983
v -0.167121 0.164256 0.670111
vn -0.897098 -0.431165 0.0964983
v -0.164471 0.167397 0.702301
vn -0.875771 -0.41906 0.239611
v -0.167366 0.197177 0.66635
vn -0.99839 -0.00142853 0.0566999
v -0.167737 0.203881 0.649678
vn -0.897672 0.439111 -0.0369597
v -0.167737 0.203827 0.649125
vn -0.911533 0.24442 -0.330706
v -0.167677 0.19565 0.650619
vn -0.950359 -0.0589329 -0.305523
v -0.167677 0.19565 0.650619
vn 0.950359 0.0589329 0.305523
v -0.167737 0.203827 0.649125
vn 0.911533 -0.24442 0.330706
v -0.167737 0.203881 0.649678
vn 0.897672 -0.439111 0.0369597
v 0.163004 0.20633 0.649681
vn 0.810191 0.583879 -0.0517325
v -0.167737 0.203881 0.649678
vn -0.818751 0.571812 -0.0517445
v -0.167425 0.205408 0.66541
vn -0.624763 0.777799 -0.0685523
v -0.167425 0.205408 0.66541
vn 0.624763 -0.777799 0.0685523
v -0.167737 0.203881 0.649678
vn 0.818751 -0.571812 0.0517445
v 0.163004 0.20633 0.649681
vn -0.810191 -0.583879 0.0517325
v -0.167121 0.164256 0.670111
vn 0.893443 0.438971 -0.0952097
v -0.167677 0.19565 0.650619
vn 0.948077 0.312552 -0.0588226
v -0.167366 0.197177 0.66635
vn 0.998495 0.0016269 -0.0548219
v -0.167366 0.197177 0.66635
vn -0.998495 -0.0016269 0.0548219
v -0.167677 0.19565 0.650619
vn -0.948077 -0.312552 0.0588226
v -0.167121 0.164256 0.670111
vn -0.893443 -0.438971 0.0952097
v 0.144543 0.174068 0.747507
vn -0.802165 0.375845 -0.463973
v 0.160033 0.202724 0.698542
vn -0.973117 -0.0312223 -0.228184
v 0.160278 0.169802 0.702303
vn -0.882352 0.397588 -0.251751
v 0.160278 0.169802 0.702303
vn 0.882352 -0.397588 0.251751
v 0.160033 0.202724 0.698542
vn 0.973117 0.0312223 0.228184
v 0.144543 0.174068 0.747507
vn 0.802165 -0.375845 0.463973
v 0.160033 0.202724 0.698542
vn -0.973117 -0.0312234 -0.228184
v 0.144543 0.174068 0.747507
vn -0.802165 0.375844 -0.463974
v 0.144297 0.206989 0.743747
vn -0.883799 -0.0554401 -0.464571
v 0.144297 0.206989 0.743747
vn 0.883799 0.0554401 0.464571
v 0.144543 0.174068 0.747507
vn 0.802165 -0.375844 0.463974
v 0.160033 0.202724 0.698542
vn 0.973117 0.0312234 0.228184
v 0.160278 0.169802 0.702303
vn -0.659797 0.716675 -0.22593
v -0.164471 0.167397 0.702301
vn 0.649114 0.726369 -0.22592
v -0.148802 0.171895 0.747505
vn 0.585957 0.708238 -0.393768
v -0.148802 0.171895 0.747505
vn -0.585957 -0.708238 0.393768
v -0.164471 0.167397 0.702301
vn -0.649114 -0.726369 0.22592
v 0.160278 0.169802 0.702303
vn 0.659797 -0.716675 0.22593
v 0.162669 0.207853 0.665412
vn 0.536269 0.840623 -0.0759543
v -0.167425 0.205408 0.66541
vn -0.548661 0.832587 -0.0759628
v -0.164776 0.208548 0.697599
vn -0.00736584 0.994481 -0.104655
v -0.164776 0.208548 0.697599
vn 0.00736584 -0.994481 0.104655
v -0.167425 0.205408 0.66541
vn 0.548661 -0.832587 0.0759628
v 0.162669 0.207853 0.665412
vn -0.536269 -0.840623 0.0759543
v -0.164471 0.167397 0.702301
vn 0.875771 0.41906 -0.239611
v -0.167366 0.197177 0.66635
vn 0.99839 0.0014284 -0.0567
v -0.164715 0.200318 0.698538
vn 0.976246 -0.015512 -0.216109
v -0.164715 0.200318 0.698538
vn -0.976246 0.015512 0.216109
v -0.167366 0.197177 0.66635
vn -0.99839 -0.0014284 0.0567
v -0.164471 0.167397 0.702301
vn -0.875771 -0.41906 0.239611
v -0.167366 0.197177 0.66635
vn -0.999745 -0.00508903 0.0220139
v -0.167737 0.203881 0.649678
vn -0.898569 0.437295 -0.0367046
v -0.167677 0.19565 0.650619
vn -0.950829 -0.058702 -0.304103
v -0.167677 0.19565 0.650619
vn 0.950829 0.058702 0.304103
v -0.167737 0.203881 0.649678
vn 0.898569 -0.437295 0.0367046
v -0.167366 0.197177 0.66635
vn 0.999745 0.00508903 -0.0220139
v -0.167737 0.203881 0.649678
vn -0.898568 0.437296 -0.0367043
v -0.167366 0.197177 0.66635
vn -0.999745 -0.00508844 0.0220142
v -0.167425 0.205408 0.66541
vn -0.714479 0.697237 -0.0581387
v -0.167425 0.205408 0.66541
vn 0.714479 -0.697237 0.0581387
v -0.167366 0.197177 0.66635
vn 0.999745 0.00508844 -0.0220142
v -0.167737 0.203881 0.649678
vn 0.898568 -0.437296 0.0367043
v 0.162669 0.207853 0.665412
vn 0.538481 0.839225 -0.0757626
v -0.164776 0.208548 0.697599
vn -0.00736635 0.994481 -0.104661
v 0.159971 0.210954 0.697602
vn -0.00736635 0.994481 -0.104661
v 0.159971 0.210954 0.697602
vn 0.00736635 -0.994481 0.104661
v -0.164776 0.208548 0.697599
vn 0.00736635 -0.994481 0.104661
v 0.162669 0.207853 0.665412
vn -0.538481 -0.839225 0.0757626
v 0.160278 0.169802 0.702303
vn -0.678857 0.697854 -0.22837
v -0.148802 0.171895 0.747505
vn 0.60344 0.689169 -0.401132
v 0.144543 0.174068 0.747507
vn -0.613578 0.680153 -0.401141
v 0.144543 0.174068 0.747507
vn 0.613578 -0.680153 0.401141
v -0.148802 0.171895 0.747505
vn -0.60344 -0.689169 0.401132
v 0.160278 0.169802 0.702303
vn 0.678857 -0.697854 0.22837
v 0.118235 0.17766 0.786572
vn -0.661046 0.35622 -0.660398
v 0.144297 0.206989 0.743747
vn -0.876781 -0.0567514 -0.47753
v 0.144543 0.174068 0.747507
vn -0.795108 0.374526 -0.477005
v 0.144543 0.174068 0.747507
vn 0.795108 -0.374526 0.477005
v 0.144297 0.206989 0.743747
vn 0.876781 0.0567514 0.47753
v 0.118235 0.17766 0.786572
vn 0.661046 -0.35622 0.660398
v -0.164715 0.200318 0.698538
vn 0.973477 -0.0168022 -0.228168
v -0.148802 0.171895 0.747505
vn 0.796515 0.38769 -0.463962
v -0.164471 0.167397 0.702301
vn 0.87637 0.410614 -0.251737
v -0.164471 0.167397 0.702301
vn -0.87637 -0.410614 0.251737
v -0.148802 0.171895 0.747505
vn -0.796515 -0.38769 0.463962
v -0.164715 0.200318 0.698538
vn -0.973477 0.0168022 0.228168
v 0.144297 0.206989 0.743747
vn -0.876781 -0.0567508 -0.477529
v 0.118235 0.17766 0.786572
vn -0.661046 0.35622 -0.660398
v 0.117991 0.210582 0.78281
vn -0.727453 -0.0771425 -0.681807
v 0.117991 0.210582 0.78281
vn 0.727453 0.0771425 0.681807
v 0.118235 0.17766 0.786572
vn 0.661046 -0.35622 0.660398
v 0.144297 0.206989 0.743747
vn 0.876781 0.0567508 0.477529
v 0.159971 0.210954 0.697602
vn -0.00736645 0.994481 -0.104654
v -0.164776 0.208548 0.697599
vn -0.00736645 0.994481 -0.104654
v -0.149107 0.213046 0.742804
vn -0.00736645 0.994481 -0.104654
v -0.149107 0.213046 0.742804
vn 0.00736645 -0.994481 0.104654
v -0.164776 0.208548 0.697599
vn 0.00736645 -0.994481 0.104654
v 0.159971 0.210954 0.697602
vn 0.00736645 -0.994481 0.104654
v 0.144543 0.174068 0.747507
vn -0.636171 0.653188 -0.410648
v -0.148802 0.171895 0.747505
vn 0.62643 0.662542 -0.410639
v -0.122552 0.175877 0.786571
vn 0.513448 0.645404 -0.565531
v -0.122552 0.175877 0.786571
vn -0.513448 -0.645404 0.565531
v -0.148802 0.171895 0.747505
vn -0.62643 -0.662542 0.410639
v 0.144543 0.174068 0.747507
vn 0.636171 -0.653188 0.410648
v 0.144543 0.174068 0.747507
vn -0.662877 0.618735 -0.421618
v -0.122552 0.175877 0.786571
vn 0.535837 0.610619 -0.583115
v 0.118235 0.17766 0.786572
vn -0.544813 0.602614 -0.583125
v 0.118235 0.17766 0.786572
vn 0.544813 -0.602614 0.583125
v -0.122552 0.175877 0.786571
vn -0.535837 -0.610619 0.583115
v 0.144543 0.174068 0.747507
vn 0.662877 -0.618735 0.421618
v 0.159971 0.210954 0.697602
vn -0.007367 0.994481 -0.104659
v -0.149107 0.213046 0.742804
vn -0.007367 0.994481 -0.104659
v 0.144238 0.21522 0.742807
vn -0.007367 0.994481 -0.104659
v 0.144238 0.21522 0.742807
vn 0.007367 -0.994481 0.104659
v -0.149107 0.213046 0.742804
vn 0.007367 -0.994481 0.104659
v 0.159971 0.210954 0.697602
vn 0.007367 -0.994481 0.104659
v -0.148802 0.171895 0.747505
vn 0.796516 0.387689 -0.463961
v -0.164715 0.200318 0.698538
vn 0.973477 -0.016801 -0.228168
v -0.149045 0.204817 0.743745
vn 0.88453 -0.0423371 -0.464557
v -0.149045 0.204817 0.743745
vn -0.88453 0.0423371 0.464557
v -0.164715 0.200318 0.698538
vn -0.973477 0.016801 0.228168
v -0.148802 0.171895 0.747505
vn -0.796516 -0.387689 0.463961
v 0.0832545 0.18032 0.816678
vn -0.47249 0.341616 -0.812435
v 0.117991 0.210582 0.78281
vn -0.717222 -0.0781863 -0.692445
v 0.118235 0.17766 0.786572
vn -0.650758 0.35517 -0.671095
v 0.118235 0.17766 0.786572
vn 0.650758 -0.35517 0.671095
v 0.117991 0.210582 0.78281
vn 0.717222 0.0781863 0.692445
v 0.0832545 0.18032 0.816678
vn 0.47249 -0.341616 0.812435
v -0.149045 0.204817 0.743745
vn 0.877532 -0.0437527 -0.477518
v -0.122552 0.175877 0.786571
vn 0.655708 0.365975 -0.660386
v -0.148802 0.171895 0.747505
vn 0.789478 0.386266 -0.476993
v -0.148802 0.171895 0.747505
vn -0.789478 -0.386266 0.476993
v -0.122552 0.175877 0.786571
vn -0.655708 -0.365975 0.660386
v -0.149045 0.204817 0.743745
vn -0.877532 0.0437527 0.477518
v 0.118235 0.17766 0.786572
vn -0.612927 0.469439 -0.635569
v -0.122552 0.175877 0.786571
vn 0.605917 0.478468 -0.635558
v -0.0139775 0.177996 0.800141
vn 0.0980285 0.621104 0.777573
v -0.0139775 0.177996 0.800141
vn -0.0980285 -0.621104 -0.777573
v -0.122552 0.175877 0.786571
vn -0.605917 -0.478468 0.635558
v 0.118235 0.17766 0.786572
vn 0.612927 -0.469439 0.635569
v 0.144238 0.21522 0.742807
vn -0.0073669 0.99448 -0.104668
v -0.149107 0.213046 0.742804
vn -0.0073669 0.99448 -0.104668
v -0.122857 0.217029 0.781869
vn -0.0073669 0.99448 -0.104668
v -0.122857 0.217029 0.781869
vn 0.0073669 -0.99448 0.104668
v -0.149107 0.213046 0.742804
vn 0.0073669 -0.99448 0.104668
v 0.144238 0.21522 0.742807
vn 0.0073669 -0.99448 0.104668
v 0.117991 0.210582 0.78281
vn -0.717223 -0.0781849 -0.692444
v 0.0832545 0.18032 0.816678
vn -0.472491 0.341617 -0.812435
v 0.0830105 0.213242 0.812918
vn -0.518656 -0.0932823 -0.849879
v 0.0830105 0.213242 0.812918
vn 0.518656 0.0932823 0.849879
v 0.0832545 0.18032 0.816678
vn 0.472491 -0.341617 0.812435
v 0.117991 0.210582 0.78281
vn 0.717223 0.0781849 0.692444
v 0.118235 0.17766 0.786572
vn -0.622909 0.445783 -0.642854
v 0.0212755 0.178483 0.802464
vn -0.211551 0.595637 0.774895
v 0.0832545 0.18032 0.816678
vn -0.442888 0.432096 -0.785585
v 0.0832545 0.18032 0.816678
vn 0.442888 -0.432096 0.785585
v 0.0212755 0.178483 0.802464
vn 0.211551 -0.595637 -0.774895
v 0.118235 0.17766 0.786572
vn 0.622909 -0.445783 0.642854
v 0.144238 0.21522 0.742807
vn -0.00736536 0.994481 -0.104656
v -0.122857 0.217029 0.781869
vn -0.00736536 0.994481 -0.104656
v 0.117932 0.218812 0.78187
vn -0.00736536 0.994481 -0.104656
v 0.117932 0.218812 0.78187
vn 0.00736536 -0.994481 0.104656
v -0.122857 0.217029 0.781869
vn 0.00736536 -0.994481 0.104656
v 0.144238 0.21522 0.742807
vn 0.00736536 -0.994481 0.104656
v -0.122552 0.175877 0.786571
vn 0.655707 0.365974 -0.660387
v -0.149045 0.204817 0.743745
vn 0.877532 -0.0437548 -0.477519
v -0.122795 0.208798 0.782808
vn 0.728527 -0.0663569 -0.681796
v -0.122795 0.208798 0.782808
vn -0.728527 0.0663569 0.681796
v -0.149045 0.204817 0.743745
vn -0.877532 0.0437548 0.477519
v -0.122552 0.175877 0.786571
vn -0.655707 -0.365974 0.660387
v -0.0139775 0.177996 0.800141
vn 0.103851 0.550229 0.828531
v -0.122552 0.175877 0.786571
vn 0.638097 0.400347 -0.657689
v -0.0256145 0.178136 0.802462
vn 0.210194 0.548962 0.808987
v -0.0256145 0.178136 0.802462
vn -0.210194 -0.548962 -0.808987
v -0.122552 0.175877 0.786571
vn -0.638097 -0.400347 0.657689
v -0.0139775 0.177996 0.800141
vn -0.103851 -0.550229 -0.828531
v 0.118235 0.17766 0.786572
vn -0.647633 0.380372 -0.660219
v -0.0139775 0.177996 0.800141
vn 0.104551 0.540668 0.834714
v -0.0021675 0.178009 0.799363
vn -0.00401112 0.540558 0.841297
v -0.0021675 0.178009 0.799363
vn 0.00401112 -0.540558 -0.841297
v -0.0139775 0.177996 0.800141
vn -0.104551 -0.540668 -0.834714
v 0.118235 0.17766 0.786572
vn 0.647633 -0.380372 0.660219
v 0.0626875 0.181088 0.826168
vn -0.71743 0.66964 -0.192035
v 0.0830105 0.213242 0.812918
vn -0.509046 -0.0938147 -0.855612
v 0.0832545 0.18032 0.816678
vn -0.460237 0.352384 -0.814867
v 0.0832545 0.18032 0.816678
vn 0.460237 -0.352384 0.814867
v 0.0830105 0.213242 0.812918
vn 0.509046 0.0938147 0.855612
v 0.0626875 0.181088 0.826168
vn 0.71743 -0.66964 0.192035
v 0.117932 0.218812 0.78187
vn -0.00736565 0.994481 -0.104659
v 0.0209695 0.219635 0.797762
vn -0.21155 0.595639 0.774894
v 0.0829505 0.221472 0.811977
vn -0.00736565 0.994481 -0.104659
v 0.0829505 0.221472 0.811977
vn 0.00736565 -0.994481 0.104659
v 0.0209695 0.219635 0.797762
vn 0.21155 -0.595639 -0.774894
v 0.117932 0.218812 0.78187
vn 0.00736565 -0.994481 0.104659
v 0.0212755 0.178483 0.802464
vn -0.218314 0.545785 0.808985
v 0.118235 0.17766 0.786572
vn -0.643948 0.390852 -0.657698
v 0.0096415 0.178172 0.800142
vn -0.112003 0.548628 0.82853
v 0.0096415 0.178172 0.800142
vn 0.112003 -0.548628 -0.82853
v 0.118235 0.17766 0.786572
vn 0.643948 -0.390852 0.657698
v 0.0212755 0.178483 0.802464
vn 0.218314 -0.545785 -0.808985
v 0.0832545 0.18032 0.816678
vn -0.460147 0.36672 -0.808567
v 0.0212755 0.178483 0.802464
vn -0.21943 0.536735 0.814719
v 0.0325585 0.178937 0.806294
vn -0.323124 0.532551 0.782292
v 0.0325585 0.178937 0.806294
vn 0.323124 -0.532551 -0.782292
v 0.0212755 0.178483 0.802464
vn 0.21943 -0.536735 -0.814719
v 0.0832545 0.18032 0.816678
vn 0.460147 -0.36672 0.808567
v 0.117932 0.218812 0.78187
vn -0.00736573 0.994481 -0.104655
v -0.122857 0.217029 0.781869
vn -0.00736573 0.994481 -0.104655
v -0.0142825 0.219148 0.795439
vn 0.0980285 0.621105 0.777573
v -0.0142825 0.219148 0.795439
vn -0.0980285 -0.621105 -0.777573
v -0.122857 0.217029 0.781869
vn 0.00736573 -0.994481 0.104655
v 0.117932 0.218812 0.78187
vn 0.00736573 -0.994481 0.104655
v -0.0878585 0.211975 0.812916
vn 0.519995 -0.0855908 -0.84987
v -0.122552 0.175877 0.786571
vn 0.645437 0.364772 -0.671083
v -0.122795 0.208798 0.782808
vn 0.718314 -0.0675524 -0.692432
v -0.122795 0.208798 0.782808
vn -0.718314 0.0675524 0.692432
v -0.122552 0.175877 0.786571
vn -0.645437 -0.364772 0.671083
v -0.0878585 0.211975 0.812916
vn -0.519995 0.0855908 0.84987
v -0.0256145 0.178136 0.802462
vn 0.20269 0.598705 0.774899
v -0.122552 0.175877 0.786571
vn 0.616249 0.454964 -0.642841
v -0.0876145 0.179054 0.816677
vn 0.436451 0.438612 -0.785577
v -0.0876145 0.179054 0.816677
vn -0.436451 -0.438612 0.785577
v -0.122552 0.175877 0.786571
vn -0.616249 -0.454964 0.642841
v -0.0256145 0.178136 0.802462
vn -0.20269 -0.598705 -0.774899
v -0.0142825 0.219148 0.795439
vn 0.106321 0.531929 0.840088
v -0.0256145 0.178136 0.802462
vn 0.211571 0.530675 0.820745
v -0.0139775 0.177996 0.800141
vn 0.106321 0.531929 0.840088
v -0.0139775 0.177996 0.800141
vn -0.106321 -0.531929 -0.840088
v -0.0256145 0.178136 0.802462
vn -0.211571 -0.530675 -0.820745
v -0.0142825 0.219148 0.795439
vn -0.106321 -0.531929 -0.840088
v -0.0024725 0.219161 0.794663
vn -0.00279304 0.531833 0.846845
v -0.0139775 0.177996 0.800141
vn 0.104029 0.531942 0.840367
v -0.0021675 0.178009 0.799363
vn -0.00279304 0.531833 0.846845
v -0.0021675 0.178009 0.799363
vn 0.00279304 -0.531833 -0.846845
v -0.0139775 0.177996 0.800141
vn -0.104029 -0.531942 -0.840367
v -0.0024725 0.219161 0.794663
vn 0.00279304 -0.531833 -0.846845
v 0.0096415 0.178172 0.800142
vn -0.112267 0.544166 0.831432
v 0.118235 0.17766 0.786572
vn -0.645681 0.385961 -0.658886
v -0.0021675 0.178009 0.799363
vn -0.00404846 0.545658 0.837998
v -0.0021675 0.178009 0.799363
vn 0.00404846 -0.545658 -0.837998
v 0.118235 0.17766 0.786572
vn 0.645681 -0.385961 0.658886
v 0.0096415 0.178172 0.800142
vn 0.112267 -0.544166 -0.831432
v 0.0830105 0.213242 0.812918
vn -0.509045 -0.0938152 -0.855612
v 0.0626875 0.181088 0.826168
vn -0.717429 0.669641 -0.192033
v 0.0624445 0.214009 0.822407
vn -0.98744 -0.0237527 -0.156199
v 0.0624445 0.214009 0.822407
vn 0.98744 0.0237527 0.156199
v 0.0626875 0.181088 0.826168
vn 0.717429 -0.669641 0.192033
v 0.0830105 0.213242 0.812918
vn 0.509045 0.0938152 0.855612
v 0.0832545 0.18032 0.816678
vn -0.458868 0.371951 -0.806903
v 0.0534205 0.18025 0.818234
vn -0.513393 0.525294 0.678597
v 0.0626875 0.181088 0.826168
vn -0.709417 0.684624 -0.167386
v 0.0626875 0.181088 0.826168
vn 0.709417 -0.684624 0.167386
v 0.0534205 0.18025 0.818234
vn 0.513393 -0.525294 -0.678597
v 0.0832545 0.18032 0.816678
vn 0.458868 -0.371951 0.806903
v 0.0209695 0.219635 0.797762
vn -0.218314 0.545785 0.808986
v 0.117932 0.218812 0.78187
vn -0.0073658 0.994481 -0.104658
v 0.0093375 0.219324 0.79544
vn -0.112003 0.548628 0.828531
v 0.0093375 0.219324 0.79544
vn 0.112003 -0.548628 -0.828531
v 0.117932 0.218812 0.78187
vn 0.0073658 -0.994481 0.104658
v 0.0209695 0.219635 0.797762
vn 0.218314 -0.545785 -0.808986
v 0.0829505 0.221472 0.811977
vn -0.00736646 0.994481 -0.104657
v 0.0209695 0.219635 0.797762
vn -0.21943 0.536734 0.814719
v 0.0322545 0.220089 0.801593
vn -0.323124 0.53255 0.782292
v 0.0322545 0.220089 0.801593
vn 0.323124 -0.53255 -0.782292
v 0.0209695 0.219635 0.797762
vn 0.21943 -0.536734 -0.814719
v 0.0829505 0.221472 0.811977
vn 0.00736646 -0.994481 0.104657
v 0.0209695 0.219635 0.797762
vn -0.219421 0.527482 0.820742
v 0.0096415 0.178172 0.800142
vn -0.114203 0.530296 0.840086
v 0.0212755 0.178483 0.802464
vn -0.219421 0.527482 0.820742
v 0.0212755 0.178483 0.802464
vn 0.219421 -0.527482 -0.820742
v 0.0096415 0.178172 0.800142
vn 0.114203 -0.530296 -0.840086
v 0.0209695 0.219635 0.797762
vn 0.219421 -0.527482 -0.820742
v 0.0322545 0.220089 0.801593
vn -0.323726 0.523291 0.788269
v 0.0212755 0.178483 0.802464
vn -0.22166 0.527409 0.820187
v 0.0325585 0.178937 0.806294
vn -0.323726 0.523291 0.788269
v 0.0325585 0.178937 0.806294
vn 0.323726 -0.523291 -0.788269
v 0.0212755 0.178483 0.802464
vn 0.22166 -0.527409 -0.820187
v 0.0322545 0.220089 0.801593
vn 0.323726 -0.523291 -0.788269
v 0.0832545 0.18032 0.816678
vn -0.459566 0.369098 -0.807815
v 0.0325585 0.178937 0.806294
vn -0.322727 0.534719 0.780975
v 0.0433275 0.17953 0.811578
vn -0.421549 0.529288 0.736309
v 0.0433275 0.17953 0.811578
vn 0.421549 -0.529288 -0.736309
v 0.0325585 0.178937 0.806294
vn 0.322727 -0.534719 -0.780975
v 0.0832545 0.18032 0.816678
vn 0.459566 -0.369098 0.807815
v -0.0142825 0.219148 0.795439
vn 0.10385 0.550226 0.828532
v -0.122857 0.217029 0.781869
vn -0.00736589 0.994481 -0.104659
v -0.0259185 0.219287 0.797761
vn 0.210193 0.54896 0.808988
v -0.0259185 0.219287 0.797761
vn -0.210193 -0.54896 -0.808988
v -0.122857 0.217029 0.781869
vn 0.00736589 -0.994481 0.104659
v -0.0142825 0.219148 0.795439
vn -0.10385 -0.550226 -0.828532
v 0.117932 0.218812 0.78187
vn -0.00736635 0.99448 -0.104663
v -0.0142825 0.219148 0.795439
vn 0.104551 0.540672 0.834711
v -0.0024725 0.219161 0.794663
vn -0.00401109 0.540562 0.841295
v -0.0024725 0.219161 0.794663
vn 0.00401109 -0.540562 -0.841295
v -0.0142825 0.219148 0.795439
vn -0.104551 -0.540672 -0.834711
v 0.117932 0.218812 0.78187
vn 0.00736635 -0.99448 0.104663
v -0.122552 0.175877 0.786571
vn 0.645436 0.364773 -0.671083
v -0.0878585 0.211975 0.812916
vn 0.519994 -0.0855895 -0.849871
v -0.0876145 0.179054 0.816677
vn 0.467389 0.34858 -0.812428
v -0.0876145 0.179054 0.816677
vn -0.467389 -0.34858 0.812428
v -0.0878585 0.211975 0.812916
vn -0.519994 0.0855895 0.849871
v -0.122552 0.175877 0.786571
vn -0.645436 -0.364773 0.671083
v -0.0256145 0.178136 0.802462
vn 0.211442 0.539928 0.814721
v -0.0876145 0.179054 0.816677
vn 0.454674 0.373497 -0.808561
v -0.0369035 0.178424 0.806293
vn 0.315187 0.537283 0.782294
v -0.0369035 0.178424 0.806293
vn -0.315187 -0.537283 -0.782294
v -0.0876145 0.179054 0.816677
vn -0.454674 -0.373497 0.808561
v -0.0256145 0.178136 0.802462
vn -0.211442 -0.539928 -0.814721
v -0.0256145 0.178136 0.802462
vn 0.211571 0.530676 0.820744
v -0.0142825 0.219148 0.795439
vn 0.106321 0.53193 0.840087
v -0.0259185 0.219287 0.797761
vn 0.211571 0.530676 0.820744
v -0.0259185 0.219287 0.797761
vn -0.211571 -0.530676 -0.820744
v -0.0142825 0.219148 0.795439
vn -0.106321 -0.53193 -0.840087
v -0.0256145 0.178136 0.802462
vn -0.211571 -0.530676 -0.820744
v -0.0139775 0.177996 0.800141
vn 0.104028 0.531942 0.840367
v -0.0024725 0.219161 0.794663
vn -0.00279466 0.531833 0.846845
v -0.0142825 0.219148 0.795439
vn 0.104028 0.531942 0.840367
v -0.0142825 0.219148 0.795439
vn -0.104028 -0.531942 -0.840367
v -0.0024725 0.219161 0.794663
vn 0.00279466 -0.531833 -0.846845
v -0.0139775 0.177996 0.800141
vn -0.104028 -0.531942 -0.840367
v -0.0021675 0.178009 0.799363
vn -0.00509892 0.531815 0.846845
v 0.0093375 0.219324 0.79544
vn -0.111912 0.530342 0.840365
v -0.0024725 0.219161 0.794663
vn -0.00509892 0.531815 0.846845
v -0.0024725 0.219161 0.794663
vn 0.00509892 -0.531815 -0.846845
v 0.0093375 0.219324 0.79544
vn 0.111912 -0.530342 -0.840365
v -0.0021675 0.178009 0.799363
vn 0.00509892 -0.531815 -0.846845
v 0.0093375 0.219324 0.79544
vn -0.111913 0.530343 0.840364
v -0.0021675 0.178009 0.799363
vn -0.00510049 0.531816 0.846845
v 0.0096415 0.178172 0.800142
vn -0.111913 0.530343 0.840364
v 0.0096415 0.178172 0.800142
vn 0.111913 -0.530343 -0.840364
v -0.0021675 0.178009 0.799363
vn 0.00510049 -0.531816 -0.846845
v 0.0093375 0.219324 0.79544
vn 0.111913 -0.530343 -0.840364
v -0.0259185 0.219287 0.797761
vn 0.202691 0.598706 0.774898
v -0.122857 0.217029 0.781869
vn -0.00736559 0.994481 -0.104658
v -0.0879185 0.220206 0.811976
vn -0.00736559 0.994481 -0.104658
v -0.0879185 0.220206 0.811976
vn 0.00736559 -0.994481 0.104658
v -0.122857 0.217029 0.781869
vn 0.00736559 -0.994481 0.104658
v -0.0259185 0.219287 0.797761
vn -0.202691 -0.598706 -0.774898
v 0.0624445 0.214009 0.822407
vn -0.9927 -0.0198722 -0.118959
v 0.0534205 0.18025 0.818234
vn -0.517896 0.512487 0.684938
v 0.0626875 0.181088 0.826168
vn -0.71936 0.677216 -0.154595
v 0.0626875 0.181088 0.826168
vn 0.71936 -0.677216 0.154595
v 0.0534205 0.18025 0.818234
vn 0.517896 -0.512487 -0.684938
v 0.0624445 0.214009 0.822407
vn 0.9927 0.0198722 0.118959
v 0.0829505 0.221472 0.811977
vn -0.00736589 0.994481 -0.104658
v 0.0531155 0.221402 0.813533
vn -0.513393 0.525294 0.678598
v 0.0623835 0.222239 0.821467
vn -0.441979 0.762109 0.473122
v 0.0623835 0.222239 0.821467
vn 0.441979 -0.762109 -0.473122
v 0.0531155 0.221402 0.813533
vn 0.513393 -0.525294 -0.678598
v 0.0829505 0.221472 0.811977
vn 0.00736589 -0.994481 0.104658
v 0.0832545 0.18032 0.816678
vn -0.459139 0.370848 -0.807256
v 0.0433275 0.17953 0.811578
vn -0.42116 0.530885 0.735381
v 0.0534205 0.18025 0.818234
vn -0.513696 0.524282 0.67915
v 0.0534205 0.18025 0.818234
vn 0.513696 -0.524282 -0.67915
v 0.0433275 0.17953 0.811578
vn 0.42116 -0.530885 -0.735381
v 0.0832545 0.18032 0.816678
vn 0.459139 -0.370848 0.807256
v 0.0093375 0.219324 0.79544
vn -0.112267 0.544163 0.831434
v 0.117932 0.218812 0.78187
vn -0.00736605 0.994481 -0.10466
v -0.0024725 0.219161 0.794663
vn -0.0040485 0.545656 0.838
v -0.0024725 0.219161 0.794663
vn 0.0040485 -0.545656 -0.838
v 0.117932 0.218812 0.78187
vn 0.00736605 -0.994481 0.10466
v 0.0093375 0.219324 0.79544
vn 0.112267 -0.544163 -0.831434
v 0.0096415 0.178172 0.800142
vn -0.114203 0.530297 0.840085
v 0.0209695 0.219635 0.797762
vn -0.219422 0.527483 0.820741
v 0.0093375 0.219324 0.79544
vn -0.114203 0.530297 0.840085
v 0.0093375 0.219324 0.79544
vn 0.114203 -0.530297 -0.840085
v 0.0209695 0.219635 0.797762
vn 0.219422 -0.527483 -0.820741
v 0.0096415 0.178172 0.800142
vn 0.114203 -0.530297 -0.840085
v 0.0212755 0.178483 0.802464
vn -0.221659 0.527407 0.820188
v 0.0322545 0.220089 0.801593
vn -0.323725 0.52329 0.78827
v 0.0209695 0.219635 0.797762
vn -0.221659 0.527407 0.820188
v 0.0209695 0.219635 0.797762
vn 0.221659 -0.527407 -0.820188
v 0.0322545 0.220089 0.801593
vn 0.323725 -0.52329 -0.78827
v 0.0212755 0.178483 0.802464
vn 0.221659 -0.527407 -0.820188
v 0.0829505 0.221472 0.811977
vn -0.00736575 0.994481 -0.104661
v 0.0322545 0.220089 0.801593
vn -0.322727 0.534719 0.780975
v 0.0430235 0.220682 0.806876
vn -0.421549 0.529288 0.736309
v 0.0430235 0.220682 0.806876
vn 0.421549 -0.529288 -0.736309
v 0.0322545 0.220089 0.801593
vn 0.322727 -0.534719 -0.780975
v 0.0829505 0.221472 0.811977
vn 0.00736575 -0.994481 0.104661
v 0.0325585 0.178937 0.806294
vn -0.325879 0.523187 0.78745
v 0.0430235 0.220682 0.806876
vn -0.423275 0.517834 0.743428
v 0.0322545 0.220089 0.801593
vn -0.325879 0.523187 0.78745
v 0.0322545 0.220089 0.801593
vn 0.325879 -0.523187 -0.78745
v 0.0430235 0.220682 0.806876
vn 0.423275 -0.517834 -0.743428
v 0.0325585 0.178937 0.806294
vn 0.325879 -0.523187 -0.78745
v 0.0430235 0.220682 0.806876
vn -0.423275 0.517834 0.743428
v 0.0325585 0.178937 0.806294
vn -0.325879 0.523187 0.78745
v 0.0433275 0.17953 0.811578
vn -0.423275 0.517834 0.743428
v 0.0433275 0.17953 0.811578
vn 0.423275 -0.517834 -0.743428
v 0.0325585 0.178937 0.806294
vn 0.325879 -0.523187 -0.78745
v 0.0430235 0.220682 0.806876
vn 0.423275 -0.517834 -0.743428
v -0.0673055 0.213048 0.822406
vn 0.987686 -0.00912099 -0.156184
v -0.0876145 0.179054 0.816677
vn 0.454978 0.359164 -0.814859
v -0.0878585 0.211975 0.812916
vn 0.510395 -0.0862637 -0.855603
v -0.0878585 0.211975 0.812916
vn -0.510395 0.0862637 0.855603
v -0.0876145 0.179054 0.816677
vn -0.454978 -0.359164 0.814859
v -0.0673055 0.213048 0.822406
vn -0.987686 0.00912099 0.156184
v -0.0369035 0.178424 0.806293
vn 0.314757 0.539443 0.78098
v -0.0876145 0.179054 0.816677
vn 0.454061 0.375867 -0.807807
v -0.0476795 0.178856 0.811576
vn 0.413651 0.535473 0.736316
v -0.0476795 0.178856 0.811576
vn -0.413651 -0.535473 -0.736316
v -0.0876145 0.179054 0.816677
vn -0.454061 -0.375867 0.807807
v -0.0369035 0.178424 0.806293
vn -0.314757 -0.539443 -0.78098
v -0.0259185 0.219287 0.797761
vn 0.21381 0.530635 0.82019
v -0.0369035 0.178424 0.806293
vn 0.315926 0.528031 0.788273
v -0.0256145 0.178136 0.802462
vn 0.21381 0.530635 0.82019
v -0.0256145 0.178136 0.802462
vn -0.21381 -0.530635 -0.82019
v -0.0369035 0.178424 0.806293
vn -0.315926 -0.528031 -0.788273
v -0.0259185 0.219287 0.797761
vn -0.21381 -0.530635 -0.82019
v -0.0259185 0.219287 0.797761
vn 0.211442 0.539927 0.814721
v -0.0879185 0.220206 0.811976
vn -0.0073661 0.994481 -0.10466
v -0.0372095 0.219575 0.801592
vn 0.315187 0.537282 0.782295
v -0.0372095 0.219575 0.801592
vn -0.315187 -0.537282 -0.782295
v -0.0879185 0.220206 0.811976
vn 0.0073661 -0.994481 0.10466
v -0.0259185 0.219287 0.797761
vn -0.211442 -0.539927 -0.814721
v 0.0623835 0.222239 0.821467
vn -0.445963 0.756187 0.478851
v 0.0534205 0.18025 0.818234
vn -0.516069 0.516877 0.683016
v 0.0624445 0.214009 0.822407
vn -0.991468 -0.0208853 -0.128668
v 0.0624445 0.214009 0.822407
vn 0.991468 0.0208853 0.128668
v 0.0534205 0.18025 0.818234
vn 0.516069 -0.516877 -0.683016
v 0.0623835 0.222239 0.821467
vn 0.445963 -0.756187 -0.478851
v 0.0829505 0.221472 0.811977
vn -0.00736594 0.994481 -0.104659
v 0.0430235 0.220682 0.806876
vn -0.42116 0.530885 0.735381
v 0.0531155 0.221402 0.813533
vn -0.513696 0.524282 0.67915
v 0.0531155 0.221402 0.813533
vn 0.513696 -0.524282 -0.67915
v 0.0430235 0.220682 0.806876
vn 0.42116 -0.530885 -0.735381
v 0.0829505 0.221472 0.811977
vn 0.00736594 -0.994481 0.104659
v 0.0534205 0.18025 0.818234
vn -0.518494 0.51104 0.685568
v 0.0623835 0.222239 0.821467
vn -0.450584 0.749164 0.485516
v 0.0531155 0.221402 0.813533
vn -0.518494 0.51104 0.685568
v 0.0531155 0.221402 0.813533
vn 0.518494 -0.51104 -0.685568
v 0.0623835 0.222239 0.821467
vn 0.450584 -0.749164 -0.485516
v 0.0534205 0.18025 0.818234
vn 0.518494 -0.51104 -0.685568
v 0.0531155 0.221402 0.813533
vn -0.5166 0.511193 0.686881
v 0.0433275 0.17953 0.811578
vn -0.425312 0.517706 0.742354
v 0.0534205 0.18025 0.818234
vn -0.5166 0.511193 0.686881
v 0.0534205 0.18025 0.818234
vn 0.5166 -0.511193 -0.686881
v 0.0433275 0.17953 0.811578
vn 0.425312 -0.517706 -0.742354
v 0.0531155 0.221402 0.813533
vn 0.5166 -0.511193 -0.686881
v 0.0433275 0.17953 0.811578
vn -0.425312 0.517707 0.742353
v 0.0531155 0.221402 0.813533
vn -0.516601 0.511193 0.686881
v 0.0430235 0.220682 0.806876
vn -0.425312 0.517707 0.742353
v 0.0430235 0.220682 0.806876
vn 0.425312 -0.517707 -0.742353
v 0.0531155 0.221402 0.813533
vn 0.516601 -0.511193 -0.686881
v 0.0433275 0.17953 0.811578
vn 0.425312 -0.517707 -0.742353
v -0.0876145 0.179054 0.816677
vn 0.454978 0.359164 -0.814859
v -0.0673055 0.213048 0.822406
vn 0.987686 -0.00912099 -0.156184
v -0.0670615 0.180127 0.826167
vn 0.707432 0.680197 -0.192023
v -0.0670615 0.180127 0.826167
vn -0.707432 -0.680197 0.192023
v -0.0673055 0.213048 0.822406
vn -0.987686 0.00912099 0.156184
v -0.0876145 0.179054 0.816677
vn -0.454978 -0.359164 0.814859
v -0.0580875 0.220578 0.813533
vn 0.505547 0.53284 0.678605
v -0.0879185 0.220206 0.811976
vn -0.00736599 0.994481 -0.10466
v -0.0673665 0.221279 0.821466
vn 0.430631 0.768574 0.473129
v -0.0673665 0.221279 0.821466
vn -0.430631 -0.768574 -0.473129
v -0.0879185 0.220206 0.811976
vn 0.00736599 -0.994481 0.10466
v -0.0580875 0.220578 0.813533
vn -0.505547 -0.53284 -0.678605
v -0.0476795 0.178856 0.811576
vn 0.413239 0.537066 0.735387
v -0.0876145 0.179054 0.816677
vn 0.453606 0.37761 -0.80725
v -0.0577825 0.179427 0.818233
vn 0.505864 0.531834 0.679157
v -0.0577825 0.179427 0.818233
vn -0.505864 -0.531834 -0.679157
v -0.0876145 0.179054 0.816677
vn -0.453606 -0.37761 0.80725
v -0.0476795 0.178856 0.811576
vn -0.413239 -0.537066 -0.735387
v -0.0372095 0.219575 0.801592
vn 0.318081 0.52796 0.787453
v -0.0476795 0.178856 0.811576
vn 0.415548 0.524048 0.743434
v -0.0369035 0.178424 0.806293
vn 0.318081 0.52796 0.787453
v -0.0369035 0.178424 0.806293
vn -0.318081 -0.52796 -0.787453
v -0.0476795 0.178856 0.811576
vn -0.415548 -0.524048 -0.743434
v -0.0372095 0.219575 0.801592
vn -0.318081 -0.52796 -0.787453
v -0.0369035 0.178424 0.806293
vn 0.315925 0.52803 0.788274
v -0.0259185 0.219287 0.797761
vn 0.213809 0.530634 0.820191
v -0.0372095 0.219575 0.801592
vn 0.315925 0.52803 0.788274
v -0.0372095 0.219575 0.801592
vn -0.315925 -0.52803 -0.788274
v -0.0259185 0.219287 0.797761
vn -0.213809 -0.530634 -0.820191
v -0.0369035 0.178424 0.806293
vn -0.315925 -0.52803 -0.788274
v -0.0372095 0.219575 0.801592
vn 0.314757 0.539442 0.78098
v -0.0879185 0.220206 0.811976
vn -0.00736587 0.994481 -0.104658
v -0.0479845 0.220007 0.806875
vn 0.413651 0.535473 0.736316
v -0.0479845 0.220007 0.806875
vn -0.413651 -0.535473 -0.736316
v -0.0879185 0.220206 0.811976
vn 0.00736587 -0.994481 0.104658
v -0.0372095 0.219575 0.801592
vn -0.314757 -0.539442 -0.78098
v -0.0580875 0.220578 0.813533
vn 0.510237 0.520102 0.684946
v -0.0673055 0.213048 0.822406
vn 0.992888 -0.0051628 -0.118943
v -0.0670615 0.180127 0.826167
vn 0.709248 0.687802 -0.154583
v -0.0670615 0.180127 0.826167
vn -0.709248 -0.687802 0.154583
v -0.0673055 0.213048 0.822406
vn -0.992888 0.0051628 0.118943
v -0.0580875 0.220578 0.813533
vn -0.510237 -0.520102 -0.684946
v -0.0577825 0.179427 0.818233
vn 0.505546 0.532841 0.678605
v -0.0876145 0.179054 0.816677
vn 0.453319 0.37871 -0.806896
v -0.0670615 0.180127 0.826167
vn 0.699197 0.695061 -0.167374
v -0.0670615 0.180127 0.826167
vn -0.699197 -0.695061 0.167374
v -0.0876145 0.179054 0.816677
vn -0.453319 -0.37871 0.806896
v -0.0577825 0.179427 0.818233
vn -0.505546 -0.532841 -0.678605
v -0.0673055 0.213048 0.822406
vn 0.99167 -0.00619383 -0.128652
v -0.0580875 0.220578 0.813533
vn 0.508346 0.524465 0.683023
v -0.0673665 0.221279 0.821466
vn 0.434701 0.762712 0.478859
v -0.0673665 0.221279 0.821466
vn -0.434701 -0.762712 -0.478859
v -0.0580875 0.220578 0.813533
vn -0.508346 -0.524465 -0.683023
v -0.0673055 0.213048 0.822406
vn -0.99167 0.00619383 0.128652
v -0.0479845 0.220007 0.806875
vn 0.413239 0.537067 0.735386
v -0.0879185 0.220206 0.811976
vn -0.007366 0.994481 -0.10466
v -0.0580875 0.220578 0.813533
vn 0.505863 0.531835 0.679157
v -0.0580875 0.220578 0.813533
vn -0.505863 -0.531835 -0.679157
v -0.0879185 0.220206 0.811976
vn 0.007366 -0.994481 0.10466
v -0.0479845 0.220007 0.806875
vn -0.413239 -0.537067 -0.735386
v -0.0479845 0.220007 0.806875
vn 0.417586 0.52395 0.74236
v -0.0577825 0.179427 0.818233
vn 0.508962 0.518789 0.686889
v -0.0476795 0.178856 0.811576
vn 0.417586 0.52395 0.74236
v -0.0476795 0.178856 0.811576
vn -0.417586 -0.52395 -0.74236
v -0.0577825 0.179427 0.818233
vn -0.508962 -0.518789 -0.686889
v -0.0479845 0.220007 0.806875
vn -0.417586 -0.52395 -0.74236
v -0.0476795 0.178856 0.811576
vn 0.415548 0.524048 0.743433
v -0.0372095 0.219575 0.801592
vn 0.318081 0.527961 0.787453
v -0.0479845 0.220007 0.806875
vn 0.415548 0.524048 0.743433
v -0.0479845 0.220007 0.806875
vn -0.415548 -0.524048 -0.743433
v -0.0372095 0.219575 0.801592
vn -0.318081 -0.527961 -0.787453
v -0.0476795 0.178856 0.811576
vn -0.415548 -0.524048 -0.743433
v -0.0580875 0.220578 0.813533
vn 0.510858 0.518664 0.685574
v -0.0670615 0.180127 0.826167
vn 0.71059 0.68713 -0.151374
v -0.0577825 0.179427 0.818233
vn 0.510858 0.518664 0.685574
v -0.0577825 0.179427 0.818233
vn -0.510858 -0.518664 -0.685574
v -0.0670615 0.180127 0.826167
vn -0.71059 -0.68713 0.151374
v -0.0580875 0.220578 0.813533
vn -0.510858 -0.518664 -0.685574
v -0.0577825 0.179427 0.818233
vn 0.508963 0.518788 0.686888
v -0.0479845 0.220007 0.806875
vn 0.417587 0.523949 0.74236
v -0.0580875 0.220578 0.813533
vn 0.508963 0.518788 0.686888
v -0.0580875 0.220578 0.813533
vn -0.508963 -0.518788 -0.686888
v -0.0479845 0.220007 0.806875
vn -0.417587 -0.523949 -0.74236
v -0.0577825 0.179427 0.818233
vn -0.508963 -0.518788 -0.686888
v 0.166159 -0.219345 0.319051
vn -0.000818834 0.864775 -0.502159
v 0.180209 0.118503 0.31927
vn 0.0113561 0.000124292 -0.999936
v 0.182711 -0.21922 0.319255
vn 0.000896929 0.792418 -0.609978
v -0.181134 -0.221915 0.314768
vn 0.0102839 0.131744 -0.99123
v 0.180209 0.118503 0.31927
vn 0.0113573 0.000125291 -0.999935
v 0.166159 -0.219345 0.319051
vn 0.00974139 0.187668 -0.982184
v -0.181365 -0.190668 0.31477
vn 0.01135 0.000131331 -0.999936
v 0.180209 0.118503 0.31927
vn 0.01135 0.000131331 -0.999936
v -0.181134 -0.221915 0.314768
vn 0.00581131 0.522304 -0.85274
v -0.181476 -0.175691 0.314771
vn 0.0113521 0.000128709 -0.999936
v 0.180209 0.118503 0.31927
vn 0.0113521 0.000128709 -0.999936
v -0.181365 -0.190668 0.31477
vn 0.0113521 0.000128709 -0.999936
v -0.182853 0.010214 0.314779
vn 0.0113572 0.000122398 -0.999935
v 0.180209 0.118503 0.31927
vn 0.0113572 0.000122398 -0.999935
v -0.181476 -0.175691 0.314771
vn 0.0113572 0.000122398 -0.999935
v 0.180209 0.118503 0.31927
vn 0.0113563 0.000117384 -0.999936
v -0.183535 0.102198 0.314783
vn 0.0113563 0.000117384 -0.999936
v -0.183635 0.115808 0.314783
vn 0.0113563 0.000117384 -0.999936
v -0.183173 0.053437 0.314781
vn 0.0113557 0.000126395 -0.999936
v 0.180209 0.118503 0.31927
vn 0.0113557 0.000126395 -0.999936
v -0.182853 0.010214 0.314779
vn 0.0113557 0.000126395 -0.999936
v -0.183535 0.102198 0.314783
vn 0.011356 0.000124578 -0.999936
v 0.180209 0.118503 0.31927
vn 0.011356 0.000124578 -0.999936
v -0.183173 0.053437 0.314781
vn 0.011356 0.000124578 -0.999936
v 0.166159 -0.219345 0.319051
vn -0.00340474 0.944797 -0.32764
v -0.181134 -0.221915 0.319251
vn -0.00740403 0.999973 -3.10762e-05
v 0.166159 -0.219342 0.319255
vn -0.00740403 0.999973 -3.10762e-05
v 0.166159 -0.219342 0.319255
vn -0.00740402 0.999973 5.01968e-06
v -0.181134 -0.221915 0.319251
vn -0.00740402 0.999973 5.01968e-06
v -0.164582 -0.221792 0.319251
vn -0.00740402 0.999973 5.01968e-06
v -0.181134 -0.221915 0.319251
vn -0.0074038 0.999973 9.46548e-06
v 0.166159 -0.219345 0.319051
vn -0.0036183 0.950167 -0.311721
v -0.181134 -0.221915 0.314768
vn 0.0022832 0.733771 -0.679393
v 0.163392 0.154137 0.367234
vn 0.684664 -0.697467 -0.211602
v 0.163064 0.19801 0.649696
vn 0.999973 0.00741492 6.83397e-06
v 0.163064 0.1981 0.650622
vn 0.950856 -0.303873 0.0594478
v 0.163064 0.19801 0.649696
vn -0.999973 -0.00740794 -7.78525e-06
v 0.163064 0.1981 0.650622
vn -0.951144 0.0448399 0.305476
v 0.163005 0.206241 0.648756
vn -0.891165 -0.45126 0.0467867
v 0.163071 0.197144 0.640762
vn -0.999973 -0.00740802 -8.1673e-06
v 0.163064 0.19801 0.649696
vn -0.999973 -0.00740802 -8.1673e-06
v 0.16301 0.205374 0.639821
vn -0.999973 -0.00740802 -8.1673e-06
v 0.163064 0.19801 0.649696
vn -0.007366 0.994481 -0.104658
v 0.163071 0.197144 0.640762
vn -0.007366 0.994481 -0.104658
v -0.167675 0.19556 0.649693
vn -0.007366 0.994481 -0.104658
v 0.163004 0.206277 0.649127
vn -0.907808 -0.25791 0.330708
v 0.163005 0.206241 0.648756
vn -0.891131 -0.451327 0.0467932
v 0.163064 0.1981 0.650622
vn -0.951128 0.0448482 0.305524
v 0.163005 0.206241 0.648756
vn -0.999973 -0.00740766 -7.8722e-06
v 0.16301 0.205374 0.639821
vn -0.999973 -0.00740766 -7.8722e-06
v 0.163064 0.19801 0.649696
vn -0.999973 -0.00740766 -7.8722e-06
v -0.16767 0.194694 0.640759
vn -0.00736597 0.994481 -0.104657
v -0.167675 0.19556 0.649693
vn -0.00736597 0.994481 -0.104657
v 0.163071 0.197144 0.640762
vn -0.00736597 0.994481 -0.104657
v 0.163005 0.206241 0.648756
vn -0.891124 -0.451341 0.0467948
v 0.163004 0.206277 0.649127
vn -0.907801 -0.257918 0.33072
v 0.162962 0.211753 0.648126
vn -0.708001 0.112177 0.697245
v -0.16767 0.194694 0.640759
vn 0.999973 0.00740798 7.8406e-06
v -0.16773 0.202925 0.639818
vn 0.999973 0.00740798 7.8406e-06
v -0.167675 0.19556 0.649693
vn 0.999973 0.00740798 7.8406e-06
v 0.162731 0.199623 0.666353
vn -0.995906 -0.0167252 -0.0888292
v 0.160033 0.202724 0.698542
vn -0.975082 -0.0303499 -0.219758
v 0.162669 0.207853 0.665412
vn -0.995906 -0.0167252 -0.0888292
v -0.167675 0.19556 0.649693
vn -0.999973 -0.00740451 -8.58678e-06
v -0.167349 0.151688 0.367232
vn -0.674253 -0.707533 -0.211612
v -0.167677 0.19565 0.650619
vn -0.94625 -0.317929 0.0594345
v -0.167737 0.20379 0.648752
vn 0.999973 0.00740799 7.84707e-06
v -0.167675 0.19556 0.649693
vn 0.999973 0.00740799 7.84707e-06
v -0.16773 0.202925 0.639818
vn 0.999973 0.00740799 7.84707e-06
v -0.167737 0.203827 0.649125
vn 0.911524 -0.244432 0.330722
v -0.167677 0.19565 0.650619
vn 0.950354 0.0589355 0.305538
v -0.167737 0.20379 0.648752
vn 0.89772 -0.438074 0.0468071
v -0.167737 0.203827 0.649125
vn 0.911517 -0.244441 0.330733
v -0.167737 0.20379 0.648752
vn 0.897712 -0.438088 0.0468086
v -0.167778 0.209303 0.648123
vn 0.706249 0.122655 0.697257
v 0.159971 0.210954 0.697602
vn -0.975082 -0.0303509 -0.219758
v 0.162669 0.207853 0.665412
vn -0.995906 -0.0167262 -0.0888294
v 0.160033 0.202724 0.698542
vn -0.975082 -0.0303509 -0.219758
v -0.167675 0.19556 0.649693
vn 0.999973 0.00740801 8.10989e-06
v -0.167737 0.20379 0.648752
vn 0.897753 -0.438007 0.0468003
v -0.167677 0.19565 0.650619
vn 0.95037 0.0589274 0.30549
v 0.160033 0.202724 0.698542
vn -0.974362 -0.0306752 -0.222885
v 0.144297 0.206989 0.743747
vn -0.486969 0.0878437 0.86899
v 0.159971 0.210954 0.697602
vn -0.974362 -0.0306752 -0.222885
v 0.144238 0.21522 0.742807
vn -0.486971 0.087847 0.868989
v 0.159971 0.210954 0.697602
vn -0.974362 -0.0306718 -0.222885
v 0.144297 0.206989 0.743747
vn -0.486971 0.087847 0.868989
v -0.164776 0.208548 0.697599
vn -0.975428 0.0159003 0.219743
v -0.167425 0.205408 0.66541
vn -0.996046 0.00196882 0.0888128
v -0.164715 0.200318 0.698538
vn -0.975428 0.0159003 0.219743
v -0.167366 0.197177 0.66635
vn -0.996046 0.00197013 0.088813
v -0.164715 0.200318 0.698538
vn -0.975428 0.0159016 0.219743
v -0.167425 0.205408 0.66541
vn -0.996046 0.00197013 0.088813
v 0.144297 0.206989 0.743747
vn -0.461599 0.0894604 0.882566
v 0.144238 0.21522 0.742807
vn -0.461599 0.0894604 0.882566
v 0.117991 0.210582 0.78281
vn 0.72369 0.0775282 0.685757
v -0.164715 0.200318 0.698538
vn -0.974713 0.0162342 0.222871
v -0.149045 0.204817 0.743745
vn -0.881966 0.0428615 0.469361
v -0.164776 0.208548 0.697599
vn -0.974713 0.0162342 0.222871
v 0.117932 0.218812 0.78187
vn 0.723689 0.0775284 0.685757
v 0.117991 0.210582 0.78281
vn 0.723689 0.0775284 0.685757
v 0.144238 0.21522 0.742807
vn -0.4616 0.0894604 0.882565
v -0.167778 0.209303 0.648123
vn -0.00736599 0.994481 -0.104659
v -0.167467 0.21092 0.66478
vn -0.00736599 0.994481 -0.104659
v -0.164816 0.21406 0.69697
vn -0.00736599 0.994481 -0.104659
v -0.149107 0.213046 0.742804
vn -0.881965 0.0428628 0.469361
v -0.164776 0.208548 0.697599
vn -0.974713 0.0162354 0.22287
v -0.149045 0.204817 0.743745
vn -0.881965 0.0428628 0.469361
v 0.117991 0.210582 0.78281
vn 0.721023 0.0778007 0.68853
v 0.117932 0.218812 0.78187
vn 0.721023 0.0778007 0.68853
v 0.0830105 0.213242 0.812918
vn 0.513971 0.0935432 0.852692
v -0.149045 0.204817 0.743745
vn -0.880141 0.0432322 0.472739
v -0.122795 0.208798 0.782808
vn -0.72477 0.0668001 0.685745
v -0.149107 0.213046 0.742804
vn -0.880141 0.0432322 0.472739
v -0.122857 0.217029 0.781869
vn -0.72477 0.0667978 0.685745
v -0.149107 0.213046 0.742804
vn -0.880141 0.04323 0.47274
v -0.122795 0.208798 0.782808
vn -0.72477 0.0667978 0.685745
v 0.0829505 0.221472 0.811977
vn 0.51397 0.0935446 0.852692
v 0.0830105 0.213242 0.812918
vn 0.51397 0.0935446 0.852692
v 0.117932 0.218812 0.78187
vn 0.721023 0.0778021 0.68853
v -0.122857 0.217029 0.781869
vn -0.722107 0.067109 0.688519
v -0.122795 0.208798 0.782808
vn -0.722107 0.067109 0.688519
v -0.0879185 0.220206 0.811976
vn -0.515315 0.0859181 0.852683
v 0.0830105 0.213242 0.812918
vn 0.511481 0.0936822 0.854173
v 0.0829505 0.221472 0.811977
vn 0.511481 0.0936822 0.854173
v 0.0624445 0.214009 0.822407
vn 0.392377 0.0991434 0.914446
v -0.0878585 0.211975 0.812916
vn -0.515315 0.0859205 0.852683
v -0.0879185 0.220206 0.811976
vn -0.515315 0.0859205 0.852683
v -0.122795 0.208798 0.782808
vn -0.722107 0.0671114 0.688518
v 0.0623835 0.222239 0.821467
vn 0.392377 0.0991429 0.914446
v 0.0624445 0.214009 0.822407
vn 0.392377 0.0991429 0.914446
v 0.0829505 0.221472 0.811977
vn 0.511481 0.0936817 0.854173
v -0.0879185 0.220206 0.811976
vn -0.512828 0.0860942 0.854164
v -0.0878585 0.211975 0.812916
vn -0.512828 0.0860942 0.854164
v -0.0673665 0.221279 0.821466
vn -0.393818 0.0933189 0.914439
v -0.0673055 0.213048 0.822406
vn -0.393818 0.0933185 0.914439
v -0.0673665 0.221279 0.821466
vn -0.393818 0.0933185 0.914439
v -0.0878585 0.211975 0.812916
vn -0.512828 0.0860939 0.854164
v -0.199943 0.112746 0.303031
vn -0.0651887 0.487739 -0.870552
v -0.203934 0.111364 0.302661
vn -0.0331165 0.247827 -0.968238
v -0.204046 0.112198 0.303031
vn -0.0651887 0.487739 -0.870552
v -0.203934 0.111364 0.302661
vn -0.0331164 0.247827 -0.968238
v -0.199943 0.112746 0.303031
vn -0.0651887 0.487739 -0.870552
v -0.199832 0.111911 0.302661
vn -0.0331164 0.247827 -0.968238
v -0.203934 0.111364 0.302661
vn -0.991183 -0.132499 -1.30281e-05
v -0.203943 0.111424 0.309951
vn -0.991183 -0.132499 -1.30281e-05
v -0.204046 0.112198 0.303031
vn -0.991183 -0.132499 -1.30281e-05
v -0.204046 0.112198 0.303031
vn -0.0651931 0.487772 -0.870533
v -0.20004 0.113464 0.303622
vn -0.0928235 0.694448 -0.71353
v -0.199943 0.112746 0.303031
vn -0.0651931 0.487772 -0.870533
v -0.199832 0.111911 0.302661
vn -0.0331115 0.24779 -0.968248
v -0.203815 0.110471 0.302542
vn 0.00121645 -0.0090059 -0.999959
v -0.203934 0.111364 0.302661
vn -0.0331115 0.24779 -0.968248
v -0.203934 0.111364 0.302661
vn -0.991183 -0.132499 -1.30315e-05
v -0.203824 0.110533 0.310089
vn -0.991183 -0.132499 -1.30315e-05
v -0.203943 0.111424 0.309951
vn -0.991183 -0.132499 -1.30315e-05
v -0.204046 0.112198 0.303031
vn -0.991183 -0.132499 -1.29919e-05
v -0.203943 0.111424 0.309951
vn -0.991183 -0.132499 -1.29919e-05
v -0.204053 0.112252 0.309565
vn -0.991183 -0.132499 -1.29919e-05
v -0.20004 0.113464 0.303622
vn -0.0928235 0.694448 -0.71353
v -0.204046 0.112198 0.303031
vn -0.0651931 0.487772 -0.870533
v -0.204141 0.112916 0.303622
vn -0.0928235 0.694448 -0.71353
v -0.203815 0.110471 0.302542
vn 0.00121645 -0.0090059 -0.999959
v -0.199832 0.111911 0.302661
vn -0.0331115 0.24779 -0.968248
v -0.199713 0.111019 0.302542
vn 0.00121645 -0.0090059 -0.999959
v -0.203815 0.110471 0.302542
vn -0.991183 -0.132499 -1.30228e-05
v -0.203824 0.110533 0.310089
vn -0.991183 -0.132499 -1.30228e-05
v -0.203934 0.111364 0.302661
vn -0.991183 -0.132499 -1.30228e-05
v -0.203824 0.110533 0.310089
vn -0.00122156 0.00904416 0.999958
v -0.199841 0.111973 0.309951
vn -0.0354676 0.265226 0.963534
v -0.203943 0.111424 0.309951
vn -0.0354676 0.265226 0.963534
v -0.203943 0.111424 0.309951
vn -0.0354725 0.265263 0.963523
v -0.199951 0.1128 0.309565
vn -0.0673009 0.503369 0.861446
v -0.204053 0.112252 0.309565
vn -0.0673009 0.503369 0.861446
v -0.204046 0.112198 0.303031
vn -0.991183 -0.132499 -1.29917e-05
v -0.204053 0.112252 0.309565
vn -0.991183 -0.132499 -1.29917e-05
v -0.204141 0.112916 0.303622
vn -0.991183 -0.132499 -1.29917e-05
v -0.204215 0.11347 0.304398
vn -0.114132 0.853832 -0.507882
v -0.20004 0.113464 0.303622
vn -0.0928272 0.694475 -0.713503
v -0.204141 0.112916 0.303622
vn -0.0928272 0.694475 -0.713503
v -0.199841 0.111973 0.309951
vn -0.0354676 0.265226 0.963534
v -0.203824 0.110533 0.310089
vn -0.00122156 0.00904416 0.999958
v -0.199722 0.111082 0.310089
vn -0.00122156 0.00904416 0.999958
v -0.199951 0.1128 0.309565
vn -0.0673009 0.503369 0.861446
v -0.203943 0.111424 0.309951
vn -0.0354725 0.265263 0.963523
v -0.199841 0.111973 0.309951
vn -0.0354725 0.265263 0.963523
v -0.199713 0.111019 0.302542
vn 0.00122154 -0.009044 -0.999958
v -0.203696 0.10958 0.302679
vn 0.0354676 -0.265226 -0.963534
v -0.203815 0.110471 0.302542
vn 0.00122154 -0.009044 -0.999958
v -0.203815 0.110471 0.302542
vn -0.991183 -0.132499 -1.30203e-05
v -0.203704 0.10964 0.309968
vn -0.991183 -0.132499 -1.30203e-05
v -0.203824 0.110533 0.310089
vn -0.991183 -0.132499 -1.30203e-05
v -0.200045 0.113509 0.308959
vn -0.0945471 0.707211 0.700652
v -0.204053 0.112252 0.309565
vn -0.0673053 0.503402 0.861427
v -0.199951 0.1128 0.309565
vn -0.0673053 0.503402 0.861427
v -0.204141 0.112916 0.303622
vn -0.991183 -0.132499 -1.29975e-05
v -0.204053 0.112252 0.309565
vn -0.991183 -0.132499 -1.29975e-05
v -0.204148 0.112961 0.308959
vn -0.991183 -0.132499 -1.29975e-05
v -0.20004 0.113464 0.303622
vn -0.0928272 0.694475 -0.713503
v -0.204215 0.11347 0.304398
vn -0.114132 0.853832 -0.507882
v -0.200114 0.114018 0.304398
vn -0.114132 0.853832 -0.507882
v -0.204141 0.112916 0.303622
vn -0.991183 -0.132499 -1.29985e-05
v -0.204148 0.112961 0.308959
vn -0.991183 -0.132499 -1.29985e-05
v -0.204215 0.11347 0.304398
vn -0.991183 -0.132499 -1.29985e-05
v -0.203704 0.10964 0.309968
vn 0.0331115 -0.24779 0.968248
v -0.199722 0.111082 0.310089
vn -0.00121642 0.00900573 0.999959
v -0.203824 0.110533 0.310089
vn -0.00121642 0.00900573 0.999959
v -0.203696 0.10958 0.302679
vn 0.0354676 -0.265226 -0.963534
v -0.199713 0.111019 0.302542
vn 0.00122154 -0.009044 -0.999958
v -0.199593 0.110129 0.302679
vn 0.0354676 -0.265226 -0.963534
v -0.203696 0.10958 0.302679
vn -0.991183 -0.132499 -1.29965e-05
v -0.203704 0.10964 0.309968
vn -0.991183 -0.132499 -1.29965e-05
v -0.203815 0.110471 0.302542
vn -0.991183 -0.132499 -1.29965e-05
v -0.204053 0.112252 0.309565
vn -0.0673053 0.503402 0.861427
v -0.200045 0.113509 0.308959
vn -0.0945471 0.707211 0.700652
v -0.204148 0.112961 0.308959
vn -0.0945471 0.707211 0.700652
v -0.204262 0.113822 0.305305
vn -0.127663 0.955029 -0.267623
v -0.200114 0.114018 0.304398
vn -0.114134 0.853852 -0.507849
v -0.204215 0.11347 0.304398
vn -0.114134 0.853852 -0.507849
v -0.204215 0.11347 0.304398
vn -0.991183 -0.132499 -1.29964e-05
v -0.204148 0.112961 0.308959
vn -0.991183 -0.132499 -1.29964e-05
v -0.20422 0.113501 0.308172
vn -0.991183 -0.132499 -1.29964e-05
v -0.199722 0.111082 0.310089
vn -0.00121642 0.00900574 0.999959
v -0.203704 0.10964 0.309968
vn 0.0331115 -0.24779 0.968248
v -0.199602 0.110189 0.309968
vn 0.0331115 -0.24779 0.968248
v -0.199593 0.110129 0.302679
vn 0.0354725 -0.265263 -0.963523
v -0.203585 0.108752 0.303064
vn 0.0673009 -0.503369 -0.861446
v -0.203696 0.10958 0.302679
vn 0.0354725 -0.265263 -0.963523
v -0.203696 0.10958 0.302679
vn -0.991183 -0.132499 -1.29974e-05
v -0.203593 0.108807 0.309599
vn -0.991183 -0.132499 -1.29974e-05
v -0.203704 0.10964 0.309968
vn -0.991183 -0.132499 -1.29974e-05
v -0.200118 0.11405 0.308172
vn -0.115352 0.862856 0.492111
v -0.204148 0.112961 0.308959
vn -0.0945506 0.707238 0.700624
v -0.200045 0.113509 0.308959
vn -0.0945506 0.707238 0.700624
v -0.200114 0.114018 0.304398
vn -0.114134 0.853852 -0.507849
v -0.204262 0.113822 0.305305
vn -0.127663 0.955029 -0.267623
v -0.200162 0.11437 0.305305
vn -0.127663 0.955029 -0.267623
v -0.204215 0.11347 0.304398
vn -0.991183 -0.132499 -1.29976e-05
v -0.20422 0.113501 0.308172
vn -0.991183 -0.132499 -1.29976e-05
v -0.204262 0.113822 0.305305
vn -0.991183 -0.132499 -1.29976e-05
v -0.204148 0.112961 0.308959
vn -0.0945507 0.707238 0.700624
v -0.200118 0.11405 0.308172
vn -0.115352 0.862856 0.492111
v -0.20422 0.113501 0.308172
vn -0.115352 0.862856 0.492111
v -0.203593 0.108807 0.309599
vn 0.0651887 -0.487739 0.870552
v -0.199602 0.110189 0.309968
vn 0.0331165 -0.247827 0.968238
v -0.203704 0.10964 0.309968
vn 0.0331165 -0.247827 0.968238
v -0.203585 0.108752 0.303064
vn 0.0673009 -0.503369 -0.861447
v -0.199593 0.110129 0.302679
vn 0.0354725 -0.265263 -0.963523
v -0.199483 0.1093 0.303064
vn 0.0673009 -0.503369 -0.861447
v -0.203585 0.108752 0.303064
vn -0.991183 -0.132499 -1.30179e-05
v -0.203593 0.108807 0.309599
vn -0.991183 -0.132499 -1.30179e-05
v -0.203696 0.10958 0.302679
vn -0.991183 -0.132499 -1.30179e-05
v -0.204279 0.113947 0.306281
vn -0.132494 0.991142 -0.00912622
v -0.200162 0.11437 0.305305
vn -0.127665 0.955039 -0.267586
v -0.204262 0.113822 0.305305
vn -0.127665 0.955039 -0.267586
v -0.204262 0.113822 0.305305
vn -0.991183 -0.132499 -1.29981e-05
v -0.20422 0.113501 0.308172
vn -0.991183 -0.132499 -1.29981e-05
v -0.204265 0.113838 0.307259
vn -0.991183 -0.132499 -1.29981e-05
v -0.200163 0.114386 0.307259
vn -0.128294 0.959701 0.250031
v -0.20422 0.113501 0.308172
vn -0.115354 0.862875 0.492077
v -0.200118 0.11405 0.308172
vn -0.115354 0.862875 0.492077
v -0.199602 0.110189 0.309968
vn 0.0331165 -0.247827 0.968238
v -0.203593 0.108807 0.309599
vn 0.0651887 -0.487739 0.870552
v -0.199491 0.109355 0.309599
vn 0.0651887 -0.487739 0.870552
v -0.199483 0.1093 0.303064
vn 0.0673053 -0.503402 -0.861427
v -0.20349 0.108044 0.303671
vn 0.0945471 -0.707211 -0.700652
v -0.203585 0.108752 0.303064
vn 0.0673053 -0.503402 -0.861427
v -0.203585 0.108752 0.303064
vn -0.991183 -0.132499 -1.30164e-05
v -0.203497 0.108088 0.309007
vn -0.991183 -0.132499 -1.30164e-05
v -0.203593 0.108807 0.309599
vn -0.991183 -0.132499 -1.30164e-05
v -0.200162 0.11437 0.305305
vn -0.127665 0.955039 -0.267586
v -0.204279 0.113947 0.306281
vn -0.132494 0.991142 -0.00912637
v -0.200178 0.114496 0.306281
vn -0.132494 0.991142 -0.00912637
v -0.204262 0.113822 0.305305
vn -0.991183 -0.132499 -1.29991e-05
v -0.204265 0.113838 0.307259
vn -0.991183 -0.132499 -1.29991e-05
v -0.204279 0.113947 0.306281
vn -0.991183 -0.132499 -1.29991e-05
v -0.20422 0.113501 0.308172
vn -0.115354 0.862875 0.492077
v -0.200163 0.114386 0.307259
vn -0.128294 0.959701 0.250031
v -0.204265 0.113838 0.307259
vn -0.128294 0.959701 0.250031
v -0.203497 0.108088 0.309007
vn 0.0928235 -0.694448 0.713531
v -0.199491 0.109355 0.309599
vn 0.0651931 -0.487772 0.870533
v -0.203593 0.108807 0.309599
vn 0.0651931 -0.487772 0.870533
v -0.20349 0.108044 0.303671
vn 0.0945471 -0.707211 -0.700652
v -0.199483 0.1093 0.303064
vn 0.0673053 -0.503402 -0.861427
v -0.199389 0.108592 0.303671
vn 0.0945471 -0.707211 -0.700652
v -0.20349 0.108044 0.303671
vn -0.991183 -0.132499 -1.30028e-05
v -0.203497 0.108088 0.309007
vn -0.991183 -0.132499 -1.30028e-05
v -0.203585 0.108752 0.303064
vn -0.991183 -0.132499 -1.30028e-05
v -0.204265 0.113838 0.307259
vn -0.128296 0.95971 0.249993
v -0.200178 0.114496 0.306281
vn -0.132494 0.991142 -0.00908775
v -0.204279 0.113947 0.306281
vn -0.132494 0.991142 -0.00908775
v -0.200178 0.114496 0.306281
vn -0.132494 0.991142 -0.00908762
v -0.204265 0.113838 0.307259
vn -0.128296 0.95971 0.249993
v -0.200163 0.114386 0.307259
vn -0.128296 0.95971 0.249993
v -0.199491 0.109355 0.309599
vn 0.0651931 -0.487772 0.870533
v -0.203497 0.108088 0.309007
vn 0.0928235 -0.694448 0.71353
v -0.199395 0.108637 0.309007
vn 0.0928235 -0.694448 0.71353
v -0.199389 0.108592 0.303671
vn 0.0945506 -0.707238 -0.700624
v -0.203417 0.107503 0.304458
vn 0.115352 -0.862856 -0.492111
v -0.20349 0.108044 0.303671
vn 0.0945506 -0.707238 -0.700624
v -0.20349 0.108044 0.303671
vn -0.991183 -0.132499 -1.30014e-05
v -0.203423 0.107534 0.308231
vn -0.991183 -0.132499 -1.30014e-05
v -0.203497 0.108088 0.309007
vn -0.991183 -0.132499 -1.30014e-05
v -0.203497 0.108088 0.309007
vn 0.0928272 -0.694475 0.713503
v -0.19932 0.108083 0.308231
vn 0.114132 -0.853832 0.507882
v -0.199395 0.108637 0.309007
vn 0.0928272 -0.694475 0.713503
v -0.203417 0.107503 0.304458
vn 0.115352 -0.862856 -0.492111
v -0.199389 0.108592 0.303671
vn 0.0945506 -0.707238 -0.700624
v -0.199317 0.108051 0.304458
vn 0.115352 -0.862856 -0.492111
v -0.203417 0.107503 0.304458
vn -0.991183 -0.132499 -1.30166e-05
v -0.203423 0.107534 0.308231
vn -0.991183 -0.132499 -1.30166e-05
v -0.20349 0.108044 0.303671
vn -0.991183 -0.132499 -1.30166e-05
v -0.19932 0.108083 0.308231
vn 0.114132 -0.853832 0.507882
v -0.203497 0.108088 0.309007
vn 0.0928272 -0.694475 0.713503
v -0.203423 0.107534 0.308231
vn 0.114132 -0.853832 0.507882
v -0.199317 0.108051 0.304458
vn 0.115354 -0.862875 -0.492077
v -0.203373 0.107166 0.305372
vn 0.128294 -0.959701 -0.250031
v -0.203417 0.107503 0.304458
vn 0.115354 -0.862875 -0.492077
v -0.203417 0.107503 0.304458
vn -0.991183 -0.132499 -1.30114e-05
v -0.203376 0.107182 0.307325
vn -0.991183 -0.132499 -1.30114e-05
v -0.203423 0.107534 0.308231
vn -0.991183 -0.132499 -1.30114e-05
v -0.203423 0.107534 0.308231
vn 0.114134 -0.853852 0.507849
v -0.199273 0.107731 0.307325
vn 0.127663 -0.955029 0.267623
v -0.19932 0.108083 0.308231
vn 0.114134 -0.853852 0.507849
v -0.203373 0.107166 0.305372
vn 0.128294 -0.959701 -0.250031
v -0.199317 0.108051 0.304458
vn 0.115354 -0.862875 -0.492077
v -0.199272 0.107715 0.305372
vn 0.128294 -0.959701 -0.250031
v -0.203373 0.107166 0.305372
vn -0.991183 -0.132499 -1.30111e-05
v -0.203376 0.107182 0.307325
vn -0.991183 -0.132499 -1.30111e-05
v -0.203417 0.107503 0.304458
vn -0.991183 -0.132499 -1.30111e-05
v -0.199273 0.107731 0.307325
vn 0.127663 -0.955029 0.267623
v -0.203423 0.107534 0.308231
vn 0.114134 -0.853852 0.507849
v -0.203376 0.107182 0.307325
vn 0.127663 -0.955029 0.267623
v -0.199272 0.107715 0.305372
vn 0.128296 -0.95971 -0.249993
v -0.203359 0.107057 0.306349
vn 0.132494 -0.991142 0.00908778
v -0.203373 0.107166 0.305372
vn 0.128296 -0.95971 -0.249993
v -0.203376 0.107182 0.307325
vn -0.991183 -0.132499 -1.3004e-05
v -0.203373 0.107166 0.305372
vn -0.991183 -0.132499 -1.3004e-05
v -0.203359 0.107057 0.306349
vn -0.991183 -0.132499 -1.3004e-05
v -0.203376 0.107182 0.307325
vn 0.127665 -0.955039 0.267586
v -0.199257 0.107605 0.306349
vn 0.132494 -0.991142 0.00912639
v -0.199273 0.107731 0.307325
vn 0.127665 -0.955039 0.267586
v -0.203359 0.107057 0.306349
vn 0.132494 -0.991142 0.00908759
v -0.199272 0.107715 0.305372
vn 0.128296 -0.95971 -0.249993
v -0.199257 0.107605 0.306349
vn 0.132494 -0.991142 0.00908759
v -0.199257 0.107605 0.306349
vn 0.132494 -0.991142 0.00912623
v -0.203376 0.107182 0.307325
vn 0.127665 -0.955039 0.267586
v -0.203359 0.107057 0.306349
vn 0.132494 -0.991142 0.00912623
v -0.204046 0.112198 0.303031
vn 0.0651887 -0.487739 0.870552
v -0.203934 0.111364 0.302661
vn 0.0331165 -0.247827 0.968238
v -0.199943 0.112746 0.303031
vn 0.0651887 -0.487739 0.870552
v -0.199832 0.111911 0.302661
vn 0.0331164 -0.247827 0.968238
v -0.199943 0.112746 0.303031
vn 0.0651887 -0.487739 0.870552
v -0.203934 0.111364 0.302661
vn 0.0331164 -0.247827 0.968238
v -0.204046 0.112198 0.303031
vn 0.991183 0.132499 1.30281e-05
v -0.203943 0.111424 0.309951
vn 0.991183 0.132499 1.30281e-05
v -0.203934 0.111364 0.302661
vn 0.991183 0.132499 1.30281e-05
v -0.199943 0.112746 0.303031
vn 0.0651931 -0.487772 0.870533
v -0.20004 0.113464 0.303622
vn 0.0928235 -0.694448 0.71353
v -0.204046 0.112198 0.303031
vn 0.0651931 -0.487772 0.870533
v -0.199943 0.112746 0.303031
vn -0.991183 -0.132499 -1.29893e-05
v -0.199832 0.111911 0.302661
vn -0.991183 -0.132499 -1.29893e-05
v -0.199841 0.111973 0.309951
vn -0.991183 -0.132499 -1.29893e-05
v -0.203934 0.111364 0.302661
vn 0.0331115 -0.24779 0.968248
v -0.203815 0.110471 0.302542
vn -0.00121645 0.0090059 0.999959
v -0.199832 0.111911 0.302661
vn 0.0331115 -0.24779 0.968248
v -0.203943 0.111424 0.309951
vn 0.991183 0.132499 1.30315e-05
v -0.203824 0.110533 0.310089
vn 0.991183 0.132499 1.30315e-05
v -0.203934 0.111364 0.302661
vn 0.991183 0.132499 1.30315e-05
v -0.204053 0.112252 0.309565
vn 0.991183 0.132499 1.29919e-05
v -0.203943 0.111424 0.309951
vn 0.991183 0.132499 1.29919e-05
v -0.204046 0.112198 0.303031
vn 0.991183 0.132499 1.29919e-05
v -0.204141 0.112916 0.303622
vn 0.0928235 -0.694448 0.71353
v -0.204046 0.112198 0.303031
vn 0.0651931 -0.487772 0.870533
v -0.20004 0.113464 0.303622
vn 0.0928235 -0.694448 0.71353
v -0.20004 0.113464 0.303622
vn -0.991183 -0.132499 -1.30199e-05
v -0.199943 0.112746 0.303031
vn -0.991183 -0.132499 -1.30199e-05
v -0.199951 0.1128 0.309565
vn -0.991183 -0.132499 -1.30199e-05
v -0.199841 0.111973 0.309951
vn -0.991183 -0.132499 -1.29872e-05
v -0.199832 0.111911 0.302661
vn -0.991183 -0.132499 -1.29872e-05
v -0.199722 0.111082 0.310089
vn -0.991183 -0.132499 -1.29872e-05
v -0.199951 0.1128 0.309565
vn -0.991183 -0.132499 -1.3022e-05
v -0.199943 0.112746 0.303031
vn -0.991183 -0.132499 -1.3022e-05
v -0.199841 0.111973 0.309951
vn -0.991183 -0.132499 -1.3022e-05
v -0.199713 0.111019 0.302542
vn -0.00121645 0.0090059 0.999959
v -0.199832 0.111911 0.302661
vn 0.0331115 -0.24779 0.968248
v -0.203815 0.110471 0.302542
vn -0.00121645 0.0090059 0.999959
v -0.203934 0.111364 0.302661
vn 0.991183 0.132499 1.30228e-05
v -0.203824 0.110533 0.310089
vn 0.991183 0.132499 1.30228e-05
v -0.203815 0.110471 0.302542
vn 0.991183 0.132499 1.30228e-05
v -0.203943 0.111424 0.309951
vn 0.0354676 -0.265226 -0.963534
v -0.199841 0.111973 0.309951
vn 0.0354676 -0.265226 -0.963534
v -0.203824 0.110533 0.310089
vn 0.00122156 -0.00904416 -0.999958
v -0.204053 0.112252 0.309565
vn 0.0673009 -0.503369 -0.861446
v -0.199951 0.1128 0.309565
vn 0.0673009 -0.503369 -0.861446
v -0.203943 0.111424 0.309951
vn 0.0354725 -0.265263 -0.963523
v -0.204141 0.112916 0.303622
vn 0.991183 0.132499 1.29917e-05
v -0.204053 0.112252 0.309565
vn 0.991183 0.132499 1.29917e-05
v -0.204046 0.112198 0.303031
vn 0.991183 0.132499 1.29917e-05
v -0.204141 0.112916 0.303622
vn 0.0928272 -0.694475 0.713503
v -0.20004 0.113464 0.303622
vn 0.0928272 -0.694475 0.713503
v -0.204215 0.11347 0.304398
vn 0.114132 -0.853832 0.507882
v -0.200045 0.113509 0.308959
vn -0.991183 -0.132499 -1.29989e-05
v -0.20004 0.113464 0.303622
vn -0.991183 -0.132499 -1.29989e-05
v -0.199951 0.1128 0.309565
vn -0.991183 -0.132499 -1.29989e-05
v -0.199832 0.111911 0.302661
vn -0.991183 -0.132499 -1.29827e-05
v -0.199713 0.111019 0.302542
vn -0.991183 -0.132499 -1.29827e-05
v -0.199722 0.111082 0.310089
vn -0.991183 -0.132499 -1.29827e-05
v -0.199722 0.111082 0.310089
vn 0.00122156 -0.00904416 -0.999958
v -0.203824 0.110533 0.310089
vn 0.00122156 -0.00904416 -0.999958
v -0.199841 0.111973 0.309951
vn 0.0354676 -0.265226 -0.963534
v -0.199841 0.111973 0.309951
vn 0.0354725 -0.265263 -0.963523
v -0.203943 0.111424 0.309951
vn 0.0354725 -0.265263 -0.963523
v -0.199951 0.1128 0.309565
vn 0.0673009 -0.503369 -0.861446
v -0.203815 0.110471 0.302542
vn -0.00122154 0.009044 0.999958
v -0.203696 0.10958 0.302679
vn -0.0354676 0.265226 0.963534
v -0.199713 0.111019 0.302542
vn -0.00122154 0.009044 0.999958
v -0.203824 0.110533 0.310089
vn 0.991183 0.132499 1.30203e-05
v -0.203704 0.10964 0.309968
vn 0.991183 0.132499 1.30203e-05
v -0.203815 0.110471 0.302542
vn 0.991183 0.132499 1.30203e-05
v -0.199951 0.1128 0.309565
vn 0.0673053 -0.503402 -0.861427
v -0.204053 0.112252 0.309565
vn 0.0673053 -0.503402 -0.861427
v -0.200045 0.113509 0.308959
vn 0.0945471 -0.707211 -0.700652
v -0.204148 0.112961 0.308959
vn 0.991183 0.132499 1.29975e-05
v -0.204053 0.112252 0.309565
vn 0.991183 0.132499 1.29975e-05
v -0.204141 0.112916 0.303622
vn 0.991183 0.132499 1.29975e-05
v -0.200114 0.114018 0.304398
vn 0.114132 -0.853832 0.507882
v -0.204215 0.11347 0.304398
vn 0.114132 -0.853832 0.507882
v -0.20004 0.113464 0.303622
vn 0.0928272 -0.694475 0.713503
v -0.204215 0.11347 0.304398
vn 0.991183 0.132499 1.29985e-05
v -0.204148 0.112961 0.308959
vn 0.991183 0.132499 1.29985e-05
v -0.204141 0.112916 0.303622
vn 0.991183 0.132499 1.29985e-05
v -0.200114 0.114018 0.304398
vn -0.991183 -0.132499 -1.29982e-05
v -0.20004 0.113464 0.303622
vn -0.991183 -0.132499 -1.29982e-05
v -0.200045 0.113509 0.308959
vn -0.991183 -0.132499 -1.29982e-05
v -0.199722 0.111082 0.310089
vn -0.991183 -0.132499 -1.2983e-05
v -0.199713 0.111019 0.302542
vn -0.991183 -0.132499 -1.2983e-05
v -0.199602 0.110189 0.309968
vn -0.991183 -0.132499 -1.2983e-05
v -0.203824 0.110533 0.310089
vn 0.00121642 -0.00900573 -0.999959
v -0.199722 0.111082 0.310089
vn 0.00121642 -0.00900573 -0.999959
v -0.203704 0.10964 0.309968
vn -0.0331115 0.24779 -0.968248
v -0.199593 0.110129 0.302679
vn -0.0354676 0.265226 0.963534
v -0.199713 0.111019 0.302542
vn -0.00122154 0.009044 0.999958
v -0.203696 0.10958 0.302679
vn -0.0354676 0.265226 0.963534
v -0.203815 0.110471 0.302542
vn 0.991183 0.132499 1.29965e-05
v -0.203704 0.10964 0.309968
vn 0.991183 0.132499 1.29965e-05
v -0.203696 0.10958 0.302679
vn 0.991183 0.132499 1.29965e-05
v -0.204148 0.112961 0.308959
vn 0.0945471 -0.707211 -0.700652
v -0.200045 0.113509 0.308959
vn 0.0945471 -0.707211 -0.700652
v -0.204053 0.112252 0.309565
vn 0.0673053 -0.503402 -0.861427
v -0.204215 0.11347 0.304398
vn 0.114134 -0.853852 0.507849
v -0.200114 0.114018 0.304398
vn 0.114134 -0.853852 0.507849
v -0.204262 0.113822 0.305305
vn 0.127663 -0.955029 0.267623
v -0.20422 0.113501 0.308172
vn 0.991183 0.132499 1.29964e-05
v -0.204148 0.112961 0.308959
vn 0.991183 0.132499 1.29964e-05
v -0.204215 0.11347 0.304398
vn 0.991183 0.132499 1.29964e-05
v -0.200118 0.11405 0.308172
vn -0.991183 -0.132499 -1.30134e-05
v -0.200114 0.114018 0.304398
vn -0.991183 -0.132499 -1.30134e-05
v -0.200045 0.113509 0.308959
vn -0.991183 -0.132499 -1.30134e-05
v -0.199713 0.111019 0.302542
vn -0.991183 -0.132499 -1.30288e-05
v -0.199593 0.110129 0.302679
vn -0.991183 -0.132499 -1.30288e-05
v -0.199602 0.110189 0.309968
vn -0.991183 -0.132499 -1.30288e-05
v -0.199602 0.110189 0.309968
vn -0.0331115 0.24779 -0.968248
v -0.203704 0.10964 0.309968
vn -0.0331115 0.24779 -0.968248
v -0.199722 0.111082 0.310089
vn 0.00121642 -0.00900574 -0.999959
v -0.203696 0.10958 0.302679
vn -0.0354725 0.265263 0.963523
v -0.203585 0.108752 0.303064
vn -0.0673009 0.503369 0.861446
v -0.199593 0.110129 0.302679
vn -0.0354725 0.265263 0.963523
v -0.203704 0.10964 0.309968
vn 0.991183 0.132499 1.29974e-05
v -0.203593 0.108807 0.309599
vn 0.991183 0.132499 1.29974e-05
v -0.203696 0.10958 0.302679
vn 0.991183 0.132499 1.29974e-05
v -0.200045 0.113509 0.308959
vn 0.0945506 -0.707238 -0.700624
v -0.204148 0.112961 0.308959
vn 0.0945506 -0.707238 -0.700624
v -0.200118 0.11405 0.308172
vn 0.115352 -0.862856 -0.492111
v -0.200162 0.11437 0.305305
vn 0.127663 -0.955029 0.267623
v -0.204262 0.113822 0.305305
vn 0.127663 -0.955029 0.267623
v -0.200114 0.114018 0.304398
vn 0.114134 -0.853852 0.507849
v -0.204262 0.113822 0.305305
vn 0.991183 0.132499 1.29976e-05
v -0.20422 0.113501 0.308172
vn 0.991183 0.132499 1.29976e-05
v -0.204215 0.11347 0.304398
vn 0.991183 0.132499 1.29976e-05
v -0.20422 0.113501 0.308172
vn 0.115352 -0.862856 -0.492111
v -0.200118 0.11405 0.308172
vn 0.115352 -0.862856 -0.492111
v -0.204148 0.112961 0.308959
vn 0.0945507 -0.707238 -0.700624
v -0.200162 0.11437 0.305305
vn -0.991183 -0.132499 -1.30081e-05
v -0.200114 0.114018 0.304398
vn -0.991183 -0.132499 -1.30081e-05
v -0.200118 0.11405 0.308172
vn -0.991183 -0.132499 -1.30081e-05
v -0.199602 0.110189 0.309968
vn -0.991183 -0.132499 -1.30281e-05
v -0.199593 0.110129 0.302679
vn -0.991183 -0.132499 -1.30281e-05
v -0.199491 0.109355 0.309599
vn -0.991183 -0.132499 -1.30281e-05
v -0.203704 0.10964 0.309968
vn -0.0331165 0.247827 -0.968238
v -0.199602 0.110189 0.309968
vn -0.0331165 0.247827 -0.968238
v -0.203593 0.108807 0.309599
vn -0.0651887 0.487739 -0.870552
v -0.199483 0.1093 0.303064
vn -0.0673009 0.503369 0.861447
v -0.199593 0.110129 0.302679
vn -0.0354725 0.265263 0.963523
v -0.203585 0.108752 0.303064
vn -0.0673009 0.503369 0.861447
v -0.203696 0.10958 0.302679
vn 0.991183 0.132499 1.30179e-05
v -0.203593 0.108807 0.309599
vn 0.991183 0.132499 1.30179e-05
v -0.203585 0.108752 0.303064
vn 0.991183 0.132499 1.30179e-05
v -0.204262 0.113822 0.305305
vn 0.127665 -0.955039 0.267586
v -0.200162 0.11437 0.305305
vn 0.127665 -0.955039 0.267586
v -0.204279 0.113947 0.306281
vn 0.132494 -0.991142 0.00912622
v -0.204265 0.113838 0.307259
vn 0.991183 0.132499 1.29981e-05
v -0.20422 0.113501 0.308172
vn 0.991183 0.132499 1.29981e-05
v -0.204262 0.113822 0.305305
vn 0.991183 0.132499 1.29981e-05
v -0.200118 0.11405 0.308172
vn 0.115354 -0.862875 -0.492077
v -0.20422 0.113501 0.308172
vn 0.115354 -0.862875 -0.492077
v -0.200163 0.114386 0.307259
vn 0.128294 -0.959701 -0.250031
v -0.200163 0.114386 0.307259
vn -0.991183 -0.132499 -1.29978e-05
v -0.200162 0.11437 0.305305
vn -0.991183 -0.132499 -1.29978e-05
v -0.200118 0.11405 0.308172
vn -0.991183 -0.132499 -1.29978e-05
v -0.199593 0.110129 0.302679
vn -0.991183 -0.132499 -1.29878e-05
v -0.199483 0.1093 0.303064
vn -0.991183 -0.132499 -1.29878e-05
v -0.199491 0.109355 0.309599
vn -0.991183 -0.132499 -1.29878e-05
v -0.199491 0.109355 0.309599
vn -0.0651887 0.487739 -0.870552
v -0.203593 0.108807 0.309599
vn -0.0651887 0.487739 -0.870552
v -0.199602 0.110189 0.309968
vn -0.0331165 0.247827 -0.968238
v -0.203585 0.108752 0.303064
vn -0.0673053 0.503402 0.861427
v -0.20349 0.108044 0.303671
vn -0.0945471 0.707211 0.700652
v -0.199483 0.1093 0.303064
vn -0.0673053 0.503402 0.861427
v -0.203593 0.108807 0.309599
vn 0.991183 0.132499 1.30164e-05
v -0.203497 0.108088 0.309007
vn 0.991183 0.132499 1.30164e-05
v -0.203585 0.108752 0.303064
vn 0.991183 0.132499 1.30164e-05
v -0.200178 0.114496 0.306281
vn 0.132494 -0.991142 0.00912637
v -0.204279 0.113947 0.306281
vn 0.132494 -0.991142 0.00912637
v -0.200162 0.11437 0.305305
vn 0.127665 -0.955039 0.267586
v -0.204279 0.113947 0.306281
vn 0.991183 0.132499 1.29991e-05
v -0.204265 0.113838 0.307259
vn 0.991183 0.132499 1.29991e-05
v -0.204262 0.113822 0.305305
vn 0.991183 0.132499 1.29991e-05
v -0.204265 0.113838 0.307259
vn 0.128294 -0.959701 -0.250031
v -0.200163 0.114386 0.307259
vn 0.128294 -0.959701 -0.250031
v -0.20422 0.113501 0.308172
vn 0.115354 -0.862875 -0.492077
v -0.200178 0.114496 0.306281
vn -0.991183 -0.132499 -1.29997e-05
v -0.200162 0.11437 0.305305
vn -0.991183 -0.132499 -1.29997e-05
v -0.200163 0.114386 0.307259
vn -0.991183 -0.132499 -1.29997e-05
v -0.199491 0.109355 0.309599
vn -0.991183 -0.132499 -1.29879e-05
v -0.199483 0.1093 0.303064
vn -0.991183 -0.132499 -1.29879e-05
v -0.199395 0.108637 0.309007
vn -0.991183 -0.132499 -1.29879e-05
v -0.203593 0.108807 0.309599
vn -0.0651931 0.487772 -0.870533
v -0.199491 0.109355 0.309599
vn -0.0651931 0.487772 -0.870533
v -0.203497 0.108088 0.309007
vn -0.0928235 0.694448 -0.713531
v -0.199389 0.108592 0.303671
vn -0.0945471 0.707211 0.700652
v -0.199483 0.1093 0.303064
vn -0.0673053 0.503402 0.861427
v -0.20349 0.108044 0.303671
vn -0.0945471 0.707211 0.700652
v -0.203585 0.108752 0.303064
vn 0.991183 0.132499 1.30028e-05
v -0.203497 0.108088 0.309007
vn 0.991183 0.132499 1.30028e-05
v -0.20349 0.108044 0.303671
vn 0.991183 0.132499 1.30028e-05
v -0.204279 0.113947 0.306281
vn 0.132494 -0.991142 0.00908775
v -0.200178 0.114496 0.306281
vn 0.132494 -0.991142 0.00908775
v -0.204265 0.113838 0.307259
vn 0.128296 -0.95971 -0.249993
v -0.200163 0.114386 0.307259
vn 0.128296 -0.95971 -0.249993
v -0.204265 0.113838 0.307259
vn 0.128296 -0.95971 -0.249993
v -0.200178 0.114496 0.306281
vn 0.132494 -0.991142 0.00908762
v -0.199483 0.1093 0.303064
vn -0.991183 -0.132499 -1.29973e-05
v -0.199389 0.108592 0.303671
vn -0.991183 -0.132499 -1.29973e-05
v -0.199395 0.108637 0.309007
vn -0.991183 -0.132499 -1.29973e-05
v -0.199395 0.108637 0.309007
vn -0.0928235 0.694448 -0.71353
v -0.203497 0.108088 0.309007
vn -0.0928235 0.694448 -0.71353
v -0.199491 0.109355 0.309599
vn -0.0651931 0.487772 -0.870533
v -0.20349 0.108044 0.303671
vn -0.0945506 0.707238 0.700624
v -0.203417 0.107503 0.304458
vn -0.115352 0.862856 0.492111
v -0.199389 0.108592 0.303671
vn -0.0945506 0.707238 0.700624
v -0.203497 0.108088 0.309007
vn 0.991183 0.132499 1.30014e-05
v -0.203423 0.107534 0.308231
vn 0.991183 0.132499 1.30014e-05
v -0.20349 0.108044 0.303671
vn 0.991183 0.132499 1.30014e-05
v -0.199395 0.108637 0.309007
vn -0.991183 -0.132499 -1.29985e-05
v -0.199389 0.108592 0.303671
vn -0.991183 -0.132499 -1.29985e-05
v -0.19932 0.108083 0.308231
vn -0.991183 -0.132499 -1.29985e-05
v -0.199395 0.108637 0.309007
vn -0.0928272 0.694475 -0.713503
v -0.19932 0.108083 0.308231
vn -0.114132 0.853832 -0.507882
v -0.203497 0.108088 0.309007
vn -0.0928272 0.694475 -0.713503
v -0.199317 0.108051 0.304458
vn -0.115352 0.862856 0.492111
v -0.199389 0.108592 0.303671
vn -0.0945506 0.707238 0.700624
v -0.203417 0.107503 0.304458
vn -0.115352 0.862856 0.492111
v -0.20349 0.108044 0.303671
vn 0.991183 0.132499 1.30166e-05
v -0.203423 0.107534 0.308231
vn 0.991183 0.132499 1.30166e-05
v -0.203417 0.107503 0.304458
vn 0.991183 0.132499 1.30166e-05
v -0.203423 0.107534 0.308231
vn -0.114132 0.853832 -0.507882
v -0.203497 0.108088 0.309007
vn -0.0928272 0.694475 -0.713503
v -0.19932 0.108083 0.308231
vn -0.114132 0.853832 -0.507882
v -0.199389 0.108592 0.303671
vn -0.991183 -0.132499 -1.29934e-05
v -0.199317 0.108051 0.304458
vn -0.991183 -0.132499 -1.29934e-05
v -0.19932 0.108083 0.308231
vn -0.991183 -0.132499 -1.29934e-05
v -0.203417 0.107503 0.304458
vn -0.115354 0.862875 0.492077
v -0.203373 0.107166 0.305372
vn -0.128294 0.959701 0.250031
v -0.199317 0.108051 0.304458
vn -0.115354 0.862875 0.492077
v -0.203423 0.107534 0.308231
vn 0.991183 0.132499 1.30114e-05
v -0.203376 0.107182 0.307325
vn 0.991183 0.132499 1.30114e-05
v -0.203417 0.107503 0.304458
vn 0.991183 0.132499 1.30114e-05
v -0.19932 0.108083 0.308231
vn -0.114134 0.853852 -0.507849
v -0.199273 0.107731 0.307325
vn -0.127663 0.955029 -0.267623
v -0.203423 0.107534 0.308231
vn -0.114134 0.853852 -0.507849
v -0.19932 0.108083 0.308231
vn -0.991183 -0.132499 -1.29955e-05
v -0.199317 0.108051 0.304458
vn -0.991183 -0.132499 -1.29955e-05
v -0.199273 0.107731 0.307325
vn -0.991183 -0.132499 -1.29955e-05
v -0.199272 0.107715 0.305372
vn -0.128294 0.959701 0.250031
v -0.199317 0.108051 0.304458
vn -0.115354 0.862875 0.492077
v -0.203373 0.107166 0.305372
vn -0.128294 0.959701 0.250031
v -0.203417 0.107503 0.304458
vn 0.991183 0.132499 1.30111e-05
v -0.203376 0.107182 0.307325
vn 0.991183 0.132499 1.30111e-05
v -0.203373 0.107166 0.305372
vn 0.991183 0.132499 1.30111e-05
v -0.203376 0.107182 0.307325
vn -0.127663 0.955029 -0.267623
v -0.203423 0.107534 0.308231
vn -0.114134 0.853852 -0.507849
v -0.199273 0.107731 0.307325
vn -0.127663 0.955029 -0.267623
v -0.199317 0.108051 0.304458
vn -0.991183 -0.132499 -1.29978e-05
v -0.199272 0.107715 0.305372
vn -0.991183 -0.132499 -1.29978e-05
v -0.199273 0.107731 0.307325
vn -0.991183 -0.132499 -1.29978e-05
v -0.203373 0.107166 0.305372
vn -0.128296 0.95971 0.249993
v -0.203359 0.107057 0.306349
vn -0.132494 0.991142 -0.00908778
v -0.199272 0.107715 0.305372
vn -0.128296 0.95971 0.249993
v -0.203359 0.107057 0.306349
vn 0.991183 0.132499 1.3004e-05
v -0.203373 0.107166 0.305372
vn 0.991183 0.132499 1.3004e-05
v -0.203376 0.107182 0.307325
vn 0.991183 0.132499 1.3004e-05
v -0.199273 0.107731 0.307325
vn -0.127665 0.955039 -0.267586
v -0.199257 0.107605 0.306349
vn -0.132494 0.991142 -0.00912639
v -0.203376 0.107182 0.307325
vn -0.127665 0.955039 -0.267586
v -0.199257 0.107605 0.306349
vn -0.991183 -0.132499 -1.29991e-05
v -0.199273 0.107731 0.307325
vn -0.991183 -0.132499 -1.29991e-05
v -0.199272 0.107715 0.305372
vn -0.991183 -0.132499 -1.29991e-05
v -0.199257 0.107605 0.306349
vn -0.132494 0.991142 -0.00908759
v -0.199272 0.107715 0.305372
vn -0.128296 0.95971 0.249993
v -0.203359 0.107057 0.306349
vn -0.132494 0.991142 -0.00908759
v -0.203359 0.107057 0.306349
vn -0.132494 0.991142 -0.00912623
v -0.203376 0.107182 0.307325
vn -0.127665 0.955039 -0.267586
v -0.199257 0.107605 0.306349
vn -0.132494 0.991142 -0.00912623
v -0.199841 0.111973 0.309951
vn 0.991183 0.132499 1.29893e-05
v -0.199832 0.111911 0.302661
vn 0.991183 0.132499 1.29893e-05
v -0.199943 0.112746 0.303031
vn 0.991183 0.132499 1.29893e-05
v -0.199951 0.1128 0.309565
vn 0.991183 0.132499 1.30199e-05
v -0.199943 0.112746 0.303031
vn 0.991183 0.132499 1.30199e-05
v -0.20004 0.113464 0.303622
vn 0.991183 0.132499 1.30199e-05
v -0.199722 0.111082 0.310089
vn 0.991183 0.132499 1.29872e-05
v -0.199832 0.111911 0.302661
vn 0.991183 0.132499 1.29872e-05
v -0.199841 0.111973 0.309951
vn 0.991183 0.132499 1.29872e-05
v -0.199841 0.111973 0.309951
vn 0.991183 0.132499 1.3022e-05
v -0.199943 0.112746 0.303031
vn 0.991183 0.132499 1.3022e-05
v -0.199951 0.1128 0.309565
vn 0.991183 0.132499 1.3022e-05
v -0.199951 0.1128 0.309565
vn 0.991183 0.132499 1.29989e-05
v -0.20004 0.113464 0.303622
vn 0.991183 0.132499 1.29989e-05
v -0.200045 0.113509 0.308959
vn 0.991183 0.132499 1.29989e-05
v -0.199722 0.111082 0.310089
vn 0.991183 0.132499 1.29827e-05
v -0.199713 0.111019 0.302542
vn 0.991183 0.132499 1.29827e-05
v -0.199832 0.111911 0.302661
vn 0.991183 0.132499 1.29827e-05
v -0.200045 0.113509 0.308959
vn 0.991183 0.132499 1.29982e-05
v -0.20004 0.113464 0.303622
vn 0.991183 0.132499 1.29982e-05
v -0.200114 0.114018 0.304398
vn 0.991183 0.132499 1.29982e-05
v -0.199602 0.110189 0.309968
vn 0.991183 0.132499 1.2983e-05
v -0.199713 0.111019 0.302542
vn 0.991183 0.132499 1.2983e-05
v -0.199722 0.111082 0.310089
vn 0.991183 0.132499 1.2983e-05
v -0.200045 0.113509 0.308959
vn 0.991183 0.132499 1.30134e-05
v -0.200114 0.114018 0.304398
vn 0.991183 0.132499 1.30134e-05
v -0.200118 0.11405 0.308172
vn 0.991183 0.132499 1.30134e-05
v -0.199602 0.110189 0.309968
vn 0.991183 0.132499 1.30288e-05
v -0.199593 0.110129 0.302679
vn 0.991183 0.132499 1.30288e-05
v -0.199713 0.111019 0.302542
vn 0.991183 0.132499 1.30288e-05
v -0.200118 0.11405 0.308172
vn 0.991183 0.132499 1.30081e-05
v -0.200114 0.114018 0.304398
vn 0.991183 0.132499 1.30081e-05
v -0.200162 0.11437 0.305305
vn 0.991183 0.132499 1.30081e-05
v -0.199491 0.109355 0.309599
vn 0.991183 0.132499 1.30281e-05
v -0.199593 0.110129 0.302679
vn 0.991183 0.132499 1.30281e-05
v -0.199602 0.110189 0.309968
vn 0.991183 0.132499 1.30281e-05
v -0.200118 0.11405 0.308172
vn 0.991183 0.132499 1.29978e-05
v -0.200162 0.11437 0.305305
vn 0.991183 0.132499 1.29978e-05
v -0.200163 0.114386 0.307259
vn 0.991183 0.132499 1.29978e-05
v -0.199491 0.109355 0.309599
vn 0.991183 0.132499 1.29878e-05
v -0.199483 0.1093 0.303064
vn 0.991183 0.132499 1.29878e-05
v -0.199593 0.110129 0.302679
vn 0.991183 0.132499 1.29878e-05
v -0.200163 0.114386 0.307259
vn 0.991183 0.132499 1.29997e-05
v -0.200162 0.11437 0.305305
vn 0.991183 0.132499 1.29997e-05
v -0.200178 0.114496 0.306281
vn 0.991183 0.132499 1.29997e-05
v -0.199395 0.108637 0.309007
vn 0.991183 0.132499 1.29879e-05
v -0.199483 0.1093 0.303064
vn 0.991183 0.132499 1.29879e-05
v -0.199491 0.109355 0.309599
vn 0.991183 0.132499 1.29879e-05
v -0.199395 0.108637 0.309007
vn 0.991183 0.132499 1.29973e-05
v -0.199389 0.108592 0.303671
vn 0.991183 0.132499 1.29973e-05
v -0.199483 0.1093 0.303064
vn 0.991183 0.132499 1.29973e-05
v -0.19932 0.108083 0.308231
vn 0.991183 0.132499 1.29985e-05
v -0.199389 0.108592 0.303671
vn 0.991183 0.132499 1.29985e-05
v -0.199395 0.108637 0.309007
vn 0.991183 0.132499 1.29985e-05
v -0.19932 0.108083 0.308231
vn 0.991183 0.132499 1.29934e-05
v -0.199317 0.108051 0.304458
vn 0.991183 0.132499 1.29934e-05
v -0.199389 0.108592 0.303671
vn 0.991183 0.132499 1.29934e-05
v -0.199273 0.107731 0.307325
vn 0.991183 0.132499 1.29955e-05
v -0.199317 0.108051 0.304458
vn 0.991183 0.132499 1.29955e-05
v -0.19932 0.108083 0.308231
vn 0.991183 0.132499 1.29955e-05
v -0.199273 0.107731 0.307325
vn 0.991183 0.132499 1.29978e-05
v -0.199272 0.107715 0.305372
vn 0.991183 0.132499 1.29978e-05
v -0.199317 0.108051 0.304458
vn 0.991183 0.132499 1.29978e-05
v -0.199272 0.107715 0.305372
vn 0.991183 0.132499 1.29991e-05
v -0.199273 0.107731 0.307325
vn 0.991183 0.132499 1.29991e-05
v -0.199257 0.107605 0.306349
vn 0.991183 0.132499 1.29991e-05
v 0.199389 -0.179822 0.312251
vn -0.0945506 0.707238 0.700624
v 0.203417 -0.178733 0.311464
vn -0.115352 0.862856 0.492111
v 0.199317 -0.179281 0.311464
vn -0.115352 0.862856 0.492111
v 0.203417 -0.178733 0.311464
vn -0.115352 0.862856 0.492111
v 0.199389 -0.179822 0.312251
vn -0.0945506 0.707238 0.700624
v 0.203489 -0.179274 0.312251
vn -0.0945506 0.707238 0.700624
v 0.203372 -0.178396 0.310551
vn -0.128294 0.959701 0.250031
v 0.199317 -0.179281 0.311464
vn -0.115354 0.862875 0.492077
v 0.203417 -0.178733 0.311464
vn -0.115354 0.862875 0.492077
v 0.199483 -0.180531 0.312858
vn -0.0673053 0.503402 0.861427
v 0.203489 -0.179274 0.312251
vn -0.0945471 0.707211 0.700652
v 0.199389 -0.179822 0.312251
vn -0.0945471 0.707211 0.700652
v 0.203489 -0.179274 0.312251
vn 0.991183 0.132499 1.29966e-05
v 0.203422 -0.178764 0.307691
vn 0.991183 0.132499 1.29966e-05
v 0.203417 -0.178733 0.311464
vn 0.991183 0.132499 1.29966e-05
v 0.199317 -0.179281 0.311464
vn -0.115354 0.862875 0.492077
v 0.203372 -0.178396 0.310551
vn -0.128294 0.959701 0.250031
v 0.199271 -0.178945 0.310551
vn -0.128294 0.959701 0.250031
v 0.203417 -0.178733 0.311464
vn 0.991183 0.132499 1.29963e-05
v 0.203375 -0.178413 0.308598
vn 0.991183 0.132499 1.29963e-05
v 0.203372 -0.178396 0.310551
vn 0.991183 0.132499 1.29963e-05
v 0.203489 -0.179274 0.312251
vn -0.0945471 0.707211 0.700652
v 0.199483 -0.180531 0.312858
vn -0.0673053 0.503402 0.861427
v 0.203584 -0.179982 0.312858
vn -0.0673053 0.503402 0.861427
v 0.203489 -0.179274 0.312251
vn 0.991183 0.132499 1.30014e-05
v 0.203496 -0.179318 0.306915
vn 0.991183 0.132499 1.30014e-05
v 0.203422 -0.178764 0.307691
vn 0.991183 0.132499 1.30014e-05
v 0.203417 -0.178733 0.311464
vn 0.991183 0.132499 1.29975e-05
v 0.203422 -0.178764 0.307691
vn 0.991183 0.132499 1.29975e-05
v 0.203375 -0.178413 0.308598
vn 0.991183 0.132499 1.29975e-05
v 0.203359 -0.178287 0.309573
vn -0.132494 0.991142 -0.00908777
v 0.199271 -0.178945 0.310551
vn -0.128296 0.95971 0.249993
v 0.203372 -0.178396 0.310551
vn -0.128296 0.95971 0.249993
v 0.203372 -0.178396 0.310551
vn 0.991183 0.132499 1.29992e-05
v 0.203375 -0.178413 0.308598
vn 0.991183 0.132499 1.29992e-05
v 0.203359 -0.178287 0.309573
vn 0.991183 0.132499 1.29992e-05
v 0.19932 -0.179313 0.307691
vn -0.114132 0.853832 -0.507882
v 0.203496 -0.179318 0.306915
vn -0.0928272 0.694475 -0.713503
v 0.199394 -0.179867 0.306915
vn -0.0928272 0.694475 -0.713503
v 0.199273 -0.178961 0.308598
vn -0.127663 0.955029 -0.267623
v 0.203422 -0.178764 0.307691
vn -0.114134 0.853852 -0.507849
v 0.19932 -0.179313 0.307691
vn -0.114134 0.853852 -0.507849
v 0.199593 -0.181358 0.313243
vn -0.0354725 0.265263 0.963523
v 0.203584 -0.179982 0.312858
vn -0.0673009 0.503369 0.861446
v 0.199483 -0.180531 0.312858
vn -0.0673009 0.503369 0.861446
v 0.203584 -0.179982 0.312858
vn 0.991183 0.132499 1.3001e-05
v 0.203496 -0.179318 0.306915
vn 0.991183 0.132499 1.3001e-05
v 0.203489 -0.179274 0.312251
vn 0.991183 0.132499 1.3001e-05
v 0.203496 -0.179318 0.306915
vn -0.0928272 0.694475 -0.713503
v 0.19932 -0.179313 0.307691
vn -0.114132 0.853832 -0.507882
v 0.203422 -0.178764 0.307691
vn -0.114132 0.853832 -0.507882
v 0.203422 -0.178764 0.307691
vn -0.114134 0.853852 -0.507849
v 0.199273 -0.178961 0.308598
vn -0.127663 0.955029 -0.267623
v 0.203375 -0.178413 0.308598
vn -0.127663 0.955029 -0.267623
v 0.199271 -0.178945 0.310551
vn -0.128296 0.95971 0.249993
v 0.203359 -0.178287 0.309573
vn -0.132494 0.991142 -0.00908761
v 0.199256 -0.178835 0.309573
vn -0.132494 0.991142 -0.00908761
v 0.203375 -0.178413 0.308598
vn -0.127665 0.955039 -0.267586
v 0.199256 -0.178835 0.309573
vn -0.132494 0.991142 -0.00912637
v 0.203359 -0.178287 0.309573
vn -0.132494 0.991142 -0.00912637
v 0.203496 -0.179318 0.306915
vn -0.0928235 0.694448 -0.71353
v 0.199491 -0.180585 0.306323
vn -0.0651931 0.487772 -0.870533
v 0.199394 -0.179867 0.306915
vn -0.0928235 0.694448 -0.71353
v 0.203584 -0.179982 0.312858
vn -0.0673009 0.503369 0.861446
v 0.199593 -0.181358 0.313243
vn -0.0354725 0.265263 0.963523
v 0.203695 -0.18081 0.313243
vn -0.0354725 0.265263 0.963523
v 0.203584 -0.179982 0.312858
vn 0.991183 0.132499 1.29882e-05
v 0.203591 -0.180037 0.306323
vn 0.991183 0.132499 1.29882e-05
v 0.203496 -0.179318 0.306915
vn 0.991183 0.132499 1.29882e-05
v 0.199256 -0.178835 0.309573
vn -0.132494 0.991142 -0.00912638
v 0.203375 -0.178413 0.308598
vn -0.127665 0.955039 -0.267586
v 0.199273 -0.178961 0.308598
vn -0.127665 0.955039 -0.267586
v 0.199491 -0.180585 0.306323
vn -0.0651931 0.487772 -0.870533
v 0.203496 -0.179318 0.306915
vn -0.0928235 0.694448 -0.713531
v 0.203591 -0.180037 0.306323
vn -0.0651931 0.487772 -0.870533
v 0.199712 -0.182249 0.313381
vn -0.00122156 0.00904417 0.999958
v 0.203695 -0.18081 0.313243
vn -0.0354676 0.265226 0.963534
v 0.199593 -0.181358 0.313243
vn -0.0354676 0.265226 0.963534
v 0.203695 -0.18081 0.313243
vn 0.991183 0.132499 1.29854e-05
v 0.203591 -0.180037 0.306323
vn 0.991183 0.132499 1.29854e-05
v 0.203584 -0.179982 0.312858
vn 0.991183 0.132499 1.29854e-05
v 0.203591 -0.180037 0.306323
vn -0.0651887 0.487739 -0.870552
v 0.199602 -0.181419 0.305955
vn -0.0331164 0.247827 -0.968238
v 0.199491 -0.180585 0.306323
vn -0.0651887 0.487739 -0.870552
v 0.203695 -0.18081 0.313243
vn -0.0354676 0.265226 0.963534
v 0.199712 -0.182249 0.313381
vn -0.00122156 0.00904417 0.999958
v 0.203814 -0.181701 0.313381
vn -0.00122156 0.00904417 0.999958
v 0.203695 -0.18081 0.313243
vn 0.991183 0.132499 1.29909e-05
v 0.203703 -0.180871 0.305955
vn 0.991183 0.132499 1.29909e-05
v 0.203591 -0.180037 0.306323
vn 0.991183 0.132499 1.29909e-05
v 0.199602 -0.181419 0.305955
vn -0.0331164 0.247827 -0.968238
v 0.203591 -0.180037 0.306323
vn -0.0651887 0.487739 -0.870552
v 0.203703 -0.180871 0.305955
vn -0.0331164 0.247827 -0.968238
v 0.199832 -0.183142 0.313262
vn 0.0331115 -0.24779 0.968248
v 0.203814 -0.181701 0.313381
vn -0.00121645 0.0090059 0.999959
v 0.199712 -0.182249 0.313381
vn -0.00121645 0.0090059 0.999959
v 0.203814 -0.181701 0.313381
vn 0.991183 0.132499 1.29918e-05
v 0.203703 -0.180871 0.305955
vn 0.991183 0.132499 1.29918e-05
v 0.203695 -0.18081 0.313243
vn 0.991183 0.132499 1.29918e-05
v 0.203703 -0.180871 0.305955
vn -0.0331115 0.24779 -0.968248
v 0.199721 -0.182312 0.305834
vn 0.00121642 -0.00900573 -0.999959
v 0.199602 -0.181419 0.305955
vn -0.0331115 0.24779 -0.968248
v 0.203814 -0.181701 0.313381
vn -0.00121644 0.0090059 0.999959
v 0.199832 -0.183142 0.313262
vn 0.0331115 -0.24779 0.968248
v 0.203933 -0.182593 0.313262
vn 0.0331115 -0.24779 0.968248
v 0.203814 -0.181701 0.313381
vn 0.991183 0.132499 1.29874e-05
v 0.203822 -0.181763 0.305834
vn 0.991183 0.132499 1.29874e-05
v 0.203703 -0.180871 0.305955
vn 0.991183 0.132499 1.29874e-05
v 0.199721 -0.182312 0.305834
vn 0.00121642 -0.00900574 -0.999959
v 0.203703 -0.180871 0.305955
vn -0.0331115 0.24779 -0.968248
v 0.203822 -0.181763 0.305834
vn 0.00121642 -0.00900574 -0.999959
v 0.199943 -0.183976 0.312891
vn 0.0651887 -0.487739 0.870552
v 0.203933 -0.182593 0.313262
vn 0.0331165 -0.247827 0.968238
v 0.199832 -0.183142 0.313262
vn 0.0331165 -0.247827 0.968238
v 0.203933 -0.182593 0.313262
vn 0.991183 0.132499 1.29874e-05
v 0.203822 -0.181763 0.305834
vn 0.991183 0.132499 1.29874e-05
v 0.203814 -0.181701 0.313381
vn 0.991183 0.132499 1.29874e-05
v 0.203822 -0.181763 0.305834
vn 0.00122154 -0.009044 -0.999958
v 0.199841 -0.183202 0.305971
vn 0.0354676 -0.265226 -0.963534
v 0.199721 -0.182312 0.305834
vn 0.00122154 -0.009044 -0.999958
v 0.203933 -0.182593 0.313262
vn 0.0331164 -0.247827 0.968238
v 0.199943 -0.183976 0.312891
vn 0.0651886 -0.487739 0.870552
v 0.204046 -0.183428 0.312892
vn 0.0651886 -0.487739 0.870552
v 0.203933 -0.182593 0.313262
vn 0.991183 0.132499 1.29918e-05
v 0.203941 -0.182654 0.305971
vn 0.991183 0.132499 1.29918e-05
v 0.203822 -0.181763 0.305834
vn 0.991183 0.132499 1.29918e-05
v 0.199841 -0.183202 0.305971
vn 0.0354676 -0.265226 -0.963534
v 0.203822 -0.181763 0.305834
vn 0.00122154 -0.009044 -0.999958
v 0.203941 -0.182654 0.305971
vn 0.0354676 -0.265226 -0.963534
v 0.200039 -0.184694 0.3123
vn 0.0928235 -0.694448 0.71353
v 0.204046 -0.183428 0.312892
vn 0.0651931 -0.487772 0.870533
v 0.199943 -0.183976 0.312891
vn 0.0651931 -0.487772 0.870533
v 0.204046 -0.183428 0.312892
vn 0.991183 0.132499 1.29912e-05
v 0.203941 -0.182654 0.305971
vn 0.991183 0.132499 1.29912e-05
v 0.203933 -0.182593 0.313262
vn 0.991183 0.132499 1.29912e-05
v 0.203941 -0.182654 0.305971
vn 0.0354725 -0.265263 -0.963523
v 0.199951 -0.18403 0.306357
vn 0.0673009 -0.503369 -0.861446
v 0.199841 -0.183202 0.305971
vn 0.0354725 -0.265263 -0.963523
v 0.204046 -0.183428 0.312892
vn 0.0651931 -0.487772 0.870533
v 0.200039 -0.184694 0.3123
vn 0.0928235 -0.694448 0.71353
v 0.204141 -0.184146 0.3123
vn 0.0928235 -0.694448 0.71353
v 0.204046 -0.183428 0.312892
vn 0.991183 0.132499 1.29893e-05
v 0.204052 -0.183482 0.306357
vn 0.991183 0.132499 1.29893e-05
v 0.203941 -0.182654 0.305971
vn 0.991183 0.132499 1.29893e-05
v 0.199951 -0.18403 0.306357
vn 0.0673009 -0.503369 -0.861446
v 0.203941 -0.182654 0.305971
vn 0.0354725 -0.265263 -0.963523
v 0.204052 -0.183482 0.306357
vn 0.0673009 -0.503369 -0.861446
v 0.200039 -0.184694 0.3123
vn 0.0928272 -0.694475 0.713503
v 0.204214 -0.1847 0.311524
vn 0.114132 -0.853832 0.507882
v 0.204141 -0.184146 0.3123
vn 0.0928272 -0.694475 0.713503
v 0.204141 -0.184146 0.3123
vn 0.991183 0.132499 1.29913e-05
v 0.204052 -0.183482 0.306357
vn 0.991183 0.132499 1.29913e-05
v 0.204046 -0.183428 0.312892
vn 0.991183 0.132499 1.29913e-05
v 0.204052 -0.183482 0.306357
vn 0.0673053 -0.503402 -0.861427
v 0.200045 -0.184739 0.306964
vn 0.0945471 -0.707211 -0.700652
v 0.199951 -0.18403 0.306357
vn 0.0673053 -0.503402 -0.861427
v 0.204214 -0.1847 0.311524
vn 0.114132 -0.853832 0.507882
v 0.200039 -0.184694 0.3123
vn 0.0928272 -0.694475 0.713503
v 0.200115 -0.185248 0.311524
vn 0.114132 -0.853832 0.507882
v 0.204214 -0.1847 0.311524
vn 0.991183 0.132499 1.29814e-05
v 0.204147 -0.18419 0.306964
vn 0.991183 0.132499 1.29814e-05
v 0.204141 -0.184146 0.3123
vn 0.991183 0.132499 1.29814e-05
v 0.204141 -0.184146 0.3123
vn 0.991183 0.132499 1.29749e-05
v 0.204147 -0.18419 0.306964
vn 0.991183 0.132499 1.29749e-05
v 0.204052 -0.183482 0.306357
vn 0.991183 0.132499 1.29749e-05
v 0.200045 -0.184739 0.306964
vn 0.0945471 -0.707211 -0.700652
v 0.204052 -0.183482 0.306357
vn 0.0673054 -0.503402 -0.861427
v 0.204147 -0.18419 0.306964
vn 0.0945471 -0.707211 -0.700652
v 0.200115 -0.185248 0.311524
vn 0.114134 -0.853852 0.507849
v 0.204261 -0.185052 0.310617
vn 0.127663 -0.955029 0.267623
v 0.204214 -0.1847 0.311524
vn 0.114134 -0.853852 0.507849
v 0.204214 -0.1847 0.311524
vn 0.991183 0.132499 1.30163e-05
v 0.204219 -0.184731 0.30775
vn 0.991183 0.132499 1.30163e-05
v 0.204147 -0.18419 0.306964
vn 0.991183 0.132499 1.30163e-05
v 0.204147 -0.18419 0.306964
vn 0.0945507 -0.707238 -0.700624
v 0.200118 -0.18528 0.30775
vn 0.115352 -0.862856 -0.492111
v 0.200045 -0.184739 0.306964
vn 0.0945507 -0.707238 -0.700624
v 0.204261 -0.185052 0.310617
vn 0.127663 -0.955029 0.267623
v 0.200115 -0.185248 0.311524
vn 0.114134 -0.853852 0.507849
v 0.200161 -0.1856 0.310617
vn 0.127663 -0.955029 0.267623
v 0.204261 -0.185052 0.310617
vn 0.991183 0.132499 1.30112e-05
v 0.204219 -0.184731 0.30775
vn 0.991183 0.132499 1.30112e-05
v 0.204214 -0.1847 0.311524
vn 0.991183 0.132499 1.30112e-05
v 0.200118 -0.18528 0.30775
vn 0.115352 -0.862856 -0.492111
v 0.204147 -0.18419 0.306964
vn 0.0945507 -0.707238 -0.700624
v 0.204219 -0.184731 0.30775
vn 0.115352 -0.862856 -0.492111
v 0.200161 -0.1856 0.310617
vn 0.127665 -0.955039 0.267586
v 0.204279 -0.185177 0.309641
vn 0.132494 -0.991142 0.00912624
v 0.204261 -0.185052 0.310617
vn 0.127665 -0.955039 0.267586
v 0.204261 -0.185052 0.310617
vn 0.991183 0.132499 1.30111e-05
v 0.204264 -0.185068 0.308664
vn 0.991183 0.132499 1.30111e-05
v 0.204219 -0.184731 0.30775
vn 0.991183 0.132499 1.30111e-05
v 0.204219 -0.184731 0.30775
vn 0.115354 -0.862875 -0.492077
v 0.200163 -0.185616 0.308664
vn 0.128294 -0.959701 -0.250031
v 0.200118 -0.18528 0.30775
vn 0.115354 -0.862875 -0.492077
v 0.204279 -0.185177 0.309641
vn 0.132494 -0.991142 0.00912639
v 0.200161 -0.1856 0.310617
vn 0.127665 -0.955039 0.267586
v 0.200177 -0.185726 0.309641
vn 0.132494 -0.991142 0.00912639
v 0.204264 -0.185068 0.308664
vn 0.991183 0.132499 1.30033e-05
v 0.204261 -0.185052 0.310617
vn 0.991183 0.132499 1.30033e-05
v 0.204279 -0.185177 0.309641
vn 0.991183 0.132499 1.30033e-05
v 0.200163 -0.185616 0.308664
vn 0.128294 -0.959701 -0.250031
v 0.204219 -0.184731 0.30775
vn 0.115354 -0.862875 -0.492077
v 0.204264 -0.185068 0.308664
vn 0.128294 -0.959701 -0.250031
v 0.200177 -0.185726 0.309641
vn 0.132494 -0.991142 0.00908775
v 0.204264 -0.185068 0.308664
vn 0.128296 -0.95971 -0.249993
v 0.204279 -0.185177 0.309641
vn 0.132494 -0.991142 0.00908775
v 0.204264 -0.185068 0.308664
vn 0.128296 -0.95971 -0.249993
v 0.200177 -0.185726 0.309641
vn 0.132494 -0.991142 0.00908759
v 0.200163 -0.185616 0.308664
vn 0.128296 -0.95971 -0.249993
v 0.199317 -0.179281 0.311464
vn 0.115352 -0.862856 -0.492111
v 0.203417 -0.178733 0.311464
vn 0.115352 -0.862856 -0.492111
v 0.199389 -0.179822 0.312251
vn 0.0945506 -0.707238 -0.700624
v 0.203489 -0.179274 0.312251
vn 0.0945506 -0.707238 -0.700624
v 0.199389 -0.179822 0.312251
vn 0.0945506 -0.707238 -0.700624
v 0.203417 -0.178733 0.311464
vn 0.115352 -0.862856 -0.492111
v 0.203417 -0.178733 0.311464
vn 0.115354 -0.862875 -0.492077
v 0.199317 -0.179281 0.311464
vn 0.115354 -0.862875 -0.492077
v 0.203372 -0.178396 0.310551
vn 0.128294 -0.959701 -0.250031
v 0.199317 -0.179281 0.311464
vn 0.991183 0.132499 1.29934e-05
v 0.199389 -0.179822 0.312251
vn 0.991183 0.132499 1.29934e-05
v 0.19932 -0.179313 0.307691
vn 0.991183 0.132499 1.29934e-05
v 0.199389 -0.179822 0.312251
vn 0.0945471 -0.707211 -0.700652
v 0.203489 -0.179274 0.312251
vn 0.0945471 -0.707211 -0.700652
v 0.199483 -0.180531 0.312858
vn 0.0673053 -0.503402 -0.861427
v 0.203417 -0.178733 0.311464
vn -0.991183 -0.132499 -1.29966e-05
v 0.203422 -0.178764 0.307691
vn -0.991183 -0.132499 -1.29966e-05
v 0.203489 -0.179274 0.312251
vn -0.991183 -0.132499 -1.29966e-05
v 0.199271 -0.178945 0.310551
vn 0.128294 -0.959701 -0.250031
v 0.203372 -0.178396 0.310551
vn 0.128294 -0.959701 -0.250031
v 0.199317 -0.179281 0.311464
vn 0.115354 -0.862875 -0.492077
v 0.203372 -0.178396 0.310551
vn -0.991183 -0.132499 -1.29963e-05
v 0.203375 -0.178413 0.308598
vn -0.991183 -0.132499 -1.29963e-05
v 0.203417 -0.178733 0.311464
vn -0.991183 -0.132499 -1.29963e-05
v 0.19932 -0.179313 0.307691
vn 0.991183 0.132499 1.29982e-05
v 0.199389 -0.179822 0.312251
vn 0.991183 0.132499 1.29982e-05
v 0.199394 -0.179867 0.306915
vn 0.991183 0.132499 1.29982e-05
v 0.199273 -0.178961 0.308598
vn 0.991183 0.132499 1.29956e-05
v 0.199317 -0.179281 0.311464
vn 0.991183 0.132499 1.29956e-05
v 0.19932 -0.179313 0.307691
vn 0.991183 0.132499 1.29956e-05
v 0.203584 -0.179982 0.312858
vn 0.0673053 -0.503402 -0.861427
v 0.199483 -0.180531 0.312858
vn 0.0673053 -0.503402 -0.861427
v 0.203489 -0.179274 0.312251
vn 0.0945471 -0.707211 -0.700652
v 0.199389 -0.179822 0.312251
vn 0.991183 0.132499 1.29971e-05
v 0.199483 -0.180531 0.312858
vn 0.991183 0.132499 1.29971e-05
v 0.199394 -0.179867 0.306915
vn 0.991183 0.132499 1.29971e-05
v 0.203422 -0.178764 0.307691
vn -0.991183 -0.132499 -1.30014e-05
v 0.203496 -0.179318 0.306915
vn -0.991183 -0.132499 -1.30014e-05
v 0.203489 -0.179274 0.312251
vn -0.991183 -0.132499 -1.30014e-05
v 0.203375 -0.178413 0.308598
vn -0.991183 -0.132499 -1.29975e-05
v 0.203422 -0.178764 0.307691
vn -0.991183 -0.132499 -1.29975e-05
v 0.203417 -0.178733 0.311464
vn -0.991183 -0.132499 -1.29975e-05
v 0.203372 -0.178396 0.310551
vn 0.128296 -0.95971 -0.249993
v 0.199271 -0.178945 0.310551
vn 0.128296 -0.95971 -0.249993
v 0.203359 -0.178287 0.309573
vn 0.132494 -0.991142 0.00908777
v 0.199271 -0.178945 0.310551
vn 0.991183 0.132499 1.30103e-05
v 0.199317 -0.179281 0.311464
vn 0.991183 0.132499 1.30103e-05
v 0.199273 -0.178961 0.308598
vn 0.991183 0.132499 1.30103e-05
v 0.203359 -0.178287 0.309573
vn -0.991183 -0.132499 -1.29992e-05
v 0.203375 -0.178413 0.308598
vn -0.991183 -0.132499 -1.29992e-05
v 0.203372 -0.178396 0.310551
vn -0.991183 -0.132499 -1.29992e-05
v 0.199394 -0.179867 0.306915
vn 0.0928272 -0.694475 0.713503
v 0.203496 -0.179318 0.306915
vn 0.0928272 -0.694475 0.713503
v 0.19932 -0.179313 0.307691
vn 0.114132 -0.853832 0.507882
v 0.19932 -0.179313 0.307691
vn 0.114134 -0.853852 0.507849
v 0.203422 -0.178764 0.307691
vn 0.114134 -0.853852 0.507849
v 0.199273 -0.178961 0.308598
vn 0.127663 -0.955029 0.267623
v 0.199483 -0.180531 0.312858
vn 0.0673009 -0.503369 -0.861446
v 0.203584 -0.179982 0.312858
vn 0.0673009 -0.503369 -0.861446
v 0.199593 -0.181358 0.313243
vn 0.0354725 -0.265263 -0.963523
v 0.203489 -0.179274 0.312251
vn -0.991183 -0.132499 -1.3001e-05
v 0.203496 -0.179318 0.306915
vn -0.991183 -0.132499 -1.3001e-05
v 0.203584 -0.179982 0.312858
vn -0.991183 -0.132499 -1.3001e-05
v 0.199394 -0.179867 0.306915
vn 0.991183 0.132499 1.29917e-05
v 0.199483 -0.180531 0.312858
vn 0.991183 0.132499 1.29917e-05
v 0.199491 -0.180585 0.306323
vn 0.991183 0.132499 1.29917e-05
v 0.203422 -0.178764 0.307691
vn 0.114132 -0.853832 0.507882
v 0.19932 -0.179313 0.307691
vn 0.114132 -0.853832 0.507882
v 0.203496 -0.179318 0.306915
vn 0.0928272 -0.694475 0.713503
v 0.203375 -0.178413 0.308598
vn 0.127663 -0.955029 0.267623
v 0.199273 -0.178961 0.308598
vn 0.127663 -0.955029 0.267623
v 0.203422 -0.178764 0.307691
vn 0.114134 -0.853852 0.507849
v 0.199256 -0.178835 0.309573
vn 0.132494 -0.991142 0.00908761
v 0.203359 -0.178287 0.309573
vn 0.132494 -0.991142 0.00908761
v 0.199271 -0.178945 0.310551
vn 0.128296 -0.95971 -0.249993
v 0.199256 -0.178835 0.309573
vn 0.991183 0.132499 1.30041e-05
v 0.199271 -0.178945 0.310551
vn 0.991183 0.132499 1.30041e-05
v 0.199273 -0.178961 0.308598
vn 0.991183 0.132499 1.30041e-05
v 0.203359 -0.178287 0.309573
vn 0.132494 -0.991142 0.00912637
v 0.199256 -0.178835 0.309573
vn 0.132494 -0.991142 0.00912637
v 0.203375 -0.178413 0.308598
vn 0.127665 -0.955039 0.267586
v 0.199394 -0.179867 0.306915
vn 0.0928235 -0.694448 0.71353
v 0.199491 -0.180585 0.306323
vn 0.0651931 -0.487772 0.870533
v 0.203496 -0.179318 0.306915
vn 0.0928235 -0.694448 0.71353
v 0.203695 -0.18081 0.313243
vn 0.0354725 -0.265263 -0.963523
v 0.199593 -0.181358 0.313243
vn 0.0354725 -0.265263 -0.963523
v 0.203584 -0.179982 0.312858
vn 0.0673009 -0.503369 -0.861446
v 0.199483 -0.180531 0.312858
vn 0.991183 0.132499 1.29917e-05
v 0.199593 -0.181358 0.313243
vn 0.991183 0.132499 1.29917e-05
v 0.199491 -0.180585 0.306323
vn 0.991183 0.132499 1.29917e-05
v 0.203496 -0.179318 0.306915
vn -0.991183 -0.132499 -1.29882e-05
v 0.203591 -0.180037 0.306323
vn -0.991183 -0.132499 -1.29882e-05
v 0.203584 -0.179982 0.312858
vn -0.991183 -0.132499 -1.29882e-05
v 0.199273 -0.178961 0.308598
vn 0.127665 -0.955039 0.267586
v 0.203375 -0.178413 0.308598
vn 0.127665 -0.955039 0.267586
v 0.199256 -0.178835 0.309573
vn 0.132494 -0.991142 0.00912638
v 0.203591 -0.180037 0.306323
vn 0.0651931 -0.487772 0.870533
v 0.203496 -0.179318 0.306915
vn 0.0928235 -0.694448 0.713531
v 0.199491 -0.180585 0.306323
vn 0.0651931 -0.487772 0.870533
v 0.199593 -0.181358 0.313243
vn 0.0354676 -0.265226 -0.963534
v 0.203695 -0.18081 0.313243
vn 0.0354676 -0.265226 -0.963534
v 0.199712 -0.182249 0.313381
vn 0.00122156 -0.00904417 -0.999958
v 0.203584 -0.179982 0.312858
vn -0.991183 -0.132499 -1.29854e-05
v 0.203591 -0.180037 0.306323
vn -0.991183 -0.132499 -1.29854e-05
v 0.203695 -0.18081 0.313243
vn -0.991183 -0.132499 -1.29854e-05
v 0.199491 -0.180585 0.306323
vn 0.991183 0.132499 1.29934e-05
v 0.199593 -0.181358 0.313243
vn 0.991183 0.132499 1.29934e-05
v 0.199602 -0.181419 0.305955
vn 0.991183 0.132499 1.29934e-05
v 0.199491 -0.180585 0.306323
vn 0.0651887 -0.487739 0.870552
v 0.199602 -0.181419 0.305955
vn 0.0331164 -0.247827 0.968238
v 0.203591 -0.180037 0.306323
vn 0.0651887 -0.487739 0.870552
v 0.203814 -0.181701 0.313381
vn 0.00122156 -0.00904417 -0.999958
v 0.199712 -0.182249 0.313381
vn 0.00122156 -0.00904417 -0.999958
v 0.203695 -0.18081 0.313243
vn 0.0354676 -0.265226 -0.963534
v 0.199593 -0.181358 0.313243
vn 0.991183 0.132499 1.29919e-05
v 0.199712 -0.182249 0.313381
vn 0.991183 0.132499 1.29919e-05
v 0.199602 -0.181419 0.305955
vn 0.991183 0.132499 1.29919e-05
v 0.203591 -0.180037 0.306323
vn -0.991183 -0.132499 -1.29909e-05
v 0.203703 -0.180871 0.305955
vn -0.991183 -0.132499 -1.29909e-05
v 0.203695 -0.18081 0.313243
vn -0.991183 -0.132499 -1.29909e-05
v 0.203703 -0.180871 0.305955
vn 0.0331164 -0.247827 0.968238
v 0.203591 -0.180037 0.306323
vn 0.0651887 -0.487739 0.870552
v 0.199602 -0.181419 0.305955
vn 0.0331164 -0.247827 0.968238
v 0.199712 -0.182249 0.313381
vn 0.00121645 -0.0090059 -0.999959
v 0.203814 -0.181701 0.313381
vn 0.00121645 -0.0090059 -0.999959
v 0.199832 -0.183142 0.313262
vn -0.0331115 0.24779 -0.968248
v 0.203695 -0.18081 0.313243
vn -0.991183 -0.132499 -1.29918e-05
v 0.203703 -0.180871 0.305955
vn -0.991183 -0.132499 -1.29918e-05
v 0.203814 -0.181701 0.313381
vn -0.991183 -0.132499 -1.29918e-05
v 0.199602 -0.181419 0.305955
vn 0.991183 0.132499 1.29831e-05
v 0.199712 -0.182249 0.313381
vn 0.991183 0.132499 1.29831e-05
v 0.199721 -0.182312 0.305834
vn 0.991183 0.132499 1.29831e-05
v 0.199602 -0.181419 0.305955
vn 0.0331115 -0.24779 0.968248
v 0.199721 -0.182312 0.305834
vn -0.00121642 0.00900573 0.999959
v 0.203703 -0.180871 0.305955
vn 0.0331115 -0.24779 0.968248
v 0.203933 -0.182593 0.313262
vn -0.0331115 0.24779 -0.968248
v 0.199832 -0.183142 0.313262
vn -0.0331115 0.24779 -0.968248
v 0.203814 -0.181701 0.313381
vn 0.00121644 -0.0090059 -0.999959
v 0.199712 -0.182249 0.313381
vn 0.991183 0.132499 1.29831e-05
v 0.199832 -0.183142 0.313262
vn 0.991183 0.132499 1.29831e-05
v 0.199721 -0.182312 0.305834
vn 0.991183 0.132499 1.29831e-05
v 0.203703 -0.180871 0.305955
vn -0.991183 -0.132499 -1.29874e-05
v 0.203822 -0.181763 0.305834
vn -0.991183 -0.132499 -1.29874e-05
v 0.203814 -0.181701 0.313381
vn -0.991183 -0.132499 -1.29874e-05
v 0.203822 -0.181763 0.305834
vn -0.00121642 0.00900574 0.999959
v 0.203703 -0.180871 0.305955
vn 0.0331115 -0.24779 0.968248
v 0.199721 -0.182312 0.305834
vn -0.00121642 0.00900574 0.999959
v 0.199832 -0.183142 0.313262
vn -0.0331165 0.247827 -0.968238
v 0.203933 -0.182593 0.313262
vn -0.0331165 0.247827 -0.968238
v 0.199943 -0.183976 0.312891
vn -0.0651887 0.487739 -0.870552
v 0.203814 -0.181701 0.313381
vn -0.991183 -0.132499 -1.29874e-05
v 0.203822 -0.181763 0.305834
vn -0.991183 -0.132499 -1.29874e-05
v 0.203933 -0.182593 0.313262
vn -0.991183 -0.132499 -1.29874e-05
v 0.199721 -0.182312 0.305834
vn 0.991183 0.132499 1.30289e-05
v 0.199832 -0.183142 0.313262
vn 0.991183 0.132499 1.30289e-05
v 0.199841 -0.183202 0.305971
vn 0.991183 0.132499 1.30289e-05
v 0.199721 -0.182312 0.305834
vn -0.00122154 0.009044 0.999958
v 0.199841 -0.183202 0.305971
vn -0.0354676 0.265226 0.963534
v 0.203822 -0.181763 0.305834
vn -0.00122154 0.009044 0.999958
v 0.204046 -0.183428 0.312892
vn -0.0651886 0.487739 -0.870552
v 0.199943 -0.183976 0.312891
vn -0.0651886 0.487739 -0.870552
v 0.203933 -0.182593 0.313262
vn -0.0331164 0.247827 -0.968238
v 0.199832 -0.183142 0.313262
vn 0.991183 0.132499 1.30281e-05
v 0.199943 -0.183976 0.312891
vn 0.991183 0.132499 1.30281e-05
v 0.199841 -0.183202 0.305971
vn 0.991183 0.132499 1.30281e-05
v 0.203822 -0.181763 0.305834
vn -0.991183 -0.132499 -1.29918e-05
v 0.203941 -0.182654 0.305971
vn -0.991183 -0.132499 -1.29918e-05
v 0.203933 -0.182593 0.313262
vn -0.991183 -0.132499 -1.29918e-05
v 0.203941 -0.182654 0.305971
vn -0.0354676 0.265226 0.963534
v 0.203822 -0.181763 0.305834
vn -0.00122154 0.009044 0.999958
v 0.199841 -0.183202 0.305971
vn -0.0354676 0.265226 0.963534
v 0.199943 -0.183976 0.312891
vn -0.0651931 0.487772 -0.870533
v 0.204046 -0.183428 0.312892
vn -0.0651931 0.487772 -0.870533
v 0.200039 -0.184694 0.3123
vn -0.0928235 0.694448 -0.71353
v 0.203933 -0.182593 0.313262
vn -0.991183 -0.132499 -1.29912e-05
v 0.203941 -0.182654 0.305971
vn -0.991183 -0.132499 -1.29912e-05
v 0.204046 -0.183428 0.312892
vn -0.991183 -0.132499 -1.29912e-05
v 0.199841 -0.183202 0.305971
vn 0.991183 0.132499 1.29919e-05
v 0.199943 -0.183976 0.312891
vn 0.991183 0.132499 1.29919e-05
v 0.199951 -0.18403 0.306357
vn 0.991183 0.132499 1.29919e-05
v 0.199841 -0.183202 0.305971
vn -0.0354725 0.265263 0.963523
v 0.199951 -0.18403 0.306357
vn -0.0673009 0.503369 0.861446
v 0.203941 -0.182654 0.305971
vn -0.0354725 0.265263 0.963523
v 0.204141 -0.184146 0.3123
vn -0.0928235 0.694448 -0.71353
v 0.200039 -0.184694 0.3123
vn -0.0928235 0.694448 -0.71353
v 0.204046 -0.183428 0.312892
vn -0.0651931 0.487772 -0.870533
v 0.199943 -0.183976 0.312891
vn 0.991183 0.132499 1.29917e-05
v 0.200039 -0.184694 0.3123
vn 0.991183 0.132499 1.29917e-05
v 0.199951 -0.18403 0.306357
vn 0.991183 0.132499 1.29917e-05
v 0.203941 -0.182654 0.305971
vn -0.991183 -0.132499 -1.29893e-05
v 0.204052 -0.183482 0.306357
vn -0.991183 -0.132499 -1.29893e-05
v 0.204046 -0.183428 0.312892
vn -0.991183 -0.132499 -1.29893e-05
v 0.204052 -0.183482 0.306357
vn -0.0673009 0.503369 0.861446
v 0.203941 -0.182654 0.305971
vn -0.0354725 0.265263 0.963523
v 0.199951 -0.18403 0.306357
vn -0.0673009 0.503369 0.861446
v 0.204141 -0.184146 0.3123
vn -0.0928272 0.694475 -0.713503
v 0.204214 -0.1847 0.311524
vn -0.114132 0.853832 -0.507882
v 0.200039 -0.184694 0.3123
vn -0.0928272 0.694475 -0.713503
v 0.204046 -0.183428 0.312892
vn -0.991183 -0.132499 -1.29913e-05
v 0.204052 -0.183482 0.306357
vn -0.991183 -0.132499 -1.29913e-05
v 0.204141 -0.184146 0.3123
vn -0.991183 -0.132499 -1.29913e-05
v 0.199951 -0.18403 0.306357
vn 0.991183 0.132499 1.29975e-05
v 0.200039 -0.184694 0.3123
vn 0.991183 0.132499 1.29975e-05
v 0.200045 -0.184739 0.306964
vn 0.991183 0.132499 1.29975e-05
v 0.199951 -0.18403 0.306357
vn -0.0673053 0.503402 0.861427
v 0.200045 -0.184739 0.306964
vn -0.0945471 0.707211 0.700652
v 0.204052 -0.183482 0.306357
vn -0.0673053 0.503402 0.861427
v 0.200115 -0.185248 0.311524
vn -0.114132 0.853832 -0.507882
v 0.200039 -0.184694 0.3123
vn -0.0928272 0.694475 -0.713503
v 0.204214 -0.1847 0.311524
vn -0.114132 0.853832 -0.507882
v 0.204141 -0.184146 0.3123
vn -0.991183 -0.132499 -1.29814e-05
v 0.204147 -0.18419 0.306964
vn -0.991183 -0.132499 -1.29814e-05
v 0.204214 -0.1847 0.311524
vn -0.991183 -0.132499 -1.29814e-05
v 0.204052 -0.183482 0.306357
vn -0.991183 -0.132499 -1.29749e-05
v 0.204147 -0.18419 0.306964
vn -0.991183 -0.132499 -1.29749e-05
v 0.204141 -0.184146 0.3123
vn -0.991183 -0.132499 -1.29749e-05
v 0.200039 -0.184694 0.3123
vn 0.991183 0.132499 1.29967e-05
v 0.200115 -0.185248 0.311524
vn 0.991183 0.132499 1.29967e-05
v 0.200045 -0.184739 0.306964
vn 0.991183 0.132499 1.29967e-05
v 0.204147 -0.18419 0.306964
vn -0.0945471 0.707211 0.700652
v 0.204052 -0.183482 0.306357
vn -0.0673054 0.503402 0.861427
v 0.200045 -0.184739 0.306964
vn -0.0945471 0.707211 0.700652
v 0.204214 -0.1847 0.311524
vn -0.114134 0.853852 -0.507849
v 0.204261 -0.185052 0.310617
vn -0.127663 0.955029 -0.267623
v 0.200115 -0.185248 0.311524
vn -0.114134 0.853852 -0.507849
v 0.204147 -0.18419 0.306964
vn -0.991183 -0.132499 -1.30163e-05
v 0.204219 -0.184731 0.30775
vn -0.991183 -0.132499 -1.30163e-05
v 0.204214 -0.1847 0.311524
vn -0.991183 -0.132499 -1.30163e-05
v 0.200045 -0.184739 0.306964
vn 0.991183 0.132499 1.29921e-05
v 0.200115 -0.185248 0.311524
vn 0.991183 0.132499 1.29921e-05
v 0.200118 -0.18528 0.30775
vn 0.991183 0.132499 1.29921e-05
v 0.200045 -0.184739 0.306964
vn -0.0945507 0.707238 0.700624
v 0.200118 -0.18528 0.30775
vn -0.115352 0.862856 0.492111
v 0.204147 -0.18419 0.306964
vn -0.0945507 0.707238 0.700624
v 0.200161 -0.1856 0.310617
vn -0.127663 0.955029 -0.267623
v 0.200115 -0.185248 0.311524
vn -0.114134 0.853852 -0.507849
v 0.204261 -0.185052 0.310617
vn -0.127663 0.955029 -0.267623
v 0.204214 -0.1847 0.311524
vn -0.991183 -0.132499 -1.30112e-05
v 0.204219 -0.184731 0.30775
vn -0.991183 -0.132499 -1.30112e-05
v 0.204261 -0.185052 0.310617
vn -0.991183 -0.132499 -1.30112e-05
v 0.204219 -0.184731 0.30775
vn -0.115352 0.862856 0.492111
v 0.204147 -0.18419 0.306964
vn -0.0945507 0.707238 0.700624
v 0.200118 -0.18528 0.30775
vn -0.115352 0.862856 0.492111
v 0.200115 -0.185248 0.311524
vn 0.991183 0.132499 1.29968e-05
v 0.200161 -0.1856 0.310617
vn 0.991183 0.132499 1.29968e-05
v 0.200118 -0.18528 0.30775
vn 0.991183 0.132499 1.29968e-05
v 0.204261 -0.185052 0.310617
vn -0.127665 0.955039 -0.267586
v 0.204279 -0.185177 0.309641
vn -0.132494 0.991142 -0.00912624
v 0.200161 -0.1856 0.310617
vn -0.127665 0.955039 -0.267586
v 0.204219 -0.184731 0.30775
vn -0.991183 -0.132499 -1.30111e-05
v 0.204264 -0.185068 0.308664
vn -0.991183 -0.132499 -1.30111e-05
v 0.204261 -0.185052 0.310617
vn -0.991183 -0.132499 -1.30111e-05
v 0.200118 -0.18528 0.30775
vn -0.115354 0.862875 0.492077
v 0.200163 -0.185616 0.308664
vn -0.128294 0.959701 0.250031
v 0.204219 -0.184731 0.30775
vn -0.115354 0.862875 0.492077
v 0.200118 -0.18528 0.30775
vn 0.991183 0.132499 1.29984e-05
v 0.200161 -0.1856 0.310617
vn 0.991183 0.132499 1.29984e-05
v 0.200163 -0.185616 0.308664
vn 0.991183 0.132499 1.29984e-05
v 0.200177 -0.185726 0.309641
vn -0.132494 0.991142 -0.00912639
v 0.200161 -0.1856 0.310617
vn -0.127665 0.955039 -0.267586
v 0.204279 -0.185177 0.309641
vn -0.132494 0.991142 -0.00912639
v 0.204279 -0.185177 0.309641
vn -0.991183 -0.132499 -1.30033e-05
v 0.204261 -0.185052 0.310617
vn -0.991183 -0.132499 -1.30033e-05
v 0.204264 -0.185068 0.308664
vn -0.991183 -0.132499 -1.30033e-05
v 0.204264 -0.185068 0.308664
vn -0.128294 0.959701 0.250031
v 0.204219 -0.184731 0.30775
vn -0.115354 0.862875 0.492077
v 0.200163 -0.185616 0.308664
vn -0.128294 0.959701 0.250031
v 0.200177 -0.185726 0.309641
vn 0.991183 0.132499 1.29991e-05
v 0.200163 -0.185616 0.308664
vn 0.991183 0.132499 1.29991e-05
v 0.200161 -0.1856 0.310617
vn 0.991183 0.132499 1.29991e-05
v 0.204279 -0.185177 0.309641
vn -0.132494 0.991142 -0.00908775
v 0.204264 -0.185068 0.308664
vn -0.128296 0.95971 0.249993
v 0.200177 -0.185726 0.309641
vn -0.132494 0.991142 -0.00908775
v 0.200163 -0.185616 0.308664
vn -0.128296 0.95971 0.249993
v 0.200177 -0.185726 0.309641
vn -0.132494 0.991142 -0.00908759
v 0.204264 -0.185068 0.308664
vn -0.128296 0.95971 0.249993
v 0.19932 -0.179313 0.307691
vn -0.991183 -0.132499 -1.29934e-05
v 0.199389 -0.179822 0.312251
vn -0.991183 -0.132499 -1.29934e-05
v 0.199317 -0.179281 0.311464
vn -0.991183 -0.132499 -1.29934e-05
v 0.199394 -0.179867 0.306915
vn -0.991183 -0.132499 -1.29982e-05
v 0.199389 -0.179822 0.312251
vn -0.991183 -0.132499 -1.29982e-05
v 0.19932 -0.179313 0.307691
vn -0.991183 -0.132499 -1.29982e-05
v 0.19932 -0.179313 0.307691
vn -0.991183 -0.132499 -1.29956e-05
v 0.199317 -0.179281 0.311464
vn -0.991183 -0.132499 -1.29956e-05
v 0.199273 -0.178961 0.308598
vn -0.991183 -0.132499 -1.29956e-05
v 0.199394 -0.179867 0.306915
vn -0.991183 -0.132499 -1.29971e-05
v 0.199483 -0.180531 0.312858
vn -0.991183 -0.132499 -1.29971e-05
v 0.199389 -0.179822 0.312251
vn -0.991183 -0.132499 -1.29971e-05
v 0.199273 -0.178961 0.308598
vn -0.991183 -0.132499 -1.30103e-05
v 0.199317 -0.179281 0.311464
vn -0.991183 -0.132499 -1.30103e-05
v 0.199271 -0.178945 0.310551
vn -0.991183 -0.132499 -1.30103e-05
v 0.199491 -0.180585 0.306323
vn -0.991183 -0.132499 -1.29917e-05
v 0.199483 -0.180531 0.312858
vn -0.991183 -0.132499 -1.29917e-05
v 0.199394 -0.179867 0.306915
vn -0.991183 -0.132499 -1.29917e-05
v 0.199273 -0.178961 0.308598
vn -0.991183 -0.132499 -1.30041e-05
v 0.199271 -0.178945 0.310551
vn -0.991183 -0.132499 -1.30041e-05
v 0.199256 -0.178835 0.309573
vn -0.991183 -0.132499 -1.30041e-05
v 0.199491 -0.180585 0.306323
vn -0.991183 -0.132499 -1.29917e-05
v 0.199593 -0.181358 0.313243
vn -0.991183 -0.132499 -1.29917e-05
v 0.199483 -0.180531 0.312858
vn -0.991183 -0.132499 -1.29917e-05
v 0.199602 -0.181419 0.305955
vn -0.991183 -0.132499 -1.29934e-05
v 0.199593 -0.181358 0.313243
vn -0.991183 -0.132499 -1.29934e-05
v 0.199491 -0.180585 0.306323
vn -0.991183 -0.132499 -1.29934e-05
v 0.199602 -0.181419 0.305955
vn -0.991183 -0.132499 -1.29919e-05
v 0.199712 -0.182249 0.313381
vn -0.991183 -0.132499 -1.29919e-05
v 0.199593 -0.181358 0.313243
vn -0.991183 -0.132499 -1.29919e-05
v 0.199721 -0.182312 0.305834
vn -0.991183 -0.132499 -1.29831e-05
v 0.199712 -0.182249 0.313381
vn -0.991183 -0.132499 -1.29831e-05
v 0.199602 -0.181419 0.305955
vn -0.991183 -0.132499 -1.29831e-05
v 0.199721 -0.182312 0.305834
vn -0.991183 -0.132499 -1.29831e-05
v 0.199832 -0.183142 0.313262
vn -0.991183 -0.132499 -1.29831e-05
v 0.199712 -0.182249 0.313381
vn -0.991183 -0.132499 -1.29831e-05
v 0.199841 -0.183202 0.305971
vn -0.991183 -0.132499 -1.30289e-05
v 0.199832 -0.183142 0.313262
vn -0.991183 -0.132499 -1.30289e-05
v 0.199721 -0.182312 0.305834
vn -0.991183 -0.132499 -1.30289e-05
v 0.199841 -0.183202 0.305971
vn -0.991183 -0.132499 -1.30281e-05
v 0.199943 -0.183976 0.312891
vn -0.991183 -0.132499 -1.30281e-05
v 0.199832 -0.183142 0.313262
vn -0.991183 -0.132499 -1.30281e-05
v 0.199951 -0.18403 0.306357
vn -0.991183 -0.132499 -1.29919e-05
v 0.199943 -0.183976 0.312891
vn -0.991183 -0.132499 -1.29919e-05
v 0.199841 -0.183202 0.305971
vn -0.991183 -0.132499 -1.29919e-05
v 0.199951 -0.18403 0.306357
vn -0.991183 -0.132499 -1.29917e-05
v 0.200039 -0.184694 0.3123
vn -0.991183 -0.132499 -1.29917e-05
v 0.199943 -0.183976 0.312891
vn -0.991183 -0.132499 -1.29917e-05
v 0.200045 -0.184739 0.306964
vn -0.991183 -0.132499 -1.29975e-05
v 0.200039 -0.184694 0.3123
vn -0.991183 -0.132499 -1.29975e-05
v 0.199951 -0.18403 0.306357
vn -0.991183 -0.132499 -1.29975e-05
v 0.200045 -0.184739 0.306964
vn -0.991183 -0.132499 -1.29967e-05
v 0.200115 -0.185248 0.311524
vn -0.991183 -0.132499 -1.29967e-05
v 0.200039 -0.184694 0.3123
vn -0.991183 -0.132499 -1.29967e-05
v 0.200118 -0.18528 0.30775
vn -0.991183 -0.132499 -1.29921e-05
v 0.200115 -0.185248 0.311524
vn -0.991183 -0.132499 -1.29921e-05
v 0.200045 -0.184739 0.306964
vn -0.991183 -0.132499 -1.29921e-05
v 0.200118 -0.18528 0.30775
vn -0.991183 -0.132499 -1.29968e-05
v 0.200161 -0.1856 0.310617
vn -0.991183 -0.132499 -1.29968e-05
v 0.200115 -0.185248 0.311524
vn -0.991183 -0.132499 -1.29968e-05
v 0.200163 -0.185616 0.308664
vn -0.991183 -0.132499 -1.29984e-05
v 0.200161 -0.1856 0.310617
vn -0.991183 -0.132499 -1.29984e-05
v 0.200118 -0.18528 0.30775
vn -0.991183 -0.132499 -1.29984e-05
v 0.200161 -0.1856 0.310617
vn -0.991183 -0.132499 -1.29991e-05
v 0.200163 -0.185616 0.308664
vn -0.991183 -0.132499 -1.29991e-05
v 0.200177 -0.185726 0.309641
vn -0.991183 -0.132499 -1.29991e-05
v 0.202064 0.111594 0.308583
vn 0.127663 -0.955029 0.267623
v 0.197915 0.111398 0.309489
vn 0.114134 -0.853852 0.507849
v 0.197963 0.111047 0.308583
vn 0.127663 -0.955029 0.267623
v 0.197915 0.111398 0.309489
vn 0.114134 -0.853852 0.507849
v 0.202064 0.111594 0.308583
vn 0.127663 -0.955029 0.267623
v 0.202018 0.111946 0.309489
vn 0.114134 -0.853852 0.507849
v 0.197963 0.111047 0.308583
vn 0.127665 -0.955039 0.267586
v 0.202082 0.111469 0.307608
vn 0.132494 -0.991142 0.00912622
v 0.202064 0.111594 0.308583
vn 0.127665 -0.955039 0.267586
v 0.202064 0.111594 0.308583
vn 0.991183 0.132499 1.29974e-05
v 0.202021 0.111915 0.305716
vn 0.991183 0.132499 1.29974e-05
v 0.202018 0.111946 0.309489
vn 0.991183 0.132499 1.29974e-05
v 0.202018 0.111946 0.309489
vn 0.114132 -0.853832 0.507882
v 0.197842 0.111952 0.310266
vn 0.0928272 -0.694475 0.713503
v 0.197915 0.111398 0.309489
vn 0.114132 -0.853832 0.507882
v 0.202082 0.111469 0.307608
vn 0.132494 -0.991142 0.00912637
v 0.197963 0.111047 0.308583
vn 0.127665 -0.955039 0.267586
v 0.197979 0.110921 0.307608
vn 0.132494 -0.991142 0.00912637
v 0.202067 0.111579 0.30663
vn 0.991183 0.132499 1.30046e-05
v 0.202064 0.111594 0.308583
vn 0.991183 0.132499 1.30046e-05
v 0.202082 0.111469 0.307608
vn 0.991183 0.132499 1.30046e-05
v 0.202064 0.111594 0.308583
vn 0.991183 0.132499 1.30122e-05
v 0.202067 0.111579 0.30663
vn 0.991183 0.132499 1.30122e-05
v 0.202021 0.111915 0.305716
vn 0.991183 0.132499 1.30122e-05
v 0.202018 0.111946 0.309489
vn 0.991183 0.132499 1.29962e-05
v 0.202021 0.111915 0.305716
vn 0.991183 0.132499 1.29962e-05
v 0.201949 0.112456 0.304929
vn 0.991183 0.132499 1.29962e-05
v 0.197842 0.111952 0.310266
vn 0.0928272 -0.694475 0.713503
v 0.202018 0.111946 0.309489
vn 0.114132 -0.853832 0.507882
v 0.201944 0.112501 0.310266
vn 0.0928272 -0.694475 0.713503
v 0.202021 0.111915 0.305716
vn 0.115354 -0.862875 -0.492077
v 0.197966 0.11103 0.30663
vn 0.128294 -0.959701 -0.250031
v 0.197921 0.111367 0.305716
vn 0.115354 -0.862875 -0.492077
v 0.201949 0.112456 0.304929
vn 0.0945506 -0.707238 -0.700624
v 0.197921 0.111367 0.305716
vn 0.115352 -0.862856 -0.492111
v 0.197848 0.111908 0.304929
vn 0.0945506 -0.707238 -0.700624
v 0.197979 0.110921 0.307608
vn 0.132494 -0.991142 0.00908761
v 0.202067 0.111579 0.30663
vn 0.128296 -0.95971 -0.249993
v 0.202082 0.111469 0.307608
vn 0.132494 -0.991142 0.00908761
v 0.197966 0.11103 0.30663
vn 0.128294 -0.959701 -0.250031
v 0.202021 0.111915 0.305716
vn 0.115354 -0.862875 -0.492077
v 0.202067 0.111579 0.30663
vn 0.128294 -0.959701 -0.250031
v 0.197921 0.111367 0.305716
vn 0.115352 -0.862856 -0.492111
v 0.201949 0.112456 0.304929
vn 0.0945506 -0.707238 -0.700624
v 0.202021 0.111915 0.305716
vn 0.115352 -0.862856 -0.492111
v 0.202018 0.111946 0.309489
vn 0.991183 0.132499 1.29984e-05
v 0.201949 0.112456 0.304929
vn 0.991183 0.132499 1.29984e-05
v 0.201944 0.112501 0.310266
vn 0.991183 0.132499 1.29984e-05
v 0.201847 0.113219 0.310858
vn 0.0651932 -0.487772 0.870533
v 0.197842 0.111952 0.310266
vn 0.0928235 -0.694448 0.71353
v 0.201944 0.112501 0.310266
vn 0.0928235 -0.694448 0.71353
v 0.202067 0.111579 0.30663
vn 0.128296 -0.95971 -0.249993
v 0.197979 0.110921 0.307608
vn 0.132494 -0.991142 0.00908777
v 0.197966 0.11103 0.30663
vn 0.128296 -0.95971 -0.249993
v 0.197848 0.111908 0.304929
vn 0.0945471 -0.707211 -0.700652
v 0.201854 0.113164 0.304323
vn 0.0673053 -0.503402 -0.861427
v 0.201949 0.112456 0.304929
vn 0.0945471 -0.707211 -0.700652
v 0.201944 0.112501 0.310266
vn 0.991183 0.132499 1.29969e-05
v 0.201949 0.112456 0.304929
vn 0.991183 0.132499 1.29969e-05
v 0.201854 0.113164 0.304323
vn 0.991183 0.132499 1.29969e-05
v 0.197842 0.111952 0.310266
vn 0.0928235 -0.694448 0.71353
v 0.201847 0.113219 0.310858
vn 0.0651932 -0.487772 0.870533
v 0.197747 0.11267 0.310858
vn 0.0651932 -0.487772 0.870533
v 0.201944 0.112501 0.310266
vn 0.991183 0.132499 1.29879e-05
v 0.201854 0.113164 0.304323
vn 0.991183 0.132499 1.29879e-05
v 0.201847 0.113219 0.310858
vn 0.991183 0.132499 1.29879e-05
v 0.201854 0.113164 0.304323
vn 0.0673053 -0.503402 -0.861427
v 0.197848 0.111908 0.304929
vn 0.094547 -0.707211 -0.700652
v 0.197754 0.112617 0.304323
vn 0.0673053 -0.503402 -0.861427
v 0.201736 0.114053 0.311227
vn 0.0331165 -0.247827 0.968238
v 0.197747 0.11267 0.310858
vn 0.0651887 -0.487739 0.870552
v 0.201847 0.113219 0.310858
vn 0.0651887 -0.487739 0.870552
v 0.201847 0.113219 0.310858
vn 0.991183 0.132499 1.29876e-05
v 0.201854 0.113164 0.304323
vn 0.991183 0.132499 1.29876e-05
v 0.201744 0.113992 0.303938
vn 0.991183 0.132499 1.29876e-05
v 0.197754 0.112617 0.304323
vn 0.0673009 -0.503369 -0.861446
v 0.201744 0.113992 0.303938
vn 0.0354725 -0.265263 -0.963523
v 0.201854 0.113164 0.304323
vn 0.0673009 -0.503369 -0.861446
v 0.197747 0.11267 0.310858
vn 0.0651886 -0.487739 0.870552
v 0.201736 0.114053 0.311227
vn 0.0331164 -0.247827 0.968238
v 0.197635 0.113505 0.311226
vn 0.0331164 -0.247827 0.968238
v 0.201847 0.113219 0.310858
vn 0.991183 0.132499 1.29933e-05
v 0.201744 0.113992 0.303938
vn 0.991183 0.132499 1.29933e-05
v 0.201736 0.114053 0.311227
vn 0.991183 0.132499 1.29933e-05
v 0.201744 0.113992 0.303938
vn 0.0354725 -0.265263 -0.963523
v 0.197754 0.112617 0.304323
vn 0.0673009 -0.503369 -0.861446
v 0.197643 0.113444 0.303938
vn 0.0354725 -0.265263 -0.963523
v 0.201616 0.114945 0.311347
vn -0.00121648 0.00900589 0.999959
v 0.197635 0.113505 0.311226
vn 0.0331115 -0.24779 0.968248
v 0.201736 0.114053 0.311227
vn 0.0331115 -0.24779 0.968248
v 0.201736 0.114053 0.311227
vn 0.991183 0.132499 1.29919e-05
v 0.201744 0.113992 0.303938
vn 0.991183 0.132499 1.29919e-05
v 0.201625 0.114883 0.3038
vn 0.991183 0.132499 1.29919e-05
v 0.197643 0.113444 0.303938
vn 0.0354676 -0.265226 -0.963534
v 0.201625 0.114883 0.3038
vn 0.00122156 -0.00904417 -0.999958
v 0.201744 0.113992 0.303938
vn 0.0354676 -0.265226 -0.963534
v 0.197635 0.113505 0.311226
vn 0.0331115 -0.24779 0.968248
v 0.201616 0.114945 0.311347
vn -0.00121643 0.00900574 0.999959
v 0.197516 0.114398 0.311347
vn -0.00121643 0.00900574 0.999959
v 0.201736 0.114053 0.311227
vn 0.991183 0.132499 1.302e-05
v 0.201625 0.114883 0.3038
vn 0.991183 0.132499 1.302e-05
v 0.201616 0.114945 0.311347
vn 0.991183 0.132499 1.302e-05
v 0.201625 0.114883 0.3038
vn 0.00122156 -0.00904417 -0.999958
v 0.197643 0.113444 0.303938
vn 0.0354676 -0.265226 -0.963534
v 0.197524 0.114335 0.3038
vn 0.00122156 -0.00904417 -0.999958
v 0.201497 0.115836 0.311209
vn -0.0354676 0.265226 0.963534
v 0.197516 0.114398 0.311347
vn -0.00122155 0.00904416 0.999958
v 0.201616 0.114945 0.311347
vn -0.00122155 0.00904416 0.999958
v 0.201616 0.114945 0.311347
vn 0.991183 0.132499 1.30228e-05
v 0.201625 0.114883 0.3038
vn 0.991183 0.132499 1.30228e-05
v 0.201506 0.115776 0.30392
vn 0.991183 0.132499 1.30228e-05
v 0.197524 0.114335 0.3038
vn 0.00121645 -0.0090059 -0.999959
v 0.201506 0.115776 0.30392
vn -0.0331115 0.24779 -0.968248
v 0.201625 0.114883 0.3038
vn 0.00121645 -0.0090059 -0.999959
v 0.197516 0.114398 0.311347
vn -0.00122156 0.00904416 0.999958
v 0.201497 0.115836 0.311209
vn -0.0354676 0.265226 0.963534
v 0.197397 0.115288 0.311209
vn -0.0354676 0.265226 0.963534
v 0.201616 0.114945 0.311347
vn 0.991183 0.132499 1.30315e-05
v 0.201506 0.115776 0.30392
vn 0.991183 0.132499 1.30315e-05
v 0.201497 0.115836 0.311209
vn 0.991183 0.132499 1.30315e-05
v 0.201506 0.115776 0.30392
vn -0.0331115 0.24779 -0.968248
v 0.197524 0.114335 0.3038
vn 0.00121645 -0.0090059 -0.999959
v 0.197405 0.115228 0.30392
vn -0.0331115 0.24779 -0.968248
v 0.201386 0.116664 0.310823
vn -0.0673009 0.503369 0.861446
v 0.197397 0.115288 0.311209
vn -0.0354725 0.265263 0.963523
v 0.201497 0.115836 0.311209
vn -0.0354725 0.265263 0.963523
v 0.201497 0.115836 0.311209
vn 0.991183 0.132499 1.30281e-05
v 0.201506 0.115776 0.30392
vn 0.991183 0.132499 1.30281e-05
v 0.201394 0.11661 0.304289
vn 0.991183 0.132499 1.30281e-05
v 0.197405 0.115228 0.30392
vn -0.0331165 0.247827 -0.968238
v 0.201394 0.11661 0.304289
vn -0.0651887 0.487739 -0.870552
v 0.201506 0.115776 0.30392
vn -0.0331165 0.247827 -0.968238
v 0.197397 0.115288 0.311209
vn -0.0354725 0.265263 0.963523
v 0.201386 0.116664 0.310823
vn -0.0673009 0.503369 0.861446
v 0.197286 0.116116 0.310823
vn -0.0673009 0.503369 0.861446
v 0.201497 0.115836 0.311209
vn 0.991183 0.132499 1.30223e-05
v 0.201394 0.11661 0.304289
vn 0.991183 0.132499 1.30223e-05
v 0.201386 0.116664 0.310823
vn 0.991183 0.132499 1.30223e-05
v 0.201394 0.11661 0.304289
vn -0.0651887 0.487739 -0.870552
v 0.197405 0.115228 0.30392
vn -0.0331165 0.247827 -0.968238
v 0.197292 0.116061 0.304289
vn -0.0651887 0.487739 -0.870552
v 0.201292 0.117373 0.310218
vn -0.094547 0.707211 0.700652
v 0.197286 0.116116 0.310823
vn -0.0673053 0.503402 0.861427
v 0.201386 0.116664 0.310823
vn -0.0673053 0.503402 0.861427
v 0.201386 0.116664 0.310823
vn 0.991183 0.132499 1.30199e-05
v 0.201394 0.11661 0.304289
vn 0.991183 0.132499 1.30199e-05
v 0.201299 0.117328 0.304881
vn 0.991183 0.132499 1.30199e-05
v 0.197292 0.116061 0.304289
vn -0.0651932 0.487772 -0.870533
v 0.201299 0.117328 0.304881
vn -0.0928235 0.694448 -0.71353
v 0.201394 0.11661 0.304289
vn -0.0651932 0.487772 -0.870533
v 0.197286 0.116116 0.310823
vn -0.0673053 0.503402 0.861427
v 0.201292 0.117373 0.310218
vn -0.0945471 0.707211 0.700652
v 0.19719 0.116824 0.310218
vn -0.0945471 0.707211 0.700652
v 0.201386 0.116664 0.310823
vn 0.991183 0.132499 1.29993e-05
v 0.201299 0.117328 0.304881
vn 0.991183 0.132499 1.29993e-05
v 0.201292 0.117373 0.310218
vn 0.991183 0.132499 1.29993e-05
v 0.201299 0.117328 0.304881
vn -0.0928235 0.694448 -0.71353
v 0.197292 0.116061 0.304289
vn -0.0651931 0.487772 -0.870533
v 0.197196 0.11678 0.304881
vn -0.0928235 0.694448 -0.71353
v 0.201219 0.117913 0.309431
vn -0.115352 0.862856 0.492111
v 0.19719 0.116824 0.310218
vn -0.0945507 0.707238 0.700624
v 0.201292 0.117373 0.310218
vn -0.0945507 0.707238 0.700624
v 0.201292 0.117373 0.310218
vn 0.991183 0.132499 1.29969e-05
v 0.201299 0.117328 0.304881
vn 0.991183 0.132499 1.29969e-05
v 0.201223 0.117883 0.305657
vn 0.991183 0.132499 1.29969e-05
v 0.197123 0.117334 0.305657
vn -0.114132 0.853832 -0.507882
v 0.201299 0.117328 0.304881
vn -0.0928272 0.694475 -0.713503
v 0.197196 0.11678 0.304881
vn -0.0928272 0.694475 -0.713503
v 0.19719 0.116824 0.310218
vn -0.0945506 0.707238 0.700624
v 0.201219 0.117913 0.309431
vn -0.115352 0.862856 0.492111
v 0.197118 0.117365 0.309431
vn -0.115352 0.862856 0.492111
v 0.201292 0.117373 0.310218
vn 0.991183 0.132499 1.29977e-05
v 0.201223 0.117883 0.305657
vn 0.991183 0.132499 1.29977e-05
v 0.201219 0.117913 0.309431
vn 0.991183 0.132499 1.29977e-05
v 0.201299 0.117328 0.304881
vn -0.0928272 0.694475 -0.713503
v 0.197123 0.117334 0.305657
vn -0.114132 0.853832 -0.507883
v 0.201223 0.117883 0.305657
vn -0.114132 0.853832 -0.507883
v 0.201175 0.11825 0.308517
vn -0.128294 0.959701 0.250031
v 0.197118 0.117365 0.309431
vn -0.115354 0.862875 0.492077
v 0.201219 0.117913 0.309431
vn -0.115354 0.862875 0.492077
v 0.201219 0.117913 0.309431
vn 0.991183 0.132499 1.30003e-05
v 0.201223 0.117883 0.305657
vn 0.991183 0.132499 1.30003e-05
v 0.201177 0.118234 0.306564
vn 0.991183 0.132499 1.30003e-05
v 0.197076 0.117686 0.306564
vn -0.127663 0.955029 -0.267623
v 0.201223 0.117883 0.305657
vn -0.114134 0.853852 -0.507849
v 0.197123 0.117334 0.305657
vn -0.114134 0.853852 -0.507849
v 0.197118 0.117365 0.309431
vn -0.115354 0.862875 0.492077
v 0.201175 0.11825 0.308517
vn -0.128294 0.959701 0.250031
v 0.197074 0.117702 0.308517
vn -0.128294 0.959701 0.250031
v 0.201219 0.117913 0.309431
vn 0.991183 0.132499 1.29985e-05
v 0.201177 0.118234 0.306564
vn 0.991183 0.132499 1.29985e-05
v 0.201175 0.11825 0.308517
vn 0.991183 0.132499 1.29985e-05
v 0.201223 0.117883 0.305657
vn -0.114134 0.853852 -0.507849
v 0.197076 0.117686 0.306564
vn -0.127663 0.955029 -0.267623
v 0.201177 0.118234 0.306564
vn -0.127663 0.955029 -0.267623
v 0.20116 0.118359 0.30754
vn -0.132494 0.991142 -0.00908775
v 0.197074 0.117702 0.308517
vn -0.128296 0.95971 0.249993
v 0.201175 0.11825 0.308517
vn -0.128296 0.95971 0.249993
v 0.201175 0.11825 0.308517
vn 0.991183 0.132499 1.2999e-05
v 0.201177 0.118234 0.306564
vn 0.991183 0.132499 1.2999e-05
v 0.20116 0.118359 0.30754
vn 0.991183 0.132499 1.2999e-05
v 0.197058 0.117811 0.30754
vn -0.132494 0.991142 -0.00912623
v 0.201177 0.118234 0.306564
vn -0.127665 0.955039 -0.267586
v 0.197076 0.117686 0.306564
vn -0.127665 0.955039 -0.267586
v 0.197074 0.117702 0.308517
vn -0.128296 0.95971 0.249993
v 0.20116 0.118359 0.30754
vn -0.132494 0.991142 -0.00908775
v 0.197058 0.117811 0.30754
vn -0.132494 0.991142 -0.00908775
v 0.201177 0.118234 0.306564
vn -0.127665 0.955039 -0.267586
v 0.197058 0.117811 0.30754
vn -0.132494 0.991142 -0.00912623
v 0.20116 0.118359 0.30754
vn -0.132494 0.991142 -0.00912623
v 0.197963 0.111047 0.308583
vn -0.127663 0.955029 -0.267623
v 0.197915 0.111398 0.309489
vn -0.114134 0.853852 -0.507849
v 0.202064 0.111594 0.308583
vn -0.127663 0.955029 -0.267623
v 0.202018 0.111946 0.309489
vn -0.114134 0.853852 -0.507849
v 0.202064 0.111594 0.308583
vn -0.127663 0.955029 -0.267623
v 0.197915 0.111398 0.309489
vn -0.114134 0.853852 -0.507849
v 0.197915 0.111398 0.309489
vn 0.991183 0.132499 1.301e-05
v 0.197963 0.111047 0.308583
vn 0.991183 0.132499 1.301e-05
v 0.197921 0.111367 0.305716
vn 0.991183 0.132499 1.301e-05
v 0.202064 0.111594 0.308583
vn -0.127665 0.955039 -0.267586
v 0.202082 0.111469 0.307608
vn -0.132494 0.991142 -0.00912622
v 0.197963 0.111047 0.308583
vn -0.127665 0.955039 -0.267586
v 0.202018 0.111946 0.309489
vn -0.991183 -0.132499 -1.29974e-05
v 0.202021 0.111915 0.305716
vn -0.991183 -0.132499 -1.29974e-05
v 0.202064 0.111594 0.308583
vn -0.991183 -0.132499 -1.29974e-05
v 0.197915 0.111398 0.309489
vn -0.114132 0.853832 -0.507882
v 0.197842 0.111952 0.310266
vn -0.0928272 0.694475 -0.713503
v 0.202018 0.111946 0.309489
vn -0.114132 0.853832 -0.507882
v 0.197921 0.111367 0.305716
vn 0.991183 0.132499 1.29963e-05
v 0.197963 0.111047 0.308583
vn 0.991183 0.132499 1.29963e-05
v 0.197966 0.11103 0.30663
vn 0.991183 0.132499 1.29963e-05
v 0.197848 0.111908 0.304929
vn 0.991183 0.132499 1.30178e-05
v 0.197915 0.111398 0.309489
vn 0.991183 0.132499 1.30178e-05
v 0.197921 0.111367 0.305716
vn 0.991183 0.132499 1.30178e-05
v 0.197979 0.110921 0.307608
vn -0.132494 0.991142 -0.00912637
v 0.197963 0.111047 0.308583
vn -0.127665 0.955039 -0.267586
v 0.202082 0.111469 0.307608
vn -0.132494 0.991142 -0.00912637
v 0.202082 0.111469 0.307608
vn -0.991183 -0.132499 -1.30046e-05
v 0.202064 0.111594 0.308583
vn -0.991183 -0.132499 -1.30046e-05
v 0.202067 0.111579 0.30663
vn -0.991183 -0.132499 -1.30046e-05
v 0.202021 0.111915 0.305716
vn -0.991183 -0.132499 -1.30122e-05
v 0.202067 0.111579 0.30663
vn -0.991183 -0.132499 -1.30122e-05
v 0.202064 0.111594 0.308583
vn -0.991183 -0.132499 -1.30122e-05
v 0.201949 0.112456 0.304929
vn -0.991183 -0.132499 -1.29962e-05
v 0.202021 0.111915 0.305716
vn -0.991183 -0.132499 -1.29962e-05
v 0.202018 0.111946 0.309489
vn -0.991183 -0.132499 -1.29962e-05
v 0.201944 0.112501 0.310266
vn -0.0928272 0.694475 -0.713503
v 0.202018 0.111946 0.309489
vn -0.114132 0.853832 -0.507882
v 0.197842 0.111952 0.310266
vn -0.0928272 0.694475 -0.713503
v 0.197842 0.111952 0.310266
vn 0.991183 0.132499 1.30031e-05
v 0.197915 0.111398 0.309489
vn 0.991183 0.132499 1.30031e-05
v 0.197848 0.111908 0.304929
vn 0.991183 0.132499 1.30031e-05
v 0.197979 0.110921 0.307608
vn 0.991183 0.132499 1.29992e-05
v 0.197966 0.11103 0.30663
vn 0.991183 0.132499 1.29992e-05
v 0.197963 0.111047 0.308583
vn 0.991183 0.132499 1.29992e-05
v 0.197921 0.111367 0.305716
vn -0.115354 0.862875 0.492077
v 0.197966 0.11103 0.30663
vn -0.128294 0.959701 0.250031
v 0.202021 0.111915 0.305716
vn -0.115354 0.862875 0.492077
v 0.197848 0.111908 0.304929
vn -0.0945506 0.707238 0.700624
v 0.197921 0.111367 0.305716
vn -0.115352 0.862856 0.492111
v 0.201949 0.112456 0.304929
vn -0.0945506 0.707238 0.700624
v 0.202082 0.111469 0.307608
vn -0.132494 0.991142 -0.00908761
v 0.202067 0.111579 0.30663
vn -0.128296 0.95971 0.249993
v 0.197979 0.110921 0.307608
vn -0.132494 0.991142 -0.00908761
v 0.202067 0.111579 0.30663
vn -0.128294 0.959701 0.250031
v 0.202021 0.111915 0.305716
vn -0.115354 0.862875 0.492077
v 0.197966 0.11103 0.30663
vn -0.128294 0.959701 0.250031
v 0.202021 0.111915 0.305716
vn -0.115352 0.862856 0.492111
v 0.201949 0.112456 0.304929
vn -0.0945506 0.707238 0.700624
v 0.197921 0.111367 0.305716
vn -0.115352 0.862856 0.492111
v 0.201944 0.112501 0.310266
vn -0.991183 -0.132499 -1.29984e-05
v 0.201949 0.112456 0.304929
vn -0.991183 -0.132499 -1.29984e-05
v 0.202018 0.111946 0.309489
vn -0.991183 -0.132499 -1.29984e-05
v 0.201944 0.112501 0.310266
vn -0.0928235 0.694448 -0.71353
v 0.197842 0.111952 0.310266
vn -0.0928235 0.694448 -0.71353
v 0.201847 0.113219 0.310858
vn -0.0651932 0.487772 -0.870533
v 0.197754 0.112617 0.304323
vn 0.991183 0.132499 1.30013e-05
v 0.197842 0.111952 0.310266
vn 0.991183 0.132499 1.30013e-05
v 0.197848 0.111908 0.304929
vn 0.991183 0.132499 1.30013e-05
v 0.197966 0.11103 0.30663
vn -0.128296 0.95971 0.249993
v 0.197979 0.110921 0.307608
vn -0.132494 0.991142 -0.00908777
v 0.202067 0.111579 0.30663
vn -0.128296 0.95971 0.249993
v 0.201949 0.112456 0.304929
vn -0.0945471 0.707211 0.700652
v 0.201854 0.113164 0.304323
vn -0.0673053 0.503402 0.861427
v 0.197848 0.111908 0.304929
vn -0.0945471 0.707211 0.700652
v 0.201854 0.113164 0.304323
vn -0.991183 -0.132499 -1.29969e-05
v 0.201949 0.112456 0.304929
vn -0.991183 -0.132499 -1.29969e-05
v 0.201944 0.112501 0.310266
vn -0.991183 -0.132499 -1.29969e-05
v 0.197747 0.11267 0.310858
vn -0.0651932 0.487772 -0.870533
v 0.201847 0.113219 0.310858
vn -0.0651932 0.487772 -0.870533
v 0.197842 0.111952 0.310266
vn -0.0928235 0.694448 -0.71353
v 0.201847 0.113219 0.310858
vn -0.991183 -0.132499 -1.29879e-05
v 0.201854 0.113164 0.304323
vn -0.991183 -0.132499 -1.29879e-05
v 0.201944 0.112501 0.310266
vn -0.991183 -0.132499 -1.29879e-05
v 0.197747 0.11267 0.310858
vn 0.991183 0.132499 1.29955e-05
v 0.197842 0.111952 0.310266
vn 0.991183 0.132499 1.29955e-05
v 0.197754 0.112617 0.304323
vn 0.991183 0.132499 1.29955e-05
v 0.197754 0.112617 0.304323
vn -0.0673053 0.503402 0.861427
v 0.197848 0.111908 0.304929
vn -0.094547 0.707211 0.700652
v 0.201854 0.113164 0.304323
vn -0.0673053 0.503402 0.861427
v 0.201847 0.113219 0.310858
vn -0.0651887 0.487739 -0.870552
v 0.197747 0.11267 0.310858
vn -0.0651887 0.487739 -0.870552
v 0.201736 0.114053 0.311227
vn -0.0331165 0.247827 -0.968238
v 0.201744 0.113992 0.303938
vn -0.991183 -0.132499 -1.29876e-05
v 0.201854 0.113164 0.304323
vn -0.991183 -0.132499 -1.29876e-05
v 0.201847 0.113219 0.310858
vn -0.991183 -0.132499 -1.29876e-05
v 0.197643 0.113444 0.303938
vn 0.991183 0.132499 1.29938e-05
v 0.197747 0.11267 0.310858
vn 0.991183 0.132499 1.29938e-05
v 0.197754 0.112617 0.304323
vn 0.991183 0.132499 1.29938e-05
v 0.201854 0.113164 0.304323
vn -0.0673009 0.503369 0.861446
v 0.201744 0.113992 0.303938
vn -0.0354725 0.265263 0.963523
v 0.197754 0.112617 0.304323
vn -0.0673009 0.503369 0.861446
v 0.197635 0.113505 0.311226
vn -0.0331164 0.247827 -0.968238
v 0.201736 0.114053 0.311227
vn -0.0331164 0.247827 -0.968238
v 0.197747 0.11267 0.310858
vn -0.0651886 0.487739 -0.870552
v 0.201736 0.114053 0.311227
vn -0.991183 -0.132499 -1.29933e-05
v 0.201744 0.113992 0.303938
vn -0.991183 -0.132499 -1.29933e-05
v 0.201847 0.113219 0.310858
vn -0.991183 -0.132499 -1.29933e-05
v 0.197635 0.113505 0.311226
vn 0.991183 0.132499 1.29912e-05
v 0.197747 0.11267 0.310858
vn 0.991183 0.132499 1.29912e-05
v 0.197643 0.113444 0.303938
vn 0.991183 0.132499 1.29912e-05
v 0.197643 0.113444 0.303938
vn -0.0354725 0.265263 0.963523
v 0.197754 0.112617 0.304323
vn -0.0673009 0.503369 0.861446
v 0.201744 0.113992 0.303938
vn -0.0354725 0.265263 0.963523
v 0.201736 0.114053 0.311227
vn -0.0331115 0.24779 -0.968248
v 0.197635 0.113505 0.311226
vn -0.0331115 0.24779 -0.968248
v 0.201616 0.114945 0.311347
vn 0.00121648 -0.00900589 -0.999959
v 0.201625 0.114883 0.3038
vn -0.991183 -0.132499 -1.29919e-05
v 0.201744 0.113992 0.303938
vn -0.991183 -0.132499 -1.29919e-05
v 0.201736 0.114053 0.311227
vn -0.991183 -0.132499 -1.29919e-05
v 0.197524 0.114335 0.3038
vn 0.991183 0.132499 1.29918e-05
v 0.197635 0.113505 0.311226
vn 0.991183 0.132499 1.29918e-05
v 0.197643 0.113444 0.303938
vn 0.991183 0.132499 1.29918e-05
v 0.201744 0.113992 0.303938
vn -0.0354676 0.265226 0.963534
v 0.201625 0.114883 0.3038
vn -0.00122156 0.00904417 0.999958
v 0.197643 0.113444 0.303938
vn -0.0354676 0.265226 0.963534
v 0.197516 0.114398 0.311347
vn 0.00121643 -0.00900574 -0.999959
v 0.201616 0.114945 0.311347
vn 0.00121643 -0.00900574 -0.999959
v 0.197635 0.113505 0.311226
vn -0.0331115 0.24779 -0.968248
v 0.201616 0.114945 0.311347
vn -0.991183 -0.132499 -1.302e-05
v 0.201625 0.114883 0.3038
vn -0.991183 -0.132499 -1.302e-05
v 0.201736 0.114053 0.311227
vn -0.991183 -0.132499 -1.302e-05
v 0.197516 0.114398 0.311347
vn 0.991183 0.132499 1.2983e-05
v 0.197635 0.113505 0.311226
vn 0.991183 0.132499 1.2983e-05
v 0.197524 0.114335 0.3038
vn 0.991183 0.132499 1.2983e-05
v 0.197524 0.114335 0.3038
vn -0.00122156 0.00904417 0.999958
v 0.197643 0.113444 0.303938
vn -0.0354676 0.265226 0.963534
v 0.201625 0.114883 0.3038
vn -0.00122156 0.00904417 0.999958
v 0.201616 0.114945 0.311347
vn 0.00122155 -0.00904416 -0.999958
v 0.197516 0.114398 0.311347
vn 0.00122155 -0.00904416 -0.999958
v 0.201497 0.115836 0.311209
vn 0.0354676 -0.265226 -0.963534
v 0.201506 0.115776 0.30392
vn -0.991183 -0.132499 -1.30228e-05
v 0.201625 0.114883 0.3038
vn -0.991183 -0.132499 -1.30228e-05
v 0.201616 0.114945 0.311347
vn -0.991183 -0.132499 -1.30228e-05
v 0.197405 0.115228 0.30392
vn 0.991183 0.132499 1.2983e-05
v 0.197516 0.114398 0.311347
vn 0.991183 0.132499 1.2983e-05
v 0.197524 0.114335 0.3038
vn 0.991183 0.132499 1.2983e-05
v 0.201625 0.114883 0.3038
vn -0.00121645 0.0090059 0.999959
v 0.201506 0.115776 0.30392
vn 0.0331115 -0.24779 0.968248
v 0.197524 0.114335 0.3038
vn -0.00121645 0.0090059 0.999959
v 0.197397 0.115288 0.311209
vn 0.0354676 -0.265226 -0.963534
v 0.201497 0.115836 0.311209
vn 0.0354676 -0.265226 -0.963534
v 0.197516 0.114398 0.311347
vn 0.00122156 -0.00904416 -0.999958
v 0.201497 0.115836 0.311209
vn -0.991183 -0.132499 -1.30315e-05
v 0.201506 0.115776 0.30392
vn -0.991183 -0.132499 -1.30315e-05
v 0.201616 0.114945 0.311347
vn -0.991183 -0.132499 -1.30315e-05
v 0.197397 0.115288 0.311209
vn 0.991183 0.132499 1.29962e-05
v 0.197516 0.114398 0.311347
vn 0.991183 0.132499 1.29962e-05
v 0.197405 0.115228 0.30392
vn 0.991183 0.132499 1.29962e-05
v 0.197405 0.115228 0.30392
vn 0.0331115 -0.24779 0.968248
v 0.197524 0.114335 0.3038
vn -0.00121645 0.0090059 0.999959
v 0.201506 0.115776 0.30392
vn 0.0331115 -0.24779 0.968248
v 0.201497 0.115836 0.311209
vn 0.0354725 -0.265263 -0.963523
v 0.197397 0.115288 0.311209
vn 0.0354725 -0.265263 -0.963523
v 0.201386 0.116664 0.310823
vn 0.0673009 -0.503369 -0.861446
v 0.201394 0.11661 0.304289
vn -0.991183 -0.132499 -1.30281e-05
v 0.201506 0.115776 0.30392
vn -0.991183 -0.132499 -1.30281e-05
v 0.201497 0.115836 0.311209
vn -0.991183 -0.132499 -1.30281e-05
v 0.197292 0.116061 0.304289
vn 0.991183 0.132499 1.2995e-05
v 0.197397 0.115288 0.311209
vn 0.991183 0.132499 1.2995e-05
v 0.197405 0.115228 0.30392
vn 0.991183 0.132499 1.2995e-05
v 0.201506 0.115776 0.30392
vn 0.0331165 -0.247827 0.968238
v 0.201394 0.11661 0.304289
vn 0.0651887 -0.487739 0.870552
v 0.197405 0.115228 0.30392
vn 0.0331165 -0.247827 0.968238
v 0.197286 0.116116 0.310823
vn 0.0673009 -0.503369 -0.861446
v 0.201386 0.116664 0.310823
vn 0.0673009 -0.503369 -0.861446
v 0.197397 0.115288 0.311209
vn 0.0354725 -0.265263 -0.963523
v 0.201386 0.116664 0.310823
vn -0.991183 -0.132499 -1.30223e-05
v 0.201394 0.11661 0.304289
vn -0.991183 -0.132499 -1.30223e-05
v 0.201497 0.115836 0.311209
vn -0.991183 -0.132499 -1.30223e-05
v 0.197286 0.116116 0.310823
vn 0.991183 0.132499 1.29849e-05
v 0.197397 0.115288 0.311209
vn 0.991183 0.132499 1.29849e-05
v 0.197292 0.116061 0.304289
vn 0.991183 0.132499 1.29849e-05
v 0.197292 0.116061 0.304289
vn 0.0651887 -0.487739 0.870552
v 0.197405 0.115228 0.30392
vn 0.0331165 -0.247827 0.968238
v 0.201394 0.11661 0.304289
vn 0.0651887 -0.487739 0.870552
v 0.201386 0.116664 0.310823
vn 0.0673053 -0.503402 -0.861427
v 0.197286 0.116116 0.310823
vn 0.0673053 -0.503402 -0.861427
v 0.201292 0.117373 0.310218
vn 0.094547 -0.707211 -0.700652
v 0.201299 0.117328 0.304881
vn -0.991183 -0.132499 -1.30199e-05
v 0.201394 0.11661 0.304289
vn -0.991183 -0.132499 -1.30199e-05
v 0.201386 0.116664 0.310823
vn -0.991183 -0.132499 -1.30199e-05
v 0.197196 0.11678 0.304881
vn 0.991183 0.132499 1.29878e-05
v 0.197286 0.116116 0.310823
vn 0.991183 0.132499 1.29878e-05
v 0.197292 0.116061 0.304289
vn 0.991183 0.132499 1.29878e-05
v 0.201394 0.11661 0.304289
vn 0.0651932 -0.487772 0.870533
v 0.201299 0.117328 0.304881
vn 0.0928235 -0.694448 0.71353
v 0.197292 0.116061 0.304289
vn 0.0651932 -0.487772 0.870533
v 0.19719 0.116824 0.310218
vn 0.0945471 -0.707211 -0.700652
v 0.201292 0.117373 0.310218
vn 0.0945471 -0.707211 -0.700652
v 0.197286 0.116116 0.310823
vn 0.0673053 -0.503402 -0.861427
v 0.201292 0.117373 0.310218
vn -0.991183 -0.132499 -1.29993e-05
v 0.201299 0.117328 0.304881
vn -0.991183 -0.132499 -1.29993e-05
v 0.201386 0.116664 0.310823
vn -0.991183 -0.132499 -1.29993e-05
v 0.19719 0.116824 0.310218
vn 0.991183 0.132499 1.3001e-05
v 0.197286 0.116116 0.310823
vn 0.991183 0.132499 1.3001e-05
v 0.197196 0.11678 0.304881
vn 0.991183 0.132499 1.3001e-05
v 0.197196 0.11678 0.304881
vn 0.0928235 -0.694448 0.71353
v 0.197292 0.116061 0.304289
vn 0.0651931 -0.487772 0.870533
v 0.201299 0.117328 0.304881
vn 0.0928235 -0.694448 0.71353
v 0.201292 0.117373 0.310218
vn 0.0945507 -0.707238 -0.700624
v 0.19719 0.116824 0.310218
vn 0.0945507 -0.707238 -0.700624
v 0.201219 0.117913 0.309431
vn 0.115352 -0.862856 -0.492111
v 0.201223 0.117883 0.305657
vn -0.991183 -0.132499 -1.29969e-05
v 0.201299 0.117328 0.304881
vn -0.991183 -0.132499 -1.29969e-05
v 0.201292 0.117373 0.310218
vn -0.991183 -0.132499 -1.29969e-05
v 0.197123 0.117334 0.305657
vn 0.991183 0.132499 1.30032e-05
v 0.19719 0.116824 0.310218
vn 0.991183 0.132499 1.30032e-05
v 0.197196 0.11678 0.304881
vn 0.991183 0.132499 1.30032e-05
v 0.197196 0.11678 0.304881
vn 0.0928272 -0.694475 0.713503
v 0.201299 0.117328 0.304881
vn 0.0928272 -0.694475 0.713503
v 0.197123 0.117334 0.305657
vn 0.114132 -0.853832 0.507882
v 0.197118 0.117365 0.309431
vn 0.115352 -0.862856 -0.492111
v 0.201219 0.117913 0.309431
vn 0.115352 -0.862856 -0.492111
v 0.19719 0.116824 0.310218
vn 0.0945506 -0.707238 -0.700624
v 0.201219 0.117913 0.309431
vn -0.991183 -0.132499 -1.29977e-05
v 0.201223 0.117883 0.305657
vn -0.991183 -0.132499 -1.29977e-05
v 0.201292 0.117373 0.310218
vn -0.991183 -0.132499 -1.29977e-05
v 0.201223 0.117883 0.305657
vn 0.114132 -0.853832 0.507883
v 0.197123 0.117334 0.305657
vn 0.114132 -0.853832 0.507883
v 0.201299 0.117328 0.304881
vn 0.0928272 -0.694475 0.713503
v 0.197118 0.117365 0.309431
vn 0.991183 0.132499 1.30178e-05
v 0.19719 0.116824 0.310218
vn 0.991183 0.132499 1.30178e-05
v 0.197123 0.117334 0.305657
vn 0.991183 0.132499 1.30178e-05
v 0.201219 0.117913 0.309431
vn 0.115354 -0.862875 -0.492077
v 0.197118 0.117365 0.309431
vn 0.115354 -0.862875 -0.492077
v 0.201175 0.11825 0.308517
vn 0.128294 -0.959701 -0.250031
v 0.201177 0.118234 0.306564
vn -0.991183 -0.132499 -1.30003e-05
v 0.201223 0.117883 0.305657
vn -0.991183 -0.132499 -1.30003e-05
v 0.201219 0.117913 0.309431
vn -0.991183 -0.132499 -1.30003e-05
v 0.197123 0.117334 0.305657
vn 0.114134 -0.853852 0.507849
v 0.201223 0.117883 0.305657
vn 0.114134 -0.853852 0.507849
v 0.197076 0.117686 0.306564
vn 0.127663 -0.955029 0.267623
v 0.197076 0.117686 0.306564
vn 0.991183 0.132499 1.30102e-05
v 0.197118 0.117365 0.309431
vn 0.991183 0.132499 1.30102e-05
v 0.197123 0.117334 0.305657
vn 0.991183 0.132499 1.30102e-05
v 0.197074 0.117702 0.308517
vn 0.128294 -0.959701 -0.250031
v 0.201175 0.11825 0.308517
vn 0.128294 -0.959701 -0.250031
v 0.197118 0.117365 0.309431
vn 0.115354 -0.862875 -0.492077
v 0.201175 0.11825 0.308517
vn -0.991183 -0.132499 -1.29985e-05
v 0.201177 0.118234 0.306564
vn -0.991183 -0.132499 -1.29985e-05
v 0.201219 0.117913 0.309431
vn -0.991183 -0.132499 -1.29985e-05
v 0.201177 0.118234 0.306564
vn 0.127663 -0.955029 0.267623
v 0.197076 0.117686 0.306564
vn 0.127663 -0.955029 0.267623
v 0.201223 0.117883 0.305657
vn 0.114134 -0.853852 0.507849
v 0.197074 0.117702 0.308517
vn 0.991183 0.132499 1.29979e-05
v 0.197118 0.117365 0.309431
vn 0.991183 0.132499 1.29979e-05
v 0.197076 0.117686 0.306564
vn 0.991183 0.132499 1.29979e-05
v 0.201175 0.11825 0.308517
vn 0.128296 -0.95971 -0.249993
v 0.197074 0.117702 0.308517
vn 0.128296 -0.95971 -0.249993
v 0.20116 0.118359 0.30754
vn 0.132494 -0.991142 0.00908775
v 0.20116 0.118359 0.30754
vn -0.991183 -0.132499 -1.2999e-05
v 0.201177 0.118234 0.306564
vn -0.991183 -0.132499 -1.2999e-05
v 0.201175 0.11825 0.308517
vn -0.991183 -0.132499 -1.2999e-05
v 0.197076 0.117686 0.306564
vn 0.127665 -0.955039 0.267586
v 0.201177 0.118234 0.306564
vn 0.127665 -0.955039 0.267586
v 0.197058 0.117811 0.30754
vn 0.132494 -0.991142 0.00912623
v 0.197058 0.117811 0.30754
vn 0.991183 0.132499 1.2999e-05
v 0.197074 0.117702 0.308517
vn 0.991183 0.132499 1.2999e-05
v 0.197076 0.117686 0.306564
vn 0.991183 0.132499 1.2999e-05
v 0.197058 0.117811 0.30754
vn 0.132494 -0.991142 0.00908775
v 0.20116 0.118359 0.30754
vn 0.132494 -0.991142 0.00908775
v 0.197074 0.117702 0.308517
vn 0.128296 -0.95971 -0.249993
v 0.20116 0.118359 0.30754
vn 0.132494 -0.991142 0.00912623
v 0.197058 0.117811 0.30754
vn 0.132494 -0.991142 0.00912623
v 0.201177 0.118234 0.306564
vn 0.127665 -0.955039 0.267586
v 0.197921 0.111367 0.305716
vn -0.991183 -0.132499 -1.301e-05
v 0.197963 0.111047 0.308583
vn -0.991183 -0.132499 -1.301e-05
v 0.197915 0.111398 0.309489
vn -0.991183 -0.132499 -1.301e-05
v 0.197966 0.11103 0.30663
vn -0.991183 -0.132499 -1.29963e-05
v 0.197963 0.111047 0.308583
vn -0.991183 -0.132499 -1.29963e-05
v 0.197921 0.111367 0.305716
vn -0.991183 -0.132499 -1.29963e-05
v 0.197921 0.111367 0.305716
vn -0.991183 -0.132499 -1.30178e-05
v 0.197915 0.111398 0.309489
vn -0.991183 -0.132499 -1.30178e-05
v 0.197848 0.111908 0.304929
vn -0.991183 -0.132499 -1.30178e-05
v 0.197848 0.111908 0.304929
vn -0.991183 -0.132499 -1.30031e-05
v 0.197915 0.111398 0.309489
vn -0.991183 -0.132499 -1.30031e-05
v 0.197842 0.111952 0.310266
vn -0.991183 -0.132499 -1.30031e-05
v 0.197963 0.111047 0.308583
vn -0.991183 -0.132499 -1.29992e-05
v 0.197966 0.11103 0.30663
vn -0.991183 -0.132499 -1.29992e-05
v 0.197979 0.110921 0.307608
vn -0.991183 -0.132499 -1.29992e-05
v 0.197848 0.111908 0.304929
vn -0.991183 -0.132499 -1.30013e-05
v 0.197842 0.111952 0.310266
vn -0.991183 -0.132499 -1.30013e-05
v 0.197754 0.112617 0.304323
vn -0.991183 -0.132499 -1.30013e-05
v 0.197754 0.112617 0.304323
vn -0.991183 -0.132499 -1.29955e-05
v 0.197842 0.111952 0.310266
vn -0.991183 -0.132499 -1.29955e-05
v 0.197747 0.11267 0.310858
vn -0.991183 -0.132499 -1.29955e-05
v 0.197754 0.112617 0.304323
vn -0.991183 -0.132499 -1.29938e-05
v 0.197747 0.11267 0.310858
vn -0.991183 -0.132499 -1.29938e-05
v 0.197643 0.113444 0.303938
vn -0.991183 -0.132499 -1.29938e-05
v 0.197643 0.113444 0.303938
vn -0.991183 -0.132499 -1.29912e-05
v 0.197747 0.11267 0.310858
vn -0.991183 -0.132499 -1.29912e-05
v 0.197635 0.113505 0.311226
vn -0.991183 -0.132499 -1.29912e-05
v 0.197643 0.113444 0.303938
vn -0.991183 -0.132499 -1.29918e-05
v 0.197635 0.113505 0.311226
vn -0.991183 -0.132499 -1.29918e-05
v 0.197524 0.114335 0.3038
vn -0.991183 -0.132499 -1.29918e-05
v 0.197524 0.114335 0.3038
vn -0.991183 -0.132499 -1.2983e-05
v 0.197635 0.113505 0.311226
vn -0.991183 -0.132499 -1.2983e-05
v 0.197516 0.114398 0.311347
vn -0.991183 -0.132499 -1.2983e-05
v 0.197524 0.114335 0.3038
vn -0.991183 -0.132499 -1.2983e-05
v 0.197516 0.114398 0.311347
vn -0.991183 -0.132499 -1.2983e-05
v 0.197405 0.115228 0.30392
vn -0.991183 -0.132499 -1.2983e-05
v 0.197405 0.115228 0.30392
vn -0.991183 -0.132499 -1.29962e-05
v 0.197516 0.114398 0.311347
vn -0.991183 -0.132499 -1.29962e-05
v 0.197397 0.115288 0.311209
vn -0.991183 -0.132499 -1.29962e-05
v 0.197405 0.115228 0.30392
vn -0.991183 -0.132499 -1.2995e-05
v 0.197397 0.115288 0.311209
vn -0.991183 -0.132499 -1.2995e-05
v 0.197292 0.116061 0.304289
vn -0.991183 -0.132499 -1.2995e-05
v 0.197292 0.116061 0.304289
vn -0.991183 -0.132499 -1.29849e-05
v 0.197397 0.115288 0.311209
vn -0.991183 -0.132499 -1.29849e-05
v 0.197286 0.116116 0.310823
vn -0.991183 -0.132499 -1.29849e-05
v 0.197292 0.116061 0.304289
vn -0.991183 -0.132499 -1.29878e-05
v 0.197286 0.116116 0.310823
vn -0.991183 -0.132499 -1.29878e-05
v 0.197196 0.11678 0.304881
vn -0.991183 -0.132499 -1.29878e-05
v 0.197196 0.11678 0.304881
vn -0.991183 -0.132499 -1.3001e-05
v 0.197286 0.116116 0.310823
vn -0.991183 -0.132499 -1.3001e-05
v 0.19719 0.116824 0.310218
vn -0.991183 -0.132499 -1.3001e-05
v 0.197196 0.11678 0.304881
vn -0.991183 -0.132499 -1.30032e-05
v 0.19719 0.116824 0.310218
vn -0.991183 -0.132499 -1.30032e-05
v 0.197123 0.117334 0.305657
vn -0.991183 -0.132499 -1.30032e-05
v 0.197123 0.117334 0.305657
vn -0.991183 -0.132499 -1.30178e-05
v 0.19719 0.116824 0.310218
vn -0.991183 -0.132499 -1.30178e-05
v 0.197118 0.117365 0.309431
vn -0.991183 -0.132499 -1.30178e-05
v 0.197123 0.117334 0.305657
vn -0.991183 -0.132499 -1.30102e-05
v 0.197118 0.117365 0.309431
vn -0.991183 -0.132499 -1.30102e-05
v 0.197076 0.117686 0.306564
vn -0.991183 -0.132499 -1.30102e-05
v 0.197076 0.117686 0.306564
vn -0.991183 -0.132499 -1.29979e-05
v 0.197118 0.117365 0.309431
vn -0.991183 -0.132499 -1.29979e-05
v 0.197074 0.117702 0.308517
vn -0.991183 -0.132499 -1.29979e-05
v 0.197076 0.117686 0.306564
vn -0.991183 -0.132499 -1.2999e-05
v 0.197074 0.117702 0.308517
vn -0.991183 -0.132499 -1.2999e-05
v 0.197058 0.117811 0.30754
vn -0.991183 -0.132499 -1.2999e-05
v -0.201399 -0.187277 0.314271
vn 0.0651887 -0.487739 0.870552
v -0.197408 -0.185895 0.314639
vn 0.0331164 -0.247827 0.968238
v -0.201511 -0.186443 0.314639
vn 0.0331164 -0.247827 0.968238
v -0.197408 -0.185895 0.314639
vn 0.0331164 -0.247827 0.968238
v -0.201399 -0.187277 0.314271
vn 0.0651887 -0.487739 0.870552
v -0.197297 -0.186729 0.314271
vn 0.0651887 -0.487739 0.870552
v -0.197528 -0.185002 0.314758
vn -0.00121645 0.0090059 0.999959
v -0.201511 -0.186443 0.314639
vn 0.0331115 -0.24779 0.968248
v -0.197408 -0.185895 0.314639
vn 0.0331115 -0.24779 0.968248
v -0.201503 -0.186504 0.307351
vn -0.991183 -0.132499 -1.29909e-05
v -0.201399 -0.187277 0.314271
vn -0.991183 -0.132499 -1.29909e-05
v -0.201511 -0.186443 0.314639
vn -0.991183 -0.132499 -1.29909e-05
v -0.201302 -0.187996 0.313678
vn 0.0928235 -0.694448 0.71353
v -0.197297 -0.186729 0.314271
vn 0.0651931 -0.487772 0.870533
v -0.201399 -0.187277 0.314271
vn 0.0651931 -0.487772 0.870533
v -0.201511 -0.186443 0.314639
vn 0.0331115 -0.24779 0.968248
v -0.197528 -0.185002 0.314758
vn -0.00121644 0.0090059 0.999959
v -0.20163 -0.185551 0.314758
vn -0.00121644 0.0090059 0.999959
v -0.201392 -0.187332 0.307736
vn -0.991183 -0.132499 -1.29854e-05
v -0.201399 -0.187277 0.314271
vn -0.991183 -0.132499 -1.29854e-05
v -0.201503 -0.186504 0.307351
vn -0.991183 -0.132499 -1.29854e-05
v -0.201503 -0.186504 0.307351
vn -0.991183 -0.132499 -1.29918e-05
v -0.201511 -0.186443 0.314639
vn -0.991183 -0.132499 -1.29918e-05
v -0.201622 -0.185613 0.307213
vn -0.991183 -0.132499 -1.29918e-05
v -0.197297 -0.186729 0.314271
vn 0.0651931 -0.487772 0.870533
v -0.201302 -0.187996 0.313678
vn 0.0928235 -0.694448 0.71353
v -0.197202 -0.187448 0.313678
vn 0.0928235 -0.694448 0.71353
v -0.201392 -0.187332 0.307736
vn -0.991183 -0.132499 -1.29882e-05
v -0.201302 -0.187996 0.313678
vn -0.991183 -0.132499 -1.29882e-05
v -0.201399 -0.187277 0.314271
vn -0.991183 -0.132499 -1.29882e-05
v -0.197647 -0.184112 0.314622
vn -0.0354676 0.265226 0.963534
v -0.20163 -0.185551 0.314758
vn -0.00122154 0.009044 0.999958
v -0.197528 -0.185002 0.314758
vn -0.00122154 0.009044 0.999958
v -0.201622 -0.185613 0.307213
vn -0.991183 -0.132499 -1.29874e-05
v -0.201511 -0.186443 0.314639
vn -0.991183 -0.132499 -1.29874e-05
v -0.20163 -0.185551 0.314758
vn -0.991183 -0.132499 -1.29874e-05
v -0.1974 -0.185956 0.307351
vn 0.0354725 -0.265263 -0.963523
v -0.201392 -0.187332 0.307736
vn 0.0673009 -0.503369 -0.861446
v -0.201503 -0.186504 0.307351
vn 0.0354725 -0.265263 -0.963523
v -0.197519 -0.185065 0.307213
vn 0.00122156 -0.00904417 -0.999958
v -0.201503 -0.186504 0.307351
vn 0.0354676 -0.265226 -0.963534
v -0.201622 -0.185613 0.307213
vn 0.00122156 -0.00904417 -0.999958
v -0.201302 -0.187996 0.313678
vn 0.0928272 -0.694475 0.713503
v -0.197128 -0.188002 0.312902
vn 0.114132 -0.853832 0.507882
v -0.197202 -0.187448 0.313678
vn 0.0928272 -0.694475 0.713503
v -0.201297 -0.18804 0.308342
vn -0.991183 -0.132499 -1.30006e-05
v -0.201302 -0.187996 0.313678
vn -0.991183 -0.132499 -1.30006e-05
v -0.201392 -0.187332 0.307736
vn -0.991183 -0.132499 -1.30006e-05
v -0.201392 -0.187332 0.307736
vn 0.0673009 -0.503369 -0.861446
v -0.1974 -0.185956 0.307351
vn 0.0354725 -0.265263 -0.963523
v -0.197289 -0.186783 0.307736
vn 0.0673009 -0.503369 -0.861446
v -0.201503 -0.186504 0.307351
vn 0.0354676 -0.265226 -0.963534
v -0.197519 -0.185065 0.307213
vn 0.00122156 -0.00904417 -0.999958
v -0.1974 -0.185956 0.307351
vn 0.0354676 -0.265226 -0.963534
v -0.20163 -0.185551 0.314758
vn -0.00122154 0.009044 0.999958
v -0.197647 -0.184112 0.314622
vn -0.0354676 0.265226 0.963534
v -0.201749 -0.18466 0.314622
vn -0.0354676 0.265226 0.963534
v -0.201622 -0.185613 0.307213
vn -0.991183 -0.132499 -1.29874e-05
v -0.20163 -0.185551 0.314758
vn -0.991183 -0.132499 -1.29874e-05
v -0.201741 -0.184721 0.307332
vn -0.991183 -0.132499 -1.29874e-05
v -0.201622 -0.185613 0.307213
vn 0.00121645 -0.0090059 -0.999959
v -0.197638 -0.184172 0.307332
vn -0.0331115 0.24779 -0.968248
v -0.197519 -0.185065 0.307213
vn 0.00121645 -0.0090059 -0.999959
v -0.197128 -0.188002 0.312902
vn 0.114132 -0.853832 0.507882
v -0.201302 -0.187996 0.313678
vn 0.0928272 -0.694475 0.713503
v -0.201228 -0.18855 0.312902
vn 0.114132 -0.853832 0.507882
v -0.201297 -0.18804 0.308342
vn -0.991183 -0.132499 -1.30011e-05
v -0.201228 -0.18855 0.312902
vn -0.991183 -0.132499 -1.30011e-05
v -0.201302 -0.187996 0.313678
vn -0.991183 -0.132499 -1.30011e-05
v -0.197289 -0.186783 0.307736
vn 0.0673053 -0.503402 -0.861427
v -0.201297 -0.18804 0.308342
vn 0.0945471 -0.707211 -0.700652
v -0.201392 -0.187332 0.307736
vn 0.0673053 -0.503402 -0.861427
v -0.197757 -0.183284 0.314236
vn -0.0673009 0.503369 0.861446
v -0.201749 -0.18466 0.314622
vn -0.0354725 0.265263 0.963523
v -0.197647 -0.184112 0.314622
vn -0.0354725 0.265263 0.963523
v -0.201741 -0.184721 0.307332
vn -0.991183 -0.132499 -1.29918e-05
v -0.20163 -0.185551 0.314758
vn -0.991183 -0.132499 -1.29918e-05
v -0.201749 -0.18466 0.314622
vn -0.991183 -0.132499 -1.29918e-05
v -0.197638 -0.184172 0.307332
vn -0.0331115 0.24779 -0.968248
v -0.201622 -0.185613 0.307213
vn 0.00121644 -0.0090059 -0.999959
v -0.201741 -0.184721 0.307332
vn -0.0331115 0.24779 -0.968248
v -0.201228 -0.18855 0.312902
vn 0.114134 -0.853852 0.507849
v -0.197081 -0.188353 0.311996
vn 0.127663 -0.955029 0.267623
v -0.197128 -0.188002 0.312902
vn 0.114134 -0.853852 0.507849
v -0.201297 -0.18804 0.308342
vn 0.094547 -0.707211 -0.700652
v -0.197289 -0.186783 0.307736
vn 0.0673053 -0.503402 -0.861427
v -0.197196 -0.187492 0.308342
vn 0.094547 -0.707211 -0.700652
v -0.201225 -0.188581 0.309129
vn -0.991183 -0.132499 -1.29962e-05
v -0.201228 -0.18855 0.312902
vn -0.991183 -0.132499 -1.29962e-05
v -0.201297 -0.18804 0.308342
vn -0.991183 -0.132499 -1.29962e-05
v -0.201749 -0.18466 0.314622
vn -0.0354725 0.265263 0.963523
v -0.197757 -0.183284 0.314236
vn -0.0673009 0.503369 0.861446
v -0.20186 -0.183832 0.314236
vn -0.0673009 0.503369 0.861446
v -0.201741 -0.184721 0.307332
vn -0.991183 -0.132499 -1.29933e-05
v -0.201749 -0.18466 0.314622
vn -0.991183 -0.132499 -1.29933e-05
v -0.201852 -0.183887 0.307702
vn -0.991183 -0.132499 -1.29933e-05
v -0.201741 -0.184721 0.307332
vn -0.0331165 0.247827 -0.968238
v -0.197751 -0.183338 0.307702
vn -0.0651887 0.487739 -0.870552
v -0.197638 -0.184172 0.307332
vn -0.0331165 0.247827 -0.968238
v -0.197081 -0.188353 0.311996
vn 0.127663 -0.955029 0.267623
v -0.201228 -0.18855 0.312902
vn 0.114134 -0.853852 0.507849
v -0.201182 -0.188902 0.311996
vn 0.127663 -0.955029 0.267623
v -0.201225 -0.188581 0.309129
vn 0.115352 -0.862856 -0.492111
v -0.197196 -0.187492 0.308342
vn 0.0945506 -0.707238 -0.700624
v -0.197122 -0.188033 0.309129
vn 0.115352 -0.862856 -0.492111
v -0.197196 -0.187492 0.308342
vn 0.0945506 -0.707238 -0.700624
v -0.201225 -0.188581 0.309129
vn 0.115352 -0.862856 -0.492111
v -0.201297 -0.18804 0.308342
vn 0.0945506 -0.707238 -0.700624
v -0.201225 -0.188581 0.309129
vn -0.991183 -0.132499 -1.29974e-05
v -0.201182 -0.188902 0.311996
vn -0.991183 -0.132499 -1.29974e-05
v -0.201228 -0.18855 0.312902
vn -0.991183 -0.132499 -1.29974e-05
v -0.197853 -0.182575 0.31363
vn -0.0945471 0.707211 0.700652
v -0.20186 -0.183832 0.314236
vn -0.0673053 0.503402 0.861427
v -0.197757 -0.183284 0.314236
vn -0.0673053 0.503402 0.861427
v -0.201852 -0.183887 0.307702
vn -0.991183 -0.132499 -1.30179e-05
v -0.201749 -0.18466 0.314622
vn -0.991183 -0.132499 -1.30179e-05
v -0.20186 -0.183832 0.314236
vn -0.991183 -0.132499 -1.30179e-05
v -0.197751 -0.183338 0.307702
vn -0.0651887 0.487739 -0.870552
v -0.201741 -0.184721 0.307332
vn -0.0331165 0.247827 -0.968238
v -0.201852 -0.183887 0.307702
vn -0.0651887 0.487739 -0.870552
v -0.201182 -0.188902 0.311996
vn 0.127665 -0.955039 0.267586
v -0.197064 -0.188479 0.311021
vn 0.132494 -0.991142 0.00912639
v -0.197081 -0.188353 0.311996
vn 0.127665 -0.955039 0.267586
v -0.197122 -0.188033 0.309129
vn 0.115354 -0.862875 -0.492077
v -0.20118 -0.188918 0.310043
vn 0.128294 -0.959701 -0.250031
v -0.201225 -0.188581 0.309129
vn 0.115354 -0.862875 -0.492077
v -0.20118 -0.188918 0.310043
vn -0.991183 -0.132499 -1.29978e-05
v -0.201182 -0.188902 0.311996
vn -0.991183 -0.132499 -1.29978e-05
v -0.201225 -0.188581 0.309129
vn -0.991183 -0.132499 -1.29978e-05
v -0.20186 -0.183832 0.314236
vn -0.0673053 0.503402 0.861427
v -0.197853 -0.182575 0.31363
vn -0.0945471 0.707211 0.700652
v -0.201954 -0.183124 0.31363
vn -0.0945471 0.707211 0.700652
v -0.201852 -0.183887 0.307702
vn -0.991183 -0.132499 -1.30143e-05
v -0.20186 -0.183832 0.314236
vn -0.991183 -0.132499 -1.30143e-05
v -0.201949 -0.183168 0.308294
vn -0.991183 -0.132499 -1.30143e-05
v -0.201852 -0.183887 0.307702
vn -0.0651932 0.487772 -0.870533
v -0.197847 -0.18262 0.308294
vn -0.0928235 0.694448 -0.71353
v -0.197751 -0.183338 0.307702
vn -0.0651932 0.487772 -0.870533
v -0.197064 -0.188479 0.311021
vn 0.132494 -0.991142 0.00912622
v -0.201182 -0.188902 0.311996
vn 0.127665 -0.955039 0.267586
v -0.201164 -0.189027 0.311021
vn 0.132494 -0.991142 0.00912622
v -0.20118 -0.188918 0.310043
vn 0.128294 -0.959701 -0.250031
v -0.197122 -0.188033 0.309129
vn 0.115354 -0.862875 -0.492077
v -0.197077 -0.188369 0.310043
vn 0.128294 -0.959701 -0.250031
v -0.201182 -0.188902 0.311996
vn -0.991183 -0.132499 -1.2999e-05
v -0.20118 -0.188918 0.310043
vn -0.991183 -0.132499 -1.2999e-05
v -0.201164 -0.189027 0.311021
vn -0.991183 -0.132499 -1.2999e-05
v -0.197925 -0.182034 0.312843
vn -0.115352 0.862856 0.492111
v -0.201954 -0.183124 0.31363
vn -0.0945507 0.707238 0.700624
v -0.197853 -0.182575 0.31363
vn -0.0945507 0.707238 0.700624
v -0.201949 -0.183168 0.308294
vn -0.991183 -0.132499 -1.30006e-05
v -0.20186 -0.183832 0.314236
vn -0.991183 -0.132499 -1.30006e-05
v -0.201954 -0.183124 0.31363
vn -0.991183 -0.132499 -1.30006e-05
v -0.197847 -0.18262 0.308294
vn -0.0928235 0.694448 -0.71353
v -0.201852 -0.183887 0.307702
vn -0.0651931 0.487772 -0.870533
v -0.201949 -0.183168 0.308294
vn -0.0928235 0.694448 -0.71353
v -0.201164 -0.189027 0.311021
vn 0.132494 -0.991142 0.00908762
v -0.197077 -0.188369 0.310043
vn 0.128296 -0.95971 -0.249993
v -0.197064 -0.188479 0.311021
vn 0.132494 -0.991142 0.00908762
v -0.197077 -0.188369 0.310043
vn 0.128296 -0.95971 -0.249993
v -0.201164 -0.189027 0.311021
vn 0.132494 -0.991142 0.00908775
v -0.20118 -0.188918 0.310043
vn 0.128296 -0.95971 -0.249993
v -0.201954 -0.183124 0.31363
vn -0.0945507 0.707238 0.700624
v -0.197925 -0.182034 0.312843
vn -0.115352 0.862856 0.492111
v -0.202027 -0.182583 0.312843
vn -0.115352 0.862856 0.492111
v -0.201949 -0.183168 0.308294
vn -0.991183 -0.132499 -1.30011e-05
v -0.201954 -0.183124 0.31363
vn -0.991183 -0.132499 -1.30011e-05
v -0.202023 -0.182614 0.30907
vn -0.991183 -0.132499 -1.30011e-05
v -0.197847 -0.18262 0.308294
vn -0.0928272 0.694475 -0.713503
v -0.202023 -0.182614 0.30907
vn -0.114132 0.853832 -0.507882
v -0.197921 -0.182066 0.30907
vn -0.114132 0.853832 -0.507882
v -0.202023 -0.182614 0.30907
vn -0.114132 0.853832 -0.507882
v -0.197847 -0.18262 0.308294
vn -0.0928272 0.694475 -0.713503
v -0.201949 -0.183168 0.308294
vn -0.0928272 0.694475 -0.713503
v -0.197969 -0.181698 0.31193
vn -0.128294 0.959701 0.250031
v -0.202027 -0.182583 0.312843
vn -0.115354 0.862875 0.492077
v -0.197925 -0.182034 0.312843
vn -0.115354 0.862875 0.492077
v -0.202023 -0.182614 0.30907
vn -0.991183 -0.132499 -1.29962e-05
v -0.201954 -0.183124 0.31363
vn -0.991183 -0.132499 -1.29962e-05
v -0.202027 -0.182583 0.312843
vn -0.991183 -0.132499 -1.29962e-05
v -0.20207 -0.182262 0.309977
vn -0.127663 0.955029 -0.267623
v -0.197921 -0.182066 0.30907
vn -0.114134 0.853852 -0.507849
v -0.202023 -0.182614 0.30907
vn -0.114134 0.853852 -0.507849
v -0.202027 -0.182583 0.312843
vn -0.115354 0.862875 0.492077
v -0.197969 -0.181698 0.31193
vn -0.128294 0.959701 0.250031
v -0.202072 -0.182246 0.31193
vn -0.128294 0.959701 0.250031
v -0.202023 -0.182614 0.30907
vn -0.991183 -0.132499 -1.29974e-05
v -0.202027 -0.182583 0.312843
vn -0.991183 -0.132499 -1.29974e-05
v -0.20207 -0.182262 0.309977
vn -0.991183 -0.132499 -1.29974e-05
v -0.197921 -0.182066 0.30907
vn -0.114134 0.853852 -0.507849
v -0.20207 -0.182262 0.309977
vn -0.127663 0.955029 -0.267623
v -0.197967 -0.181714 0.309977
vn -0.127663 0.955029 -0.267623
v -0.197985 -0.181589 0.310952
vn -0.132494 0.991142 -0.00908775
v -0.202072 -0.182246 0.31193
vn -0.128296 0.95971 0.249993
v -0.197969 -0.181698 0.31193
vn -0.128296 0.95971 0.249993
v -0.20207 -0.182262 0.309977
vn -0.991183 -0.132499 -1.29978e-05
v -0.202027 -0.182583 0.312843
vn -0.991183 -0.132499 -1.29978e-05
v -0.202072 -0.182246 0.31193
vn -0.991183 -0.132499 -1.29978e-05
v -0.202085 -0.182137 0.310952
vn -0.132494 0.991142 -0.00912621
v -0.197967 -0.181714 0.309977
vn -0.127665 0.955039 -0.267586
v -0.20207 -0.182262 0.309977
vn -0.127665 0.955039 -0.267586
v -0.202072 -0.182246 0.31193
vn -0.128296 0.95971 0.249993
v -0.197985 -0.181589 0.310952
vn -0.132494 0.991142 -0.00908778
v -0.202085 -0.182137 0.310952
vn -0.132494 0.991142 -0.00908778
v -0.20207 -0.182262 0.309977
vn -0.991183 -0.132499 -1.29997e-05
v -0.202072 -0.182246 0.31193
vn -0.991183 -0.132499 -1.29997e-05
v -0.202085 -0.182137 0.310952
vn -0.991183 -0.132499 -1.29997e-05
v -0.197967 -0.181714 0.309977
vn -0.127665 0.955039 -0.267586
v -0.202085 -0.182137 0.310952
vn -0.132494 0.991142 -0.00912622
v -0.197985 -0.181589 0.310952
vn -0.132494 0.991142 -0.00912622
v -0.201511 -0.186443 0.314639
vn -0.0331164 0.247827 -0.968238
v -0.197408 -0.185895 0.314639
vn -0.0331164 0.247827 -0.968238
v -0.201399 -0.187277 0.314271
vn -0.0651887 0.487739 -0.870552
v -0.197297 -0.186729 0.314271
vn -0.0651887 0.487739 -0.870552
v -0.201399 -0.187277 0.314271
vn -0.0651887 0.487739 -0.870552
v -0.197408 -0.185895 0.314639
vn -0.0331164 0.247827 -0.968238
v -0.197408 -0.185895 0.314639
vn -0.0331115 0.24779 -0.968248
v -0.201511 -0.186443 0.314639
vn -0.0331115 0.24779 -0.968248
v -0.197528 -0.185002 0.314758
vn 0.00121645 -0.0090059 -0.999959
v -0.201511 -0.186443 0.314639
vn 0.991183 0.132499 1.29909e-05
v -0.201399 -0.187277 0.314271
vn 0.991183 0.132499 1.29909e-05
v -0.201503 -0.186504 0.307351
vn 0.991183 0.132499 1.29909e-05
v -0.201399 -0.187277 0.314271
vn -0.0651931 0.487772 -0.870533
v -0.197297 -0.186729 0.314271
vn -0.0651931 0.487772 -0.870533
v -0.201302 -0.187996 0.313678
vn -0.0928235 0.694448 -0.71353
v -0.197408 -0.185895 0.314639
vn -0.991183 -0.132499 -1.29934e-05
v -0.1974 -0.185956 0.307351
vn -0.991183 -0.132499 -1.29934e-05
v -0.197297 -0.186729 0.314271
vn -0.991183 -0.132499 -1.29934e-05
v -0.20163 -0.185551 0.314758
vn 0.00121644 -0.0090059 -0.999959
v -0.197528 -0.185002 0.314758
vn 0.00121644 -0.0090059 -0.999959
v -0.201511 -0.186443 0.314639
vn -0.0331115 0.24779 -0.968248
v -0.197528 -0.185002 0.314758
vn -0.991183 -0.132499 -1.30156e-05
v -0.197519 -0.185065 0.307213
vn -0.991183 -0.132499 -1.30156e-05
v -0.197408 -0.185895 0.314639
vn -0.991183 -0.132499 -1.30156e-05
v -0.201503 -0.186504 0.307351
vn 0.991183 0.132499 1.29854e-05
v -0.201399 -0.187277 0.314271
vn 0.991183 0.132499 1.29854e-05
v -0.201392 -0.187332 0.307736
vn 0.991183 0.132499 1.29854e-05
v -0.201622 -0.185613 0.307213
vn 0.991183 0.132499 1.29918e-05
v -0.201511 -0.186443 0.314639
vn 0.991183 0.132499 1.29918e-05
v -0.201503 -0.186504 0.307351
vn 0.991183 0.132499 1.29918e-05
v -0.197202 -0.187448 0.313678
vn -0.0928235 0.694448 -0.71353
v -0.201302 -0.187996 0.313678
vn -0.0928235 0.694448 -0.71353
v -0.197297 -0.186729 0.314271
vn -0.0651931 0.487772 -0.870533
v -0.201399 -0.187277 0.314271
vn 0.991183 0.132499 1.29882e-05
v -0.201302 -0.187996 0.313678
vn 0.991183 0.132499 1.29882e-05
v -0.201392 -0.187332 0.307736
vn 0.991183 0.132499 1.29882e-05
v -0.1974 -0.185956 0.307351
vn -0.991183 -0.132499 -1.3022e-05
v -0.197289 -0.186783 0.307736
vn -0.991183 -0.132499 -1.3022e-05
v -0.197297 -0.186729 0.314271
vn -0.991183 -0.132499 -1.3022e-05
v -0.197519 -0.185065 0.307213
vn -0.991183 -0.132499 -1.29919e-05
v -0.1974 -0.185956 0.307351
vn -0.991183 -0.132499 -1.29919e-05
v -0.197408 -0.185895 0.314639
vn -0.991183 -0.132499 -1.29919e-05
v -0.197528 -0.185002 0.314758
vn 0.00122154 -0.009044 -0.999958
v -0.20163 -0.185551 0.314758
vn 0.00122154 -0.009044 -0.999958
v -0.197647 -0.184112 0.314622
vn 0.0354676 -0.265226 -0.963534
v -0.20163 -0.185551 0.314758
vn 0.991183 0.132499 1.29874e-05
v -0.201511 -0.186443 0.314639
vn 0.991183 0.132499 1.29874e-05
v -0.201622 -0.185613 0.307213
vn 0.991183 0.132499 1.29874e-05
v -0.197638 -0.184172 0.307332
vn -0.991183 -0.132499 -1.30181e-05
v -0.197519 -0.185065 0.307213
vn -0.991183 -0.132499 -1.30181e-05
v -0.197528 -0.185002 0.314758
vn -0.991183 -0.132499 -1.30181e-05
v -0.201503 -0.186504 0.307351
vn -0.0354725 0.265263 0.963523
v -0.201392 -0.187332 0.307736
vn -0.0673009 0.503369 0.861446
v -0.1974 -0.185956 0.307351
vn -0.0354725 0.265263 0.963523
v -0.201622 -0.185613 0.307213
vn -0.00122156 0.00904417 0.999958
v -0.201503 -0.186504 0.307351
vn -0.0354676 0.265226 0.963534
v -0.197519 -0.185065 0.307213
vn -0.00122156 0.00904417 0.999958
v -0.197202 -0.187448 0.313678
vn -0.0928272 0.694475 -0.713503
v -0.197128 -0.188002 0.312902
vn -0.114132 0.853832 -0.507882
v -0.201302 -0.187996 0.313678
vn -0.0928272 0.694475 -0.713503
v -0.197297 -0.186729 0.314271
vn -0.991183 -0.132499 -1.30202e-05
v -0.197289 -0.186783 0.307736
vn -0.991183 -0.132499 -1.30202e-05
v -0.197202 -0.187448 0.313678
vn -0.991183 -0.132499 -1.30202e-05
v -0.201392 -0.187332 0.307736
vn 0.991183 0.132499 1.30006e-05
v -0.201302 -0.187996 0.313678
vn 0.991183 0.132499 1.30006e-05
v -0.201297 -0.18804 0.308342
vn 0.991183 0.132499 1.30006e-05
v -0.197289 -0.186783 0.307736
vn -0.0673009 0.503369 0.861446
v -0.1974 -0.185956 0.307351
vn -0.0354725 0.265263 0.963523
v -0.201392 -0.187332 0.307736
vn -0.0673009 0.503369 0.861446
v -0.1974 -0.185956 0.307351
vn -0.0354676 0.265226 0.963534
v -0.197519 -0.185065 0.307213
vn -0.00122156 0.00904417 0.999958
v -0.201503 -0.186504 0.307351
vn -0.0354676 0.265226 0.963534
v -0.201749 -0.18466 0.314622
vn 0.0354676 -0.265226 -0.963534
v -0.197647 -0.184112 0.314622
vn 0.0354676 -0.265226 -0.963534
v -0.20163 -0.185551 0.314758
vn 0.00122154 -0.009044 -0.999958
v -0.197647 -0.184112 0.314622
vn -0.991183 -0.132499 -1.30312e-05
v -0.197638 -0.184172 0.307332
vn -0.991183 -0.132499 -1.30312e-05
v -0.197528 -0.185002 0.314758
vn -0.991183 -0.132499 -1.30312e-05
v -0.201741 -0.184721 0.307332
vn 0.991183 0.132499 1.29874e-05
v -0.20163 -0.185551 0.314758
vn 0.991183 0.132499 1.29874e-05
v -0.201622 -0.185613 0.307213
vn 0.991183 0.132499 1.29874e-05
v -0.197519 -0.185065 0.307213
vn -0.00121645 0.0090059 0.999959
v -0.197638 -0.184172 0.307332
vn 0.0331115 -0.24779 0.968248
v -0.201622 -0.185613 0.307213
vn -0.00121645 0.0090059 0.999959
v -0.201228 -0.18855 0.312902
vn -0.114132 0.853832 -0.507882
v -0.201302 -0.187996 0.313678
vn -0.0928272 0.694475 -0.713503
v -0.197128 -0.188002 0.312902
vn -0.114132 0.853832 -0.507882
v -0.197202 -0.187448 0.313678
vn -0.991183 -0.132499 -1.30015e-05
v -0.197196 -0.187492 0.308342
vn -0.991183 -0.132499 -1.30015e-05
v -0.197128 -0.188002 0.312902
vn -0.991183 -0.132499 -1.30015e-05
v -0.197289 -0.186783 0.307736
vn -0.991183 -0.132499 -1.30031e-05
v -0.197196 -0.187492 0.308342
vn -0.991183 -0.132499 -1.30031e-05
v -0.197202 -0.187448 0.313678
vn -0.991183 -0.132499 -1.30031e-05
v -0.201302 -0.187996 0.313678
vn 0.991183 0.132499 1.30011e-05
v -0.201228 -0.18855 0.312902
vn 0.991183 0.132499 1.30011e-05
v -0.201297 -0.18804 0.308342
vn 0.991183 0.132499 1.30011e-05
v -0.201392 -0.187332 0.307736
vn -0.0673053 0.503402 0.861427
v -0.201297 -0.18804 0.308342
vn -0.0945471 0.707211 0.700652
v -0.197289 -0.186783 0.307736
vn -0.0673053 0.503402 0.861427
v -0.197647 -0.184112 0.314622
vn 0.0354725 -0.265263 -0.963523
v -0.201749 -0.18466 0.314622
vn 0.0354725 -0.265263 -0.963523
v -0.197757 -0.183284 0.314236
vn 0.0673009 -0.503369 -0.861446
v -0.201749 -0.18466 0.314622
vn 0.991183 0.132499 1.29918e-05
v -0.20163 -0.185551 0.314758
vn 0.991183 0.132499 1.29918e-05
v -0.201741 -0.184721 0.307332
vn 0.991183 0.132499 1.29918e-05
v -0.197751 -0.183338 0.307702
vn -0.991183 -0.132499 -1.3028e-05
v -0.197638 -0.184172 0.307332
vn -0.991183 -0.132499 -1.3028e-05
v -0.197647 -0.184112 0.314622
vn -0.991183 -0.132499 -1.3028e-05
v -0.201741 -0.184721 0.307332
vn 0.0331115 -0.24779 0.968248
v -0.201622 -0.185613 0.307213
vn -0.00121644 0.0090059 0.999959
v -0.197638 -0.184172 0.307332
vn 0.0331115 -0.24779 0.968248
v -0.197128 -0.188002 0.312902
vn -0.114134 0.853852 -0.507849
v -0.197081 -0.188353 0.311996
vn -0.127663 0.955029 -0.267623
v -0.201228 -0.18855 0.312902
vn -0.114134 0.853852 -0.507849
v -0.197196 -0.187492 0.308342
vn -0.991183 -0.132499 -1.30166e-05
v -0.197122 -0.188033 0.309129
vn -0.991183 -0.132499 -1.30166e-05
v -0.197128 -0.188002 0.312902
vn -0.991183 -0.132499 -1.30166e-05
v -0.197196 -0.187492 0.308342
vn -0.094547 0.707211 0.700652
v -0.197289 -0.186783 0.307736
vn -0.0673053 0.503402 0.861427
v -0.201297 -0.18804 0.308342
vn -0.094547 0.707211 0.700652
v -0.201297 -0.18804 0.308342
vn 0.991183 0.132499 1.29962e-05
v -0.201228 -0.18855 0.312902
vn 0.991183 0.132499 1.29962e-05
v -0.201225 -0.188581 0.309129
vn 0.991183 0.132499 1.29962e-05
v -0.20186 -0.183832 0.314236
vn 0.0673009 -0.503369 -0.861446
v -0.197757 -0.183284 0.314236
vn 0.0673009 -0.503369 -0.861446
v -0.201749 -0.18466 0.314622
vn 0.0354725 -0.265263 -0.963523
v -0.197757 -0.183284 0.314236
vn -0.991183 -0.132499 -1.29914e-05
v -0.197751 -0.183338 0.307702
vn -0.991183 -0.132499 -1.29914e-05
v -0.197647 -0.184112 0.314622
vn -0.991183 -0.132499 -1.29914e-05
v -0.201852 -0.183887 0.307702
vn 0.991183 0.132499 1.29933e-05
v -0.201749 -0.18466 0.314622
vn 0.991183 0.132499 1.29933e-05
v -0.201741 -0.184721 0.307332
vn 0.991183 0.132499 1.29933e-05
v -0.197638 -0.184172 0.307332
vn 0.0331165 -0.247827 0.968238
v -0.197751 -0.183338 0.307702
vn 0.0651887 -0.487739 0.870552
v -0.201741 -0.184721 0.307332
vn 0.0331165 -0.247827 0.968238
v -0.201182 -0.188902 0.311996
vn -0.127663 0.955029 -0.267623
v -0.201228 -0.18855 0.312902
vn -0.114134 0.853852 -0.507849
v -0.197081 -0.188353 0.311996
vn -0.127663 0.955029 -0.267623
v -0.197128 -0.188002 0.312902
vn -0.991183 -0.132499 -1.30112e-05
v -0.197122 -0.188033 0.309129
vn -0.991183 -0.132499 -1.30112e-05
v -0.197081 -0.188353 0.311996
vn -0.991183 -0.132499 -1.30112e-05
v -0.197122 -0.188033 0.309129
vn -0.115352 0.862856 0.492111
v -0.197196 -0.187492 0.308342
vn -0.0945506 0.707238 0.700624
v -0.201225 -0.188581 0.309129
vn -0.115352 0.862856 0.492111
v -0.201297 -0.18804 0.308342
vn -0.0945506 0.707238 0.700624
v -0.201225 -0.188581 0.309129
vn -0.115352 0.862856 0.492111
v -0.197196 -0.187492 0.308342
vn -0.0945506 0.707238 0.700624
v -0.201228 -0.18855 0.312902
vn 0.991183 0.132499 1.29974e-05
v -0.201182 -0.188902 0.311996
vn 0.991183 0.132499 1.29974e-05
v -0.201225 -0.188581 0.309129
vn 0.991183 0.132499 1.29974e-05
v -0.197757 -0.183284 0.314236
vn 0.0673053 -0.503402 -0.861427
v -0.20186 -0.183832 0.314236
vn 0.0673053 -0.503402 -0.861427
v -0.197853 -0.182575 0.31363
vn 0.0945471 -0.707211 -0.700652
v -0.20186 -0.183832 0.314236
vn 0.991183 0.132499 1.30179e-05
v -0.201749 -0.18466 0.314622
vn 0.991183 0.132499 1.30179e-05
v -0.201852 -0.183887 0.307702
vn 0.991183 0.132499 1.30179e-05
v -0.197847 -0.18262 0.308294
vn -0.991183 -0.132499 -1.29913e-05
v -0.197751 -0.183338 0.307702
vn -0.991183 -0.132499 -1.29913e-05
v -0.197757 -0.183284 0.314236
vn -0.991183 -0.132499 -1.29913e-05
v -0.201852 -0.183887 0.307702
vn 0.0651887 -0.487739 0.870552
v -0.201741 -0.184721 0.307332
vn 0.0331165 -0.247827 0.968238
v -0.197751 -0.183338 0.307702
vn 0.0651887 -0.487739 0.870552
v -0.197081 -0.188353 0.311996
vn -0.127665 0.955039 -0.267586
v -0.197064 -0.188479 0.311021
vn -0.132494 0.991142 -0.00912639
v -0.201182 -0.188902 0.311996
vn -0.127665 0.955039 -0.267586
v -0.197122 -0.188033 0.309129
vn -0.991183 -0.132499 -1.30112e-05
v -0.197077 -0.188369 0.310043
vn -0.991183 -0.132499 -1.30112e-05
v -0.197081 -0.188353 0.311996
vn -0.991183 -0.132499 -1.30112e-05
v -0.201225 -0.188581 0.309129
vn -0.115354 0.862875 0.492077
v -0.20118 -0.188918 0.310043
vn -0.128294 0.959701 0.250031
v -0.197122 -0.188033 0.309129
vn -0.115354 0.862875 0.492077
v -0.201225 -0.188581 0.309129
vn 0.991183 0.132499 1.29978e-05
v -0.201182 -0.188902 0.311996
vn 0.991183 0.132499 1.29978e-05
v -0.20118 -0.188918 0.310043
vn 0.991183 0.132499 1.29978e-05
v -0.201954 -0.183124 0.31363
vn 0.0945471 -0.707211 -0.700652
v -0.197853 -0.182575 0.31363
vn 0.0945471 -0.707211 -0.700652
v -0.20186 -0.183832 0.314236
vn 0.0673053 -0.503402 -0.861427
v -0.197853 -0.182575 0.31363
vn -0.991183 -0.132499 -1.29975e-05
v -0.197847 -0.18262 0.308294
vn -0.991183 -0.132499 -1.29975e-05
v -0.197757 -0.183284 0.314236
vn -0.991183 -0.132499 -1.29975e-05
v -0.201949 -0.183168 0.308294
vn 0.991183 0.132499 1.30143e-05
v -0.20186 -0.183832 0.314236
vn 0.991183 0.132499 1.30143e-05
v -0.201852 -0.183887 0.307702
vn 0.991183 0.132499 1.30143e-05
v -0.197751 -0.183338 0.307702
vn 0.0651932 -0.487772 0.870533
v -0.197847 -0.18262 0.308294
vn 0.0928235 -0.694448 0.71353
v -0.201852 -0.183887 0.307702
vn 0.0651932 -0.487772 0.870533
v -0.201164 -0.189027 0.311021
vn -0.132494 0.991142 -0.00912622
v -0.201182 -0.188902 0.311996
vn -0.127665 0.955039 -0.267586
v -0.197064 -0.188479 0.311021
vn -0.132494 0.991142 -0.00912622
v -0.197064 -0.188479 0.311021
vn -0.991183 -0.132499 -1.30041e-05
v -0.197081 -0.188353 0.311996
vn -0.991183 -0.132499 -1.30041e-05
v -0.197077 -0.188369 0.310043
vn -0.991183 -0.132499 -1.30041e-05
v -0.197077 -0.188369 0.310043
vn -0.128294 0.959701 0.250031
v -0.197122 -0.188033 0.309129
vn -0.115354 0.862875 0.492077
v -0.20118 -0.188918 0.310043
vn -0.128294 0.959701 0.250031
v -0.201164 -0.189027 0.311021
vn 0.991183 0.132499 1.2999e-05
v -0.20118 -0.188918 0.310043
vn 0.991183 0.132499 1.2999e-05
v -0.201182 -0.188902 0.311996
vn 0.991183 0.132499 1.2999e-05
v -0.197853 -0.182575 0.31363
vn 0.0945507 -0.707238 -0.700624
v -0.201954 -0.183124 0.31363
vn 0.0945507 -0.707238 -0.700624
v -0.197925 -0.182034 0.312843
vn 0.115352 -0.862856 -0.492111
v -0.201954 -0.183124 0.31363
vn 0.991183 0.132499 1.30006e-05
v -0.20186 -0.183832 0.314236
vn 0.991183 0.132499 1.30006e-05
v -0.201949 -0.183168 0.308294
vn 0.991183 0.132499 1.30006e-05
v -0.197921 -0.182066 0.30907
vn -0.991183 -0.132499 -1.29985e-05
v -0.197847 -0.18262 0.308294
vn -0.991183 -0.132499 -1.29985e-05
v -0.197853 -0.182575 0.31363
vn -0.991183 -0.132499 -1.29985e-05
v -0.201949 -0.183168 0.308294
vn 0.0928235 -0.694448 0.71353
v -0.201852 -0.183887 0.307702
vn 0.0651931 -0.487772 0.870533
v -0.197847 -0.18262 0.308294
vn 0.0928235 -0.694448 0.71353
v -0.197064 -0.188479 0.311021
vn -0.132494 0.991142 -0.00908762
v -0.197077 -0.188369 0.310043
vn -0.128296 0.95971 0.249993
v -0.201164 -0.189027 0.311021
vn -0.132494 0.991142 -0.00908762
v -0.20118 -0.188918 0.310043
vn -0.128296 0.95971 0.249993
v -0.201164 -0.189027 0.311021
vn -0.132494 0.991142 -0.00908775
v -0.197077 -0.188369 0.310043
vn -0.128296 0.95971 0.249993
v -0.202027 -0.182583 0.312843
vn 0.115352 -0.862856 -0.492111
v -0.197925 -0.182034 0.312843
vn 0.115352 -0.862856 -0.492111
v -0.201954 -0.183124 0.31363
vn 0.0945507 -0.707238 -0.700624
v -0.197925 -0.182034 0.312843
vn -0.991183 -0.132499 -1.29937e-05
v -0.197921 -0.182066 0.30907
vn -0.991183 -0.132499 -1.29937e-05
v -0.197853 -0.182575 0.31363
vn -0.991183 -0.132499 -1.29937e-05
v -0.202023 -0.182614 0.30907
vn 0.991183 0.132499 1.30011e-05
v -0.201954 -0.183124 0.31363
vn 0.991183 0.132499 1.30011e-05
v -0.201949 -0.183168 0.308294
vn 0.991183 0.132499 1.30011e-05
v -0.197921 -0.182066 0.30907
vn 0.114132 -0.853832 0.507882
v -0.202023 -0.182614 0.30907
vn 0.114132 -0.853832 0.507882
v -0.197847 -0.18262 0.308294
vn 0.0928272 -0.694475 0.713503
v -0.201949 -0.183168 0.308294
vn 0.0928272 -0.694475 0.713503
v -0.197847 -0.18262 0.308294
vn 0.0928272 -0.694475 0.713503
v -0.202023 -0.182614 0.30907
vn 0.114132 -0.853832 0.507882
v -0.197925 -0.182034 0.312843
vn 0.115354 -0.862875 -0.492077
v -0.202027 -0.182583 0.312843
vn 0.115354 -0.862875 -0.492077
v -0.197969 -0.181698 0.31193
vn 0.128294 -0.959701 -0.250031
v -0.202027 -0.182583 0.312843
vn 0.991183 0.132499 1.29962e-05
v -0.201954 -0.183124 0.31363
vn 0.991183 0.132499 1.29962e-05
v -0.202023 -0.182614 0.30907
vn 0.991183 0.132499 1.29962e-05
v -0.197967 -0.181714 0.309977
vn -0.991183 -0.132499 -1.29957e-05
v -0.197921 -0.182066 0.30907
vn -0.991183 -0.132499 -1.29957e-05
v -0.197925 -0.182034 0.312843
vn -0.991183 -0.132499 -1.29957e-05
v -0.202023 -0.182614 0.30907
vn 0.114134 -0.853852 0.507849
v -0.197921 -0.182066 0.30907
vn 0.114134 -0.853852 0.507849
v -0.20207 -0.182262 0.309977
vn 0.127663 -0.955029 0.267623
v -0.202072 -0.182246 0.31193
vn 0.128294 -0.959701 -0.250031
v -0.197969 -0.181698 0.31193
vn 0.128294 -0.959701 -0.250031
v -0.202027 -0.182583 0.312843
vn 0.115354 -0.862875 -0.492077
v -0.197969 -0.181698 0.31193
vn -0.991183 -0.132499 -1.29978e-05
v -0.197967 -0.181714 0.309977
vn -0.991183 -0.132499 -1.29978e-05
v -0.197925 -0.182034 0.312843
vn -0.991183 -0.132499 -1.29978e-05
v -0.20207 -0.182262 0.309977
vn 0.991183 0.132499 1.29974e-05
v -0.202027 -0.182583 0.312843
vn 0.991183 0.132499 1.29974e-05
v -0.202023 -0.182614 0.30907
vn 0.991183 0.132499 1.29974e-05
v -0.197967 -0.181714 0.309977
vn 0.127663 -0.955029 0.267623
v -0.20207 -0.182262 0.309977
vn 0.127663 -0.955029 0.267623
v -0.197921 -0.182066 0.30907
vn 0.114134 -0.853852 0.507849
v -0.197969 -0.181698 0.31193
vn 0.128296 -0.95971 -0.249993
v -0.202072 -0.182246 0.31193
vn 0.128296 -0.95971 -0.249993
v -0.197985 -0.181589 0.310952
vn 0.132494 -0.991142 0.00908775
v -0.202072 -0.182246 0.31193
vn 0.991183 0.132499 1.29978e-05
v -0.202027 -0.182583 0.312843
vn 0.991183 0.132499 1.29978e-05
v -0.20207 -0.182262 0.309977
vn 0.991183 0.132499 1.29978e-05
v -0.197985 -0.181589 0.310952
vn -0.991183 -0.132499 -1.2999e-05
v -0.197967 -0.181714 0.309977
vn -0.991183 -0.132499 -1.2999e-05
v -0.197969 -0.181698 0.31193
vn -0.991183 -0.132499 -1.2999e-05
v -0.20207 -0.182262 0.309977
vn 0.127665 -0.955039 0.267586
v -0.197967 -0.181714 0.309977
vn 0.127665 -0.955039 0.267586
v -0.202085 -0.182137 0.310952
vn 0.132494 -0.991142 0.00912621
v -0.202085 -0.182137 0.310952
vn 0.132494 -0.991142 0.00908778
v -0.197985 -0.181589 0.310952
vn 0.132494 -0.991142 0.00908778
v -0.202072 -0.182246 0.31193
vn 0.128296 -0.95971 -0.249993
v -0.202085 -0.182137 0.310952
vn 0.991183 0.132499 1.29997e-05
v -0.202072 -0.182246 0.31193
vn 0.991183 0.132499 1.29997e-05
v -0.20207 -0.182262 0.309977
vn 0.991183 0.132499 1.29997e-05
v -0.197985 -0.181589 0.310952
vn 0.132494 -0.991142 0.00912622
v -0.202085 -0.182137 0.310952
vn 0.132494 -0.991142 0.00912622
v -0.197967 -0.181714 0.309977
vn 0.127665 -0.955039 0.267586
v -0.197297 -0.186729 0.314271
vn 0.991183 0.132499 1.29934e-05
v -0.1974 -0.185956 0.307351
vn 0.991183 0.132499 1.29934e-05
v -0.197408 -0.185895 0.314639
vn 0.991183 0.132499 1.29934e-05
v -0.197408 -0.185895 0.314639
vn 0.991183 0.132499 1.30156e-05
v -0.197519 -0.185065 0.307213
vn 0.991183 0.132499 1.30156e-05
v -0.197528 -0.185002 0.314758
vn 0.991183 0.132499 1.30156e-05
v -0.197297 -0.186729 0.314271
vn 0.991183 0.132499 1.3022e-05
v -0.197289 -0.186783 0.307736
vn 0.991183 0.132499 1.3022e-05
v -0.1974 -0.185956 0.307351
vn 0.991183 0.132499 1.3022e-05
v -0.197408 -0.185895 0.314639
vn 0.991183 0.132499 1.29919e-05
v -0.1974 -0.185956 0.307351
vn 0.991183 0.132499 1.29919e-05
v -0.197519 -0.185065 0.307213
vn 0.991183 0.132499 1.29919e-05
v -0.197528 -0.185002 0.314758
vn 0.991183 0.132499 1.30181e-05
v -0.197519 -0.185065 0.307213
vn 0.991183 0.132499 1.30181e-05
v -0.197638 -0.184172 0.307332
vn 0.991183 0.132499 1.30181e-05
v -0.197202 -0.187448 0.313678
vn 0.991183 0.132499 1.30202e-05
v -0.197289 -0.186783 0.307736
vn 0.991183 0.132499 1.30202e-05
v -0.197297 -0.186729 0.314271
vn 0.991183 0.132499 1.30202e-05
v -0.197528 -0.185002 0.314758
vn 0.991183 0.132499 1.30312e-05
v -0.197638 -0.184172 0.307332
vn 0.991183 0.132499 1.30312e-05
v -0.197647 -0.184112 0.314622
vn 0.991183 0.132499 1.30312e-05
v -0.197128 -0.188002 0.312902
vn 0.991183 0.132499 1.30015e-05
v -0.197196 -0.187492 0.308342
vn 0.991183 0.132499 1.30015e-05
v -0.197202 -0.187448 0.313678
vn 0.991183 0.132499 1.30015e-05
v -0.197202 -0.187448 0.313678
vn 0.991183 0.132499 1.30031e-05
v -0.197196 -0.187492 0.308342
vn 0.991183 0.132499 1.30031e-05
v -0.197289 -0.186783 0.307736
vn 0.991183 0.132499 1.30031e-05
v -0.197647 -0.184112 0.314622
vn 0.991183 0.132499 1.3028e-05
v -0.197638 -0.184172 0.307332
vn 0.991183 0.132499 1.3028e-05
v -0.197751 -0.183338 0.307702
vn 0.991183 0.132499 1.3028e-05
v -0.197128 -0.188002 0.312902
vn 0.991183 0.132499 1.30166e-05
v -0.197122 -0.188033 0.309129
vn 0.991183 0.132499 1.30166e-05
v -0.197196 -0.187492 0.308342
vn 0.991183 0.132499 1.30166e-05
v -0.197647 -0.184112 0.314622
vn 0.991183 0.132499 1.29914e-05
v -0.197751 -0.183338 0.307702
vn 0.991183 0.132499 1.29914e-05
v -0.197757 -0.183284 0.314236
vn 0.991183 0.132499 1.29914e-05
v -0.197081 -0.188353 0.311996
vn 0.991183 0.132499 1.30112e-05
v -0.197122 -0.188033 0.309129
vn 0.991183 0.132499 1.30112e-05
v -0.197128 -0.188002 0.312902
vn 0.991183 0.132499 1.30112e-05
v -0.197757 -0.183284 0.314236
vn 0.991183 0.132499 1.29913e-05
v -0.197751 -0.183338 0.307702
vn 0.991183 0.132499 1.29913e-05
v -0.197847 -0.18262 0.308294
vn 0.991183 0.132499 1.29913e-05
v -0.197081 -0.188353 0.311996
vn 0.991183 0.132499 1.30112e-05
v -0.197077 -0.188369 0.310043
vn 0.991183 0.132499 1.30112e-05
v -0.197122 -0.188033 0.309129
vn 0.991183 0.132499 1.30112e-05
v -0.197757 -0.183284 0.314236
vn 0.991183 0.132499 1.29975e-05
v -0.197847 -0.18262 0.308294
vn 0.991183 0.132499 1.29975e-05
v -0.197853 -0.182575 0.31363
vn 0.991183 0.132499 1.29975e-05
v -0.197077 -0.188369 0.310043
vn 0.991183 0.132499 1.30041e-05
v -0.197081 -0.188353 0.311996
vn 0.991183 0.132499 1.30041e-05
v -0.197064 -0.188479 0.311021
vn 0.991183 0.132499 1.30041e-05
v -0.197853 -0.182575 0.31363
vn 0.991183 0.132499 1.29985e-05
v -0.197847 -0.18262 0.308294
vn 0.991183 0.132499 1.29985e-05
v -0.197921 -0.182066 0.30907
vn 0.991183 0.132499 1.29985e-05
v -0.197853 -0.182575 0.31363
vn 0.991183 0.132499 1.29937e-05
v -0.197921 -0.182066 0.30907
vn 0.991183 0.132499 1.29937e-05
v -0.197925 -0.182034 0.312843
vn 0.991183 0.132499 1.29937e-05
v -0.197925 -0.182034 0.312843
vn 0.991183 0.132499 1.29957e-05
v -0.197921 -0.182066 0.30907
vn 0.991183 0.132499 1.29957e-05
v -0.197967 -0.181714 0.309977
vn 0.991183 0.132499 1.29957e-05
v -0.197925 -0.182034 0.312843
vn 0.991183 0.132499 1.29978e-05
v -0.197967 -0.181714 0.309977
vn 0.991183 0.132499 1.29978e-05
v -0.197969 -0.181698 0.31193
vn 0.991183 0.132499 1.29978e-05
v -0.197969 -0.181698 0.31193
vn 0.991183 0.132499 1.2999e-05
v -0.197967 -0.181714 0.309977
vn 0.991183 0.132499 1.2999e-05
v -0.197985 -0.181589 0.310952
vn 0.991183 0.132499 1.2999e-05
vt 679.011 343.964
vt 679.618 351.969
vt 678.951 351.964
vt 679.618 351.969
vt 679.011 343.964
vt 679.677 343.969
vt 678.951 351.964
vt 679.618 351.969
vt 679.011 343.964
vt 679.677 343.969
vt 679.011 343.964
vt 679.618 351.969
vt 682.202 311.525
vt 681.535 311.266
vt 682.202 311.266
vt 338.941 11.6742
vt 338.925 11.1165
vt 346.925 11.1169
vt -681.631 -333.14
vt -682.299 -338.283
vt -681.632 -338.283
vt -681.632 -338.283
vt -682.299 -338.283
vt -681.631 -333.14
vt -338.925 11.1165
vt -338.941 11.6742
vt -346.925 11.1169
vt 681.535 311.266
vt 682.202 311.525
vt 681.535 311.525
vt -346.925 11.1169
vt -347.053 11.8368
vt -347.154 11.2392
vt 333.8 11.674
vt 338.925 11.1165
vt 338.941 11.6742
vt 338.941 11.6742
vt 346.925 11.1169
vt 344.224 11.6744
vt -682.299 -338.283
vt -681.631 -333.14
vt -681.63 -332.473
vt -681.63 -332.473
vt -681.631 -333.14
vt -682.299 -338.283
vt 338.925 11.1165
vt 333.795 11.674
vt 333.784 11.2636
vt -338.925 11.1165
vt -333.133 11.8403
vt -338.941 11.6742
vt -346.925 11.1169
vt -338.941 11.6742
vt -344.224 11.6744
vt 682.202 298.612
vt 681.536 298.352
vt 682.202 298.352
vt 347.053 11.8368
vt 346.925 11.1169
vt 347.154 11.2392
vt -346.925 11.1169
vt -346.871 11.7206
vt -347.053 11.8368
vt -347.154 11.2392
vt -347.053 11.8368
vt -347.224 11.967
vt 333.795 11.674
vt 338.925 11.1165
vt 333.8 11.674
vt 338.941 11.6742
vt 333.8 11.8212
vt 333.8 11.674
vt 344.224 11.6744
vt 346.925 11.1169
vt 344.249 11.6743
vt -679.638 349.269
vt -679.01 343.98
vt -678.971 349.264
vt -678.971 349.264
vt -679.01 343.98
vt -679.638 349.269
vt 668.309 -332.477
vt 681.631 -333.14
vt 681.63 -332.473
vt 681.63 -332.473
vt 681.631 -333.14
vt 668.309 -332.477
vt 333.784 11.2636
vt 333.133 11.8327
vt 333.117 11.2826
vt 333.117 11.2826
vt 333.133 11.8327
vt 333.784 11.2636
vt -682.299 -338.283
vt -681.63 -332.473
vt -682.297 -332.473
vt -682.297 -332.473
vt -681.63 -332.473
vt -682.299 -338.283
vt -681.54 20.8067
vt -668.218 21.3645
vt -681.54 21.2173
vt -681.54 21.2173
vt -668.218 21.3645
vt -681.54 20.8067
vt 333.133 11.8403
vt 333.784 11.2636
vt 333.795 11.674
vt 333.795 11.674
vt 333.784 11.2636
vt 333.133 11.8403
vt -333.133 11.8403
vt -338.925 11.1165
vt -333.117 11.2826
vt 681.63 -332.473
vt 682.299 -338.283
vt 682.297 -332.473
vt 682.31 -338.283
vt 682.297 -332.473
vt 682.299 -338.283
vt 682.299 -338.283
vt 682.297 -332.473
vt 682.31 -338.283
vt -346.736 11.8408
vt -338.941 11.6742
vt -333.133 11.8403
vt -679.01 343.98
vt -679.638 349.269
vt -679.677 343.985
vt -679.677 343.985
vt -679.638 349.269
vt -679.01 343.98
vt -679.65 349.269
vt -679.677 343.985
vt -679.638 349.269
vt -679.638 349.269
vt -679.677 343.985
vt -679.65 349.269
vt -338.941 11.6742
vt -346.736 11.8408
vt -344.224 11.6744
vt -346.925 11.1169
vt -344.224 11.6744
vt -344.249 11.6744
vt 681.536 298.352
vt 682.202 298.612
vt 681.536 298.612
vt -347.154 11.2392
vt -347.224 11.967
vt -347.372 11.3793
vt 346.871 11.7206
vt 346.925 11.1169
vt 347.053 11.8368
vt 347.053 11.8368
vt 347.154 11.2392
vt 347.224 11.967
vt -346.925 11.1169
vt -346.785 11.6745
vt -346.871 11.7206
vt -681.536 298.374
vt -682.202 298.59
vt -682.202 298.374
vt -681.536 283.579
vt -682.203 283.795
vt -682.203 283.579
vt 682.299 -338.283
vt 681.631 -333.14
vt 681.632 -338.283
vt 344.249 11.6743
vt 346.925 11.1169
vt 346.736 11.6745
vt 687.465 -333.59
vt 686.798 -333.575
vt 686.799 -333.6
vt 686.799 -333.6
vt 686.798 -333.575
vt 687.465 -333.59
vt 684.95 -338.719
vt 684.284 -338.699
vt 684.284 -338.724
vt 684.284 -338.724
vt 684.284 -338.699
vt 684.95 -338.719
vt 686.798 -333.575
vt 687.465 -333.59
vt 687.465 -333.565
vt 687.465 -333.565
vt 687.465 -333.59
vt 686.798 -333.575
vt 684.284 -338.699
vt 684.95 -338.719
vt 684.95 -338.694
vt 684.95 -338.694
vt 684.95 -338.719
vt 684.284 -338.699
vt 681.631 -333.14
vt 668.309 -332.477
vt 668.309 -333.144
vt 668.309 -333.144
vt 668.309 -332.477
vt 681.631 -333.14
vt 668.219 20.8247
vt 668.219 21.3825
vt 681.541 20.8248
vt 333.133 11.8327
vt 333.784 11.2636
vt 333.133 11.8403
vt 333.133 11.8403
vt 333.784 11.2636
vt 333.133 11.8327
vt 681.541 21.3751
vt 681.541 20.8248
vt 668.219 21.3825
vt -681.513 21.3909
vt -682.179 20.8406
vt -681.513 20.8406
vt -668.218 21.3645
vt -681.54 20.8067
vt -668.218 20.8066
vt -668.218 20.8066
vt -681.54 20.8067
vt -668.218 21.3645
vt -681.54 21.2173
vt -668.218 21.3645
vt -681.54 21.3646
vt -681.54 21.3646
vt -668.218 21.3645
vt -681.54 21.2173
vt 333.133 11.8403
vt 333.795 11.674
vt 333.8 11.8212
vt 333.8 11.8212
vt 333.795 11.674
vt 333.133 11.8403
vt -682.179 20.8406
vt -681.513 21.3909
vt -682.179 21.3985
vt 681.631 -333.14
vt 682.299 -338.283
vt 681.63 -332.473
vt -682.207 16.5992
vt -681.54 16.5916
vt -681.54 16.5991
vt -681.54 16.5991
vt -681.54 16.5916
vt -682.207 16.5992
vt -681.54 11.8322
vt -667.552 13.8321
vt -682.207 11.8323
vt 682.297 -332.473
vt 682.31 -338.283
vt 682.309 -334.394
vt 682.309 -334.394
vt 682.31 -338.283
vt 682.297 -332.473
vt -679.677 343.985
vt -679.65 349.269
vt -679.689 343.985
vt -679.689 343.985
vt -679.65 349.269
vt -679.677 343.985
vt 679.732 338.178
vt 679.619 351.781
vt 679.72 338.178
vt -344.224 11.6744
vt -346.736 11.8408
vt -344.249 11.6744
vt -346.925 11.1169
vt -344.249 11.6744
vt -346.736 11.6745
vt 682.203 283.817
vt 681.536 283.557
vt 682.203 283.557
vt 347.224 11.967
vt 347.154 11.2392
vt 347.372 11.3793
vt -347.372 11.3793
vt -347.224 11.967
vt -347.385 12.1104
vt 346.785 11.6745
vt 346.925 11.1169
vt 346.871 11.7206
vt -682.202 298.59
vt -681.536 298.374
vt -681.536 298.59
vt -682.203 283.795
vt -681.536 283.579
vt -681.536 283.795
vt -346.925 11.1169
vt -346.736 11.6745
vt -346.785 11.6745
vt -682.202 311.503
vt -681.535 311.405
vt -681.535 311.503
vt 346.736 11.6745
vt 346.925 11.1169
vt 346.785 11.6745
vt -679.62 351.781
vt -678.972 349.289
vt -678.953 351.776
vt -678.972 349.289
vt -679.62 351.781
vt -679.638 349.294
vt -333.133 11.8403
vt -333.784 11.2636
vt -333.117 11.2826
vt -333.117 11.2826
vt -333.784 11.2636
vt -333.133 11.8403
vt -668.31 -338.287
vt -668.309 -332.477
vt -668.309 -333.144
vt -668.309 -333.144
vt -668.309 -332.477
vt -668.31 -338.287
vt -668.218 20.8066
vt -667.552 21.3645
vt -668.218 21.3645
vt 681.541 21.3826
vt 681.541 21.3751
vt 668.219 21.3825
vt -333.8 11.8212
vt -338.925 11.1165
vt -333.784 11.2636
vt -333.784 11.2636
vt -333.133 11.8403
vt -333.8 11.8212
vt -333.8 11.8212
vt -333.133 11.8403
vt -333.784 11.2636
vt -668.309 -332.477
vt -681.631 -333.14
vt -668.309 -333.144
vt -668.309 -333.144
vt -681.631 -333.14
vt -668.309 -332.477
vt -681.631 -333.14
vt -668.309 -332.477
vt -681.63 -332.473
vt -681.63 -332.473
vt -668.309 -332.477
vt -681.631 -333.14
vt -668.218 11.8321
vt -667.552 13.8321
vt -681.54 11.8322
vt -682.207 11.8323
vt -667.552 13.8321
vt -682.218 11.8323
vt 682.297 -332.473
vt 682.309 -334.394
vt 682.309 -333.782
vt 682.309 -333.782
vt 682.309 -334.394
vt 682.297 -332.473
vt -332.543 11.8403
vt -346.146 13.8408
vt -346.146 11.8408
vt 682.297 -332.473
vt 682.309 -333.782
vt 682.309 -332.473
vt 682.309 -332.473
vt 682.309 -333.782
vt 682.297 -332.473
vt -344.249 11.6744
vt -346.736 11.8408
vt -346.736 11.6745
vt 681.536 283.557
vt 682.203 283.817
vt 681.536 283.817
vt -347.372 11.3793
vt -347.385 12.1104
vt -347.579 11.5363
vt 347.224 11.967
vt 347.372 11.3793
vt 347.385 12.1104
vt -681.537 266.996
vt -682.204 267.211
vt -682.204 266.996
vt -679.619 351.781
vt -679.297 351.827
vt -679.619 351.83
vt -681.535 311.405
vt -682.202 311.503
vt -681.88 311.405
vt -679.297 351.827
vt -678.953 351.776
vt -678.952 351.825
vt -678.953 351.776
vt -679.297 351.827
vt -679.619 351.781
vt 682.207 11.8323
vt 681.54 11.6659
vt 682.207 11.6659
vt -668.31 -338.287
vt -667.642 -332.477
vt -668.309 -332.477
vt -668.309 -332.477
vt -667.642 -332.477
vt -668.31 -338.287
vt -667.552 21.3645
vt -668.218 20.8066
vt -667.552 20.8066
vt 667.642 -332.477
vt 668.309 -333.144
vt 668.309 -332.477
vt -667.552 13.8321
vt -668.218 11.8321
vt -667.552 11.8321
vt -338.925 11.1165
vt -333.8 11.8212
vt -338.941 11.6742
vt -682.218 11.8323
vt -667.552 13.8321
vt -682.218 13.8323
vt 334.442 11.8029
vt 334.974 11.6343
vt 335.053 11.7854
vt 335.053 11.7854
vt 334.465 11.8649
vt 334.442 11.8029
vt -346.146 13.8408
vt -332.543 11.8403
vt -332.543 13.8403
vt 667.552 13.8321
vt 682.207 11.8323
vt 682.207 13.8323
vt 682.204 267.233
vt 681.537 266.973
vt 682.204 266.973
vt 347.385 12.1104
vt 347.372 11.3793
vt 347.579 11.5363
vt -347.579 11.5363
vt -347.385 12.1104
vt -347.534 12.2662
vt -682.204 267.211
vt -681.537 266.996
vt -681.537 267.211
vt -681.88 311.405
vt -682.202 311.503
vt -682.202 311.405
vt 682.207 11.8323
vt 668.218 11.6658
vt 681.54 11.6659
vt -668.31 -338.287
vt -667.642 -333.627
vt -667.642 -332.477
vt -667.642 -332.477
vt -667.642 -333.627
vt -668.31 -338.287
vt 333.117 11.2826
vt 333.133 11.674
vt 333.133 11.8403
vt 668.309 -333.144
vt 667.642 -332.477
vt 668.31 -338.287
vt 335.827 13.2714
vt 333.133 13.8403
vt 333.133 11.8403
vt 333.133 11.674
vt 334.447 11.817
vt 333.133 11.8403
vt -338.925 11.1165
vt -338.941 11.6742
vt -346.925 11.1169
vt -665.066 338.07
vt -679.619 351.781
vt -679.732 338.178
vt 334.442 11.8029
vt 334.878 11.3837
vt 334.974 11.6343
vt 682.884 165.801
vt 682.217 165.972
vt 682.217 165.801
vt 334.465 11.8649
vt 335.053 11.7854
vt 334.62 12.1594
vt -682.884 131.457
vt -682.217 131.39
vt -682.217 131.457
vt 334.447 11.817
vt 333.133 11.674
vt 334.392 11.674
vt 333.133 11.674
vt 334.346 11.5546
vt 334.392 11.674
vt 667.552 11.7937
vt 682.207 11.8323
vt 667.552 13.8321
vt -679.619 351.781
vt -665.066 338.07
vt -664.965 351.672
vt 681.537 266.973
vt 682.204 267.233
vt 681.537 267.233
vt -347.579 11.5363
vt -347.669 12.4332
vt -347.773 11.7092
vt 347.385 12.1104
vt 347.579 11.5363
vt 347.534 12.2662
vt -682.204 248.728
vt -681.537 248.943
vt -682.204 248.943
vt -347.579 11.5363
vt -347.534 12.2662
vt -347.669 12.4332
vt -681.537 248.943
vt -682.204 248.728
vt -681.537 248.728
vt 668.218 11.6658
vt 682.207 11.8323
vt 667.552 11.6658
vt -668.31 -338.287
vt -667.643 -334.199
vt -667.642 -333.627
vt -667.642 -333.627
vt -667.643 -334.199
vt -668.31 -338.287
vt 333.133 11.674
vt 333.117 11.2826
vt 334.267 11.2497
vt -205.497 -713.382
vt -209.79 -714.873
vt -204.206 -713.138
vt 336.133 13.4011
vt 333.133 13.8403
vt 335.827 13.2714
vt 335.827 13.2714
vt 333.133 11.8403
vt 335.537 13.1074
vt 334.465 11.8649
vt 333.133 11.8403
vt 334.447 11.817
vt -346.925 11.1169
vt -338.941 11.6742
vt -344.224 11.6744
vt 665.63 351.866
vt 665.023 343.861
vt 665.689 343.866
vt 665.689 343.866
vt 665.023 343.861
vt 665.63 351.866
vt 334.442 11.8029
vt 334.811 11.1262
vt 334.878 11.3837
vt 682.884 131.156
vt 682.217 131.425
vt 682.217 131.156
vt 682.217 165.972
vt 682.884 165.801
vt 682.884 166.07
vt 682.217 131.425
vt 682.884 131.156
vt 682.884 131.425
vt 334.62 12.1594
vt 335.053 11.7854
vt 334.807 12.4344
vt -682.217 166.102
vt -682.884 165.769
vt -682.217 165.769
vt -682.884 131.124
vt -682.217 131.39
vt -682.884 131.457
vt -334.447 11.817
vt -334.995 11.674
vt -334.392 11.674
vt -334.392 11.674
vt -334.995 11.674
vt -334.447 11.817
vt -334.974 11.6343
vt -334.392 11.674
vt -334.995 11.674
vt -334.995 11.674
vt -334.392 11.674
vt -334.974 11.6343
vt -667.551 131.252
vt -666.884 131.457
vt -667.551 131.405
vt 333.133 11.674
vt 334.267 11.2497
vt 334.346 11.5546
vt -667.551 131.124
vt -666.884 131.457
vt -667.551 131.252
vt -334.839 11.2334
vt -334.346 11.5546
vt -334.392 11.674
vt -334.392 11.674
vt -334.346 11.5546
vt -334.839 11.2334
vt 682.207 11.8323
vt 667.552 11.7937
vt 667.552 11.6658
vt 346.736 13.8408
vt 346.692 11.917
vt 346.736 11.8024
vt 333.133 13.8403
vt 337.112 13.571
vt 346.736 13.8408
vt 682.204 248.706
vt 681.537 248.965
vt 681.537 248.706
vt 347.669 12.4332
vt 347.579 11.5363
vt 347.773 11.7092
vt -347.773 11.7092
vt -347.669 12.4332
vt -347.792 12.6104
vt 347.534 12.2662
vt 347.579 11.5363
vt 347.669 12.4332
vt -681.538 229.107
vt -682.204 228.891
vt -681.538 228.891
vt -682.204 228.891
vt -681.538 229.107
vt -682.204 229.107
vt -665.632 351.677
vt -664.969 351.124
vt -664.965 351.672
vt -664.965 351.672
vt -665.631 351.726
vt -665.632 351.677
vt -667.643 -334.199
vt -668.31 -338.287
vt -667.644 -338.287
vt -667.644 -338.287
vt -668.31 -338.287
vt -667.643 -334.199
vt -334.811 11.1262
vt -334.267 11.2497
vt -334.839 11.2334
vt -334.346 11.5546
vt -334.839 11.2334
vt -334.267 11.2497
vt -334.267 11.2497
vt -334.839 11.2334
vt -334.346 11.5546
vt -206.104 -713.496
vt -209.79 -714.873
vt -205.497 -713.382
vt 336.452 13.4951
vt 333.133 13.8403
vt 336.133 13.4011
vt -666.879 314.392
vt -667.545 314.724
vt -667.546 314.392
vt -335.84 12.638
vt -335.827 13.2714
vt -336.133 13.4011
vt -336.133 13.4011
vt -335.827 13.2714
vt -335.84 12.638
vt 335.537 13.1074
vt 333.133 11.8403
vt 335.269 12.9115
vt -335.623 12.4797
vt -335.537 13.1074
vt -335.827 13.2714
vt -335.827 13.2714
vt -335.537 13.1074
vt -335.623 12.4797
vt -666.88 298.416
vt -667.547 298.749
vt -667.547 298.416
vt 334.62 12.1594
vt 333.133 11.8403
vt 334.465 11.8649
vt -334.465 11.8649
vt -335.064 11.806
vt -334.447 11.817
vt -334.447 11.817
vt -335.064 11.806
vt -334.465 11.8649
vt -667.551 131.405
vt -666.884 131.457
vt -667.551 131.457
vt -664.996 347.419
vt -665.65 349.165
vt -665.689 343.882
vt -346.925 11.1169
vt -344.224 11.6744
vt -346.736 11.6745
vt 665.63 351.866
vt 664.968 351.289
vt 665.023 343.861
vt 665.023 343.861
vt 664.968 351.289
vt 665.63 351.866
vt 334.346 11.5546
vt 334.811 11.1262
vt 334.442 11.8029
vt 682.884 94.7939
vt 682.218 95.0599
vt 682.218 94.7939
vt 682.218 95.0599
vt 682.884 94.7939
vt 682.884 95.0599
vt -334.974 11.6343
vt -335.024 12.6862
vt -335.099 11.8722
vt 682.217 165.972
vt 682.884 166.07
vt 682.217 166.07
vt -334.878 11.3837
vt -335.024 12.6862
vt -334.974 11.6343
vt 334.807 12.4344
vt 335.053 11.7854
vt 335.024 12.6862
vt -682.217 198.573
vt -682.883 198.24
vt -682.217 198.24
vt -682.884 165.769
vt -682.217 166.102
vt -682.884 166.102
vt -682.217 131.39
vt -682.884 131.124
vt -682.217 131.124
vt -334.811 11.1262
vt -334.346 11.5546
vt -334.465 11.8649
vt 342.483 11.6743
vt 335.064 11.806
vt 334.995 11.674
vt 334.995 11.674
vt 338.925 11.1165
vt 342.483 11.6743
vt -334.995 11.674
vt -334.447 11.817
vt -335.064 11.806
vt -335.064 11.806
vt -334.447 11.817
vt -334.995 11.674
vt -334.878 11.3837
vt -334.392 11.674
vt -334.974 11.6343
vt -334.974 11.6343
vt -334.392 11.674
vt -334.878 11.3837
vt 334.974 11.6343
vt 338.925 11.1165
vt 334.995 11.674
vt 666.884 166.07
vt 667.55 165.801
vt 667.55 165.846
vt -667.551 94.7768
vt -666.884 95.0918
vt -667.551 95.0918
vt -666.884 131.457
vt -667.551 131.124
vt -666.884 131.124
vt -334.839 11.2334
vt -334.392 11.674
vt -334.878 11.3837
vt -334.878 11.3837
vt -334.392 11.674
vt -334.839 11.2334
vt -346.736 11.6745
vt -346.692 11.917
vt -346.736 11.8024
vt -346.736 11.8024
vt -346.692 11.917
vt -346.736 11.6745
vt -346.785 11.6745
vt -346.736 11.6745
vt -346.736 11.8024
vt 346.736 13.8408
vt 346.58 12.1514
vt 346.692 11.917
vt 666.886 -112.775
vt 667.553 -112.898
vt 667.553 -112.775
vt 337.112 13.571
vt 333.133 13.8403
vt 336.78 13.5519
vt 346.736 13.8408
vt 337.112 13.571
vt 345.112 13.5713
vt 681.537 248.965
vt 682.204 248.706
vt 682.204 248.965
vt 347.792 12.6104
vt 347.773 11.7092
vt 347.952 11.897
vt 347.669 12.4332
vt 347.773 11.7092
vt 347.792 12.6104
vt -682.205 207.611
vt -681.538 207.826
vt -682.205 207.826
vt -347.773 11.7092
vt -347.792 12.6104
vt -347.952 11.897
vt -681.538 207.826
vt -682.205 207.611
vt -681.538 207.611
vt -346.188 11.6745
vt -346.303 12.5899
vt -346.736 11.6745
vt -346.736 11.6745
vt -346.303 12.5899
vt -346.188 11.6745
vt 346.256 11.4959
vt 346.736 11.6745
vt 346.188 11.6745
vt 346.188 11.6745
vt 346.736 11.6745
vt 346.256 11.4959
vt -664.969 351.124
vt -665.632 351.677
vt -664.983 349.16
vt -665.631 351.726
vt -664.965 351.672
vt -664.964 351.721
vt -346.925 11.1169
vt -346.736 11.6745
vt -346.785 11.6745
vt 338.925 11.1165
vt 334.878 11.3837
vt 334.839 11.2334
vt -334.811 11.1262
vt -334.262 11.2327
vt -334.267 11.2497
vt 666.884 95.0598
vt 667.551 94.7938
vt 667.551 94.9045
vt -209.79 -714.873
vt -206.104 -713.496
vt -213.395 -714.872
vt 336.78 13.5519
vt 333.133 13.8403
vt 336.452 13.4951
vt -336.321 12.8752
vt -336.133 13.4011
vt -336.452 13.4951
vt -336.452 13.4951
vt -336.133 13.4011
vt -336.321 12.8752
vt -666.876 326.248
vt -667.543 326.581
vt -667.543 326.248
vt -667.545 314.724
vt -666.879 314.392
vt -666.879 314.724
vt -667.547 298.749
vt -666.88 298.416
vt -666.88 298.749
vt -335.623 12.4797
vt -335.827 13.2714
vt -335.84 12.638
vt -335.84 12.638
vt -335.827 13.2714
vt -335.623 12.4797
vt -335.84 12.638
vt -336.133 13.4011
vt -336.074 12.7704
vt -336.074 12.7704
vt -336.133 13.4011
vt -335.84 12.638
vt 335.269 12.9115
vt 333.133 11.8403
vt 335.024 12.6862
vt -335.425 12.2977
vt -335.269 12.9115
vt -335.537 13.1074
vt -335.537 13.1074
vt -335.269 12.9115
vt -335.425 12.2977
vt -666.881 278.53
vt -667.548 278.862
vt -667.548 278.53
vt -335.425 12.2977
vt -335.537 13.1074
vt -335.623 12.4797
vt -335.623 12.4797
vt -335.537 13.1074
vt -335.425 12.2977
vt -667.548 278.862
vt -666.881 278.53
vt -666.881 278.862
vt 334.807 12.4344
vt 333.133 11.8403
vt 334.62 12.1594
vt -667.55 165.769
vt -666.884 166.102
vt -667.55 166.102
vt -335.064 11.806
vt -334.465 11.8649
vt -334.62 12.1594
vt -334.62 12.1594
vt -334.465 11.8649
vt -335.064 11.806
vt -666.884 166.102
vt -667.55 165.769
vt -666.884 165.769
vt -665.65 349.165
vt -664.996 347.419
vt -664.983 349.16
vt -664.983 349.16
vt -665.632 351.677
vt -665.65 349.165
vt 665.63 351.866
vt 664.964 351.857
vt 664.968 351.289
vt 664.968 351.289
vt 664.964 351.857
vt 665.63 351.866
vt 342.483 11.6743
vt 338.925 11.1165
vt 346.353 11.1168
vt 334.262 11.2327
vt 334.811 11.1262
vt 334.346 11.5546
vt 682.218 54.4015
vt 682.885 43.738
vt 682.885 54.4015
vt -334.811 11.1262
vt -335.024 12.6862
vt -334.878 11.3837
vt -335.099 11.8722
vt -335.024 12.6862
vt -335.269 12.9115
vt 682.883 198.272
vt 682.217 198.541
vt 682.217 198.272
vt 335.269 12.9115
vt 335.053 11.7854
vt 335.099 11.8722
vt 335.024 12.6862
vt 335.053 11.7854
vt 335.269 12.9115
vt -682.216 228.444
vt -682.883 228.111
vt -682.216 228.111
vt -682.883 198.24
vt -682.217 198.573
vt -682.883 198.573
vt -334.811 11.1262
vt -334.465 11.8649
vt -334.62 12.1594
vt -682.884 94.7593
vt -682.218 95.0919
vt -682.884 95.0919
vt -334.811 11.1262
vt -334.262 11.2327
vt -334.346 11.5546
vt 342.483 11.6743
vt 346.353 11.1168
vt 344.224 11.6744
vt 344.972 13.0136
vt 342.483 11.6743
vt 344.224 11.6744
vt 342.483 11.6743
vt 335.099 11.8722
vt 335.064 11.806
vt 666.884 166.07
vt 667.55 165.846
vt 667.55 165.995
vt 666.884 131.425
vt 667.551 131.156
vt 667.551 131.425
vt 334.878 11.3837
vt 338.925 11.1165
vt 334.974 11.6343
vt 667.55 165.801
vt 666.884 166.07
vt 666.884 165.801
vt -667.551 94.7592
vt -666.884 95.0918
vt -667.551 94.7768
vt 334.346 11.5546
vt 334.811 11.1262
vt 334.465 11.8649
vt 666.884 95.0598
vt 667.551 94.9045
vt 667.551 95.0598
vt -346.736 11.6745
vt -346.58 12.1514
vt -346.692 11.917
vt -346.692 11.917
vt -346.58 12.1514
vt -346.736 11.6745
vt 346.736 11.6745
vt 346.921 11.1169
vt 346.785 11.6745
vt 346.785 11.6745
vt 346.921 11.1169
vt 346.736 11.6745
vt 666.886 -112.775
vt 667.553 -113.035
vt 667.553 -112.898
vt 346.736 13.8408
vt 346.45 12.3761
vt 346.58 12.1514
vt 666.886 -138.189
vt 667.553 -138.449
vt 667.553 -138.189
vt 667.553 -138.449
vt 666.886 -138.189
vt 666.886 -138.449
vt -336.843 12.997
vt -336.78 13.5519
vt -337.112 13.571
vt -337.112 13.571
vt -336.78 13.5519
vt -336.843 12.997
vt -666.839 337.093
vt -667.506 337.426
vt -667.506 337.093
vt -337.128 13.0133
vt -337.112 13.571
vt -345.112 13.5713
vt -345.112 13.5713
vt -337.112 13.571
vt -337.128 13.0133
vt -664.37 342.043
vt -664.977 350.048
vt -665.036 342.048
vt 346.736 13.8408
vt 345.112 13.5713
vt 345.341 13.449
vt 682.204 228.869
vt 681.538 229.129
vt 681.538 228.869
vt 347.792 12.6104
vt 347.952 11.897
vt 347.899 12.7969
vt -681.538 185.236
vt -682.205 185.021
vt -681.538 185.021
vt -347.952 11.897
vt -347.792 12.6104
vt -347.899 12.7969
vt 344.224 11.6744
vt 346.353 11.1168
vt 346.188 11.6745
vt 344.972 13.0136
vt 344.224 11.6744
vt 346.188 11.6745
vt -346.179 11.697
vt -346.303 12.5899
vt -346.188 11.6745
vt -346.188 11.6745
vt -346.303 12.5899
vt -346.179 11.697
vt -346.736 11.6745
vt -346.303 12.5899
vt -346.45 12.3761
vt -346.45 12.3761
vt -346.303 12.5899
vt -346.736 11.6745
vt 346.736 11.6745
vt 346.256 11.4959
vt 346.317 11.2893
vt 346.317 11.2893
vt 346.256 11.4959
vt 346.736 11.6745
vt 346.188 11.6745
vt 346.353 11.1168
vt 346.256 11.4959
vt -667.553 -113.013
vt -666.886 -112.797
vt -667.553 -112.821
vt -667.547 311.405
vt -668.213 311.503
vt -668.213 311.405
vt -346.925 11.1169
vt -346.785 11.6745
vt -346.871 11.7206
vt -333.43 0.552503
vt -334.262 11.2327
vt -334.811 11.1262
vt 667.551 94.7938
vt 666.884 95.0598
vt 666.884 94.7938
vt -666.87 333.835
vt -667.537 334.167
vt -667.537 333.835
vt -336.579 12.9511
vt -336.452 13.4951
vt -336.78 13.5519
vt -336.78 13.5519
vt -336.452 13.4951
vt -336.579 12.9511
vt -336.074 12.7704
vt -336.133 13.4011
vt -336.321 12.8752
vt -336.321 12.8752
vt -336.133 13.4011
vt -336.074 12.7704
vt -336.321 12.8752
vt -336.452 13.4951
vt -336.579 12.9511
vt -336.579 12.9511
vt -336.452 13.4951
vt -336.321 12.8752
vt -667.543 326.581
vt -666.876 326.248
vt -666.876 326.581
vt 335.827 13.2714
vt 335.84 12.638
vt 336.133 13.4011
vt 335.537 13.1074
vt 335.623 12.4797
vt 335.827 13.2714
vt 667.548 278.83
vt 666.881 278.562
vt 667.548 278.562
vt 335.623 12.4797
vt 342.483 11.6743
vt 335.84 12.638
vt 335.84 12.638
vt 342.483 11.6743
vt 336.074 12.7704
vt 667.547 298.717
vt 666.88 298.448
vt 667.547 298.448
vt 335.024 12.6862
vt 333.133 11.8403
vt 334.807 12.4344
vt -335.064 11.806
vt -335.024 12.6862
vt -335.269 12.9115
vt -335.269 12.9115
vt -335.024 12.6862
vt -335.064 11.806
vt -666.882 254.992
vt -667.549 255.324
vt -667.549 254.992
vt -335.25 12.0943
vt -335.269 12.9115
vt -335.425 12.2977
vt -335.425 12.2977
vt -335.269 12.9115
vt -335.25 12.0943
vt -667.549 255.324
vt -666.882 254.992
vt -666.882 255.324
vt 335.425 12.2977
vt 342.483 11.6743
vt 335.623 12.4797
vt 667.549 255.292
vt 666.882 255.024
vt 667.549 255.024
vt 335.269 12.9115
vt 335.425 12.2977
vt 335.537 13.1074
vt -335.064 11.806
vt -334.62 12.1594
vt -334.807 12.4344
vt -334.807 12.4344
vt -334.62 12.1594
vt -335.064 11.806
vt -667.55 198.24
vt -666.883 198.572
vt -667.55 198.572
vt -666.883 198.572
vt -667.55 198.24
vt -666.883 198.24
vt 334.465 11.8649
vt 334.811 11.1262
vt 334.62 12.1594
vt 664.964 351.857
vt 665.63 351.866
vt 664.963 351.861
vt 664.963 351.861
vt 665.63 351.866
vt 664.964 351.857
vt -346.921 11.1169
vt -346.363 11.0677
vt -346.353 11.1168
vt 346.736 11.6745
vt 346.353 11.1168
vt 346.921 11.1169
vt 346.921 11.1169
vt 346.353 11.1168
vt 346.736 11.6745
vt 334.262 11.2327
vt 333.43 0.552503
vt 334.811 11.1262
vt -682.218 95.0919
vt -682.884 94.7593
vt -682.218 94.7593
vt 682.885 43.738
vt 682.218 54.4015
vt 682.218 43.738
vt -333.43 0.552503
vt -334.262 11.2327
vt -334.811 11.1262
vt -334.811 11.1262
vt -334.807 12.4344
vt -335.024 12.6862
vt -682.216 254.992
vt -682.882 255.325
vt -682.882 254.992
vt -335.099 11.8722
vt -335.269 12.9115
vt -335.25 12.0943
vt 682.217 198.541
vt 682.883 198.272
vt 682.883 198.541
vt 335.269 12.9115
vt 335.099 11.8722
vt 335.25 12.0943
vt -682.882 255.325
vt -682.216 254.992
vt -682.216 255.325
vt -682.883 228.111
vt -682.216 228.444
vt -682.883 228.444
vt -334.811 11.1262
vt -334.62 12.1594
vt -334.807 12.4344
vt 337.128 13.0133
vt 342.483 11.6743
vt 344.972 13.0136
vt 335.099 11.8722
vt 342.483 11.6743
vt 335.25 12.0943
vt -335.064 11.806
vt -335.269 12.9115
vt -335.099 11.8722
vt -335.099 11.8722
vt -335.269 12.9115
vt -335.064 11.806
vt 666.884 166.07
vt 667.55 165.995
vt 667.55 166.07
vt 667.551 131.156
vt 666.884 131.425
vt 666.884 131.156
vt -666.884 95.0918
vt -667.551 94.7592
vt -666.884 94.7592
vt 334.262 11.2327
vt 334.811 11.1262
vt 334.346 11.5546
vt -346.736 11.6745
vt -346.45 12.3761
vt -346.58 12.1514
vt -346.58 12.1514
vt -346.45 12.3761
vt -346.736 11.6745
vt 346.785 11.6745
vt 346.921 11.1169
vt 346.858 11.4254
vt 346.858 11.4254
vt 346.921 11.1169
vt 346.785 11.6745
vt 667.553 -113.035
vt 666.886 -112.775
vt 666.886 -113.035
vt 346.736 13.8408
vt 346.303 12.5899
vt 346.45 12.3761
vt 666.887 -162.731
vt 667.553 -162.991
vt 667.553 -162.731
vt 667.553 -162.991
vt 666.887 -162.731
vt 666.887 -162.991
vt 346.58 12.1514
vt 348.135 0.553091
vt 346.692 11.917
vt -336.579 12.9511
vt -336.78 13.5519
vt -336.843 12.997
vt -336.843 12.997
vt -336.78 13.5519
vt -336.579 12.9511
vt -336.843 12.997
vt -337.112 13.571
vt -337.128 13.0133
vt -337.128 13.0133
vt -337.112 13.571
vt -336.843 12.997
vt -667.506 337.426
vt -666.839 337.093
vt -666.839 337.426
vt -667.537 334.167
vt -666.87 333.835
vt -666.87 334.167
vt -337.128 13.0133
vt -345.112 13.5713
vt -344.972 13.0136
vt -344.972 13.0136
vt -345.112 13.5713
vt -337.128 13.0133
vt -664.977 350.048
vt -664.37 342.043
vt -664.31 350.043
vt -345.341 13.449
vt -345.112 13.5713
vt -345.24 12.8513
vt 666.89 -298.028
vt 667.557 -298.288
vt 667.557 -298.028
vt 346.736 13.8408
vt 345.341 13.449
vt 345.559 13.3089
vt 681.538 229.129
vt 682.204 228.869
vt 682.204 229.129
vt 347.992 12.9912
vt 347.952 11.897
vt 348.116 12.0983
vt 347.899 12.7969
vt 347.952 11.897
vt 347.992 12.9912
vt -682.205 185.021
vt -681.538 185.236
vt -682.205 185.236
vt -347.952 11.897
vt -347.899 12.7969
vt -347.992 12.9912
vt 344.972 13.0136
vt 346.188 11.6745
vt 345.058 12.9675
vt -346.179 11.697
vt -346.139 12.7913
vt -346.303 12.5899
vt -346.303 12.5899
vt -346.139 12.7913
vt -346.179 11.697
vt 346.087 11.8914
vt 346.188 11.6745
vt 346.179 11.697
vt -667.553 -112.821
vt -666.886 -112.797
vt -667.553 -112.797
vt 666.887 -186.246
vt 667.554 -186.505
vt 667.554 -186.246
vt 346.256 11.4959
vt 346.353 11.1168
vt 346.317 11.2893
vt -667.552 -86.8865
vt -666.886 -86.6712
vt -667.552 -86.6712
vt 346.736 11.6745
vt 346.317 11.2893
vt 346.353 11.1168
vt 346.353 11.1168
vt 346.317 11.2893
vt 346.736 11.6745
vt -666.886 -112.797
vt -667.553 -113.013
vt -666.886 -113.013
vt -668.213 311.503
vt -667.547 311.405
vt -667.547 311.503
vt -346.925 11.1169
vt -346.871 11.7206
vt -347.053 11.8368
vt -334.262 11.2327
vt -333.43 0.552503
vt -332.794 -0.00518
vt 666.885 54.4014
vt 667.551 43.7379
vt 667.551 54.4014
vt 335.024 12.6862
vt 334.811 11.1262
vt 334.878 11.3837
vt 336.074 12.7704
vt 342.483 11.6743
vt 336.321 12.8752
vt 667.545 314.692
vt 666.879 314.424
vt 667.546 314.424
vt 336.321 12.8752
vt 342.483 11.6743
vt 336.579 12.9511
vt 667.543 326.549
vt 666.876 326.28
vt 667.543 326.28
vt 336.133 13.4011
vt 336.321 12.8752
vt 336.452 13.4951
vt 335.827 13.2714
vt 335.623 12.4797
vt 335.84 12.638
vt 336.133 13.4011
vt 335.84 12.638
vt 336.074 12.7704
vt 335.537 13.1074
vt 335.425 12.2977
vt 335.623 12.4797
vt 666.881 278.562
vt 667.548 278.83
vt 666.881 278.83
vt 666.882 255.024
vt 667.549 255.292
vt 666.882 255.292
vt 666.88 298.448
vt 667.547 298.717
vt 666.88 298.717
vt -335.064 11.806
vt -334.807 12.4344
vt -335.024 12.6862
vt -335.024 12.6862
vt -334.807 12.4344
vt -335.064 11.806
vt -667.549 228.111
vt -666.883 228.444
vt -667.549 228.444
vt -335.099 11.8722
vt -335.269 12.9115
vt -335.25 12.0943
vt -335.25 12.0943
vt -335.269 12.9115
vt -335.099 11.8722
vt 335.25 12.0943
vt 342.483 11.6743
vt 335.425 12.2977
vt 666.883 228.412
vt 667.549 228.143
vt 667.549 228.412
vt 335.024 12.6862
vt 335.099 11.8722
vt 335.269 12.9115
vt 335.269 12.9115
vt 335.25 12.0943
vt 335.425 12.2977
vt -666.883 228.444
vt -667.549 228.111
vt -666.883 228.111
vt 334.62 12.1594
vt 334.811 11.1262
vt 334.807 12.4344
vt 668.213 311.525
vt 667.547 311.265
vt 668.213 311.265
vt 347.053 11.8368
vt 346.921 11.1169
vt 346.925 11.1169
vt -346.363 11.0677
vt -346.921 11.1169
vt -348.135 0.553091
vt -667.552 -60.2242
vt -666.886 -59.9978
vt -667.552 -60.174
vt 333.43 0.552503
vt 334.262 11.2327
vt 332.794 -0.00518
vt -682.885 43.1027
vt -682.218 54.4361
vt -682.885 54.4361
vt 682.218 0.544461
vt 682.885 -0.013192
vt 682.885 0.544466
vt -334.262 11.2327
vt -333.43 0.552503
vt -332.794 -0.00518
vt -335.25 12.0943
vt -335.269 12.9115
vt -335.425 12.2977
vt 682.883 228.143
vt 682.216 228.412
vt 682.216 228.143
vt 335.269 12.9115
vt 335.25 12.0943
vt 335.425 12.2977
vt -682.215 278.53
vt -682.881 278.862
vt -682.881 278.53
vt 336.843 12.997
vt 342.483 11.6743
vt 337.128 13.0133
vt 664.978 349.908
vt 664.369 342.059
vt 665.036 342.064
vt 666.883 198.54
vt 667.55 198.272
vt 667.55 198.541
vt 667.55 198.272
vt 666.883 198.54
vt 666.883 198.272
vt 335.024 12.6862
vt 334.878 11.3837
vt 334.974 11.6343
vt 335.024 12.6862
vt 334.974 11.6343
vt 335.099 11.8722
vt -667.551 43.1026
vt -666.885 54.4359
vt -667.551 54.4359
vt 334.262 11.2327
vt 333.43 0.552503
vt 334.811 11.1262
vt 346.858 11.4254
vt 346.921 11.1169
vt 346.911 11.1713
vt 346.911 11.1713
vt 346.921 11.1169
vt 346.858 11.4254
vt 346.858 11.4254
vt 346.871 11.7206
vt 346.785 11.6745
vt 666.886 -86.649
vt 667.552 -86.9086
vt 667.552 -86.649
vt 346.692 11.917
vt 348.135 0.553091
vt 346.785 11.6745
vt 346.736 13.8408
vt 346.139 12.7913
vt 346.303 12.5899
vt 667.554 -186.505
vt 666.887 -186.246
vt 666.887 -186.505
vt 346.45 12.3761
vt 348.135 0.553091
vt 346.58 12.1514
vt 667.537 334.135
vt 666.87 333.867
vt 667.537 333.867
vt 336.579 12.9511
vt 342.483 11.6743
vt 336.843 12.997
vt 667.506 337.41
vt 666.839 337.125
vt 667.506 337.125
vt 336.78 13.5519
vt 336.843 12.997
vt 337.112 13.571
vt 336.452 13.4951
vt 336.579 12.9511
vt 336.78 13.5519
vt -344.972 13.0136
vt -345.112 13.5713
vt -345.058 12.9675
vt -345.058 12.9675
vt -345.112 13.5713
vt -344.972 13.0136
vt 337.112 13.571
vt 337.128 13.0133
vt 345.112 13.5713
vt -345.058 12.9675
vt -345.112 13.5713
vt -345.24 12.8513
vt -345.24 12.8513
vt -345.112 13.5713
vt -345.341 13.449
vt -345.24 12.8513
vt -345.112 13.5713
vt -345.058 12.9675
vt -345.24 12.8513
vt -345.341 13.449
vt -345.411 12.7211
vt 667.557 -298.288
vt 666.89 -298.028
vt 666.89 -298.288
vt 346.736 13.8408
vt 345.559 13.3089
vt 345.766 13.1519
vt -347.952 11.897
vt -347.992 12.9912
vt -348.116 12.0983
vt 682.205 207.589
vt 681.538 207.848
vt 681.538 207.589
vt 347.992 12.9912
vt 348.116 12.0983
vt 348.069 13.1923
vt -681.539 161.478
vt -682.205 161.263
vt -681.539 161.263
vt -682.205 161.263
vt -681.539 161.478
vt -682.205 161.479
vt 345.058 12.9675
vt 346.188 11.6745
vt 345.24 12.8513
vt -667.557 -298.265
vt -666.89 -298.167
vt -667.557 -298.167
vt -346.087 11.8914
vt -346.139 12.7913
vt -346.179 11.697
vt -346.179 11.697
vt -346.139 12.7913
vt -346.087 11.8914
vt 666.887 -208.585
vt 667.554 -208.845
vt 667.554 -208.585
vt 345.979 12.0778
vt 346.188 11.6745
vt 346.087 11.8914
vt -667.553 -138.427
vt -666.886 -138.211
vt -667.553 -138.211
vt -666.886 -138.211
vt -667.553 -138.427
vt -666.886 -138.427
vt 667.554 -208.845
vt 666.887 -208.585
vt 666.887 -208.845
vt -667.552 -60.174
vt -666.886 -59.9978
vt -667.552 -59.9978
vt -666.886 -86.6712
vt -667.552 -86.8865
vt -666.886 -86.8865
vt 346.303 12.5899
vt 346.179 11.697
vt 346.256 11.4959
vt -667.547 298.374
vt -668.214 298.59
vt -668.214 298.374
vt -346.925 11.1169
vt -347.053 11.8368
vt -347.154 11.2392
vt -333.43 -0.005155
vt -332.794 -0.00518
vt -333.43 0.552503
vt 667.551 43.7379
vt 666.885 54.4014
vt 666.885 43.7379
vt 334.807 12.4344
vt 334.811 11.1262
vt 335.024 12.6862
vt 666.879 314.424
vt 667.545 314.692
vt 666.879 314.692
vt 666.876 326.28
vt 667.543 326.549
vt 666.876 326.549
vt 336.133 13.4011
vt 336.074 12.7704
vt 336.321 12.8752
vt 336.452 13.4951
vt 336.321 12.8752
vt 336.579 12.9511
vt 667.549 228.143
vt 666.883 228.412
vt 666.883 228.143
vt 335.269 12.9115
vt 335.099 11.8722
vt 335.25 12.0943
vt 667.547 311.265
vt 668.213 311.525
vt 667.547 311.525
vt 347.053 11.8368
vt 346.911 11.1713
vt 346.921 11.1169
vt 347.053 11.8368
vt 346.925 11.1169
vt 347.154 11.2392
vt -348.135 0.553091
vt -346.921 11.1169
vt -348.794 -0.00454
vt -667.552 -57.2899
vt -666.885 -46.6271
vt -667.552 -46.6271
vt -666.886 -59.9978
vt -667.552 -60.2242
vt -666.886 -60.2242
vt -682.218 54.4361
vt -682.885 43.1027
vt -682.218 43.1027
vt 333.43 -0.005155
vt 333.43 0.552503
vt 332.794 -0.00518
vt 682.885 -0.013192
vt 682.218 0.544461
vt 682.218 -0.013197
vt -333.43 -0.005155
vt -332.794 -0.00518
vt -333.43 0.552503
vt -335.425 12.2977
vt -335.269 12.9115
vt -335.537 13.1074
vt 682.216 228.412
vt 682.883 228.143
vt 682.883 228.412
vt 335.269 12.9115
vt 335.425 12.2977
vt 335.537 13.1074
vt -682.881 278.862
vt -682.215 278.53
vt -682.215 278.862
vt 664.369 342.059
vt 664.978 349.908
vt 664.311 349.903
vt 666.839 337.125
vt 667.506 337.41
vt 666.839 337.41
vt -666.885 54.4359
vt -667.551 43.1026
vt -666.885 43.1026
vt 333.43 0.552503
vt 334.262 11.2327
vt 332.794 -0.00518
vt 666.885 -46.616
vt 667.552 -46.6712
vt 667.552 -46.616
vt 346.871 11.7206
vt 346.858 11.4254
vt 346.911 11.1713
vt 666.886 -59.9757
vt 667.552 -60.2353
vt 667.552 -59.9756
vt 667.552 -86.9086
vt 666.886 -86.649
vt 666.886 -86.9087
vt 346.785 11.6745
vt 348.135 0.553091
vt 346.858 11.4254
vt 346.736 13.8408
vt 345.96 12.979
vt 346.139 12.7913
vt 346.303 12.5899
vt 346.317 11.2893
vt 346.45 12.3761
vt 346.45 12.3761
vt 346.363 11.0677
vt 348.135 0.553091
vt 666.87 333.867
vt 667.537 334.135
vt 666.87 334.135
vt 336.78 13.5519
vt 336.579 12.9511
vt 336.843 12.997
vt 337.112 13.571
vt 336.843 12.997
vt 337.128 13.0133
vt 345.112 13.5713
vt 337.128 13.0133
vt 344.972 13.0136
vt -667.556 -283.738
vt -666.889 -283.523
vt -667.556 -283.523
vt -345.411 12.7211
vt -345.341 13.449
vt -345.559 13.3089
vt -345.411 12.7211
vt -345.341 13.449
vt -345.24 12.8513
vt -667.555 -267.422
vt -666.889 -267.207
vt -667.555 -267.207
vt 345.24 12.8513
vt 346.188 11.6745
vt 345.411 12.7211
vt 345.112 13.5713
vt 345.24 12.8513
vt 345.341 13.449
vt 666.889 -283.501
vt 667.556 -283.76
vt 667.556 -283.501
vt 667.556 -283.76
vt 666.889 -283.501
vt 666.889 -283.76
vt -345.572 12.5777
vt -345.559 13.3089
vt -345.766 13.1519
vt -345.766 13.1519
vt -345.559 13.3089
vt -345.572 12.5777
vt 666.889 -267.185
vt 667.555 -267.444
vt 667.555 -267.185
vt 346.736 13.8408
vt 345.766 13.1519
vt 345.96 12.979
vt -348.116 12.0983
vt -347.992 12.9912
vt -348.069 13.1923
vt 681.538 207.848
vt 682.205 207.589
vt 682.205 207.848
vt 348.13 13.3989
vt 348.116 12.0983
vt 348.263 12.3121
vt 348.069 13.1923
vt 348.116 12.0983
vt 348.13 13.3989
vt -681.539 136.704
vt -682.206 136.488
vt -681.539 136.488
vt -666.89 -298.167
vt -667.557 -298.265
vt -666.89 -298.265
vt -345.979 12.0778
vt -346.139 12.7913
vt -346.087 11.8914
vt -346.087 11.8914
vt -346.139 12.7913
vt -345.979 12.0778
vt 667.554 -229.868
vt 666.888 -229.608
vt 666.888 -229.868
vt 345.857 12.255
vt 346.188 11.6745
vt 345.979 12.0778
vt -667.553 -162.968
vt -666.887 -162.753
vt -667.553 -162.753
vt -666.887 -162.753
vt -667.553 -162.968
vt -666.887 -162.968
vt 346.139 12.7913
vt 346.087 11.8914
vt 346.179 11.697
vt 346.139 12.7913
vt 346.179 11.697
vt 346.303 12.5899
vt 346.303 12.5899
vt 346.256 11.4959
vt 346.317 11.2893
vt -668.214 298.59
vt -667.547 298.374
vt -667.547 298.59
vt -347.154 11.2392
vt -347.053 11.8368
vt -347.224 11.967
vt 665.063 338.366
vt 664.401 337.726
vt 665.068 337.73
vt 665.068 337.73
vt 664.401 337.726
vt 665.063 338.366
vt 666.885 0.544342
vt 667.552 -0.013311
vt 667.552 0.544347
vt 668.214 298.612
vt 667.547 298.352
vt 668.214 298.352
vt 346.871 11.7206
vt 346.911 11.1713
vt 347.053 11.8368
vt 347.053 11.8368
vt 347.154 11.2392
vt 347.224 11.967
vt 666.885 -46.616
vt 667.552 -57.9494
vt 667.552 -46.6712
vt -348.135 0.553091
vt -348.794 -0.00454
vt -348.135 -0.004566
vt -666.885 -46.6271
vt -667.552 -57.2899
vt -666.886 -57.2899
vt 346.45 12.3761
vt 346.317 11.2893
vt 346.363 11.0677
vt 680.396 338.479
vt 679.734 337.839
vt 680.401 337.844
vt 680.401 337.844
vt 679.734 337.839
vt 680.396 338.479
vt 679.734 337.839
vt 680.396 338.479
vt 679.73 338.474
vt 679.73 338.474
vt 680.396 338.479
vt 679.734 337.839
vt -335.425 12.2977
vt -335.537 13.1074
vt -335.623 12.4797
vt 682.882 255.293
vt 682.216 255.024
vt 682.882 255.024
vt 335.537 13.1074
vt 335.425 12.2977
vt 335.623 12.4797
vt -682.214 298.416
vt -682.88 298.749
vt -682.88 298.416
vt 333.43 -0.005155
vt 333.43 0.552503
vt 332.794 -0.00518
vt 667.552 -60.2353
vt 666.886 -59.9757
vt 666.886 -60.2353
vt 346.858 11.4254
vt 348.135 0.553091
vt 346.911 11.1713
vt 666.888 -229.608
vt 667.554 -229.868
vt 667.554 -229.608
vt -345.979 12.0778
vt -345.96 12.979
vt -346.139 12.7913
vt -346.139 12.7913
vt -345.96 12.979
vt -345.979 12.0778
vt 345.112 13.5713
vt 344.972 13.0136
vt 345.058 12.9675
vt -666.889 -283.523
vt -667.556 -283.738
vt -666.889 -283.738
vt -345.559 13.3089
vt -345.341 13.449
vt -345.411 12.7211
vt -345.411 12.7211
vt -345.559 13.3089
vt -345.572 12.5777
vt -345.572 12.5777
vt -345.559 13.3089
vt -345.411 12.7211
vt -666.889 -267.207
vt -667.555 -267.422
vt -666.889 -267.422
vt 345.411 12.7211
vt 346.188 11.6745
vt 345.572 12.5777
vt 345.112 13.5713
vt 345.058 12.9675
vt 345.24 12.8513
vt 345.341 13.449
vt 345.24 12.8513
vt 345.411 12.7211
vt 345.341 13.449
vt 345.411 12.7211
vt 345.559 13.3089
vt -345.572 12.5777
vt -345.766 13.1519
vt -345.721 12.422
vt -345.721 12.422
vt -345.766 13.1519
vt -345.572 12.5777
vt 667.555 -267.444
vt 666.889 -267.185
vt 666.889 -267.444
vt 666.888 -249.182
vt 667.555 -249.442
vt 667.555 -249.182
vt -345.857 12.255
vt -345.766 13.1519
vt -345.96 12.979
vt -345.96 12.979
vt -345.766 13.1519
vt -345.857 12.255
vt -682.206 136.488
vt -681.539 136.704
vt -682.206 136.704
vt -348.116 12.0983
vt -348.069 13.1923
vt -348.13 13.3989
vt -348.116 12.0983
vt -348.13 13.3989
vt -348.263 12.3121
vt 682.205 184.998
vt 681.538 185.258
vt 681.538 184.998
vt 348.13 13.3989
vt 348.263 12.3121
vt 348.176 13.6205
vt -681.539 111.068
vt -682.206 110.852
vt -681.539 110.852
vt 345.96 12.979
vt 345.979 12.0778
vt 346.139 12.7913
vt 345.721 12.422
vt 346.188 11.6745
vt 345.857 12.255
vt -345.857 12.255
vt -345.96 12.979
vt -345.979 12.0778
vt -345.979 12.0778
vt -345.96 12.979
vt -345.857 12.255
vt -667.554 -186.483
vt -666.887 -186.268
vt -667.554 -186.268
vt -666.887 -186.268
vt -667.554 -186.483
vt -666.887 -186.483
vt 346.139 12.7913
vt 345.979 12.0778
vt 346.087 11.8914
vt -667.548 283.579
vt -668.215 283.794
vt -668.215 283.579
vt -347.154 11.2392
vt -347.224 11.967
vt -347.372 11.3793
vt 664.401 337.726
vt 665.063 338.366
vt 664.397 338.361
vt 664.397 338.361
vt 665.063 338.366
vt 664.401 337.726
vt 667.552 -0.013311
vt 666.885 0.544342
vt 666.885 -0.013316
vt 667.547 298.352
vt 668.214 298.612
vt 667.547 298.612
vt 347.224 11.967
vt 347.154 11.2392
vt 347.372 11.3793
vt -668.215 283.794
vt -667.548 283.579
vt -667.548 283.794
vt 667.552 -57.9494
vt 666.885 -46.616
vt 666.886 -57.9494
vt 664.95 353.73
vt 664.288 353.066
vt 664.955 353.071
vt 664.955 353.071
vt 664.288 353.066
vt 664.95 353.73
vt -667.552 -0.013311
vt -666.885 0.544342
vt -667.552 0.544347
vt -335.623 12.4797
vt -335.537 13.1074
vt -335.827 13.2714
vt 682.216 255.024
vt 682.882 255.293
vt 682.216 255.293
vt 335.537 13.1074
vt 335.623 12.4797
vt 335.827 13.2714
vt -682.88 298.749
vt -682.214 298.416
vt -682.214 298.749
vt 346.911 11.1713
vt 348.135 0.553091
vt 348.794 -0.00454
vt 667.555 -249.442
vt 666.888 -249.182
vt 666.888 -249.442
vt -667.555 -249.42
vt -666.888 -249.205
vt -667.555 -249.205
vt 345.572 12.5777
vt 346.188 11.6745
vt 345.721 12.422
vt 345.559 13.3089
vt 345.411 12.7211
vt 345.572 12.5777
vt -345.721 12.422
vt -345.766 13.1519
vt -345.857 12.255
vt -345.857 12.255
vt -345.766 13.1519
vt -345.721 12.422
vt -667.554 -229.846
vt -666.888 -229.63
vt -667.554 -229.63
vt 345.559 13.3089
vt 345.572 12.5777
vt 345.766 13.1519
vt -682.206 110.852
vt -681.539 111.068
vt -682.206 111.068
vt -348.263 12.3121
vt -348.13 13.3989
vt -348.176 13.6205
vt 681.538 185.258
vt 682.205 184.998
vt 682.205 185.258
vt 348.732 13.5621
vt 348.263 12.3121
vt 348.393 12.5369
vt 348.176 13.6205
vt 348.263 12.3121
vt 348.732 13.5621
vt -681.539 84.7429
vt -682.206 84.5165
vt -681.539 84.5165
vt 345.96 12.979
vt 345.857 12.255
vt 345.979 12.0778
vt -667.554 -208.822
vt -666.887 -208.607
vt -667.554 -208.607
vt -666.887 -208.607
vt -667.554 -208.822
vt -666.887 -208.823
vt -347.372 11.3793
vt -347.224 11.967
vt -347.385 12.1104
vt 668.215 283.817
vt 667.548 283.557
vt 668.215 283.557
vt 347.224 11.967
vt 347.372 11.3793
vt 347.385 12.1104
vt -667.549 266.995
vt -668.215 267.211
vt -668.215 266.995
vt 664.288 353.066
vt 664.95 353.73
vt 664.283 353.725
vt 664.283 353.725
vt 664.95 353.73
vt 664.288 353.066
vt -666.885 0.544342
vt -667.552 -0.013311
vt -666.885 -0.013316
vt -335.623 12.4797
vt -335.827 13.2714
vt -335.84 12.638
vt 682.881 278.83
vt 682.215 278.562
vt 682.881 278.562
vt 335.827 13.2714
vt 335.623 12.4797
vt 335.84 12.638
vt -682.212 314.392
vt -682.879 314.725
vt -682.879 314.392
vt 348.794 -0.00454
vt 348.135 0.553091
vt 348.135 -0.004566
vt 345.766 13.1519
vt 345.857 12.255
vt 345.96 12.979
vt -666.888 -249.205
vt -667.555 -249.42
vt -666.888 -249.42
vt -666.888 -229.63
vt -667.554 -229.846
vt -666.888 -229.846
vt 345.766 13.1519
vt 345.572 12.5777
vt 345.721 12.422
vt -682.206 84.5165
vt -681.539 84.7429
vt -682.206 84.7429
vt -348.263 12.3121
vt -348.176 13.6205
vt -349.947 24.1353
vt -348.263 12.3121
vt -349.947 24.1353
vt -348.393 12.5369
vt 682.205 161.241
vt 681.539 161.501
vt 681.539 161.241
vt 348.732 13.5621
vt 348.393 12.5369
vt 348.505 12.7713
vt -349.943 24.1009
vt -348.732 13.5621
vt -348.176 13.6205
vt -348.176 13.6205
vt -348.732 13.5621
vt -349.943 24.1009
vt 345.766 13.1519
vt 345.721 12.422
vt 345.857 12.255
vt -347.372 11.3793
vt -347.385 12.1104
vt -347.579 11.5363
vt 667.548 283.557
vt 668.215 283.817
vt 667.548 283.817
vt 347.385 12.1104
vt 347.372 11.3793
vt 347.579 11.5363
vt -668.215 267.211
vt -667.549 266.995
vt -667.549 267.211
vt -335.84 12.638
vt -335.827 13.2714
vt -336.133 13.4011
vt 682.215 278.562
vt 682.881 278.83
vt 682.215 278.83
vt 335.827 13.2714
vt 335.84 12.638
vt 336.133 13.4011
vt -682.879 314.725
vt -682.212 314.392
vt -682.212 314.725
vt -681.539 81.9196
vt -682.206 71.2568
vt -681.539 71.2567
vt -682.206 71.2568
vt -682.203 81.9196
vt -682.206 81.9196
vt -348.393 12.5369
vt -349.947 24.1353
vt -348.505 12.7713
vt 681.539 161.501
vt 682.205 161.241
vt 682.205 161.501
vt 348.732 13.5621
vt 348.505 12.7713
vt 348.598 13.0138
vt -348.732 13.5621
vt -349.943 24.1009
vt -349.005 15.1825
vt -349.005 15.1825
vt -349.943 24.1009
vt -348.732 13.5621
vt -349.947 24.1353
vt -349.943 24.1009
vt -348.176 13.6205
vt -347.579 11.5363
vt -347.385 12.1104
vt -347.534 12.2662
vt 668.215 267.233
vt 667.549 266.973
vt 668.215 266.973
vt 347.385 12.1104
vt 347.579 11.5363
vt 347.534 12.2662
vt -667.549 248.943
vt -668.216 248.728
vt -667.549 248.728
vt -335.84 12.638
vt -336.133 13.4011
vt -336.074 12.7704
vt 682.88 298.717
vt 682.214 298.448
vt 682.88 298.448
vt 336.133 13.4011
vt 335.84 12.638
vt 336.074 12.7704
vt -682.209 326.249
vt -682.876 326.581
vt -682.876 326.249
vt -682.206 71.2568
vt -681.539 81.9196
vt -682.203 81.9196
vt 682.22 -341.048
vt 682.223 -341.606
vt 682.223 -341.048
vt 682.223 -341.048
vt 682.223 -341.606
vt 682.22 -341.048
vt -348.505 12.7713
vt -349.947 24.1353
vt -348.598 13.0138
vt 682.206 136.466
vt 681.539 136.726
vt 681.539 136.466
vt 348.732 13.5621
vt 348.598 13.0138
vt 348.671 13.2629
vt -349.005 15.1825
vt -349.943 24.1009
vt -349.909 23.7694
vt -349.909 23.7694
vt -349.943 24.1009
vt -349.005 15.1825
vt 681.539 71.2914
vt 682.206 81.9196
vt 681.539 72.9347
vt 350.275 24.0661
vt 349.947 24.1353
vt 349.943 24.1009
vt -681.539 60.6334
vt -682.206 60.5988
vt -681.539 60.5988
vt -681.539 60.5988
vt -682.206 60.5988
vt -681.539 60.6334
vt -668.216 248.728
vt -667.549 248.943
vt -668.216 248.943
vt -347.579 11.5363
vt -347.534 12.2662
vt -347.669 12.4332
vt 667.549 266.973
vt 668.215 267.233
vt 667.549 267.233
vt -347.579 11.5363
vt -347.669 12.4332
vt -347.773 11.7092
vt 347.534 12.2662
vt 347.579 11.5363
vt 347.669 12.4332
vt -336.074 12.7704
vt -336.133 13.4011
vt -336.321 12.8752
vt 682.214 298.448
vt 682.88 298.717
vt 682.214 298.717
vt 336.133 13.4011
vt 336.074 12.7704
vt 336.321 12.8752
vt -682.876 326.581
vt -682.209 326.249
vt -682.209 326.581
vt -336.321 12.8752
vt -336.133 13.4011
vt -336.452 13.4951
vt -682.206 60.5988
vt -681.539 60.6334
vt -682.203 60.6334
vt -682.203 60.6334
vt -681.539 60.6334
vt -682.206 60.5988
vt 681.556 -341.048
vt 682.223 -341.606
vt 682.22 -341.048
vt 682.22 -341.048
vt 682.223 -341.606
vt 681.556 -341.048
vt -343.53 -36.8431
vt -344.079 -36.936
vt -343.526 -36.8776
vt -344.079 -36.936
vt -343.53 -36.8431
vt -343.733 -34.9188
vt -348.724 13.517
vt -349.947 24.1353
vt -350.497 24.0427
vt -348.598 13.0138
vt -349.947 24.1353
vt -348.671 13.2629
vt 681.539 136.726
vt 682.206 136.466
vt 682.206 136.726
vt 348.732 13.5621
vt 348.671 13.2629
vt 348.724 13.517
vt 350.24 23.7346
vt 349.943 24.1009
vt 349.909 23.7694
vt 668.218 60.5987
vt 681.539 60.2655
vt 681.539 60.5988
vt 349.005 15.1825
vt 350.24 23.7346
vt 349.909 23.7694
vt 681.539 71.2914
vt 682.206 71.2457
vt 682.206 81.9196
vt 681.539 72.9347
vt 682.206 81.9196
vt 681.539 81.9196
vt 349.947 24.1353
vt 350.275 24.0661
vt 350.276 24.0798
vt 681.566 -345.782
vt 682.232 -346.005
vt 681.566 -345.449
vt 681.566 -345.449
vt 682.232 -346.005
vt 681.566 -345.782
vt 349.943 24.1009
vt 350.24 23.7346
vt 350.275 24.0661
vt 681.566 -345.449
vt 682.232 -346.005
vt 682.232 -345.449
vt 682.232 -345.449
vt 682.232 -346.005
vt 681.566 -345.449
vt -667.549 229.106
vt -668.216 228.891
vt -667.549 228.891
vt -668.216 228.891
vt -667.549 229.106
vt -668.216 229.106
vt 668.216 248.706
vt 667.549 248.965
vt 667.549 248.705
vt 347.669 12.4332
vt 347.579 11.5363
vt 347.773 11.7092
vt -347.773 11.7092
vt -347.669 12.4332
vt -347.792 12.6104
vt 682.879 314.693
vt 682.212 314.424
vt 682.879 314.424
vt 682.212 314.424
vt 682.879 314.693
vt 682.212 314.693
vt 336.133 13.4011
vt 336.321 12.8752
vt 336.452 13.4951
vt -682.203 333.835
vt -682.87 334.168
vt -682.87 333.835
vt -336.321 12.8752
vt -336.452 13.4951
vt -336.579 12.9511
vt 681.556 -341.382
vt 682.223 -341.606
vt 681.556 -341.048
vt 681.556 -341.048
vt 682.223 -341.606
vt 681.556 -341.382
vt -344.079 -36.936
vt -343.733 -34.9188
vt -344.286 -34.9773
vt -348.671 13.2629
vt -349.947 24.1353
vt -348.724 13.517
vt 681.539 111.09
vt 682.206 110.83
vt 682.206 111.09
vt 682.206 110.83
vt 681.539 111.09
vt 681.539 110.83
vt 682.206 84.4943
vt 681.539 84.754
vt 681.539 84.4943
vt 682.206 71.2457
vt 681.539 71.2914
vt 681.539 71.2457
vt 681.539 60.2655
vt 668.218 60.5987
vt 668.218 60.2654
vt 350.24 23.7346
vt 349.005 15.1825
vt 350.497 24.0427
vt 682.232 -346.005
vt 681.566 -345.782
vt 681.566 -346.005
vt 681.566 -346.005
vt 681.566 -345.782
vt 682.232 -346.005
vt 682.223 -341.606
vt 681.556 -341.382
vt 681.556 -341.606
vt 681.556 -341.606
vt 681.556 -341.382
vt 682.223 -341.606
vt 682.03 62.5606
vt 681.539 60.5988
vt 682.206 60.5988
vt 350.497 24.0427
vt 350.276 24.0798
vt 350.275 24.0661
vt 350.24 23.7346
vt 350.497 24.0427
vt 350.275 24.0661
vt -348.263 12.3121
vt -348.176 13.6205
vt -348.732 13.5621
vt 348.732 13.5621
vt 349.943 24.1009
vt 348.176 13.6205
vt 348.176 13.6205
vt 349.943 24.1009
vt 348.732 13.5621
vt 349.943 24.1009
vt 349.005 15.1825
vt 349.909 23.7694
vt 349.909 23.7694
vt 349.005 15.1825
vt 349.943 24.1009
vt -350.24 23.7346
vt -349.005 15.1825
vt -349.909 23.7694
vt -667.55 207.826
vt -668.216 207.611
vt -667.55 207.611
vt 667.549 248.965
vt 668.216 248.706
vt 668.216 248.965
vt 347.792 12.6104
vt 347.773 11.7092
vt 347.952 11.897
vt 347.669 12.4332
vt 347.773 11.7092
vt 347.792 12.6104
vt -668.216 207.611
vt -667.55 207.826
vt -668.216 207.826
vt -347.773 11.7092
vt -347.792 12.6104
vt -347.952 11.897
vt 682.876 326.549
vt 682.209 326.28
vt 682.876 326.281
vt 336.452 13.4951
vt 336.321 12.8752
vt 336.579 12.9511
vt -682.87 334.168
vt -682.203 333.835
vt -682.203 334.168
vt -336.579 12.9511
vt -336.452 13.4951
vt -336.78 13.5519
vt -323.352 -216.404
vt -323.685 -218.423
vt -323.132 -218.361
vt 681.539 84.754
vt 682.206 84.4943
vt 682.206 84.754
vt -349.943 24.1009
vt -350.24 23.7346
vt -349.909 23.7694
vt 682.03 62.5606
vt 681.395 62.3954
vt 681.539 60.5988
vt 343.929 -36.2367
vt 343.724 -35.0026
vt 343.597 -36.2016
vt -348.263 12.3121
vt -348.13 13.3989
vt -348.176 13.6205
vt -348.263 12.3121
vt -348.732 13.5621
vt -348.393 12.5369
vt 349.943 24.1009
vt 348.732 13.5621
vt 349.005 15.1825
vt 349.005 15.1825
vt 348.732 13.5621
vt 349.943 24.1009
vt 349.947 24.1353
vt 348.176 13.6205
vt 349.943 24.1009
vt -668.218 71.2566
vt -667.554 81.9194
vt -668.218 81.9194
vt 667.551 78.9989
vt 668.218 71.2913
vt 668.218 72.9345
vt -349.005 15.1825
vt -350.24 23.7346
vt -350.497 24.0427
vt 668.216 228.869
vt 667.549 229.129
vt 667.549 228.869
vt 347.792 12.6104
vt 347.952 11.897
vt 347.899 12.7969
vt -667.55 185.236
vt -668.217 185.02
vt -667.55 185.02
vt -347.952 11.897
vt -347.792 12.6104
vt -347.899 12.7969
vt 682.209 326.28
vt 682.876 326.549
vt 682.209 326.549
vt 336.452 13.4951
vt 336.579 12.9511
vt 336.78 13.5519
vt -682.173 337.095
vt -682.839 337.428
vt -682.839 337.095
vt -336.579 12.9511
vt -336.78 13.5519
vt -336.843 12.997
vt -323.685 -218.423
vt -323.352 -216.404
vt -323.905 -216.466
vt -350.24 23.7346
vt -349.943 24.1009
vt -350.275 24.0661
vt 681.395 62.3954
vt 682.03 62.5606
vt 681.421 62.402
vt -350.275 24.0661
vt -349.947 24.1353
vt -350.276 24.0798
vt -350.497 24.0427
vt -350.275 24.0661
vt -350.276 24.0798
vt 343.724 -35.0026
vt 343.929 -36.2367
vt 344.055 -35.0376
vt -350.497 24.0427
vt -350.24 23.7346
vt -350.275 24.0661
vt -348.116 12.0983
vt -348.13 13.3989
vt -348.263 12.3121
vt -348.393 12.5369
vt -348.732 13.5621
vt -348.505 12.7713
vt 667.55 185.258
vt 668.217 184.998
vt 668.217 185.258
vt -668.218 60.5987
vt -667.554 60.6332
vt -668.218 60.6332
vt -668.218 60.6332
vt -667.554 60.6332
vt -668.218 60.5987
vt -349.947 24.1353
vt -350.275 24.0661
vt -349.943 24.1009
vt -668.218 71.2566
vt -667.551 81.9194
vt -667.554 81.9194
vt 667.571 -341.049
vt 668.234 -341.383
vt 668.234 -341.049
vt 668.234 -341.049
vt 668.234 -341.383
vt 667.571 -341.049
vt 667.551 78.9989
vt 668.218 71.2456
vt 668.218 71.2913
vt 667.551 78.9989
vt 668.218 72.9345
vt 668.218 81.9194
vt 667.549 229.129
vt 668.216 228.869
vt 668.216 229.129
vt 347.992 12.9912
vt 347.952 11.897
vt 348.116 12.0983
vt 347.899 12.7969
vt 347.952 11.897
vt 347.992 12.9912
vt -668.217 185.02
vt -667.55 185.236
vt -668.217 185.236
vt -347.952 11.897
vt -347.899 12.7969
vt -347.992 12.9912
vt 682.87 334.136
vt 682.203 333.867
vt 682.87 333.867
vt 336.78 13.5519
vt 336.579 12.9511
vt 336.843 12.997
vt -682.839 337.428
vt -682.173 337.095
vt -682.173 337.428
vt -336.843 12.997
vt -336.78 13.5519
vt -337.112 13.571
vt 323.473 -218.315
vt 323.343 -216.488
vt 323.141 -218.278
vt -297.951 -387.956
vt -298.249 -389.981
vt -297.697 -389.91
vt 668.244 -345.45
vt 668.244 -346.006
vt 668.244 -345.783
vt 668.244 -345.783
vt 668.244 -346.006
vt 668.244 -345.45
vt 681.421 62.402
vt 682.03 62.5606
vt 681.419 62.4212
vt 681.421 62.402
vt 680.775 64.0877
vt 681.395 62.3954
vt 667.571 -341.049
vt 668.234 -341.606
vt 668.234 -341.383
vt 668.234 -341.383
vt 668.234 -341.606
vt 667.571 -341.049
vt -348.116 12.0983
vt -348.069 13.1923
vt -348.13 13.3989
vt 667.55 207.848
vt 668.216 207.588
vt 668.216 207.848
vt -348.505 12.7713
vt -348.732 13.5621
vt -348.598 13.0138
vt 667.55 161.501
vt 668.217 161.241
vt 668.217 161.501
vt 668.217 184.998
vt 667.55 185.258
vt 667.55 184.998
vt 668.217 161.241
vt 667.55 161.501
vt 667.55 161.241
vt -667.554 60.6332
vt -668.218 60.5987
vt -667.551 60.5987
vt -667.551 60.5987
vt -668.218 60.5987
vt -667.554 60.6332
vt -667.551 81.9194
vt -668.218 71.2566
vt -667.551 71.2566
vt 667.568 -341.049
vt 668.234 -341.606
vt 667.571 -341.049
vt 667.571 -341.049
vt 668.234 -341.606
vt 667.568 -341.049
vt 356.196 83.0384
vt 356.746 82.9455
vt 356.399 84.9627
vt 668.218 71.2456
vt 667.551 78.9989
vt 667.551 71.2456
vt -348.671 13.2629
vt -348.732 13.5621
vt -348.724 13.517
vt 667.551 78.9989
vt 668.218 81.9194
vt 667.551 81.9194
vt -347.952 11.897
vt -347.992 12.9912
vt -348.116 12.0983
vt 668.216 207.588
vt 667.55 207.848
vt 667.55 207.588
vt 347.992 12.9912
vt 348.116 12.0983
vt 348.069 13.1923
vt -667.55 161.478
vt -668.217 161.263
vt -667.55 161.263
vt -668.217 161.263
vt -667.55 161.478
vt -668.217 161.478
vt 682.203 333.867
vt 682.87 334.136
vt 682.203 334.136
vt 336.78 13.5519
vt 336.843 12.997
vt 337.112 13.571
vt -679.702 342.157
vt -680.31 350.161
vt -680.369 342.162
vt -336.843 12.997
vt -337.112 13.571
vt -337.128 13.0133
vt 323.343 -216.488
vt 323.473 -218.315
vt 323.674 -216.525
vt 356.391 84.8789
vt 356.595 83.6448
vt 356.722 84.8439
vt 356.595 83.6448
vt 356.391 84.8789
vt 356.264 83.6798
vt -298.249 -389.981
vt -297.951 -387.956
vt -298.503 -388.028
vt -297.94 -388.04
vt -298.038 -389.869
vt -297.708 -389.826
vt 667.577 -345.45
vt 668.244 -346.006
vt 668.244 -345.45
vt 668.244 -345.45
vt 668.244 -346.006
vt 667.577 -345.45
vt 680.775 64.0877
vt 681.421 62.402
vt 681.419 62.4212
vt -348.116 12.0983
vt -347.992 12.9912
vt -348.069 13.1923
vt -668.218 110.852
vt -667.551 111.067
vt -668.218 111.067
vt -348.598 13.0138
vt -348.732 13.5621
vt -348.671 13.2629
vt 668.217 136.466
vt 667.551 136.726
vt 667.551 136.466
vt 349.947 24.1353
vt 348.263 12.3121
vt 348.393 12.5369
vt 349.947 24.1353
vt 348.393 12.5369
vt 348.505 12.7713
vt 356.746 82.9455
vt 356.196 83.0384
vt 356.193 83.0039
vt -668.218 84.5163
vt -667.551 84.7428
vt -668.218 84.7428
vt 348.176 13.6205
vt 348.263 12.3121
vt 349.947 24.1353
vt 668.234 -341.606
vt 667.568 -341.049
vt 667.568 -341.606
vt 667.568 -341.606
vt 667.568 -341.049
vt 668.234 -341.606
vt 356.399 84.9627
vt 356.746 82.9455
vt 356.953 84.9042
vt 349.947 24.1353
vt 348.724 13.517
vt 350.012 21.1627
vt 667.551 84.7538
vt 668.218 84.4942
vt 668.218 84.7538
vt 668.244 -346.006
vt 667.577 -345.45
vt 667.577 -346.006
vt 667.577 -346.006
vt 667.577 -345.45
vt 668.244 -346.006
vt 349.947 24.1353
vt 350.012 21.1627
vt 350.497 24.0427
vt 348.13 13.3989
vt 348.116 12.0983
vt 348.263 12.3121
vt 348.069 13.1923
vt 348.116 12.0983
vt 348.13 13.3989
vt -667.551 136.704
vt -668.217 136.488
vt -667.551 136.488
vt 682.839 337.412
vt 682.173 337.127
vt 682.839 337.127
vt 337.112 13.571
vt 336.843 12.997
vt 337.128 13.0133
vt -680.31 350.161
vt -679.702 342.157
vt -679.643 350.156
vt -337.128 13.0133
vt -337.112 13.571
vt -345.112 13.5713
vt 376.406 252.651
vt 376.276 254.478
vt 376.075 252.688
vt -259.376 -539.281
vt -259.598 -541.316
vt -259.049 -541.223
vt 680.775 64.0877
vt 681.419 62.4212
vt 680.786 64.1077
vt 679.724 65.5523
vt 680.786 64.1077
vt 679.728 65.5652
vt -298.038 -389.869
vt -297.94 -388.04
vt -298.271 -388.083
vt 668.339 62.4211
vt 668.231 61.2201
vt 668.218 60.5987
vt 376.276 254.478
vt 376.406 252.651
vt 376.607 254.441
vt -668.217 136.488
vt -667.551 136.704
vt -668.217 136.704
vt -667.551 111.067
vt -668.218 110.852
vt -667.551 110.852
vt -667.551 84.7428
vt -668.218 84.5163
vt -667.551 84.5163
vt 667.551 111.09
vt 668.218 110.83
vt 668.218 111.09
vt 667.551 136.726
vt 668.217 136.466
vt 668.217 136.726
vt 349.947 24.1353
vt 348.505 12.7713
vt 348.598 13.0138
vt 348.13 13.3989
vt 348.263 12.3121
vt 348.176 13.6205
vt 376.619 252.542
vt 376.286 254.562
vt 376.066 252.604
vt 349.947 24.1353
vt 348.671 13.2629
vt 348.724 13.517
vt 668.218 84.4942
vt 667.551 84.7538
vt 667.551 84.4942
vt 682.173 337.127
vt 682.839 337.412
vt 682.173 337.412
vt 337.112 13.571
vt 337.128 13.0133
vt 345.112 13.5713
vt 682.223 -298.028
vt 682.89 -298.287
vt 682.89 -298.028
vt -337.128 13.0133
vt -345.112 13.5713
vt -344.972 13.0136
vt -259.598 -541.316
vt -259.376 -539.281
vt -259.925 -539.374
vt -259.362 -539.364
vt -259.391 -541.196
vt -259.063 -541.14
vt 680.775 64.0877
vt 680.786 64.1077
vt 679.724 65.5523
vt 679.724 65.5523
vt 679.728 65.5652
vt 678.32 66.6821
vt 400.333 396.646
vt 400.235 398.476
vt 400.003 396.689
vt 668.218 110.83
vt 667.551 111.09
vt 667.551 110.83
vt 349.947 24.1353
vt 348.598 13.0138
vt 348.671 13.2629
vt 376.286 254.562
vt 376.619 252.542
vt 376.839 254.499
vt 680.311 350.022
vt 679.702 342.173
vt 680.369 342.178
vt 345.112 13.5713
vt 337.128 13.0133
vt 344.972 13.0136
vt 682.89 -298.287
vt 682.223 -298.028
vt 682.223 -298.287
vt -345.24 12.8513
vt -345.112 13.5713
vt -345.341 13.449
vt -344.972 13.0136
vt -345.112 13.5713
vt -345.058 12.9675
vt 400.235 398.476
vt 400.333 396.646
vt 400.565 398.433
vt -179.718 -664.698
vt -179.747 -666.745
vt -179.209 -666.601
vt 678.32 66.6821
vt 679.728 65.5652
vt 678.32 66.6884
vt -259.391 -541.196
vt -259.362 -539.364
vt -259.691 -539.42
vt 400.544 396.534
vt 400.246 398.559
vt 399.992 396.606
vt 679.702 342.173
vt 680.311 350.022
vt 679.644 350.017
vt 345.112 13.5713
vt 344.972 13.0136
vt 345.058 12.9675
vt 345.112 13.5713
vt 345.24 12.8513
vt 345.341 13.449
vt 682.223 -283.5
vt 682.889 -283.76
vt 682.889 -283.5
vt -345.058 12.9675
vt -345.112 13.5713
vt -345.24 12.8513
vt -345.24 12.8513
vt -345.341 13.449
vt -345.411 12.7211
vt -682.89 -298.265
vt -682.223 -298.167
vt -682.89 -298.167
vt 435.273 501.028
vt 434.645 499.307
vt 434.973 499.252
vt -179.747 -666.745
vt -179.718 -664.698
vt -180.256 -664.842
vt -179.464 -665.65
vt -179.553 -666.606
vt -179.231 -666.52
vt 678.32 66.6821
vt 678.32 66.6884
vt 676.665 67.3948
vt 400.246 398.559
vt 400.544 396.534
vt 400.798 398.487
vt -682.223 -298.167
vt -682.89 -298.265
vt -682.223 -298.265
vt 345.112 13.5713
vt 345.058 12.9675
vt 345.24 12.8513
vt 345.341 13.449
vt 345.24 12.8513
vt 345.411 12.7211
vt 682.889 -283.76
vt 682.223 -283.5
vt 682.223 -283.76
vt -345.411 12.7211
vt -345.341 13.449
vt -345.559 13.3089
vt -682.889 -283.738
vt -682.223 -283.523
vt -682.889 -283.523
vt -682.889 -267.422
vt -682.222 -267.206
vt -682.889 -267.206
vt 434.645 499.307
vt 435.273 501.028
vt 434.944 501.083
vt 135.006 -732.271
vt 135.783 -734.164
vt 136.221 -733.821
vt 676.665 67.3948
vt 678.32 66.6884
vt 676.664 67.3965
vt -179.553 -666.606
vt -179.464 -665.65
vt -179.786 -665.736
vt 435.507 501.074
vt 434.63 499.224
vt 435.179 499.132
vt -682.223 -283.523
vt -682.889 -283.738
vt -682.223 -283.738
vt -682.222 -267.206
vt -682.889 -267.422
vt -682.222 -267.422
vt 345.341 13.449
vt 345.411 12.7211
vt 345.559 13.3089
vt 682.222 -267.184
vt 682.889 -267.444
vt 682.889 -267.184
vt -345.411 12.7211
vt -345.559 13.3089
vt -345.572 12.5777
vt 500.733 533.143
vt 500.178 532.36
vt 500.5 532.273
vt 135.783 -734.164
vt 135.006 -732.271
vt 134.568 -732.614
vt 676.665 67.3948
vt 676.664 67.3965
vt 674.879 67.6383
vt 434.63 499.224
vt 435.507 501.074
vt 434.958 501.166
vt -682.888 -249.42
vt -682.221 -249.204
vt -682.888 -249.204
vt 345.559 13.3089
vt 345.411 12.7211
vt 345.572 12.5777
vt 682.889 -267.444
vt 682.222 -267.184
vt 682.222 -267.444
vt -345.572 12.5777
vt -345.559 13.3089
vt -345.766 13.1519
vt 500.178 532.36
vt 500.733 533.143
vt 500.411 533.23
vt 688.914 318.895
vt 690.567 320.102
vt 690.129 320.445
vt 501.204 534.037
vt 500.157 532.278
vt 500.694 532.134
vt -682.221 -249.204
vt -682.888 -249.42
vt -682.221 -249.42
vt 345.559 13.3089
vt 345.572 12.5777
vt 345.766 13.1519
vt 682.221 -249.182
vt 682.888 -249.442
vt 682.888 -249.182
vt -345.572 12.5777
vt -345.766 13.1519
vt -345.721 12.422
vt 690.567 320.102
vt 688.914 318.895
vt 689.352 318.551
vt 500.157 532.278
vt 501.204 534.037
vt 500.666 534.181
vt -682.888 -229.845
vt -682.221 -229.63
vt -682.888 -229.63
vt 345.766 13.1519
vt 345.572 12.5777
vt 345.721 12.422
vt 682.888 -249.442
vt 682.221 -249.182
vt 682.221 -249.442
vt -345.857 12.255
vt -345.766 13.1519
vt -345.96 12.979
vt -345.721 12.422
vt -345.766 13.1519
vt -345.857 12.255
vt -682.221 -229.63
vt -682.888 -229.845
vt -682.221 -229.846
vt 345.766 13.1519
vt 345.721 12.422
vt 345.857 12.255
vt 345.766 13.1519
vt 345.857 12.255
vt 345.96 12.979
vt 682.221 -229.608
vt 682.888 -229.868
vt 682.888 -229.608
vt -345.857 12.255
vt -345.96 12.979
vt -345.979 12.0778
vt -682.887 -208.822
vt -682.221 -208.607
vt -682.887 -208.607
vt -682.221 -208.607
vt -682.887 -208.822
vt -682.221 -208.822
vt 345.96 12.979
vt 345.857 12.255
vt 345.979 12.0778
vt 682.888 -229.868
vt 682.221 -229.608
vt 682.221 -229.868
vt -345.979 12.0778
vt -345.96 12.979
vt -346.139 12.7913
vt -682.887 -186.483
vt -682.22 -186.268
vt -682.887 -186.268
vt -682.22 -186.268
vt -682.887 -186.483
vt -682.22 -186.483
vt 345.96 12.979
vt 345.979 12.0778
vt 346.139 12.7913
vt 682.221 -208.585
vt 682.887 -208.844
vt 682.887 -208.585
vt -345.979 12.0778
vt -346.139 12.7913
vt -346.087 11.8914
vt -682.887 -162.968
vt -682.22 -162.753
vt -682.887 -162.753
vt 346.139 12.7913
vt 345.979 12.0778
vt 346.087 11.8914
vt 682.887 -208.844
vt 682.221 -208.585
vt 682.221 -208.845
vt -346.179 11.697
vt -346.139 12.7913
vt -346.303 12.5899
vt -346.087 11.8914
vt -346.139 12.7913
vt -346.179 11.697
vt -682.22 -162.753
vt -682.887 -162.968
vt -682.22 -162.968
vt 346.139 12.7913
vt 346.087 11.8914
vt 346.179 11.697
vt 346.139 12.7913
vt 346.179 11.697
vt 346.303 12.5899
vt 682.22 -186.245
vt 682.887 -186.505
vt 682.887 -186.245
vt -346.179 11.697
vt -346.303 12.5899
vt -346.256 11.4959
vt -682.886 -138.426
vt -682.22 -138.211
vt -682.886 -138.211
vt -682.22 -138.211
vt -682.886 -138.426
vt -682.22 -138.426
vt 346.303 12.5899
vt 346.179 11.697
vt 346.256 11.4959
vt 682.887 -186.505
vt 682.22 -186.245
vt 682.22 -186.505
vt -346.317 11.2893
vt -346.303 12.5899
vt -346.45 12.3761
vt -346.256 11.4959
vt -346.303 12.5899
vt -346.317 11.2893
vt -682.886 -113.012
vt -682.219 -112.797
vt -682.886 -112.797
vt -682.219 -112.797
vt -682.886 -113.012
vt -682.219 -113.012
vt 346.303 12.5899
vt 346.256 11.4959
vt 346.317 11.2893
vt 346.303 12.5899
vt 346.317 11.2893
vt 346.45 12.3761
vt 682.22 -162.731
vt 682.887 -162.99
vt 682.887 -162.731
vt -346.317 11.2893
vt -346.45 12.3761
vt -346.363 11.0677
vt -682.886 -86.8864
vt -682.219 -86.671
vt -682.886 -86.671
vt -682.219 -86.671
vt -682.886 -86.8864
vt -682.219 -86.8864
vt 346.45 12.3761
vt 346.317 11.2893
vt 346.363 11.0677
vt 682.887 -162.99
vt 682.22 -162.731
vt 682.22 -162.99
vt -348.135 0.553091
vt -346.45 12.3761
vt -346.58 12.1514
vt -346.363 11.0677
vt -346.45 12.3761
vt -348.135 0.553091
vt -682.886 -60.2241
vt -682.219 -59.9977
vt -682.886 -59.9977
vt -682.219 -59.9977
vt -682.886 -60.2241
vt -682.219 -60.2241
vt 346.45 12.3761
vt 346.363 11.0677
vt 348.135 0.553091
vt 346.45 12.3761
vt 348.135 0.553091
vt 346.58 12.1514
vt 682.22 -138.189
vt 682.886 -138.449
vt 682.886 -138.189
vt -348.135 0.553091
vt -346.58 12.1514
vt -346.692 11.917
vt -682.886 -57.2898
vt -682.219 -46.627
vt -682.885 -46.627
vt -682.219 -46.627
vt -682.886 -57.2898
vt -682.219 -57.2898
vt 346.58 12.1514
vt 348.135 0.553091
vt 346.692 11.917
vt 682.886 -138.449
vt 682.22 -138.189
vt 682.22 -138.449
vt -348.135 0.553091
vt -346.692 11.917
vt -346.785 11.6745
vt -682.885 -0.013192
vt -682.218 0.544461
vt -682.885 0.544466
vt 346.692 11.917
vt 348.135 0.553091
vt 346.785 11.6745
vt 682.219 -112.775
vt 682.886 -113.035
vt 682.886 -112.775
vt -348.135 0.553091
vt -346.785 11.6745
vt -346.858 11.4254
vt -682.218 0.544461
vt -682.885 -0.013192
vt -682.218 -0.013197
vt -348.135 0.553091
vt -348.794 -0.00454
vt -348.135 -0.004566
vt 346.785 11.6745
vt 348.135 0.553091
vt 346.858 11.4254
vt 682.886 -113.035
vt 682.219 -112.775
vt 682.219 -113.035
vt 682.219 -86.6489
vt 682.886 -86.9085
vt 682.886 -86.6489
vt -348.135 0.553091
vt -346.858 11.4254
vt -346.911 11.1713
vt 680.283 353.844
vt 679.621 353.179
vt 680.287 353.184
vt 680.287 353.184
vt 679.621 353.179
vt 680.283 353.844
vt 348.794 -0.00454
vt 348.135 0.553091
vt 348.135 -0.004566
vt -348.135 0.553091
vt -346.911 11.1713
vt -348.794 -0.00454
vt 346.858 11.4254
vt 348.135 0.553091
vt 346.911 11.1713
vt 682.886 -86.9085
vt 682.219 -86.6489
vt 682.219 -86.9085
vt 682.219 -59.9755
vt 682.886 -60.2352
vt 682.886 -59.9755
vt 679.621 353.179
vt 680.283 353.844
vt 679.616 353.839
vt 679.616 353.839
vt 680.283 353.844
vt 679.621 353.179
vt 346.911 11.1713
vt 348.135 0.553091
vt 348.794 -0.00454
vt 682.219 -46.6159
vt 682.886 -57.9492
vt 682.885 -46.6159
vt 682.886 -60.2352
vt 682.219 -59.9755
vt 682.219 -60.2352
vt 682.886 -57.9492
vt 682.219 -46.6159
vt 682.219 -57.9492
vt 0 0
vt 0 0
vt 0 0
vt 0 0
vt 0 0
vt 0 0
vt 0 0
vt 0 0
vt 0 0
vt 0 0
vt 0 0
vt 0 0
vt 0 0
vt 0 0
vt 0 0
vt 0 0
vt 0 0
vt 0 0
vt 0 0
vt 0 0
vt 0 0
vt 0 0
vt 0 0
vt 0 0
vt 0 0
vt 0 0
vt 0 0
vt 0 0
vt 0 0
vt 0 0
vt 0 0
vt 0 0
vt 0 0
vt 0 0
vt 0 0
vt 0 0
vt 0 0
vt 0 0
vt 0 0
vt 0 0
vt 0 0
vt 0 0
vt 0 0
vt 0 0
vt 0 0
vt 0 0
vt 0 0
vt 0 0
vt 0 0
vt 0 0
vt 0 0
vt 0 0
vt 0 0
vt 0 0
vt 0 0
vt 0 0
vt 0 0
vt 0 0
vt 0 0
vt 0 0
vt 0 0
vt 0 0
vt 0 0
vt 0 0
vt 0 0
vt 0 0
vt 0 0
vt 0 0
vt 0 0
vt 0 0
vt 0 0
vt 0 0
vt 0 0
vt 0 0
vt 0 0
vt 0 0
vt 0 0
vt 0 0
vt 0 0
vt 0 0
vt 0 0
vt 0 0
vt 0 0
vt 0 0
vt 0 0
vt 0 0
vt 0 0
vt 0 0
vt 0 0
vt 0 0
vt 0 0
vt 0 0
vt 0 0
vt 0 0
vt 0 0
vt 0 0
vt 0 0
vt 0 0
vt 0 0
vt 0 0
vt 0 0
vt 0 0
vt 0 0
vt 0 0
vt 0 0
vt 0 0
vt 0 0
vt 0 0
vt 0 0
vt 0 0
vt 0 0
vt 0 0
vt 0 0
vt 0 0
vt 0 0
vt 0 0
vt 0 0
vt 0 0
vt 0 0
vt 0 0
vt 0 0
vt 0 0
vt 0 0
vt 0 0
vt 0 0
vt 0 0
vt 0 0
vt 0 0
vt 0 0
vt 0 0
vt 0 0
vt 0 0
vt 0 0
vt 0 0
vt 0 0
vt 0 0
vt 0 0
vt 0 0
vt 0 0
vt 0 0
vt 0 0
vt 0 0
vt 0 0
vt 0 0
vt 0 0
vt 0 0
vt 0 0
vt 0 0
vt 0 0
vt 0 0
vt 0 0
vt 0 0
vt 0 0
vt 0 0
vt 0 0
vt 0 0
vt 0 0
vt 0 0
vt 0 0
vt 0 0
vt 0 0
vt 0 0
vt 0 0
vt 0 0
vt 0 0
vt 0 0
vt 0 0
vt 0 0
vt 0 0
vt 0 0
vt 0 0
vt 0 0
vt 0 0
vt 0 0
vt 0 0
vt 0 0
vt 0 0
vt 0 0
vt 0 0
vt 0 0
vt 0 0
vt 0 0
vt 0 0
vt 0 0
vt 0 0
vt 0 0
vt 0 0
vt 0 0
vt 0 0
vt 0 0
vt 0 0
vt 0 0
vt 0 0
vt 0 0
vt 0 0
vt 0 0
vt 0 0
vt 0 0
vt 0 0
vt 0 0
vt 0 0
vt 0 0
vt 0 0
vt 0 0
vt 0 0
vt 0 0
vt 0 0
vt 0 0
vt 0 0
vt 0 0
vt 0 0
vt 0 0
vt 0 0
vt 0 0
vt 0 0
vt 0 0
vt 0 0
vt 0 0
vt 0 0
vt 0 0
vt 0 0
vt 0 0
vt 0 0
vt 0 0
vt 0 0
vt 0 0
vt 0 0
vt 0 0
vt 0 0
vt 0 0
vt 0 0
vt 0 0
vt 0 0
vt 0 0
vt 0 0
vt 0 0
vt 0 0
vt 0 0
vt 0 0
vt 0 0
vt 0 0
vt 0 0
vt 0 0
vt 0 0
vt 0 0
vt 0 0
vt 0 0
vt 0 0
vt 0 0
vt 0 0
vt 0 0
vt 0 0
vt 0 0
vt 0 0
vt 0 0
vt 0 0
vt 0 0
vt 0 0
vt 0 0
vt 0 0
vt 0 0
vt 0 0
vt 0 0
vt 0 0
vt 0 0
vt 0 0
vt 0 0
vt 0 0
vt 0 0
vt 0 0
vt 0 0
vt 0 0
vt 0 0
vt 0 0
vt 0 0
vt 0 0
vt 0 0
vt 0 0
vt 0 0
vt 0 0
vt 0 0
vt 0 0
vt 0 0
vt 0 0
vt 0 0
vt 0 0
vt 0 0
vt 0 0
vt 0 0
vt 0 0
vt 0 0
vt 0 0
vt 0 0
vt 0 0
vt 0 0
vt 0 0
vt 0 0
vt 0 0
vt 0 0
vt 0 0
vt 0 0
vt 0 0
vt 0 0
vt 0 0
vt 0 0
vt 0 0
vt 0 0
vt 0 0
vt 0 0
vt 0 0
vt 0 0
vt 0 0
vt 0 0
vt 0 0
vt 0 0
vt 0 0
vt 0 0
vt 0 0
vt 0 0
vt 0 0
vt 0 0
vt 0 0
vt 0 0
vt 0 0
vt 0 0
vt 0 0
vt 0 0
vt 0 0
vt 0 0
vt 0 0
vt 0 0
vt 0 0
vt 0 0
vt 0 0
vt 0 0
vt 0 0
vt 0 0
vt 0 0
vt 0 0
vt 0 0
vt 0 0
vt 0 0
vt 0 0
vt 0 0
vt 0 0
vt 0 0
vt 0 0
vt 0 0
vt 0 0
vt 0 0
vt 0 0
vt 0 0
vt 0 0
vt 0 0
vt 0 0
vt 0 0
vt 0 0
vt 0 0
vt 0 0
vt 0 0
vt 0 0
vt 0 0
vt 0 0
vt 0 0
vt 0 0
vt 0 0
vt 0 0
vt 0 0
vt 0 0
vt 0 0
vt 0 0
vt 0 0
vt 0 0
vt 0 0
vt 0 0
vt 0 0
vt 0 0
vt 0 0
vt 0 0
vt 0 0
vt 0 0
vt 0 0
vt 0 0
vt 0 0
vt 0 0
vt 0 0
vt 0 0
vt 0 0
vt 0 0
vt 0 0
vt 0 0
vt 0 0
vt 0 0
vt 0 0
vt 0 0
vt 0 0
vt 0 0
vt 0 0
vt 0 0
vt 0 0
vt 0 0
vt 0 0
vt 0 0
vt 0 0
vt 0 0
vt 0 0
vt 0 0
vt 0 0
vt 0 0
vt 0 0
vt 0 0
vt 0 0
vt 0 0
vt 0 0
vt 0 0
vt 0 0
vt 0 0
vt 0 0
vt 0 0
vt 0 0
vt 0 0
vt 0 0
vt 0 0
vt 0 0
vt 0 0
vt 0 0
vt 0 0
vt 0 0
vt 0 0
vt 0 0
vt 0 0
vt 0 0
vt 0 0
vt 0 0
vt 0 0
vt 0 0
vt 0 0
vt 0 0
vt 0 0
vt 0 0
vt 0 0
vt 0 0
vt 0 0
vt 0 0
vt 0 0
vt 0 0
vt 0 0
vt 0 0
vt 0 0
vt 0 0
vt 0 0
vt 0 0
vt 0 0
vt 0 0
vt 0 0
vt 0 0
vt 0 0
vt 0 0
vt 0 0
vt 0 0
vt 0 0
vt 0 0
vt 0 0
vt 0 0
vt 0 0
vt 0 0
vt 0 0
vt 0 0
vt 0 0
vt 0 0
vt 0 0
vt 0 0
vt 0 0
vt 0 0
vt 0 0
vt 0 0
vt 0 0
vt 0 0
vt 0 0
vt 0 0
vt 0 0
vt 0 0
vt 0 0
vt 0 0
vt 0 0
vt 0 0
vt 0 0
vt 0 0
vt 0 0
vt 0 0
vt 0 0
vt 0 0
vt 0 0
vt 0 0
vt 0 0
vt 0 0
vt 0 0
vt 0 0
vt 0 0
vt 0 0
vt 0 0
vt 0 0
vt 0 0
vt 0 0
vt 0 0
vt 0 0
vt 0 0
vt 0 0
vt 0 0
vt 0 0
vt 0 0
vt 0 0
vt 0 0
vt 0 0
vt 0 0
vt 0 0
vt 0 0
vt 0 0
vt 0 0
vt 0 0
vt 0 0
vt 0 0
vt 0 0
vt 0 0
vt 0 0
vt 0 0
vt 0 0
vt 0 0
vt 0 0
vt 0 0
vt 0 0
vt 0 0
vt 0 0
vt 0 0
vt 0 0
vt 0 0
vt 0 0
vt 0 0
vt 0 0
vt 0 0
vt 0 0
vt 0 0
vt 0 0
vt 0 0
vt 0 0
vt 0 0
vt 0 0
vt 0 0
vt 0 0
vt 0 0
vt 0 0
vt 0 0
vt 0 0
vt 0 0
vt 0 0
vt 0 0
vt 0 0
vt 0 0
vt 0 0
vt 0 0
vt 0 0
vt 0 0
vt 0 0
vt 0 0
vt 0 0
vt 0 0
vt 0 0
vt 0 0
vt 0 0
vt 0 0
vt 0 0
vt 0 0
vt 0 0
vt 0 0
vt 0 0
vt 0 0
vt 0 0
vt 0 0
vt 0 0
vt 0 0
vt 0 0
vt 0 0
vt 0 0
vt 0 0
vt 0 0
vt 0 0
vt 0 0
vt 0 0
vt 0 0
vt 0 0
vt 0 0
vt 0 0
vt 0 0
vt 0 0
vt 0 0
vt 0 0
vt 0 0
vt 0 0
vt 0 0
vt 0 0
vt 0 0
vt 0 0
vt 0 0
vt 0 0
vt 0 0
vt 0 0
vt 0 0
vt 0 0
vt 0 0
vt 0 0
vt 0 0
vt 0 0
vt 0 0
vt 0 0
vt 0 0
vt 0 0
vt 0 0
vt 0 0
vt 0 0
vt 0 0
vt 0 0
vt 0 0
vt 0 0
vt 0 0
vt 0 0
vt 0 0
vt 0 0
vt 0 0
vt 0 0
vt 0 0
vt 0 0
vt 0 0
vt 0 0
vt 0 0
vt 0 0
vt 0 0
vt 0 0
vt 0 0
vt 0 0
vt 0 0
vt 0 0
vt 0 0
vt 0 0
vt 0 0
vt 0 0
vt 0 0
vt 0 0
vt 0 0
vt 0 0
vt 0 0
vt 0 0
vt 0 0
vt 0 0
vt 0 0
vt 0 0
vt 0 0
vt 0 0
vt 0 0
vt 0 0
vt 0 0
vt 0 0
vt 0 0
vt 0 0
vt 0 0
vt 0 0
vt 0 0
vt 0 0
vt 0 0
vt 0 0
vt 0 0
vt 0 0
vt 0 0
vt 0 0
vt 0 0
vt 0 0
vt 0 0
vt 0 0
vt 0 0
vt 0 0
vt 0 0
vt 0 0
vt 0 0
vt 0 0
vt 0 0
vt 0 0
vt 0 0
vt 0 0
vt 0 0
vt 0 0
vt 0 0
vt 0 0
vt 0 0
vt 0 0
vt 0 0
vt 0 0
vt 0 0
vt 0 0
vt 0 0
vt 0 0
vt 0 0
vt 0 0
vt 0 0
vt 0 0
vt 0 0
vt 0 0
vt 0 0
vt 0 0
vt 0 0
vt 0 0
vt 0 0
vt 0 0
vt 0 0
vt 0 0
vt 0 0
vt 0 0
vt 0 0
vt 0 0
vt 0 0
vt 0 0
vt 0 0
vt 0 0
vt 0 0
vt 0 0
vt 0 0
vt 0 0
vt 0 0
vt 0 0
vt 0 0
vt 0 0
vt 0 0
vt 0 0
vt 0 0
vt 0 0
vt 0 0
vt 0 0
vt 0 0
vt 0 0
vt 0 0
vt 0 0
vt 0 0
vt 0 0
vt 0 0
vt 0 0
vt 0 0
vt 0 0
vt 0 0
vt 0 0
vt 0 0
vt 0 0
vt 0 0
vt 0 0
vt 0 0
vt 0 0
vt 0 0
vt 0 0
vt 0 0
vt 0 0
vt 0 0
vt 0 0
vt 0 0
vt 0 0
vt 0 0
vt 0 0
vt 0 0
vt 0 0
vt 0 0
vt 0 0
vt 0 0
vt 0 0
vt 0 0
vt 0 0
vt 0 0
vt 0 0
vt 0 0
vt 0 0
vt 0 0
vt 0 0
vt 0 0
vt 0 0
vt 0 0
vt 0 0
vt 0 0
vt 0 0
vt 0 0
vt 0 0
vt 0 0
vt 0 0
vt 0 0
vt 0 0
vt 0 0
vt 0 0
vt 0 0
vt 0 0
vt 0 0
vt 0 0
vt 0 0
vt 0 0
vt 0 0
vt 0 0
vt 0 0
vt 0 0
vt 0 0
vt 0 0
vt 0 0
vt 0 0
vt 0 0
vt 0 0
vt 0 0
vt 0 0
vt 0 0
vt 0 0
vt 0 0
vt 0 0
vt 0 0
vt 0 0
vt 0 0
vt 0 0
vt 0 0
vt 0 0
vt 0 0
vt 0 0
vt 0 0
vt 0 0
vt 0 0
vt 0 0
vt 0 0
vt 0 0
vt 0 0
vt 0 0
vt 0 0
vt 0 0
vt 0 0
vt 0 0
vt 0 0
vt 0 0
vt 0 0
vt 0 0
vt 0 0
vt 0 0
vt 0 0
vt 0 0
vt 0 0
vt 0 0
vt 0 0
vt 0 0
vt 0 0
vt 0 0
vt 0 0
vt 0 0
vt 0 0
vt 0 0
vt 0 0
vt 0 0
vt 0 0
vt 0 0
vt 0 0
vt 0 0
vt 0 0
vt 0 0
vt 0 0
vt 0 0
vt 0 0
vt 0 0
vt 0 0
vt 0 0
vt 0 0
vt 0 0
vt 0 0
vt 0 0
vt 0 0
vt 0 0
vt 0 0
vt 0 0
vt 0 0
vt 0 0
vt 0 0
vt 0 0
vt 0 0
vt 0 0
vt 0 0
vt 0 0
vt 0 0
vt 0 0
vt 0 0
vt 0 0
vt 0 0
vt 0 0
vt 0 0
vt 0 0
vt 0 0
vt 0 0
vt 0 0
vt 0 0
vt 0 0
vt 0 0
vt 0 0
vt 0 0
vt 0 0
vt 0 0
vt 0 0
vt 0 0
vt 0 0
vt 0 0
vt 0 0
vt 0 0
vt 0 0
vt 0 0
vt 0 0
vt 0 0
vt 0 0
vt 0 0
vt 0 0
vt 0 0
vt 0 0
vt 0 0
vt 0 0
vt 0 0
vt 0 0
vt 0 0
vt 0 0
vt 0 0
vt 0 0
vt 0 0
vt 0 0
vt 0 0
vt 0 0
vt 0 0
vt 0 0
vt 0 0
vt 0 0
vt 0 0
vt 0 0
vt 0 0
vt 0 0
vt 0 0
vt 0 0
vt 0 0
vt 0 0
vt 0 0
vt 0 0
vt 0 0
vt 0 0
vt 0 0
vt 0 0
vt 0 0
vt 0 0
vt 0 0
vt 0 0
vt 0 0
vt 0 0
vt 0 0
vt 0 0
vt 0 0
vt 0 0
vt 0 0
vt 0 0
vt 0 0
vt 0 0
vt 0 0
vt 0 0
vt 0 0
vt 0 0
vt 0 0
vt 0 0
vt 0 0
vt 0 0
vt 0 0
vt 0 0
vt 0 0
vt 0 0
vt 0 0
vt 0 0
vt 0 0
vt 0 0
vt 0 0
vt 0 0
vt 0 0
vt 0 0
vt 0 0
vt 0 0
vt 0 0
vt 0 0
vt 0 0
vt 0 0
vt 0 0
vt 0 0
vt 0 0
vt 0 0
vt 0 0
vt 0 0
vt 0 0
vt 0 0
vt 0 0
vt 0 0
vt 0 0
vt 0 0
vt 0 0
vt 0 0
vt 0 0
vt 0 0
vt 0 0
vt 0 0
vt 0 0
vt 0 0
vt 0 0
vt 0 0
vt 0 0
vt 0 0
vt 0 0
vt 0 0
vt 0 0
vt 0 0
vt 0 0
vt 0 0
vt 0 0
vt 0 0
vt 0 0
vt 0 0
vt 0 0
vt 0 0
vt 0 0
vt 0 0
vt 0 0
vt 0 0
vt 0 0
vt 0 0
vt 0 0
vt 0 0
vt 0 0
vt 0 0
vt 0 0
vt 0 0
vt 0 0
vt 0 0
vt 0 0
vt 0 0
vt 0 0
vt 0 0
vt 0 0
vt 0 0
vt 0 0
vt 0 0
vt 0 0
vt 0 0
vt 0 0
vt 0 0
vt 0 0
vt 0 0
vt 0 0
vt 0 0
vt 0 0
vt 0 0
vt 0 0
vt 0 0
vt 0 0
vt 0 0
vt 0 0
vt 0 0
vt 0 0
vt 0 0
vt 0 0
vt 0 0
vt 0 0
vt 0 0
vt 0 0
vt 0 0
vt 0 0
vt 0 0
vt 0 0
vt 0 0
vt 0 0
vt 0 0
vt 0 0
vt 0 0
vt 0 0
vt 0 0
vt 0 0
vt 0 0
vt 0 0
vt 0 0
vt 0 0
vt 0 0
vt 0 0
vt 0 0
vt 0 0
vt 0 0
vt 0 0
vt 0 0
vt 0 0
vt 0 0
vt 0 0
vt 0 0
vt 0 0
vt 0 0
vt 0 0
vt 0 0
vt 0 0
vt 0 0
vt 0 0
vt 0 0
vt 0 0
vt 0 0
vt 0 0
vt 0 0
vt 0 0
vt 0 0
vt 0 0
vt 0 0
vt 0 0
vt 0 0
vt 0 0
vt 0 0
vt 0 0
vt 0 0
vt 0 0
vt 0 0
vt 0 0
vt 0 0
vt 0 0
vt 0 0
vt 0 0
vt 0 0
vt 0 0
vt 0 0
vt 0 0
vt 0 0
vt 0 0
vt 0 0
vt 0 0
vt 0 0
vt 0 0
vt 0 0
vt 0 0
vt 0 0
vt 0 0
vt 0 0
vt 0 0
vt 0 0
vt 0 0
vt 0 0
vt 0 0
vt 0 0
vt 0 0
vt 0 0
vt 0 0
vt 0 0
vt 0 0
vt 0 0
vt 0 0
vt 0 0
vt 0 0
vt 0 0
vt 0 0
vt 0 0
vt 0 0
vt 0 0
vt 0 0
vt 0 0
vt 0 0
vt 0 0
vt 0 0
vt 0 0
vt 0 0
vt 0 0
vt 0 0
vt 0 0
vt 0 0
vt 0 0
vt 0 0
vt 0 0
vt 0 0
vt 0 0
vt 0 0
vt 0 0
vt 0 0
vt 0 0
vt 0 0
vt 0 0
vt 0 0
vt 0 0
vt 0 0
vt 0 0
vt 0 0
vt 0 0
vt 0 0
vt 0 0
vt 0 0
vt 0 0
vt 0 0
vt 0 0
vt 0 0
vt 0 0
vt 0 0
vt 0 0
vt 0 0
vt 0 0
vt 0 0
vt 0 0
vt 0 0
vt 0 0
vt 0 0
vt 0 0
vt 0 0
vt 0 0
vt 0 0
vt 0 0
vt 0 0
vt 0 0
vt 0 0
vt 0 0
vt 0 0
vt 0 0
vt 0 0
vt 0 0
vt 0 0
vt 0 0
vt 0 0
vt 0 0
vt 0 0
vt 0 0
vt 0 0
vt 0 0
vt 0 0
vt 0 0
vt 0 0
vt 0 0
vt 0 0
vt 0 0
vt 0 0
vt 0 0
vt 0 0
vt 0 0
vt 0 0
vt 0 0
vt 0 0
vt 0 0
vt 0 0
vt 0 0
vt 0 0
vt 0 0
vt 0 0
vt 0 0
vt 0 0
vt 0 0
vt 0 0
vt 0 0
vt 0 0
vt 0 0
vt 0 0
vt 0 0
vt 0 0
vt 0 0
vt 0 0
vt 0 0
vt 0 0
vt 0 0
vt 0 0
vt 0 0
vt 0 0
vt 0 0
vt 0 0
vt 0 0
vt 0 0
vt 0 0
vt 0 0
vt 0 0
vt 0 0
vt 0 0
vt 0 0
vt 0 0
vt 0 0
vt 0 0
vt 0 0
vt 0 0
vt 0 0
vt 0 0
vt 0 0
vt 0 0
vt 0 0
vt 0 0
vt 0 0
vt 0 0
vt 0 0
vt 0 0
vt 0 0
vt 0 0
vt 0 0
vt 0 0
vt 0 0
vt 0 0
vt 0 0
vt 0 0
vt 0 0
vt 0 0
vt 0 0
vt 0 0
vt 0 0
vt 0 0
vt 0 0
vt 0 0
vt 0 0
vt 0 0
vt 0 0
vt 0 0
vt 0 0
vt 0 0
vt 0 0
vt 0 0
vt 0 0
vt 0 0
vt 0 0
vt 0 0
vt 0 0
vt 0 0
vt 0 0
vt 0 0
vt 0 0
vt 0 0
vt 0 0
vt 0 0
vt 0 0
vt 0 0
vt 0 0
vt 0 0
vt 0 0
vt 0 0
vt 0 0
vt 0 0
vt 0 0
vt 0 0
vt 0 0
vt 0 0
vt 0 0
vt 0 0
vt 0 0
vt 0 0
vt 0 0
vt 0 0
vt 0 0
vt 0 0
vt 0 0
vt 0 0
vt 0 0
vt 0 0
vt 0 0
vt 0 0
vt 0 0
vt 0 0
vt 0 0
vt 0 0
vt 0 0
vt 0 0
vt 0 0
vt 0 0
vt 0 0
vt 0 0
vt 0 0
vt 0 0
vt 0 0
vt 0 0
vt 0 0
vt 0 0
vt 0 0
vt 0 0
vt 0 0
vt 0 0
vt 0 0
vt 0 0
vt 0 0
vt 0 0
vt 0 0
vt 0 0
vt 0 0
vt 0 0
vt 0 0
vt 0 0
vt 0 0
vt 0 0
vt 0 0
vt 0 0
vt 0 0
vt 0 0
vt 0 0
vt 0 0
vt 0 0
vt 0 0
vt 0 0
vt 0 0
vt 0 0
vt 0 0
vt 0 0
vt 0 0
vt 0 0
vt 0 0
vt 0 0
vt 0 0
vt 0 0
vt 0 0
vt 0 0
vt 0 0
vt 0 0
vt 0 0
vt 0 0
vt 0 0
vt 0 0
vt 0 0
vt 0 0
vt 0 0
vt 0 0
vt 0 0
vt 0 0
vt 0 0
vt 0 0
vt 0 0
vt 0 0
vt 0 0
vt 0 0
vt 0 0
vt 0 0
vt 0 0
vt 0 0
vt 0 0
vt 0 0
vt 0 0
vt 0 0
vt 0 0
vt 0 0
vt 0 0
vt 0 0
vt 0 0
vt 0 0
vt 0 0
vt 0 0
vt 0 0
vt 0 0
vt 0 0
vt 0 0
vt 0 0
vt 0 0
vt 0 0
vt 0 0
vt 0 0
vt 0 0
vt 0 0
vt 0 0
vt 0 0
vt 0 0
vt 0 0
vt 0 0
vt 0 0
vt 0 0
vt 0 0
vt 0 0
vt 0 0
vt 0 0
vt 0 0
vt 0 0
vt 0 0
vt 0 0
vt 0 0
vt 0 0
vt 0 0
vt 0 0
vt 0 0
vt 0 0
vt 0 0
vt 0 0
vt 0 0
vt 0 0
vt 0 0
vt 0 0
vt 0 0
vt 0 0
vt 0 0
vt 0 0
vt 0 0
vt 0 0
vt 0 0
vt 0 0
vt 0 0
vt 0 0
vt 0 0
vt 0 0
vt 0 0
vt 0 0
vt 0 0
vt 0 0
vt 0 0
vt 0 0
vt 0 0
vt 0 0
vt 0 0
vt 0 0
vt 0 0
vt 0 0
vt 0 0
vt 0 0
vt 0 0
vt 0 0
vt 0 0
vt 0 0
vt 0 0
vt 0 0
vt 0 0
vt 0 0
vt 0 0
vt 0 0
vt 0 0
vt 0 0
vt 0 0
vt 0 0
vt 0 0
vt 0 0
vt 0 0
vt 0 0
vt 0 0
vt 0 0
vt 0 0
vt 0 0
vt 0 0
vt 0 0
vt 0 0
vt 0 0
vt 0 0
vt 0 0
vt 0 0
vt 0 0
vt 0 0
vt 0 0
vt 0 0
vt 0 0
vt 0 0
vt 0 0
vt 0 0
vt 0 0
vt 0 0
vt 0 0
vt 0 0
vt 0 0
vt 0 0
vt 0 0
vt 0 0
vt 0 0
vt 0 0
vt 0 0
vt 0 0
vt 0 0
vt 0 0
vt 0 0
vt 0 0
vt 0 0
vt 0 0
vt 0 0
vt 0 0
vt 0 0
vt 0 0
vt 0 0
vt 0 0
vt 0 0
vt 0 0
vt 0 0
vt 0 0
vt 0 0
vt 0 0
vt 0 0
vt 0 0
vt 0 0
vt 0 0
vt 0 0
vt 0 0
vt 0 0
vt 0 0
vt 0 0
vt 0 0
vt 0 0
vt 0 0
vt 0 0
vt 0 0
vt 0 0
vt 0 0
vt 0 0
vt 0 0
vt 0 0
vt 0 0
vt 0 0
vt 0 0
vt 0 0
vt 0 0
vt 0 0
vt 0 0
vt 0 0
vt 0 0
vt 0 0
vt 0 0
vt 0 0
vt 0 0
vt 0 0
vt 0 0
vt 0 0
vt 0 0
vt 0 0
vt 0 0
vt 0 0
vt 0 0
vt 0 0
vt 0 0
vt 0 0
vt 0 0
vt 0 0
vt 0 0
vt 0 0
vt 0 0
vt 0 0
vt 0 0
vt 0 0
vt 0 0
vt 0 0
vt 0 0
vt 0 0
vt 0 0
vt 0 0
vt 0 0
vt 0 0
vt 0 0
vt 0 0
vt 0 0
vt 0 0
vt 0 0
vt 0 0
vt 0 0
vt 0 0
vt 0 0
vt 0 0
vt 0 0
vt 0 0
vt 0 0
vt 0 0
vt 0 0
vt 0 0
vt 0 0
vt 0 0
vt 0 0
vt 0 0
vt 0 0
vt 0 0
vt 0 0
vt 0 0
vt 0 0
vt 0 0
vt 0 0
vt 0 0
vt 0 0
vt 0 0
vt 0 0
vt 0 0
vt 0 0
vt 0 0
vt 0 0
vt 0 0
vt 0 0
vt 0 0
vt 0 0
vt 0 0
vt 0 0
vt 0 0
vt 0 0
vt 0 0
vt 0 0
vt 0 0
vt 0 0
vt 0 0
vt 0 0
vt 0 0
vt 0 0
vt 0 0
vt 0 0
vt 0 0
vt 0 0
vt 0 0
vt 0 0
vt 0 0
vt 0 0
vt 0 0
vt 0 0
vt 0 0
vt 0 0
vt 0 0
vt 0 0
vt 0 0
vt 0 0
vt 0 0
vt 0 0
vt 0 0
vt 0 0
vt 0 0
vt 0 0
vt 0 0
vt 0 0
vt 0 0
vt 0 0
vt 0 0
vt 0 0
vt 0 0
vt 0 0
vt 0 0
vt 0 0
vt 0 0
vt 0 0
vt 0 0
vt 0 0
vt 0 0
vt 0 0
vt 0 0
vt 0 0
vt 0 0
vt 0 0
vt 0 0
vt 0 0
vt 0 0
vt 0 0
vt 0 0
vt 0 0
vt 0 0
vt 0 0
vt 0 0
vt 0 0
vt 0 0
vt 0 0
vt 0 0
vt 0 0
vt 0 0
vt 0 0
vt 0 0
vt 0 0
vt 0 0
vt 0 0
vt 0 0
vt 0 0
vt 0 0
vt 0 0
vt 0 0
vt 0 0
vt 0 0
vt 0 0
vt 0 0
vt 0 0
vt 0 0
vt 0 0
vt 0 0
vt 0 0
vt 0 0
vt 0 0
vt 0 0
vt 0 0
vt 0 0
vt 0 0
vt 0 0
vt 0 0
vt 0 0
vt 0 0
vt 0 0
vt 0 0
vt 0 0
vt 0 0
vt 0 0
vt 0 0
vt 0 0
vt 0 0
vt 0 0
vt 0 0
vt 0 0
vt 0 0
vt 0 0
vt 0 0
vt 0 0
vt 0 0
vt 0 0
vt 0 0
vt 0 0
vt 0 0
vt 0 0
vt 0 0
vt 0 0
vt 0 0
vt 0 0
vt 0 0
vt 0 0
vt 0 0
vt 0 0
vt 0 0
vt 0 0
vt 0 0
vt 0 0
vt 0 0
vt 0 0
vt 0 0
vt 0 0
vt 0 0
vt 0 0
vt 0 0
vt 0 0
vt 0 0
vt 0 0
vt 0 0
vt 0 0
vt 0 0
vt 0 0
vt 0 0
vt 0 0
vt 0 0
vt 0 0
vt 0 0
vt 0 0
vt 0 0
vt 0 0
vt 0 0
vt 0 0
vt 0 0
vt 0 0
vt 0 0
vt 0 0
vt 0 0
vt 0 0
vt 0 0
vt 0 0
vt 0 0
vt 0 0
vt 0 0
vt 0 0
vt 0 0
vt 0 0
vt 0 0
vt 0 0
vt 0 0
vt 0 0
vt 0 0
vt 0 0
vt 0 0
vt 0 0
vt 0 0
vt 0 0
vt 0 0
vt 0 0
vt 0 0
vt 0 0
vt 0 0
vt 0 0
vt 0 0
vt 0 0
vt 0 0
vt 0 0
vt 0 0
vt 0 0
vt 0 0
vt 0 0
vt 0 0
vt 0 0
vt 0 0
vt 0 0
vt 0 0
vt 0 0
vt 0 0
vt 0 0
vt 0 0
vt 0 0
vt 0 0
vt 0 0
vt 0 0
vt 0 0
vt 0 0
vt 0 0
vt 0 0
vt 0 0
vt 0 0
vt 0 0
vt 0 0
vt 0 0
vt 0 0
vt 0 0
vt 0 0
vt 0 0
vt 0 0
vt 0 0
vt 0 0
vt 0 0
vt 0 0
vt 0 0
vt 0 0
vt 0 0
vt 0 0
vt 0 0
vt 0 0
vt 0 0
vt 0 0
vt 0 0
vt 0 0
vt 0 0
vt 0 0
vt 0 0
vt 0 0
vt 0 0
vt 0 0
vt 0 0
vt 0 0
vt 0 0
vt 0 0
vt 0 0
vt 0 0
vt 0 0
vt 0 0
vt 0 0
vt 0 0
vt 0 0
vt 0 0
vt 0 0
vt 0 0
vt 0 0
vt 0 0
vt 0 0
vt 0 0
vt 0 0
vt 0 0
vt 0 0
vt 0 0
vt 0 0
vt 0 0
vt 0 0
vt 0 0
vt 0 0
vt 0 0
vt 0 0
vt 0 0
vt 0 0
vt 0 0
vt 0 0
vt 0 0
vt 0 0
vt 0 0
vt 0 0
vt 0 0
vt 0 0
vt 0 0
vt 0 0
vt 0 0
vt 0 0
vt 0 0
vt 0 0
vt 0 0
vt 0 0
vt 0 0
vt 0 0
vt 0 0
vt 0 0
vt 0 0
vt 0 0
vt 0 0
vt 0 0
vt 0 0
vt 0 0
vt 0 0
vt 0 0
vt 0 0
vt 0 0
vt 0 0
vt 0 0
vt 0 0
vt 0 0
vt 0 0
vt 0 0
vt 0 0
vt 0 0
vt 0 0
vt 0 0
vt 0 0
vt 0 0
vt 0 0
vt 0 0
vt 0 0
vt 0 0
vt 0 0
vt 0 0
vt 0 0
vt 0 0
vt 0 0
vt 0 0
vt 0 0
vt 0 0
vt 0 0
vt 0 0
vt 0 0
vt 0 0
vt 0 0
vt 0 0
vt 0 0
vt 0 0
vt 0 0
vt 0 0
vt 0 0
vt 0 0
vt 0 0
vt 0 0
vt 0 0
vt 0 0
vt 0 0
vt 0 0
vt 0 0
vt 0 0
vt 0 0
vt 0 0
vt 0 0
vt 0 0
vt 0 0
vt 0 0
vt 0 0
vt 0 0
vt 0 0
vt 0 0
vt 0 0
vt 0 0
vt 0 0
vt 0 0
vt 0 0
vt 0 0
vt 0 0
vt 0 0
vt 0 0
vt 0 0
vt 0 0
vt 0 0
vt 0 0
vt 0 0
vt 0 0
vt 0 0
vt 0 0
vt 0 0
vt 0 0
vt 0 0
vt 0 0
vt 0 0
vt 0 0
vt 0 0
vt 0 0
vt 0 0
vt 0 0
vt 0 0
vt 0 0
vt 0 0
vt 0 0
vt 0 0
vt 0 0
vt 0 0
vt 0 0
vt 0 0
vt 0 0
vt 0 0
vt 0 0
vt 0 0
vt 0 0
vt 0 0
vt 0 0
vt 0 0
vt 0 0
vt 0 0
vt 0 0
vt 0 0
vt 0 0
vt 0 0
vt 0 0
vt 0 0
vt 0 0
vt 0 0
vt 0 0
vt 0 0
vt 0 0
vt 0 0
vt 0 0
vt 0 0
vt 0 0
vt 0 0
vt 0 0
vt 0 0
vt 0 0
vt 0 0
vt 0 0
vt 0 0
vt 0 0
vt 0 0
vt 0 0
vt 0 0
vt 0 0
vt 0 0
vt 0 0
vt 0 0
vt 0 0
vt 0 0
vt 0 0
vt 0 0
vt 0 0
vt 0 0
vt 0 0
vt 0 0
vt 0 0
vt 0 0
vt 0 0
vt 0 0
vt 0 0
vt 0 0
vt 0 0
vt 0 0
vt 0 0
vt 0 0
vt 0 0
vt 0 0
vt 0 0
vt 0 0
vt 0 0
vt 0 0
vt 0 0
vt 0 0
vt 0 0
vt 0 0
vt 0 0
vt 0 0
vt 0 0
vt 0 0
vt 0 0
vt 0 0
vt 0 0
vt 0 0
vt 0 0
vt 0 0
vt 0 0
vt 0 0
vt 0 0
vt 0 0
vt 0 0
vt 0 0
vt 0 0
vt 0 0
vt 0 0
vt 0 0
vt 0 0
vt 0 0
vt 0 0
vt 0 0
vt 0 0
vt 0 0
vt 0 0
vt 0 0
vt 0 0
vt 0 0
vt 0 0
vt 0 0
vt 0 0
vt 0 0
vt 0 0
vt 0 0
vt 0 0
vt 0 0
vt 0 0
vt 0 0
vt 0 0
vt 0 0
vt 0 0
vt 0 0
vt 0 0
vt 0 0
vt 0 0
vt 0 0
vt 0 0
vt 0 0
vt 0 0
vt 0 0
vt 0 0
vt 0 0
vt 0 0
vt 0 0
vt 0 0
vt 0 0
vt 0 0
vt 0 0
vt 0 0
vt 0 0
vt 0 0
vt 0 0
vt 0 0
vt 0 0
vt 0 0
vt 0 0
vt 0 0
vt 0 0
vt 0 0
vt 0 0
vt 0 0
vt 0 0
vt 0 0
vt 0 0
vt 0 0
vt 0 0
vt 0 0
vt 0 0
vt 0 0
vt 0 0
vt 0 0
vt 0 0
vt 0 0
vt 0 0
vt 0 0
vt 0 0
vt 0 0
vt 0 0
vt 0 0
vt 0 0
vt 0 0
vt 0 0
vt 0 0
vt 0 0
vt 0 0
vt 0 0
vt 0 0
vt 0 0
vt 0 0
vt 0 0
vt 0 0
vt 0 0
vt 0 0
vt 0 0
vt 0 0
vt 0 0
vt 0 0
vt 0 0
vt 0 0
vt 0 0
vt 0 0
vt 0 0
vt 0 0
vt 0 0
vt 0 0
vt 0 0
vt 0 0
vt 0 0
vt 0 0
vt 0 0
vt 0 0
vt 0 0
vt 0 0
vt 0 0
vt 0 0
vt 0 0
vt 0 0
vt 0 0
vt 0 0
vt 0 0
vt 0 0
vt 0 0
vt 0 0
vt 0 0
vt 0 0
vt 0 0
vt 0 0
vt 0 0
vt 0 0
vt 0 0
vt 0 0
vt 0 0
vt 0 0
vt 0 0
vt 0 0
vt 0 0
vt 0 0
vt 0 0
vt 0 0
vt 0 0
vt 0 0
vt 0 0
vt 0 0
vt 0 0
vt 0 0
vt 0 0
vt 0 0
vt 0 0
vt 0 0
vt 0 0
vt 0 0
vt 0 0
vt 0 0
vt 0 0
vt 0 0
vt 0 0
vt 0 0
vt 0 0
vt 0 0
vt 0 0
vt 0 0
vt 0 0
vt 0 0
vt 0 0
vt 0 0
vt 0 0
vt 0 0
vt 0 0
vt 0 0
vt 0 0
vt 0 0
vt 0 0
vt 0 0
vt 0 0
vt 0 0
vt 0 0
vt 0 0
vt 0 0
vt 0 0
vt 0 0
vt 0 0
vt 0 0
vt 0 0
vt 0 0
vt 0 0
vt 0 0
vt 0 0
vt 0 0
vt 0 0
vt 0 0
vt 0 0
vt 0 0
vt 0 0
vt 0 0
vt 0 0
vt 0 0
vt 0 0
vt 0 0
vt 0 0
vt 0 0
vt 0 0
vt 0 0
vt 0 0
vt 0 0
vt 0 0
vt 0 0
vt 0 0
vt 0 0
vt 0 0
vt 0 0
vt 0 0
vt 0 0
vt 0 0
vt 0 0
vt 0 0
vt 0 0
vt 0 0
vt 0 0
vt 0 0
vt 0 0
vt 0 0
vt 0 0
vt 0 0
vt 0 0
vt 0 0
vt 0 0
vt 0 0
vt 0 0
vt 0 0
vt 0 0
vt 0 0
vt 0 0
vt 0 0
vt 0 0
vt 0 0
vt 0 0
vt 0 0
vt 0 0
vt 0 0
vt 0 0
vt 0 0
vt 0 0
vt 0 0
vt 0 0
vt 0 0
vt 0 0
vt 0 0
vt 0 0
vt 0 0
vt 0 0
vt 0 0
vt 0 0
vt 0 0
vt 0 0
vt 0 0
vt 0 0
vt 0 0
vt 0 0
vt 0 0
vt 0 0
vt 0 0
vt 0 0
vt 0 0
vt 0 0
vt 0 0
vt 0 0
vt 0 0
vt 0 0
vt 0 0
vt 0 0
vt 0 0
vt 0 0
vt 0 0
vt 0 0
vt 0 0
vt 0 0
vt 0 0
vt 0 0
vt 0 0
vt 0 0
vt 0 0
vt 0 0
vt 0 0
vt 0 0
vt 0 0
vt 0 0
vt 0 0
vt 0 0
vt 0 0
vt 0 0
vt 0 0
vt 0 0
vt 0 0
vt 0 0
vt 0 0
vt 0 0
vt 0 0
vt 0 0
vt 0 0
vt 0 0
vt 0 0
vt 0 0
vt 0 0
vt 0 0
vt 0 0
vt 0 0
vt 0 0
vt 0 0
vt 0 0
vt 0 0
vt 0 0
vt 0 0
vt 0 0
vt 0 0
vt 0 0
vt 0 0
vt 0 0
vt 0 0
vt 0 0
vt 0 0
vt 0 0
vt 0 0
vt 0 0
vt 0 0
vt 0 0
vt 0 0
vt 0 0
vt 0 0
vt 0 0
vt 0 0
vt 0 0
vt 0 0
vt 0 0
vt 0 0
vt 0 0
vt 0 0
vt 0 0
vt 0 0
vt 0 0
vt 0 0
vt 0 0
vt 0 0
vt 0 0
vt 0 0
vt 0 0
vt 0 0
vt 0 0
vt 0 0
vt 0 0
vt 0 0
vt 0 0
vt 0 0
vt 0 0
vt 0 0
vt 0 0
vt 0 0
vt 0 0
vt 0 0
vt 0 0
vt 0 0
vt 0 0
vt 0 0
vt 0 0
vt 0 0
vt 0 0
vt 0 0
vt 0 0
vt 0 0
vt 0 0
vt 0 0
vt 0 0
vt 0 0
vt 0 0
vt 0 0
vt 0 0
vt 0 0
vt 0 0
vt 0 0
vt 0 0
vt 0 0
vt 0 0
vt 0 0
vt 0 0
vt 0 0
vt 0 0
vt 0 0
vt 0 0
vt 0 0
vt 0 0
vt 0 0
vt 0 0
vt 0 0
vt 0 0
vt 0 0
vt 0 0
vt 0 0
vt 0 0
vt 0 0
vt 0 0
vt 0 0
vt 0 0
vt 0 0
vt 0 0
vt 0 0
vt 0 0
vt 0 0
vt 0 0
vt 0 0
vt 0 0
vt 0 0
vt 0 0
vt 0 0
vt 0 0
vt 0 0
vt 0 0
vt 0 0
vt 0 0
vt 0 0
vt 0 0
vt 0 0
vt 0 0
vt 0 0
vt 0 0
vt 0 0
vt 0 0
vt 0 0
vt 0 0
vt 0 0
vt 0 0
vt 0 0
vt 0 0
vt 0 0
vt 0 0
vt 0 0
vt 0 0
vt 0 0
vt 0 0
vt 0 0
vt 0 0
vt 0 0
vt 0 0
vt 0 0
vt 0 0
vt 0 0
vt 0 0
vt 0 0
vt 0 0
vt 0 0
vt 0 0
vt 0 0
vt 0 0
vt 0 0
vt 0 0
vt 0 0
vt 0 0
vt 0 0
vt 0 0
vt 0 0
vt 0 0
vt 0 0
vt 0 0
vt 0 0
vt 0 0
vt 0 0
vt 0 0
vt 0 0
vt 0 0
vt 0 0
vt 0 0
vt 0 0
vt 0 0
vt 0 0
vt 0 0
vt 0 0
vt 0 0
vt 0 0
vt 0 0
vt 0 0
vt 0 0
vt 0 0
vt 0 0
vt 0 0
vt 0 0
vt 0 0
vt 0 0
vt 0 0
vt 0 0
vt 0 0
vt 0 0
vt 0 0
vt 0 0
vt 0 0
vt 0 0
vt 0 0
vt 0 0
vt 0 0
vt 0 0
vt 0 0
vt 0 0
vt 0 0
vt 0 0
vt 0 0
vt 0 0
vt 0 0
vt 0 0
vt 0 0
vt 0 0
vt 0 0
vt 0 0
vt 0 0
vt 0 0
vt 0 0
vt 0 0
vt 0 0
vt 0 0
vt 0 0
vt 0 0
vt 0 0
vt 0 0
vt 0 0
vt 0 0
vt 0 0
vt 0 0
vt 0 0
vt 0 0
vt 0 0
vt 0 0
vt 0 0
vt 0 0
vt 0 0
vt 0 0
vt 0 0
vt 0 0
vt 0 0
vt 0 0
vt 0 0
vt 0 0
vt 0 0
vt 0 0
vt 0 0
vt 0 0
vt 0 0
vt 0 0
vt 0 0
vt 0 0
vt 0 0
vt 0 0
vt 0 0
vt 0 0
vt 0 0
vt 0 0
vt 0 0
vt 0 0
vt 0 0
vt 0 0
vt 0 0
vt 0 0
vt 0 0
vt 0 0
vt 0 0
vt 0 0
vt 0 0
vt 0 0
vt 0 0
vt 0 0
vt 0 0
vt 0 0
vt 0 0
vt 0 0
vt 0 0
vt 0 0
vt 0 0
vt 0 0
vt 0 0
vt 0 0
vt 0 0
vt 0 0
vt 0 0
vt 0 0
vt 0 0
vt 0 0
vt 0 0
vt 0 0
vt 0 0
vt 0 0
vt 0 0
vt 0 0
vt 0 0
vt 0 0
vt 0 0
vt 0 0
vt 0 0
vt 0 0
vt 0 0
vt 0 0
vt 0 0
vt 0 0
vt 0 0
vt 0 0
vt 0 0
vt 0 0
vt 0 0
vt 0 0
vt 0 0
vt 0 0
vt 0 0
vt 0 0
vt 0 0
vt 0 0
vt 0 0
vt 0 0
vt 0 0
vt 0 0
vt 0 0
vt 0 0
vt 0 0
vt 0 0
vt 0 0
vt 0 0
vt 0 0
vt 0 0
vt 0 0
vt 0 0
vt 0 0
vt 0 0
vt 0 0
vt 0 0
vt 0 0
vt 0 0
vt 0 0
vt 0 0
vt 0 0
vt 0 0
vt 0 0
vt 0 0
vt 0 0
vt 0 0
vt 0 0
vt 0 0
vt 0 0
vt 0 0
vt 0 0
vt 0 0
vt 0 0
vt 0 0
vt 0 0
vt 0 0
vt 0 0
vt 0 0
vt 0 0
vt 0 0
vt 0 0
vt 0 0
vt 0 0
vt 0 0
vt 0 0
vt 0 0
vt 0 0
vt 0 0
vt 0 0
vt 0 0
vt 0 0
vt 0 0
vt 0 0
vt 0 0
vt 0 0
vt 0 0
vt 0 0
vt 0 0
vt 0 0
vt 0 0
vt 0 0
vt 0 0
vt 0 0
vt 0 0
vt 0 0
vt 0 0
vt 0 0
vt 0 0
vt 0 0
vt 0 0
vt 0 0
vt 0 0
vt 0 0
vt 0 0
vt 0 0
vt 0 0
vt 0 0
vt 0 0
vt 0 0
vt 0 0
vt 0 0
vt 0 0
vt 0 0
vt 0 0
vt 0 0
vt 0 0
vt 0 0
vt 0 0
vt 0 0
vt 0 0
vt 0 0
vt 0 0
vt 0 0
vt 0 0
vt 0 0
vt 0 0
vt 0 0
vt -67.1463 1.16459
vt -65.7039 1.36143
vt -67.0807 1.16459
vt 66.9016 33.2853
vt 66.8917 34.6241
vt 66.9027 33.2853
vt -67.0807 1.16459
vt -65.7039 1.36143
vt -65.7695 1.16458
vt -67.1475 1.16459
vt -65.7039 1.36143
vt -67.1463 1.16459
vt -34.0695 1.16543
vt -34.0694 1.36228
vt -32.7306 1.16538
vt -65.7039 1.16458
vt -65.7695 1.16458
vt -65.7039 1.36143
vt -67.1475 1.36144
vt -65.7039 1.36143
vt -67.1475 1.16459
vt -32.7306 1.36223
vt -32.7306 1.16538
vt -34.0694 1.36228
vt 67.1463 1.36144
vt 67.1463 1.16459
vt 65.7039 1.36143
vt 32.7887 1.16538
vt 32.7887 1.36223
vt 33.0538 1.30624
vt -66.9027 33.2853
vt -66.8917 34.6241
vt -65.4592 33.2746
vt 65.7039 1.36143
vt 67.1463 1.16459
vt 65.7039 1.16079
vt -65.4493 34.6134
vt -65.4592 33.2746
vt -66.8917 34.6241
vt 33.0538 1.30624
vt 32.7887 1.36223
vt 33.0839 1.31901
vt 33.0253 1.2901
vt 32.7887 1.16538
vt 33.0538 1.30624
vt 32.918 1.16309
vt 32.7887 1.16538
vt 32.9198 1.1678
vt 65.7039 1.14821
vt 65.7039 1.16079
vt 67.1463 1.16459
vt 34.1276 1.16165
vt 34.1232 1.17293
vt 34.1276 1.36229
vt 34.1276 1.36229
vt 33.1803 1.33573
vt 32.7887 1.36223
vt 33.0839 1.31901
vt 32.7887 1.36223
vt 33.1153 1.32825
vt 32.9989 1.27082
vt 32.7887 1.16538
vt 33.0253 1.2901
vt 32.9198 1.1678
vt 32.7887 1.16538
vt 32.935 1.19679
vt 34.1232 1.17293
vt 34.1122 1.196
vt 34.1276 1.36229
vt 33.1476 1.33385
vt 32.7887 1.36223
vt 33.1803 1.33573
vt 33.9677 1.33576
vt 33.1803 1.33573
vt 34.1276 1.36229
vt 33.1153 1.32825
vt 32.7887 1.36223
vt 33.1476 1.33385
vt 32.9748 1.24864
vt 32.7887 1.16538
vt 32.9989 1.27082
vt 32.935 1.19679
vt 32.7887 1.16538
vt 32.9534 1.22386
vt 33.8803 1.14906
vt 33.709 1.14905
vt 33.9539 1.28087
vt 32.9788 1.16201
vt 32.9822 1.16853
vt 33.709 1.14905
vt 34.1122 1.196
vt 34.0994 1.21812
vt 34.1276 1.36229
vt 33.9902 1.32372
vt 33.9677 1.33576
vt 34.1276 1.36229
vt 34.0736 1.14906
vt 33.8803 1.14906
vt 33.9539 1.28087
vt 33.0551 1.2439
vt 33.709 1.14905
vt 33.0338 1.22832
vt 33.0781 1.25693
vt 33.709 1.14905
vt 33.0551 1.2439
vt 32.9534 1.22386
vt 32.7887 1.16538
vt 32.9748 1.24864
vt 33.0338 1.22832
vt 33.709 1.14905
vt 33.0143 1.21041
vt 33.9539 1.28087
vt 33.709 1.14905
vt 33.1818 1.28084
vt 32.997 1.19039
vt 33.709 1.14905
vt 32.9822 1.16853
vt 34.0994 1.21812
vt 34.0849 1.23916
vt 34.1276 1.36229
vt 34.0117 1.30993
vt 33.9902 1.32372
vt 34.1276 1.36229
vt 33.9624 1.27633
vt 34.0736 1.14906
vt 33.9539 1.28087
vt 34.0728 1.15128
vt 34.0736 1.14906
vt 34.0636 1.17041
vt 33.1025 1.26725
vt 33.709 1.14905
vt 33.0781 1.25693
vt 33.1278 1.27471
vt 33.709 1.14905
vt 33.1025 1.26725
vt 33.0143 1.21041
vt 33.709 1.14905
vt 32.997 1.19039
vt 33.1818 1.28084
vt 33.709 1.14905
vt 33.1539 1.27923
vt 34.0849 1.23916
vt 34.0688 1.25898
vt 34.1276 1.36229
vt 33.1539 1.27923
vt 33.709 1.14905
vt 33.1278 1.27471
vt 34.0321 1.29448
vt 34.0117 1.30993
vt 34.1276 1.36229
vt 33.9803 1.26489
vt 34.0736 1.14906
vt 33.9624 1.27633
vt 34.0636 1.17041
vt 34.0736 1.14906
vt 34.053 1.18876
vt 34.0688 1.25898
vt 34.0512 1.27746
vt 34.1276 1.36229
vt 33.9972 1.25208
vt 34.0736 1.14906
vt 33.9803 1.26489
vt 34.0512 1.27746
vt 34.0321 1.29448
vt 34.1276 1.36229
vt 34.053 1.18876
vt 34.0736 1.14906
vt 34.041 1.20621
vt 34.013 1.23797
vt 34.0736 1.14906
vt 33.9972 1.25208
vt 34.041 1.20621
vt 34.0736 1.14906
vt 34.0276 1.22264
vt 34.0276 1.22264
vt 34.0736 1.14906
vt 34.013 1.23797
vt -67.0832 -34.0008
vt -67.0832 -33.9358
vt -67.0832 -33.9908
vt -67.0832 -33.9908
vt -67.0832 -33.9358
vt -67.0832 -34.0008
vt -67.0832 -34.0008
vt -65.772 -33.8697
vt -67.0832 -33.9358
vt -67.0832 -33.9358
vt -65.772 -33.8697
vt -67.0832 -34.0008
vt -34.3509 1.49434
vt -34.334 1.3338
vt -34.324 1.33485
vt -34.324 1.33485
vt -34.334 1.3338
vt -34.3509 1.49434
vt -34.2693 1.34061
vt -34.3131 2.38926
vt -34.4436 2.37552
vt -34.4436 2.37552
vt -34.3131 2.38926
vt -34.2693 1.34061
vt -67.0832 -34.0008
vt -65.772 -33.9359
vt -65.772 -33.8697
vt -65.772 -33.8697
vt -65.772 -33.9359
vt -67.0832 -34.0008
vt -67.0832 -33.9358
vt -65.772 -33.8697
vt -67.0832 -33.8696
vt -67.0832 -33.8696
vt -65.772 -33.8697
vt -67.0832 -33.9358
vt 65.7695 5.0818
vt 67.0807 4.92038
vt 67.0807 5.08181
vt 67.0807 5.08181
vt 67.0807 4.92038
vt 65.7695 5.0818
vt -34.3131 2.38926
vt -34.2693 1.34061
vt -34.2035 1.34754
vt -34.2035 1.34754
vt -34.2693 1.34061
vt -34.3131 2.38926
vt -34.1635 0.967151
vt -34.288 0.89595
vt -34.1575 0.909688
vt -34.1575 0.909688
vt -34.288 0.89595
vt -34.1635 0.967151
vt 65.7695 5.93163
vt 67.0807 5.08181
vt 67.0807 5.93164
vt 67.0807 5.93164
vt 67.0807 5.08181
vt 65.7695 5.93163
vt -67.0832 -34.0008
vt -65.7721 -33.9909
vt -65.772 -33.9359
vt -65.772 -33.9359
vt -65.7721 -33.9909
vt -67.0832 -34.0008
vt 34.2693 1.34061
vt 34.3131 2.38926
vt 34.2035 1.34754
vt 34.2035 1.34754
vt 34.3131 2.38926
vt 34.2693 1.34061
vt -65.7695 5.96784
vt -67.0807 4.92038
vt -65.7695 4.92036
vt -65.7695 4.92036
vt -67.0807 4.92038
vt -65.7695 5.96784
vt 67.0807 4.92038
vt 65.7695 5.0818
vt 65.7695 4.92036
vt 65.7695 4.92036
vt 65.7695 5.0818
vt 67.0807 4.92038
vt 65.7695 5.0818
vt 67.0807 5.08181
vt 65.7695 5.93163
vt 65.7695 5.93163
vt 67.0807 5.08181
vt 65.7695 5.0818
vt -34.288 0.89595
vt -34.1635 0.967151
vt -34.2941 0.953413
vt -34.2941 0.953413
vt -34.1635 0.967151
vt -34.288 0.89595
vt 34.3206 0.892516
vt 34.2941 0.953413
vt 34.288 0.89595
vt 34.288 0.89595
vt 34.2941 0.953413
vt 34.3206 0.892516
vt -67.0807 4.92038
vt -65.7695 5.96784
vt -67.0807 5.96785
vt -67.0807 5.96785
vt -65.7695 5.96784
vt -67.0807 4.92038
vt -67.0807 5.96785
vt -65.7708 6.02561
vt -67.0794 6.02562
vt -67.0794 6.02562
vt -65.7708 6.02561
vt -67.0807 5.96785
vt 65.7721 -34.0009
vt 67.0832 -34.0336
vt 67.0832 -34.0008
vt 67.0832 -34.0008
vt 67.0832 -34.0336
vt 65.7721 -34.0009
vt -67.0807 5.96445
vt -65.7695 5.9658
vt -67.0807 5.96581
vt -67.0807 5.96581
vt -65.7695 5.9658
vt -67.0807 5.96445
vt 34.4762 2.37209
vt 34.4436 2.37552
vt 34.476 2.37006
vt 34.476 2.37006
vt 34.4436 2.37552
vt 34.4762 2.37209
vt -67.0807 5.93164
vt -65.7695 5.96444
vt -67.0807 5.96445
vt -67.0807 5.96445
vt -65.7695 5.96444
vt -67.0807 5.93164
vt -65.7721 -33.9909
vt -67.0832 -34.0008
vt -65.7721 -34.0009
vt -65.7721 -34.0009
vt -67.0832 -34.0008
vt -65.7721 -33.9909
vt 34.3131 2.38926
vt 34.2693 1.34061
vt 34.4436 2.37552
vt 34.4436 2.37552
vt 34.2693 1.34061
vt 34.3131 2.38926
vt 34.3509 1.49434
vt 34.324 1.33485
vt 34.334 1.3338
vt 34.334 1.3338
vt 34.324 1.33485
vt 34.3509 1.49434
vt -33.7006 -3.43134
vt -33.8186 -3.56315
vt -33.6881 -3.54937
vt -33.6881 -3.54937
vt -33.8186 -3.56315
vt -33.7006 -3.43134
vt 34.2941 0.953413
vt 34.3206 0.892516
vt 34.3267 0.949978
vt 34.3267 0.949978
vt 34.3206 0.892516
vt 34.2941 0.953413
vt -67.0807 5.96785
vt -65.7695 5.96784
vt -65.7708 6.02561
vt -65.7708 6.02561
vt -65.7695 5.96784
vt -67.0807 5.96785
vt -67.0794 6.02562
vt -65.7708 6.02561
vt -65.7814 6.14381
vt -65.7814 6.14381
vt -65.7708 6.02561
vt -67.0794 6.02562
vt 67.0832 -34.0336
vt 65.7721 -34.0009
vt 65.7721 -34.0337
vt 65.7721 -34.0337
vt 65.7721 -34.0009
vt 67.0832 -34.0336
vt -67.0807 5.96445
vt -65.7695 5.96444
vt -65.7695 5.9658
vt -65.7695 5.9658
vt -65.7695 5.96444
vt -67.0807 5.96445
vt -67.0807 5.96581
vt -65.7695 5.9658
vt -65.7695 5.96784
vt -65.7695 5.96784
vt -65.7695 5.9658
vt -67.0807 5.96581
vt -67.0807 5.96581
vt -65.7695 5.96784
vt -67.0807 5.96785
vt -67.0807 5.96785
vt -65.7695 5.96784
vt -67.0807 5.96581
vt -65.7695 5.96444
vt -67.0807 5.93164
vt -65.7695 5.93163
vt -65.7695 5.93163
vt -67.0807 5.93164
vt -65.7695 5.96444
vt 34.596 3.82155
vt 34.4715 3.89275
vt 34.4655 3.83529
vt 34.4655 3.83529
vt 34.4715 3.89275
vt 34.596 3.82155
vt -33.8186 -3.56315
vt -33.7006 -3.43134
vt -33.8311 -3.44513
vt -33.8311 -3.44513
vt -33.7006 -3.43134
vt -33.8186 -3.56315
vt -67.0794 6.02562
vt -65.7814 6.14381
vt -67.0688 6.14382
vt -67.0688 6.14382
vt -65.7814 6.14381
vt -67.0794 6.02562
vt -67.0807 5.96785
vt -65.7708 6.02561
vt -67.0794 6.02562
vt -67.0794 6.02562
vt -65.7708 6.02561
vt -67.0807 5.96785
vt 35.0653 8.23621
vt 34.9473 8.36802
vt 34.9348 8.25
vt 34.9348 8.25
vt 34.9473 8.36802
vt 35.0653 8.23621
vt -34.4762 2.37209
vt -34.476 2.37006
vt -34.4436 2.37552
vt -34.4436 2.37552
vt -34.476 2.37006
vt -34.4762 2.37209
vt -67.0807 5.96785
vt -65.7695 5.96784
vt -65.7708 6.02561
vt -65.7708 6.02561
vt -65.7695 5.96784
vt -67.0807 5.96785
vt 34.4715 3.89275
vt 34.596 3.82155
vt 34.602 3.87901
vt 34.602 3.87901
vt 34.596 3.82155
vt 34.4715 3.89275
vt -31.6947 -21.2932
vt -31.8053 -21.484
vt -31.6749 -21.4694
vt -31.6749 -21.4694
vt -31.8053 -21.484
vt -31.6947 -21.2932
vt -31.8053 -21.484
vt -31.6947 -21.2932
vt -31.8251 -21.3078
vt -31.8251 -21.3078
vt -31.6947 -21.2932
vt -31.8053 -21.484
vt -67.0688 6.14382
vt -65.7814 6.14381
vt -65.8436 6.30981
vt -65.8436 6.30981
vt -65.7814 6.14381
vt -67.0688 6.14382
vt -67.0794 6.02562
vt -65.7708 6.02561
vt -65.7814 6.14381
vt -65.7814 6.14381
vt -65.7708 6.02561
vt -67.0794 6.02562
vt 34.9473 8.36802
vt 35.0653 8.23621
vt 35.0778 8.35423
vt 35.0778 8.35423
vt 35.0653 8.23621
vt 34.9473 8.36802
vt -34.602 3.87901
vt -34.6286 3.81811
vt -34.596 3.82155
vt -34.596 3.82155
vt -34.6286 3.81811
vt -34.602 3.87901
vt -34.6286 3.81811
vt -34.602 3.87901
vt -34.6346 3.87558
vt -34.6346 3.87558
vt -34.602 3.87901
vt -34.6286 3.81811
vt -67.0794 6.02562
vt -65.7814 6.14381
vt -67.0688 6.14382
vt -67.0688 6.14382
vt -65.7814 6.14381
vt -67.0794 6.02562
vt -67.0688 6.14382
vt -65.8436 6.30981
vt -67.0065 6.30982
vt -67.0065 6.30982
vt -65.8436 6.30981
vt -67.0688 6.14382
vt -29.1947 -38.176
vt -29.3019 -38.3687
vt -29.1718 -38.3518
vt -29.1718 -38.3518
vt -29.3019 -38.3687
vt -29.1947 -38.176
vt 37.0153 24.8709
vt 36.9046 25.0617
vt 36.8848 24.8855
vt 36.8848 24.8855
vt 36.9046 25.0617
vt 37.0153 24.8709
vt -29.3019 -38.3687
vt -29.1947 -38.176
vt -29.3248 -38.1929
vt -29.3248 -38.1929
vt -29.1947 -38.176
vt -29.3019 -38.3687
vt -67.0688 6.14382
vt -65.7814 6.14381
vt -65.8436 6.30981
vt -65.8436 6.30981
vt -65.7814 6.14381
vt -67.0688 6.14382
vt -67.0065 6.30982
vt -65.8436 6.30981
vt -65.9478 6.45326
vt -65.9478 6.45326
vt -65.8436 6.30981
vt -67.0065 6.30982
vt -67.0065 6.30982
vt -65.9478 6.45326
vt -66.9024 6.45326
vt -66.9024 6.45326
vt -65.9478 6.45326
vt -67.0065 6.30982
vt -67.0688 6.14382
vt -65.8436 6.30981
vt -67.0065 6.30982
vt -67.0065 6.30982
vt -65.8436 6.30981
vt -67.0688 6.14382
vt 36.9046 25.0617
vt 37.0153 24.8709
vt 37.035 25.047
vt 37.035 25.047
vt 37.0153 24.8709
vt 36.9046 25.0617
vt -25.3984 -53.0652
vt -25.4983 -53.2618
vt -25.3689 -53.24
vt -25.3689 -53.24
vt -25.4983 -53.2618
vt -25.3984 -53.0652
vt 39.3703 39.0442
vt 39.2631 39.237
vt 39.2402 39.0611
vt 39.2402 39.0611
vt 39.2631 39.237
vt 39.3703 39.0442
vt -66.9024 6.45326
vt -65.9478 6.45326
vt -66.3783 6.50309
vt -66.3783 6.50309
vt -65.9478 6.45326
vt -66.9024 6.45326
vt -67.0065 6.30982
vt -65.8436 6.30981
vt -65.9478 6.45326
vt -65.9478 6.45326
vt -65.8436 6.30981
vt -67.0065 6.30982
vt -25.4983 -53.2618
vt -25.3984 -53.0652
vt -25.5278 -53.087
vt -25.5278 -53.087
vt -25.3984 -53.0652
vt -25.4983 -53.2618
vt -66.9024 6.45326
vt -66.518 6.51162
vt -66.7638 6.56382
vt -66.7638 6.56382
vt -66.518 6.51162
vt -66.9024 6.45326
vt -67.0065 6.30982
vt -65.9478 6.45326
vt -66.9024 6.45326
vt -66.9024 6.45326
vt -65.9478 6.45326
vt -67.0065 6.30982
vt 39.2631 39.237
vt 39.3703 39.0442
vt 39.3932 39.22
vt 39.3932 39.22
vt 39.3703 39.0442
vt 39.2631 39.237
vt -66.3783 6.50309
vt -65.9478 6.45326
vt -66.3321 6.51162
vt -66.3321 6.51162
vt -65.9478 6.45326
vt -66.3783 6.50309
vt -66.9024 6.45326
vt -66.3783 6.50309
vt -66.4251 6.50024
vt -66.4251 6.50024
vt -66.3783 6.50309
vt -66.9024 6.45326
vt -17.537 -65.4828
vt -17.6408 -65.6023
vt -17.5141 -65.5684
vt -17.5141 -65.5684
vt -17.6408 -65.6023
vt -17.537 -65.4828
vt -66.9024 6.45326
vt -66.518 6.51162
vt -66.7638 6.56382
vt -66.7638 6.56382
vt -66.518 6.51162
vt -66.9024 6.45326
vt -66.518 6.51162
vt -66.9024 6.45326
vt -66.4719 6.50309
vt -66.4719 6.50309
vt -66.9024 6.45326
vt -66.518 6.51162
vt -66.7638 6.56382
vt -66.518 6.51162
vt -66.5628 6.52569
vt -66.5628 6.52569
vt -66.518 6.51162
vt -66.7638 6.56382
vt -66.9024 6.45326
vt -65.9478 6.45326
vt -66.3783 6.50309
vt -66.3783 6.50309
vt -65.9478 6.45326
vt -66.9024 6.45326
vt 42.8095 49.3192
vt 42.6506 49.1663
vt 42.78 49.1444
vt 42.78 49.1444
vt 42.6506 49.1663
vt 42.8095 49.3192
vt -66.3321 6.51162
vt -65.9478 6.45326
vt -66.0864 6.56381
vt -66.0864 6.56381
vt -65.9478 6.45326
vt -66.3321 6.51162
vt -2.66196 -72.5205
vt -2.78041 -72.3977
vt -2.80392 -72.4383
vt -2.80392 -72.4383
vt -2.78041 -72.3977
vt -2.66196 -72.5205
vt -40.007 -62.4636
vt -40.0485 -62.2981
vt -40.0891 -62.3216
vt -40.0891 -62.3216
vt -40.0485 -62.2981
vt -40.007 -62.4636
vt -66.4719 6.50309
vt -66.9024 6.45326
vt -66.4251 6.50024
vt -66.4251 6.50024
vt -66.9024 6.45326
vt -66.4719 6.50309
vt -17.6408 -65.6023
vt -17.537 -65.4828
vt -17.6638 -65.5167
vt -17.6638 -65.5167
vt -17.537 -65.4828
vt -17.6408 -65.6023
vt -66.7638 6.56382
vt -66.6455 6.56953
vt -66.6823 6.59867
vt -66.6823 6.59867
vt -66.6455 6.56953
vt -66.7638 6.56382
vt -66.518 6.51162
vt -66.9024 6.45326
vt -66.4719 6.50309
vt -66.4719 6.50309
vt -66.9024 6.45326
vt -66.518 6.51162
vt -66.7638 6.56382
vt -66.518 6.51162
vt -66.5628 6.52569
vt -66.5628 6.52569
vt -66.518 6.51162
vt -66.7638 6.56382
vt -62.8267 40.5728
vt -62.6612 40.6144
vt -62.6847 40.655
vt -62.6847 40.655
vt -62.6612 40.6144
vt -62.8267 40.5728
vt -53.7916 50.4932
vt -53.6213 50.5033
vt -53.6368 50.5475
vt -53.6368 50.5475
vt -53.6213 50.5033
vt -53.7916 50.4932
vt -66.7638 6.56382
vt -66.5628 6.52569
vt -66.6055 6.54509
vt -66.6055 6.54509
vt -66.5628 6.52569
vt -66.7638 6.56382
vt -66.3783 6.50309
vt -65.9478 6.45326
vt -66.3321 6.51162
vt -66.3321 6.51162
vt -65.9478 6.45326
vt -66.3783 6.50309
vt -66.9024 6.45326
vt -66.3783 6.50309
vt -66.4251 6.50024
vt -66.4251 6.50024
vt -66.3783 6.50309
vt -66.9024 6.45326
vt 42.6506 49.1663
vt 42.8095 49.3192
vt 42.6801 49.3411
vt 42.6801 49.3411
vt 42.8095 49.3192
vt 42.6506 49.1663
vt -66.3321 6.51162
vt -66.0864 6.56381
vt -66.2874 6.52568
vt -66.2874 6.52568
vt -66.0864 6.56381
vt -66.3321 6.51162
vt -2.78041 -72.3977
vt -2.66196 -72.5205
vt -2.63846 -72.4799
vt -2.63846 -72.4799
vt -2.66196 -72.5205
vt -2.78041 -72.3977
vt -40.0485 -62.2981
vt -40.007 -62.4636
vt -39.9664 -62.4401
vt -39.9664 -62.4401
vt -40.007 -62.4636
vt -40.0485 -62.2981
vt -74.6954 4.08087
vt -74.8182 3.96237
vt -74.7776 3.93888
vt -74.7776 3.93888
vt -74.8182 3.96237
vt -74.6954 4.08087
vt -74.8182 3.96237
vt -74.6954 4.08087
vt -74.736 4.10436
vt -74.736 4.10436
vt -74.6954 4.08087
vt -74.8182 3.96237
vt -66.3321 6.51162
vt -65.9478 6.45326
vt -66.0864 6.56381
vt -66.0864 6.56381
vt -65.9478 6.45326
vt -66.3321 6.51162
vt -42.9439 49.8878
vt -42.8067 49.8635
vt -42.8146 49.9098
vt -42.8146 49.9098
vt -42.8067 49.8635
vt -42.9439 49.8878
vt -66.7638 6.56382
vt -66.6455 6.56953
vt -66.6823 6.59867
vt -66.6823 6.59867
vt -66.6455 6.56953
vt -66.7638 6.56382
vt -66.7638 6.56382
vt -66.6055 6.54509
vt -66.6455 6.56953
vt -66.6455 6.56953
vt -66.6055 6.54509
vt -66.7638 6.56382
vt -66.4719 6.50309
vt -66.9024 6.45326
vt -66.4251 6.50024
vt -66.4251 6.50024
vt -66.9024 6.45326
vt -66.4719 6.50309
vt -62.6612 40.6144
vt -62.8267 40.5728
vt -62.8032 40.5322
vt -62.8032 40.5322
vt -62.8267 40.5728
vt -62.6612 40.6144
vt -53.6213 50.5033
vt -53.7916 50.4932
vt -53.7761 50.449
vt -53.7761 50.449
vt -53.7916 50.4932
vt -53.6213 50.5033
vt -66.7638 6.56382
vt -66.5628 6.52569
vt -66.6055 6.54509
vt -66.6055 6.54509
vt -66.5628 6.52569
vt -66.7638 6.56382
vt -48.4371 52.9941
vt -48.6076 52.9991
vt -48.5961 52.9536
vt -48.5961 52.9536
vt -48.6076 52.9991
vt -48.4371 52.9941
vt -48.6076 52.9991
vt -48.4371 52.9941
vt -48.4486 53.0396
vt -48.4486 53.0396
vt -48.4371 52.9941
vt -48.6076 52.9991
vt 49.2531 52.4832
vt 49.1034 52.4315
vt 49.2302 52.3976
vt 49.2302 52.3976
vt 49.1034 52.4315
vt 49.2531 52.4832
vt -66.2874 6.52568
vt -66.0864 6.56381
vt -66.2447 6.54508
vt -66.2447 6.54508
vt -66.0864 6.56381
vt -66.2874 6.52568
vt 11.8119 -69.1377
vt 11.6726 -69.0392
vt 11.6571 -69.0834
vt 11.6571 -69.0834
vt 11.6726 -69.0392
vt 11.8119 -69.1377
vt -66.3321 6.51162
vt -66.0864 6.56381
vt -66.2874 6.52568
vt -66.2874 6.52568
vt -66.0864 6.56381
vt -66.3321 6.51162
vt -42.9763 49.8824
vt -42.8067 49.8635
vt -42.9439 49.8878
vt -42.9439 49.8878
vt -42.8067 49.8635
vt -42.9763 49.8824
vt -66.7638 6.56382
vt -66.6055 6.54509
vt -66.6455 6.56953
vt -66.6455 6.56953
vt -66.6055 6.54509
vt -66.7638 6.56382
vt -42.8067 49.8635
vt -42.9763 49.8824
vt -42.9685 49.8361
vt -42.9685 49.8361
vt -42.9763 49.8824
vt -42.8067 49.8635
vt -45.3 52.3717
vt -45.1299 52.3582
vt -45.1392 52.4042
vt -45.1392 52.4042
vt -45.1299 52.3582
vt -45.3 52.3717
vt -45.1299 52.3582
vt -45.3 52.3717
vt -45.2907 52.3258
vt -45.2907 52.3258
vt -45.3 52.3717
vt -45.1299 52.3582
vt 49.1034 52.4315
vt 49.2531 52.4832
vt 49.1263 52.5172
vt 49.1263 52.5172
vt 49.2531 52.4832
vt 49.1034 52.4315
vt -66.2046 6.56953
vt -66.0864 6.56381
vt -66.1679 6.59866
vt -66.1679 6.59866
vt -66.0864 6.56381
vt -66.2046 6.56953
vt -66.2447 6.54508
vt -66.0864 6.56381
vt -66.2046 6.56953
vt -66.2046 6.56953
vt -66.0864 6.56381
vt -66.2447 6.54508
vt 18.7715 -64.2657
vt 18.6241 -64.1798
vt 18.6125 -64.2253
vt 18.6125 -64.2253
vt 18.6241 -64.1798
vt 18.7715 -64.2657
vt 11.6726 -69.0392
vt 11.8119 -69.1377
vt 11.8274 -69.0935
vt 11.8274 -69.0935
vt 11.8119 -69.1377
vt 11.6726 -69.0392
vt -66.2874 6.52568
vt -66.0864 6.56381
vt -66.2447 6.54508
vt -66.2447 6.54508
vt -66.0864 6.56381
vt -66.2874 6.52568
vt 25.5727 -52.8242
vt 25.5482 -52.7724
vt 25.4188 -52.7505
vt 25.4188 -52.7505
vt 25.5482 -52.7724
vt 25.5727 -52.8242
vt -66.2046 6.56953
vt -66.0864 6.56381
vt -66.1679 6.59866
vt -66.1679 6.59866
vt -66.0864 6.56381
vt -66.2046 6.56953
vt 25.5482 -52.7724
vt 25.5727 -52.8242
vt 25.5806 -52.7779
vt 25.5806 -52.7779
vt 25.5727 -52.8242
vt 25.5482 -52.7724
vt -66.2447 6.54508
vt -66.0864 6.56381
vt -66.2046 6.56953
vt -66.2046 6.56953
vt -66.0864 6.56381
vt -66.2447 6.54508
vt 22.8507 -58.8107
vt 22.6992 -58.7322
vt 22.6899 -58.7782
vt 22.6899 -58.7782
vt 22.6992 -58.7322
vt 22.8507 -58.8107
vt 18.6241 -64.1798
vt 18.7715 -64.2657
vt 18.7831 -64.2203
vt 18.7831 -64.2203
vt 18.7715 -64.2657
vt 18.6241 -64.1798
vt 25.5727 -52.8242
vt 25.4188 -52.7505
vt 25.411 -52.7968
vt 25.411 -52.7968
vt 25.4188 -52.7505
vt 25.5727 -52.8242
vt 22.6992 -58.7322
vt 22.8507 -58.8107
vt 22.86 -58.7647
vt 22.86 -58.7647
vt 22.8507 -58.8107
vt 22.6992 -58.7322
vt 32.5524 67.2046
vt 33.891 67.2749
vt 32.5522 67.2702
vt 32.5573 65.8277
vt 33.891 67.2749
vt 32.5524 67.2046
vt 32.6811 65.8281
vt 33.891 67.2749
vt 32.5573 65.8277
vt 32.7405 65.8283
vt 33.891 67.2749
vt 32.6811 65.8281
vt 33.4775 65.8309
vt 33.891 67.2749
vt 32.7405 65.8283
vt 33.891 67.2749
vt 33.8422 65.8322
vt 33.8961 65.8324
vt 33.6489 65.8315
vt 33.891 67.2749
vt 33.4775 65.8309
vt 33.8422 65.8322
vt 33.891 67.2749
vt 33.6489 65.8315
vt -57.4976 0.998433
vt -56.3175 0.999062
vt -57.4976 0.999071
vt -57.4976 0.999071
vt -56.3175 0.999062
vt -56.3738 0.999062
vt -56.3175 0.999062
vt -57.4976 0.998433
vt -56.3175 0.98503
vt -696.353 27.2411
vt -699.887 48.2019
vt -699.894 48.2706
vt 699.887 48.2019
vt 699.894 48.2706
vt 700.55 48.1321
vt 699.817 47.5389
vt 699.887 48.2019
vt 700.48 47.4691
vt 1363.08 121.198
vt 1363.08 120.531
vt 1336.44 121.197
vt 700.553 48.1597
vt 700.55 48.1321
vt 699.894 48.2706
vt 700.55 48.1321
vt 700.48 47.4691
vt 699.887 48.2019
vt 1336.44 120.531
vt 1336.44 121.197
vt 1363.08 120.531
vt 700.55 48.1321
vt 700.553 48.1597
vt 700.994 48.0854
vt -699.817 47.5389
vt -700.48 47.4691
vt -699.887 48.2019
vt 687.195 -72.4033
vt 687.448 -70.0051
vt 687.858 -72.4734
vt 699.887 48.2019
vt 696.353 27.2411
vt 699.894 48.2706
vt -700.55 48.1321
vt -699.887 48.2019
vt -700.48 47.4691
vt -700.553 48.1597
vt -699.894 48.2706
vt -700.55 48.1321
vt -700.553 48.1597
vt -700.55 48.1321
vt -700.994 48.0854
vt 688.111 -70.0752
vt 687.858 -72.4734
vt 687.448 -70.0051
vt -699.887 48.2019
vt -700.55 48.1321
vt -699.894 48.2706
vt 646.283 -436.555
vt 646.685 -432.975
vt 646.945 -436.63
vt 647.348 -433.05
vt 646.945 -436.63
vt 646.685 -432.975
vt 713.444 169.688
vt 713.191 167.29
vt 712.781 169.758
vt 712.528 167.36
vt 712.781 169.758
vt 713.191 167.29
vt -595.415 -779.652
vt -596.077 -779.738
vt -595.88 -776.08
vt 752.15 505.376
vt 752.552 508.956
vt 752.812 505.302
vt -596.541 -776.166
vt -595.88 -776.08
vt -596.077 -779.738
vt 1336.44 121.197
vt 1336.46 122.44
vt 1336.68 124.842
vt 753.215 508.881
vt 752.812 505.302
vt 752.552 508.956
vt -518.126 -1082.28
vt -518.783 -1082.39
vt -518.725 -1078.73
vt 800.005 793.379
vt 800.47 796.951
vt 800.666 793.293
vt 801.131 796.865
vt 800.666 793.293
vt 800.47 796.951
vt -519.382 -1078.84
vt -518.725 -1078.73
vt -518.783 -1082.39
vt 869.946 998.504
vt 869.289 998.615
vt 870.546 1002.06
vt -358.462 -1333.04
vt -359.106 -1333.21
vt -358.928 -1331.3
vt 869.888 1002.17
vt 870.546 1002.06
vt 869.289 998.615
vt -359.572 -1331.47
vt -358.928 -1331.3
vt -359.106 -1333.21
vt 1001 1064.55
vt 1000.36 1064.72
vt 1001.47 1066.29
vt 1000.82 1066.46
vt 1001.47 1066.29
vt 1000.36 1064.72
vt 0 0
vt 0 0
vt 0 0
vt 0 0
vt 0 0
vt 0 0
vt 0 0
vt 0 0
vt 0 0
vt 0 0
vt 0 0
vt 0 0
vt 0 0
vt 0 0
vt 0 0
vt 0 0
vt 0 0
vt 0 0
vt 0 0
vt 0 0
vt 0 0
vt 0 0
vt 0 0
vt 0 0
vt 0 0
vt 0 0
vt 0 0
vt 0 0
vt 0 0
vt 0 0
vt 0 0
vt 0 0
vt 0 0
vt 0 0
vt 0 0
vt 0 0
vt 0 0
vt 0 0
vt 0 0
vt 0 0
vt 0 0
vt 0 0
vt 0 0
vt 0 0
vt 0 0
vt 0 0
vt 0 0
vt 0 0
vt 0 0
vt 0 0
vt 0 0
vt 0 0
vt 0 0
vt 0 0
vt 0 0
vt 0 0
vt 0 0
vt 0 0
vt 0 0
vt 0 0
vt 0 0
vt 0 0
vt 0 0
vt 0 0
vt 0 0
vt 0 0
vt 0 0
vt 0 0
vt 0 0
vt 0 0
vt 0 0
vt 0 0
vt 0 0
vt 0 0
vt 0 0
vt 0 0
vt 0 0
vt 0 0
vt 0 0
vt 0 0
vt 0 0
vt 0 0
vt 0 0
vt 0 0
vt 0 0
vt 0 0
vt 0 0
vt 0 0
vt 0 0
vt 0 0
vt 0 0
vt 0 0
vt 0 0
vt 0 0
vt 0 0
vt 0 0
vt 0 0
vt 0 0
vt 0 0
vt 0 0
vt 0 0
vt 0 0
vt 0 0
vt 0 0
vt 0 0
vt 0 0
vt 0 0
vt 0 0
vt 0 0
vt 0 0
vt 0 0
vt 0 0
vt 0 0
vt 0 0
vt 0 0
vt 0 0
vt 0 0
vt 0 0
vt 0 0
vt 0 0
vt 0 0
vt 0 0
vt 0 0
vt 0 0
vt 0 0
vt 0 0
vt 0 0
vt 0 0
vt 0 0
vt 0 0
vt 0 0
vt 0 0
vt 0 0
vt 0 0
vt 0 0
vt 0 0
vt 0 0
vt 0 0
vt 0 0
vt 0 0
vt 0 0
vt 0 0
vt 0 0
vt 0 0
vt 0 0
vt 0 0
vt 0 0
vt 0 0
vt 0 0
vt 0 0
vt 0 0
vt 0 0
vt 0 0
vt 0 0
vt 0 0
vt 0 0
vt 0 0
vt 0 0
vt 0 0
vt 0 0
vt 0 0
vt 0 0
vt 0 0
vt 0 0
vt 0 0
vt 0 0
vt 0 0
vt 0 0
vt 0 0
vt 0 0
vt 0 0
vt 0 0
vt 0 0
vt 0 0
vt 0 0
vt 0 0
vt 0 0
vt 0 0
vt 0 0
vt 0 0
vt 0 0
vt 0 0
vt 0 0
vt 0 0
vt 0 0
vt 0 0
vt 0 0
vt 0 0
vt 0 0
vt 0 0
vt 0 0
vt 0 0
vt 0 0
vt 0 0
vt 0 0
vt 0 0
vt 0 0
vt 0 0
vt 0 0
vt 0 0
vt 0 0
vt 0 0
vt 0 0
vt 0 0
vt 0 0
vt 0 0
vt 0 0
vt 0 0
vt 0 0
vt 0 0
vt 0 0
vt 0 0
vt 0 0
vt 0 0
vt 0 0
vt 0 0
vt 0 0
vt 0 0
vt 0 0
vt 0 0
vt 0 0
vt 0 0
vt 0 0
vt 0 0
vt 0 0
vt 0 0
vt 0 0
vt 0 0
vt 0 0
vt 0 0
vt 0 0
vt 0 0
vt 0 0
vt 0 0
vt 0 0
vt 0 0
vt 0 0
vt 0 0
vt 0 0
vt 0 0
vt 0 0
vt 0 0
vt 0 0
vt 0 0
vt 0 0
vt 0 0
vt 0 0
vt 0 0
vt 0 0
vt 0 0
vt 0 0
vt 0 0
vt 0 0
vt 0 0
vt 0 0
vt 0 0
vt 0 0
vt 0 0
vt 0 0
vt 0 0
vt 0 0
vt 0 0
vt 0 0
vt 0 0
vt 0 0
vt 0 0
vt 0 0
vt 0 0
vt 0 0
vt 0 0
vt 0 0
vt 0 0
vt 0 0
vt 0 0
vt 0 0
vt 0 0
vt 0 0
vt 0 0
vt 0 0
vt 0 0
vt 0 0
vt 0 0
vt 0 0
vt 0 0
vt 0 0
vt 0 0
vt 0 0
vt 0 0
vt 0 0
vt 0 0
vt 0 0
vt 0 0
vt 0 0
vt 0 0
vt 0 0
vt 0 0
vt 0 0
vt 0 0
vt 0 0
vt 0 0
vt 0 0
vt 0 0
vt 0 0
vt 0 0
vt 0 0
vt 0 0
vt 0 0
vt 0 0
vt 0 0
vt 0 0
vt 0 0
vt 0 0
vt 0 0
vt 0 0
vt 0 0
vt 0 0
vt 0 0
vt 0 0
vt 0 0
vt 0 0
vt 0 0
vt 0 0
vt 0 0
vt 0 0
vt 0 0
vt 0 0
vt 0 0
vt 0 0
vt 0 0
vt 0 0
vt 0 0
vt 0 0
vt 0 0
vt 0 0
vt 0 0
vt 0 0
vt 0 0
vt 0 0
vt 0 0
vt 0 0
vt 0 0
vt 0 0
vt 0 0
vt 0 0
vt 0 0
vt 0 0
vt 0 0
vt 0 0
vt 0 0
vt 0 0
vt 0 0
vt 0 0
vt 0 0
vt 0 0
vt 0 0
vt 0 0
vt 0 0
vt 0 0
vt 0 0
vt 0 0
vt 0 0
vt 0 0
vt 0 0
vt 0 0
vt 0 0
vt 0 0
vt 0 0
vt 0 0
vt 0 0
vt 0 0
vt 0 0
vt 0 0
vt 0 0
vt 0 0
vt 0 0
vt 0 0
vt 0 0
vt 0 0
vt 0 0
vt 0 0
vt 0 0
vt 0 0
vt 0 0
vt 0 0
vt 0 0
vt 0 0
vt 0 0
vt 0 0
vt 0 0
vt 0 0
vt 0 0
vt 0 0
vt 0 0
vt 0 0
vt 0 0
vt 0 0
vt 0 0
vt 0 0
vt 0 0
vt 0 0
vt 0 0
vt 0 0
vt 0 0
vt 0 0
vt 0 0
vt 0 0
vt 0 0
vt 0 0
vt 0 0
vt 0 0
vt 0 0
vt 0 0
vt 0 0
vt 0 0
vt 0 0
vt 0 0
vt 0 0
vt 0 0
vt 0 0
vt 0 0
vt 0 0
vt 0 0
vt 0 0
vt 0 0
vt 0 0
vt 0 0
vt 0 0
vt 0 0
vt 0 0
vt 0 0
vt 0 0
vt 0 0
vt 0 0
vt 0 0
vt 0 0
vt 0 0
vt 0 0
vt 0 0
vt 0 0
vt 0 0
vt 0 0
vt 0 0
vt 0 0
vt 0 0
vt 0 0
vt 0 0
vt 0 0
vt 0 0
vt 0 0
vt 0 0
vt 0 0
vt 0 0
vt 0 0
vt 0 0
vt 0 0
vt 0 0
vt 0 0
vt 0 0
vt 0 0
vt 0 0
vt 0 0
vt 0 0
vt 0 0
vt 0 0
vt 0 0
vt 0 0
vt 0 0
vt 0 0
vt 0 0
vt 0 0
vt 0 0
vt 0 0
vt 0 0
vt 0 0
vt 0 0
vt 0 0
vt 0 0
vt 0 0
vt 0 0
vt 0 0
vt 0 0
vt 0 0
vt 0 0
vt 0 0
vt 0 0
vt 0 0
vt 260.397 11.4914
vt 260.394 11.221
vt 260.428 11.2346
vt 260.431 11.4771
vt 260.428 11.2346
vt 260.458 11.2566
vt 260.361 11.4965
vt 260.394 11.221
vt 260.397 11.4914
vt 260.397 11.4914
vt 260.428 11.2346
vt 260.431 11.4771
vt 260.431 11.4771
vt 260.458 11.2566
vt 260.459 11.4546
vt 260.361 11.4965
vt 260.358 11.2165
vt 260.394 11.221
vt 260.459 11.4546
vt 260.458 11.2566
vt 260.48 11.2854
vt 260.324 11.4921
vt 260.358 11.2165
vt 260.361 11.4965
vt 260.459 11.4546
vt 260.48 11.2854
vt 260.481 11.4254
vt 260.324 11.4921
vt 260.322 11.2216
vt 260.358 11.2165
vt 260.481 11.4254
vt 260.48 11.2854
vt 260.494 11.319
vt 260.291 11.4784
vt 260.322 11.2216
vt 260.324 11.4921
vt 260.481 11.4254
vt 260.494 11.319
vt 260.495 11.3915
vt 260.291 11.4784
vt 260.288 11.2359
vt 260.322 11.2216
vt 260.495 11.3915
vt 260.494 11.319
vt 260.499 11.3552
vt 260.261 11.4564
vt 260.288 11.2359
vt 260.291 11.4784
vt 260.261 11.4564
vt 260.26 11.2584
vt 260.288 11.2359
vt 260.239 11.4276
vt 260.26 11.2584
vt 260.261 11.4564
vt 260.239 11.4276
vt 260.238 11.2876
vt 260.26 11.2584
vt 260.225 11.394
vt 260.238 11.2876
vt 260.239 11.4276
vt 260.225 11.394
vt 260.224 11.3215
vt 260.238 11.2876
vt 260.224 11.3215
vt 260.225 11.394
vt 260.219 11.3578
vt 0 0
vt 0 0
vt 0 0
vt 0 0
vt 0 0
vt 0 0
vt 0 0
vt 0 0
vt 0 0
vt 0 0
vt 0 0
vt 0 0
vt 0 0
vt 0 0
vt 0 0
vt 0 0
vt 0 0
vt 0 0
vt 0 0
vt 0 0
vt 0 0
vt 0 0
vt 0 0
vt 0 0
vt 0 0
vt 0 0
vt 0 0
vt 0 0
vt 0 0
vt 0 0
vt 0 0
vt 0 0
vt 0 0
vt 0 0
vt 0 0
vt 0 0
vt 0 0
vt 0 0
vt 0 0
vt 0 0
vt 0 0
vt 0 0
vt 0 0
vt 0 0
vt 0 0
vt 0 0
vt 0 0
vt 0 0
vt 0 0
vt 0 0
vt 0 0
vt 0 0
vt 0 0
vt 0 0
vt 0 0
vt 0 0
vt 0 0
vt 0 0
vt 0 0
vt 0 0
vt 0 0
vt 0 0
vt 0 0
vt 0 0
vt 0 0
vt 0 0
vt 0 0
vt 0 0
vt 0 0
vt 0 0
vt 0 0
vt 0 0
vt 0 0
vt 0 0
vt 0 0
vt 0 0
vt 0 0
vt 0 0
vt 0 0
vt 0 0
vt 0 0
vt 0 0
vt 0 0
vt 0 0
vt 0 0
vt 0 0
vt 0 0
vt 0 0
vt 0 0
vt 0 0
vt 0 0
vt 0 0
vt 0 0
vt 0 0
vt 0 0
vt 0 0
vt 0 0
vt 0 0
vt 0 0
vt 0 0
vt 0 0
vt 0 0
vt 0 0
vt 0 0
vt 0 0
vt 0 0
vt 0 0
vt 0 0
vt 0 0
vt 0 0
vt 0 0
vt 0 0
vt 0 0
vt 0 0
vt 0 0
vt 0 0
vt 0 0
vt 0 0
vt 0 0
vt 0 0
vt 0 0
vt 0 0
vt 0 0
vt 0 0
vt 0 0
vt 0 0
vt 0 0
vt 0 0
vt 0 0
vt 0 0
vt 0 0
vt 0 0
vt 0 0
vt 0 0
vt 0 0
vt 0 0
vt 0 0
vt 0 0
vt 0 0
vt 0 0
vt 0 0
vt 0 0
vt 0 0
vt 0 0
vt 0 0
vt 0 0
vt 0 0
vt 0 0
vt 0 0
vt 0 0
vt 0 0
vt 0 0
vt 0 0
vt 0 0
vt 0 0
vt 0 0
vt 0 0
vt 0 0
vt 0 0
vt 0 0
vt 0 0
vt 0 0
vt 0 0
vt 0 0
vt 0 0
vt 0 0
vt 0 0
vt 0 0
vt 0 0
vt 0 0
vt 0 0
vt 0 0
vt 0 0
vt 0 0
vt 0 0
vt 0 0
vt 0 0
vt 0 0
vt 0 0
vt 0 0
vt 0 0
vt 0 0
vt 0 0
vt 0 0
vt 0 0
vt 0 0
vt 0 0
vt 0 0
vt 0 0
vt 0 0
vt 0 0
vt 0 0
vt 0 0
vt 0 0
vt 0 0
vt 0 0
vt 0 0
vt 0 0
vt 0 0
vt 0 0
vt 0 0
vt 0 0
vt 0 0
vt 0 0
vt 0 0
vt 0 0
vt 0 0
vt 0 0
vt 0 0
vt 0 0
vt 0 0
vt 0 0
vt 0 0
vt 0 0
vt 0 0
vt 0 0
vt 0 0
vt 0 0
vt 0 0
vt 0 0
vt 0 0
vt 0 0
vt 0 0
vt 0 0
vt 0 0
vt 0 0
vt 0 0
vt 0 0
vt 0 0
vt 0 0
vt 0 0
vt 0 0
vt 0 0
vt 0 0
vt 0 0
vt 0 0
vt 0 0
vt 0 0
vt 0 0
vt 0 0
vt 0 0
vt 0 0
vt 0 0
vt 0 0
vt 0 0
vt 0 0
vt 0 0
vt 0 0
vt 0 0
vt 0 0
vt 0 0
vt 0 0
vt 0 0
vt 0 0
vt 0 0
vt 0 0
vt 0 0
vt 0 0
vt 0 0
vt 0 0
vt 0 0
vt 0 0
vt 0 0
vt 0 0
vt 0 0
vt 0 0
vt 0 0
vt 0 0
vt 0 0
vt 0 0
vt 0 0
vt 0 0
vt 0 0
vt 0 0
vt 0 0
vt 0 0
vt 0 0
vt 0 0
vt 0 0
vt 0 0
vt 0 0
vt 0 0
vt 0 0
vt 0 0
vt 0 0
vt 0 0
vt 0 0
vt 0 0
vt 0 0
vt 0 0
vt 0 0
vt 0 0
vt 0 0
vt 0 0
vt 0 0
vt 0 0
vt 0 0
vt 0 0
vt 0 0
vt 0 0
vt 0 0
vt 0 0
vt 0 0
vt 0 0
vt 0 0
vt 0 0
vt 0 0
vt 0 0
vt 0 0
vt 0 0
vt 0 0
vt 0 0
vt 0 0
vt 0 0
vt 0 0
vt 0 0
vt 0 0
vt 0 0
vt 0 0
vt 0 0
vt 0 0
vt 0 0
vt 0 0
vt 0 0
vt 0 0
vt 0 0
vt 0 0
vt 0 0
vt 0 0
vt 0 0
vt 0 0
vt 0 0
vt 0 0
vt 0 0
vt 0 0
vt 0 0
vt 0 0
vt 0 0
vt 0 0
vt 0 0
vt 0 0
vt 0 0
vt 0 0
vt 0 0
vt 0 0
vt 0 0
vt 0 0
vt 0 0
vt 0 0
vt 0 0
vt 0 0
vt 0 0
vt 0 0
vt 0 0
vt 0 0
vt 0 0
vt 0 0
vt 0 0
vt 0 0
vt 0 0
vt 0 0
vt 0 0
vt 0 0
vt 0 0
vt 0 0
vt 0 0
vt 0 0
vt 0 0
vt 0 0
vt 0 0
vt 0 0
vt 0 0
vt 0 0
vt 0 0
vt 0 0
vt 0 0
vt 0 0
vt 0 0
vt 0 0
vt 0 0
vt 0 0
vt 0 0
vt 0 0
vt 0 0
vt 0 0
vt 0 0
vt 0 0
vt 0 0
vt 0 0
vt 0 0
vt 0 0
vt 0 0
vt 0 0
vt 0 0
vt 0 0
vt 0 0
vt 0 0
vt 0 0
vt 0 0
vt 0 0
vt 0 0
vt 0 0
vt 0 0
vt 0 0
vt 0 0
vt 0 0
vt 0 0
vt 0 0
vt 0 0
vt 0 0
vt 0 0
vt 0 0
vt 0 0
vt 0 0
vt 0 0
vt 0 0
vt 0 0
vt 0 0
vt 0 0
vt 0 0
vt 0 0
vt 0 0
vt 0 0
vt 0 0
vt 0 0
vt 0 0
vt 0 0
vt 0 0
vt 0 0
vt 0 0
vt 0 0
vt 0 0
vt 0 0
vt 0 0
vt 0 0
vt 0 0
vt 0 0
vt 0 0
vt 0 0
vt 0 0
vt 0 0
vt 0 0
vt 0 0
vt 0 0
vt 0 0
vt 0 0
vt 0 0
vt 0 0
vt 0 0
vt 0 0
vt 0 0
vt 0 0
vt 0 0
vt 0 0
vt 0 0
vt 0 0
vt 0 0
vt 0 0
vt 0 0
vt 0 0
vt 0 0
vt 0 0
vt 0 0
vt 0 0
vt 0 0
vt 0 0
vt 0 0
vt 0 0
vt 0 0
vt 0 0
vt 0 0
vt 0 0
vt 0 0
vt 0 0
vt 0 0
vt 0 0
vt 0 0
vt 0 0
vt 0 0
vt 0 0
vt 0 0
vt 0 0
vt 0 0
vt 0 0
vt 0 0
vt 0 0
vt -246.638 11.4074
vt -246.617 11.5766
vt -246.639 11.5474
vt -246.616 11.3786
vt -246.617 11.5766
vt -246.638 11.4074
vt -246.638 11.4074
vt -246.639 11.5474
vt -246.652 11.441
vt -246.616 11.3786
vt -246.589 11.5991
vt -246.617 11.5766
vt -246.652 11.441
vt -246.639 11.5474
vt -246.653 11.5135
vt -246.586 11.3566
vt -246.589 11.5991
vt -246.616 11.3786
vt -246.652 11.441
vt -246.653 11.5135
vt -246.658 11.4772
vt -246.586 11.3566
vt -246.555 11.6134
vt -246.589 11.5991
vt -246.553 11.3429
vt -246.555 11.6134
vt -246.586 11.3566
vt -246.553 11.3429
vt -246.519 11.6185
vt -246.555 11.6134
vt -246.516 11.3385
vt -246.519 11.6185
vt -246.553 11.3429
vt -246.516 11.3385
vt -246.482 11.614
vt -246.519 11.6185
vt -246.48 11.3436
vt -246.482 11.614
vt -246.516 11.3385
vt -246.48 11.3436
vt -246.449 11.6004
vt -246.482 11.614
vt -246.446 11.3579
vt -246.449 11.6004
vt -246.48 11.3436
vt -246.446 11.3579
vt -246.419 11.5784
vt -246.449 11.6004
vt -246.418 11.3804
vt -246.419 11.5784
vt -246.446 11.3579
vt -246.418 11.3804
vt -246.397 11.5496
vt -246.419 11.5784
vt -246.396 11.4096
vt -246.397 11.5496
vt -246.418 11.3804
vt -246.396 11.4096
vt -246.383 11.516
vt -246.397 11.5496
vt -246.382 11.4435
vt -246.383 11.516
vt -246.396 11.4096
vt -246.383 11.516
vt -246.382 11.4435
vt -246.378 11.4798
vt 0 0
vt 0 0
vt 0 0
vt 0 0
vt 0 0
vt 0 0
vt 0 0
vt 0 0
vt 0 0
vt 0 0
vt 0 0
vt 0 0
vt 0 0
vt 0 0
vt 0 0
vt 0 0
vt 0 0
vt 0 0
vt 0 0
vt 0 0
vt 0 0
vt 0 0
vt 0 0
vt 0 0
vt 0 0
vt 0 0
vt 0 0
vt 0 0
vt 0 0
vt 0 0
vt 0 0
vt 0 0
vt 0 0
vt 0 0
vt 0 0
vt 0 0
vt 0 0
vt 0 0
vt 0 0
vt 0 0
vt 0 0
vt 0 0
vt 0 0
vt 0 0
vt 0 0
vt 0 0
vt 0 0
vt 0 0
vt 0 0
vt 0 0
vt 0 0
vt 0 0
vt 0 0
vt 0 0
vt 0 0
vt 0 0
vt 0 0
vt 0 0
vt 0 0
vt 0 0
vt 0 0
vt 0 0
vt 0 0
vt 0 0
vt 0 0
vt 0 0
vt 0 0
vt 0 0
vt 0 0
vt 0 0
vt 0 0
vt 0 0
vt 0 0
vt 0 0
vt 0 0
vt 0 0
vt 0 0
vt 0 0
vt 0 0
vt 0 0
vt 0 0
vt 0 0
vt 0 0
vt 0 0
vt 0 0
vt 0 0
vt 0 0
vt 0 0
vt 0 0
vt 0 0
vt 0 0
vt 0 0
vt 0 0
vt 0 0
vt 0 0
vt 0 0
vt 0 0
vt 0 0
vt 0 0
vt 0 0
vt 0 0
vt 0 0
vt 0 0
vt 0 0
vt 0 0
vt 0 0
vt 0 0
vt 0 0
vt 0 0
vt 0 0
vt 0 0
vt 0 0
vt 0 0
vt 0 0
vt 0 0
vt 0 0
vt 0 0
vt 0 0
vt 0 0
vt 0 0
vt 0 0
vt 0 0
vt 0 0
vt 0 0
vt 0 0
vt 0 0
vt 0 0
vt 0 0
vt 0 0
vt 0 0
vt 0 0
vt 0 0
vt 0 0
vt 0 0
vt 0 0
vt 0 0
vt 0 0
vt 0 0
vt 0 0
vt 0 0
vt 0 0
vt 0 0
vt 0 0
vt 0 0
vt 0 0
vt 0 0
vt 0 0
vt 0 0
vt 0 0
vt 0 0
vt 0 0
vt 0 0
vt 0 0
vt 0 0
vt 0 0
vt 0 0
vt 0 0
vt 0 0
vt 0 0
vt 0 0
vt 0 0
vt 0 0
vt 0 0
vt 0 0
vt 0 0
vt 0 0
vt 0 0
vt 0 0
vt 0 0
vt 0 0
vt 0 0
vt 0 0
vt 0 0
vt 0 0
vt 0 0
vt 0 0
vt 0 0
vt 0 0
vt 0 0
vt 0 0
vt 0 0
vt 0 0
vt 0 0
vt 0 0
vt 0 0
vt 0 0
vt 0 0
vt 0 0
vt 0 0
vt 0 0
vt 0 0
vt 0 0
vt 0 0
vt 0 0
vt 0 0
vt 0 0
vt 0 0
vt 0 0
vt 0 0
vt 0 0
vt 0 0
vt 0 0
vt 0 0
vt 0 0
vt 0 0
vt 0 0
vt 0 0
vt 0 0
vt 0 0
vt 0 0
vt 0 0
vt 0 0
vt 0 0
vt 0 0
vt 0 0
vt 0 0
vt 0 0
vt 0 0
vt 0 0
vt 0 0
vt 0 0
vt 0 0
vt 0 0
vt 0 0
vt 0 0
vt 0 0
vt 0 0
vt 0 0
vt 0 0
vt 0 0
vt 0 0
vt 0 0
vt 0 0
vt 0 0
vt 0 0
vt 0 0
vt 0 0
vt 0 0
vt 0 0
vt 0 0
vt 0 0
vt 0 0
vt 0 0
vt 0 0
vt 0 0
vt 0 0
vt 0 0
vt 0 0
vt 0 0
vt 0 0
vt 0 0
vt 0 0
vt 0 0
vt 0 0
vt 0 0
vt 0 0
vt 0 0
vt 0 0
vt 0 0
vt 0 0
vt 0 0
vt 0 0
vt 0 0
vt 0 0
vt 0 0
vt 0 0
vt 0 0
vt 0 0
vt 0 0
vt 0 0
vt 0 0
vt 0 0
vt 0 0
vt 0 0
vt 0 0
vt 0 0
vt 0 0
vt 0 0
vt 0 0
vt 0 0
vt 0 0
vt 0 0
vt 0 0
vt 0 0
vt 0 0
vt 0 0
vt 0 0
vt 0 0
vt 0 0
vt 0 0
vt 0 0
vt 0 0
vt 0 0
vt 0 0
vt 0 0
vt 0 0
vt 0 0
vt 0 0
vt 0 0
vt 0 0
vt 0 0
vt 0 0
vt 0 0
vt 0 0
vt 0 0
vt 0 0
vt 0 0
vt 0 0
vt 0 0
vt 0 0
vt 0 0
vt 0 0
vt 0 0
vt 0 0
vt 0 0
vt 0 0
vt 0 0
vt 0 0
vt 0 0
vt 0 0
vt 0 0
vt 0 0
vt 0 0
vt 0 0
vt 0 0
vt 0 0
vt 0 0
vt 0 0
vt 0 0
vt 0 0
vt 0 0
vt 0 0
vt 0 0
vt 0 0
vt 0 0
vt 0 0
vt 0 0
vt 0 0
vt 0 0
vt 0 0
vt 0 0
vt 0 0
vt 0 0
vt 0 0
vt 0 0
vt 0 0
vt 0 0
vt 0 0
vt 0 0
vt 0 0
vt 0 0
vt 0 0
vt 0 0
vt 0 0
vt 0 0
vt 0 0
vt 0 0
vt 0 0
vt 0 0
vt 0 0
vt 0 0
vt 0 0
vt 0 0
vt 0 0
vt 0 0
vt 0 0
vt 0 0
vt 0 0
vt 0 0
vt 0 0
vt 0 0
vt 0 0
vt 0 0
vt 0 0
vt 0 0
vt 0 0
vt 0 0
vt 0 0
vt 0 0
vt 0 0
vt 0 0
vt 0 0
vt 0 0
vt 0 0
vt 0 0
vt 0 0
vt 0 0
vt 0 0
vt 0 0
vt 0 0
vt 0 0
vt 0 0
vt 0 0
vt 0 0
vt 0 0
vt 0 0
vt 0 0
vt 0 0
vt 0 0
vt 0 0
vt 0 0
vt 0 0
vt 0 0
vt 0 0
vt 0 0
vt 0 0
vt 0 0
vt 0 0
vt 0 0
vt 0 0
vt 0 0
vt 0 0
vt 0 0
vt 0 0
vt 0 0
vt 0 0
vt 0 0
vt 0 0
vt 0 0
vt 0 0
vt 0 0
vt 0 0
vt 0 0
vt 0 0
vt 0 0
vt 0 0
vt 0 0
vt 0 0
vt 0 0
vt 0 0
vt 0 0
vt 0 0
vt 0 0
vt 0 0
vt 0 0
vt 0 0
vt 0 0
vt 0 0
vt 0 0
vt 0 0
vt 0 0
vt 0 0
vt 0 0
vt 0 0
vt 0 0
vt 0 0
vt 0 0
vt 0 0
vt 0 0
vt 0 0
vt 0 0
vt 0 0
vt 0 0
vt 0 0
vt 0 0
vt 0 0
vt 0 0
vt 0 0
vt 0 0
vt 0 0
vt 0 0
vt 0 0
vt 0 0
vt 0 0
vt 0 0
vt 0 0
vt 0 0
vt 0 0
vt 0 0
vt 0 0
vt 0 0
vt 0 0
vt 0 0
vt 0 0
vt 0 0
vt 0 0
vt 0 0
vt 0 0
vt 0 0
vt 0 0
vt 0 0
vt 0 0
vt 0 0
vt 0 0
vt 0 0
vt 0 0
vt -258.25 11.3341
vt -258.237 11.4405
vt -258.251 11.4741
vt -258.236 11.368
vt -258.237 11.4405
vt -258.25 11.3341
vt -258.25 11.3341
vt -258.251 11.4741
vt -258.272 11.3049
vt -258.272 11.3049
vt -258.251 11.4741
vt -258.274 11.5029
vt -258.237 11.4405
vt -258.236 11.368
vt -258.232 11.4043
vt -258.272 11.3049
vt -258.274 11.5029
vt -258.301 11.2824
vt -258.301 11.2824
vt -258.274 11.5029
vt -258.303 11.5249
vt -258.301 11.2824
vt -258.303 11.5249
vt -258.334 11.2681
vt -258.334 11.2681
vt -258.303 11.5249
vt -258.337 11.5386
vt -258.334 11.2681
vt -258.337 11.5386
vt -258.371 11.263
vt -258.371 11.263
vt -258.337 11.5386
vt -258.373 11.543
vt -258.371 11.263
vt -258.373 11.543
vt -258.407 11.2674
vt -258.407 11.2674
vt -258.373 11.543
vt -258.409 11.5379
vt -258.407 11.2674
vt -258.409 11.5379
vt -258.441 11.2811
vt -258.441 11.2811
vt -258.409 11.5379
vt -258.443 11.5236
vt -258.441 11.2811
vt -258.443 11.5236
vt -258.47 11.3031
vt -258.47 11.3031
vt -258.443 11.5236
vt -258.472 11.5011
vt -258.47 11.3031
vt -258.472 11.5011
vt -258.492 11.3319
vt -258.492 11.3319
vt -258.472 11.5011
vt -258.494 11.4719
vt -258.492 11.3319
vt -258.494 11.4719
vt -258.507 11.3655
vt -258.507 11.3655
vt -258.494 11.4719
vt -258.507 11.438
vt -258.507 11.3655
vt -258.507 11.438
vt -258.512 11.4017
vt 0 0
vt 0 0
vt 0 0
vt 0 0
vt 0 0
vt 0 0
vt 0 0
vt 0 0
vt 0 0
vt 0 0
vt 0 0
vt 0 0
vt 0 0
vt 0 0
vt 0 0
vt 0 0
vt 0 0
vt 0 0
vt 0 0
vt 0 0
vt 0 0
vt 0 0
vt 0 0
vt 0 0
vt 0 0
vt 0 0
vt 0 0
vt 0 0
vt 0 0
vt 0 0
vt 0 0
vt 0 0
vt 0 0
vt 0 0
vt 0 0
vt 0 0
vt 0 0
vt 0 0
vt 0 0
vt 0 0
vt 0 0
vt 0 0
vt 0 0
vt 0 0
vt 0 0
vt 0 0
vt 0 0
vt 0 0
vt 0 0
vt 0 0
vt 0 0
vt 0 0
vt 0 0
vt 0 0
vt 0 0
vt 0 0
vt 0 0
vt 0 0
vt 0 0
vt 0 0
vt 0 0
vt 0 0
vt 0 0
vt 0 0
vt 0 0
vt 0 0
vt 0 0
vt 0 0
vt 0 0
vt 0 0
vt 0 0
vt 0 0
vt 0 0
vt 0 0
vt 0 0
vt 0 0
vt 0 0
vt 0 0
vt 0 0
vt 0 0
vt 0 0
vt 0 0
vt 0 0
vt 0 0
vt 0 0
vt 0 0
vt 0 0
vt 0 0
vt 0 0
vt 0 0
vt 0 0
vt 0 0
vt 0 0
vt 0 0
vt 0 0
vt 0 0
vt 0 0
vt 0 0
vt 0 0
vt 0 0
vt 0 0
vt 0 0
vt 0 0
vt 0 0
vt 0 0
vt 0 0
vt 0 0
vt 0 0
vt 0 0
vt 0 0
vt 0 0
vt 0 0
vt 0 0
vt 0 0
vt 0 0
vt 0 0
vt 0 0
vt 0 0
vt 0 0
vt 0 0
vt 0 0
vt 0 0
vt 0 0
vt 0 0
vt 0 0
vt 0 0
vt 0 0
vt 0 0
vt 0 0
vt 0 0
vt 0 0
vt 0 0
vt 0 0
vt 0 0
vt 0 0
vt 0 0
vt 0 0
vt 0 0
vt 0 0
vt 0 0
vt 0 0
vt 0 0
vt 0 0
vt 0 0
vt 0 0
vt 0 0
vt 0 0
vt 0 0
vt 0 0
vt 0 0
vt 0 0
vt 0 0
vt 0 0
vt 0 0
vt 0 0
vt 0 0
vt 0 0
vt 0 0
vt 0 0
vt 0 0
vt 0 0
vt 0 0
vt 0 0
vt 0 0
vt 0 0
vt 0 0
vt 0 0
vt 0 0
vt 0 0
vt 0 0
vt 0 0
vt 0 0
vt 0 0
vt 0 0
vt 0 0
vt 0 0
vt 0 0
vt 0 0
vt 0 0
vt 0 0
vt 0 0
vt 0 0
vt 0 0
vt 0 0
vt 0 0
vt 0 0
vt 0 0
vt 0 0
vt 0 0
vt 0 0
vt 0 0
vt 0 0
vt 0 0
vt 0 0
vt 0 0
vt 0 0
vt 0 0
vt 0 0
vt 0 0
vt 0 0
vt 0 0
vt 0 0
vt 0 0
vt 0 0
vt 0 0
vt 0 0
vt 0 0
vt 0 0
vt 0 0
vt 0 0
vt 0 0
vt 0 0
vt 0 0
vt 0 0
vt 0 0
vt 0 0
vt 0 0
vt 0 0
vt 0 0
vt 0 0
vt 0 0
vt 0 0
vt 0 0
vt 0 0
vt 0 0
vt 0 0
vt 0 0
vt 0 0
vt 0 0
vt 0 0
vt 0 0
vt 0 0
vt 0 0
vt 0 0
vt 0 0
vt 0 0
vt 0 0
vt 0 0
vt 0 0
vt 0 0
vt 0 0
vt 0 0
vt 0 0
vt 0 0
vt 0 0
vt 0 0
vt 0 0
vt 0 0
vt 0 0
vt 0 0
vt 0 0
vt 0 0
vt 0 0
vt 0 0
vt 0 0
vt 0 0
vt 0 0
vt 0 0
vt 0 0
vt 0 0
vt 0 0
vt 0 0
vt 0 0
vt 0 0
vt 0 0
vt 0 0
vt 0 0
vt 0 0
vt 0 0
vt 0 0
vt 0 0
vt 0 0
vt 0 0
vt 0 0
vt 0 0
vt 0 0
vt 0 0
vt 0 0
vt 0 0
vt 0 0
vt 0 0
vt 0 0
vt 0 0
vt 0 0
vt 0 0
vt 0 0
vt 0 0
vt 0 0
vt 0 0
vt 0 0
vt 0 0
vt 0 0
vt 0 0
vt 0 0
vt 0 0
vt 0 0
vt 0 0
vt 0 0
vt 0 0
vt 0 0
vt 0 0
vt 0 0
vt 0 0
vt 0 0
vt 0 0
vt 0 0
vt 0 0
vt 0 0
vt 0 0
vt 0 0
vt 0 0
vt 0 0
vt 0 0
vt 0 0
vt 0 0
vt 0 0
vt 0 0
vt 0 0
vt 0 0
vt 0 0
vt 0 0
vt 0 0
vt 0 0
vt 0 0
vt 0 0
vt 0 0
vt 0 0
vt 0 0
vt 0 0
vt 0 0
vt 0 0
vt 0 0
vt 0 0
vt 0 0
vt 0 0
vt 0 0
vt 0 0
vt 0 0
vt 0 0
vt 0 0
vt 0 0
vt 0 0
vt 0 0
vt 0 0
vt 0 0
vt 0 0
vt 0 0
vt 0 0
vt 0 0
vt 0 0
vt 0 0
vt 0 0
vt 0 0
vt 0 0
vt 0 0
vt 0 0
vt 0 0
vt 0 0
vt 0 0
vt 0 0
vt 0 0
vt 0 0
vt 0 0
vt 0 0
vt 0 0
vt 0 0
vt 0 0
vt 0 0
vt 0 0
vt 0 0
vt 0 0
vt 0 0
vt 0 0
vt 0 0
vt 0 0
vt 0 0
vt 0 0
vt 0 0
vt 0 0
vt 0 0
vt 0 0
vt 0 0
vt 0 0
vt 0 0
vt 0 0
vt 0 0
vt 0 0
vt 0 0
vt 0 0
vt 0 0
vt 0 0
vt 0 0
vt 0 0
vt 0 0
vt 0 0
vt 0 0
vt 0 0
vt 0 0
vt 0 0
vt 0 0
vt 0 0
vt 0 0
vt 0 0
vt 0 0
vt 0 0
vt 0 0
vt 0 0
vt 0 0
vt 0 0
vt 0 0
vt 0 0
vt 0 0
vt 0 0
vt 0 0
vt 0 0
vt 0 0
vt 0 0
vt 0 0
vt 0 0
vt 0 0
vt 0 0
vt 0 0
vt 0 0
vt 0 0
vt 0 0
vt 0 0
vt 0 0
vt 0 0
vt 0 0
vt 0 0
vt 0 0
vt 0 0
vt 0 0
vt 0 0
vt 0 0
vt 0 0
vt 0 0
vt 0 0
vt 0 0
vt 0 0
vt 0 0
vt 0 0
vt 0 0
vt 0 0
vt 0 0
vt 0 0
vt 0 0
vt 0 0
vt 0 0
vt 0 0
vt 0 0
vt 0 0
vt 0 0
vt 0 0
vt 0 0
vt 0 0
vt 0 0
vt 0 0
vt 0 0
vt 0 0
vt 0 0
vt 0 0
vt 0 0
vt 0 0
vt 0 0
vt 0 0
vt 0 0
vt 0 0
vt 0 0
vt 0 0
vt 0 0
vt 0 0
vt 0 0
vt 0 0
vt 0 0
vt 0 0
vt 0 0
vt 0 0
vt 0 0
vt 0 0
vt 0 0
vt 0 0
vt 0 0
vt 0 0
vt 0 0
vt 0 0
vt 248.459 11.6517
vt 248.49 11.3949
vt 248.493 11.6654
vt 248.493 11.6654
vt 248.526 11.3898
vt 248.529 11.6698
vt 248.459 11.6517
vt 248.456 11.4092
vt 248.49 11.3949
vt 248.493 11.6654
vt 248.49 11.3949
vt 248.526 11.3898
vt 248.529 11.6698
vt 248.526 11.3898
vt 248.563 11.3943
vt 248.429 11.6297
vt 248.456 11.4092
vt 248.459 11.6517
vt 248.529 11.6698
vt 248.563 11.3943
vt 248.565 11.6647
vt 248.407 11.6009
vt 248.428 11.4318
vt 248.429 11.6297
vt 248.429 11.6297
vt 248.428 11.4318
vt 248.456 11.4092
vt 248.565 11.6647
vt 248.563 11.3943
vt 248.596 11.408
vt 248.407 11.6009
vt 248.406 11.461
vt 248.428 11.4318
vt 248.565 11.6647
vt 248.596 11.408
vt 248.599 11.6504
vt 248.393 11.5673
vt 248.406 11.461
vt 248.407 11.6009
vt 248.599 11.6504
vt 248.596 11.408
vt 248.626 11.43
vt 248.393 11.5673
vt 248.392 11.4948
vt 248.406 11.461
vt 248.599 11.6504
vt 248.626 11.43
vt 248.627 11.6279
vt 248.392 11.4948
vt 248.393 11.5673
vt 248.388 11.5311
vt 248.627 11.6279
vt 248.626 11.43
vt 248.648 11.4587
vt 248.627 11.6279
vt 248.648 11.4587
vt 248.649 11.5987
vt 248.649 11.5987
vt 248.648 11.4587
vt 248.662 11.4924
vt 248.649 11.5987
vt 248.662 11.4924
vt 248.663 11.5648
vt 248.663 11.5648
vt 248.662 11.4924
vt 248.668 11.5286
usemtl d93760fda8d73aaece101336817a135f_1
f 1/1/1 2/2/2 3/3/3
f 4/4/4 5/5/5 6/6/6
f 7/7/7 8/8/8 9/9/9
f 10/10/10 11/11/11 12/12/12
f 13/13/13 14/14/14 15/15/15
f 16/16/16 17/17/17 18/18/18
f 19/19/19 20/20/20 21/21/21
f 22/22/22 23/23/23 24/24/24
f 25/25/25 26/26/26 27/27/27
f 28/28/28 29/29/29 30/30/30
f 31/31/31 32/32/32 33/33/33
f 34/34/34 35/35/35 36/36/36
f 37/37/37 38/38/38 39/39/39
f 40/40/40 41/41/41 42/42/42
f 43/43/43 44/44/44 45/45/45
f 46/46/46 47/47/47 48/48/48
f 49/49/49 50/50/50 51/51/51
f 52/52/52 53/53/53 54/54/54
f 55/55/55 56/56/56 57/57/57
f 58/58/58 59/59/59 60/60/60
f 61/61/61 62/62/62 63/63/63
f 64/64/64 65/65/65 66/66/66
f 67/67/67 68/68/68 69/69/69
f 70/70/70 71/71/71 72/72/72
f 73/73/73 74/74/74 75/75/75
f 76/76/76 77/77/77 78/78/78
f 79/79/79 80/80/80 81/81/81
f 82/82/82 83/83/83 84/84/84
f 85/85/85 86/86/86 87/87/87
f 88/88/88 89/89/89 90/90/90
f 91/91/91 92/92/92 93/93/93
f 94/94/94 95/95/95 96/96/96
f 97/97/97 98/98/98 99/99/99
f 100/100/100 101/101/101 102/102/102
f 103/103/103 104/104/104 105/105/105
f 106/106/106 107/107/107 108/108/108
f 109/109/109 110/110/110 111/111/111
f 112/112/112 113/113/113 114/114/114
f 115/115/115 116/116/116 117/117/117
f 118/118/118 119/119/119 120/120/120
f 121/121/121 122/122/122 123/123/123
f 124/124/124 125/125/125 126/126/126
f 127/127/127 128/128/128 129/129/129
f 130/130/130 131/131/131 132/132/132
f 133/133/133 134/134/134 135/135/135
f 136/136/136 137/137/137 138/138/138
f 139/139/139 140/140/140 141/141/141
f 142/142/142 143/143/143 144/144/144
f 145/145/145 146/146/146 147/147/147
f 148/148/148 149/149/149 150/150/150
f 151/151/151 152/152/152 153/153/153
f 154/154/154 155/155/155 156/156/156
f 157/157/157 158/158/158 159/159/159
f 160/160/160 161/161/161 162/162/162
f 163/163/163 164/164/164 165/165/165
f 166/166/166 167/167/167 168/168/168
f 169/169/169 170/170/170 171/171/171
f 172/172/172 173/173/173 174/174/174
f 175/175/175 176/176/176 177/177/177
f 178/178/178 179/179/179 180/180/180
f 181/181/181 182/182/182 183/183/183
f 184/184/184 185/185/185 186/186/186
f 187/187/187 188/188/188 189/189/189
f 190/190/190 191/191/191 192/192/192
f 193/193/193 194/194/194 195/195/195
f 196/196/196 197/197/197 198/198/198
f 199/199/199 200/200/200 201/201/201
f 202/202/202 203/203/203 204/204/204
f 205/205/205 206/206/206 207/207/207
f 208/208/208 209/209/209 210/210/210
f 211/211/211 212/212/212 213/213/213
f 214/214/214 215/215/215 216/216/216
f 217/217/217 218/218/218 219/219/219
f 220/220/220 221/221/221 222/222/222
f 223/223/223 224/224/224 225/225/225
f 226/226/226 227/227/227 228/228/228
f 229/229/229 230/230/230 231/231/231
f 232/232/232 233/233/233 234/234/234
f 235/235/235 236/236/236 237/237/237
f 238/238/238 239/239/239 240/240/240
f 241/241/241 242/242/242 243/243/243
f 244/244/244 245/245/245 246/246/246
f 247/247/247 248/248/248 249/249/249
f 250/250/250 251/251/251 252/252/252
f 253/253/253 254/254/254 255/255/255
f 256/256/256 257/257/257 258/258/258
f 259/259/259 260/260/260 261/261/261
f 262/262/262 263/263/263 264/264/264
f 265/265/265 266/266/266 267/267/267
f 268/268/268 269/269/269 270/270/270
f 271/271/271 272/272/272 273/273/273
f 274/274/274 275/275/275 276/276/276
f 277/277/277 278/278/278 279/279/279
f 280/280/280 281/281/281 282/282/282
f 283/283/283 284/284/284 285/285/285
f 286/286/286 287/287/287 288/288/288
f 289/289/289 290/290/290 291/291/291
f 292/292/292 293/293/293 294/294/294
f 295/295/295 296/296/296 297/297/297
f 298/298/298 299/299/299 300/300/300
f 301/301/301 302/302/302 303/303/303
f 304/304/304 305/305/305 306/306/306
f 307/307/307 308/308/308 309/309/309
f 310/310/310 311/311/311 312/312/312
f 313/313/313 314/314/314 315/315/315
f 316/316/316 317/317/317 318/318/318
f 319/319/319 320/320/320 321/321/321
f 322/322/322 323/323/323 324/324/324
f 325/325/325 326/326/326 327/327/327
f 328/328/328 329/329/329 330/330/330
f 331/331/331 332/332/332 333/333/333
f 334/334/334 335/335/335 336/336/336
f 337/337/337 338/338/338 339/339/339
f 340/340/340 341/341/341 342/342/342
f 343/343/343 344/344/344 345/345/345
f 346/346/346 347/347/347 348/348/348
f 349/349/349 350/350/350 351/351/351
f 352/352/352 353/353/353 354/354/354
f 355/355/355 356/356/356 357/357/357
f 358/358/358 359/359/359 360/360/360
f 361/361/361 362/362/362 363/363/363
f 364/364/364 365/365/365 366/366/366
f 367/367/367 368/368/368 369/369/369
f 370/370/370 371/371/371 372/372/372
f 373/373/373 374/374/374 375/375/375
f 376/376/376 377/377/377 378/378/378
f 379/379/379 380/380/380 381/381/381
f 382/382/382 383/383/383 384/384/384
f 385/385/385 386/386/386 387/387/387
f 388/388/388 389/389/389 390/390/390
f 391/391/391 392/392/392 393/393/393
f 394/394/394 395/395/395 396/396/396
f 397/397/397 398/398/398 399/399/399
f 400/400/400 401/401/401 402/402/402
f 403/403/403 404/404/404 405/405/405
f 406/406/406 407/407/407 408/408/408
f 409/409/409 410/410/410 411/411/411
f 412/412/412 413/413/413 414/414/414
f 415/415/415 416/416/416 417/417/417
f 418/418/418 419/419/419 420/420/420
f 421/421/421 422/422/422 423/423/423
f 424/424/424 425/425/425 426/426/426
f 427/427/427 428/428/428 429/429/429
f 430/430/430 431/431/431 432/432/432
f 433/433/433 434/434/434 435/435/435
f 436/436/436 437/437/437 438/438/438
f 439/439/439 440/440/440 441/441/441
f 442/442/442 443/443/443 444/444/444
f 445/445/445 446/446/446 447/447/447
f 448/448/448 449/449/449 450/450/450
f 451/451/451 452/452/452 453/453/453
f 454/454/454 455/455/455 456/456/456
f 457/457/457 458/458/458 459/459/459
f 460/460/460 461/461/461 462/462/462
f 463/463/463 464/464/464 465/465/465
f 466/466/466 467/467/467 468/468/468
f 469/469/469 470/470/470 471/471/471
f 472/472/472 473/473/473 474/474/474
f 475/475/475 476/476/476 477/477/477
f 478/478/478 479/479/479 480/480/480
f 481/481/481 482/482/482 483/483/483
f 484/484/484 485/485/485 486/486/486
f 487/487/487 488/488/488 489/489/489
f 490/490/490 491/491/491 492/492/492
f 493/493/493 494/494/494 495/495/495
f 496/496/496 497/497/497 498/498/498
f 499/499/499 500/500/500 501/501/501
f 502/502/502 503/503/503 504/504/504
f 505/505/505 506/506/506 507/507/507
f 508/508/508 509/509/509 510/510/510
f 511/511/511 512/512/512 513/513/513
f 514/514/514 515/515/515 516/516/516
f 517/517/517 518/518/518 519/519/519
f 520/520/520 521/521/521 522/522/522
f 523/523/523 524/524/524 525/525/525
f 526/526/526 527/527/527 528/528/528
f 529/529/529 530/530/530 531/531/531
f 532/532/532 533/533/533 534/534/534
f 535/535/535 536/536/536 537/537/537
f 538/538/538 539/539/539 540/540/540
f 541/541/541 542/542/542 543/543/543
f 544/544/544 545/545/545 546/546/546
f 547/547/547 548/548/548 549/549/549
f 550/550/550 551/551/551 552/552/552
f 553/553/553 554/554/554 555/555/555
f 556/556/556 557/557/557 558/558/558
f 559/559/559 560/560/560 561/561/561
f 562/562/562 563/563/563 564/564/564
f 565/565/565 566/566/566 567/567/567
f 568/568/568 569/569/569 570/570/570
f 571/571/571 572/572/572 573/573/573
f 574/574/574 575/575/575 576/576/576
f 577/577/577 578/578/578 579/579/579
f 580/580/580 581/581/581 582/582/582
f 583/583/583 584/584/584 585/585/585
f 586/586/586 587/587/587 588/588/588
f 589/589/589 590/590/590 591/591/591
f 592/592/592 593/593/593 594/594/594
f 595/595/595 596/596/596 597/597/597
f 598/598/598 599/599/599 600/600/600
f 601/601/601 602/602/602 603/603/603
f 604/604/604 605/605/605 606/606/606
f 607/607/607 608/608/608 609/609/609
f 610/610/610 611/611/611 612/612/612
f 613/613/613 614/614/614 615/615/615
f 616/616/616 617/617/617 618/618/618
f 619/619/619 620/620/620 621/621/621
f 622/622/622 623/623/623 624/624/624
f 625/625/625 626/626/626 627/627/627
f 628/628/628 629/629/629 630/630/630
f 631/631/631 632/632/632 633/633/633
f 634/634/634 635/635/635 636/636/636
f 637/637/637 638/638/638 639/639/639
f 640/640/640 641/641/641 642/642/642
f 643/643/643 644/644/644 645/645/645
f 646/646/646 647/647/647 648/648/648
f 649/649/649 650/650/650 651/651/651
f 652/652/652 653/653/653 654/654/654
f 655/655/655 656/656/656 657/657/657
f 658/658/658 659/659/659 660/660/660
f 661/661/661 662/662/662 663/663/663
f 664/664/664 665/665/665 666/666/666
f 667/667/667 668/668/668 669/669/669
f 670/670/670 671/671/671 672/672/672
f 673/673/673 674/674/674 675/675/675
f 676/676/676 677/677/677 678/678/678
f 679/679/679 680/680/680 681/681/681
f 682/682/682 683/683/683 684/684/684
f 685/685/685 686/686/686 687/687/687
f 688/688/688 689/689/689 690/690/690
f 691/691/691 692/692/692 693/693/693
f 694/694/694 695/695/695 696/696/696
f 697/697/697 698/698/698 699/699/699
f 700/700/700 701/701/701 702/702/702
f 703/703/703 704/704/704 705/705/705
f 706/706/706 707/707/707 708/708/708
f 709/709/709 710/710/710 711/711/711
f 712/712/712 713/713/713 714/714/714
f 715/715/715 716/716/716 717/717/717
f 718/718/718 719/719/719 720/720/720
f 721/721/721 722/722/722 723/723/723
f 724/724/724 725/725/725 726/726/726
f 727/727/727 728/728/728 729/729/729
f 730/730/730 731/731/731 732/732/732
f 733/733/733 734/734/734 735/735/735
f 736/736/736 737/737/737 738/738/738
f 739/739/739 740/740/740 741/741/741
f 742/742/742 743/743/743 744/744/744
f 745/745/745 746/746/746 747/747/747
f 748/748/748 749/749/749 750/750/750
f 751/751/751 752/752/752 753/753/753
f 754/754/754 755/755/755 756/756/756
f 757/757/757 758/758/758 759/759/759
f 760/760/760 761/761/761 762/762/762
f 763/763/763 764/764/764 765/765/765
f 766/766/766 767/767/767 768/768/768
f 769/769/769 770/770/770 771/771/771
f 772/772/772 773/773/773 774/774/774
f 775/775/775 776/776/776 777/777/777
f 778/778/778 779/779/779 780/780/780
f 781/781/781 782/782/782 783/783/783
f 784/784/784 785/785/785 786/786/786
f 787/787/787 788/788/788 789/789/789
f 790/790/790 791/791/791 792/792/792
f 793/793/793 794/794/794 795/795/795
f 796/796/796 797/797/797 798/798/798
f 799/799/799 800/800/800 801/801/801
f 802/802/802 803/803/803 804/804/804
f 805/805/805 806/806/806 807/807/807
f 808/808/808 809/809/809 810/810/810
f 811/811/811 812/812/812 813/813/813
f 814/814/814 815/815/815 816/816/816
f 817/817/817 818/818/818 819/819/819
f 820/820/820 821/821/821 822/822/822
f 823/823/823 824/824/824 825/825/825
f 826/826/826 827/827/827 828/828/828
f 829/829/829 830/830/830 831/831/831
f 832/832/832 833/833/833 834/834/834
f 835/835/835 836/836/836 837/837/837
f 838/838/838 839/839/839 840/840/840
f 841/841/841 842/842/842 843/843/843
f 844/844/844 845/845/845 846/846/846
f 847/847/847 848/848/848 849/849/849
f 850/850/850 851/851/851 852/852/852
f 853/853/853 854/854/854 855/855/855
f 856/856/856 857/857/857 858/858/858
f 859/859/859 860/860/860 861/861/861
f 862/862/862 863/863/863 864/864/864
f 865/865/865 866/866/866 867/867/867
f 868/868/868 869/869/869 870/870/870
f 871/871/871 872/872/872 873/873/873
f 874/874/874 875/875/875 876/876/876
f 877/877/877 878/878/878 879/879/879
f 880/880/880 881/881/881 882/882/882
f 883/883/883 884/884/884 885/885/885
f 886/886/886 887/887/887 888/888/888
f 889/889/889 890/890/890 891/891/891
f 892/892/892 893/893/893 894/894/894
f 895/895/895 896/896/896 897/897/897
f 898/898/898 899/899/899 900/900/900
f 901/901/901 902/902/902 903/903/903
f 904/904/904 905/905/905 906/906/906
f 907/907/907 908/908/908 909/909/909
f 910/910/910 911/911/911 912/912/912
f 913/913/913 914/914/914 915/915/915
f 916/916/916 917/917/917 918/918/918
f 919/919/919 920/920/920 921/921/921
f 922/922/922 923/923/923 924/924/924
f 925/925/925 926/926/926 927/927/927
f 928/928/928 929/929/929 930/930/930
f 931/931/931 932/932/932 933/933/933
f 934/934/934 935/935/935 936/936/936
f 937/937/937 938/938/938 939/939/939
f 940/940/940 941/941/941 942/942/942
f 943/943/943 944/944/944 945/945/945
f 946/946/946 947/947/947 948/948/948
f 949/949/949 950/950/950 951/951/951
f 952/952/952 953/953/953 954/954/954
f 955/955/955 956/956/956 957/957/957
f 958/958/958 959/959/959 960/960/960
f 961/961/961 962/962/962 963/963/963
f 964/964/964 965/965/965 966/966/966
f 967/967/967 968/968/968 969/969/969
f 970/970/970 971/971/971 972/972/972
f 973/973/973 974/974/974 975/975/975
f 976/976/976 977/977/977 978/978/978
f 979/979/979 980/980/980 981/981/981
f 982/982/982 983/983/983 984/984/984
f 985/985/985 986/986/986 987/987/987
f 988/988/988 989/989/989 990/990/990
f 991/991/991 992/992/992 993/993/993
f 994/994/994 995/995/995 996/996/996
f 997/997/997 998/998/998 999/999/999
f 1000/1000/1000 1001/1001/1001 1002/1002/1002
f 1003/1003/1003 1004/1004/1004 1005/1005/1005
f 1006/1006/1006 1007/1007/1007 1008/1008/1008
f 1009/1009/1009 1010/1010/1010 1011/1011/1011
f 1012/1012/1012 1013/1013/1013 1014/1014/1014
f 1015/1015/1015 1016/1016/1016 1017/1017/1017
f 1018/1018/1018 1019/1019/1019 1020/1020/1020
f 1021/1021/1021 1022/1022/1022 1023/1023/1023
f 1024/1024/1024 1025/1025/1025 1026/1026/1026
f 1027/1027/1027 1028/1028/1028 1029/1029/1029
f 1030/1030/1030 1031/1031/1031 1032/1032/1032
f 1033/1033/1033 1034/1034/1034 1035/1035/1035
f 1036/1036/1036 1037/1037/1037 1038/1038/1038
f 1039/1039/1039 1040/1040/1040 1041/1041/1041
f 1042/1042/1042 1043/1043/1043 1044/1044/1044
f 1045/1045/1045 1046/1046/1046 1047/1047/1047
f 1048/1048/1048 1049/1049/1049 1050/1050/1050
f 1051/1051/1051 1052/1052/1052 1053/1053/1053
f 1054/1054/1054 1055/1055/1055 1056/1056/1056
f 1057/1057/1057 1058/1058/1058 1059/1059/1059
f 1060/1060/1060 1061/1061/1061 1062/1062/1062
f 1063/1063/1063 1064/1064/1064 1065/1065/1065
f 1066/1066/1066 1067/1067/1067 1068/1068/1068
f 1069/1069/1069 1070/1070/1070 1071/1071/1071
f 1072/1072/1072 1073/1073/1073 1074/1074/1074
f 1075/1075/1075 1076/1076/1076 1077/1077/1077
f 1078/1078/1078 1079/1079/1079 1080/1080/1080
f 1081/1081/1081 1082/1082/1082 1083/1083/1083
f 1084/1084/1084 1085/1085/1085 1086/1086/1086
f 1087/1087/1087 1088/1088/1088 1089/1089/1089
f 1090/1090/1090 1091/1091/1091 1092/1092/1092
f 1093/1093/1093 1094/1094/1094 1095/1095/1095
f 1096/1096/1096 1097/1097/1097 1098/1098/1098
f 1099/1099/1099 1100/1100/1100 1101/1101/1101
f 1102/1102/1102 1103/1103/1103 1104/1104/1104
f 1105/1105/1105 1106/1106/1106 1107/1107/1107
f 1108/1108/1108 1109/1109/1109 1110/1110/1110
f 1111/1111/1111 1112/1112/1112 1113/1113/1113
f 1114/1114/1114 1115/1115/1115 1116/1116/1116
f 1117/1117/1117 1118/1118/1118 1119/1119/1119
f 1120/1120/1120 1121/1121/1121 1122/1122/1122
f 1123/1123/1123 1124/1124/1124 1125/1125/1125
f 1126/1126/1126 1127/1127/1127 1128/1128/1128
f 1129/1129/1129 1130/1130/1130 1131/1131/1131
f 1132/1132/1132 1133/1133/1133 1134/1134/1134
f 1135/1135/1135 1136/1136/1136 1137/1137/1137
f 1138/1138/1138 1139/1139/1139 1140/1140/1140
f 1141/1141/1141 1142/1142/1142 1143/1143/1143
f 1144/1144/1144 1145/1145/1145 1146/1146/1146
f 1147/1147/1147 1148/1148/1148 1149/1149/1149
f 1150/1150/1150 1151/1151/1151 1152/1152/1152
f 1153/1153/1153 1154/1154/1154 1155/1155/1155
f 1156/1156/1156 1157/1157/1157 1158/1158/1158
f 1159/1159/1159 1160/1160/1160 1161/1161/1161
f 1162/1162/1162 1163/1163/1163 1164/1164/1164
f 1165/1165/1165 1166/1166/1166 1167/1167/1167
f 1168/1168/1168 1169/1169/1169 1170/1170/1170
f 1171/1171/1171 1172/1172/1172 1173/1173/1173
f 1174/1174/1174 1175/1175/1175 1176/1176/1176
f 1177/1177/1177 1178/1178/1178 1179/1179/1179
f 1180/1180/1180 1181/1181/1181 1182/1182/1182
f 1183/1183/1183 1184/1184/1184 1185/1185/1185
f 1186/1186/1186 1187/1187/1187 1188/1188/1188
f 1189/1189/1189 1190/1190/1190 1191/1191/1191
f 1192/1192/1192 1193/1193/1193 1194/1194/1194
f 1195/1195/1195 1196/1196/1196 1197/1197/1197
f 1198/1198/1198 1199/1199/1199 1200/1200/1200
f 1201/1201/1201 1202/1202/1202 1203/1203/1203
f 1204/1204/1204 1205/1205/1205 1206/1206/1206
f 1207/1207/1207 1208/1208/1208 1209/1209/1209
f 1210/1210/1210 1211/1211/1211 1212/1212/1212
f 1213/1213/1213 1214/1214/1214 1215/1215/1215
f 1216/1216/1216 1217/1217/1217 1218/1218/1218
f 1219/1219/1219 1220/1220/1220 1221/1221/1221
f 1222/1222/1222 1223/1223/1223 1224/1224/1224
f 1225/1225/1225 1226/1226/1226 1227/1227/1227
f 1228/1228/1228 1229/1229/1229 1230/1230/1230
f 1231/1231/1231 1232/1232/1232 1233/1233/1233
f 1234/1234/1234 1235/1235/1235 1236/1236/1236
f 1237/1237/1237 1238/1238/1238 1239/1239/1239
f 1240/1240/1240 1241/1241/1241 1242/1242/1242
f 1243/1243/1243 1244/1244/1244 1245/1245/1245
f 1246/1246/1246 1247/1247/1247 1248/1248/1248
f 1249/1249/1249 1250/1250/1250 1251/1251/1251
f 1252/1252/1252 1253/1253/1253 1254/1254/1254
f 1255/1255/1255 1256/1256/1256 1257/1257/1257
f 1258/1258/1258 1259/1259/1259 1260/1260/1260
f 1261/1261/1261 1262/1262/1262 1263/1263/1263
f 1264/1264/1264 1265/1265/1265 1266/1266/1266
f 1267/1267/1267 1268/1268/1268 1269/1269/1269
f 1270/1270/1270 1271/1271/1271 1272/1272/1272
f 1273/1273/1273 1274/1274/1274 1275/1275/1275
f 1276/1276/1276 1277/1277/1277 1278/1278/1278
f 1279/1279/1279 1280/1280/1280 1281/1281/1281
f 1282/1282/1282 1283/1283/1283 1284/1284/1284
f 1285/1285/1285 1286/1286/1286 1287/1287/1287
f 1288/1288/1288 1289/1289/1289 1290/1290/1290
f 1291/1291/1291 1292/1292/1292 1293/1293/1293
f 1294/1294/1294 1295/1295/1295 1296/1296/1296
f 1297/1297/1297 1298/1298/1298 1299/1299/1299
f 1300/1300/1300 1301/1301/1301 1302/1302/1302
f 1303/1303/1303 1304/1304/1304 1305/1305/1305
f 1306/1306/1306 1307/1307/1307 1308/1308/1308
f 1309/1309/1309 1310/1310/1310 1311/1311/1311
f 1312/1312/1312 1313/1313/1313 1314/1314/1314
f 1315/1315/1315 1316/1316/1316 1317/1317/1317
f 1318/1318/1318 1319/1319/1319 1320/1320/1320
f 1321/1321/1321 1322/1322/1322 1323/1323/1323
f 1324/1324/1324 1325/1325/1325 1326/1326/1326
f 1327/1327/1327 1328/1328/1328 1329/1329/1329
f 1330/1330/1330 1331/1331/1331 1332/1332/1332
f 1333/1333/1333 1334/1334/1334 1335/1335/1335
f 1336/1336/1336 1337/1337/1337 1338/1338/1338
f 1339/1339/1339 1340/1340/1340 1341/1341/1341
f 1342/1342/1342 1343/1343/1343 1344/1344/1344
f 1345/1345/1345 1346/1346/1346 1347/1347/1347
f 1348/1348/1348 1349/1349/1349 1350/1350/1350
f 1351/1351/1351 1352/1352/1352 1353/1353/1353
f 1354/1354/1354 1355/1355/1355 1356/1356/1356
f 1357/1357/1357 1358/1358/1358 1359/1359/1359
f 1360/1360/1360 1361/1361/1361 1362/1362/1362
f 1363/1363/1363 1364/1364/1364 1365/1365/1365
f 1366/1366/1366 1367/1367/1367 1368/1368/1368
f 1369/1369/1369 1370/1370/1370 1371/1371/1371
f 1372/1372/1372 1373/1373/1373 1374/1374/1374
f 1375/1375/1375 1376/1376/1376 1377/1377/1377
f 1378/1378/1378 1379/1379/1379 1380/1380/1380
f 1381/1381/1381 1382/1382/1382 1383/1383/1383
f 1384/1384/1384 1385/1385/1385 1386/1386/1386
f 1387/1387/1387 1388/1388/1388 1389/1389/1389
f 1390/1390/1390 1391/1391/1391 1392/1392/1392
f 1393/1393/1393 1394/1394/1394 1395/1395/1395
f 1396/1396/1396 1397/1397/1397 1398/1398/1398
f 1399/1399/1399 1400/1400/1400 1401/1401/1401
f 1402/1402/1402 1403/1403/1403 1404/1404/1404
f 1405/1405/1405 1406/1406/1406 1407/1407/1407
f 1408/1408/1408 1409/1409/1409 1410/1410/1410
f 1411/1411/1411 1412/1412/1412 1413/1413/1413
f 1414/1414/1414 1415/1415/1415 1416/1416/1416
f 1417/1417/1417 1418/1418/1418 1419/1419/1419
f 1420/1420/1420 1421/1421/1421 1422/1422/1422
f 1423/1423/1423 1424/1424/1424 1425/1425/1425
f 1426/1426/1426 1427/1427/1427 1428/1428/1428
f 1429/1429/1429 1430/1430/1430 1431/1431/1431
f 1432/1432/1432 1433/1433/1433 1434/1434/1434
f 1435/1435/1435 1436/1436/1436 1437/1437/1437
f 1438/1438/1438 1439/1439/1439 1440/1440/1440
f 1441/1441/1441 1442/1442/1442 1443/1443/1443
f 1444/1444/1444 1445/1445/1445 1446/1446/1446
f 1447/1447/1447 1448/1448/1448 1449/1449/1449
f 1450/1450/1450 1451/1451/1451 1452/1452/1452
f 1453/1453/1453 1454/1454/1454 1455/1455/1455
f 1456/1456/1456 1457/1457/1457 1458/1458/1458
f 1459/1459/1459 1460/1460/1460 1461/1461/1461
f 1462/1462/1462 1463/1463/1463 1464/1464/1464
f 1465/1465/1465 1466/1466/1466 1467/1467/1467
f 1468/1468/1468 1469/1469/1469 1470/1470/1470
f 1471/1471/1471 1472/1472/1472 1473/1473/1473
f 1474/1474/1474 1475/1475/1475 1476/1476/1476
f 1477/1477/1477 1478/1478/1478 1479/1479/1479
f 1480/1480/1480 1481/1481/1481 1482/1482/1482
f 1483/1483/1483 1484/1484/1484 1485/1485/1485
f 1486/1486/1486 1487/1487/1487 1488/1488/1488
f 1489/1489/1489 1490/1490/1490 1491/1491/1491
f 1492/1492/1492 1493/1493/1493 1494/1494/1494
f 1495/1495/1495 1496/1496/1496 1497/1497/1497
f 1498/1498/1498 1499/1499/1499 1500/1500/1500
f 1501/1501/1501 1502/1502/1502 1503/1503/1503
f 1504/1504/1504 1505/1505/1505 1506/1506/1506
f 1507/1507/1507 1508/1508/1508 1509/1509/1509
f 1510/1510/1510 1511/1511/1511 1512/1512/1512
f 1513/1513/1513 1514/1514/1514 1515/1515/1515
f 1516/1516/1516 1517/1517/1517 1518/1518/1518
f 1519/1519/1519 1520/1520/1520 1521/1521/1521
f 1522/1522/1522 1523/1523/1523 1524/1524/1524
f 1525/1525/1525 1526/1526/1526 1527/1527/1527
f 1528/1528/1528 1529/1529/1529 1530/1530/1530
f 1531/1531/1531 1532/1532/1532 1533/1533/1533
f 1534/1534/1534 1535/1535/1535 1536/1536/1536
f 1537/1537/1537 1538/1538/1538 1539/1539/1539
f 1540/1540/1540 1541/1541/1541 1542/1542/1542
f 1543/1543/1543 1544/1544/1544 1545/1545/1545
f 1546/1546/1546 1547/1547/1547 1548/1548/1548
f 1549/1549/1549 1550/1550/1550 1551/1551/1551
f 1552/1552/1552 1553/1553/1553 1554/1554/1554
f 1555/1555/1555 1556/1556/1556 1557/1557/1557
f 1558/1558/1558 1559/1559/1559 1560/1560/1560
f 1561/1561/1561 1562/1562/1562 1563/1563/1563
f 1564/1564/1564 1565/1565/1565 1566/1566/1566
f 1567/1567/1567 1568/1568/1568 1569/1569/1569
f 1570/1570/1570 1571/1571/1571 1572/1572/1572
f 1573/1573/1573 1574/1574/1574 1575/1575/1575
f 1576/1576/1576 1577/1577/1577 1578/1578/1578
f 1579/1579/1579 1580/1580/1580 1581/1581/1581
f 1582/1582/1582 1583/1583/1583 1584/1584/1584
f 1585/1585/1585 1586/1586/1586 1587/1587/1587
f 1588/1588/1588 1589/1589/1589 1590/1590/1590
f 1591/1591/1591 1592/1592/1592 1593/1593/1593
f 1594/1594/1594 1595/1595/1595 1596/1596/1596
f 1597/1597/1597 1598/1598/1598 1599/1599/1599
f 1600/1600/1600 1601/1601/1601 1602/1602/1602
f 1603/1603/1603 1604/1604/1604 1605/1605/1605
f 1606/1606/1606 1607/1607/1607 1608/1608/1608
f 1609/1609/1609 1610/1610/1610 1611/1611/1611
f 1612/1612/1612 1613/1613/1613 1614/1614/1614
f 1615/1615/1615 1616/1616/1616 1617/1617/1617
f 1618/1618/1618 1619/1619/1619 1620/1620/1620
f 1621/1621/1621 1622/1622/1622 1623/1623/1623
f 1624/1624/1624 1625/1625/1625 1626/1626/1626
f 1627/1627/1627 1628/1628/1628 1629/1629/1629
f 1630/1630/1630 1631/1631/1631 1632/1632/1632
f 1633/1633/1633 1634/1634/1634 1635/1635/1635
f 1636/1636/1636 1637/1637/1637 1638/1638/1638
f 1639/1639/1639 1640/1640/1640 1641/1641/1641
f 1642/1642/1642 1643/1643/1643 1644/1644/1644
f 1645/1645/1645 1646/1646/1646 1647/1647/1647
f 1648/1648/1648 1649/1649/1649 1650/1650/1650
f 1651/1651/1651 1652/1652/1652 1653/1653/1653
f 1654/1654/1654 1655/1655/1655 1656/1656/1656
f 1657/1657/1657 1658/1658/1658 1659/1659/1659
f 1660/1660/1660 1661/1661/1661 1662/1662/1662
f 1663/1663/1663 1664/1664/1664 1665/1665/1665
f 1666/1666/1666 1667/1667/1667 1668/1668/1668
f 1669/1669/1669 1670/1670/1670 1671/1671/1671
f 1672/1672/1672 1673/1673/1673 1674/1674/1674
f 1675/1675/1675 1676/1676/1676 1677/1677/1677
f 1678/1678/1678 1679/1679/1679 1680/1680/1680
f 1681/1681/1681 1682/1682/1682 1683/1683/1683
f 1684/1684/1684 1685/1685/1685 1686/1686/1686
f 1687/1687/1687 1688/1688/1688 1689/1689/1689
f 1690/1690/1690 1691/1691/1691 1692/1692/1692
f 1693/1693/1693 1694/1694/1694 1695/1695/1695
f 1696/1696/1696 1697/1697/1697 1698/1698/1698
f 1699/1699/1699 1700/1700/1700 1701/1701/1701
f 1702/1702/1702 1703/1703/1703 1704/1704/1704
f 1705/1705/1705 1706/1706/1706 1707/1707/1707
f 1708/1708/1708 1709/1709/1709 1710/1710/1710
f 1711/1711/1711 1712/1712/1712 1713/1713/1713
f 1714/1714/1714 1715/1715/1715 1716/1716/1716
f 1717/1717/1717 1718/1718/1718 1719/1719/1719
f 1720/1720/1720 1721/1721/1721 1722/1722/1722
f 1723/1723/1723 1724/1724/1724 1725/1725/1725
f 1726/1726/1726 1727/1727/1727 1728/1728/1728
f 1729/1729/1729 1730/1730/1730 1731/1731/1731
f 1732/1732/1732 1733/1733/1733 1734/1734/1734
f 1735/1735/1735 1736/1736/1736 1737/1737/1737
f 1738/1738/1738 1739/1739/1739 1740/1740/1740
f 1741/1741/1741 1742/1742/1742 1743/1743/1743
f 1744/1744/1744 1745/1745/1745 1746/1746/1746
f 1747/1747/1747 1748/1748/1748 1749/1749/1749
f 1750/1750/1750 1751/1751/1751 1752/1752/1752
f 1753/1753/1753 1754/1754/1754 1755/1755/1755
f 1756/1756/1756 1757/1757/1757 1758/1758/1758
f 1759/1759/1759 1760/1760/1760 1761/1761/1761
f 1762/1762/1762 1763/1763/1763 1764/1764/1764
f 1765/1765/1765 1766/1766/1766 1767/1767/1767
f 1768/1768/1768 1769/1769/1769 1770/1770/1770
f 1771/1771/1771 1772/1772/1772 1773/1773/1773
f 1774/1774/1774 1775/1775/1775 1776/1776/1776
f 1777/1777/1777 1778/1778/1778 1779/1779/1779
f 1780/1780/1780 1781/1781/1781 1782/1782/1782
f 1783/1783/1783 1784/1784/1784 1785/1785/1785
f 1786/1786/1786 1787/1787/1787 1788/1788/1788
f 1789/1789/1789 1790/1790/1790 1791/1791/1791
f 1792/1792/1792 1793/1793/1793 1794/1794/1794
f 1795/1795/1795 1796/1796/1796 1797/1797/1797
f 1798/1798/1798 1799/1799/1799 1800/1800/1800
f 1801/1801/1801 1802/1802/1802 1803/1803/1803
f 1804/1804/1804 1805/1805/1805 1806/1806/1806
f 1807/1807/1807 1808/1808/1808 1809/1809/1809
f 1810/1810/1810 1811/1811/1811 1812/1812/1812
f 1813/1813/1813 1814/1814/1814 1815/1815/1815
f 1816/1816/1816 1817/1817/1817 1818/1818/1818
f 1819/1819/1819 1820/1820/1820 1821/1821/1821
f 1822/1822/1822 1823/1823/1823 1824/1824/1824
f 1825/1825/1825 1826/1826/1826 1827/1827/1827
f 1828/1828/1828 1829/1829/1829 1830/1830/1830
f 1831/1831/1831 1832/1832/1832 1833/1833/1833
f 1834/1834/1834 1835/1835/1835 1836/1836/1836
f 1837/1837/1837 1838/1838/1838 1839/1839/1839
f 1840/1840/1840 1841/1841/1841 1842/1842/1842
f 1843/1843/1843 1844/1844/1844 1845/1845/1845
f 1846/1846/1846 1847/1847/1847 1848/1848/1848
f 1849/1849/1849 1850/1850/1850 1851/1851/1851
f 1852/1852/1852 1853/1853/1853 1854/1854/1854
f 1855/1855/1855 1856/1856/1856 1857/1857/1857
f 1858/1858/1858 1859/1859/1859 1860/1860/1860
f 1861/1861/1861 1862/1862/1862 1863/1863/1863
f 1864/1864/1864 1865/1865/1865 1866/1866/1866
f 1867/1867/1867 1868/1868/1868 1869/1869/1869
f 1870/1870/1870 1871/1871/1871 1872/1872/1872
f 1873/1873/1873 1874/1874/1874 1875/1875/1875
f 1876/1876/1876 1877/1877/1877 1878/1878/1878
f 1879/1879/1879 1880/1880/1880 1881/1881/1881
f 1882/1882/1882 1883/1883/1883 1884/1884/1884
f 1885/1885/1885 1886/1886/1886 1887/1887/1887
f 1888/1888/1888 1889/1889/1889 1890/1890/1890
f 1891/1891/1891 1892/1892/1892 1893/1893/1893
f 1894/1894/1894 1895/1895/1895 1896/1896/1896
f 1897/1897/1897 1898/1898/1898 1899/1899/1899
f 1900/1900/1900 1901/1901/1901 1902/1902/1902
f 1903/1903/1903 1904/1904/1904 1905/1905/1905
f 1906/1906/1906 1907/1907/1907 1908/1908/1908
f 1909/1909/1909 1910/1910/1910 1911/1911/1911
f 1912/1912/1912 1913/1913/1913 1914/1914/1914
f 1915/1915/1915 1916/1916/1916 1917/1917/1917
f 1918/1918/1918 1919/1919/1919 1920/1920/1920
f 1921/1921/1921 1922/1922/1922 1923/1923/1923
f 1924/1924/1924 1925/1925/1925 1926/1926/1926
f 1927/1927/1927 1928/1928/1928 1929/1929/1929
f 1930/1930/1930 1931/1931/1931 1932/1932/1932
f 1933/1933/1933 1934/1934/1934 1935/1935/1935
f 1936/1936/1936 1937/1937/1937 1938/1938/1938
f 1939/1939/1939 1940/1940/1940 1941/1941/1941
f 1942/1942/1942 1943/1943/1943 1944/1944/1944
f 1945/1945/1945 1946/1946/1946 1947/1947/1947
f 1948/1948/1948 1949/1949/1949 1950/1950/1950
f 1951/1951/1951 1952/1952/1952 1953/1953/1953
f 1954/1954/1954 1955/1955/1955 1956/1956/1956
f 1957/1957/1957 1958/1958/1958 1959/1959/1959
f 1960/1960/1960 1961/1961/1961 1962/1962/1962
f 1963/1963/1963 1964/1964/1964 1965/1965/1965
f 1966/1966/1966 1967/1967/1967 1968/1968/1968
f 1969/1969/1969 1970/1970/1970 1971/1971/1971
f 1972/1972/1972 1973/1973/1973 1974/1974/1974
f 1975/1975/1975 1976/1976/1976 1977/1977/1977
f 1978/1978/1978 1979/1979/1979 1980/1980/1980
f 1981/1981/1981 1982/1982/1982 1983/1983/1983
f 1984/1984/1984 1985/1985/1985 1986/1986/1986
f 1987/1987/1987 1988/1988/1988 1989/1989/1989
f 1990/1990/1990 1991/1991/1991 1992/1992/1992
f 1993/1993/1993 1994/1994/1994 1995/1995/1995
f 1996/1996/1996 1997/1997/1997 1998/1998/1998
f 1999/1999/1999 2000/2000/2000 2001/2001/2001
f 2002/2002/2002 2003/2003/2003 2004/2004/2004
f 2005/2005/2005 2006/2006/2006 2007/2007/2007
f 2008/2008/2008 2009/2009/2009 2010/2010/2010
f 2011/2011/2011 2012/2012/2012 2013/2013/2013
f 2014/2014/2014 2015/2015/2015 2016/2016/2016
f 2017/2017/2017 2018/2018/2018 2019/2019/2019
f 2020/2020/2020 2021/2021/2021 2022/2022/2022
f 2023/2023/2023 2024/2024/2024 2025/2025/2025
f 2026/2026/2026 2027/2027/2027 2028/2028/2028
f 2029/2029/2029 2030/2030/2030 2031/2031/2031
f 2032/2032/2032 2033/2033/2033 2034/2034/2034
f 2035/2035/2035 2036/2036/2036 2037/2037/2037
f 2038/2038/2038 2039/2039/2039 2040/2040/2040
f 2041/2041/2041 2042/2042/2042 2043/2043/2043
f 2044/2044/2044 2045/2045/2045 2046/2046/2046
f 2047/2047/2047 2048/2048/2048 2049/2049/2049
f 2050/2050/2050 2051/2051/2051 2052/2052/2052
f 2053/2053/2053 2054/2054/2054 2055/2055/2055
f 2056/2056/2056 2057/2057/2057 2058/2058/2058
f 2059/2059/2059 2060/2060/2060 2061/2061/2061
f 2062/2062/2062 2063/2063/2063 2064/2064/2064
f 2065/2065/2065 2066/2066/2066 2067/2067/2067
f 2068/2068/2068 2069/2069/2069 2070/2070/2070
f 2071/2071/2071 2072/2072/2072 2073/2073/2073
f 2074/2074/2074 2075/2075/2075 2076/2076/2076
f 2077/2077/2077 2078/2078/2078 2079/2079/2079
f 2080/2080/2080 2081/2081/2081 2082/2082/2082
f 2083/2083/2083 2084/2084/2084 2085/2085/2085
f 2086/2086/2086 2087/2087/2087 2088/2088/2088
f 2089/2089/2089 2090/2090/2090 2091/2091/2091
f 2092/2092/2092 2093/2093/2093 2094/2094/2094
f 2095/2095/2095 2096/2096/2096 2097/2097/2097
f 2098/2098/2098 2099/2099/2099 2100/2100/2100
f 2101/2101/2101 2102/2102/2102 2103/2103/2103
f 2104/2104/2104 2105/2105/2105 2106/2106/2106
f 2107/2107/2107 2108/2108/2108 2109/2109/2109
f 2110/2110/2110 2111/2111/2111 2112/2112/2112
f 2113/2113/2113 2114/2114/2114 2115/2115/2115
f 2116/2116/2116 2117/2117/2117 2118/2118/2118
f 2119/2119/2119 2120/2120/2120 2121/2121/2121
f 2122/2122/2122 2123/2123/2123 2124/2124/2124
f 2125/2125/2125 2126/2126/2126 2127/2127/2127
f 2128/2128/2128 2129/2129/2129 2130/2130/2130
f 2131/2131/2131 2132/2132/2132 2133/2133/2133
f 2134/2134/2134 2135/2135/2135 2136/2136/2136
f 2137/2137/2137 2138/2138/2138 2139/2139/2139
f 2140/2140/2140 2141/2141/2141 2142/2142/2142
f 2143/2143/2143 2144/2144/2144 2145/2145/2145
f 2146/2146/2146 2147/2147/2147 2148/2148/2148
f 2149/2149/2149 2150/2150/2150 2151/2151/2151
f 2152/2152/2152 2153/2153/2153 2154/2154/2154
f 2155/2155/2155 2156/2156/2156 2157/2157/2157
f 2158/2158/2158 2159/2159/2159 2160/2160/2160
f 2161/2161/2161 2162/2162/2162 2163/2163/2163
f 2164/2164/2164 2165/2165/2165 2166/2166/2166
f 2167/2167/2167 2168/2168/2168 2169/2169/2169
f 2170/2170/2170 2171/2171/2171 2172/2172/2172
f 2173/2173/2173 2174/2174/2174 2175/2175/2175
f 2176/2176/2176 2177/2177/2177 2178/2178/2178
f 2179/2179/2179 2180/2180/2180 2181/2181/2181
f 2182/2182/2182 2183/2183/2183 2184/2184/2184
f 2185/2185/2185 2186/2186/2186 2187/2187/2187
f 2188/2188/2188 2189/2189/2189 2190/2190/2190
f 2191/2191/2191 2192/2192/2192 2193/2193/2193
f 2194/2194/2194 2195/2195/2195 2196/2196/2196
f 2197/2197/2197 2198/2198/2198 2199/2199/2199
f 2200/2200/2200 2201/2201/2201 2202/2202/2202
f 2203/2203/2203 2204/2204/2204 2205/2205/2205
f 2206/2206/2206 2207/2207/2207 2208/2208/2208
f 2209/2209/2209 2210/2210/2210 2211/2211/2211
f 2212/2212/2212 2213/2213/2213 2214/2214/2214
f 2215/2215/2215 2216/2216/2216 2217/2217/2217
f 2218/2218/2218 2219/2219/2219 2220/2220/2220
f 2221/2221/2221 2222/2222/2222 2223/2223/2223
f 2224/2224/2224 2225/2225/2225 2226/2226/2226
f 2227/2227/2227 2228/2228/2228 2229/2229/2229
f 2230/2230/2230 2231/2231/2231 2232/2232/2232
f 2233/2233/2233 2234/2234/2234 2235/2235/2235
f 2236/2236/2236 2237/2237/2237 2238/2238/2238
f 2239/2239/2239 2240/2240/2240 2241/2241/2241
f 2242/2242/2242 2243/2243/2243 2244/2244/2244
f 2245/2245/2245 2246/2246/2246 2247/2247/2247
f 2248/2248/2248 2249/2249/2249 2250/2250/2250
f 2251/2251/2251 2252/2252/2252 2253/2253/2253
f 2254/2254/2254 2255/2255/2255 2256/2256/2256
f 2257/2257/2257 2258/2258/2258 2259/2259/2259
f 2260/2260/2260 2261/2261/2261 2262/2262/2262
f 2263/2263/2263 2264/2264/2264 2265/2265/2265
f 2266/2266/2266 2267/2267/2267 2268/2268/2268
f 2269/2269/2269 2270/2270/2270 2271/2271/2271
f 2272/2272/2272 2273/2273/2273 2274/2274/2274
f 2275/2275/2275 2276/2276/2276 2277/2277/2277
f 2278/2278/2278 2279/2279/2279 2280/2280/2280
f 2281/2281/2281 2282/2282/2282 2283/2283/2283
f 2284/2284/2284 2285/2285/2285 2286/2286/2286
f 2287/2287/2287 2288/2288/2288 2289/2289/2289
f 2290/2290/2290 2291/2291/2291 2292/2292/2292
f 2293/2293/2293 2294/2294/2294 2295/2295/2295
f 2296/2296/2296 2297/2297/2297 2298/2298/2298
f 2299/2299/2299 2300/2300/2300 2301/2301/2301
f 2302/2302/2302 2303/2303/2303 2304/2304/2304
f 2305/2305/2305 2306/2306/2306 2307/2307/2307
f 2308/2308/2308 2309/2309/2309 2310/2310/2310
f 2311/2311/2311 2312/2312/2312 2313/2313/2313
f 2314/2314/2314 2315/2315/2315 2316/2316/2316
f 2317/2317/2317 2318/2318/2318 2319/2319/2319
f 2320/2320/2320 2321/2321/2321 2322/2322/2322
f 2323/2323/2323 2324/2324/2324 2325/2325/2325
f 2326/2326/2326 2327/2327/2327 2328/2328/2328
f 2329/2329/2329 2330/2330/2330 2331/2331/2331
f 2332/2332/2332 2333/2333/2333 2334/2334/2334
f 2335/2335/2335 2336/2336/2336 2337/2337/2337
f 2338/2338/2338 2339/2339/2339 2340/2340/2340
f 2341/2341/2341 2342/2342/2342 2343/2343/2343
f 2344/2344/2344 2345/2345/2345 2346/2346/2346
f 2347/2347/2347 2348/2348/2348 2349/2349/2349
f 2350/2350/2350 2351/2351/2351 2352/2352/2352
f 2353/2353/2353 2354/2354/2354 2355/2355/2355
f 2356/2356/2356 2357/2357/2357 2358/2358/2358
f 2359/2359/2359 2360/2360/2360 2361/2361/2361
f 2362/2362/2362 2363/2363/2363 2364/2364/2364
f 2365/2365/2365 2366/2366/2366 2367/2367/2367
f 2368/2368/2368 2369/2369/2369 2370/2370/2370
f 2371/2371/2371 2372/2372/2372 2373/2373/2373
f 2374/2374/2374 2375/2375/2375 2376/2376/2376
f 2377/2377/2377 2378/2378/2378 2379/2379/2379
f 2380/2380/2380 2381/2381/2381 2382/2382/2382
f 2383/2383/2383 2384/2384/2384 2385/2385/2385
f 2386/2386/2386 2387/2387/2387 2388/2388/2388
f 2389/2389/2389 2390/2390/2390 2391/2391/2391
f 2392/2392/2392 2393/2393/2393 2394/2394/2394
f 2395/2395/2395 2396/2396/2396 2397/2397/2397
f 2398/2398/2398 2399/2399/2399 2400/2400/2400
f 2401/2401/2401 2402/2402/2402 2403/2403/2403
f 2404/2404/2404 2405/2405/2405 2406/2406/2406
f 2407/2407/2407 2408/2408/2408 2409/2409/2409
f 2410/2410/2410 2411/2411/2411 2412/2412/2412
f 2413/2413/2413 2414/2414/2414 2415/2415/2415
f 2416/2416/2416 2417/2417/2417 2418/2418/2418
f 2419/2419/2419 2420/2420/2420 2421/2421/2421
f 2422/2422/2422 2423/2423/2423 2424/2424/2424
f 2425/2425/2425 2426/2426/2426 2427/2427/2427
f 2428/2428/2428 2429/2429/2429 2430/2430/2430
f 2431/2431/2431 2432/2432/2432 2433/2433/2433
f 2434/2434/2434 2435/2435/2435 2436/2436/2436
f 2437/2437/2437 2438/2438/2438 2439/2439/2439
f 2440/2440/2440 2441/2441/2441 2442/2442/2442
f 2443/2443/2443 2444/2444/2444 2445/2445/2445
f 2446/2446/2446 2447/2447/2447 2448/2448/2448
f 2449/2449/2449 2450/2450/2450 2451/2451/2451
f 2452/2452/2452 2453/2453/2453 2454/2454/2454
f 2455/2455/2455 2456/2456/2456 2457/2457/2457
f 2458/2458/2458 2459/2459/2459 2460/2460/2460
f 2461/2461/2461 2462/2462/2462 2463/2463/2463
f 2464/2464/2464 2465/2465/2465 2466/2466/2466
f 2467/2467/2467 2468/2468/2468 2469/2469/2469
f 2470/2470/2470 2471/2471/2471 2472/2472/2472
f 2473/2473/2473 2474/2474/2474 2475/2475/2475
f 2476/2476/2476 2477/2477/2477 2478/2478/2478
f 2479/2479/2479 2480/2480/2480 2481/2481/2481
f 2482/2482/2482 2483/2483/2483 2484/2484/2484
f 2485/2485/2485 2486/2486/2486 2487/2487/2487
f 2488/2488/2488 2489/2489/2489 2490/2490/2490
f 2491/2491/2491 2492/2492/2492 2493/2493/2493
f 2494/2494/2494 2495/2495/2495 2496/2496/2496
f 2497/2497/2497 2498/2498/2498 2499/2499/2499
f 2500/2500/2500 2501/2501/2501 2502/2502/2502
f 2503/2503/2503 2504/2504/2504 2505/2505/2505
f 2506/2506/2506 2507/2507/2507 2508/2508/2508
f 2509/2509/2509 2510/2510/2510 2511/2511/2511
f 2512/2512/2512 2513/2513/2513 2514/2514/2514
f 2515/2515/2515 2516/2516/2516 2517/2517/2517
f 2518/2518/2518 2519/2519/2519 2520/2520/2520
f 2521/2521/2521 2522/2522/2522 2523/2523/2523
f 2524/2524/2524 2525/2525/2525 2526/2526/2526
f 2527/2527/2527 2528/2528/2528 2529/2529/2529
f 2530/2530/2530 2531/2531/2531 2532/2532/2532
f 2533/2533/2533 2534/2534/2534 2535/2535/2535
f 2536/2536/2536 2537/2537/2537 2538/2538/2538
f 2539/2539/2539 2540/2540/2540 2541/2541/2541
f 2542/2542/2542 2543/2543/2543 2544/2544/2544
f 2545/2545/2545 2546/2546/2546 2547/2547/2547
f 2548/2548/2548 2549/2549/2549 2550/2550/2550
f 2551/2551/2551 2552/2552/2552 2553/2553/2553
f 2554/2554/2554 2555/2555/2555 2556/2556/2556
f 2557/2557/2557 2558/2558/2558 2559/2559/2559
f 2560/2560/2560 2561/2561/2561 2562/2562/2562
f 2563/2563/2563 2564/2564/2564 2565/2565/2565
f 2566/2566/2566 2567/2567/2567 2568/2568/2568
f 2569/2569/2569 2570/2570/2570 2571/2571/2571
f 2572/2572/2572 2573/2573/2573 2574/2574/2574
f 2575/2575/2575 2576/2576/2576 2577/2577/2577
f 2578/2578/2578 2579/2579/2579 2580/2580/2580
f 2581/2581/2581 2582/2582/2582 2583/2583/2583
f 2584/2584/2584 2585/2585/2585 2586/2586/2586
f 2587/2587/2587 2588/2588/2588 2589/2589/2589
f 2590/2590/2590 2591/2591/2591 2592/2592/2592
f 2593/2593/2593 2594/2594/2594 2595/2595/2595
f 2596/2596/2596 2597/2597/2597 2598/2598/2598
f 2599/2599/2599 2600/2600/2600 2601/2601/2601
f 2602/2602/2602 2603/2603/2603 2604/2604/2604
f 2605/2605/2605 2606/2606/2606 2607/2607/2607
f 2608/2608/2608 2609/2609/2609 2610/2610/2610
f 2611/2611/2611 2612/2612/2612 2613/2613/2613
f 2614/2614/2614 2615/2615/2615 2616/2616/2616
f 2617/2617/2617 2618/2618/2618 2619/2619/2619
f 2620/2620/2620 2621/2621/2621 2622/2622/2622
f 2623/2623/2623 2624/2624/2624 2625/2625/2625
f 2626/2626/2626 2627/2627/2627 2628/2628/2628
f 2629/2629/2629 2630/2630/2630 2631/2631/2631
f 2632/2632/2632 2633/2633/2633 2634/2634/2634
f 2635/2635/2635 2636/2636/2636 2637/2637/2637
f 2638/2638/2638 2639/2639/2639 2640/2640/2640
f 2641/2641/2641 2642/2642/2642 2643/2643/2643
f 2644/2644/2644 2645/2645/2645 2646/2646/2646
f 2647/2647/2647 2648/2648/2648 2649/2649/2649
f 2650/2650/2650 2651/2651/2651 2652/2652/2652
f 2653/2653/2653 2654/2654/2654 2655/2655/2655
f 2656/2656/2656 2657/2657/2657 2658/2658/2658
f 2659/2659/2659 2660/2660/2660 2661/2661/2661
f 2662/2662/2662 2663/2663/2663 2664/2664/2664
f 2665/2665/2665 2666/2666/2666 2667/2667/2667
f 2668/2668/2668 2669/2669/2669 2670/2670/2670
f 2671/2671/2671 2672/2672/2672 2673/2673/2673
f 2674/2674/2674 2675/2675/2675 2676/2676/2676
f 2677/2677/2677 2678/2678/2678 2679/2679/2679
f 2680/2680/2680 2681/2681/2681 2682/2682/2682
f 2683/2683/2683 2684/2684/2684 2685/2685/2685
f 2686/2686/2686 2687/2687/2687 2688/2688/2688
f 2689/2689/2689 2690/2690/2690 2691/2691/2691
f 2692/2692/2692 2693/2693/2693 2694/2694/2694
f 2695/2695/2695 2696/2696/2696 2697/2697/2697
f 2698/2698/2698 2699/2699/2699 2700/2700/2700
f 2701/2701/2701 2702/2702/2702 2703/2703/2703
f 2704/2704/2704 2705/2705/2705 2706/2706/2706
f 2707/2707/2707 2708/2708/2708 2709/2709/2709
f 2710/2710/2710 2711/2711/2711 2712/2712/2712
f 2713/2713/2713 2714/2714/2714 2715/2715/2715
f 2716/2716/2716 2717/2717/2717 2718/2718/2718
f 2719/2719/2719 2720/2720/2720 2721/2721/2721
f 2722/2722/2722 2723/2723/2723 2724/2724/2724
f 2725/2725/2725 2726/2726/2726 2727/2727/2727
f 2728/2728/2728 2729/2729/2729 2730/2730/2730
f 2731/2731/2731 2732/2732/2732 2733/2733/2733
f 2734/2734/2734 2735/2735/2735 2736/2736/2736
f 2737/2737/2737 2738/2738/2738 2739/2739/2739
f 2740/2740/2740 2741/2741/2741 2742/2742/2742
f 2743/2743/2743 2744/2744/2744 2745/2745/2745
f 2746/2746/2746 2747/2747/2747 2748/2748/2748
f 2749/2749/2749 2750/2750/2750 2751/2751/2751
f 2752/2752/2752 2753/2753/2753 2754/2754/2754
f 2755/2755/2755 2756/2756/2756 2757/2757/2757
f 2758/2758/2758 2759/2759/2759 2760/2760/2760
f 2761/2761/2761 2762/2762/2762 2763/2763/2763
f 2764/2764/2764 2765/2765/2765 2766/2766/2766
f 2767/2767/2767 2768/2768/2768 2769/2769/2769
f 2770/2770/2770 2771/2771/2771 2772/2772/2772
f 2773/2773/2773 2774/2774/2774 2775/2775/2775
f 2776/2776/2776 2777/2777/2777 2778/2778/2778
f 2779/2779/2779 2780/2780/2780 2781/2781/2781
f 2782/2782/2782 2783/2783/2783 2784/2784/2784
f 2785/2785/2785 2786/2786/2786 2787/2787/2787
f 2788/2788/2788 2789/2789/2789 2790/2790/2790
f 2791/2791/2791 2792/2792/2792 2793/2793/2793
f 2794/2794/2794 2795/2795/2795 2796/2796/2796
f 2797/2797/2797 2798/2798/2798 2799/2799/2799
f 2800/2800/2800 2801/2801/2801 2802/2802/2802
f 2803/2803/2803 2804/2804/2804 2805/2805/2805
f 2806/2806/2806 2807/2807/2807 2808/2808/2808
f 2809/2809/2809 2810/2810/2810 2811/2811/2811
f 2812/2812/2812 2813/2813/2813 2814/2814/2814
f 2815/2815/2815 2816/2816/2816 2817/2817/2817
f 2818/2818/2818 2819/2819/2819 2820/2820/2820
f 2821/2821/2821 2822/2822/2822 2823/2823/2823
f 2824/2824/2824 2825/2825/2825 2826/2826/2826
f 2827/2827/2827 2828/2828/2828 2829/2829/2829
f 2830/2830/2830 2831/2831/2831 2832/2832/2832
f 2833/2833/2833 2834/2834/2834 2835/2835/2835
f 2836/2836/2836 2837/2837/2837 2838/2838/2838
f 2839/2839/2839 2840/2840/2840 2841/2841/2841
f 2842/2842/2842 2843/2843/2843 2844/2844/2844
f 2845/2845/2845 2846/2846/2846 2847/2847/2847
f 2848/2848/2848 2849/2849/2849 2850/2850/2850
f 2851/2851/2851 2852/2852/2852 2853/2853/2853
f 2854/2854/2854 2855/2855/2855 2856/2856/2856
f 2857/2857/2857 2858/2858/2858 2859/2859/2859
f 2860/2860/2860 2861/2861/2861 2862/2862/2862
f 2863/2863/2863 2864/2864/2864 2865/2865/2865
f 2866/2866/2866 2867/2867/2867 2868/2868/2868
f 2869/2869/2869 2870/2870/2870 2871/2871/2871
f 2872/2872/2872 2873/2873/2873 2874/2874/2874
f 2875/2875/2875 2876/2876/2876 2877/2877/2877
f 2878/2878/2878 2879/2879/2879 2880/2880/2880
f 2881/2881/2881 2882/2882/2882 2883/2883/2883
f 2884/2884/2884 2885/2885/2885 2886/2886/2886
f 2887/2887/2887 2888/2888/2888 2889/2889/2889
f 2890/2890/2890 2891/2891/2891 2892/2892/2892
f 2893/2893/2893 2894/2894/2894 2895/2895/2895
f 2896/2896/2896 2897/2897/2897 2898/2898/2898
f 2899/2899/2899 2900/2900/2900 2901/2901/2901
f 2902/2902/2902 2903/2903/2903 2904/2904/2904
f 2905/2905/2905 2906/2906/2906 2907/2907/2907
f 2908/2908/2908 2909/2909/2909 2910/2910/2910
f 2911/2911/2911 2912/2912/2912 2913/2913/2913
f 2914/2914/2914 2915/2915/2915 2916/2916/2916
f 2917/2917/2917 2918/2918/2918 2919/2919/2919
f 2920/2920/2920 2921/2921/2921 2922/2922/2922
f 2923/2923/2923 2924/2924/2924 2925/2925/2925
f 2926/2926/2926 2927/2927/2927 2928/2928/2928
f 2929/2929/2929 2930/2930/2930 2931/2931/2931
f 2932/2932/2932 2933/2933/2933 2934/2934/2934
f 2935/2935/2935 2936/2936/2936 2937/2937/2937
f 2938/2938/2938 2939/2939/2939 2940/2940/2940
f 2941/2941/2941 2942/2942/2942 2943/2943/2943
f 2944/2944/2944 2945/2945/2945 2946/2946/2946
f 2947/2947/2947 2948/2948/2948 2949/2949/2949
f 2950/2950/2950 2951/2951/2951 2952/2952/2952
f 2953/2953/2953 2954/2954/2954 2955/2955/2955
f 2956/2956/2956 2957/2957/2957 2958/2958/2958
f 2959/2959/2959 2960/2960/2960 2961/2961/2961
f 2962/2962/2962 2963/2963/2963 2964/2964/2964
f 2965/2965/2965 2966/2966/2966 2967/2967/2967
f 2968/2968/2968 2969/2969/2969 2970/2970/2970
f 2971/2971/2971 2972/2972/2972 2973/2973/2973
f 2974/2974/2974 2975/2975/2975 2976/2976/2976
f 2977/2977/2977 2978/2978/2978 2979/2979/2979
f 2980/2980/2980 2981/2981/2981 2982/2982/2982
f 2983/2983/2983 2984/2984/2984 2985/2985/2985
f 2986/2986/2986 2987/2987/2987 2988/2988/2988
f 2989/2989/2989 2990/2990/2990 2991/2991/2991
f 2992/2992/2992 2993/2993/2993 2994/2994/2994
f 2995/2995/2995 2996/2996/2996 2997/2997/2997
f 2998/2998/2998 2999/2999/2999 3000/3000/3000
f 3001/3001/3001 3002/3002/3002 3003/3003/3003
f 3004/3004/3004 3005/3005/3005 3006/3006/3006
f 3007/3007/3007 3008/3008/3008 3009/3009/3009
f 3010/3010/3010 3011/3011/3011 3012/3012/3012
f 3013/3013/3013 3014/3014/3014 3015/3015/3015
f 3016/3016/3016 3017/3017/3017 3018/3018/3018
f 3019/3019/3019 3020/3020/3020 3021/3021/3021
f 3022/3022/3022 3023/3023/3023 3024/3024/3024
f 3025/3025/3025 3026/3026/3026 3027/3027/3027
f 3028/3028/3028 3029/3029/3029 3030/3030/3030
f 3031/3031/3031 3032/3032/3032 3033/3033/3033
f 3034/3034/3034 3035/3035/3035 3036/3036/3036
f 3037/3037/3037 3038/3038/3038 3039/3039/3039
f 3040/3040/3040 3041/3041/3041 3042/3042/3042
f 3043/3043/3043 3044/3044/3044 3045/3045/3045
f 3046/3046/3046 3047/3047/3047 3048/3048/3048
f 3049/3049/3049 3050/3050/3050 3051/3051/3051
f 3052/3052/3052 3053/3053/3053 3054/3054/3054
f 3055/3055/3055 3056/3056/3056 3057/3057/3057
f 3058/3058/3058 3059/3059/3059 3060/3060/3060
f 3061/3061/3061 3062/3062/3062 3063/3063/3063
f 3064/3064/3064 3065/3065/3065 3066/3066/3066
f 3067/3067/3067 3068/3068/3068 3069/3069/3069
f 3070/3070/3070 3071/3071/3071 3072/3072/3072
f 3073/3073/3073 3074/3074/3074 3075/3075/3075
f 3076/3076/3076 3077/3077/3077 3078/3078/3078
f 3079/3079/3079 3080/3080/3080 3081/3081/3081
f 3082/3082/3082 3083/3083/3083 3084/3084/3084
f 3085/3085/3085 3086/3086/3086 3087/3087/3087
f 3088/3088/3088 3089/3089/3089 3090/3090/3090
f 3091/3091/3091 3092/3092/3092 3093/3093/3093
f 3094/3094/3094 3095/3095/3095 3096/3096/3096
f 3097/3097/3097 3098/3098/3098 3099/3099/3099
f 3100/3100/3100 3101/3101/3101 3102/3102/3102
f 3103/3103/3103 3104/3104/3104 3105/3105/3105
f 3106/3106/3106 3107/3107/3107 3108/3108/3108
f 3109/3109/3109 3110/3110/3110 3111/3111/3111
f 3112/3112/3112 3113/3113/3113 3114/3114/3114
f 3115/3115/3115 3116/3116/3116 3117/3117/3117
f 3118/3118/3118 3119/3119/3119 3120/3120/3120
f 3121/3121/3121 3122/3122/3122 3123/3123/3123
f 3124/3124/3124 3125/3125/3125 3126/3126/3126
f 3127/3127/3127 3128/3128/3128 3129/3129/3129
f 3130/3130/3130 3131/3131/3131 3132/3132/3132
f 3133/3133/3133 3134/3134/3134 3135/3135/3135
f 3136/3136/3136 3137/3137/3137 3138/3138/3138
f 3139/3139/3139 3140/3140/3140 3141/3141/3141
f 3142/3142/3142 3143/3143/3143 3144/3144/3144
f 3145/3145/3145 3146/3146/3146 3147/3147/3147
f 3148/3148/3148 3149/3149/3149 3150/3150/3150
f 3151/3151/3151 3152/3152/3152 3153/3153/3153
f 3154/3154/3154 3155/3155/3155 3156/3156/3156
f 3157/3157/3157 3158/3158/3158 3159/3159/3159
f 3160/3160/3160 3161/3161/3161 3162/3162/3162
f 3163/3163/3163 3164/3164/3164 3165/3165/3165
f 3166/3166/3166 3167/3167/3167 3168/3168/3168
f 3169/3169/3169 3170/3170/3170 3171/3171/3171
f 3172/3172/3172 3173/3173/3173 3174/3174/3174
f 3175/3175/3175 3176/3176/3176 3177/3177/3177
f 3178/3178/3178 3179/3179/3179 3180/3180/3180
f 3181/3181/3181 3182/3182/3182 3183/3183/3183
f 3184/3184/3184 3185/3185/3185 3186/3186/3186
f 3187/3187/3187 3188/3188/3188 3189/3189/3189
f 3190/3190/3190 3191/3191/3191 3192/3192/3192
f 3193/3193/3193 3194/3194/3194 3195/3195/3195
f 3196/3196/3196 3197/3197/3197 3198/3198/3198
f 3199/3199/3199 3200/3200/3200 3201/3201/3201
f 3202/3202/3202 3203/3203/3203 3204/3204/3204
f 3205/3205/3205 3206/3206/3206 3207/3207/3207
f 3208/3208/3208 3209/3209/3209 3210/3210/3210
f 3211/3211/3211 3212/3212/3212 3213/3213/3213
f 3214/3214/3214 3215/3215/3215 3216/3216/3216
f 3217/3217/3217 3218/3218/3218 3219/3219/3219
f 3220/3220/3220 3221/3221/3221 3222/3222/3222
f 3223/3223/3223 3224/3224/3224 3225/3225/3225
f 3226/3226/3226 3227/3227/3227 3228/3228/3228
f 3229/3229/3229 3230/3230/3230 3231/3231/3231
f 3232/3232/3232 3233/3233/3233 3234/3234/3234
f 3235/3235/3235 3236/3236/3236 3237/3237/3237
f 3238/3238/3238 3239/3239/3239 3240/3240/3240
f 3241/3241/3241 3242/3242/3242 3243/3243/3243
f 3244/3244/3244 3245/3245/3245 3246/3246/3246
f 3247/3247/3247 3248/3248/3248 3249/3249/3249
f 3250/3250/3250 3251/3251/3251 3252/3252/3252
f 3253/3253/3253 3254/3254/3254 3255/3255/3255
f 3256/3256/3256 3257/3257/3257 3258/3258/3258
f 3259/3259/3259 3260/3260/3260 3261/3261/3261
f 3262/3262/3262 3263/3263/3263 3264/3264/3264
f 3265/3265/3265 3266/3266/3266 3267/3267/3267
f 3268/3268/3268 3269/3269/3269 3270/3270/3270
f 3271/3271/3271 3272/3272/3272 3273/3273/3273
f 3274/3274/3274 3275/3275/3275 3276/3276/3276
f 3277/3277/3277 3278/3278/3278 3279/3279/3279
f 3280/3280/3280 3281/3281/3281 3282/3282/3282
f 3283/3283/3283 3284/3284/3284 3285/3285/3285
f 3286/3286/3286 3287/3287/3287 3288/3288/3288
f 3289/3289/3289 3290/3290/3290 3291/3291/3291
f 3292/3292/3292 3293/3293/3293 3294/3294/3294
f 3295/3295/3295 3296/3296/3296 3297/3297/3297
f 3298/3298/3298 3299/3299/3299 3300/3300/3300
f 3301/3301/3301 3302/3302/3302 3303/3303/3303
f 3304/3304/3304 3305/3305/3305 3306/3306/3306
f 3307/3307/3307 3308/3308/3308 3309/3309/3309
f 3310/3310/3310 3311/3311/3311 3312/3312/3312
f 3313/3313/3313 3314/3314/3314 3315/3315/3315
f 3316/3316/3316 3317/3317/3317 3318/3318/3318
f 7729/7729/7729 7730/7730/7730 7731/7731/7731
f 7732/7732/7732 7733/7733/7733 7734/7734/7734
f 7735/7735/7735 7736/7736/7736 7737/7737/7737
f 7738/7738/7738 7739/7739/7739 7740/7740/7740
f 7741/7741/7741 7742/7742/7742 7743/7743/7743
f 7744/7744/7744 7745/7745/7745 7746/7746/7746
f 7747/7747/7747 7748/7748/7748 7749/7749/7749
f 7750/7750/7750 7751/7751/7751 7752/7752/7752
f 7753/7753/7753 7754/7754/7754 7755/7755/7755
f 7756/7756/7756 7757/7757/7757 7758/7758/7758
f 7759/7759/7759 7760/7760/7760 7761/7761/7761
f 7762/7762/7762 7763/7763/7763 7764/7764/7764
f 7765/7765/7765 7766/7766/7766 7767/7767/7767
f 7768/7768/7768 7769/7769/7769 7770/7770/7770
f 7771/7771/7771 7772/7772/7772 7773/7773/7773
f 7774/7774/7774 7775/7775/7775 7776/7776/7776
f 7777/7777/7777 7778/7778/7778 7779/7779/7779
f 7780/7780/7780 7781/7781/7781 7782/7782/7782
f 7783/7783/7783 7784/7784/7784 7785/7785/7785
f 7786/7786/7786 7787/7787/7787 7788/7788/7788
f 7789/7789/7789 7790/7790/7790 7791/7791/7791
f 7792/7792/7792 7793/7793/7793 7794/7794/7794
f 8281/8281/8281 8282/8282/8282 8283/8283/8283
f 8284/8284/8284 8285/8285/8285 8286/8286/8286
f 8287/8287/8287 8288/8288/8288 8289/8289/8289
f 8290/8290/8290 8291/8291/8291 8292/8292/8292
f 8293/8293/8293 8294/8294/8294 8295/8295/8295
f 8296/8296/8296 8297/8297/8297 8298/8298/8298
f 8299/8299/8299 8300/8300/8300 8301/8301/8301
f 8302/8302/8302 8303/8303/8303 8304/8304/8304
f 8305/8305/8305 8306/8306/8306 8307/8307/8307
f 8308/8308/8308 8309/8309/8309 8310/8310/8310
f 8311/8311/8311 8312/8312/8312 8313/8313/8313
f 8314/8314/8314 8315/8315/8315 8316/8316/8316
f 8317/8317/8317 8318/8318/8318 8319/8319/8319
f 8320/8320/8320 8321/8321/8321 8322/8322/8322
f 8323/8323/8323 8324/8324/8324 8325/8325/8325
f 8326/8326/8326 8327/8327/8327 8328/8328/8328
f 8329/8329/8329 8330/8330/8330 8331/8331/8331
f 8332/8332/8332 8333/8333/8333 8334/8334/8334
f 8335/8335/8335 8336/8336/8336 8337/8337/8337
f 8338/8338/8338 8339/8339/8339 8340/8340/8340
f 8341/8341/8341 8342/8342/8342 8343/8343/8343
f 8344/8344/8344 8345/8345/8345 8346/8346/8346
f 8833/8833/8833 8834/8834/8834 8835/8835/8835
f 8836/8836/8836 8837/8837/8837 8838/8838/8838
f 8839/8839/8839 8840/8840/8840 8841/8841/8841
f 8842/8842/8842 8843/8843/8843 8844/8844/8844
f 8845/8845/8845 8846/8846/8846 8847/8847/8847
f 8848/8848/8848 8849/8849/8849 8850/8850/8850
f 8851/8851/8851 8852/8852/8852 8853/8853/8853
f 8854/8854/8854 8855/8855/8855 8856/8856/8856
f 8857/8857/8857 8858/8858/8858 8859/8859/8859
f 8860/8860/8860 8861/8861/8861 8862/8862/8862
f 8863/8863/8863 8864/8864/8864 8865/8865/8865
f 8866/8866/8866 8867/8867/8867 8868/8868/8868
f 8869/8869/8869 8870/8870/8870 8871/8871/8871
f 8872/8872/8872 8873/8873/8873 8874/8874/8874
f 8875/8875/8875 8876/8876/8876 8877/8877/8877
f 8878/8878/8878 8879/8879/8879 8880/8880/8880
f 8881/8881/8881 8882/8882/8882 8883/8883/8883
f 8884/8884/8884 8885/8885/8885 8886/8886/8886
f 8887/8887/8887 8888/8888/8888 8889/8889/8889
f 8890/8890/8890 8891/8891/8891 8892/8892/8892
f 8893/8893/8893 8894/8894/8894 8895/8895/8895
f 8896/8896/8896 8897/8897/8897 8898/8898/8898
f 9385/9385/9385 9386/9386/9386 9387/9387/9387
f 9388/9388/9388 9389/9389/9389 9390/9390/9390
f 9391/9391/9391 9392/9392/9392 9393/9393/9393
f 9394/9394/9394 9395/9395/9395 9396/9396/9396
f 9397/9397/9397 9398/9398/9398 9399/9399/9399
f 9400/9400/9400 9401/9401/9401 9402/9402/9402
f 9403/9403/9403 9404/9404/9404 9405/9405/9405
f 9406/9406/9406 9407/9407/9407 9408/9408/9408
f 9409/9409/9409 9410/9410/9410 9411/9411/9411
f 9412/9412/9412 9413/9413/9413 9414/9414/9414
f 9415/9415/9415 9416/9416/9416 9417/9417/9417
f 9418/9418/9418 9419/9419/9419 9420/9420/9420
f 9421/9421/9421 9422/9422/9422 9423/9423/9423
f 9424/9424/9424 9425/9425/9425 9426/9426/9426
f 9427/9427/9427 9428/9428/9428 9429/9429/9429
f 9430/9430/9430 9431/9431/9431 9432/9432/9432
f 9433/9433/9433 9434/9434/9434 9435/9435/9435
f 9436/9436/9436 9437/9437/9437 9438/9438/9438
f 9439/9439/9439 9440/9440/9440 9441/9441/9441
f 9442/9442/9442 9443/9443/9443 9444/9444/9444
f 9445/9445/9445 9446/9446/9446 9447/9447/9447
f 9448/9448/9448 9449/9449/9449 9450/9450/9450
usemtl d93760fda8d73aaece101336817a135f_2
f 3319/3319/3319 3320/3320/3320 3321/3321/3321
f 3322/3322/3322 3323/3323/3323 3324/3324/3324
f 3325/3325/3325 3326/3326/3326 3327/3327/3327
f 3328/3328/3328 3329/3329/3329 3330/3330/3330
f 3331/3331/3331 3332/3332/3332 3333/3333/3333
f 3334/3334/3334 3335/3335/3335 3336/3336/3336
f 3337/3337/3337 3338/3338/3338 3339/3339/3339
f 3340/3340/3340 3341/3341/3341 3342/3342/3342
f 3343/3343/3343 3344/3344/3344 3345/3345/3345
f 3346/3346/3346 3347/3347/3347 3348/3348/3348
f 3349/3349/3349 3350/3350/3350 3351/3351/3351
f 3352/3352/3352 3353/3353/3353 3354/3354/3354
f 3355/3355/3355 3356/3356/3356 3357/3357/3357
f 3358/3358/3358 3359/3359/3359 3360/3360/3360
f 3361/3361/3361 3362/3362/3362 3363/3363/3363
f 3364/3364/3364 3365/3365/3365 3366/3366/3366
f 3367/3367/3367 3368/3368/3368 3369/3369/3369
f 3370/3370/3370 3371/3371/3371 3372/3372/3372
f 3373/3373/3373 3374/3374/3374 3375/3375/3375
f 3376/3376/3376 3377/3377/3377 3378/3378/3378
f 3379/3379/3379 3380/3380/3380 3381/3381/3381
f 3382/3382/3382 3383/3383/3383 3384/3384/3384
f 3385/3385/3385 3386/3386/3386 3387/3387/3387
f 3388/3388/3388 3389/3389/3389 3390/3390/3390
f 3391/3391/3391 3392/3392/3392 3393/3393/3393
f 3394/3394/3394 3395/3395/3395 3396/3396/3396
f 3397/3397/3397 3398/3398/3398 3399/3399/3399
f 3400/3400/3400 3401/3401/3401 3402/3402/3402
f 3403/3403/3403 3404/3404/3404 3405/3405/3405
f 3406/3406/3406 3407/3407/3407 3408/3408/3408
f 3409/3409/3409 3410/3410/3410 3411/3411/3411
f 3412/3412/3412 3413/3413/3413 3414/3414/3414
f 3415/3415/3415 3416/3416/3416 3417/3417/3417
f 3418/3418/3418 3419/3419/3419 3420/3420/3420
f 3421/3421/3421 3422/3422/3422 3423/3423/3423
f 3424/3424/3424 3425/3425/3425 3426/3426/3426
f 3427/3427/3427 3428/3428/3428 3429/3429/3429
f 3430/3430/3430 3431/3431/3431 3432/3432/3432
f 3433/3433/3433 3434/3434/3434 3435/3435/3435
f 3436/3436/3436 3437/3437/3437 3438/3438/3438
f 3439/3439/3439 3440/3440/3440 3441/3441/3441
f 3442/3442/3442 3443/3443/3443 3444/3444/3444
f 3445/3445/3445 3446/3446/3446 3447/3447/3447
f 3448/3448/3448 3449/3449/3449 3450/3450/3450
f 3451/3451/3451 3452/3452/3452 3453/3453/3453
f 3454/3454/3454 3455/3455/3455 3456/3456/3456
f 3457/3457/3457 3458/3458/3458 3459/3459/3459
f 3460/3460/3460 3461/3461/3461 3462/3462/3462
f 3463/3463/3463 3464/3464/3464 3465/3465/3465
f 3466/3466/3466 3467/3467/3467 3468/3468/3468
f 3469/3469/3469 3470/3470/3470 3471/3471/3471
f 3472/3472/3472 3473/3473/3473 3474/3474/3474
f 3475/3475/3475 3476/3476/3476 3477/3477/3477
f 3478/3478/3478 3479/3479/3479 3480/3480/3480
f 3481/3481/3481 3482/3482/3482 3483/3483/3483
f 3484/3484/3484 3485/3485/3485 3486/3486/3486
f 3487/3487/3487 3488/3488/3488 3489/3489/3489
f 3490/3490/3490 3491/3491/3491 3492/3492/3492
f 3493/3493/3493 3494/3494/3494 3495/3495/3495
f 3496/3496/3496 3497/3497/3497 3498/3498/3498
f 3499/3499/3499 3500/3500/3500 3501/3501/3501
f 3502/3502/3502 3503/3503/3503 3504/3504/3504
f 3505/3505/3505 3506/3506/3506 3507/3507/3507
f 3508/3508/3508 3509/3509/3509 3510/3510/3510
f 3511/3511/3511 3512/3512/3512 3513/3513/3513
f 3514/3514/3514 3515/3515/3515 3516/3516/3516
f 3517/3517/3517 3518/3518/3518 3519/3519/3519
f 3520/3520/3520 3521/3521/3521 3522/3522/3522
f 3523/3523/3523 3524/3524/3524 3525/3525/3525
f 3526/3526/3526 3527/3527/3527 3528/3528/3528
f 3529/3529/3529 3530/3530/3530 3531/3531/3531
f 3532/3532/3532 3533/3533/3533 3534/3534/3534
f 3535/3535/3535 3536/3536/3536 3537/3537/3537
f 3538/3538/3538 3539/3539/3539 3540/3540/3540
f 3541/3541/3541 3542/3542/3542 3543/3543/3543
f 3544/3544/3544 3545/3545/3545 3546/3546/3546
f 3547/3547/3547 3548/3548/3548 3549/3549/3549
f 3550/3550/3550 3551/3551/3551 3552/3552/3552
f 3553/3553/3553 3554/3554/3554 3555/3555/3555
f 3556/3556/3556 3557/3557/3557 3558/3558/3558
f 3559/3559/3559 3560/3560/3560 3561/3561/3561
f 3562/3562/3562 3563/3563/3563 3564/3564/3564
f 3565/3565/3565 3566/3566/3566 3567/3567/3567
f 3568/3568/3568 3569/3569/3569 3570/3570/3570
f 3571/3571/3571 3572/3572/3572 3573/3573/3573
f 3574/3574/3574 3575/3575/3575 3576/3576/3576
f 3577/3577/3577 3578/3578/3578 3579/3579/3579
f 3580/3580/3580 3581/3581/3581 3582/3582/3582
f 3583/3583/3583 3584/3584/3584 3585/3585/3585
f 3586/3586/3586 3587/3587/3587 3588/3588/3588
f 3589/3589/3589 3590/3590/3590 3591/3591/3591
f 3592/3592/3592 3593/3593/3593 3594/3594/3594
f 3595/3595/3595 3596/3596/3596 3597/3597/3597
f 3598/3598/3598 3599/3599/3599 3600/3600/3600
f 3601/3601/3601 3602/3602/3602 3603/3603/3603
f 3604/3604/3604 3605/3605/3605 3606/3606/3606
f 3607/3607/3607 3608/3608/3608 3609/3609/3609
f 3610/3610/3610 3611/3611/3611 3612/3612/3612
f 3613/3613/3613 3614/3614/3614 3615/3615/3615
f 3616/3616/3616 3617/3617/3617 3618/3618/3618
f 3619/3619/3619 3620/3620/3620 3621/3621/3621
f 3622/3622/3622 3623/3623/3623 3624/3624/3624
f 3625/3625/3625 3626/3626/3626 3627/3627/3627
f 3628/3628/3628 3629/3629/3629 3630/3630/3630
f 3631/3631/3631 3632/3632/3632 3633/3633/3633
f 3634/3634/3634 3635/3635/3635 3636/3636/3636
f 3637/3637/3637 3638/3638/3638 3639/3639/3639
f 3640/3640/3640 3641/3641/3641 3642/3642/3642
f 3643/3643/3643 3644/3644/3644 3645/3645/3645
f 3646/3646/3646 3647/3647/3647 3648/3648/3648
f 3649/3649/3649 3650/3650/3650 3651/3651/3651
f 3652/3652/3652 3653/3653/3653 3654/3654/3654
f 3655/3655/3655 3656/3656/3656 3657/3657/3657
f 3658/3658/3658 3659/3659/3659 3660/3660/3660
f 3661/3661/3661 3662/3662/3662 3663/3663/3663
f 3664/3664/3664 3665/3665/3665 3666/3666/3666
f 3667/3667/3667 3668/3668/3668 3669/3669/3669
f 3670/3670/3670 3671/3671/3671 3672/3672/3672
f 3673/3673/3673 3674/3674/3674 3675/3675/3675
f 3676/3676/3676 3677/3677/3677 3678/3678/3678
f 3679/3679/3679 3680/3680/3680 3681/3681/3681
f 3682/3682/3682 3683/3683/3683 3684/3684/3684
f 3685/3685/3685 3686/3686/3686 3687/3687/3687
f 3688/3688/3688 3689/3689/3689 3690/3690/3690
f 3691/3691/3691 3692/3692/3692 3693/3693/3693
f 3694/3694/3694 3695/3695/3695 3696/3696/3696
f 3697/3697/3697 3698/3698/3698 3699/3699/3699
f 3700/3700/3700 3701/3701/3701 3702/3702/3702
f 3703/3703/3703 3704/3704/3704 3705/3705/3705
f 3706/3706/3706 3707/3707/3707 3708/3708/3708
f 3709/3709/3709 3710/3710/3710 3711/3711/3711
f 3712/3712/3712 3713/3713/3713 3714/3714/3714
f 3715/3715/3715 3716/3716/3716 3717/3717/3717
f 3718/3718/3718 3719/3719/3719 3720/3720/3720
f 3721/3721/3721 3722/3722/3722 3723/3723/3723
f 3724/3724/3724 3725/3725/3725 3726/3726/3726
f 3727/3727/3727 3728/3728/3728 3729/3729/3729
f 3730/3730/3730 3731/3731/3731 3732/3732/3732
f 3733/3733/3733 3734/3734/3734 3735/3735/3735
f 3736/3736/3736 3737/3737/3737 3738/3738/3738
f 3739/3739/3739 3740/3740/3740 3741/3741/3741
f 3742/3742/3742 3743/3743/3743 3744/3744/3744
f 3745/3745/3745 3746/3746/3746 3747/3747/3747
f 3748/3748/3748 3749/3749/3749 3750/3750/3750
f 3751/3751/3751 3752/3752/3752 3753/3753/3753
f 3754/3754/3754 3755/3755/3755 3756/3756/3756
f 3757/3757/3757 3758/3758/3758 3759/3759/3759
f 3760/3760/3760 3761/3761/3761 3762/3762/3762
f 3763/3763/3763 3764/3764/3764 3765/3765/3765
f 3766/3766/3766 3767/3767/3767 3768/3768/3768
f 3769/3769/3769 3770/3770/3770 3771/3771/3771
f 3772/3772/3772 3773/3773/3773 3774/3774/3774
f 3775/3775/3775 3776/3776/3776 3777/3777/3777
f 3778/3778/3778 3779/3779/3779 3780/3780/3780
f 3781/3781/3781 3782/3782/3782 3783/3783/3783
f 3784/3784/3784 3785/3785/3785 3786/3786/3786
f 3787/3787/3787 3788/3788/3788 3789/3789/3789
f 3790/3790/3790 3791/3791/3791 3792/3792/3792
f 3793/3793/3793 3794/3794/3794 3795/3795/3795
f 3796/3796/3796 3797/3797/3797 3798/3798/3798
f 3799/3799/3799 3800/3800/3800 3801/3801/3801
f 3802/3802/3802 3803/3803/3803 3804/3804/3804
f 3805/3805/3805 3806/3806/3806 3807/3807/3807
f 3808/3808/3808 3809/3809/3809 3810/3810/3810
f 3811/3811/3811 3812/3812/3812 3813/3813/3813
f 3814/3814/3814 3815/3815/3815 3816/3816/3816
f 3817/3817/3817 3818/3818/3818 3819/3819/3819
f 3820/3820/3820 3821/3821/3821 3822/3822/3822
f 3823/3823/3823 3824/3824/3824 3825/3825/3825
f 3826/3826/3826 3827/3827/3827 3828/3828/3828
f 3829/3829/3829 3830/3830/3830 3831/3831/3831
f 3832/3832/3832 3833/3833/3833 3834/3834/3834
f 3835/3835/3835 3836/3836/3836 3837/3837/3837
f 3838/3838/3838 3839/3839/3839 3840/3840/3840
f 3841/3841/3841 3842/3842/3842 3843/3843/3843
f 3844/3844/3844 3845/3845/3845 3846/3846/3846
f 3847/3847/3847 3848/3848/3848 3849/3849/3849
f 3850/3850/3850 3851/3851/3851 3852/3852/3852
f 3853/3853/3853 3854/3854/3854 3855/3855/3855
f 3856/3856/3856 3857/3857/3857 3858/3858/3858
f 3859/3859/3859 3860/3860/3860 3861/3861/3861
f 3862/3862/3862 3863/3863/3863 3864/3864/3864
f 3865/3865/3865 3866/3866/3866 3867/3867/3867
f 3868/3868/3868 3869/3869/3869 3870/3870/3870
f 3871/3871/3871 3872/3872/3872 3873/3873/3873
f 3874/3874/3874 3875/3875/3875 3876/3876/3876
f 3877/3877/3877 3878/3878/3878 3879/3879/3879
f 3880/3880/3880 3881/3881/3881 3882/3882/3882
f 3883/3883/3883 3884/3884/3884 3885/3885/3885
f 3886/3886/3886 3887/3887/3887 3888/3888/3888
f 3889/3889/3889 3890/3890/3890 3891/3891/3891
f 3892/3892/3892 3893/3893/3893 3894/3894/3894
f 3895/3895/3895 3896/3896/3896 3897/3897/3897
f 3898/3898/3898 3899/3899/3899 3900/3900/3900
f 3901/3901/3901 3902/3902/3902 3903/3903/3903
f 3904/3904/3904 3905/3905/3905 3906/3906/3906
f 3907/3907/3907 3908/3908/3908 3909/3909/3909
f 3910/3910/3910 3911/3911/3911 3912/3912/3912
f 3913/3913/3913 3914/3914/3914 3915/3915/3915
f 3916/3916/3916 3917/3917/3917 3918/3918/3918
f 3919/3919/3919 3920/3920/3920 3921/3921/3921
f 3922/3922/3922 3923/3923/3923 3924/3924/3924
f 3925/3925/3925 3926/3926/3926 3927/3927/3927
f 3928/3928/3928 3929/3929/3929 3930/3930/3930
f 3931/3931/3931 3932/3932/3932 3933/3933/3933
f 3934/3934/3934 3935/3935/3935 3936/3936/3936
f 3937/3937/3937 3938/3938/3938 3939/3939/3939
f 3940/3940/3940 3941/3941/3941 3942/3942/3942
f 3943/3943/3943 3944/3944/3944 3945/3945/3945
f 3946/3946/3946 3947/3947/3947 3948/3948/3948
f 3949/3949/3949 3950/3950/3950 3951/3951/3951
f 3952/3952/3952 3953/3953/3953 3954/3954/3954
f 3955/3955/3955 3956/3956/3956 3957/3957/3957
f 3958/3958/3958 3959/3959/3959 3960/3960/3960
f 3961/3961/3961 3962/3962/3962 3963/3963/3963
f 3964/3964/3964 3965/3965/3965 3966/3966/3966
f 3967/3967/3967 3968/3968/3968 3969/3969/3969
f 3970/3970/3970 3971/3971/3971 3972/3972/3972
f 3973/3973/3973 3974/3974/3974 3975/3975/3975
f 3976/3976/3976 3977/3977/3977 3978/3978/3978
f 3979/3979/3979 3980/3980/3980 3981/3981/3981
f 3982/3982/3982 3983/3983/3983 3984/3984/3984
f 3985/3985/3985 3986/3986/3986 3987/3987/3987
f 3988/3988/3988 3989/3989/3989 3990/3990/3990
f 3991/3991/3991 3992/3992/3992 3993/3993/3993
f 3994/3994/3994 3995/3995/3995 3996/3996/3996
f 3997/3997/3997 3998/3998/3998 3999/3999/3999
f 4000/4000/4000 4001/4001/4001 4002/4002/4002
f 4003/4003/4003 4004/4004/4004 4005/4005/4005
f 4006/4006/4006 4007/4007/4007 4008/4008/4008
f 4009/4009/4009 4010/4010/4010 4011/4011/4011
f 4012/4012/4012 4013/4013/4013 4014/4014/4014
f 4015/4015/4015 4016/4016/4016 4017/4017/4017
f 4018/4018/4018 4019/4019/4019 4020/4020/4020
f 4021/4021/4021 4022/4022/4022 4023/4023/4023
f 4024/4024/4024 4025/4025/4025 4026/4026/4026
f 4027/4027/4027 4028/4028/4028 4029/4029/4029
f 4030/4030/4030 4031/4031/4031 4032/4032/4032
f 4033/4033/4033 4034/4034/4034 4035/4035/4035
f 4036/4036/4036 4037/4037/4037 4038/4038/4038
f 4039/4039/4039 4040/4040/4040 4041/4041/4041
f 4042/4042/4042 4043/4043/4043 4044/4044/4044
f 4045/4045/4045 4046/4046/4046 4047/4047/4047
f 4048/4048/4048 4049/4049/4049 4050/4050/4050
f 4051/4051/4051 4052/4052/4052 4053/4053/4053
f 4054/4054/4054 4055/4055/4055 4056/4056/4056
f 4057/4057/4057 4058/4058/4058 4059/4059/4059
f 4060/4060/4060 4061/4061/4061 4062/4062/4062
f 4063/4063/4063 4064/4064/4064 4065/4065/4065
f 4066/4066/4066 4067/4067/4067 4068/4068/4068
f 4069/4069/4069 4070/4070/4070 4071/4071/4071
f 4072/4072/4072 4073/4073/4073 4074/4074/4074
f 4075/4075/4075 4076/4076/4076 4077/4077/4077
f 4078/4078/4078 4079/4079/4079 4080/4080/4080
f 4081/4081/4081 4082/4082/4082 4083/4083/4083
f 4084/4084/4084 4085/4085/4085 4086/4086/4086
f 4087/4087/4087 4088/4088/4088 4089/4089/4089
f 4090/4090/4090 4091/4091/4091 4092/4092/4092
f 4093/4093/4093 4094/4094/4094 4095/4095/4095
f 4096/4096/4096 4097/4097/4097 4098/4098/4098
f 4099/4099/4099 4100/4100/4100 4101/4101/4101
f 4102/4102/4102 4103/4103/4103 4104/4104/4104
f 4105/4105/4105 4106/4106/4106 4107/4107/4107
f 4108/4108/4108 4109/4109/4109 4110/4110/4110
f 4111/4111/4111 4112/4112/4112 4113/4113/4113
f 4114/4114/4114 4115/4115/4115 4116/4116/4116
f 4117/4117/4117 4118/4118/4118 4119/4119/4119
f 4120/4120/4120 4121/4121/4121 4122/4122/4122
f 4123/4123/4123 4124/4124/4124 4125/4125/4125
f 4126/4126/4126 4127/4127/4127 4128/4128/4128
f 4129/4129/4129 4130/4130/4130 4131/4131/4131
f 4132/4132/4132 4133/4133/4133 4134/4134/4134
f 4135/4135/4135 4136/4136/4136 4137/4137/4137
f 4138/4138/4138 4139/4139/4139 4140/4140/4140
f 4141/4141/4141 4142/4142/4142 4143/4143/4143
f 4144/4144/4144 4145/4145/4145 4146/4146/4146
f 4147/4147/4147 4148/4148/4148 4149/4149/4149
f 4150/4150/4150 4151/4151/4151 4152/4152/4152
f 4153/4153/4153 4154/4154/4154 4155/4155/4155
f 4156/4156/4156 4157/4157/4157 4158/4158/4158
f 4159/4159/4159 4160/4160/4160 4161/4161/4161
f 4162/4162/4162 4163/4163/4163 4164/4164/4164
f 4165/4165/4165 4166/4166/4166 4167/4167/4167
f 4168/4168/4168 4169/4169/4169 4170/4170/4170
f 4171/4171/4171 4172/4172/4172 4173/4173/4173
f 4174/4174/4174 4175/4175/4175 4176/4176/4176
f 4177/4177/4177 4178/4178/4178 4179/4179/4179
f 4180/4180/4180 4181/4181/4181 4182/4182/4182
f 4183/4183/4183 4184/4184/4184 4185/4185/4185
f 4186/4186/4186 4187/4187/4187 4188/4188/4188
f 4189/4189/4189 4190/4190/4190 4191/4191/4191
f 4192/4192/4192 4193/4193/4193 4194/4194/4194
f 4195/4195/4195 4196/4196/4196 4197/4197/4197
f 4198/4198/4198 4199/4199/4199 4200/4200/4200
f 4201/4201/4201 4202/4202/4202 4203/4203/4203
f 4204/4204/4204 4205/4205/4205 4206/4206/4206
f 4207/4207/4207 4208/4208/4208 4209/4209/4209
f 4210/4210/4210 4211/4211/4211 4212/4212/4212
f 4213/4213/4213 4214/4214/4214 4215/4215/4215
f 4216/4216/4216 4217/4217/4217 4218/4218/4218
f 4219/4219/4219 4220/4220/4220 4221/4221/4221
f 4222/4222/4222 4223/4223/4223 4224/4224/4224
f 4225/4225/4225 4226/4226/4226 4227/4227/4227
f 4228/4228/4228 4229/4229/4229 4230/4230/4230
f 4231/4231/4231 4232/4232/4232 4233/4233/4233
f 4234/4234/4234 4235/4235/4235 4236/4236/4236
f 4237/4237/4237 4238/4238/4238 4239/4239/4239
f 4240/4240/4240 4241/4241/4241 4242/4242/4242
f 4243/4243/4243 4244/4244/4244 4245/4245/4245
f 4246/4246/4246 4247/4247/4247 4248/4248/4248
f 4249/4249/4249 4250/4250/4250 4251/4251/4251
f 4252/4252/4252 4253/4253/4253 4254/4254/4254
f 4255/4255/4255 4256/4256/4256 4257/4257/4257
f 4258/4258/4258 4259/4259/4259 4260/4260/4260
f 4261/4261/4261 4262/4262/4262 4263/4263/4263
f 4264/4264/4264 4265/4265/4265 4266/4266/4266
f 4267/4267/4267 4268/4268/4268 4269/4269/4269
f 4270/4270/4270 4271/4271/4271 4272/4272/4272
f 4273/4273/4273 4274/4274/4274 4275/4275/4275
f 4276/4276/4276 4277/4277/4277 4278/4278/4278
f 4279/4279/4279 4280/4280/4280 4281/4281/4281
f 4282/4282/4282 4283/4283/4283 4284/4284/4284
f 4285/4285/4285 4286/4286/4286 4287/4287/4287
f 4288/4288/4288 4289/4289/4289 4290/4290/4290
f 4291/4291/4291 4292/4292/4292 4293/4293/4293
f 4294/4294/4294 4295/4295/4295 4296/4296/4296
f 4297/4297/4297 4298/4298/4298 4299/4299/4299
f 4300/4300/4300 4301/4301/4301 4302/4302/4302
f 4303/4303/4303 4304/4304/4304 4305/4305/4305
f 4306/4306/4306 4307/4307/4307 4308/4308/4308
f 4309/4309/4309 4310/4310/4310 4311/4311/4311
f 4312/4312/4312 4313/4313/4313 4314/4314/4314
f 4315/4315/4315 4316/4316/4316 4317/4317/4317
f 4318/4318/4318 4319/4319/4319 4320/4320/4320
f 4321/4321/4321 4322/4322/4322 4323/4323/4323
f 4324/4324/4324 4325/4325/4325 4326/4326/4326
f 4327/4327/4327 4328/4328/4328 4329/4329/4329
f 4330/4330/4330 4331/4331/4331 4332/4332/4332
f 4333/4333/4333 4334/4334/4334 4335/4335/4335
f 4336/4336/4336 4337/4337/4337 4338/4338/4338
f 4339/4339/4339 4340/4340/4340 4341/4341/4341
f 4342/4342/4342 4343/4343/4343 4344/4344/4344
f 4345/4345/4345 4346/4346/4346 4347/4347/4347
f 4348/4348/4348 4349/4349/4349 4350/4350/4350
f 4351/4351/4351 4352/4352/4352 4353/4353/4353
f 4354/4354/4354 4355/4355/4355 4356/4356/4356
f 4357/4357/4357 4358/4358/4358 4359/4359/4359
f 4360/4360/4360 4361/4361/4361 4362/4362/4362
f 4363/4363/4363 4364/4364/4364 4365/4365/4365
f 4366/4366/4366 4367/4367/4367 4368/4368/4368
f 4369/4369/4369 4370/4370/4370 4371/4371/4371
f 4372/4372/4372 4373/4373/4373 4374/4374/4374
f 4375/4375/4375 4376/4376/4376 4377/4377/4377
f 4378/4378/4378 4379/4379/4379 4380/4380/4380
f 4381/4381/4381 4382/4382/4382 4383/4383/4383
f 4384/4384/4384 4385/4385/4385 4386/4386/4386
f 4387/4387/4387 4388/4388/4388 4389/4389/4389
f 4390/4390/4390 4391/4391/4391 4392/4392/4392
f 4393/4393/4393 4394/4394/4394 4395/4395/4395
f 4396/4396/4396 4397/4397/4397 4398/4398/4398
f 4399/4399/4399 4400/4400/4400 4401/4401/4401
f 4402/4402/4402 4403/4403/4403 4404/4404/4404
f 4405/4405/4405 4406/4406/4406 4407/4407/4407
f 4408/4408/4408 4409/4409/4409 4410/4410/4410
f 4411/4411/4411 4412/4412/4412 4413/4413/4413
f 4414/4414/4414 4415/4415/4415 4416/4416/4416
f 4417/4417/4417 4418/4418/4418 4419/4419/4419
f 4420/4420/4420 4421/4421/4421 4422/4422/4422
f 4423/4423/4423 4424/4424/4424 4425/4425/4425
f 4426/4426/4426 4427/4427/4427 4428/4428/4428
f 4429/4429/4429 4430/4430/4430 4431/4431/4431
f 4432/4432/4432 4433/4433/4433 4434/4434/4434
f 4435/4435/4435 4436/4436/4436 4437/4437/4437
f 4438/4438/4438 4439/4439/4439 4440/4440/4440
f 4441/4441/4441 4442/4442/4442 4443/4443/4443
f 4444/4444/4444 4445/4445/4445 4446/4446/4446
f 4447/4447/4447 4448/4448/4448 4449/4449/4449
f 4450/4450/4450 4451/4451/4451 4452/4452/4452
f 4453/4453/4453 4454/4454/4454 4455/4455/4455
f 4456/4456/4456 4457/4457/4457 4458/4458/4458
f 4459/4459/4459 4460/4460/4460 4461/4461/4461
f 4462/4462/4462 4463/4463/4463 4464/4464/4464
f 4465/4465/4465 4466/4466/4466 4467/4467/4467
f 4468/4468/4468 4469/4469/4469 4470/4470/4470
f 4471/4471/4471 4472/4472/4472 4473/4473/4473
f 4474/4474/4474 4475/4475/4475 4476/4476/4476
f 4477/4477/4477 4478/4478/4478 4479/4479/4479
f 4480/4480/4480 4481/4481/4481 4482/4482/4482
f 4483/4483/4483 4484/4484/4484 4485/4485/4485
f 4486/4486/4486 4487/4487/4487 4488/4488/4488
f 4489/4489/4489 4490/4490/4490 4491/4491/4491
f 4492/4492/4492 4493/4493/4493 4494/4494/4494
f 4495/4495/4495 4496/4496/4496 4497/4497/4497
f 4498/4498/4498 4499/4499/4499 4500/4500/4500
f 4501/4501/4501 4502/4502/4502 4503/4503/4503
f 4504/4504/4504 4505/4505/4505 4506/4506/4506
f 4507/4507/4507 4508/4508/4508 4509/4509/4509
f 4510/4510/4510 4511/4511/4511 4512/4512/4512
f 4513/4513/4513 4514/4514/4514 4515/4515/4515
f 4516/4516/4516 4517/4517/4517 4518/4518/4518
f 4519/4519/4519 4520/4520/4520 4521/4521/4521
f 4522/4522/4522 4523/4523/4523 4524/4524/4524
f 4525/4525/4525 4526/4526/4526 4527/4527/4527
f 4528/4528/4528 4529/4529/4529 4530/4530/4530
f 4531/4531/4531 4532/4532/4532 4533/4533/4533
f 4534/4534/4534 4535/4535/4535 4536/4536/4536
f 4537/4537/4537 4538/4538/4538 4539/4539/4539
f 4540/4540/4540 4541/4541/4541 4542/4542/4542
f 4543/4543/4543 4544/4544/4544 4545/4545/4545
f 4546/4546/4546 4547/4547/4547 4548/4548/4548
f 4549/4549/4549 4550/4550/4550 4551/4551/4551
f 4552/4552/4552 4553/4553/4553 4554/4554/4554
f 4555/4555/4555 4556/4556/4556 4557/4557/4557
f 4558/4558/4558 4559/4559/4559 4560/4560/4560
f 4561/4561/4561 4562/4562/4562 4563/4563/4563
f 4564/4564/4564 4565/4565/4565 4566/4566/4566
f 4567/4567/4567 4568/4568/4568 4569/4569/4569
f 4570/4570/4570 4571/4571/4571 4572/4572/4572
f 4573/4573/4573 4574/4574/4574 4575/4575/4575
f 4576/4576/4576 4577/4577/4577 4578/4578/4578
f 4579/4579/4579 4580/4580/4580 4581/4581/4581
f 4582/4582/4582 4583/4583/4583 4584/4584/4584
f 4585/4585/4585 4586/4586/4586 4587/4587/4587
f 4588/4588/4588 4589/4589/4589 4590/4590/4590
f 4591/4591/4591 4592/4592/4592 4593/4593/4593
f 4594/4594/4594 4595/4595/4595 4596/4596/4596
f 4597/4597/4597 4598/4598/4598 4599/4599/4599
f 4600/4600/4600 4601/4601/4601 4602/4602/4602
f 4603/4603/4603 4604/4604/4604 4605/4605/4605
f 4606/4606/4606 4607/4607/4607 4608/4608/4608
f 4609/4609/4609 4610/4610/4610 4611/4611/4611
f 4612/4612/4612 4613/4613/4613 4614/4614/4614
f 4615/4615/4615 4616/4616/4616 4617/4617/4617
f 4618/4618/4618 4619/4619/4619 4620/4620/4620
f 4621/4621/4621 4622/4622/4622 4623/4623/4623
f 4624/4624/4624 4625/4625/4625 4626/4626/4626
f 4627/4627/4627 4628/4628/4628 4629/4629/4629
f 4630/4630/4630 4631/4631/4631 4632/4632/4632
f 4633/4633/4633 4634/4634/4634 4635/4635/4635
f 4636/4636/4636 4637/4637/4637 4638/4638/4638
f 4639/4639/4639 4640/4640/4640 4641/4641/4641
f 4642/4642/4642 4643/4643/4643 4644/4644/4644
f 4645/4645/4645 4646/4646/4646 4647/4647/4647
f 4648/4648/4648 4649/4649/4649 4650/4650/4650
f 4651/4651/4651 4652/4652/4652 4653/4653/4653
f 4654/4654/4654 4655/4655/4655 4656/4656/4656
f 4657/4657/4657 4658/4658/4658 4659/4659/4659
f 4660/4660/4660 4661/4661/4661 4662/4662/4662
f 4663/4663/4663 4664/4664/4664 4665/4665/4665
f 4666/4666/4666 4667/4667/4667 4668/4668/4668
f 4669/4669/4669 4670/4670/4670 4671/4671/4671
f 4672/4672/4672 4673/4673/4673 4674/4674/4674
f 4675/4675/4675 4676/4676/4676 4677/4677/4677
f 4678/4678/4678 4679/4679/4679 4680/4680/4680
f 4681/4681/4681 4682/4682/4682 4683/4683/4683
f 4684/4684/4684 4685/4685/4685 4686/4686/4686
f 4687/4687/4687 4688/4688/4688 4689/4689/4689
f 4690/4690/4690 4691/4691/4691 4692/4692/4692
f 4693/4693/4693 4694/4694/4694 4695/4695/4695
f 4696/4696/4696 4697/4697/4697 4698/4698/4698
f 4699/4699/4699 4700/4700/4700 4701/4701/4701
f 4702/4702/4702 4703/4703/4703 4704/4704/4704
f 4705/4705/4705 4706/4706/4706 4707/4707/4707
f 4708/4708/4708 4709/4709/4709 4710/4710/4710
f 4711/4711/4711 4712/4712/4712 4713/4713/4713
f 4714/4714/4714 4715/4715/4715 4716/4716/4716
f 4717/4717/4717 4718/4718/4718 4719/4719/4719
f 4720/4720/4720 4721/4721/4721 4722/4722/4722
f 4723/4723/4723 4724/4724/4724 4725/4725/4725
f 4726/4726/4726 4727/4727/4727 4728/4728/4728
f 4729/4729/4729 4730/4730/4730 4731/4731/4731
f 4732/4732/4732 4733/4733/4733 4734/4734/4734
f 4735/4735/4735 4736/4736/4736 4737/4737/4737
f 4738/4738/4738 4739/4739/4739 4740/4740/4740
f 4741/4741/4741 4742/4742/4742 4743/4743/4743
f 4744/4744/4744 4745/4745/4745 4746/4746/4746
f 4747/4747/4747 4748/4748/4748 4749/4749/4749
f 4750/4750/4750 4751/4751/4751 4752/4752/4752
f 4753/4753/4753 4754/4754/4754 4755/4755/4755
f 4756/4756/4756 4757/4757/4757 4758/4758/4758
f 4759/4759/4759 4760/4760/4760 4761/4761/4761
f 4762/4762/4762 4763/4763/4763 4764/4764/4764
f 4765/4765/4765 4766/4766/4766 4767/4767/4767
f 4768/4768/4768 4769/4769/4769 4770/4770/4770
f 4771/4771/4771 4772/4772/4772 4773/4773/4773
f 4774/4774/4774 4775/4775/4775 4776/4776/4776
f 4777/4777/4777 4778/4778/4778 4779/4779/4779
f 4780/4780/4780 4781/4781/4781 4782/4782/4782
f 4783/4783/4783 4784/4784/4784 4785/4785/4785
f 4786/4786/4786 4787/4787/4787 4788/4788/4788
f 4789/4789/4789 4790/4790/4790 4791/4791/4791
f 4792/4792/4792 4793/4793/4793 4794/4794/4794
f 4795/4795/4795 4796/4796/4796 4797/4797/4797
f 4798/4798/4798 4799/4799/4799 4800/4800/4800
f 4801/4801/4801 4802/4802/4802 4803/4803/4803
f 4804/4804/4804 4805/4805/4805 4806/4806/4806
f 4807/4807/4807 4808/4808/4808 4809/4809/4809
f 4810/4810/4810 4811/4811/4811 4812/4812/4812
f 4813/4813/4813 4814/4814/4814 4815/4815/4815
f 4816/4816/4816 4817/4817/4817 4818/4818/4818
f 4819/4819/4819 4820/4820/4820 4821/4821/4821
f 4822/4822/4822 4823/4823/4823 4824/4824/4824
f 4825/4825/4825 4826/4826/4826 4827/4827/4827
f 4828/4828/4828 4829/4829/4829 4830/4830/4830
f 4831/4831/4831 4832/4832/4832 4833/4833/4833
f 4834/4834/4834 4835/4835/4835 4836/4836/4836
f 4837/4837/4837 4838/4838/4838 4839/4839/4839
f 4840/4840/4840 4841/4841/4841 4842/4842/4842
f 4843/4843/4843 4844/4844/4844 4845/4845/4845
f 4846/4846/4846 4847/4847/4847 4848/4848/4848
f 4849/4849/4849 4850/4850/4850 4851/4851/4851
f 4852/4852/4852 4853/4853/4853 4854/4854/4854
f 4855/4855/4855 4856/4856/4856 4857/4857/4857
f 4858/4858/4858 4859/4859/4859 4860/4860/4860
f 4861/4861/4861 4862/4862/4862 4863/4863/4863
f 4864/4864/4864 4865/4865/4865 4866/4866/4866
f 4867/4867/4867 4868/4868/4868 4869/4869/4869
f 4870/4870/4870 4871/4871/4871 4872/4872/4872
f 4873/4873/4873 4874/4874/4874 4875/4875/4875
f 4876/4876/4876 4877/4877/4877 4878/4878/4878
f 4879/4879/4879 4880/4880/4880 4881/4881/4881
f 4882/4882/4882 4883/4883/4883 4884/4884/4884
f 4885/4885/4885 4886/4886/4886 4887/4887/4887
f 4888/4888/4888 4889/4889/4889 4890/4890/4890
f 4891/4891/4891 4892/4892/4892 4893/4893/4893
f 4894/4894/4894 4895/4895/4895 4896/4896/4896
f 4897/4897/4897 4898/4898/4898 4899/4899/4899
f 4900/4900/4900 4901/4901/4901 4902/4902/4902
f 4903/4903/4903 4904/4904/4904 4905/4905/4905
f 4906/4906/4906 4907/4907/4907 4908/4908/4908
f 4909/4909/4909 4910/4910/4910 4911/4911/4911
f 4912/4912/4912 4913/4913/4913 4914/4914/4914
f 4915/4915/4915 4916/4916/4916 4917/4917/4917
f 4918/4918/4918 4919/4919/4919 4920/4920/4920
f 4921/4921/4921 4922/4922/4922 4923/4923/4923
f 4924/4924/4924 4925/4925/4925 4926/4926/4926
f 4927/4927/4927 4928/4928/4928 4929/4929/4929
f 4930/4930/4930 4931/4931/4931 4932/4932/4932
f 4933/4933/4933 4934/4934/4934 4935/4935/4935
f 4936/4936/4936 4937/4937/4937 4938/4938/4938
f 4939/4939/4939 4940/4940/4940 4941/4941/4941
f 4942/4942/4942 4943/4943/4943 4944/4944/4944
f 4945/4945/4945 4946/4946/4946 4947/4947/4947
f 4948/4948/4948 4949/4949/4949 4950/4950/4950
f 4951/4951/4951 4952/4952/4952 4953/4953/4953
f 4954/4954/4954 4955/4955/4955 4956/4956/4956
f 4957/4957/4957 4958/4958/4958 4959/4959/4959
f 4960/4960/4960 4961/4961/4961 4962/4962/4962
f 4963/4963/4963 4964/4964/4964 4965/4965/4965
f 4966/4966/4966 4967/4967/4967 4968/4968/4968
f 4969/4969/4969 4970/4970/4970 4971/4971/4971
f 4972/4972/4972 4973/4973/4973 4974/4974/4974
f 4975/4975/4975 4976/4976/4976 4977/4977/4977
f 4978/4978/4978 4979/4979/4979 4980/4980/4980
f 4981/4981/4981 4982/4982/4982 4983/4983/4983
f 4984/4984/4984 4985/4985/4985 4986/4986/4986
f 4987/4987/4987 4988/4988/4988 4989/4989/4989
f 4990/4990/4990 4991/4991/4991 4992/4992/4992
f 4993/4993/4993 4994/4994/4994 4995/4995/4995
f 4996/4996/4996 4997/4997/4997 4998/4998/4998
f 4999/4999/4999 5000/5000/5000 5001/5001/5001
f 5002/5002/5002 5003/5003/5003 5004/5004/5004
f 5005/5005/5005 5006/5006/5006 5007/5007/5007
f 5008/5008/5008 5009/5009/5009 5010/5010/5010
f 5011/5011/5011 5012/5012/5012 5013/5013/5013
f 5014/5014/5014 5015/5015/5015 5016/5016/5016
f 5017/5017/5017 5018/5018/5018 5019/5019/5019
f 5020/5020/5020 5021/5021/5021 5022/5022/5022
f 5023/5023/5023 5024/5024/5024 5025/5025/5025
f 5026/5026/5026 5027/5027/5027 5028/5028/5028
f 5029/5029/5029 5030/5030/5030 5031/5031/5031
f 5032/5032/5032 5033/5033/5033 5034/5034/5034
f 5035/5035/5035 5036/5036/5036 5037/5037/5037
f 5038/5038/5038 5039/5039/5039 5040/5040/5040
f 5041/5041/5041 5042/5042/5042 5043/5043/5043
f 5044/5044/5044 5045/5045/5045 5046/5046/5046
f 5047/5047/5047 5048/5048/5048 5049/5049/5049
f 5050/5050/5050 5051/5051/5051 5052/5052/5052
f 5053/5053/5053 5054/5054/5054 5055/5055/5055
f 5056/5056/5056 5057/5057/5057 5058/5058/5058
f 5059/5059/5059 5060/5060/5060 5061/5061/5061
f 5062/5062/5062 5063/5063/5063 5064/5064/5064
f 5065/5065/5065 5066/5066/5066 5067/5067/5067
f 5068/5068/5068 5069/5069/5069 5070/5070/5070
f 5071/5071/5071 5072/5072/5072 5073/5073/5073
f 5074/5074/5074 5075/5075/5075 5076/5076/5076
f 5077/5077/5077 5078/5078/5078 5079/5079/5079
f 5080/5080/5080 5081/5081/5081 5082/5082/5082
f 5083/5083/5083 5084/5084/5084 5085/5085/5085
f 5086/5086/5086 5087/5087/5087 5088/5088/5088
f 5089/5089/5089 5090/5090/5090 5091/5091/5091
f 5092/5092/5092 5093/5093/5093 5094/5094/5094
f 5095/5095/5095 5096/5096/5096 5097/5097/5097
f 5098/5098/5098 5099/5099/5099 5100/5100/5100
f 5101/5101/5101 5102/5102/5102 5103/5103/5103
f 5104/5104/5104 5105/5105/5105 5106/5106/5106
f 5107/5107/5107 5108/5108/5108 5109/5109/5109
f 5110/5110/5110 5111/5111/5111 5112/5112/5112
f 5113/5113/5113 5114/5114/5114 5115/5115/5115
f 5116/5116/5116 5117/5117/5117 5118/5118/5118
f 5119/5119/5119 5120/5120/5120 5121/5121/5121
f 5122/5122/5122 5123/5123/5123 5124/5124/5124
f 5125/5125/5125 5126/5126/5126 5127/5127/5127
f 5128/5128/5128 5129/5129/5129 5130/5130/5130
f 5131/5131/5131 5132/5132/5132 5133/5133/5133
f 5134/5134/5134 5135/5135/5135 5136/5136/5136
f 5137/5137/5137 5138/5138/5138 5139/5139/5139
f 5140/5140/5140 5141/5141/5141 5142/5142/5142
f 5143/5143/5143 5144/5144/5144 5145/5145/5145
f 5146/5146/5146 5147/5147/5147 5148/5148/5148
f 5149/5149/5149 5150/5150/5150 5151/5151/5151
f 5152/5152/5152 5153/5153/5153 5154/5154/5154
f 5155/5155/5155 5156/5156/5156 5157/5157/5157
f 5158/5158/5158 5159/5159/5159 5160/5160/5160
f 5161/5161/5161 5162/5162/5162 5163/5163/5163
f 5164/5164/5164 5165/5165/5165 5166/5166/5166
f 5167/5167/5167 5168/5168/5168 5169/5169/5169
f 5170/5170/5170 5171/5171/5171 5172/5172/5172
f 5173/5173/5173 5174/5174/5174 5175/5175/5175
f 5176/5176/5176 5177/5177/5177 5178/5178/5178
f 5179/5179/5179 5180/5180/5180 5181/5181/5181
f 5182/5182/5182 5183/5183/5183 5184/5184/5184
f 5185/5185/5185 5186/5186/5186 5187/5187/5187
f 5188/5188/5188 5189/5189/5189 5190/5190/5190
f 5191/5191/5191 5192/5192/5192 5193/5193/5193
f 5194/5194/5194 5195/5195/5195 5196/5196/5196
f 5197/5197/5197 5198/5198/5198 5199/5199/5199
f 5200/5200/5200 5201/5201/5201 5202/5202/5202
f 5203/5203/5203 5204/5204/5204 5205/5205/5205
f 5206/5206/5206 5207/5207/5207 5208/5208/5208
f 5209/5209/5209 5210/5210/5210 5211/5211/5211
f 5212/5212/5212 5213/5213/5213 5214/5214/5214
f 5215/5215/5215 5216/5216/5216 5217/5217/5217
f 5218/5218/5218 5219/5219/5219 5220/5220/5220
f 5221/5221/5221 5222/5222/5222 5223/5223/5223
f 5224/5224/5224 5225/5225/5225 5226/5226/5226
f 5227/5227/5227 5228/5228/5228 5229/5229/5229
f 5230/5230/5230 5231/5231/5231 5232/5232/5232
f 5233/5233/5233 5234/5234/5234 5235/5235/5235
f 5236/5236/5236 5237/5237/5237 5238/5238/5238
f 5239/5239/5239 5240/5240/5240 5241/5241/5241
f 5242/5242/5242 5243/5243/5243 5244/5244/5244
f 5245/5245/5245 5246/5246/5246 5247/5247/5247
f 5248/5248/5248 5249/5249/5249 5250/5250/5250
f 5251/5251/5251 5252/5252/5252 5253/5253/5253
f 5254/5254/5254 5255/5255/5255 5256/5256/5256
f 5257/5257/5257 5258/5258/5258 5259/5259/5259
f 5260/5260/5260 5261/5261/5261 5262/5262/5262
f 5263/5263/5263 5264/5264/5264 5265/5265/5265
f 5266/5266/5266 5267/5267/5267 5268/5268/5268
f 5269/5269/5269 5270/5270/5270 5271/5271/5271
f 5272/5272/5272 5273/5273/5273 5274/5274/5274
f 5275/5275/5275 5276/5276/5276 5277/5277/5277
f 5278/5278/5278 5279/5279/5279 5280/5280/5280
f 5281/5281/5281 5282/5282/5282 5283/5283/5283
f 5284/5284/5284 5285/5285/5285 5286/5286/5286
f 5287/5287/5287 5288/5288/5288 5289/5289/5289
f 5290/5290/5290 5291/5291/5291 5292/5292/5292
f 5293/5293/5293 5294/5294/5294 5295/5295/5295
f 5296/5296/5296 5297/5297/5297 5298/5298/5298
f 5299/5299/5299 5300/5300/5300 5301/5301/5301
f 5302/5302/5302 5303/5303/5303 5304/5304/5304
f 5305/5305/5305 5306/5306/5306 5307/5307/5307
f 5308/5308/5308 5309/5309/5309 5310/5310/5310
f 5311/5311/5311 5312/5312/5312 5313/5313/5313
f 5314/5314/5314 5315/5315/5315 5316/5316/5316
f 5317/5317/5317 5318/5318/5318 5319/5319/5319
f 5320/5320/5320 5321/5321/5321 5322/5322/5322
f 5323/5323/5323 5324/5324/5324 5325/5325/5325
f 5326/5326/5326 5327/5327/5327 5328/5328/5328
f 5329/5329/5329 5330/5330/5330 5331/5331/5331
f 5332/5332/5332 5333/5333/5333 5334/5334/5334
f 5335/5335/5335 5336/5336/5336 5337/5337/5337
f 5338/5338/5338 5339/5339/5339 5340/5340/5340
f 5341/5341/5341 5342/5342/5342 5343/5343/5343
f 5344/5344/5344 5345/5345/5345 5346/5346/5346
f 5347/5347/5347 5348/5348/5348 5349/5349/5349
f 5350/5350/5350 5351/5351/5351 5352/5352/5352
f 5353/5353/5353 5354/5354/5354 5355/5355/5355
f 5356/5356/5356 5357/5357/5357 5358/5358/5358
f 5359/5359/5359 5360/5360/5360 5361/5361/5361
f 5362/5362/5362 5363/5363/5363 5364/5364/5364
f 5365/5365/5365 5366/5366/5366 5367/5367/5367
f 5368/5368/5368 5369/5369/5369 5370/5370/5370
f 5371/5371/5371 5372/5372/5372 5373/5373/5373
f 5374/5374/5374 5375/5375/5375 5376/5376/5376
f 5377/5377/5377 5378/5378/5378 5379/5379/5379
f 5380/5380/5380 5381/5381/5381 5382/5382/5382
f 5383/5383/5383 5384/5384/5384 5385/5385/5385
f 5386/5386/5386 5387/5387/5387 5388/5388/5388
f 5389/5389/5389 5390/5390/5390 5391/5391/5391
f 5392/5392/5392 5393/5393/5393 5394/5394/5394
f 5395/5395/5395 5396/5396/5396 5397/5397/5397
f 5398/5398/5398 5399/5399/5399 5400/5400/5400
f 5401/5401/5401 5402/5402/5402 5403/5403/5403
f 5404/5404/5404 5405/5405/5405 5406/5406/5406
f 5407/5407/5407 5408/5408/5408 5409/5409/5409
f 5410/5410/5410 5411/5411/5411 5412/5412/5412
f 5413/5413/5413 5414/5414/5414 5415/5415/5415
f 5416/5416/5416 5417/5417/5417 5418/5418/5418
f 5419/5419/5419 5420/5420/5420 5421/5421/5421
f 5422/5422/5422 5423/5423/5423 5424/5424/5424
f 5425/5425/5425 5426/5426/5426 5427/5427/5427
f 5428/5428/5428 5429/5429/5429 5430/5430/5430
f 5431/5431/5431 5432/5432/5432 5433/5433/5433
f 5434/5434/5434 5435/5435/5435 5436/5436/5436
f 5437/5437/5437 5438/5438/5438 5439/5439/5439
f 5440/5440/5440 5441/5441/5441 5442/5442/5442
f 5443/5443/5443 5444/5444/5444 5445/5445/5445
f 5446/5446/5446 5447/5447/5447 5448/5448/5448
f 5449/5449/5449 5450/5450/5450 5451/5451/5451
f 5452/5452/5452 5453/5453/5453 5454/5454/5454
f 5455/5455/5455 5456/5456/5456 5457/5457/5457
f 5458/5458/5458 5459/5459/5459 5460/5460/5460
f 5461/5461/5461 5462/5462/5462 5463/5463/5463
f 5464/5464/5464 5465/5465/5465 5466/5466/5466
f 5467/5467/5467 5468/5468/5468 5469/5469/5469
f 5470/5470/5470 5471/5471/5471 5472/5472/5472
f 5473/5473/5473 5474/5474/5474 5475/5475/5475
f 5476/5476/5476 5477/5477/5477 5478/5478/5478
f 5479/5479/5479 5480/5480/5480 5481/5481/5481
f 5482/5482/5482 5483/5483/5483 5484/5484/5484
f 5485/5485/5485 5486/5486/5486 5487/5487/5487
f 5488/5488/5488 5489/5489/5489 5490/5490/5490
f 5491/5491/5491 5492/5492/5492 5493/5493/5493
f 5494/5494/5494 5495/5495/5495 5496/5496/5496
f 5497/5497/5497 5498/5498/5498 5499/5499/5499
f 5500/5500/5500 5501/5501/5501 5502/5502/5502
f 5503/5503/5503 5504/5504/5504 5505/5505/5505
f 5506/5506/5506 5507/5507/5507 5508/5508/5508
f 5509/5509/5509 5510/5510/5510 5511/5511/5511
f 5512/5512/5512 5513/5513/5513 5514/5514/5514
f 5515/5515/5515 5516/5516/5516 5517/5517/5517
f 5518/5518/5518 5519/5519/5519 5520/5520/5520
f 5521/5521/5521 5522/5522/5522 5523/5523/5523
f 5524/5524/5524 5525/5525/5525 5526/5526/5526
f 5527/5527/5527 5528/5528/5528 5529/5529/5529
f 5530/5530/5530 5531/5531/5531 5532/5532/5532
f 5533/5533/5533 5534/5534/5534 5535/5535/5535
f 5536/5536/5536 5537/5537/5537 5538/5538/5538
f 5539/5539/5539 5540/5540/5540 5541/5541/5541
f 5542/5542/5542 5543/5543/5543 5544/5544/5544
f 5545/5545/5545 5546/5546/5546 5547/5547/5547
f 5548/5548/5548 5549/5549/5549 5550/5550/5550
f 5551/5551/5551 5552/5552/5552 5553/5553/5553
f 5554/5554/5554 5555/5555/5555 5556/5556/5556
f 5557/5557/5557 5558/5558/5558 5559/5559/5559
f 5560/5560/5560 5561/5561/5561 5562/5562/5562
f 5563/5563/5563 5564/5564/5564 5565/5565/5565
f 5566/5566/5566 5567/5567/5567 5568/5568/5568
f 5569/5569/5569 5570/5570/5570 5571/5571/5571
f 5572/5572/5572 5573/5573/5573 5574/5574/5574
f 5575/5575/5575 5576/5576/5576 5577/5577/5577
f 5578/5578/5578 5579/5579/5579 5580/5580/5580
f 5581/5581/5581 5582/5582/5582 5583/5583/5583
f 5584/5584/5584 5585/5585/5585 5586/5586/5586
f 5587/5587/5587 5588/5588/5588 5589/5589/5589
f 5590/5590/5590 5591/5591/5591 5592/5592/5592
f 5593/5593/5593 5594/5594/5594 5595/5595/5595
f 5596/5596/5596 5597/5597/5597 5598/5598/5598
f 5599/5599/5599 5600/5600/5600 5601/5601/5601
f 5602/5602/5602 5603/5603/5603 5604/5604/5604
f 5605/5605/5605 5606/5606/5606 5607/5607/5607
f 5608/5608/5608 5609/5609/5609 5610/5610/5610
f 5611/5611/5611 5612/5612/5612 5613/5613/5613
f 5614/5614/5614 5615/5615/5615 5616/5616/5616
f 5617/5617/5617 5618/5618/5618 5619/5619/5619
f 5620/5620/5620 5621/5621/5621 5622/5622/5622
f 5623/5623/5623 5624/5624/5624 5625/5625/5625
f 5626/5626/5626 5627/5627/5627 5628/5628/5628
f 5629/5629/5629 5630/5630/5630 5631/5631/5631
f 5632/5632/5632 5633/5633/5633 5634/5634/5634
f 5635/5635/5635 5636/5636/5636 5637/5637/5637
f 5638/5638/5638 5639/5639/5639 5640/5640/5640
f 5641/5641/5641 5642/5642/5642 5643/5643/5643
f 5644/5644/5644 5645/5645/5645 5646/5646/5646
f 5647/5647/5647 5648/5648/5648 5649/5649/5649
f 5650/5650/5650 5651/5651/5651 5652/5652/5652
f 5653/5653/5653 5654/5654/5654 5655/5655/5655
f 5656/5656/5656 5657/5657/5657 5658/5658/5658
f 5659/5659/5659 5660/5660/5660 5661/5661/5661
f 5662/5662/5662 5663/5663/5663 5664/5664/5664
f 5665/5665/5665 5666/5666/5666 5667/5667/5667
f 5668/5668/5668 5669/5669/5669 5670/5670/5670
f 5671/5671/5671 5672/5672/5672 5673/5673/5673
f 5674/5674/5674 5675/5675/5675 5676/5676/5676
f 5677/5677/5677 5678/5678/5678 5679/5679/5679
f 5680/5680/5680 5681/5681/5681 5682/5682/5682
f 5683/5683/5683 5684/5684/5684 5685/5685/5685
f 5686/5686/5686 5687/5687/5687 5688/5688/5688
f 5689/5689/5689 5690/5690/5690 5691/5691/5691
f 5692/5692/5692 5693/5693/5693 5694/5694/5694
f 5695/5695/5695 5696/5696/5696 5697/5697/5697
f 5698/5698/5698 5699/5699/5699 5700/5700/5700
f 5701/5701/5701 5702/5702/5702 5703/5703/5703
f 5704/5704/5704 5705/5705/5705 5706/5706/5706
f 5707/5707/5707 5708/5708/5708 5709/5709/5709
f 5710/5710/5710 5711/5711/5711 5712/5712/5712
f 5713/5713/5713 5714/5714/5714 5715/5715/5715
f 5716/5716/5716 5717/5717/5717 5718/5718/5718
f 5719/5719/5719 5720/5720/5720 5721/5721/5721
f 5722/5722/5722 5723/5723/5723 5724/5724/5724
f 5725/5725/5725 5726/5726/5726 5727/5727/5727
f 5728/5728/5728 5729/5729/5729 5730/5730/5730
f 5731/5731/5731 5732/5732/5732 5733/5733/5733
f 5734/5734/5734 5735/5735/5735 5736/5736/5736
f 5737/5737/5737 5738/5738/5738 5739/5739/5739
f 5740/5740/5740 5741/5741/5741 5742/5742/5742
f 5743/5743/5743 5744/5744/5744 5745/5745/5745
f 5746/5746/5746 5747/5747/5747 5748/5748/5748
f 5749/5749/5749 5750/5750/5750 5751/5751/5751
f 5752/5752/5752 5753/5753/5753 5754/5754/5754
f 5755/5755/5755 5756/5756/5756 5757/5757/5757
f 5758/5758/5758 5759/5759/5759 5760/5760/5760
f 5761/5761/5761 5762/5762/5762 5763/5763/5763
f 5764/5764/5764 5765/5765/5765 5766/5766/5766
f 5767/5767/5767 5768/5768/5768 5769/5769/5769
f 5770/5770/5770 5771/5771/5771 5772/5772/5772
f 5773/5773/5773 5774/5774/5774 5775/5775/5775
f 5776/5776/5776 5777/5777/5777 5778/5778/5778
f 5779/5779/5779 5780/5780/5780 5781/5781/5781
f 5782/5782/5782 5783/5783/5783 5784/5784/5784
f 5785/5785/5785 5786/5786/5786 5787/5787/5787
f 5788/5788/5788 5789/5789/5789 5790/5790/5790
f 5791/5791/5791 5792/5792/5792 5793/5793/5793
f 5794/5794/5794 5795/5795/5795 5796/5796/5796
f 5797/5797/5797 5798/5798/5798 5799/5799/5799
f 5800/5800/5800 5801/5801/5801 5802/5802/5802
f 5803/5803/5803 5804/5804/5804 5805/5805/5805
f 5806/5806/5806 5807/5807/5807 5808/5808/5808
f 5809/5809/5809 5810/5810/5810 5811/5811/5811
f 5812/5812/5812 5813/5813/5813 5814/5814/5814
f 5815/5815/5815 5816/5816/5816 5817/5817/5817
f 5818/5818/5818 5819/5819/5819 5820/5820/5820
f 5821/5821/5821 5822/5822/5822 5823/5823/5823
f 5824/5824/5824 5825/5825/5825 5826/5826/5826
f 5827/5827/5827 5828/5828/5828 5829/5829/5829
f 5830/5830/5830 5831/5831/5831 5832/5832/5832
f 5833/5833/5833 5834/5834/5834 5835/5835/5835
f 5836/5836/5836 5837/5837/5837 5838/5838/5838
f 5839/5839/5839 5840/5840/5840 5841/5841/5841
f 5842/5842/5842 5843/5843/5843 5844/5844/5844
f 5845/5845/5845 5846/5846/5846 5847/5847/5847
f 5848/5848/5848 5849/5849/5849 5850/5850/5850
f 5851/5851/5851 5852/5852/5852 5853/5853/5853
f 5854/5854/5854 5855/5855/5855 5856/5856/5856
f 5857/5857/5857 5858/5858/5858 5859/5859/5859
f 5860/5860/5860 5861/5861/5861 5862/5862/5862
f 5863/5863/5863 5864/5864/5864 5865/5865/5865
f 5866/5866/5866 5867/5867/5867 5868/5868/5868
f 5869/5869/5869 5870/5870/5870 5871/5871/5871
f 5872/5872/5872 5873/5873/5873 5874/5874/5874
f 5875/5875/5875 5876/5876/5876 5877/5877/5877
f 5878/5878/5878 5879/5879/5879 5880/5880/5880
f 5881/5881/5881 5882/5882/5882 5883/5883/5883
f 5884/5884/5884 5885/5885/5885 5886/5886/5886
f 5887/5887/5887 5888/5888/5888 5889/5889/5889
f 5890/5890/5890 5891/5891/5891 5892/5892/5892
f 5893/5893/5893 5894/5894/5894 5895/5895/5895
f 5896/5896/5896 5897/5897/5897 5898/5898/5898
f 5899/5899/5899 5900/5900/5900 5901/5901/5901
f 5902/5902/5902 5903/5903/5903 5904/5904/5904
f 5905/5905/5905 5906/5906/5906 5907/5907/5907
f 5908/5908/5908 5909/5909/5909 5910/5910/5910
f 5911/5911/5911 5912/5912/5912 5913/5913/5913
f 5914/5914/5914 5915/5915/5915 5916/5916/5916
f 5917/5917/5917 5918/5918/5918 5919/5919/5919
f 5920/5920/5920 5921/5921/5921 5922/5922/5922
f 5923/5923/5923 5924/5924/5924 5925/5925/5925
f 5926/5926/5926 5927/5927/5927 5928/5928/5928
f 5929/5929/5929 5930/5930/5930 5931/5931/5931
f 5932/5932/5932 5933/5933/5933 5934/5934/5934
f 5935/5935/5935 5936/5936/5936 5937/5937/5937
f 5938/5938/5938 5939/5939/5939 5940/5940/5940
f 5941/5941/5941 5942/5942/5942 5943/5943/5943
f 5944/5944/5944 5945/5945/5945 5946/5946/5946
f 5947/5947/5947 5948/5948/5948 5949/5949/5949
f 5950/5950/5950 5951/5951/5951 5952/5952/5952
f 5953/5953/5953 5954/5954/5954 5955/5955/5955
f 5956/5956/5956 5957/5957/5957 5958/5958/5958
f 5959/5959/5959 5960/5960/5960 5961/5961/5961
f 5962/5962/5962 5963/5963/5963 5964/5964/5964
f 5965/5965/5965 5966/5966/5966 5967/5967/5967
f 5968/5968/5968 5969/5969/5969 5970/5970/5970
f 5971/5971/5971 5972/5972/5972 5973/5973/5973
f 5974/5974/5974 5975/5975/5975 5976/5976/5976
f 5977/5977/5977 5978/5978/5978 5979/5979/5979
f 5980/5980/5980 5981/5981/5981 5982/5982/5982
f 5983/5983/5983 5984/5984/5984 5985/5985/5985
f 5986/5986/5986 5987/5987/5987 5988/5988/5988
f 5989/5989/5989 5990/5990/5990 5991/5991/5991
f 5992/5992/5992 5993/5993/5993 5994/5994/5994
f 5995/5995/5995 5996/5996/5996 5997/5997/5997
f 5998/5998/5998 5999/5999/5999 6000/6000/6000
f 6001/6001/6001 6002/6002/6002 6003/6003/6003
f 6004/6004/6004 6005/6005/6005 6006/6006/6006
f 6007/6007/6007 6008/6008/6008 6009/6009/6009
f 6010/6010/6010 6011/6011/6011 6012/6012/6012
f 6013/6013/6013 6014/6014/6014 6015/6015/6015
f 6016/6016/6016 6017/6017/6017 6018/6018/6018
f 6019/6019/6019 6020/6020/6020 6021/6021/6021
f 6022/6022/6022 6023/6023/6023 6024/6024/6024
f 6025/6025/6025 6026/6026/6026 6027/6027/6027
f 6028/6028/6028 6029/6029/6029 6030/6030/6030
f 6031/6031/6031 6032/6032/6032 6033/6033/6033
f 6034/6034/6034 6035/6035/6035 6036/6036/6036
f 6037/6037/6037 6038/6038/6038 6039/6039/6039
f 6040/6040/6040 6041/6041/6041 6042/6042/6042
f 6043/6043/6043 6044/6044/6044 6045/6045/6045
f 6046/6046/6046 6047/6047/6047 6048/6048/6048
f 6049/6049/6049 6050/6050/6050 6051/6051/6051
f 6052/6052/6052 6053/6053/6053 6054/6054/6054
f 6055/6055/6055 6056/6056/6056 6057/6057/6057
f 6058/6058/6058 6059/6059/6059 6060/6060/6060
f 6061/6061/6061 6062/6062/6062 6063/6063/6063
f 6064/6064/6064 6065/6065/6065 6066/6066/6066
f 6067/6067/6067 6068/6068/6068 6069/6069/6069
f 6070/6070/6070 6071/6071/6071 6072/6072/6072
f 6073/6073/6073 6074/6074/6074 6075/6075/6075
f 6076/6076/6076 6077/6077/6077 6078/6078/6078
f 6079/6079/6079 6080/6080/6080 6081/6081/6081
f 6082/6082/6082 6083/6083/6083 6084/6084/6084
f 6085/6085/6085 6086/6086/6086 6087/6087/6087
f 6088/6088/6088 6089/6089/6089 6090/6090/6090
f 6091/6091/6091 6092/6092/6092 6093/6093/6093
f 6094/6094/6094 6095/6095/6095 6096/6096/6096
f 6097/6097/6097 6098/6098/6098 6099/6099/6099
f 6100/6100/6100 6101/6101/6101 6102/6102/6102
f 6103/6103/6103 6104/6104/6104 6105/6105/6105
f 6106/6106/6106 6107/6107/6107 6108/6108/6108
f 6109/6109/6109 6110/6110/6110 6111/6111/6111
f 6112/6112/6112 6113/6113/6113 6114/6114/6114
f 6115/6115/6115 6116/6116/6116 6117/6117/6117
f 6118/6118/6118 6119/6119/6119 6120/6120/6120
f 6121/6121/6121 6122/6122/6122 6123/6123/6123
f 6124/6124/6124 6125/6125/6125 6126/6126/6126
f 6127/6127/6127 6128/6128/6128 6129/6129/6129
f 6130/6130/6130 6131/6131/6131 6132/6132/6132
f 6133/6133/6133 6134/6134/6134 6135/6135/6135
f 6136/6136/6136 6137/6137/6137 6138/6138/6138
f 6139/6139/6139 6140/6140/6140 6141/6141/6141
f 6142/6142/6142 6143/6143/6143 6144/6144/6144
f 6145/6145/6145 6146/6146/6146 6147/6147/6147
f 6148/6148/6148 6149/6149/6149 6150/6150/6150
f 6151/6151/6151 6152/6152/6152 6153/6153/6153
f 6154/6154/6154 6155/6155/6155 6156/6156/6156
f 6157/6157/6157 6158/6158/6158 6159/6159/6159
f 7243/7243/7243 7244/7244/7244 7245/7245/7245
f 7246/7246/7246 7247/7247/7247 7248/7248/7248
f 7249/7249/7249 7250/7250/7250 7251/7251/7251
f 7252/7252/7252 7253/7253/7253 7254/7254/7254
f 7255/7255/7255 7256/7256/7256 7257/7257/7257
f 7258/7258/7258 7259/7259/7259 7260/7260/7260
f 7261/7261/7261 7262/7262/7262 7263/7263/7263
f 7264/7264/7264 7265/7265/7265 7266/7266/7266
f 7267/7267/7267 7268/7268/7268 7269/7269/7269
f 7270/7270/7270 7271/7271/7271 7272/7272/7272
f 7273/7273/7273 7274/7274/7274 7275/7275/7275
f 7276/7276/7276 7277/7277/7277 7278/7278/7278
f 7279/7279/7279 7280/7280/7280 7281/7281/7281
f 7282/7282/7282 7283/7283/7283 7284/7284/7284
f 7285/7285/7285 7286/7286/7286 7287/7287/7287
f 7288/7288/7288 7289/7289/7289 7290/7290/7290
f 7291/7291/7291 7292/7292/7292 7293/7293/7293
f 7294/7294/7294 7295/7295/7295 7296/7296/7296
f 7297/7297/7297 7298/7298/7298 7299/7299/7299
f 7300/7300/7300 7301/7301/7301 7302/7302/7302
f 7303/7303/7303 7304/7304/7304 7305/7305/7305
f 7306/7306/7306 7307/7307/7307 7308/7308/7308
f 7309/7309/7309 7310/7310/7310 7311/7311/7311
f 7312/7312/7312 7313/7313/7313 7314/7314/7314
f 7315/7315/7315 7316/7316/7316 7317/7317/7317
f 7318/7318/7318 7319/7319/7319 7320/7320/7320
f 7321/7321/7321 7322/7322/7322 7323/7323/7323
f 7324/7324/7324 7325/7325/7325 7326/7326/7326
f 7327/7327/7327 7328/7328/7328 7329/7329/7329
f 7330/7330/7330 7331/7331/7331 7332/7332/7332
f 7333/7333/7333 7334/7334/7334 7335/7335/7335
f 7336/7336/7336 7337/7337/7337 7338/7338/7338
f 7339/7339/7339 7340/7340/7340 7341/7341/7341
f 7342/7342/7342 7343/7343/7343 7344/7344/7344
f 7345/7345/7345 7346/7346/7346 7347/7347/7347
f 7348/7348/7348 7349/7349/7349 7350/7350/7350
f 7351/7351/7351 7352/7352/7352 7353/7353/7353
f 7354/7354/7354 7355/7355/7355 7356/7356/7356
f 7357/7357/7357 7358/7358/7358 7359/7359/7359
f 7360/7360/7360 7361/7361/7361 7362/7362/7362
f 7363/7363/7363 7364/7364/7364 7365/7365/7365
f 7366/7366/7366 7367/7367/7367 7368/7368/7368
f 7369/7369/7369 7370/7370/7370 7371/7371/7371
f 7372/7372/7372 7373/7373/7373 7374/7374/7374
f 7375/7375/7375 7376/7376/7376 7377/7377/7377
f 7378/7378/7378 7379/7379/7379 7380/7380/7380
f 7381/7381/7381 7382/7382/7382 7383/7383/7383
f 7384/7384/7384 7385/7385/7385 7386/7386/7386
f 7387/7387/7387 7388/7388/7388 7389/7389/7389
f 7390/7390/7390 7391/7391/7391 7392/7392/7392
f 7393/7393/7393 7394/7394/7394 7395/7395/7395
f 7396/7396/7396 7397/7397/7397 7398/7398/7398
f 7399/7399/7399 7400/7400/7400 7401/7401/7401
f 7402/7402/7402 7403/7403/7403 7404/7404/7404
f 7405/7405/7405 7406/7406/7406 7407/7407/7407
f 7408/7408/7408 7409/7409/7409 7410/7410/7410
f 7411/7411/7411 7412/7412/7412 7413/7413/7413
f 7414/7414/7414 7415/7415/7415 7416/7416/7416
f 7417/7417/7417 7418/7418/7418 7419/7419/7419
f 7420/7420/7420 7421/7421/7421 7422/7422/7422
f 7423/7423/7423 7424/7424/7424 7425/7425/7425
f 7426/7426/7426 7427/7427/7427 7428/7428/7428
f 7429/7429/7429 7430/7430/7430 7431/7431/7431
f 7432/7432/7432 7433/7433/7433 7434/7434/7434
f 7435/7435/7435 7436/7436/7436 7437/7437/7437
f 7438/7438/7438 7439/7439/7439 7440/7440/7440
f 7441/7441/7441 7442/7442/7442 7443/7443/7443
f 7444/7444/7444 7445/7445/7445 7446/7446/7446
f 7447/7447/7447 7448/7448/7448 7449/7449/7449
f 7450/7450/7450 7451/7451/7451 7452/7452/7452
f 7795/7795/7795 7796/7796/7796 7797/7797/7797
f 7798/7798/7798 7799/7799/7799 7800/7800/7800
f 7801/7801/7801 7802/7802/7802 7803/7803/7803
f 7804/7804/7804 7805/7805/7805 7806/7806/7806
f 7807/7807/7807 7808/7808/7808 7809/7809/7809
f 7810/7810/7810 7811/7811/7811 7812/7812/7812
f 7813/7813/7813 7814/7814/7814 7815/7815/7815
f 7816/7816/7816 7817/7817/7817 7818/7818/7818
f 7819/7819/7819 7820/7820/7820 7821/7821/7821
f 7822/7822/7822 7823/7823/7823 7824/7824/7824
f 7825/7825/7825 7826/7826/7826 7827/7827/7827
f 7828/7828/7828 7829/7829/7829 7830/7830/7830
f 7831/7831/7831 7832/7832/7832 7833/7833/7833
f 7834/7834/7834 7835/7835/7835 7836/7836/7836
f 7837/7837/7837 7838/7838/7838 7839/7839/7839
f 7840/7840/7840 7841/7841/7841 7842/7842/7842
f 7843/7843/7843 7844/7844/7844 7845/7845/7845
f 7846/7846/7846 7847/7847/7847 7848/7848/7848
f 7849/7849/7849 7850/7850/7850 7851/7851/7851
f 7852/7852/7852 7853/7853/7853 7854/7854/7854
f 7855/7855/7855 7856/7856/7856 7857/7857/7857
f 7858/7858/7858 7859/7859/7859 7860/7860/7860
f 7861/7861/7861 7862/7862/7862 7863/7863/7863
f 7864/7864/7864 7865/7865/7865 7866/7866/7866
f 7867/7867/7867 7868/7868/7868 7869/7869/7869
f 7870/7870/7870 7871/7871/7871 7872/7872/7872
f 7873/7873/7873 7874/7874/7874 7875/7875/7875
f 7876/7876/7876 7877/7877/7877 7878/7878/7878
f 7879/7879/7879 7880/7880/7880 7881/7881/7881
f 7882/7882/7882 7883/7883/7883 7884/7884/7884
f 7885/7885/7885 7886/7886/7886 7887/7887/7887
f 7888/7888/7888 7889/7889/7889 7890/7890/7890
f 7891/7891/7891 7892/7892/7892 7893/7893/7893
f 7894/7894/7894 7895/7895/7895 7896/7896/7896
f 7897/7897/7897 7898/7898/7898 7899/7899/7899
f 7900/7900/7900 7901/7901/7901 7902/7902/7902
f 7903/7903/7903 7904/7904/7904 7905/7905/7905
f 7906/7906/7906 7907/7907/7907 7908/7908/7908
f 7909/7909/7909 7910/7910/7910 7911/7911/7911
f 7912/7912/7912 7913/7913/7913 7914/7914/7914
f 7915/7915/7915 7916/7916/7916 7917/7917/7917
f 7918/7918/7918 7919/7919/7919 7920/7920/7920
f 7921/7921/7921 7922/7922/7922 7923/7923/7923
f 7924/7924/7924 7925/7925/7925 7926/7926/7926
f 7927/7927/7927 7928/7928/7928 7929/7929/7929
f 7930/7930/7930 7931/7931/7931 7932/7932/7932
f 7933/7933/7933 7934/7934/7934 7935/7935/7935
f 7936/7936/7936 7937/7937/7937 7938/7938/7938
f 7939/7939/7939 7940/7940/7940 7941/7941/7941
f 7942/7942/7942 7943/7943/7943 7944/7944/7944
f 7945/7945/7945 7946/7946/7946 7947/7947/7947
f 7948/7948/7948 7949/7949/7949 7950/7950/7950
f 7951/7951/7951 7952/7952/7952 7953/7953/7953
f 7954/7954/7954 7955/7955/7955 7956/7956/7956
f 7957/7957/7957 7958/7958/7958 7959/7959/7959
f 7960/7960/7960 7961/7961/7961 7962/7962/7962
f 7963/7963/7963 7964/7964/7964 7965/7965/7965
f 7966/7966/7966 7967/7967/7967 7968/7968/7968
f 7969/7969/7969 7970/7970/7970 7971/7971/7971
f 7972/7972/7972 7973/7973/7973 7974/7974/7974
f 7975/7975/7975 7976/7976/7976 7977/7977/7977
f 7978/7978/7978 7979/7979/7979 7980/7980/7980
f 7981/7981/7981 7982/7982/7982 7983/7983/7983
f 7984/7984/7984 7985/7985/7985 7986/7986/7986
f 7987/7987/7987 7988/7988/7988 7989/7989/7989
f 7990/7990/7990 7991/7991/7991 7992/7992/7992
f 7993/7993/7993 7994/7994/7994 7995/7995/7995
f 7996/7996/7996 7997/7997/7997 7998/7998/7998
f 7999/7999/7999 8000/8000/8000 8001/8001/8001
f 8002/8002/8002 8003/8003/8003 8004/8004/8004
f 8347/8347/8347 8348/8348/8348 8349/8349/8349
f 8350/8350/8350 8351/8351/8351 8352/8352/8352
f 8353/8353/8353 8354/8354/8354 8355/8355/8355
f 8356/8356/8356 8357/8357/8357 8358/8358/8358
f 8359/8359/8359 8360/8360/8360 8361/8361/8361
f 8362/8362/8362 8363/8363/8363 8364/8364/8364
f 8365/8365/8365 8366/8366/8366 8367/8367/8367
f 8368/8368/8368 8369/8369/8369 8370/8370/8370
f 8371/8371/8371 8372/8372/8372 8373/8373/8373
f 8374/8374/8374 8375/8375/8375 8376/8376/8376
f 8377/8377/8377 8378/8378/8378 8379/8379/8379
f 8380/8380/8380 8381/8381/8381 8382/8382/8382
f 8383/8383/8383 8384/8384/8384 8385/8385/8385
f 8386/8386/8386 8387/8387/8387 8388/8388/8388
f 8389/8389/8389 8390/8390/8390 8391/8391/8391
f 8392/8392/8392 8393/8393/8393 8394/8394/8394
f 8395/8395/8395 8396/8396/8396 8397/8397/8397
f 8398/8398/8398 8399/8399/8399 8400/8400/8400
f 8401/8401/8401 8402/8402/8402 8403/8403/8403
f 8404/8404/8404 8405/8405/8405 8406/8406/8406
f 8407/8407/8407 8408/8408/8408 8409/8409/8409
f 8410/8410/8410 8411/8411/8411 8412/8412/8412
f 8413/8413/8413 8414/8414/8414 8415/8415/8415
f 8416/8416/8416 8417/8417/8417 8418/8418/8418
f 8419/8419/8419 8420/8420/8420 8421/8421/8421
f 8422/8422/8422 8423/8423/8423 8424/8424/8424
f 8425/8425/8425 8426/8426/8426 8427/8427/8427
f 8428/8428/8428 8429/8429/8429 8430/8430/8430
f 8431/8431/8431 8432/8432/8432 8433/8433/8433
f 8434/8434/8434 8435/8435/8435 8436/8436/8436
f 8437/8437/8437 8438/8438/8438 8439/8439/8439
f 8440/8440/8440 8441/8441/8441 8442/8442/8442
f 8443/8443/8443 8444/8444/8444 8445/8445/8445
f 8446/8446/8446 8447/8447/8447 8448/8448/8448
f 8449/8449/8449 8450/8450/8450 8451/8451/8451
f 8452/8452/8452 8453/8453/8453 8454/8454/8454
f 8455/8455/8455 8456/8456/8456 8457/8457/8457
f 8458/8458/8458 8459/8459/8459 8460/8460/8460
f 8461/8461/8461 8462/8462/8462 8463/8463/8463
f 8464/8464/8464 8465/8465/8465 8466/8466/8466
f 8467/8467/8467 8468/8468/8468 8469/8469/8469
f 8470/8470/8470 8471/8471/8471 8472/8472/8472
f 8473/8473/8473 8474/8474/8474 8475/8475/8475
f 8476/8476/8476 8477/8477/8477 8478/8478/8478
f 8479/8479/8479 8480/8480/8480 8481/8481/8481
f 8482/8482/8482 8483/8483/8483 8484/8484/8484
f 8485/8485/8485 8486/8486/8486 8487/8487/8487
f 8488/8488/8488 8489/8489/8489 8490/8490/8490
f 8491/8491/8491 8492/8492/8492 8493/8493/8493
f 8494/8494/8494 8495/8495/8495 8496/8496/8496
f 8497/8497/8497 8498/8498/8498 8499/8499/8499
f 8500/8500/8500 8501/8501/8501 8502/8502/8502
f 8503/8503/8503 8504/8504/8504 8505/8505/8505
f 8506/8506/8506 8507/8507/8507 8508/8508/8508
f 8509/8509/8509 8510/8510/8510 8511/8511/8511
f 8512/8512/8512 8513/8513/8513 8514/8514/8514
f 8515/8515/8515 8516/8516/8516 8517/8517/8517
f 8518/8518/8518 8519/8519/8519 8520/8520/8520
f 8521/8521/8521 8522/8522/8522 8523/8523/8523
f 8524/8524/8524 8525/8525/8525 8526/8526/8526
f 8527/8527/8527 8528/8528/8528 8529/8529/8529
f 8530/8530/8530 8531/8531/8531 8532/8532/8532
f 8533/8533/8533 8534/8534/8534 8535/8535/8535
f 8536/8536/8536 8537/8537/8537 8538/8538/8538
f 8539/8539/8539 8540/8540/8540 8541/8541/8541
f 8542/8542/8542 8543/8543/8543 8544/8544/8544
f 8545/8545/8545 8546/8546/8546 8547/8547/8547
f 8548/8548/8548 8549/8549/8549 8550/8550/8550
f 8551/8551/8551 8552/8552/8552 8553/8553/8553
f 8554/8554/8554 8555/8555/8555 8556/8556/8556
f 8899/8899/8899 8900/8900/8900 8901/8901/8901
f 8902/8902/8902 8903/8903/8903 8904/8904/8904
f 8905/8905/8905 8906/8906/8906 8907/8907/8907
f 8908/8908/8908 8909/8909/8909 8910/8910/8910
f 8911/8911/8911 8912/8912/8912 8913/8913/8913
f 8914/8914/8914 8915/8915/8915 8916/8916/8916
f 8917/8917/8917 8918/8918/8918 8919/8919/8919
f 8920/8920/8920 8921/8921/8921 8922/8922/8922
f 8923/8923/8923 8924/8924/8924 8925/8925/8925
f 8926/8926/8926 8927/8927/8927 8928/8928/8928
f 8929/8929/8929 8930/8930/8930 8931/8931/8931
f 8932/8932/8932 8933/8933/8933 8934/8934/8934
f 8935/8935/8935 8936/8936/8936 8937/8937/8937
f 8938/8938/8938 8939/8939/8939 8940/8940/8940
f 8941/8941/8941 8942/8942/8942 8943/8943/8943
f 8944/8944/8944 8945/8945/8945 8946/8946/8946
f 8947/8947/8947 8948/8948/8948 8949/8949/8949
f 8950/8950/8950 8951/8951/8951 8952/8952/8952
f 8953/8953/8953 8954/8954/8954 8955/8955/8955
f 8956/8956/8956 8957/8957/8957 8958/8958/8958
f 8959/8959/8959 8960/8960/8960 8961/8961/8961
f 8962/8962/8962 8963/8963/8963 8964/8964/8964
f 8965/8965/8965 8966/8966/8966 8967/8967/8967
f 8968/8968/8968 8969/8969/8969 8970/8970/8970
f 8971/8971/8971 8972/8972/8972 8973/8973/8973
f 8974/8974/8974 8975/8975/8975 8976/8976/8976
f 8977/8977/8977 8978/8978/8978 8979/8979/8979
f 8980/8980/8980 8981/8981/8981 8982/8982/8982
f 8983/8983/8983 8984/8984/8984 8985/8985/8985
f 8986/8986/8986 8987/8987/8987 8988/8988/8988
f 8989/8989/8989 8990/8990/8990 8991/8991/8991
f 8992/8992/8992 8993/8993/8993 8994/8994/8994
f 8995/8995/8995 8996/8996/8996 8997/8997/8997
f 8998/8998/8998 8999/8999/8999 9000/9000/9000
f 9001/9001/9001 9002/9002/9002 9003/9003/9003
f 9004/9004/9004 9005/9005/9005 9006/9006/9006
f 9007/9007/9007 9008/9008/9008 9009/9009/9009
f 9010/9010/9010 9011/9011/9011 9012/9012/9012
f 9013/9013/9013 9014/9014/9014 9015/9015/9015
f 9016/9016/9016 9017/9017/9017 9018/9018/9018
f 9019/9019/9019 9020/9020/9020 9021/9021/9021
f 9022/9022/9022 9023/9023/9023 9024/9024/9024
f 9025/9025/9025 9026/9026/9026 9027/9027/9027
f 9028/9028/9028 9029/9029/9029 9030/9030/9030
f 9031/9031/9031 9032/9032/9032 9033/9033/9033
f 9034/9034/9034 9035/9035/9035 9036/9036/9036
f 9037/9037/9037 9038/9038/9038 9039/9039/9039
f 9040/9040/9040 9041/9041/9041 9042/9042/9042
f 9043/9043/9043 9044/9044/9044 9045/9045/9045
f 9046/9046/9046 9047/9047/9047 9048/9048/9048
f 9049/9049/9049 9050/9050/9050 9051/9051/9051
f 9052/9052/9052 9053/9053/9053 9054/9054/9054
f 9055/9055/9055 9056/9056/9056 9057/9057/9057
f 9058/9058/9058 9059/9059/9059 9060/9060/9060
f 9061/9061/9061 9062/9062/9062 9063/9063/9063
f 9064/9064/9064 9065/9065/9065 9066/9066/9066
f 9067/9067/9067 9068/9068/9068 9069/9069/9069
f 9070/9070/9070 9071/9071/9071 9072/9072/9072
f 9073/9073/9073 9074/9074/9074 9075/9075/9075
f 9076/9076/9076 9077/9077/9077 9078/9078/9078
f 9079/9079/9079 9080/9080/9080 9081/9081/9081
f 9082/9082/9082 9083/9083/9083 9084/9084/9084
f 9085/9085/9085 9086/9086/9086 9087/9087/9087
f 9088/9088/9088 9089/9089/9089 9090/9090/9090
f 9091/9091/9091 9092/9092/9092 9093/9093/9093
f 9094/9094/9094 9095/9095/9095 9096/9096/9096
f 9097/9097/9097 9098/9098/9098 9099/9099/9099
f 9100/9100/9100 9101/9101/9101 9102/9102/9102
f 9103/9103/9103 9104/9104/9104 9105/9105/9105
f 9106/9106/9106 9107/9107/9107 9108/9108/9108
usemtl d93760fda8d73aaece101336817a135f_3
f 7138/7138/7138 7139/7139/7139 7140/7140/7140
f 7141/7141/7141 7142/7142/7142 7143/7143/7143
f 7144/7144/7144 7145/7145/7145 7146/7146/7146
f 7147/7147/7147 7148/7148/7148 7149/7149/7149
f 7150/7150/7150 7151/7151/7151 7152/7152/7152
f 7153/7153/7153 7154/7154/7154 7155/7155/7155
f 7156/7156/7156 7157/7157/7157 7158/7158/7158
f 7159/7159/7159 7160/7160/7160 7161/7161/7161
f 7162/7162/7162 7163/7163/7163 7164/7164/7164
f 7165/7165/7165 7166/7166/7166 7167/7167/7167
f 7168/7168/7168 7169/7169/7169 7170/7170/7170
f 7171/7171/7171 7172/7172/7172 7173/7173/7173
f 7174/7174/7174 7175/7175/7175 7176/7176/7176
f 7177/7177/7177 7178/7178/7178 7179/7179/7179
f 7180/7180/7180 7181/7181/7181 7182/7182/7182
f 7183/7183/7183 7184/7184/7184 7185/7185/7185
f 7186/7186/7186 7187/7187/7187 7188/7188/7188
f 7189/7189/7189 7190/7190/7190 7191/7191/7191
f 7192/7192/7192 7193/7193/7193 7194/7194/7194
f 7195/7195/7195 7196/7196/7196 7197/7197/7197
f 7198/7198/7198 7199/7199/7199 7200/7200/7200
f 7201/7201/7201 7202/7202/7202 7203/7203/7203
f 7204/7204/7204 7205/7205/7205 7206/7206/7206
f 7207/7207/7207 7208/7208/7208 7209/7209/7209
f 7210/7210/7210 7211/7211/7211 7212/7212/7212
f 7213/7213/7213 7214/7214/7214 7215/7215/7215
f 7216/7216/7216 7217/7217/7217 7218/7218/7218
f 7219/7219/7219 7220/7220/7220 7221/7221/7221
f 7222/7222/7222 7223/7223/7223 7224/7224/7224
f 7225/7225/7225 7226/7226/7226 7227/7227/7227
f 7228/7228/7228 7229/7229/7229 7230/7230/7230
f 7231/7231/7231 7232/7232/7232 7233/7233/7233
f 7234/7234/7234 7235/7235/7235 7236/7236/7236
f 7237/7237/7237 7238/7238/7238 7239/7239/7239
f 7240/7240/7240 7241/7241/7241 7242/7242/7242
usemtl d93760fda8d73aaece101336817a135f_5
f 7453/7453/7453 7454/7454/7454 7455/7455/7455
f 7456/7456/7456 7457/7457/7457 7458/7458/7458
f 7459/7459/7459 7460/7460/7460 7461/7461/7461
f 7462/7462/7462 7463/7463/7463 7464/7464/7464
f 7465/7465/7465 7466/7466/7466 7467/7467/7467
f 7468/7468/7468 7469/7469/7469 7470/7470/7470
f 7471/7471/7471 7472/7472/7472 7473/7473/7473
f 7474/7474/7474 7475/7475/7475 7476/7476/7476
f 7477/7477/7477 7478/7478/7478 7479/7479/7479
f 7480/7480/7480 7481/7481/7481 7482/7482/7482
f 7483/7483/7483 7484/7484/7484 7485/7485/7485
f 7486/7486/7486 7487/7487/7487 7488/7488/7488
f 7489/7489/7489 7490/7490/7490 7491/7491/7491
f 7492/7492/7492 7493/7493/7493 7494/7494/7494
f 7495/7495/7495 7496/7496/7496 7497/7497/7497
f 7498/7498/7498 7499/7499/7499 7500/7500/7500
f 7501/7501/7501 7502/7502/7502 7503/7503/7503
f 7504/7504/7504 7505/7505/7505 7506/7506/7506
f 7507/7507/7507 7508/7508/7508 7509/7509/7509
f 7510/7510/7510 7511/7511/7511 7512/7512/7512
f 7513/7513/7513 7514/7514/7514 7515/7515/7515
f 7516/7516/7516 7517/7517/7517 7518/7518/7518
f 7519/7519/7519 7520/7520/7520 7521/7521/7521
f 7522/7522/7522 7523/7523/7523 7524/7524/7524
f 7525/7525/7525 7526/7526/7526 7527/7527/7527
f 7528/7528/7528 7529/7529/7529 7530/7530/7530
f 7531/7531/7531 7532/7532/7532 7533/7533/7533
f 7534/7534/7534 7535/7535/7535 7536/7536/7536
f 7537/7537/7537 7538/7538/7538 7539/7539/7539
f 7540/7540/7540 7541/7541/7541 7542/7542/7542
f 7543/7543/7543 7544/7544/7544 7545/7545/7545
f 7546/7546/7546 7547/7547/7547 7548/7548/7548
f 7549/7549/7549 7550/7550/7550 7551/7551/7551
f 7552/7552/7552 7553/7553/7553 7554/7554/7554
f 7555/7555/7555 7556/7556/7556 7557/7557/7557
f 7558/7558/7558 7559/7559/7559 7560/7560/7560
f 7561/7561/7561 7562/7562/7562 7563/7563/7563
f 7564/7564/7564 7565/7565/7565 7566/7566/7566
f 7567/7567/7567 7568/7568/7568 7569/7569/7569
f 7570/7570/7570 7571/7571/7571 7572/7572/7572
f 7573/7573/7573 7574/7574/7574 7575/7575/7575
f 7576/7576/7576 7577/7577/7577 7578/7578/7578
f 7579/7579/7579 7580/7580/7580 7581/7581/7581
f 7582/7582/7582 7583/7583/7583 7584/7584/7584
f 7585/7585/7585 7586/7586/7586 7587/7587/7587
f 7588/7588/7588 7589/7589/7589 7590/7590/7590
f 7591/7591/7591 7592/7592/7592 7593/7593/7593
f 7594/7594/7594 7595/7595/7595 7596/7596/7596
f 7597/7597/7597 7598/7598/7598 7599/7599/7599
f 7600/7600/7600 7601/7601/7601 7602/7602/7602
f 7603/7603/7603 7604/7604/7604 7605/7605/7605
f 7606/7606/7606 7607/7607/7607 7608/7608/7608
f 7609/7609/7609 7610/7610/7610 7611/7611/7611
f 7612/7612/7612 7613/7613/7613 7614/7614/7614
f 7615/7615/7615 7616/7616/7616 7617/7617/7617
f 7618/7618/7618 7619/7619/7619 7620/7620/7620
f 7621/7621/7621 7622/7622/7622 7623/7623/7623
f 7624/7624/7624 7625/7625/7625 7626/7626/7626
f 7627/7627/7627 7628/7628/7628 7629/7629/7629
f 7630/7630/7630 7631/7631/7631 7632/7632/7632
f 7633/7633/7633 7634/7634/7634 7635/7635/7635
f 7636/7636/7636 7637/7637/7637 7638/7638/7638
f 7639/7639/7639 7640/7640/7640 7641/7641/7641
f 7642/7642/7642 7643/7643/7643 7644/7644/7644
f 7645/7645/7645 7646/7646/7646 7647/7647/7647
f 7648/7648/7648 7649/7649/7649 7650/7650/7650
f 7651/7651/7651 7652/7652/7652 7653/7653/7653
f 7654/7654/7654 7655/7655/7655 7656/7656/7656
f 7657/7657/7657 7658/7658/7658 7659/7659/7659
f 7660/7660/7660 7661/7661/7661 7662/7662/7662
f 7663/7663/7663 7664/7664/7664 7665/7665/7665
f 7666/7666/7666 7667/7667/7667 7668/7668/7668
f 7669/7669/7669 7670/7670/7670 7671/7671/7671
f 7672/7672/7672 7673/7673/7673 7674/7674/7674
f 7675/7675/7675 7676/7676/7676 7677/7677/7677
f 7678/7678/7678 7679/7679/7679 7680/7680/7680
f 7681/7681/7681 7682/7682/7682 7683/7683/7683
f 7684/7684/7684 7685/7685/7685 7686/7686/7686
f 7687/7687/7687 7688/7688/7688 7689/7689/7689
f 7690/7690/7690 7691/7691/7691 7692/7692/7692
f 7693/7693/7693 7694/7694/7694 7695/7695/7695
f 7696/7696/7696 7697/7697/7697 7698/7698/7698
f 7699/7699/7699 7700/7700/7700 7701/7701/7701
f 7702/7702/7702 7703/7703/7703 7704/7704/7704
f 7705/7705/7705 7706/7706/7706 7707/7707/7707
f 7708/7708/7708 7709/7709/7709 7710/7710/7710
f 7711/7711/7711 7712/7712/7712 7713/7713/7713
f 7714/7714/7714 7715/7715/7715 7716/7716/7716
f 7717/7717/7717 7718/7718/7718 7719/7719/7719
f 7720/7720/7720 7721/7721/7721 7722/7722/7722
f 7723/7723/7723 7724/7724/7724 7725/7725/7725
f 7726/7726/7726 7727/7727/7727 7728/7728/7728
f 8005/8005/8005 8006/8006/8006 8007/8007/8007
f 8008/8008/8008 8009/8009/8009 8010/8010/8010
f 8011/8011/8011 8012/8012/8012 8013/8013/8013
f 8014/8014/8014 8015/8015/8015 8016/8016/8016
f 8017/8017/8017 8018/8018/8018 8019/8019/8019
f 8020/8020/8020 8021/8021/8021 8022/8022/8022
f 8023/8023/8023 8024/8024/8024 8025/8025/8025
f 8026/8026/8026 8027/8027/8027 8028/8028/8028
f 8029/8029/8029 8030/8030/8030 8031/8031/8031
f 8032/8032/8032 8033/8033/8033 8034/8034/8034
f 8035/8035/8035 8036/8036/8036 8037/8037/8037
f 8038/8038/8038 8039/8039/8039 8040/8040/8040
f 8041/8041/8041 8042/8042/8042 8043/8043/8043
f 8044/8044/8044 8045/8045/8045 8046/8046/8046
f 8047/8047/8047 8048/8048/8048 8049/8049/8049
f 8050/8050/8050 8051/8051/8051 8052/8052/8052
f 8053/8053/8053 8054/8054/8054 8055/8055/8055
f 8056/8056/8056 8057/8057/8057 8058/8058/8058
f 8059/8059/8059 8060/8060/8060 8061/8061/8061
f 8062/8062/8062 8063/8063/8063 8064/8064/8064
f 8065/8065/8065 8066/8066/8066 8067/8067/8067
f 8068/8068/8068 8069/8069/8069 8070/8070/8070
f 8071/8071/8071 8072/8072/8072 8073/8073/8073
f 8074/8074/8074 8075/8075/8075 8076/8076/8076
f 8077/8077/8077 8078/8078/8078 8079/8079/8079
f 8080/8080/8080 8081/8081/8081 8082/8082/8082
f 8083/8083/8083 8084/8084/8084 8085/8085/8085
f 8086/8086/8086 8087/8087/8087 8088/8088/8088
f 8089/8089/8089 8090/8090/8090 8091/8091/8091
f 8092/8092/8092 8093/8093/8093 8094/8094/8094
f 8095/8095/8095 8096/8096/8096 8097/8097/8097
f 8098/8098/8098 8099/8099/8099 8100/8100/8100
f 8101/8101/8101 8102/8102/8102 8103/8103/8103
f 8104/8104/8104 8105/8105/8105 8106/8106/8106
f 8107/8107/8107 8108/8108/8108 8109/8109/8109
f 8110/8110/8110 8111/8111/8111 8112/8112/8112
f 8113/8113/8113 8114/8114/8114 8115/8115/8115
f 8116/8116/8116 8117/8117/8117 8118/8118/8118
f 8119/8119/8119 8120/8120/8120 8121/8121/8121
f 8122/8122/8122 8123/8123/8123 8124/8124/8124
f 8125/8125/8125 8126/8126/8126 8127/8127/8127
f 8128/8128/8128 8129/8129/8129 8130/8130/8130
f 8131/8131/8131 8132/8132/8132 8133/8133/8133
f 8134/8134/8134 8135/8135/8135 8136/8136/8136
f 8137/8137/8137 8138/8138/8138 8139/8139/8139
f 8140/8140/8140 8141/8141/8141 8142/8142/8142
f 8143/8143/8143 8144/8144/8144 8145/8145/8145
f 8146/8146/8146 8147/8147/8147 8148/8148/8148
f 8149/8149/8149 8150/8150/8150 8151/8151/8151
f 8152/8152/8152 8153/8153/8153 8154/8154/8154
f 8155/8155/8155 8156/8156/8156 8157/8157/8157
f 8158/8158/8158 8159/8159/8159 8160/8160/8160
f 8161/8161/8161 8162/8162/8162 8163/8163/8163
f 8164/8164/8164 8165/8165/8165 8166/8166/8166
f 8167/8167/8167 8168/8168/8168 8169/8169/8169
f 8170/8170/8170 8171/8171/8171 8172/8172/8172
f 8173/8173/8173 8174/8174/8174 8175/8175/8175
f 8176/8176/8176 8177/8177/8177 8178/8178/8178
f 8179/8179/8179 8180/8180/8180 8181/8181/8181
f 8182/8182/8182 8183/8183/8183 8184/8184/8184
f 8185/8185/8185 8186/8186/8186 8187/8187/8187
f 8188/8188/8188 8189/8189/8189 8190/8190/8190
f 8191/8191/8191 8192/8192/8192 8193/8193/8193
f 8194/8194/8194 8195/8195/8195 8196/8196/8196
f 8197/8197/8197 8198/8198/8198 8199/8199/8199
f 8200/8200/8200 8201/8201/8201 8202/8202/8202
f 8203/8203/8203 8204/8204/8204 8205/8205/8205
f 8206/8206/8206 8207/8207/8207 8208/8208/8208
f 8209/8209/8209 8210/8210/8210 8211/8211/8211
f 8212/8212/8212 8213/8213/8213 8214/8214/8214
f 8215/8215/8215 8216/8216/8216 8217/8217/8217
f 8218/8218/8218 8219/8219/8219 8220/8220/8220
f 8221/8221/8221 8222/8222/8222 8223/8223/8223
f 8224/8224/8224 8225/8225/8225 8226/8226/8226
f 8227/8227/8227 8228/8228/8228 8229/8229/8229
f 8230/8230/8230 8231/8231/8231 8232/8232/8232
f 8233/8233/8233 8234/8234/8234 8235/8235/8235
f 8236/8236/8236 8237/8237/8237 8238/8238/8238
f 8239/8239/8239 8240/8240/8240 8241/8241/8241
f 8242/8242/8242 8243/8243/8243 8244/8244/8244
f 8245/8245/8245 8246/8246/8246 8247/8247/8247
f 8248/8248/8248 8249/8249/8249 8250/8250/8250
f 8251/8251/8251 8252/8252/8252 8253/8253/8253
f 8254/8254/8254 8255/8255/8255 8256/8256/8256
f 8257/8257/8257 8258/8258/8258 8259/8259/8259
f 8260/8260/8260 8261/8261/8261 8262/8262/8262
f 8263/8263/8263 8264/8264/8264 8265/8265/8265
f 8266/8266/8266 8267/8267/8267 8268/8268/8268
f 8269/8269/8269 8270/8270/8270 8271/8271/8271
f 8272/8272/8272 8273/8273/8273 8274/8274/8274
f 8275/8275/8275 8276/8276/8276 8277/8277/8277
f 8278/8278/8278 8279/8279/8279 8280/8280/8280
f 8557/8557/8557 8558/8558/8558 8559/8559/8559
f 8560/8560/8560 8561/8561/8561 8562/8562/8562
f 8563/8563/8563 8564/8564/8564 8565/8565/8565
f 8566/8566/8566 8567/8567/8567 8568/8568/8568
f 8569/8569/8569 8570/8570/8570 8571/8571/8571
f 8572/8572/8572 8573/8573/8573 8574/8574/8574
f 8575/8575/8575 8576/8576/8576 8577/8577/8577
f 8578/8578/8578 8579/8579/8579 8580/8580/8580
f 8581/8581/8581 8582/8582/8582 8583/8583/8583
f 8584/8584/8584 8585/8585/8585 8586/8586/8586
f 8587/8587/8587 8588/8588/8588 8589/8589/8589
f 8590/8590/8590 8591/8591/8591 8592/8592/8592
f 8593/8593/8593 8594/8594/8594 8595/8595/8595
f 8596/8596/8596 8597/8597/8597 8598/8598/8598
f 8599/8599/8599 8600/8600/8600 8601/8601/8601
f 8602/8602/8602 8603/8603/8603 8604/8604/8604
f 8605/8605/8605 8606/8606/8606 8607/8607/8607
f 8608/8608/8608 8609/8609/8609 8610/8610/8610
f 8611/8611/8611 8612/8612/8612 8613/8613/8613
f 8614/8614/8614 8615/8615/8615 8616/8616/8616
f 8617/8617/8617 8618/8618/8618 8619/8619/8619
f 8620/8620/8620 8621/8621/8621 8622/8622/8622
f 8623/8623/8623 8624/8624/8624 8625/8625/8625
f 8626/8626/8626 8627/8627/8627 8628/8628/8628
f 8629/8629/8629 8630/8630/8630 8631/8631/8631
f 8632/8632/8632 8633/8633/8633 8634/8634/8634
f 8635/8635/8635 8636/8636/8636 8637/8637/8637
f 8638/8638/8638 8639/8639/8639 8640/8640/8640
f 8641/8641/8641 8642/8642/8642 8643/8643/8643
f 8644/8644/8644 8645/8645/8645 8646/8646/8646
f 8647/8647/8647 8648/8648/8648 8649/8649/8649
f 8650/8650/8650 8651/8651/8651 8652/8652/8652
f 8653/8653/8653 8654/8654/8654 8655/8655/8655
f 8656/8656/8656 8657/8657/8657 8658/8658/8658
f 8659/8659/8659 8660/8660/8660 8661/8661/8661
f 8662/8662/8662 8663/8663/8663 8664/8664/8664
f 8665/8665/8665 8666/8666/8666 8667/8667/8667
f 8668/8668/8668 8669/8669/8669 8670/8670/8670
f 8671/8671/8671 8672/8672/8672 8673/8673/8673
f 8674/8674/8674 8675/8675/8675 8676/8676/8676
f 8677/8677/8677 8678/8678/8678 8679/8679/8679
f 8680/8680/8680 8681/8681/8681 8682/8682/8682
f 8683/8683/8683 8684/8684/8684 8685/8685/8685
f 8686/8686/8686 8687/8687/8687 8688/8688/8688
f 8689/8689/8689 8690/8690/8690 8691/8691/8691
f 8692/8692/8692 8693/8693/8693 8694/8694/8694
f 8695/8695/8695 8696/8696/8696 8697/8697/8697
f 8698/8698/8698 8699/8699/8699 8700/8700/8700
f 8701/8701/8701 8702/8702/8702 8703/8703/8703
f 8704/8704/8704 8705/8705/8705 8706/8706/8706
f 8707/8707/8707 8708/8708/8708 8709/8709/8709
f 8710/8710/8710 8711/8711/8711 8712/8712/8712
f 8713/8713/8713 8714/8714/8714 8715/8715/8715
f 8716/8716/8716 8717/8717/8717 8718/8718/8718
f 8719/8719/8719 8720/8720/8720 8721/8721/8721
f 8722/8722/8722 8723/8723/8723 8724/8724/8724
f 8725/8725/8725 8726/8726/8726 8727/8727/8727
f 8728/8728/8728 8729/8729/8729 8730/8730/8730
f 8731/8731/8731 8732/8732/8732 8733/8733/8733
f 8734/8734/8734 8735/8735/8735 8736/8736/8736
f 8737/8737/8737 8738/8738/8738 8739/8739/8739
f 8740/8740/8740 8741/8741/8741 8742/8742/8742
f 8743/8743/8743 8744/8744/8744 8745/8745/8745
f 8746/8746/8746 8747/8747/8747 8748/8748/8748
f 8749/8749/8749 8750/8750/8750 8751/8751/8751
f 8752/8752/8752 8753/8753/8753 8754/8754/8754
f 8755/8755/8755 8756/8756/8756 8757/8757/8757
f 8758/8758/8758 8759/8759/8759 8760/8760/8760
f 8761/8761/8761 8762/8762/8762 8763/8763/8763
f 8764/8764/8764 8765/8765/8765 8766/8766/8766
f 8767/8767/8767 8768/8768/8768 8769/8769/8769
f 8770/8770/8770 8771/8771/8771 8772/8772/8772
f 8773/8773/8773 8774/8774/8774 8775/8775/8775
f 8776/8776/8776 8777/8777/8777 8778/8778/8778
f 8779/8779/8779 8780/8780/8780 8781/8781/8781
f 8782/8782/8782 8783/8783/8783 8784/8784/8784
f 8785/8785/8785 8786/8786/8786 8787/8787/8787
f 8788/8788/8788 8789/8789/8789 8790/8790/8790
f 8791/8791/8791 8792/8792/8792 8793/8793/8793
f 8794/8794/8794 8795/8795/8795 8796/8796/8796
f 8797/8797/8797 8798/8798/8798 8799/8799/8799
f 8800/8800/8800 8801/8801/8801 8802/8802/8802
f 8803/8803/8803 8804/8804/8804 8805/8805/8805
f 8806/8806/8806 8807/8807/8807 8808/8808/8808
f 8809/8809/8809 8810/8810/8810 8811/8811/8811
f 8812/8812/8812 8813/8813/8813 8814/8814/8814
f 8815/8815/8815 8816/8816/8816 8817/8817/8817
f 8818/8818/8818 8819/8819/8819 8820/8820/8820
f 8821/8821/8821 8822/8822/8822 8823/8823/8823
f 8824/8824/8824 8825/8825/8825 8826/8826/8826
f 8827/8827/8827 8828/8828/8828 8829/8829/8829
f 8830/8830/8830 8831/8831/8831 8832/8832/8832
f 9109/9109/9109 9110/9110/9110 9111/9111/9111
f 9112/9112/9112 9113/9113/9113 9114/9114/9114
f 9115/9115/9115 9116/9116/9116 9117/9117/9117
f 9118/9118/9118 9119/9119/9119 9120/9120/9120
f 9121/9121/9121 9122/9122/9122 9123/9123/9123
f 9124/9124/9124 9125/9125/9125 9126/9126/9126
f 9127/9127/9127 9128/9128/9128 9129/9129/9129
f 9130/9130/9130 9131/9131/9131 9132/9132/9132
f 9133/9133/9133 9134/9134/9134 9135/9135/9135
f 9136/9136/9136 9137/9137/9137 9138/9138/9138
f 9139/9139/9139 9140/9140/9140 9141/9141/9141
f 9142/9142/9142 9143/9143/9143 9144/9144/9144
f 9145/9145/9145 9146/9146/9146 9147/9147/9147
f 9148/9148/9148 9149/9149/9149 9150/9150/9150
f 9151/9151/9151 9152/9152/9152 9153/9153/9153
f 9154/9154/9154 9155/9155/9155 9156/9156/9156
f 9157/9157/9157 9158/9158/9158 9159/9159/9159
f 9160/9160/9160 9161/9161/9161 9162/9162/9162
f 9163/9163/9163 9164/9164/9164 9165/9165/9165
f 9166/9166/9166 9167/9167/9167 9168/9168/9168
f 9169/9169/9169 9170/9170/9170 9171/9171/9171
f 9172/9172/9172 9173/9173/9173 9174/9174/9174
f 9175/9175/9175 9176/9176/9176 9177/9177/9177
f 9178/9178/9178 9179/9179/9179 9180/9180/9180
f 9181/9181/9181 9182/9182/9182 9183/9183/9183
f 9184/9184/9184 9185/9185/9185 9186/9186/9186
f 9187/9187/9187 9188/9188/9188 9189/9189/9189
f 9190/9190/9190 9191/9191/9191 9192/9192/9192
f 9193/9193/9193 9194/9194/9194 9195/9195/9195
f 9196/9196/9196 9197/9197/9197 9198/9198/9198
f 9199/9199/9199 9200/9200/9200 9201/9201/9201
f 9202/9202/9202 9203/9203/9203 9204/9204/9204
f 9205/9205/9205 9206/9206/9206 9207/9207/9207
f 9208/9208/9208 9209/9209/9209 9210/9210/9210
f 9211/9211/9211 9212/9212/9212 9213/9213/9213
f 9214/9214/9214 9215/9215/9215 9216/9216/9216
f 9217/9217/9217 9218/9218/9218 9219/9219/9219
f 9220/9220/9220 9221/9221/9221 9222/9222/9222
f 9223/9223/9223 9224/9224/9224 9225/9225/9225
f 9226/9226/9226 9227/9227/9227 9228/9228/9228
f 9229/9229/9229 9230/9230/9230 9231/9231/9231
f 9232/9232/9232 9233/9233/9233 9234/9234/9234
f 9235/9235/9235 9236/9236/9236 9237/9237/9237
f 9238/9238/9238 9239/9239/9239 9240/9240/9240
f 9241/9241/9241 9242/9242/9242 9243/9243/9243
f 9244/9244/9244 9245/9245/9245 9246/9246/9246
f 9247/9247/9247 9248/9248/9248 9249/9249/9249
f 9250/9250/9250 9251/9251/9251 9252/9252/9252
f 9253/9253/9253 9254/9254/9254 9255/9255/9255
f 9256/9256/9256 9257/9257/9257 9258/9258/9258
f 9259/9259/9259 9260/9260/9260 9261/9261/9261
f 9262/9262/9262 9263/9263/9263 9264/9264/9264
f 9265/9265/9265 9266/9266/9266 9267/9267/9267
f 9268/9268/9268 9269/9269/9269 9270/9270/9270
f 9271/9271/9271 9272/9272/9272 9273/9273/9273
f 9274/9274/9274 9275/9275/9275 9276/9276/9276
f 9277/9277/9277 9278/9278/9278 9279/9279/9279
f 9280/9280/9280 9281/9281/9281 9282/9282/9282
f 9283/9283/9283 9284/9284/9284 9285/9285/9285
f 9286/9286/9286 9287/9287/9287 9288/9288/9288
f 9289/9289/9289 9290/9290/9290 9291/9291/9291
f 9292/9292/9292 9293/9293/9293 9294/9294/9294
f 9295/9295/9295 9296/9296/9296 9297/9297/9297
f 9298/9298/9298 9299/9299/9299 9300/9300/9300
f 9301/9301/9301 9302/9302/9302 9303/9303/9303
f 9304/9304/9304 9305/9305/9305 9306/9306/9306
f 9307/9307/9307 9308/9308/9308 9309/9309/9309
f 9310/9310/9310 9311/9311/9311 9312/9312/9312
f 9313/9313/9313 9314/9314/9314 9315/9315/9315
f 9316/9316/9316 9317/9317/9317 9318/9318/9318
f 9319/9319/9319 9320/9320/9320 9321/9321/9321
f 9322/9322/9322 9323/9323/9323 9324/9324/9324
f 9325/9325/9325 9326/9326/9326 9327/9327/9327
f 9328/9328/9328 9329/9329/9329 9330/9330/9330
f 9331/9331/9331 9332/9332/9332 9333/9333/9333
f 9334/9334/9334 9335/9335/9335 9336/9336/9336
f 9337/9337/9337 9338/9338/9338 9339/9339/9339
f 9340/9340/9340 9341/9341/9341 9342/9342/9342
f 9343/9343/9343 9344/9344/9344 9345/9345/9345
f 9346/9346/9346 9347/9347/9347 9348/9348/9348
f 9349/9349/9349 9350/9350/9350 9351/9351/9351
f 9352/9352/9352 9353/9353/9353 9354/9354/9354
f 9355/9355/9355 9356/9356/9356 9357/9357/9357
f 9358/9358/9358 9359/9359/9359 9360/9360/9360
f 9361/9361/9361 9362/9362/9362 9363/9363/9363
f 9364/9364/9364 9365/9365/9365 9366/9366/9366
f 9367/9367/9367 9368/9368/9368 9369/9369/9369
f 9370/9370/9370 9371/9371/9371 9372/9372/9372
f 9373/9373/9373 9374/9374/9374 9375/9375/9375
f 9376/9376/9376 9377/9377/9377 9378/9378/9378
f 9379/9379/9379 9380/9380/9380 9381/9381/9381
f 9382/9382/9382 9383/9383/9383 9384/9384/9384
usemtl d93760fda8d73aaece101336817a135f_6
f 6160/6160/6160 6161/6161/6161 6162/6162/6162
f 6163/6163/6163 6164/6164/6164 6165/6165/6165
f 6166/6166/6166 6167/6167/6167 6168/6168/6168
f 6169/6169/6169 6170/6170/6170 6171/6171/6171
f 6172/6172/6172 6173/6173/6173 6174/6174/6174
f 6175/6175/6175 6176/6176/6176 6177/6177/6177
f 6178/6178/6178 6179/6179/6179 6180/6180/6180
f 6181/6181/6181 6182/6182/6182 6183/6183/6183
f 6184/6184/6184 6185/6185/6185 6186/6186/6186
f 6187/6187/6187 6188/6188/6188 6189/6189/6189
f 6190/6190/6190 6191/6191/6191 6192/6192/6192
f 6193/6193/6193 6194/6194/6194 6195/6195/6195
f 6196/6196/6196 6197/6197/6197 6198/6198/6198
f 6199/6199/6199 6200/6200/6200 6201/6201/6201
f 6202/6202/6202 6203/6203/6203 6204/6204/6204
f 6205/6205/6205 6206/6206/6206 6207/6207/6207
f 6208/6208/6208 6209/6209/6209 6210/6210/6210
f 6211/6211/6211 6212/6212/6212 6213/6213/6213
f 6214/6214/6214 6215/6215/6215 6216/6216/6216
f 6217/6217/6217 6218/6218/6218 6219/6219/6219
f 6220/6220/6220 6221/6221/6221 6222/6222/6222
f 6223/6223/6223 6224/6224/6224 6225/6225/6225
f 6226/6226/6226 6227/6227/6227 6228/6228/6228
f 6229/6229/6229 6230/6230/6230 6231/6231/6231
f 6232/6232/6232 6233/6233/6233 6234/6234/6234
f 6235/6235/6235 6236/6236/6236 6237/6237/6237
f 6238/6238/6238 6239/6239/6239 6240/6240/6240
f 6241/6241/6241 6242/6242/6242 6243/6243/6243
f 6244/6244/6244 6245/6245/6245 6246/6246/6246
f 6247/6247/6247 6248/6248/6248 6249/6249/6249
f 6250/6250/6250 6251/6251/6251 6252/6252/6252
f 6253/6253/6253 6254/6254/6254 6255/6255/6255
f 6256/6256/6256 6257/6257/6257 6258/6258/6258
f 6259/6259/6259 6260/6260/6260 6261/6261/6261
f 6262/6262/6262 6263/6263/6263 6264/6264/6264
f 6265/6265/6265 6266/6266/6266 6267/6267/6267
f 6268/6268/6268 6269/6269/6269 6270/6270/6270
f 6271/6271/6271 6272/6272/6272 6273/6273/6273
f 6274/6274/6274 6275/6275/6275 6276/6276/6276
f 6277/6277/6277 6278/6278/6278 6279/6279/6279
f 6280/6280/6280 6281/6281/6281 6282/6282/6282
f 6283/6283/6283 6284/6284/6284 6285/6285/6285
f 6286/6286/6286 6287/6287/6287 6288/6288/6288
f 6289/6289/6289 6290/6290/6290 6291/6291/6291
f 6292/6292/6292 6293/6293/6293 6294/6294/6294
f 6295/6295/6295 6296/6296/6296 6297/6297/6297
f 6298/6298/6298 6299/6299/6299 6300/6300/6300
f 6301/6301/6301 6302/6302/6302 6303/6303/6303
f 6304/6304/6304 6305/6305/6305 6306/6306/6306
f 6307/6307/6307 6308/6308/6308 6309/6309/6309
f 6310/6310/6310 6311/6311/6311 6312/6312/6312
f 6313/6313/6313 6314/6314/6314 6315/6315/6315
f 6316/6316/6316 6317/6317/6317 6318/6318/6318
f 6319/6319/6319 6320/6320/6320 6321/6321/6321
f 6322/6322/6322 6323/6323/6323 6324/6324/6324
f 6325/6325/6325 6326/6326/6326 6327/6327/6327
f 6328/6328/6328 6329/6329/6329 6330/6330/6330
f 6331/6331/6331 6332/6332/6332 6333/6333/6333
f 6334/6334/6334 6335/6335/6335 6336/6336/6336
f 6337/6337/6337 6338/6338/6338 6339/6339/6339
f 6340/6340/6340 6341/6341/6341 6342/6342/6342
f 6343/6343/6343 6344/6344/6344 6345/6345/6345
f 6346/6346/6346 6347/6347/6347 6348/6348/6348
f 6349/6349/6349 6350/6350/6350 6351/6351/6351
f 6352/6352/6352 6353/6353/6353 6354/6354/6354
f 6355/6355/6355 6356/6356/6356 6357/6357/6357
f 6358/6358/6358 6359/6359/6359 6360/6360/6360
f 6361/6361/6361 6362/6362/6362 6363/6363/6363
f 6364/6364/6364 6365/6365/6365 6366/6366/6366
f 6367/6367/6367 6368/6368/6368 6369/6369/6369
f 6370/6370/6370 6371/6371/6371 6372/6372/6372
f 6373/6373/6373 6374/6374/6374 6375/6375/6375
f 6376/6376/6376 6377/6377/6377 6378/6378/6378
f 6379/6379/6379 6380/6380/6380 6381/6381/6381
f 6382/6382/6382 6383/6383/6383 6384/6384/6384
f 6385/6385/6385 6386/6386/6386 6387/6387/6387
f 6388/6388/6388 6389/6389/6389 6390/6390/6390
f 6391/6391/6391 6392/6392/6392 6393/6393/6393
f 6394/6394/6394 6395/6395/6395 6396/6396/6396
f 6397/6397/6397 6398/6398/6398 6399/6399/6399
f 6400/6400/6400 6401/6401/6401 6402/6402/6402
f 6403/6403/6403 6404/6404/6404 6405/6405/6405
f 6406/6406/6406 6407/6407/6407 6408/6408/6408
f 6409/6409/6409 6410/6410/6410 6411/6411/6411
f 6412/6412/6412 6413/6413/6413 6414/6414/6414
f 6415/6415/6415 6416/6416/6416 6417/6417/6417
f 6418/6418/6418 6419/6419/6419 6420/6420/6420
f 6421/6421/6421 6422/6422/6422 6423/6423/6423
f 6424/6424/6424 6425/6425/6425 6426/6426/6426
f 6427/6427/6427 6428/6428/6428 6429/6429/6429
f 6430/6430/6430 6431/6431/6431 6432/6432/6432
f 6433/6433/6433 6434/6434/6434 6435/6435/6435
f 6436/6436/6436 6437/6437/6437 6438/6438/6438
f 6439/6439/6439 6440/6440/6440 6441/6441/6441
f 6442/6442/6442 6443/6443/6443 6444/6444/6444
f 6445/6445/6445 6446/6446/6446 6447/6447/6447
f 6448/6448/6448 6449/6449/6449 6450/6450/6450
f 6451/6451/6451 6452/6452/6452 6453/6453/6453
f 6454/6454/6454 6455/6455/6455 6456/6456/6456
f 6457/6457/6457 6458/6458/6458 6459/6459/6459
f 6460/6460/6460 6461/6461/6461 6462/6462/6462
f 6463/6463/6463 6464/6464/6464 6465/6465/6465
f 6466/6466/6466 6467/6467/6467 6468/6468/6468
f 6469/6469/6469 6470/6470/6470 6471/6471/6471
f 6472/6472/6472 6473/6473/6473 6474/6474/6474
f 6475/6475/6475 6476/6476/6476 6477/6477/6477
f 6478/6478/6478 6479/6479/6479 6480/6480/6480
f 6481/6481/6481 6482/6482/6482 6483/6483/6483
f 6484/6484/6484 6485/6485/6485 6486/6486/6486
f 6487/6487/6487 6488/6488/6488 6489/6489/6489
f 6490/6490/6490 6491/6491/6491 6492/6492/6492
f 6493/6493/6493 6494/6494/6494 6495/6495/6495
f 6496/6496/6496 6497/6497/6497 6498/6498/6498
f 6499/6499/6499 6500/6500/6500 6501/6501/6501
f 6502/6502/6502 6503/6503/6503 6504/6504/6504
f 6505/6505/6505 6506/6506/6506 6507/6507/6507
f 6508/6508/6508 6509/6509/6509 6510/6510/6510
f 6511/6511/6511 6512/6512/6512 6513/6513/6513
f 6514/6514/6514 6515/6515/6515 6516/6516/6516
f 6517/6517/6517 6518/6518/6518 6519/6519/6519
f 6520/6520/6520 6521/6521/6521 6522/6522/6522
f 6523/6523/6523 6524/6524/6524 6525/6525/6525
f 6526/6526/6526 6527/6527/6527 6528/6528/6528
f 6529/6529/6529 6530/6530/6530 6531/6531/6531
f 6532/6532/6532 6533/6533/6533 6534/6534/6534
f 6535/6535/6535 6536/6536/6536 6537/6537/6537
f 6538/6538/6538 6539/6539/6539 6540/6540/6540
f 6541/6541/6541 6542/6542/6542 6543/6543/6543
f 6544/6544/6544 6545/6545/6545 6546/6546/6546
f 6547/6547/6547 6548/6548/6548 6549/6549/6549
f 6550/6550/6550 6551/6551/6551 6552/6552/6552
f 6553/6553/6553 6554/6554/6554 6555/6555/6555
f 6556/6556/6556 6557/6557/6557 6558/6558/6558
f 6559/6559/6559 6560/6560/6560 6561/6561/6561
f 6562/6562/6562 6563/6563/6563 6564/6564/6564
f 6565/6565/6565 6566/6566/6566 6567/6567/6567
f 6568/6568/6568 6569/6569/6569 6570/6570/6570
f 6571/6571/6571 6572/6572/6572 6573/6573/6573
f 6574/6574/6574 6575/6575/6575 6576/6576/6576
f 6577/6577/6577 6578/6578/6578 6579/6579/6579
f 6580/6580/6580 6581/6581/6581 6582/6582/6582
f 6583/6583/6583 6584/6584/6584 6585/6585/6585
f 6586/6586/6586 6587/6587/6587 6588/6588/6588
f 6589/6589/6589 6590/6590/6590 6591/6591/6591
f 6592/6592/6592 6593/6593/6593 6594/6594/6594
f 6595/6595/6595 6596/6596/6596 6597/6597/6597
f 6598/6598/6598 6599/6599/6599 6600/6600/6600
f 6601/6601/6601 6602/6602/6602 6603/6603/6603
f 6604/6604/6604 6605/6605/6605 6606/6606/6606
f 6607/6607/6607 6608/6608/6608 6609/6609/6609
f 6610/6610/6610 6611/6611/6611 6612/6612/6612
f 6613/6613/6613 6614/6614/6614 6615/6615/6615
f 6616/6616/6616 6617/6617/6617 6618/6618/6618
f 6619/6619/6619 6620/6620/6620 6621/6621/6621
f 6622/6622/6622 6623/6623/6623 6624/6624/6624
f 6625/6625/6625 6626/6626/6626 6627/6627/6627
f 6628/6628/6628 6629/6629/6629 6630/6630/6630
f 6631/6631/6631 6632/6632/6632 6633/6633/6633
f 6634/6634/6634 6635/6635/6635 6636/6636/6636
f 6637/6637/6637 6638/6638/6638 6639/6639/6639
f 6640/6640/6640 6641/6641/6641 6642/6642/6642
f 6643/6643/6643 6644/6644/6644 6645/6645/6645
f 6646/6646/6646 6647/6647/6647 6648/6648/6648
f 6649/6649/6649 6650/6650/6650 6651/6651/6651
f 6652/6652/6652 6653/6653/6653 6654/6654/6654
f 6655/6655/6655 6656/6656/6656 6657/6657/6657
f 6658/6658/6658 6659/6659/6659 6660/6660/6660
f 6661/6661/6661 6662/6662/6662 6663/6663/6663
f 6664/6664/6664 6665/6665/6665 6666/6666/6666
f 6667/6667/6667 6668/6668/6668 6669/6669/6669
f 6670/6670/6670 6671/6671/6671 6672/6672/6672
f 6673/6673/6673 6674/6674/6674 6675/6675/6675
f 6676/6676/6676 6677/6677/6677 6678/6678/6678
f 6679/6679/6679 6680/6680/6680 6681/6681/6681
f 6682/6682/6682 6683/6683/6683 6684/6684/6684
f 6685/6685/6685 6686/6686/6686 6687/6687/6687
f 6688/6688/6688 6689/6689/6689 6690/6690/6690
f 6691/6691/6691 6692/6692/6692 6693/6693/6693
f 6694/6694/6694 6695/6695/6695 6696/6696/6696
f 6697/6697/6697 6698/6698/6698 6699/6699/6699
f 6700/6700/6700 6701/6701/6701 6702/6702/6702
f 6703/6703/6703 6704/6704/6704 6705/6705/6705
f 6706/6706/6706 6707/6707/6707 6708/6708/6708
f 6709/6709/6709 6710/6710/6710 6711/6711/6711
f 6712/6712/6712 6713/6713/6713 6714/6714/6714
f 6715/6715/6715 6716/6716/6716 6717/6717/6717
f 6718/6718/6718 6719/6719/6719 6720/6720/6720
f 6721/6721/6721 6722/6722/6722 6723/6723/6723
f 6724/6724/6724 6725/6725/6725 6726/6726/6726
f 6727/6727/6727 6728/6728/6728 6729/6729/6729
f 6730/6730/6730 6731/6731/6731 6732/6732/6732
f 6733/6733/6733 6734/6734/6734 6735/6735/6735
f 6736/6736/6736 6737/6737/6737 6738/6738/6738
f 6739/6739/6739 6740/6740/6740 6741/6741/6741
f 6742/6742/6742 6743/6743/6743 6744/6744/6744
f 6745/6745/6745 6746/6746/6746 6747/6747/6747
f 6748/6748/6748 6749/6749/6749 6750/6750/6750
f 6751/6751/6751 6752/6752/6752 6753/6753/6753
f 6754/6754/6754 6755/6755/6755 6756/6756/6756
f 6757/6757/6757 6758/6758/6758 6759/6759/6759
f 6760/6760/6760 6761/6761/6761 6762/6762/6762
f 6763/6763/6763 6764/6764/6764 6765/6765/6765
f 6766/6766/6766 6767/6767/6767 6768/6768/6768
f 6769/6769/6769 6770/6770/6770 6771/6771/6771
f 6772/6772/6772 6773/6773/6773 6774/6774/6774
f 6775/6775/6775 6776/6776/6776 6777/6777/6777
f 6778/6778/6778 6779/6779/6779 6780/6780/6780
f 6781/6781/6781 6782/6782/6782 6783/6783/6783
f 6784/6784/6784 6785/6785/6785 6786/6786/6786
f 6787/6787/6787 6788/6788/6788 6789/6789/6789
f 6790/6790/6790 6791/6791/6791 6792/6792/6792
f 6793/6793/6793 6794/6794/6794 6795/6795/6795
f 6796/6796/6796 6797/6797/6797 6798/6798/6798
f 6799/6799/6799 6800/6800/6800 6801/6801/6801
f 6802/6802/6802 6803/6803/6803 6804/6804/6804
f 6805/6805/6805 6806/6806/6806 6807/6807/6807
f 6808/6808/6808 6809/6809/6809 6810/6810/6810
f 6811/6811/6811 6812/6812/6812 6813/6813/6813
f 6814/6814/6814 6815/6815/6815 6816/6816/6816
f 6817/6817/6817 6818/6818/6818 6819/6819/6819
f 6820/6820/6820 6821/6821/6821 6822/6822/6822
f 6823/6823/6823 6824/6824/6824 6825/6825/6825
f 6826/6826/6826 6827/6827/6827 6828/6828/6828
f 6829/6829/6829 6830/6830/6830 6831/6831/6831
f 6832/6832/6832 6833/6833/6833 6834/6834/6834
f 6835/6835/6835 6836/6836/6836 6837/6837/6837
f 6838/6838/6838 6839/6839/6839 6840/6840/6840
f 6841/6841/6841 6842/6842/6842 6843/6843/6843
f 6844/6844/6844 6845/6845/6845 6846/6846/6846
f 6847/6847/6847 6848/6848/6848 6849/6849/6849
f 6850/6850/6850 6851/6851/6851 6852/6852/6852
f 6853/6853/6853 6854/6854/6854 6855/6855/6855
f 6856/6856/6856 6857/6857/6857 6858/6858/6858
f 6859/6859/6859 6860/6860/6860 6861/6861/6861
f 6862/6862/6862 6863/6863/6863 6864/6864/6864
f 6865/6865/6865 6866/6866/6866 6867/6867/6867
f 6868/6868/6868 6869/6869/6869 6870/6870/6870
f 6871/6871/6871 6872/6872/6872 6873/6873/6873
f 6874/6874/6874 6875/6875/6875 6876/6876/6876
f 6877/6877/6877 6878/6878/6878 6879/6879/6879
f 6880/6880/6880 6881/6881/6881 6882/6882/6882
f 6883/6883/6883 6884/6884/6884 6885/6885/6885
f 6886/6886/6886 6887/6887/6887 6888/6888/6888
f 6889/6889/6889 6890/6890/6890 6891/6891/6891
f 6892/6892/6892 6893/6893/6893 6894/6894/6894
f 6895/6895/6895 6896/6896/6896 6897/6897/6897
f 6898/6898/6898 6899/6899/6899 6900/6900/6900
f 6901/6901/6901 6902/6902/6902 6903/6903/6903
f 6904/6904/6904 6905/6905/6905 6906/6906/6906
f 6907/6907/6907 6908/6908/6908 6909/6909/6909
f 6910/6910/6910 6911/6911/6911 6912/6912/6912
f 6913/6913/6913 6914/6914/6914 6915/6915/6915
f 6916/6916/6916 6917/6917/6917 6918/6918/6918
f 6919/6919/6919 6920/6920/6920 6921/6921/6921
f 6922/6922/6922 6923/6923/6923 6924/6924/6924
f 6925/6925/6925 6926/6926/6926 6927/6927/6927
f 6928/6928/6928 6929/6929/6929 6930/6930/6930
f 6931/6931/6931 6932/6932/6932 6933/6933/6933
f 6934/6934/6934 6935/6935/6935 6936/6936/6936
f 6937/6937/6937 6938/6938/6938 6939/6939/6939
f 6940/6940/6940 6941/6941/6941 6942/6942/6942
f 6943/6943/6943 6944/6944/6944 6945/6945/6945
f 6946/6946/6946 6947/6947/6947 6948/6948/6948
f 6949/6949/6949 6950/6950/6950 6951/6951/6951
f 6952/6952/6952 6953/6953/6953 6954/6954/6954
f 6955/6955/6955 6956/6956/6956 6957/6957/6957
f 6958/6958/6958 6959/6959/6959 6960/6960/6960
f 6961/6961/6961 6962/6962/6962 6963/6963/6963
f 6964/6964/6964 6965/6965/6965 6966/6966/6966
f 6967/6967/6967 6968/6968/6968 6969/6969/6969
f 6970/6970/6970 6971/6971/6971 6972/6972/6972
f 6973/6973/6973 6974/6974/6974 6975/6975/6975
f 6976/6976/6976 6977/6977/6977 6978/6978/6978
f 6979/6979/6979 6980/6980/6980 6981/6981/6981
f 6982/6982/6982 6983/6983/6983 6984/6984/6984
f 6985/6985/6985 6986/6986/6986 6987/6987/6987
f 6988/6988/6988 6989/6989/6989 6990/6990/6990
f 6991/6991/6991 6992/6992/6992 6993/6993/6993
f 6994/6994/6994 6995/6995/6995 6996/6996/6996
f 6997/6997/6997 6998/6998/6998 6999/6999/6999
f 7000/7000/7000 7001/7001/7001 7002/7002/7002
f 7003/7003/7003 7004/7004/7004 7005/7005/7005
f 7006/7006/7006 7007/7007/7007 7008/7008/7008
f 7009/7009/7009 7010/7010/7010 7011/7011/7011
f 7012/7012/7012 7013/7013/7013 7014/7014/7014
f 7015/7015/7015 7016/7016/7016 7017/7017/7017
f 7018/7018/7018 7019/7019/7019 7020/7020/7020
f 7021/7021/7021 7022/7022/7022 7023/7023/7023
f 7024/7024/7024 7025/7025/7025 7026/7026/7026
f 7027/7027/7027 7028/7028/7028 7029/7029/7029
f 7030/7030/7030 7031/7031/7031 7032/7032/7032
f 7033/7033/7033 7034/7034/7034 7035/7035/7035
f 7036/7036/7036 7037/7037/7037 7038/7038/7038
f 7039/7039/7039 7040/7040/7040 7041/7041/7041
f 7042/7042/7042 7043/7043/7043 7044/7044/7044
f 7045/7045/7045 7046/7046/7046 7047/7047/7047
f 7048/7048/7048 7049/7049/7049 7050/7050/7050
f 7051/7051/7051 7052/7052/7052 7053/7053/7053
f 7054/7054/7054 7055/7055/7055 7056/7056/7056
f 7057/7057/7057 7058/7058/7058 7059/7059/7059
f 7060/7060/7060 7061/7061/7061 7062/7062/7062
f 7063/7063/7063 7064/7064/7064 7065/7065/7065
f 7066/7066/7066 7067/7067/7067 7068/7068/7068
f 7069/7069/7069 7070/7070/7070 7071/7071/7071
f 7072/7072/7072 7073/7073/7073 7074/7074/7074
f 7075/7075/7075 7076/7076/7076 7077/7077/7077
f 7078/7078/7078 7079/7079/7079 7080/7080/7080
f 7081/7081/7081 7082/7082/7082 7083/7083/7083
f 7084/7084/7084 7085/7085/7085 7086/7086/7086
f 7087/7087/7087 7088/7088/7088 7089/7089/7089
f 7090/7090/7090 7091/7091/7091 7092/7092/7092
f 7093/7093/7093 7094/7094/7094 7095/7095/7095
f 7096/7096/7096 7097/7097/7097 7098/7098/7098
f 7099/7099/7099 7100/7100/7100 7101/7101/7101
f 7102/7102/7102 7103/7103/7103 7104/7104/7104
usemtl d93760fda8d73aaece101336817a135f_7
f 7105/7105/7105 7106/7106/7106 7107/7107/7107
f 7108/7108/7108 7109/7109/7109 7110/7110/7110
f 7111/7111/7111 7112/7112/7112 7113/7113/7113
f 7114/7114/7114 7115/7115/7115 7116/7116/7116
f 7117/7117/7117 7118/7118/7118 7119/7119/7119
f 7120/7120/7120 7121/7121/7121 7122/7122/7122
f 7123/7123/7123 7124/7124/7124 7125/7125/7125
f 7126/7126/7126 7127/7127/7127 7128/7128/7128
usemtl d93760fda8d73aaece101336817a135f_8
f 7129/7129/7129 7130/7130/7130 7131/7131/7131
f 7132/7132/7132 7133/7133/7133 7134/7134/7134
f 7135/7135/7135 7136/7136/7136 7137/7137/7137
