# Created by Open3D 
# object name: 5420d4699cf0125fd08f8c5dee475682
# number of vertices: 2208
# number of triangles: 736
mtllib 5420d4699cf0125fd08f8c5dee475682.mtl
v -0.201821 0.083893 0.59037
vn -0.790299 5.92653e-17 -0.612722
v -0.197608 -0.235423 0.582822
vn -0.859385 0.426729 -0.281709
v -0.201821 -0.235423 0.59037
vn -0.720349 0.412659 -0.557504
v -0.197608 -0.235423 0.582822
vn -0.859385 0.426729 -0.281709
v -0.201821 0.083893 0.59037
vn -0.790299 5.92653e-17 -0.612722
v -0.197608 0.083893 0.582822
vn -0.951154 9.75794e-17 -0.308716
v -0.197608 -0.235423 0.582822
vn -0.843217 0.47574 -0.250314
v -0.269025 -0.235423 0.59037
vn 0.696467 0.462189 -0.548921
v -0.201821 -0.235423 0.59037
vn -0.696467 0.462189 -0.548921
v -0.201821 -0.235423 0.59037
vn -0.71038 0.412658 -0.570152
v -0.207128 0.083893 0.596913
vn -0.66734 3.61227e-17 -0.744753
v -0.201821 0.083893 0.59037
vn -0.780416 5.72872e-17 -0.625261
v 0.197608 0.083893 0.582822
vn 1.22465e-16 1 -6.12323e-17
v -0.197608 0.083893 0.582822
vn 1.22465e-16 1 -6.12323e-17
v -0.201821 0.083893 0.59037
vn 1.22465e-16 1 -6.12323e-17
v -0.197608 0.083893 0.582822
vn -0.995193 1.1588e-16 -0.0979289
v -0.197608 -0.235423 0.403382
vn -0.965963 0.258679 -1.58395e-17
v -0.197608 -0.235423 0.582822
vn -0.982556 0.163247 -0.0890727
v -0.197608 -0.235423 0.582822
vn -0.842362 0.477385 -0.25006
v -0.273238 -0.235423 0.582822
vn 0.842362 0.477385 -0.25006
v -0.269025 -0.235423 0.59037
vn 0.695781 0.463861 -0.54838
v -0.201821 -0.235423 0.59037
vn -0.697195 0.460407 -0.549495
v -0.269025 -0.235423 0.59037
vn 0.697195 0.460407 -0.549495
v -0.263718 -0.235423 0.596913
vn 0.587115 0.460407 -0.665824
v -0.207128 0.083893 0.596913
vn -0.66734 3.61227e-17 -0.744753
v -0.201821 -0.235423 0.59037
vn -0.71038 0.412658 -0.570152
v -0.207128 -0.235423 0.596913
vn -0.608453 0.412658 -0.677863
v 0.201821 0.083893 0.59037
vn 1.22465e-16 1 -6.12323e-17
v -0.201821 0.083893 0.59037
vn 1.22465e-16 1 -6.12323e-17
v -0.207128 0.083893 0.596913
vn 1.22465e-16 1 -6.12323e-17
v 0.197608 0.083893 0.582822
vn 1.22465e-16 1 -6.12323e-17
v -0.168921 0.083893 0.433934
vn 1.22465e-16 1 -6.12323e-17
v -0.197608 0.083893 0.582822
vn 1.22465e-16 1 -6.12323e-17
v 0.197608 0.083893 0.582822
vn 1.22465e-16 1 -6.12323e-17
v -0.201821 0.083893 0.59037
vn 1.22465e-16 1 -6.12323e-17
v 0.201821 0.083893 0.59037
vn 1.22465e-16 1 -6.12323e-17
v -0.197608 -0.235423 0.403382
vn -0.965963 0.258679 -1.58395e-17
v -0.197608 0.083893 0.582822
vn -0.995193 1.1588e-16 -0.0979289
v -0.197608 0.083893 0.403382
vn -1 1.22465e-16 -7.4988e-33
v -0.197608 -0.235423 0.403382
vn -0.518854 0.854863 -5.23453e-17
v -0.273238 -0.235423 0.582822
vn 0.665105 0.720175 -0.19744
v -0.197608 -0.235423 0.582822
vn -0.665105 0.720175 -0.19744
v -0.273238 0.083893 0.582822
vn 0.951154 -1.35386e-16 -0.308716
v -0.269025 -0.235423 0.59037
vn 0.720348 0.412659 -0.557504
v -0.273238 -0.235423 0.582822
vn 0.859385 0.426729 -0.281709
v -0.269025 0.083893 0.59037
vn 0.780416 -1.3386e-16 -0.625261
v -0.263718 -0.235423 0.596913
vn 0.608453 0.412657 -0.677863
v -0.269025 -0.235423 0.59037
vn 0.71038 0.412658 -0.570152
v -0.201821 -0.235423 0.59037
vn -0.697942 0.45857 -0.550083
v -0.263718 -0.235423 0.596913
vn 0.587743 0.45857 -0.666537
v -0.207128 -0.235423 0.596913
vn -0.587743 0.45857 -0.666537
v -0.213349 -0.235423 0.602235
vn -0.476777 0.412685 -0.776128
v -0.207128 0.083893 0.596913
vn -0.655404 3.40163e-17 -0.755279
v -0.207128 -0.235423 0.596913
vn -0.596406 0.412682 -0.688472
v 0.201821 0.083893 0.59037
vn 1.22465e-16 1 -6.12323e-17
v -0.207128 0.083893 0.596913
vn 1.22465e-16 1 -6.12323e-17
v 0.207128 0.083893 0.596913
vn 1.22465e-16 1 -6.12323e-17
v 0.197608 0.083893 0.582822
vn 1.22465e-16 1 -6.12323e-17
v 0.165072 0.083893 0.433934
vn 1.22465e-16 1 -6.12323e-17
v -0.168921 0.083893 0.433934
vn 1.22465e-16 1 -6.12323e-17
v -0.172973 0.083893 0.433602
vn 1.22465e-16 1 -6.12323e-17
v -0.197608 0.083893 0.582822
vn 1.22465e-16 1 -6.12323e-17
v -0.168921 0.083893 0.433934
vn 1.22465e-16 1 -6.12323e-17
v 0.201821 -0.235423 0.59037
vn 0.720348 0.412659 -0.557504
v 0.197608 0.083893 0.582822
vn 0.951154 -1.35386e-16 -0.308716
v 0.201821 0.083893 0.59037
vn 0.790299 -1.34302e-16 -0.612722
v -0.197608 0.083893 0.582822
vn 1.22465e-16 1 -6.12323e-17
v -0.197417 0.083893 0.405744
vn 1.22465e-16 1 -6.12323e-17
v -0.197608 0.083893 0.403382
vn 1.22465e-16 1 -6.12323e-17
v -0.197608 0.083893 0.403382
vn 0.995599 -1.27664e-16 -0.0937202
v -0.197417 -0.235423 0.405744
vn 0.887129 0.438086 -0.145201
v -0.197608 -0.235423 0.403382
vn 0.716379 0.694445 -0.0674377
v -0.197799 -0.235423 0.401029
vn 1.22465e-16 1 -6.12323e-17
v -0.273238 -0.235423 0.582822
vn 0.847164 0.468047 -0.251486
v -0.197608 -0.235423 0.403382
vn -0.703535 0.710661 -4.35154e-17
v -0.269025 -0.235423 0.59037
vn 0.720348 0.412659 -0.557504
v -0.273238 0.083893 0.582822
vn 0.951154 -1.35386e-16 -0.308716
v -0.269025 0.083893 0.59037
vn 0.790299 -1.34302e-16 -0.612722
v -0.273238 -0.235423 0.582822
vn 0.997281 0.0646861 -0.0352947
v -0.273238 0.235423 0
vn 1 -1.22465e-16 7.4988e-33
v -0.273238 0.083893 0.582822
vn 0.999228 -1.24776e-16 -0.0392858
v -0.263718 -0.235423 0.596913
vn 0.608453 0.412657 -0.677863
v -0.269025 0.083893 0.59037
vn 0.780416 -1.3386e-16 -0.625261
v -0.263718 0.083893 0.596913
vn 0.66734 -1.27329e-16 -0.744753
v -0.207128 -0.235423 0.596913
vn -0.588367 0.456739 -0.667244
v -0.263718 -0.235423 0.596913
vn 0.588367 0.456739 -0.667244
v -0.257491 -0.235423 0.602235
vn 0.458897 0.45674 -0.762104
v -0.207128 0.083893 0.596913
vn -0.655404 3.40163e-17 -0.755279
v -0.213349 -0.235423 0.602235
vn -0.476777 0.412685 -0.776128
v -0.213349 0.083893 0.602235
vn -0.522696 1.181e-17 -0.852519
v -0.207128 -0.235423 0.596913
vn -0.588964 0.454975 -0.667921
v -0.257491 -0.235423 0.602235
vn 0.459363 0.454976 -0.762878
v -0.213349 -0.235423 0.602235
vn -0.459363 0.454976 -0.762878
v 0.207128 0.083893 0.596913
vn 1.22465e-16 1 -6.12323e-17
v -0.207128 0.083893 0.596913
vn 1.22465e-16 1 -6.12323e-17
v -0.213349 0.083893 0.602235
vn 1.22465e-16 1 -6.12323e-17
v 0.207128 -0.235423 0.596913
vn 0.608453 0.412658 -0.677863
v 0.201821 0.083893 0.59037
vn 0.780416 -1.3386e-16 -0.625261
v 0.207128 0.083893 0.596913
vn 0.667341 -1.27329e-16 -0.744753
v 0.197608 0.083893 0.582822
vn 1.22465e-16 1 -6.12323e-17
v 0.169298 0.083893 0.433612
vn 1.22465e-16 1 -6.12323e-17
v 0.165072 0.083893 0.433934
vn 1.22465e-16 1 -6.12323e-17
v 0.165072 0.083893 0.433934
vn -0.00625985 -6.04645e-17 -0.99998
v -0.168921 -0.235423 0.433934
vn 0.0061503 0.0875214 -0.996144
v -0.168921 0.083893 0.433934
vn 0.00676337 -6.20592e-17 -0.999977
v -0.176942 0.083893 0.432609
vn 1.22465e-16 1 -6.12323e-17
v -0.197608 0.083893 0.582822
vn 1.22465e-16 1 -6.12323e-17
v -0.172973 0.083893 0.433602
vn 1.22465e-16 1 -6.12323e-17
v -0.168921 0.083893 0.433934
vn 0.0368597 -6.57047e-17 -0.99932
v -0.172973 -0.235423 0.433602
vn 0.123273 0.428477 -0.895104
v -0.172973 0.083893 0.433602
vn 0.136811 -7.74111e-17 -0.990597
v 0.197608 0.083893 0.582822
vn 0.951154 -1.35386e-16 -0.308716
v 0.201821 -0.235423 0.59037
vn 0.720348 0.412659 -0.557504
v 0.197608 -0.235423 0.582822
vn 0.859385 0.426729 -0.281709
v 0.201821 0.083893 0.59037
vn 0.780416 -1.3386e-16 -0.625261
v 0.207128 -0.235423 0.596913
vn 0.608453 0.412658 -0.677863
v 0.201821 -0.235423 0.59037
vn 0.71038 0.412658 -0.570152
v -0.197417 0.083893 0.405744
vn 1.22465e-16 1 -6.12323e-17
v -0.197608 0.083893 0.582822
vn 1.22465e-16 1 -6.12323e-17
v -0.196472 0.083893 0.41035
vn 1.22465e-16 1 -6.12323e-17
v -0.197417 -0.235423 0.405744
vn 0.887129 0.438086 -0.145201
v -0.197608 0.083893 0.403382
vn 0.995599 -1.27664e-16 -0.0937202
v -0.197417 0.083893 0.405744
vn 0.986836 -1.30755e-16 -0.161724
v 0.196442 -0.235423 0.406059
vn -0.849636 0.472529 -0.234167
v -0.197608 -0.235423 0.403382
vn 0.68855 0.722286 -0.0648123
v -0.197417 -0.235423 0.405744
vn 0.869399 0.472652 -0.144037
v -0.197608 -0.235423 0.396298
vn 1.22465e-16 1 -6.12323e-17
v -0.273238 -0.235423 0.582822
vn 0.845696 0.470927 -0.25105
v -0.197799 -0.235423 0.401029
vn 1.22465e-16 1 -6.12323e-17
v -0.197608 -0.235423 0.403382
vn 1.22465e-16 1 -6.12323e-17
v -0.197608 -0.235423 0.396298
vn 1.22465e-16 1 -6.12323e-17
v -0.197799 -0.235423 0.401029
vn 1.22465e-16 1 -6.12323e-17
v -0.273238 0.083893 0.746286
vn 0.697366 0.713438 -0.068465
v -0.269025 0.083893 0.59037
vn 1.22465e-16 1 -6.12323e-17
v -0.273238 0.083893 0.582822
vn 0.695585 0.718444 -4.3992e-17
v -0.273238 0.235423 0
vn 1 -1.22465e-16 7.4988e-33
v -0.273238 -0.235423 0.582822
vn 0.998645 0.0456812 -0.024925
v -0.273238 -0.235423 0
vn 0.997493 0.0707689 -4.33334e-18
v -0.273238 0.083893 0.582822
vn 0.993328 -1.28709e-16 -0.115321
v -0.273238 0.235423 0
vn 1 -1.22465e-16 7.4988e-33
v -0.273238 0.159792 0.582822
vn 1 -1.22465e-16 7.4988e-33
v -0.269025 0.083893 0.59037
vn 1.22465e-16 1 -6.12323e-17
v -0.273238 0.083893 0.746286
vn 0.694624 0.716133 -0.0681958
v -0.263718 0.083893 0.596913
vn 1.22465e-16 1 -6.12323e-17
v -0.257491 0.083893 0.602235
vn 0.522665 -1.16211e-16 -0.852538
v -0.263718 -0.235423 0.596913
vn 0.596377 0.412662 -0.688508
v -0.263718 0.083893 0.596913
vn 0.65537 -1.26509e-16 -0.755308
v -0.263718 -0.235423 0.596913
vn 0.596377 0.412662 -0.688508
v -0.257491 0.083893 0.602235
vn 0.522665 -1.16211e-16 -0.852538
v -0.257491 -0.235423 0.602235
vn 0.476752 0.412663 -0.776155
v -0.2203 -0.235423 0.606166
vn -0.329513 0.41264 -0.849205
v -0.213349 0.083893 0.602235
vn -0.508961 9.62159e-18 -0.86079
v -0.213349 -0.235423 0.602235
vn -0.462934 0.412642 -0.784487
v -0.213349 -0.235423 0.602235
vn -0.459794 0.453335 -0.763594
v -0.257491 -0.235423 0.602235
vn 0.459794 0.453335 -0.763594
v -0.250546 -0.235423 0.606166
vn 0.315105 0.453336 -0.833784
v 0.207128 0.083893 0.596913
vn 1.22465e-16 1 -6.12323e-17
v -0.213349 0.083893 0.602235
vn 1.22465e-16 1 -6.12323e-17
v 0.213355 0.083893 0.602235
vn 1.22465e-16 1 -6.12323e-17
v 0.213355 0.083893 0.602235
vn 0.522665 -1.16211e-16 -0.852538
v 0.207128 -0.235423 0.596913
vn 0.596377 0.412662 -0.688508
v 0.207128 0.083893 0.596913
vn 0.65537 -1.26509e-16 -0.755308
v 0.197608 0.083893 0.582822
vn 1.22465e-16 1 -6.12323e-17
v 0.173451 0.083893 0.432655
vn 1.22465e-16 1 -6.12323e-17
v 0.169298 0.083893 0.433612
vn 1.22465e-16 1 -6.12323e-17
v 0.169298 0.083893 0.433612
vn -0.126564 -4.52404e-17 -0.991958
v 0.165072 -0.235423 0.433934
vn -0.0310841 0.426967 -0.903733
v 0.165072 0.083893 0.433934
vn -0.0341913 -5.70093e-17 -0.999415
v -0.168921 -0.235423 0.433934
vn 0.0061503 0.0875214 -0.996144
v 0.165072 0.083893 0.433934
vn -0.00625985 -6.04645e-17 -0.99998
v 0.165072 -0.235423 0.433934
vn -0.00569249 0.0875139 -0.996147
v -0.172973 -0.235423 0.433602
vn 0.123273 0.428477 -0.895104
v -0.168921 0.083893 0.433934
vn 0.0368597 -6.57047e-17 -0.99932
v -0.168921 -0.235423 0.433934
vn 0.0334881 0.427801 -0.903252
v -0.180754 0.083893 0.430979
vn 1.22465e-16 1 -6.12323e-17
v -0.197608 0.083893 0.582822
vn 1.22465e-16 1 -6.12323e-17
v -0.176942 0.083893 0.432609
vn 1.22465e-16 1 -6.12323e-17
v -0.172973 0.083893 0.433602
vn 0.143587 -7.81821e-17 -0.989638
v -0.176942 -0.235423 0.432609
vn 0.247564 0.42849 -0.86897
v -0.176942 0.083893 0.432609
vn 0.274358 -9.24818e-17 -0.961628
v -0.176942 -0.235423 0.432609
vn 0.247564 0.42849 -0.86897
v -0.172973 0.083893 0.433602
vn 0.143587 -7.81821e-17 -0.989638
v -0.172973 -0.235423 0.433602
vn 0.130081 0.42849 -0.894134
v 0.273238 -0.235423 0.582822
vn -0.842362 0.477385 -0.25006
v 0.197608 -0.235423 0.582822
vn 0.842362 0.477385 -0.25006
v 0.201821 -0.235423 0.59037
vn 0.695781 0.463861 -0.54838
v 0.197608 -0.235423 0.582822
vn 0.983452 0.159035 -0.0867742
v 0.197608 0.083893 0.396298
vn 1 -1.22465e-16 7.4988e-33
v 0.197608 0.083893 0.582822
vn 0.995436 -1.27749e-16 -0.0954338
v 0.269025 -0.235423 0.59037
vn -0.697195 0.460407 -0.549495
v 0.201821 -0.235423 0.59037
vn 0.697195 0.460407 -0.549495
v 0.207128 -0.235423 0.596913
vn 0.587115 0.460407 -0.665824
v -0.196472 0.083893 0.41035
vn 1.22465e-16 1 -6.12323e-17
v -0.197608 0.083893 0.582822
vn 1.22465e-16 1 -6.12323e-17
v -0.194984 0.083893 0.414757
vn 1.22465e-16 1 -6.12323e-17
v -0.196472 -0.235423 0.41035
vn 0.862906 0.428487 -0.267941
v -0.197417 0.083893 0.405744
vn 0.985985 -1.30964e-16 -0.166832
v -0.196472 0.083893 0.41035
vn 0.954906 -1.35123e-16 -0.296907
v -0.197417 0.083893 0.405744
vn 0.985985 -1.30964e-16 -0.166832
v -0.196472 -0.235423 0.41035
vn 0.862906 0.428487 -0.267941
v -0.197417 -0.235423 0.405744
vn 0.890826 0.428489 -0.151084
v 0.197297 -0.235423 0.401223
vn -0.85929 0.497214 -0.119994
v -0.197608 -0.235423 0.403382
vn 0.672705 0.737197 -0.0633207
v 0.196442 -0.235423 0.406059
vn -0.836441 0.497215 -0.230531
v 0.196442 -0.235423 0.406059
vn -0.83772 0.494891 -0.230883
v -0.197417 -0.235423 0.405744
vn 0.857203 0.49501 -0.142016
v -0.196472 -0.235423 0.41035
vn 0.828827 0.495009 -0.260791
v -0.197608 -0.235423 0.283386
vn 1.22465e-16 1 -6.12323e-17
v -0.273238 -0.235423 0.582822
vn 0.73168 0.646116 -0.217204
v -0.197608 -0.235423 0.396298
vn 1.22465e-16 1 -6.12323e-17
v 0.197608 -0.235423 0.396298
vn -0.659736 0.749919 -0.0486793
v -0.197608 -0.235423 0.396298
vn 1.22465e-16 1 -6.12323e-17
v -0.197608 -0.235423 0.403382
vn 0.658619 0.749918 -0.0619949
v -0.273238 0.159792 0.582822
vn 1 -1.22465e-16 7.4988e-33
v -0.273238 0.083893 0.746286
vn 0.847759 0.527793 -0.0523264
v -0.273238 0.083893 0.582822
vn 0.846807 0.531901 -3.25695e-17
v -0.197608 -0.235423 0.283386
vn 1.22465e-16 1 -6.12323e-17
v -0.273238 -0.235423 0
vn 0.306697 0.951807 -5.82814e-17
v -0.273238 -0.235423 0.582822
vn 0.396836 0.910298 -0.117803
v -0.273238 0.235423 0
vn 0 6.12323e-17 1
v -0.273238 -0.235423 0
vn 0 6.12323e-17 1
v 0.273238 0.235423 0
vn 0 6.12323e-17 1
v -0.273238 0.159792 0.582822
vn 1 -1.22465e-16 7.4988e-33
v -0.273238 0.235423 0
vn 1 -1.22465e-16 7.4988e-33
v -0.273238 0.159792 0.746286
vn 1 -1.22465e-16 7.4988e-33
v -0.263718 0.083893 0.596913
vn 1.22465e-16 1 -6.12323e-17
v -0.273238 0.083893 0.746286
vn 0.692558 0.71815 -0.067993
v -0.257491 0.083893 0.602235
vn 1.22465e-16 1 -6.12323e-17
v -0.250546 0.083893 0.606166
vn 0.360973 -1.0131e-16 -0.932576
v -0.257491 -0.235423 0.602235
vn 0.462959 0.412664 -0.78446
v -0.257491 0.083893 0.602235
vn 0.508991 -1.15041e-16 -0.860772
v -0.213349 0.083893 0.602235
vn -0.508961 9.62159e-18 -0.86079
v -0.2203 -0.235423 0.606166
vn -0.329513 0.41264 -0.849205
v -0.2203 0.083893 0.606166
vn -0.360949 -1.29008e-17 -0.932585
v -0.213349 -0.235423 0.602235
vn -0.460177 0.451873 -0.76423
v -0.250546 -0.235423 0.606166
vn 0.315368 0.451873 -0.834478
v -0.2203 -0.235423 0.606166
vn -0.315368 0.451873 -0.834478
v -0.257491 -0.235423 0.602235
vn 0.462959 0.412664 -0.78446
v -0.250546 0.083893 0.606166
vn 0.360973 -1.0131e-16 -0.932576
v -0.250546 -0.235423 0.606166
vn 0.329532 0.412664 -0.849186
v 0.213355 0.083893 0.602235
vn 1.22465e-16 1 -6.12323e-17
v -0.213349 0.083893 0.602235
vn 1.22465e-16 1 -6.12323e-17
v -0.2203 0.083893 0.606166
vn 1.22465e-16 1 -6.12323e-17
v 0.207128 -0.235423 0.596913
vn 0.596377 0.412662 -0.688508
v 0.213355 0.083893 0.602235
vn 0.522665 -1.16211e-16 -0.852538
v 0.213355 -0.235423 0.602235
vn 0.476751 0.412663 -0.776156
v 0.197608 0.083893 0.582822
vn 1.22465e-16 1 -6.12323e-17
v 0.177461 0.083893 0.431076
vn 1.22465e-16 1 -6.12323e-17
v 0.173451 0.083893 0.432655
vn 1.22465e-16 1 -6.12323e-17
v 0.173451 0.083893 0.432655
vn -0.254258 -2.80824e-17 -0.967137
v 0.169298 -0.235423 0.433612
vn -0.120625 0.427554 -0.895906
v 0.169298 0.083893 0.433612
vn -0.133072 -4.43911e-17 -0.991106
v 0.165072 -0.235423 0.433934
vn -0.0310841 0.426967 -0.903733
v 0.169298 0.083893 0.433612
vn -0.126564 -4.52404e-17 -0.991958
v 0.169298 -0.235423 0.433612
vn -0.114084 0.427547 -0.896766
v 0.169298 -0.235423 0.433612
vn -0.115875 0.450867 -0.885038
v -0.168921 -0.235423 0.433934
vn 0.0313909 0.450329 -0.892311
v 0.165072 -0.235423 0.433934
vn -0.0290547 0.450298 -0.892406
v 0.169298 -0.235423 0.433612
vn -0.115864 0.451034 -0.884954
v -0.172973 -0.235423 0.433602
vn 0.125119 0.451159 -0.883629
v -0.168921 -0.235423 0.433934
vn 0.0313879 0.450496 -0.892227
v -0.184328 0.083893 0.42874
vn 1.22465e-16 1 -6.12323e-17
v -0.197608 0.083893 0.582822
vn 1.22465e-16 1 -6.12323e-17
v -0.180754 0.083893 0.430979
vn 1.22465e-16 1 -6.12323e-17
v -0.176942 0.083893 0.432609
vn 0.280887 -9.31659e-17 -0.959741
v -0.180754 -0.235423 0.430979
vn 0.366919 0.428487 -0.825694
v -0.180754 0.083893 0.430979
vn 0.406438 -1.05721e-16 -0.913678
v -0.180754 -0.235423 0.430979
vn 0.366919 0.428487 -0.825694
v -0.176942 0.083893 0.432609
vn 0.280887 -9.31659e-17 -0.959741
v -0.176942 -0.235423 0.432609
vn 0.254125 0.428487 -0.867075
v 0.173451 -0.235423 0.432655
vn -0.228948 0.457277 -0.859349
v -0.176942 -0.235423 0.432609
vn 0.246883 0.457403 -0.854302
v -0.172973 -0.235423 0.433602
vn 0.124673 0.457402 -0.880477
v 0.273238 -0.235423 0.582822
vn -0.658366 0.726882 -0.19544
v 0.197608 -0.235423 0.396298
vn 0.513023 0.858375 -5.25603e-17
v 0.197608 -0.235423 0.582822
vn 0.658366 0.726882 -0.19544
v 0.273238 -0.235423 0.582822
vn -0.843217 0.47574 -0.250314
v 0.201821 -0.235423 0.59037
vn 0.696467 0.462189 -0.548921
v 0.269025 -0.235423 0.59037
vn -0.696467 0.462189 -0.548921
v 0.197608 0.083893 0.396298
vn 1 -1.22465e-16 7.4988e-33
v 0.197608 -0.235423 0.582822
vn 0.983452 0.159035 -0.0867742
v 0.197608 -0.235423 0.396298
vn 0.967759 0.251878 -1.54231e-17
v 0.197297 0.083893 0.401223
vn 1.22465e-16 1 -6.12323e-17
v 0.197608 0.083893 0.582822
vn 1.22465e-16 1 -6.12323e-17
v 0.197608 0.083893 0.396298
vn 1.22465e-16 1 -6.12323e-17
v 0.269025 -0.235423 0.59037
vn -0.697941 0.458571 -0.550082
v 0.207128 -0.235423 0.596913
vn 0.587743 0.458571 -0.666536
v 0.263724 -0.235423 0.596913
vn -0.587743 0.458571 -0.666536
v -0.194984 0.083893 0.414757
vn 1.22465e-16 1 -6.12323e-17
v -0.197608 0.083893 0.582822
vn 1.22465e-16 1 -6.12323e-17
v -0.192982 0.083893 0.418877
vn 1.22465e-16 1 -6.12323e-17
v -0.194984 -0.235423 0.414757
vn 0.816824 0.428488 -0.386259
v -0.196472 0.083893 0.41035
vn 0.952862 -1.3527e-16 -0.303403
v -0.194984 0.083893 0.414757
vn 0.903856 -1.36888e-16 -0.427836
v -0.196472 0.083893 0.41035
vn 0.952862 -1.3527e-16 -0.303403
v -0.194984 -0.235423 0.414757
vn 0.816824 0.428488 -0.386259
v -0.196472 -0.235423 0.41035
vn 0.860851 0.428488 -0.274469
v 0.197608 -0.235423 0.396298
vn -0.673266 0.73773 -0.0496776
v -0.197608 -0.235423 0.403382
vn 0.672126 0.737729 -0.0632663
v 0.197297 -0.235423 0.401223
vn -0.858784 0.498105 -0.119923
v 0.196442 0.083893 0.406059
vn -0.964929 1.02095e-16 -0.262512
v 0.197297 -0.235423 0.401223
vn -0.894841 0.427558 -0.128272
v 0.196442 -0.235423 0.406059
vn -0.872371 0.42756 -0.236985
v 0.196442 -0.235423 0.406059
vn -0.837539 0.495222 -0.230833
v -0.196472 -0.235423 0.41035
vn 0.828647 0.49534 -0.260734
v 0.195056 -0.235423 0.410725
vn -0.800485 0.495221 -0.337609
v -0.197608 -0.235423 0.396298
vn 1.22465e-16 1 -6.12323e-17
v 0.197608 -0.235423 0.283386
vn 1.22465e-16 1 -6.12323e-17
v -0.197608 -0.235423 0.283386
vn 1.22465e-16 1 -6.12323e-17
v 0.197608 -0.235423 0.283386
vn 1.22465e-16 1 -6.12323e-17
v -0.197608 -0.235423 0.396298
vn 1.22465e-16 1 -6.12323e-17
v 0.197608 -0.235423 0.396298
vn -0.303558 0.95255 -0.0223983
v -0.273238 0.083893 0.746286
vn 0.847759 0.527793 -0.0523264
v -0.273238 0.159792 0.582822
vn 1 -1.22465e-16 7.4988e-33
v -0.273238 0.159792 0.746286
vn 1 -1.22465e-16 7.4988e-33
v -0.273238 -0.235423 0
vn 0.118352 0.992972 -6.0802e-17
v -0.197608 -0.235423 0.283386
vn 1.22465e-16 1 -6.12323e-17
v 0.273238 -0.235423 0
vn -0.118352 0.992972 -6.0802e-17
v 0.273238 -0.235423 0
vn 0 6.12323e-17 1
v 0.273238 0.235423 0
vn 0 6.12323e-17 1
v -0.273238 -0.235423 0
vn 0 6.12323e-17 1
v 0.273238 0.235423 0.808089
vn -1.22465e-16 -1 6.12323e-17
v -0.273238 0.235423 0
vn -1.22465e-16 -1 6.12323e-17
v 0.273238 0.235423 0
vn -1.22465e-16 -1 6.12323e-17
v -0.273238 0.159792 0.746286
vn 1 -1.22465e-16 7.4988e-33
v -0.273238 0.235423 0
vn 1 -1.22465e-16 7.4988e-33
v -0.273238 0.159792 0.77544
vn 0.741523 0.640957 -0.198287
v -0.257491 0.083893 0.602235
vn 1.22465e-16 1 -6.12323e-17
v -0.273238 0.083893 0.746286
vn 0.691223 0.719448 -0.0678619
v -0.250546 0.083893 0.606166
vn 1.22465e-16 1 -6.12323e-17
v -0.227735 -0.235423 0.608578
vn -0.171596 0.412673 -0.89457
v -0.2203 0.083893 0.606166
vn -0.346055 -1.50695e-17 -0.938214
v -0.2203 -0.235423 0.606166
vn -0.314484 0.412673 -0.854869
v -0.2203 -0.235423 0.606166
vn -0.315588 0.45064 -0.835061
v -0.250546 -0.235423 0.606166
vn 0.315588 0.45064 -0.835061
v -0.243112 -0.235423 0.608578
vn 0.160404 0.450639 -0.878177
v -0.243112 0.083893 0.608578
vn 0.187545 -8.31135e-17 -0.982256
v -0.250546 -0.235423 0.606166
vn 0.314488 0.412677 -0.854866
v -0.250546 0.083893 0.606166
vn 0.346059 -9.98289e-17 -0.938213
v 0.213355 0.083893 0.602235
vn 1.22465e-16 1 -6.12323e-17
v -0.2203 0.083893 0.606166
vn 1.22465e-16 1 -6.12323e-17
v 0.2203 0.083893 0.606166
vn 1.22465e-16 1 -6.12323e-17
v 0.2203 0.083893 0.606166
vn 0.360973 -1.0131e-16 -0.932576
v 0.213355 -0.235423 0.602235
vn 0.462959 0.412664 -0.78446
v 0.213355 0.083893 0.602235
vn 0.508991 -1.15041e-16 -0.860772
v 0.263724 -0.235423 0.596913
vn -0.588366 0.45674 -0.667243
v 0.207128 -0.235423 0.596913
vn 0.588366 0.45674 -0.667243
v 0.213355 -0.235423 0.602235
vn 0.458896 0.456741 -0.762104
v 0.197608 0.083893 0.582822
vn 1.22465e-16 1 -6.12323e-17
v 0.181262 0.083893 0.428902
vn 1.22465e-16 1 -6.12323e-17
v 0.177461 0.083893 0.431076
vn 1.22465e-16 1 -6.12323e-17
v 0.177461 0.083893 0.431076
vn -0.377662 -1.04474e-17 -0.925943
v 0.173451 -0.235423 0.432655
vn -0.23591 0.42756 -0.872662
v 0.173451 0.083893 0.432655
vn -0.260612 -2.72006e-17 -0.965444
v 0.169298 -0.235423 0.433612
vn -0.120625 0.427554 -0.895906
v 0.173451 0.083893 0.432655
vn -0.254258 -2.80824e-17 -0.967137
v 0.173451 -0.235423 0.432655
vn -0.229524 0.427554 -0.874366
v 0.173451 -0.235423 0.432655
vn -0.229018 0.456751 -0.85961
v -0.172973 -0.235423 0.433602
vn 0.124711 0.456876 -0.880745
v 0.169298 -0.235423 0.433612
vn -0.115486 0.456752 -0.882066
v -0.187603 0.083893 0.425937
vn 1.22465e-16 1 -6.12323e-17
v -0.197608 0.083893 0.582822
vn 1.22465e-16 1 -6.12323e-17
v -0.184328 0.083893 0.42874
vn 1.22465e-16 1 -6.12323e-17
v -0.180754 0.083893 0.430979
vn 0.412699 -1.06316e-16 -0.910868
v -0.184328 -0.235423 0.42874
vn 0.479088 0.428501 -0.766069
v -0.184328 0.083893 0.42874
vn 0.530556 -1.16878e-16 -0.84765
v -0.184328 -0.235423 0.42874
vn 0.479088 0.428501 -0.766069
v -0.180754 0.083893 0.430979
vn 0.412699 -1.06316e-16 -0.910868
v -0.180754 -0.235423 0.430979
vn 0.373207 0.428502 -0.822862
v 0.177461 -0.235423 0.431076
vn -0.337342 0.463503 -0.819369
v -0.180754 -0.235423 0.430979
vn 0.362892 0.463626 -0.808307
v -0.176942 -0.235423 0.432609
vn 0.245986 0.463627 -0.8512
v 0.177461 -0.235423 0.431076
vn -0.3375 0.46271 -0.819752
v -0.176942 -0.235423 0.432609
vn 0.246102 0.462834 -0.851598
v 0.173451 -0.235423 0.432655
vn -0.228224 0.462709 -0.85663
v 0.273238 -0.235423 0.582822
vn -0.73168 0.646116 -0.217204
v 0.197608 -0.235423 0.283386
vn 1.22465e-16 1 -6.12323e-17
v 0.197608 -0.235423 0.396298
vn 0.579182 0.815198 -4.99165e-17
v 0.269025 0.083893 0.59037
vn -0.790299 5.92653e-17 -0.612722
v 0.273238 -0.235423 0.582822
vn -0.859385 0.426729 -0.281709
v 0.269025 -0.235423 0.59037
vn -0.720348 0.412659 -0.557504
v 0.197608 -0.235423 0.396298
vn -0.73028 0.68102 -0.053879
v 0.197297 0.083893 0.401223
vn -0.99084 1.13074e-16 -0.13504
v 0.197608 0.083893 0.396298
vn -0.997289 1.17627e-16 -0.0735806
v 0.197608 0.083893 0.582822
vn 1.22465e-16 1 -6.12323e-17
v 0.197297 0.083893 0.401223
vn 1.22465e-16 1 -6.12323e-17
v 0.196442 0.083893 0.406059
vn 1.22465e-16 1 -6.12323e-17
v 0.263724 0.083893 0.596913
vn -0.667375 3.61287e-17 -0.744722
v 0.269025 -0.235423 0.59037
vn -0.710408 0.412674 -0.570105
v 0.263724 -0.235423 0.596913
vn -0.608482 0.412677 -0.677826
v -0.192982 0.083893 0.418877
vn 1.22465e-16 1 -6.12323e-17
v -0.197608 0.083893 0.582822
vn 1.22465e-16 1 -6.12323e-17
v -0.190508 0.083893 0.422628
vn 1.22465e-16 1 -6.12323e-17
v -0.192982 -0.235423 0.418877
vn 0.754607 0.428491 -0.496955
v -0.194984 0.083893 0.414757
vn 0.900919 -1.36905e-16 -0.433988
v -0.192982 0.083893 0.418877
vn 0.834951 -1.3595e-16 -0.550325
v -0.194984 0.083893 0.414757
vn 0.900919 -1.36905e-16 -0.433988
v -0.192982 -0.235423 0.418877
vn 0.754607 0.428491 -0.496955
v -0.194984 -0.235423 0.414757
vn 0.813871 0.428491 -0.39244
v 0.195056 -0.235423 0.410725
vn -0.801816 0.492679 -0.33817
v -0.196472 -0.235423 0.41035
vn 0.830025 0.492798 -0.261168
v -0.194984 -0.235423 0.414757
vn 0.785211 0.492799 -0.374957
v 0.197297 0.083893 0.401223
vn -0.99084 1.13074e-16 -0.13504
v 0.197608 -0.235423 0.396298
vn -0.73028 0.68102 -0.053879
v 0.197297 -0.235423 0.401223
vn -0.895752 0.427558 -0.121745
v 0.197297 -0.235423 0.401223
vn -0.894841 0.427558 -0.128272
v 0.196442 0.083893 0.406059
vn -0.964929 1.02095e-16 -0.262512
v 0.197297 0.083893 0.401223
vn -0.989933 1.12565e-16 -0.141534
v 0.196442 -0.235423 0.406059
vn -0.870616 0.427559 -0.243355
v 0.195056 0.083893 0.410725
vn -0.922684 8.93877e-17 -0.385557
v 0.196442 0.083893 0.406059
vn -0.963182 1.01493e-16 -0.26885
v 0.195056 0.083893 0.410725
vn -0.922684 8.93877e-17 -0.385557
v 0.196442 -0.235423 0.406059
vn -0.870616 0.427559 -0.243355
v 0.195056 -0.235423 0.410725
vn -0.834223 0.427559 -0.348231
v 0.197608 -0.235423 0.283386
vn 1.22465e-16 1 -6.12323e-17
v 0.273238 -0.235423 0
vn -0.155695 0.987805 -6.04856e-17
v -0.197608 -0.235423 0.283386
vn 1.22465e-16 1 -6.12323e-17
v -0.273238 0.159792 0.746286
vn 1 -1.22465e-16 7.4988e-33
v -0.273238 0.084795 0.751515
vn 0.458461 0.859449 -0.226186
v -0.273238 0.083893 0.746286
vn 0.715405 0.695302 -0.0689335
v 0.273238 -0.235423 0
vn -0.997493 0.0707689 -4.33334e-18
v 0.273238 0.083893 0.582822
vn -0.999612 1.20713e-16 -0.0278395
v 0.273238 0.235423 0
vn -1 1.22465e-16 -7.4988e-33
v -0.273238 0.235423 0
vn -1.22465e-16 -1 6.12323e-17
v 0.273238 0.235423 0.808089
vn -1.22465e-16 -1 6.12323e-17
v -0.273238 0.235423 0.808089
vn -1.22465e-16 -1 6.12323e-17
v 0.273238 0.235423 0
vn -1 1.22465e-16 -7.4988e-33
v 0.273238 0.197611 0.808089
vn -0.855646 0.0193395 -0.5172
v 0.273238 0.235423 0.808089
vn -0.926282 9.03626e-17 -0.376831
v -0.273238 0.159792 0.77544
vn 0.722222 0.660765 -0.204415
v -0.273238 0.235423 0
vn 1 -1.22465e-16 7.4988e-33
v -0.273238 0.160665 0.778732
vn 0.472658 0.820079 -0.32259
v -0.273238 0.159792 0.77544
vn 1.22465e-16 1 -6.12323e-17
v 0.273238 0.159792 0.746286
vn 1.22465e-16 1 -6.12323e-17
v -0.273238 0.159792 0.746286
vn 1.22465e-16 1 -6.12323e-17
v -0.273238 0.158914 0.772122
vn 1 -1.22465e-16 7.4988e-33
v -0.273238 0.159792 0.746286
vn 1 -1.22465e-16 7.4988e-33
v -0.273238 0.159792 0.77544
vn 1 -1.22465e-16 7.4988e-33
v -0.273238 0.159792 0.77544
vn -1 1.22465e-16 -7.4988e-33
v -0.273238 0.159792 0.746286
vn -1 1.22465e-16 -7.4988e-33
v -0.273238 0.158914 0.772122
vn -1 1.22465e-16 -7.4988e-33
v -0.250546 0.083893 0.606166
vn 1.22465e-16 1 -6.12323e-17
v -0.273238 0.083893 0.746286
vn 0.690666 0.719988 -0.0678072
v -0.243112 0.083893 0.608578
vn 1.22465e-16 1 -6.12323e-17
v -0.2203 0.083893 0.606166
vn -0.346055 -1.50695e-17 -0.938214
v -0.227735 -0.235423 0.608578
vn -0.171596 0.412673 -0.89457
v -0.227735 0.083893 0.608578
vn -0.187543 -3.71785e-17 -0.982256
v -0.2203 -0.235423 0.606166
vn -0.31576 0.449676 -0.835516
v -0.243112 -0.235423 0.608578
vn 0.160492 0.449675 -0.878655
v -0.227735 -0.235423 0.608578
vn -0.160492 0.449675 -0.878655
v -0.250546 -0.235423 0.606166
vn 0.314488 0.412677 -0.854866
v -0.243112 0.083893 0.608578
vn 0.187545 -8.31135e-17 -0.982256
v -0.243112 -0.235423 0.608578
vn 0.171598 0.412677 -0.894568
v 0.2203 0.083893 0.606166
vn 1.22465e-16 1 -6.12323e-17
v -0.2203 0.083893 0.606166
vn 1.22465e-16 1 -6.12323e-17
v -0.227735 0.083893 0.608578
vn 1.22465e-16 1 -6.12323e-17
v 0.213355 -0.235423 0.602235
vn 0.462959 0.412664 -0.78446
v 0.2203 0.083893 0.606166
vn 0.360973 -1.0131e-16 -0.932576
v 0.2203 -0.235423 0.606166
vn 0.329532 0.412664 -0.849186
v 0.263724 -0.235423 0.596913
vn -0.588964 0.454975 -0.667921
v 0.213355 -0.235423 0.602235
vn 0.459363 0.454976 -0.762878
v 0.257497 -0.235423 0.602235
vn -0.459363 0.454976 -0.762878
v 0.197608 0.083893 0.582822
vn 1.22465e-16 1 -6.12323e-17
v 0.184788 0.083893 0.426172
vn 1.22465e-16 1 -6.12323e-17
v 0.181262 0.083893 0.428902
vn 1.22465e-16 1 -6.12323e-17
v 0.181262 0.083893 0.428902
vn -0.494677 7.36478e-18 -0.869077
v 0.177461 -0.235423 0.431076
vn -0.34721 0.427557 -0.83465
v 0.177461 0.083893 0.431076
vn -0.383746 -9.54892e-18 -0.923439
v 0.173451 -0.235423 0.432655
vn -0.23591 0.42756 -0.872662
v 0.177461 0.083893 0.431076
vn -0.377662 -1.04474e-17 -0.925943
v 0.177461 -0.235423 0.431076
vn -0.341094 0.427561 -0.837166
v -0.190508 0.083893 0.422628
vn 1.22465e-16 1 -6.12323e-17
v -0.197608 0.083893 0.582822
vn 1.22465e-16 1 -6.12323e-17
v -0.187603 0.083893 0.425937
vn 1.22465e-16 1 -6.12323e-17
v -0.184328 0.083893 0.42874
vn 0.536304 -1.1736e-16 -0.844025
v -0.187603 -0.235423 0.425937
vn 0.581739 0.42848 -0.691364
v -0.187603 0.083893 0.425937
vn 0.64413 -1.25721e-16 -0.764916
v -0.187603 -0.235423 0.425937
vn 0.581739 0.42848 -0.691364
v -0.184328 0.083893 0.42874
vn 0.536304 -1.1736e-16 -0.844025
v -0.184328 -0.235423 0.42874
vn 0.48487 0.428479 -0.762435
v 0.181262 -0.235423 0.428902
vn -0.439251 0.469625 -0.765839
v -0.184328 -0.235423 0.42874
vn 0.470908 0.469749 -0.746714
v -0.180754 -0.235423 0.430979
vn 0.361569 0.469748 -0.80536
v 0.181262 -0.235423 0.428902
vn -0.439519 0.468612 -0.766306
v -0.180754 -0.235423 0.430979
vn 0.36179 0.468735 -0.805851
v 0.177461 -0.235423 0.431076
vn -0.336317 0.468613 -0.81688
v 0.273238 -0.235423 0
vn -0.306697 0.951807 -5.82814e-17
v 0.197608 -0.235423 0.283386
vn 1.22465e-16 1 -6.12323e-17
v 0.273238 -0.235423 0.582822
vn -0.396837 0.910298 -0.117803
v 0.273238 -0.235423 0.582822
vn -0.859385 0.426729 -0.281709
v 0.269025 0.083893 0.59037
vn -0.790299 5.92653e-17 -0.612722
v 0.273238 0.083893 0.582822
vn -0.951154 9.75794e-17 -0.308716
v 0.269025 -0.235423 0.59037
vn -0.710408 0.412674 -0.570105
v 0.263724 0.083893 0.596913
vn -0.667375 3.61287e-17 -0.744722
v 0.269025 0.083893 0.59037
vn -0.780449 5.72938e-17 -0.625219
v 0.197608 0.083893 0.582822
vn 1.22465e-16 1 -6.12323e-17
v 0.196442 0.083893 0.406059
vn 1.22465e-16 1 -6.12323e-17
v 0.195056 0.083893 0.410725
vn 1.22465e-16 1 -6.12323e-17
v 0.257497 -0.235423 0.602235
vn -0.476752 0.412663 -0.776155
v 0.263724 0.083893 0.596913
vn -0.65537 3.40104e-17 -0.755308
v 0.263724 -0.235423 0.596913
vn -0.596377 0.412662 -0.688508
v -0.190508 -0.235423 0.422628
vn 0.677494 0.428503 -0.597818
v -0.192982 0.083893 0.418877
vn 0.831192 -1.35836e-16 -0.555986
v -0.190508 0.083893 0.422628
vn 0.749568 -1.32327e-16 -0.661928
v -0.192982 0.083893 0.418877
vn 0.831192 -1.35836e-16 -0.555986
v -0.190508 -0.235423 0.422628
vn 0.677494 0.428503 -0.597818
v -0.192982 -0.235423 0.418877
vn 0.750826 0.428501 -0.502641
v 0.193161 -0.235423 0.415141
vn -0.752667 0.489523 -0.440296
v -0.194984 -0.235423 0.414757
vn 0.786817 0.489643 -0.375724
v -0.192982 -0.235423 0.418877
vn 0.72637 0.489642 -0.482324
v 0.195056 -0.235423 0.410725
vn -0.801946 0.49243 -0.338225
v -0.194984 -0.235423 0.414757
vn 0.785338 0.49255 -0.375018
v 0.193161 -0.235423 0.415141
vn -0.751252 0.49243 -0.439469
v 0.195056 -0.235423 0.410725
vn -0.83165 0.427556 -0.354336
v 0.193161 0.083893 0.415141
vn -0.864814 7.51649e-17 -0.502092
v 0.195056 0.083893 0.410725
vn -0.920123 8.87021e-17 -0.39163
v -0.273238 0.084795 0.751515
vn 0.458215 0.859572 -0.226219
v -0.273238 0.159792 0.746286
vn 1 -1.22465e-16 7.4988e-33
v -0.273238 0.086218 0.756585
vn 0.458215 0.826504 -0.327001
v -0.273238 0.084795 0.751515
vn 0.411363 0.882792 -0.226845
v 0.273238 0.083893 0.746286
vn -0.412505 0.905579 -0.0988275
v -0.273238 0.083893 0.746286
vn 0.661639 0.745206 -0.0830718
v 0.273238 0.083893 0.582822
vn -0.999228 1.19965e-16 -0.0392858
v 0.273238 -0.235423 0
vn -0.994918 0.100692 -6.16563e-18
v 0.273238 -0.235423 0.582822
vn -0.997281 0.0646861 -0.0352947
v 0.273238 0.235423 0
vn -1 1.22465e-16 -7.4988e-33
v 0.273238 0.083893 0.582822
vn -0.993328 1.14586e-16 -0.115321
v 0.273238 0.159792 0.582822
vn -1 1.22465e-16 -7.4988e-33
v 0.273238 0.235423 0.808089
vn -0.421652 -3.88542e-18 -0.906758
v -0.273238 0.197611 0.808089
vn 0.253495 0.0189312 -0.967151
v -0.273238 0.235423 0.808089
vn 0.421652 -1.0716e-16 -0.906758
v -0.273238 0.197611 0.808089
vn 0.855646 0.0193395 -0.5172
v -0.273238 0.235423 0
vn 1 -1.22465e-16 7.4988e-33
v -0.273238 0.235423 0.808089
vn 0.926282 -1.36511e-16 -0.376831
v 0.273238 0.235423 0
vn -1 1.22465e-16 -7.4988e-33
v 0.273238 0.191694 0.807572
vn -0.563791 0.123017 -0.816704
v 0.273238 0.197611 0.808089
vn -0.563155 0.0308779 -0.825774
v -0.273238 0.197611 0.808089
vn 0.253495 0.0189312 -0.967151
v 0.273238 0.235423 0.808089
vn -0.421652 -3.88542e-18 -0.906758
v 0.273238 0.197611 0.808089
vn -0.253495 0.0189312 -0.967151
v -0.273238 0.160665 0.778732
vn 0.511251 0.799779 -0.314604
v -0.273238 0.235423 0
vn 1 -1.22465e-16 7.4988e-33
v -0.273238 0.163247 0.784959
vn 0.511251 0.743998 -0.430221
v -0.273238 0.160665 0.778732
vn 0.424035 0.844416 -0.327346
v 0.273238 0.159792 0.77544
vn -0.676082 0.703911 -0.217768
v -0.273238 0.159792 0.77544
vn 0.676082 0.703911 -0.217768
v 0.273238 0.159792 0.746286
vn 1.22465e-16 1 -6.12323e-17
v -0.273238 0.159792 0.77544
vn 1.22465e-16 1 -6.12323e-17
v 0.273238 0.159792 0.77544
vn 1.22465e-16 1 -6.12323e-17
v 0.273238 0.158896 0.751515
vn -0.411374 -0.882816 -0.226732
v -0.273238 0.159792 0.746286
vn -1.20081e-16 -0.980539 -0.196326
v 0.273238 0.159792 0.746286
vn -0.659741 -0.73687 -0.147529
v -0.273238 0.158914 0.772122
vn 1 -1.22465e-16 7.4988e-33
v -0.273238 0.158896 0.751515
vn 1 -1.22465e-16 7.4988e-33
v -0.273238 0.159792 0.746286
vn 1 -1.22465e-16 7.4988e-33
v -0.273238 0.159792 0.746286
vn -1 1.22465e-16 -7.4988e-33
v -0.273238 0.158896 0.751515
vn -1 1.22465e-16 -7.4988e-33
v -0.273238 0.158914 0.772122
vn -1 1.22465e-16 -7.4988e-33
v -0.243112 0.083893 0.608578
vn 1.22465e-16 1 -6.12323e-17
v -0.273238 0.083893 0.746286
vn 0.690873 0.719787 -0.0678276
v -0.23542 0.083893 0.60939
vn 1.22465e-16 1 -6.12323e-17
v -0.23542 -0.235423 0.60939
vn -0.00804768 0.412675 -0.910843
v -0.227735 0.083893 0.608578
vn -0.171827 -3.92789e-17 -0.985127
v -0.227735 -0.235423 0.608578
vn -0.155744 0.412675 -0.897465
v -0.227735 -0.235423 0.608578
vn -0.160551 0.449013 -0.878983
v -0.243112 -0.235423 0.608578
vn 0.160551 0.449013 -0.878983
v -0.23542 -0.235423 0.60939
vn 5.49884e-17 0.449014 -0.893525
v -0.23542 0.083893 0.60939
vn 0.00797801 -6.22074e-17 -0.999968
v -0.243112 -0.235423 0.608578
vn 0.155733 0.412645 -0.897481
v -0.243112 0.083893 0.608578
vn 0.171814 -8.13629e-17 -0.985129
v 0.2203 0.083893 0.606166
vn 1.22465e-16 1 -6.12323e-17
v -0.227735 0.083893 0.608578
vn 1.22465e-16 1 -6.12323e-17
v 0.227734 0.083893 0.608578
vn 1.22465e-16 1 -6.12323e-17
v 0.227734 0.083893 0.608578
vn 0.187545 -8.31135e-17 -0.982256
v 0.2203 -0.235423 0.606166
vn 0.314488 0.412677 -0.854866
v 0.2203 0.083893 0.606166
vn 0.346059 -9.98289e-17 -0.938213
v 0.257497 -0.235423 0.602235
vn -0.459794 0.453335 -0.763594
v 0.213355 -0.235423 0.602235
vn 0.459794 0.453335 -0.763594
v 0.2203 -0.235423 0.606166
vn 0.315105 0.453336 -0.833784
v 0.197608 0.083893 0.582822
vn 1.22465e-16 1 -6.12323e-17
v 0.187986 0.083893 0.422931
vn 1.22465e-16 1 -6.12323e-17
v 0.184788 0.083893 0.426172
vn 1.22465e-16 1 -6.12323e-17
v 0.184788 0.083893 0.426172
vn -0.603314 2.50516e-17 -0.797504
v 0.181262 -0.235423 0.428902
vn -0.452625 0.427561 -0.78251
v 0.181262 0.083893 0.428902
vn -0.500378 8.26324e-18 -0.865807
v 0.177461 -0.235423 0.431076
vn -0.34721 0.427557 -0.83465
v 0.181262 0.083893 0.428902
vn -0.494677 7.36478e-18 -0.869077
v 0.181262 -0.235423 0.428902
vn -0.446895 0.427556 -0.7858
v -0.187603 0.083893 0.425937
vn 0.649333 -1.26088e-16 -0.760504
v -0.190508 -0.235423 0.422628
vn 0.672915 0.428488 -0.602979
v -0.190508 0.083893 0.422628
vn 0.745005 -1.32082e-16 -0.667058
v -0.190508 -0.235423 0.422628
vn 0.672915 0.428488 -0.602979
v -0.187603 0.083893 0.425937
vn 0.649333 -1.26088e-16 -0.760504
v -0.187603 -0.235423 0.425937
vn 0.586966 0.428488 -0.686928
v 0.184788 -0.235423 0.426172
vn -0.533065 0.475436 -0.699859
v -0.187603 -0.235423 0.425937
vn 0.56893 0.475559 -0.670941
v -0.184328 -0.235423 0.42874
vn 0.469246 0.475558 -0.744078
v 0.184788 -0.235423 0.426172
vn -0.533437 0.4743 -0.700346
v -0.184328 -0.235423 0.42874
vn 0.469573 0.474422 -0.744597
v 0.181262 -0.235423 0.428902
vn -0.438007 0.4743 -0.763669
v 0.269025 0.083893 0.59037
vn 1.22465e-16 1 -6.12323e-17
v 0.273238 0.083893 0.746286
vn -0.439852 0.893908 -0.0863667
v 0.273238 0.083893 0.582822
vn -0.695585 0.718444 -4.3992e-17
v 0.273238 0.083893 0.746286
vn -0.437712 0.894998 -0.0859463
v 0.269025 0.083893 0.59037
vn 1.22465e-16 1 -6.12323e-17
v 0.263724 0.083893 0.596913
vn 1.22465e-16 1 -6.12323e-17
v 0.197608 0.083893 0.582822
vn 1.22465e-16 1 -6.12323e-17
v 0.195056 0.083893 0.410725
vn 1.22465e-16 1 -6.12323e-17
v 0.193161 0.083893 0.415141
vn 1.22465e-16 1 -6.12323e-17
v 0.263724 0.083893 0.596913
vn -0.65537 3.40104e-17 -0.755308
v 0.257497 -0.235423 0.602235
vn -0.476752 0.412663 -0.776155
v 0.257497 0.083893 0.602235
vn -0.522665 1.18051e-17 -0.852538
v 0.190789 -0.235423 0.419232
vn -0.690908 0.485512 -0.535652
v -0.192982 -0.235423 0.418877
vn 0.728236 0.485633 -0.483563
v -0.190508 -0.235423 0.422628
vn 0.653248 0.485634 -0.580885
v 0.193161 -0.235423 0.415141
vn -0.753001 0.488831 -0.440492
v -0.192982 -0.235423 0.418877
vn 0.726693 0.488951 -0.482539
v 0.190789 -0.235423 0.419232
vn -0.689445 0.488831 -0.534518
v 0.193161 0.083893 0.415141
vn -0.864814 7.51649e-17 -0.502092
v 0.195056 -0.235423 0.410725
vn -0.83165 0.427556 -0.354336
v 0.193161 -0.235423 0.415141
vn -0.78195 0.427557 -0.453597
v -0.273238 0.086218 0.756585
vn 0.457907 0.826652 -0.32706
v -0.273238 0.159792 0.746286
vn 1 -1.22465e-16 7.4988e-33
v -0.273238 0.088154 0.761425
vn 0.457908 0.781805 -0.423203
v -0.273238 0.086218 0.756585
vn 0.411364 0.849533 -0.330262
v 0.273238 0.084795 0.751515
vn -0.411362 0.880083 -0.23714
v -0.273238 0.084795 0.751515
vn 0.411362 0.880083 -0.23714
v 0.273238 0.083893 0.746286
vn -0.412505 0.905579 -0.0988275
v -0.273238 0.084795 0.751515
vn 0.411363 0.882792 -0.226845
v 0.273238 0.084795 0.751515
vn -0.411363 0.882792 -0.226845
v 0.273238 0.083893 0.746286
vn -0.130361 0.991136 -0.0255969
v 0.235426 0.083893 0.60939
vn 1.22465e-16 1 -6.12323e-17
v -0.273238 0.083893 0.746286
vn 0.214544 0.976487 -0.0210632
v 0.273238 0.083893 0.582822
vn -0.849621 0.527394 -3.22936e-17
v 0.273238 0.084795 0.751515
vn -0.701412 0.689285 -0.181403
v 0.273238 0.159792 0.582822
vn -1 1.22465e-16 -7.4988e-33
v 0.273238 0.235423 0
vn -1 1.22465e-16 -7.4988e-33
v 0.273238 0.159792 0.582822
vn -1 1.22465e-16 -7.4988e-33
v 0.273238 0.160665 0.778732
vn -0.733727 0.632285 -0.248718
v -0.273238 0.191694 0.807572
vn 0.563791 0.123017 -0.816704
v -0.273238 0.235423 0
vn 1 -1.22465e-16 7.4988e-33
v -0.273238 0.197611 0.808089
vn 0.563155 0.0308779 -0.825774
v 0.273238 0.235423 0
vn -1 1.22465e-16 -7.4988e-33
v 0.273238 0.185915 0.806038
vn -0.562364 0.243577 -0.790201
v 0.273238 0.191694 0.807572
vn -0.562365 0.123162 -0.817665
v -0.273238 0.191694 0.807572
vn 0.40188 0.127928 -0.906712
v 0.273238 0.197611 0.808089
vn -0.401113 0.0384991 -0.915219
v 0.273238 0.191694 0.807572
vn -0.40188 0.127928 -0.906712
v 0.273238 0.197611 0.808089
vn -0.401113 0.0384991 -0.915219
v -0.273238 0.191694 0.807572
vn 0.40188 0.127928 -0.906712
v -0.273238 0.197611 0.808089
vn 0.401113 0.0384991 -0.915219
v -0.273238 0.163247 0.784959
vn 0.524443 0.737084 -0.426223
v -0.273238 0.235423 0
vn 1 -1.22465e-16 7.4988e-33
v -0.273238 0.166587 0.790677
vn 0.524443 0.665378 -0.531255
v -0.273238 0.163247 0.784959
vn 0.401911 0.796871 -0.45107
v 0.273238 0.160665 0.778732
vn -0.401917 0.84891 -0.343242
v -0.273238 0.160665 0.778732
vn 0.401917 0.84891 -0.343242
v 0.273238 0.159792 0.77544
vn -0.676082 0.703911 -0.217768
v -0.273238 0.160665 0.778732
vn 0.424035 0.844416 -0.327346
v 0.273238 0.160665 0.778732
vn -0.424035 0.844416 -0.327346
v 0.273238 0.160665 0.778732
vn -0.448903 0.831558 -0.327105
v 0.273238 0.159792 0.746286
vn -1 1.22465e-16 -7.4988e-33
v 0.273238 0.159792 0.77544
vn -0.707536 0.67511 -0.208852
v -0.273238 0.159792 0.746286
vn -1.20081e-16 -0.980539 -0.196326
v 0.273238 0.158896 0.751515
vn -0.411374 -0.882816 -0.226732
v -0.273238 0.158896 0.751515
vn 0.411374 -0.882816 -0.226732
v 0.273238 0.159792 0.582822
vn -1 1.22465e-16 -7.4988e-33
v 0.273238 0.158896 0.751515
vn -0.451788 -0.862748 -0.227054
v 0.273238 0.159792 0.746286
vn -0.709564 -0.690924 -0.138359
v -0.273238 0.158023 0.765281
vn 1 -1.22465e-16 7.4988e-33
v -0.273238 0.158896 0.751515
vn 1 -1.22465e-16 7.4988e-33
v -0.273238 0.158914 0.772122
vn 1 -1.22465e-16 7.4988e-33
v -0.273238 0.158914 0.772122
vn -1 1.22465e-16 -7.4988e-33
v -0.273238 0.158896 0.751515
vn -1 1.22465e-16 -7.4988e-33
v -0.273238 0.158023 0.765281
vn -1 1.22465e-16 -7.4988e-33
v -0.273238 0.157474 0.756585
vn 0.447929 -0.831365 -0.328925
v -0.273238 0.159792 0.746286
vn 1 -1.22465e-16 7.4988e-33
v -0.273238 0.158896 0.751515
vn 0.447929 -0.864628 -0.227549
v -0.23542 0.083893 0.60939
vn 1.22465e-16 1 -6.12323e-17
v -0.273238 0.083893 0.746286
vn 0.23917 0.970694 -0.0234809
v 0.235426 0.083893 0.60939
vn 1.22465e-16 1 -6.12323e-17
v -0.227735 0.083893 0.608578
vn -0.171827 -3.92789e-17 -0.985127
v -0.23542 -0.235423 0.60939
vn -0.00804768 0.412675 -0.910843
v -0.23542 0.083893 0.60939
vn -0.00797865 -6.02533e-17 -0.999968
v -0.243112 -0.235423 0.608578
vn 0.155733 0.412645 -0.897481
v -0.23542 0.083893 0.60939
vn 0.00797801 -6.22074e-17 -0.999968
v -0.23542 -0.235423 0.60939
vn 0.00804708 0.412645 -0.910856
v 0.227734 0.083893 0.608578
vn 1.22465e-16 1 -6.12323e-17
v -0.227735 0.083893 0.608578
vn 1.22465e-16 1 -6.12323e-17
v -0.23542 0.083893 0.60939
vn 1.22465e-16 1 -6.12323e-17
v 0.2203 -0.235423 0.606166
vn 0.314488 0.412677 -0.854866
v 0.227734 0.083893 0.608578
vn 0.187545 -8.31135e-17 -0.982256
v 0.227734 -0.235423 0.608578
vn 0.171598 0.412677 -0.894568
v 0.257497 -0.235423 0.602235
vn -0.460177 0.451874 -0.76423
v 0.2203 -0.235423 0.606166
vn 0.315368 0.451874 -0.834478
v 0.250552 -0.235423 0.606166
vn -0.315368 0.451874 -0.834478
v 0.197608 0.083893 0.582822
vn 1.22465e-16 1 -6.12323e-17
v 0.190789 0.083893 0.419232
vn 1.22465e-16 1 -6.12323e-17
v 0.187986 0.083893 0.422931
vn 1.22465e-16 1 -6.12323e-17
v 0.187986 0.083893 0.422931
vn -0.701707 4.23083e-17 -0.712466
v 0.184788 -0.235423 0.426172
vn -0.550351 0.427541 -0.717163
v 0.184788 0.083893 0.426172
vn -0.60851 2.59303e-17 -0.793546
v 0.181262 -0.235423 0.428902
vn -0.452625 0.427561 -0.78251
v 0.184788 0.083893 0.426172
vn -0.603314 2.50516e-17 -0.797504
v 0.184788 -0.235423 0.426172
vn -0.545122 0.427561 -0.721133
v 0.187986 -0.235423 0.422931
vn -0.617365 0.480772 -0.622671
v -0.190508 -0.235423 0.422628
vn 0.655203 0.480893 -0.582623
v -0.187603 -0.235423 0.425937
vn 0.567051 0.480894 -0.668726
v 0.187986 -0.235423 0.422931
vn -0.617795 0.479657 -0.623104
v -0.187603 -0.235423 0.425937
vn 0.567446 0.479779 -0.669191
v 0.184788 -0.235423 0.426172
vn -0.531675 0.479657 -0.698034
v 0.273238 0.084795 0.751515
vn -0.451815 0.862735 -0.227051
v 0.273238 0.083893 0.582822
vn -0.709581 0.704624 -4.31458e-17
v 0.273238 0.083893 0.746286
vn -0.452924 0.8872 -0.0879587
v 0.273238 0.083893 0.746286
vn -0.436084 0.895823 -0.0856267
v 0.263724 0.083893 0.596913
vn 1.22465e-16 1 -6.12323e-17
v 0.257497 0.083893 0.602235
vn 1.22465e-16 1 -6.12323e-17
v 0.197608 0.083893 0.582822
vn 1.22465e-16 1 -6.12323e-17
v 0.193161 0.083893 0.415141
vn 1.22465e-16 1 -6.12323e-17
v 0.190789 0.083893 0.419232
vn 1.22465e-16 1 -6.12323e-17
v 0.250552 -0.235423 0.606166
vn -0.329532 0.412664 -0.849186
v 0.257497 0.083893 0.602235
vn -0.508991 9.62636e-18 -0.860772
v 0.257497 -0.235423 0.602235
vn -0.462959 0.412664 -0.78446
v 0.190789 -0.235423 0.419232
vn -0.691328 0.484555 -0.535978
v -0.190508 -0.235423 0.422628
vn 0.653645 0.484676 -0.581238
v 0.187986 -0.235423 0.422931
vn -0.615897 0.484555 -0.62119
v 0.190789 0.083893 0.419232
vn -0.7923 5.96689e-17 -0.610132
v 0.193161 -0.235423 0.415141
vn -0.778602 0.427556 -0.45932
v 0.190789 -0.235423 0.419232
vn -0.716434 0.427555 -0.551289
v 0.193161 -0.235423 0.415141
vn -0.778602 0.427556 -0.45932
v 0.190789 0.083893 0.419232
vn -0.7923 5.96689e-17 -0.610132
v 0.193161 0.083893 0.415141
vn -0.861483 7.44083e-17 -0.507786
v -0.273238 0.088154 0.761425
vn 0.457513 0.781984 -0.4233
v -0.273238 0.159792 0.746286
vn 1 -1.22465e-16 7.4988e-33
v -0.273238 0.090562 0.765957
vn 0.457512 0.725993 -0.513437
v -0.273238 0.088154 0.761425
vn 0.411323 0.804129 -0.429174
v 0.273238 0.086218 0.756585
vn -0.411323 0.845556 -0.340366
v -0.273238 0.086218 0.756585
vn 0.411323 0.845556 -0.340366
v 0.273238 0.084795 0.751515
vn -0.411362 0.880083 -0.23714
v -0.273238 0.086218 0.756585
vn 0.411364 0.849533 -0.330262
v 0.273238 0.086218 0.756585
vn -0.411364 0.849533 -0.330262
v 0.273238 0.083893 0.746286
vn -0.43478 0.896481 -0.0853707
v 0.243112 0.083893 0.608578
vn 1.22465e-16 1 -6.12323e-17
v 0.235426 0.083893 0.60939
vn 1.22465e-16 1 -6.12323e-17
v 0.273238 0.159792 0.582822
vn -1 1.22465e-16 -7.4988e-33
v 0.273238 0.084795 0.751515
vn -0.464347 0.856489 -0.225407
v 0.273238 0.086218 0.756585
vn -0.464347 0.82354 -0.325829
v 0.273238 0.159792 0.746286
vn -1 1.22465e-16 -7.4988e-33
v 0.273238 0.160665 0.778732
vn -0.452052 0.830079 -0.326524
v 0.273238 0.159792 0.582822
vn -1 1.22465e-16 -7.4988e-33
v 0.273238 0.235423 0
vn -1 1.22465e-16 -7.4988e-33
v 0.273238 0.160665 0.778732
vn -0.511251 0.799779 -0.314604
v 0.273238 0.163247 0.784959
vn -0.511251 0.743998 -0.430221
v -0.273238 0.185915 0.806038
vn 0.562364 0.243577 -0.790201
v -0.273238 0.235423 0
vn 1 -1.22465e-16 7.4988e-33
v -0.273238 0.191694 0.807572
vn 0.562365 0.123162 -0.817665
v 0.273238 0.235423 0
vn -1 1.22465e-16 -7.4988e-33
v 0.273238 0.180393 0.803514
vn -0.558975 0.359553 -0.747174
v 0.273238 0.185915 0.806038
vn -0.558974 0.244253 -0.792394
v -0.273238 0.185915 0.806038
vn 0.401929 0.2615 -0.877537
v 0.273238 0.191694 0.807572
vn -0.401927 0.144766 -0.904156
v 0.273238 0.185915 0.806038
vn -0.401929 0.2615 -0.877537
v 0.273238 0.191694 0.807572
vn -0.401927 0.144766 -0.904156
v -0.273238 0.185915 0.806038
vn 0.401929 0.2615 -0.877537
v -0.273238 0.191694 0.807572
vn 0.401927 0.144766 -0.904156
v -0.273238 0.166587 0.790677
vn 0.536044 0.659708 -0.526728
v -0.273238 0.235423 0
vn 1 -1.22465e-16 7.4988e-33
v -0.273238 0.170622 0.795739
vn 0.536043 0.573897 -0.619112
v -0.273238 0.166587 0.790677
vn 0.401901 0.720937 -0.564558
v 0.273238 0.163247 0.784959
vn -0.401896 0.788432 -0.465676
v -0.273238 0.163247 0.784959
vn 0.401896 0.788432 -0.465676
v 0.273238 0.160665 0.778732
vn -0.401917 0.84891 -0.343242
v -0.273238 0.163247 0.784959
vn 0.401911 0.796871 -0.45107
v 0.273238 0.163247 0.784959
vn -0.401911 0.796871 -0.45107
v 0.273238 0.157474 0.756585
vn -0.411367 -0.849539 -0.330244
v -0.273238 0.158896 0.751515
vn 0.411364 -0.880087 -0.237121
v 0.273238 0.158896 0.751515
vn -0.411364 -0.880087 -0.237121
v 0.273238 0.159792 0.582822
vn -1 1.22465e-16 -7.4988e-33
v 0.273238 0.157474 0.756585
vn -0.454165 -0.828435 -0.327765
v 0.273238 0.158896 0.751515
vn -0.454165 -0.86158 -0.226747
v -0.273238 0.158896 0.751515
vn 1 -1.22465e-16 7.4988e-33
v -0.273238 0.158023 0.765281
vn 1 -1.22465e-16 7.4988e-33
v -0.273238 0.158017 0.758363
vn 1 -1.22465e-16 7.4988e-33
v -0.273238 0.158017 0.758363
vn -1 1.22465e-16 -7.4988e-33
v -0.273238 0.158023 0.765281
vn -1 1.22465e-16 -7.4988e-33
v -0.273238 0.158896 0.751515
vn -1 1.22465e-16 -7.4988e-33
v -0.273238 0.155537 0.761425
vn 0.448087 -0.786194 -0.425579
v -0.273238 0.159792 0.746286
vn 1 -1.22465e-16 7.4988e-33
v -0.273238 0.157474 0.756585
vn 0.448086 -0.831292 -0.328896
v -0.273238 0.158896 0.751515
vn 0.411364 -0.880087 -0.237121
v 0.273238 0.157474 0.756585
vn -0.411367 -0.849539 -0.330244
v -0.273238 0.157474 0.756585
vn 0.411367 -0.849539 -0.330244
v 0.227734 0.083893 0.608578
vn 1.22465e-16 1 -6.12323e-17
v -0.23542 0.083893 0.60939
vn 1.22465e-16 1 -6.12323e-17
v 0.235426 0.083893 0.60939
vn 1.22465e-16 1 -6.12323e-17
v 0.235426 0.083893 0.60939
vn 0.00797801 -6.22074e-17 -0.999968
v 0.227734 -0.235423 0.608578
vn 0.155733 0.412645 -0.897481
v 0.227734 0.083893 0.608578
vn 0.171814 -8.13629e-17 -0.985129
v 0.250552 -0.235423 0.606166
vn -0.315588 0.450641 -0.835061
v 0.2203 -0.235423 0.606166
vn 0.315588 0.450641 -0.835061
v 0.227734 -0.235423 0.608578
vn 0.160404 0.45064 -0.878177
v 0.190789 -0.235423 0.419232
vn -0.712414 0.427562 -0.556469
v 0.187986 0.083893 0.422931
vn -0.706424 4.31724e-17 -0.707789
v 0.190789 0.083893 0.419232
vn -0.788302 5.88637e-17 -0.615288
v 0.184788 -0.235423 0.426172
vn -0.550351 0.427541 -0.717163
v 0.187986 0.083893 0.422931
vn -0.701707 4.23083e-17 -0.712466
v 0.187986 -0.235423 0.422931
vn -0.6341 0.427543 -0.644302
v 0.273238 0.083893 0.746286
vn -0.435042 0.896349 -0.0854222
v 0.257497 0.083893 0.602235
vn 1.22465e-16 1 -6.12323e-17
v 0.250552 0.083893 0.606166
vn 1.22465e-16 1 -6.12323e-17
v 0.257497 0.083893 0.602235
vn -0.508991 9.62636e-18 -0.860772
v 0.250552 -0.235423 0.606166
vn -0.329532 0.412664 -0.849186
v 0.250552 0.083893 0.606166
vn -0.360972 -1.28975e-17 -0.932576
v 0.187986 0.083893 0.422931
vn -0.706424 4.31724e-17 -0.707789
v 0.190789 -0.235423 0.419232
vn -0.712414 0.427562 -0.556469
v 0.187986 -0.235423 0.422931
vn -0.638834 0.427563 -0.639594
v -0.273238 0.090562 0.765957
vn 0.457069 0.726179 -0.513568
v -0.273238 0.159792 0.746286
vn 1 -1.22465e-16 7.4988e-33
v -0.273238 0.093419 0.77012
vn 0.457069 0.65983 -0.596416
v -0.273238 0.090562 0.765957
vn 0.411382 0.74731 -0.521816
v 0.273238 0.088154 0.761425
vn -0.411379 0.79902 -0.43856
v -0.273238 0.088154 0.761425
vn 0.411379 0.79902 -0.43856
v 0.273238 0.086218 0.756585
vn -0.411323 0.845556 -0.340366
v -0.273238 0.088154 0.761425
vn 0.411323 0.804129 -0.429174
v 0.273238 0.088154 0.761425
vn -0.411323 0.804129 -0.429174
v 0.273238 0.083893 0.746286
vn -0.434598 0.896573 -0.0853349
v 0.250552 0.083893 0.606166
vn 1.22465e-16 1 -6.12323e-17
v 0.243112 0.083893 0.608578
vn 1.22465e-16 1 -6.12323e-17
v 0.243112 0.083893 0.608578
vn -0.171825 -3.92791e-17 -0.985127
v 0.235426 -0.235423 0.60939
vn -0.00804759 0.412671 -0.910845
v 0.235426 0.083893 0.60939
vn -0.00797856 -6.02533e-17 -0.999968
v 0.273238 0.159792 0.582822
vn -1 1.22465e-16 -7.4988e-33
v 0.273238 0.086218 0.756585
vn -0.466237 0.822616 -0.325463
v 0.273238 0.088154 0.761425
vn -0.466238 0.777988 -0.421137
v 0.273238 0.235423 0
vn -1 1.22465e-16 -7.4988e-33
v 0.273238 0.163247 0.784959
vn -0.524443 0.737084 -0.426223
v 0.273238 0.166587 0.790677
vn -0.524443 0.665378 -0.531255
v -0.273238 0.180393 0.803514
vn 0.558975 0.359553 -0.747174
v -0.273238 0.235423 0
vn 1 -1.22465e-16 7.4988e-33
v -0.273238 0.185915 0.806038
vn 0.558974 0.244253 -0.792394
v 0.273238 0.235423 0
vn -1 1.22465e-16 -7.4988e-33
v 0.273238 0.175259 0.800056
vn -0.553334 0.468956 -0.688405
v 0.273238 0.180393 0.803514
vn -0.553334 0.36119 -0.750575
v -0.273238 0.180393 0.803514
vn 0.401902 0.3893 -0.828806
v 0.273238 0.185915 0.806038
vn -0.401899 0.27784 -0.872515
v 0.273238 0.180393 0.803514
vn -0.401902 0.3893 -0.828806
v 0.273238 0.185915 0.806038
vn -0.401899 0.27784 -0.872515
v -0.273238 0.180393 0.803514
vn 0.401902 0.3893 -0.828806
v -0.273238 0.185915 0.806038
vn 0.401899 0.27784 -0.872515
v -0.273238 0.170622 0.795739
vn 0.545719 0.569668 -0.614548
v -0.273238 0.235423 0
vn 1 -1.22465e-16 7.4988e-33
v -0.273238 0.175259 0.800056
vn 0.545719 0.471776 -0.692545
v -0.273238 0.170622 0.795739
vn 0.401942 0.628663 -0.665752
v 0.273238 0.166587 0.790677
vn -0.401946 0.710155 -0.578031
v -0.273238 0.166587 0.790677
vn 0.401946 0.710155 -0.578031
v 0.273238 0.163247 0.784959
vn -0.401896 0.788432 -0.465676
v -0.273238 0.166587 0.790677
vn 0.401901 0.720937 -0.564558
v 0.273238 0.166587 0.790677
vn -0.401901 0.720937 -0.564558
v 0.273238 0.159792 0.582822
vn -1 1.22465e-16 -7.4988e-33
v 0.273238 0.155537 0.761425
vn -0.456563 -0.782413 -0.423532
v 0.273238 0.157474 0.756585
vn -0.456562 -0.827295 -0.327314
v -0.273238 0.153129 0.765957
vn 0.448314 -0.729808 -0.516135
v -0.273238 0.159792 0.746286
vn 1 -1.22465e-16 7.4988e-33
v -0.273238 0.155537 0.761425
vn 0.448315 -0.786093 -0.425525
v -0.273238 0.157474 0.756585
vn 0.41132 -0.84555 -0.340383
v 0.273238 0.155537 0.761425
vn -0.41132 -0.804122 -0.42919
v -0.273238 0.155537 0.761425
vn 0.41132 -0.804122 -0.42919
v 0.273238 0.155537 0.761425
vn -0.41132 -0.804122 -0.42919
v -0.273238 0.157474 0.756585
vn 0.41132 -0.84555 -0.340383
v 0.273238 0.157474 0.756585
vn -0.41132 -0.84555 -0.340383
v 0.227734 -0.235423 0.608578
vn 0.155733 0.412645 -0.897481
v 0.235426 0.083893 0.60939
vn 0.00797801 -6.22074e-17 -0.999968
v 0.235426 -0.235423 0.60939
vn 0.00804709 0.412645 -0.910856
v 0.250552 -0.235423 0.606166
vn -0.31576 0.449676 -0.835516
v 0.227734 -0.235423 0.608578
vn 0.160492 0.449675 -0.878655
v 0.243112 -0.235423 0.608578
vn -0.160492 0.449675 -0.878655
v 0.243112 -0.235423 0.608578
vn -0.171587 0.412652 -0.894582
v 0.250552 0.083893 0.606166
vn -0.346037 -1.50722e-17 -0.938221
v 0.250552 -0.235423 0.606166
vn -0.314469 0.412652 -0.854884
v -0.273238 0.093419 0.77012
vn 0.456577 0.660018 -0.596585
v -0.273238 0.159792 0.746286
vn 1 -1.22465e-16 7.4988e-33
v -0.273238 0.096682 0.773858
vn 0.456577 0.584253 -0.670959
v -0.273238 0.093419 0.77012
vn 0.411372 0.679785 -0.607178
v 0.273238 0.090562 0.765957
vn -0.411372 0.741049 -0.530678
v -0.273238 0.090562 0.765957
vn 0.411372 0.741049 -0.530678
v 0.273238 0.088154 0.761425
vn -0.411379 0.79902 -0.43856
v -0.273238 0.090562 0.765957
vn 0.411382 0.74731 -0.521816
v 0.273238 0.090562 0.765957
vn -0.411382 0.74731 -0.521816
v 0.250552 0.083893 0.606166
vn -0.346037 -1.50722e-17 -0.938221
v 0.243112 -0.235423 0.608578
vn -0.171587 0.412652 -0.894582
v 0.243112 0.083893 0.608578
vn -0.187532 -3.71799e-17 -0.982258
v 0.235426 -0.235423 0.60939
vn -0.00804759 0.412671 -0.910845
v 0.243112 0.083893 0.608578
vn -0.171825 -3.92791e-17 -0.985127
v 0.243112 -0.235423 0.608578
vn -0.155743 0.41267 -0.897467
v 0.273238 0.159792 0.582822
vn -1 1.22465e-16 -7.4988e-33
v 0.273238 0.088154 0.761425
vn -0.467862 0.777234 -0.420729
v 0.273238 0.090562 0.765957
vn -0.467861 0.721583 -0.510318
v 0.273238 0.235423 0
vn -1 1.22465e-16 -7.4988e-33
v 0.273238 0.166587 0.790677
vn -0.536044 0.659708 -0.526728
v 0.273238 0.170622 0.795739
vn -0.536043 0.573897 -0.619112
v -0.273238 0.175259 0.800056
vn 0.553334 0.468956 -0.688405
v -0.273238 0.235423 0
vn 1 -1.22465e-16 7.4988e-33
v -0.273238 0.180393 0.803514
vn 0.553334 0.36119 -0.750575
v 0.273238 0.235423 0
vn -1 1.22465e-16 -7.4988e-33
v 0.273238 0.170622 0.795739
vn -0.545719 0.569668 -0.614548
v 0.273238 0.175259 0.800056
vn -0.545719 0.471776 -0.692545
v -0.273238 0.175259 0.800056
vn 0.401917 0.508474 -0.761523
v 0.273238 0.180393 0.803514
vn -0.401918 0.404769 -0.821355
v 0.273238 0.175259 0.800056
vn -0.401917 0.508474 -0.761523
v 0.273238 0.180393 0.803514
vn -0.401918 0.404769 -0.821355
v -0.273238 0.175259 0.800056
vn 0.401917 0.508474 -0.761523
v -0.273238 0.180393 0.803514
vn 0.401918 0.404769 -0.821355
v 0.273238 0.175259 0.800056
vn -0.401891 0.52264 -0.751886
v -0.273238 0.170622 0.795739
vn 0.401886 0.616269 -0.677274
v -0.273238 0.175259 0.800056
vn 0.401891 0.52264 -0.751886
v 0.273238 0.166587 0.790677
vn -0.401946 0.710155 -0.578031
v -0.273238 0.170622 0.795739
vn 0.401942 0.628663 -0.665752
v 0.273238 0.170622 0.795739
vn -0.401942 0.628663 -0.665752
v 0.273238 0.159792 0.582822
vn -1 1.22465e-16 -7.4988e-33
v 0.273238 0.153129 0.765957
vn -0.458829 -0.725439 -0.513045
v 0.273238 0.155537 0.761425
vn -0.45883 -0.781387 -0.422977
v -0.273238 0.150266 0.77012
vn 0.448621 -0.663013 -0.599293
v -0.273238 0.159792 0.746286
vn 1 -1.22465e-16 7.4988e-33
v -0.273238 0.153129 0.765957
vn 0.448622 -0.729682 -0.516046
v -0.273238 0.155537 0.761425
vn 0.411379 -0.79902 -0.43856
v 0.273238 0.153129 0.765957
vn -0.411381 -0.74731 -0.521817
v -0.273238 0.153129 0.765957
vn 0.411381 -0.74731 -0.521817
v 0.273238 0.153129 0.765957
vn -0.411381 -0.74731 -0.521817
v -0.273238 0.155537 0.761425
vn 0.411379 -0.79902 -0.43856
v 0.273238 0.155537 0.761425
vn -0.411379 -0.79902 -0.43856
v 0.243112 -0.235423 0.608578
vn -0.160551 0.449013 -0.878983
v 0.227734 -0.235423 0.608578
vn 0.160551 0.449013 -0.878983
v 0.235426 -0.235423 0.60939
vn 5.49884e-17 0.449014 -0.893525
v -0.273238 0.096682 0.773858
vn 0.456031 0.584436 -0.67117
v -0.273238 0.159792 0.746286
vn 1 -1.22465e-16 7.4988e-33
v -0.273238 0.100304 0.777115
vn 0.456032 0.500324 -0.73601
v 0.273238 0.096682 0.773858
vn -0.411356 0.602628 -0.683831
v -0.273238 0.093419 0.77012
vn 0.411356 0.672565 -0.615177
v -0.273238 0.096682 0.773858
vn 0.411356 0.602628 -0.683831
v 0.273238 0.090562 0.765957
vn -0.411372 0.741049 -0.530678
v -0.273238 0.093419 0.77012
vn 0.411372 0.679785 -0.607178
v 0.273238 0.093419 0.77012
vn -0.411372 0.679785 -0.607178
v 0.273238 0.159792 0.582822
vn -1 1.22465e-16 -7.4988e-33
v 0.273238 0.090562 0.765957
vn -0.469337 0.720944 -0.509866
v 0.273238 0.093419 0.77012
vn -0.469337 0.655074 -0.592116
v -0.273238 0.170622 0.795739
vn 0.401886 0.616269 -0.677274
v 0.273238 0.175259 0.800056
vn -0.401891 0.52264 -0.751886
v 0.273238 0.170622 0.795739
vn -0.401886 0.616269 -0.677274
v 0.273238 0.159792 0.582822
vn -1 1.22465e-16 -7.4988e-33
v 0.273238 0.150266 0.77012
vn -0.461095 -0.658287 -0.595021
v 0.273238 0.153129 0.765957
vn -0.461095 -0.72448 -0.512367
v -0.273238 0.147003 0.773858
vn 0.448987 -0.586784 -0.673866
v -0.273238 0.159792 0.746286
vn 1 -1.22465e-16 7.4988e-33
v -0.273238 0.150266 0.77012
vn 0.448987 -0.662877 -0.59917
v -0.273238 0.153129 0.765957
vn 0.411346 -0.741003 -0.530763
v 0.273238 0.150266 0.77012
vn -0.411343 -0.679736 -0.607253
v -0.273238 0.150266 0.77012
vn 0.411343 -0.679736 -0.607253
v 0.273238 0.150266 0.77012
vn -0.411343 -0.679736 -0.607253
v -0.273238 0.153129 0.765957
vn 0.411346 -0.741003 -0.530763
v 0.273238 0.153129 0.765957
vn -0.411346 -0.741003 -0.530763
v -0.273238 0.100304 0.777115
vn 0.455445 0.500493 -0.736258
v -0.273238 0.159792 0.746286
vn 1 -1.22465e-16 7.4988e-33
v -0.273238 0.104236 0.77984
vn 0.455446 0.409226 -0.790635
v 0.273238 0.100304 0.777115
vn -0.411359 0.516852 -0.750765
v -0.273238 0.096682 0.773858
vn 0.41136 0.594472 -0.690932
v -0.273238 0.100304 0.777115
vn 0.411359 0.516852 -0.750765
v -0.273238 0.093419 0.77012
vn 0.411356 0.672565 -0.615177
v 0.273238 0.096682 0.773858
vn -0.411356 0.602628 -0.683831
v 0.273238 0.093419 0.77012
vn -0.411356 0.672565 -0.615177
v -0.273238 0.096682 0.773858
vn 0.41136 0.594472 -0.690932
v 0.273238 0.100304 0.777115
vn -0.411359 0.516852 -0.750765
v 0.273238 0.096682 0.773858
vn -0.41136 0.594472 -0.690932
v 0.273238 0.159792 0.582822
vn -1 1.22465e-16 -7.4988e-33
v 0.273238 0.093419 0.77012
vn -0.470579 0.654583 -0.591673
v 0.273238 0.096682 0.773858
vn -0.470579 0.579442 -0.665435
v 0.273238 0.159792 0.582822
vn -1 1.22465e-16 -7.4988e-33
v 0.273238 0.147003 0.773858
vn -0.463173 -0.582009 -0.668383
v 0.273238 0.150266 0.77012
vn -0.463174 -0.657483 -0.594294
v -0.273238 0.143381 0.777115
vn 0.449419 -0.502212 -0.738787
v -0.273238 0.159792 0.746286
vn 1 -1.22465e-16 7.4988e-33
v -0.273238 0.147003 0.773858
vn 0.449419 -0.586641 -0.673702
v 0.273238 0.150266 0.77012
vn -0.411356 -0.672565 -0.615177
v -0.273238 0.147003 0.773858
vn 0.411356 -0.602628 -0.683831
v -0.273238 0.150266 0.77012
vn 0.411356 -0.672565 -0.615177
v -0.273238 0.104236 0.77984
vn 0.454842 0.409368 -0.790909
v -0.273238 0.159792 0.746286
vn 1 -1.22465e-16 7.4988e-33
v -0.273238 0.108414 0.782009
vn 0.454841 0.312237 -0.834043
v 0.273238 0.104236 0.77984
vn -0.411351 0.423659 -0.807034
v -0.273238 0.100304 0.777115
vn 0.411355 0.507855 -0.756882
v -0.273238 0.104236 0.77984
vn 0.411351 0.423659 -0.807034
v -0.273238 0.100304 0.777115
vn 0.411355 0.507855 -0.756882
v 0.273238 0.104236 0.77984
vn -0.411351 0.423659 -0.807034
v 0.273238 0.100304 0.777115
vn -0.411355 0.507855 -0.756882
v 0.273238 0.159792 0.582822
vn -1 1.22465e-16 -7.4988e-33
v 0.273238 0.096682 0.773858
vn -0.471567 0.579095 -0.665036
v 0.273238 0.100304 0.777115
vn -0.471567 0.495752 -0.729284
v 0.273238 0.159792 0.582822
vn -1 1.22465e-16 -7.4988e-33
v 0.273238 0.143381 0.777115
vn -0.465134 -0.497669 -0.732104
v 0.273238 0.147003 0.773858
vn -0.465134 -0.581335 -0.667608
v -0.273238 0.147003 0.773858
vn 0.411356 -0.602628 -0.683831
v 0.273238 0.150266 0.77012
vn -0.411356 -0.672565 -0.615177
v 0.273238 0.147003 0.773858
vn -0.411356 -0.602628 -0.683831
v -0.273238 0.139455 0.77984
vn 0.449906 -0.410519 -0.793132
v -0.273238 0.159792 0.746286
vn 1 -1.22465e-16 7.4988e-33
v -0.273238 0.143381 0.777115
vn 0.449906 -0.502074 -0.738584
v 0.273238 0.147003 0.773858
vn -0.41136 -0.594471 -0.690932
v -0.273238 0.143381 0.777115
vn 0.411359 -0.516852 -0.750765
v -0.273238 0.147003 0.773858
vn 0.41136 -0.594471 -0.690932
v -0.273238 0.108414 0.782009
vn 0.454201 0.312352 -0.834349
v -0.273238 0.159792 0.746286
vn 1 -1.22465e-16 7.4988e-33
v -0.273238 0.112783 0.783579
vn 0.454202 0.210739 -0.865615
v 0.273238 0.108414 0.782009
vn -0.411358 0.324671 -0.851688
v -0.273238 0.104236 0.77984
vn 0.411356 0.414238 -0.811907
v -0.273238 0.108414 0.782009
vn 0.411358 0.324671 -0.851688
v -0.273238 0.104236 0.77984
vn 0.411356 0.414238 -0.811907
v 0.273238 0.108414 0.782009
vn -0.411358 0.324671 -0.851688
v 0.273238 0.104236 0.77984
vn -0.411356 0.414238 -0.811907
v 0.273238 0.159792 0.582822
vn -1 1.22465e-16 -7.4988e-33
v 0.273238 0.100304 0.777115
vn -0.472308 0.495529 -0.728956
v 0.273238 0.104236 0.77984
vn -0.472309 0.405167 -0.782793
v 0.273238 0.159792 0.582822
vn -1 1.22465e-16 -7.4988e-33
v 0.273238 0.139455 0.77984
vn -0.466906 -0.406488 -0.785345
v 0.273238 0.143381 0.777115
vn -0.466905 -0.497144 -0.731332
v -0.273238 0.143381 0.777115
vn 0.411359 -0.516852 -0.750765
v 0.273238 0.147003 0.773858
vn -0.41136 -0.594471 -0.690932
v 0.273238 0.143381 0.777115
vn -0.411359 -0.516852 -0.750765
v -0.273238 0.135277 0.782009
vn 0.450436 -0.313021 -0.836137
v -0.273238 0.159792 0.746286
vn 1 -1.22465e-16 7.4988e-33
v -0.273238 0.139455 0.77984
vn 0.450437 -0.410395 -0.792894
v 0.273238 0.143381 0.777115
vn -0.411392 -0.507901 -0.756831
v -0.273238 0.139455 0.77984
vn 0.41139 -0.4237 -0.806993
v -0.273238 0.143381 0.777115
vn 0.411392 -0.507901 -0.756831
v -0.273238 0.112783 0.783579
vn 0.453552 0.210818 -0.865937
v -0.273238 0.159792 0.746286
vn 1 -1.22465e-16 7.4988e-33
v -0.273238 0.117283 0.784526
vn 0.453552 0.106164 -0.884884
v 0.273238 0.112783 0.783579
vn -0.411369 0.22085 -0.884308
v -0.273238 0.108414 0.782009
vn 0.411368 0.314521 -0.855484
v -0.273238 0.112783 0.783579
vn 0.411369 0.22085 -0.884308
v -0.273238 0.108414 0.782009
vn 0.411368 0.314521 -0.855484
v 0.273238 0.112783 0.783579
vn -0.411369 0.22085 -0.884308
v 0.273238 0.108414 0.782009
vn -0.411368 0.314521 -0.855484
v 0.273238 0.159792 0.582822
vn -1 1.22465e-16 -7.4988e-33
v 0.273238 0.104236 0.77984
vn -0.472762 0.405055 -0.782577
v 0.273238 0.108414 0.782009
vn -0.472761 0.308948 -0.825256
v 0.273238 0.159792 0.582822
vn -1 1.22465e-16 -7.4988e-33
v 0.273238 0.135277 0.782009
vn -0.468494 -0.309746 -0.827388
v 0.273238 0.139455 0.77984
vn -0.468495 -0.406101 -0.784598
v -0.273238 0.139455 0.77984
vn 0.41139 -0.4237 -0.806993
v 0.273238 0.143381 0.777115
vn -0.411392 -0.507901 -0.756831
v 0.273238 0.139455 0.77984
vn -0.41139 -0.4237 -0.806993
v -0.273238 0.130909 0.783579
vn 0.451014 -0.211122 -0.867187
v -0.273238 0.159792 0.746286
vn 1 -1.22465e-16 7.4988e-33
v -0.273238 0.135277 0.782009
vn 0.451013 -0.312919 -0.835864
v 0.273238 0.139455 0.77984
vn -0.411356 -0.414238 -0.811907
v -0.273238 0.135277 0.782009
vn 0.411358 -0.324671 -0.851688
v -0.273238 0.139455 0.77984
vn 0.411356 -0.414238 -0.811907
v -0.273238 0.117283 0.784526
vn 0.452901 0.106204 -0.885213
v -0.273238 0.159792 0.746286
vn 1 -1.22465e-16 7.4988e-33
v -0.273238 0.121843 0.784847
vn 0.452901 -1.10057e-16 -0.891561
v 0.273238 0.117283 0.784526
vn -0.411358 0.113875 -0.904332
v -0.273238 0.112783 0.783579
vn 0.41136 0.210312 -0.886877
v -0.273238 0.117283 0.784526
vn 0.411358 0.113875 -0.904332
v -0.273238 0.112783 0.783579
vn 0.41136 0.210312 -0.886877
v 0.273238 0.117283 0.784526
vn -0.411358 0.113875 -0.904332
v 0.273238 0.112783 0.783579
vn -0.41136 0.210312 -0.886877
v 0.273238 0.159792 0.582822
vn -1 1.22465e-16 -7.4988e-33
v 0.273238 0.108414 0.782009
vn -0.472948 0.308913 -0.825163
v 0.273238 0.112783 0.783579
vn -0.472948 0.208419 -0.856085
v 0.273238 0.159792 0.582822
vn -1 1.22465e-16 -7.4988e-33
v 0.273238 0.130909 0.783579
vn -0.46986 -0.208809 -0.857689
v 0.273238 0.135277 0.782009
vn -0.469859 -0.309492 -0.826709
v -0.273238 0.135277 0.782009
vn 0.411358 -0.324671 -0.851688
v 0.273238 0.139455 0.77984
vn -0.411356 -0.414238 -0.811907
v 0.273238 0.135277 0.782009
vn -0.411358 -0.324671 -0.851688
v -0.273238 0.126409 0.784526
vn 0.451628 -0.106281 -0.885854
v -0.273238 0.159792 0.746286
vn 1 -1.22465e-16 7.4988e-33
v -0.273238 0.130909 0.783579
vn 0.451628 -0.211049 -0.866886
v 0.273238 0.135277 0.782009
vn -0.411375 -0.314527 -0.855479
v -0.273238 0.130909 0.783579
vn 0.411376 -0.220854 -0.884304
v -0.273238 0.135277 0.782009
vn 0.411375 -0.314527 -0.855479
v -0.273238 0.121843 0.784847
vn 0.452256 -1.09998e-16 -0.891888
v -0.273238 0.159792 0.746286
vn 1 -1.22465e-16 7.4988e-33
v -0.273238 0.126409 0.784526
vn 0.452256 -0.106243 -0.885538
v 0.273238 0.121843 0.784847
vn -0.411393 0.00543495 -0.911442
v -0.273238 0.117283 0.784526
vn 0.411391 0.103271 -0.90559
v -0.273238 0.121843 0.784847
vn 0.411393 0.00543495 -0.911442
v -0.273238 0.117283 0.784526
vn 0.411391 0.103271 -0.90559
v 0.273238 0.121843 0.784847
vn -0.411393 0.00543495 -0.911442
v 0.273238 0.117283 0.784526
vn -0.411391 0.103271 -0.90559
v 0.273238 0.159792 0.582822
vn -1 1.22465e-16 -7.4988e-33
v 0.273238 0.112783 0.783579
vn -0.472872 0.208429 -0.856124
v 0.273238 0.117283 0.784526
vn -0.472873 0.104961 -0.874857
v 0.273238 0.159792 0.582822
vn -1 1.22465e-16 -7.4988e-33
v 0.273238 0.126409 0.784526
vn -0.471013 -0.10508 -0.875845
v 0.273238 0.130909 0.783579
vn -0.471013 -0.208664 -0.857092
v -0.273238 0.130909 0.783579
vn 0.411376 -0.220854 -0.884304
v 0.273238 0.135277 0.782009
vn -0.411375 -0.314527 -0.855479
v 0.273238 0.130909 0.783579
vn -0.411376 -0.220854 -0.884304
v 0.273238 0.130909 0.783579
vn -0.41136 -0.210312 -0.886877
v -0.273238 0.126409 0.784526
vn 0.411358 -0.113875 -0.904332
v -0.273238 0.130909 0.783579
vn 0.41136 -0.210312 -0.886877
v 0.273238 0.126409 0.784526
vn -0.411347 -0.10326 -0.905611
v -0.273238 0.121843 0.784847
vn 0.411348 -0.00543436 -0.911462
v -0.273238 0.126409 0.784526
vn 0.411347 -0.10326 -0.905611
v -0.273238 0.121843 0.784847
vn 0.411348 -0.00543436 -0.911462
v 0.273238 0.126409 0.784526
vn -0.411347 -0.10326 -0.905611
v 0.273238 0.121843 0.784847
vn -0.411348 -0.00543436 -0.911462
v 0.273238 0.159792 0.582822
vn -1 1.22465e-16 -7.4988e-33
v 0.273238 0.117283 0.784526
vn -0.472497 0.104985 -0.875057
v 0.273238 0.121843 0.784847
vn -0.472497 3.89823e-18 -0.881332
v 0.273238 0.159792 0.582822
vn -1 1.22465e-16 -7.4988e-33
v 0.273238 0.121843 0.784847
vn -0.471899 3.80535e-18 -0.881652
v 0.273238 0.126409 0.784526
vn -0.471899 -0.105024 -0.875375
v -0.273238 0.126409 0.784526
vn 0.411358 -0.113875 -0.904332
v 0.273238 0.130909 0.783579
vn -0.41136 -0.210312 -0.886877
v 0.273238 0.126409 0.784526
vn -0.411358 -0.113875 -0.904332
v -0.201821 -0.235423 0.59037
vn 0.720349 -0.412659 0.557504
v -0.197608 -0.235423 0.582822
vn 0.859385 -0.426729 0.281709
v -0.201821 0.083893 0.59037
vn 0.790299 -5.92653e-17 0.612722
v -0.197608 0.083893 0.582822
vn 0.951154 -9.75794e-17 0.308716
v -0.201821 0.083893 0.59037
vn 0.790299 -5.92653e-17 0.612722
v -0.197608 -0.235423 0.582822
vn 0.859385 -0.426729 0.281709
v -0.201821 -0.235423 0.59037
vn 0.696467 -0.462189 0.548921
v -0.269025 -0.235423 0.59037
vn -0.696467 -0.462189 0.548921
v -0.197608 -0.235423 0.582822
vn 0.843217 -0.47574 0.250314
v -0.201821 0.083893 0.59037
vn 0.780416 -5.72872e-17 0.625261
v -0.207128 0.083893 0.596913
vn 0.66734 -3.61227e-17 0.744753
v -0.201821 -0.235423 0.59037
vn 0.71038 -0.412658 0.570152
v -0.201821 0.083893 0.59037
vn -1.22465e-16 -1 6.12323e-17
v -0.197608 0.083893 0.582822
vn -1.22465e-16 -1 6.12323e-17
v 0.197608 0.083893 0.582822
vn -1.22465e-16 -1 6.12323e-17
v -0.197608 -0.235423 0.582822
vn 0.982556 -0.163247 0.0890727
v -0.197608 -0.235423 0.403382
vn 0.965963 -0.258679 1.58395e-17
v -0.197608 0.083893 0.582822
vn 0.995193 -1.1588e-16 0.0979289
v -0.269025 -0.235423 0.59037
vn -0.695781 -0.463861 0.54838
v -0.273238 -0.235423 0.582822
vn -0.842362 -0.477385 0.25006
v -0.197608 -0.235423 0.582822
vn 0.842362 -0.477385 0.25006
v -0.263718 -0.235423 0.596913
vn -0.587115 -0.460407 0.665824
v -0.269025 -0.235423 0.59037
vn -0.697195 -0.460407 0.549495
v -0.201821 -0.235423 0.59037
vn 0.697195 -0.460407 0.549495
v -0.207128 -0.235423 0.596913
vn 0.608453 -0.412658 0.677863
v -0.201821 -0.235423 0.59037
vn 0.71038 -0.412658 0.570152
v -0.207128 0.083893 0.596913
vn 0.66734 -3.61227e-17 0.744753
v -0.207128 0.083893 0.596913
vn -1.22465e-16 -1 6.12323e-17
v -0.201821 0.083893 0.59037
vn -1.22465e-16 -1 6.12323e-17
v 0.201821 0.083893 0.59037
vn -1.22465e-16 -1 6.12323e-17
v -0.197608 0.083893 0.582822
vn -1.22465e-16 -1 6.12323e-17
v -0.168921 0.083893 0.433934
vn -1.22465e-16 -1 6.12323e-17
v 0.197608 0.083893 0.582822
vn -1.22465e-16 -1 6.12323e-17
v 0.201821 0.083893 0.59037
vn -1.22465e-16 -1 6.12323e-17
v -0.201821 0.083893 0.59037
vn -1.22465e-16 -1 6.12323e-17
v 0.197608 0.083893 0.582822
vn -1.22465e-16 -1 6.12323e-17
v -0.197608 0.083893 0.403382
vn 1 -1.22465e-16 7.4988e-33
v -0.197608 0.083893 0.582822
vn 0.995193 -1.1588e-16 0.0979289
v -0.197608 -0.235423 0.403382
vn 0.965963 -0.258679 1.58395e-17
v -0.197608 -0.235423 0.582822
vn 0.665105 -0.720175 0.19744
v -0.273238 -0.235423 0.582822
vn -0.665105 -0.720175 0.19744
v -0.197608 -0.235423 0.403382
vn 0.518854 -0.854863 5.23453e-17
v -0.273238 -0.235423 0.582822
vn -0.859385 -0.426729 0.281709
v -0.269025 -0.235423 0.59037
vn -0.720348 -0.412659 0.557504
v -0.273238 0.083893 0.582822
vn -0.951154 1.35386e-16 0.308716
v -0.269025 -0.235423 0.59037
vn -0.71038 -0.412658 0.570152
v -0.263718 -0.235423 0.596913
vn -0.608453 -0.412657 0.677863
v -0.269025 0.083893 0.59037
vn -0.780416 1.3386e-16 0.625261
v -0.207128 -0.235423 0.596913
vn 0.587743 -0.45857 0.666537
v -0.263718 -0.235423 0.596913
vn -0.587743 -0.45857 0.666537
v -0.201821 -0.235423 0.59037
vn 0.697942 -0.45857 0.550083
v -0.207128 -0.235423 0.596913
vn 0.596406 -0.412682 0.688472
v -0.207128 0.083893 0.596913
vn 0.655404 -3.40163e-17 0.755279
v -0.213349 -0.235423 0.602235
vn 0.476777 -0.412685 0.776128
v 0.207128 0.083893 0.596913
vn -1.22465e-16 -1 6.12323e-17
v -0.207128 0.083893 0.596913
vn -1.22465e-16 -1 6.12323e-17
v 0.201821 0.083893 0.59037
vn -1.22465e-16 -1 6.12323e-17
v -0.168921 0.083893 0.433934
vn -1.22465e-16 -1 6.12323e-17
v 0.165072 0.083893 0.433934
vn -1.22465e-16 -1 6.12323e-17
v 0.197608 0.083893 0.582822
vn -1.22465e-16 -1 6.12323e-17
v -0.168921 0.083893 0.433934
vn -1.22465e-16 -1 6.12323e-17
v -0.197608 0.083893 0.582822
vn -1.22465e-16 -1 6.12323e-17
v -0.172973 0.083893 0.433602
vn -1.22465e-16 -1 6.12323e-17
v 0.201821 0.083893 0.59037
vn -0.790299 1.34302e-16 0.612722
v 0.197608 0.083893 0.582822
vn -0.951154 1.35386e-16 0.308716
v 0.201821 -0.235423 0.59037
vn -0.720348 -0.412659 0.557504
v -0.197608 0.083893 0.403382
vn -1.22465e-16 -1 6.12323e-17
v -0.197417 0.083893 0.405744
vn -1.22465e-16 -1 6.12323e-17
v -0.197608 0.083893 0.582822
vn -1.22465e-16 -1 6.12323e-17
v -0.197608 -0.235423 0.403382
vn -0.716379 -0.694445 0.0674377
v -0.197417 -0.235423 0.405744
vn -0.887129 -0.438086 0.145201
v -0.197608 0.083893 0.403382
vn -0.995599 1.27664e-16 0.0937202
v -0.197608 -0.235423 0.403382
vn 0.703535 -0.710661 4.35154e-17
v -0.273238 -0.235423 0.582822
vn -0.847164 -0.468047 0.251486
v -0.197799 -0.235423 0.401029
vn -1.22465e-16 -1 6.12323e-17
v -0.269025 0.083893 0.59037
vn -0.790299 1.34302e-16 0.612722
v -0.273238 0.083893 0.582822
vn -0.951154 1.35386e-16 0.308716
v -0.269025 -0.235423 0.59037
vn -0.720348 -0.412659 0.557504
v -0.273238 0.083893 0.582822
vn -0.999228 1.24776e-16 0.0392858
v -0.273238 0.235423 0
vn -1 1.22465e-16 -7.4988e-33
v -0.273238 -0.235423 0.582822
vn -0.997281 -0.0646861 0.0352947
v -0.263718 0.083893 0.596913
vn -0.66734 1.27329e-16 0.744753
v -0.269025 0.083893 0.59037
vn -0.780416 1.3386e-16 0.625261
v -0.263718 -0.235423 0.596913
vn -0.608453 -0.412657 0.677863
v -0.257491 -0.235423 0.602235
vn -0.458897 -0.45674 0.762104
v -0.263718 -0.235423 0.596913
vn -0.588367 -0.456739 0.667244
v -0.207128 -0.235423 0.596913
vn 0.588367 -0.456739 0.667244
v -0.213349 0.083893 0.602235
vn 0.522696 -1.181e-17 0.852519
v -0.213349 -0.235423 0.602235
vn 0.476777 -0.412685 0.776128
v -0.207128 0.083893 0.596913
vn 0.655404 -3.40163e-17 0.755279
v -0.213349 -0.235423 0.602235
vn 0.459363 -0.454976 0.762878
v -0.257491 -0.235423 0.602235
vn -0.459363 -0.454976 0.762878
v -0.207128 -0.235423 0.596913
vn 0.588964 -0.454975 0.667921
v -0.213349 0.083893 0.602235
vn -1.22465e-16 -1 6.12323e-17
v -0.207128 0.083893 0.596913
vn -1.22465e-16 -1 6.12323e-17
v 0.207128 0.083893 0.596913
vn -1.22465e-16 -1 6.12323e-17
v 0.207128 0.083893 0.596913
vn -0.667341 1.27329e-16 0.744753
v 0.201821 0.083893 0.59037
vn -0.780416 1.3386e-16 0.625261
v 0.207128 -0.235423 0.596913
vn -0.608453 -0.412658 0.677863
v 0.165072 0.083893 0.433934
vn -1.22465e-16 -1 6.12323e-17
v 0.169298 0.083893 0.433612
vn -1.22465e-16 -1 6.12323e-17
v 0.197608 0.083893 0.582822
vn -1.22465e-16 -1 6.12323e-17
v -0.168921 0.083893 0.433934
vn -0.00676337 6.20592e-17 0.999977
v -0.168921 -0.235423 0.433934
vn -0.0061503 -0.0875214 0.996144
v 0.165072 0.083893 0.433934
vn 0.00625985 6.04645e-17 0.99998
v -0.172973 0.083893 0.433602
vn -1.22465e-16 -1 6.12323e-17
v -0.197608 0.083893 0.582822
vn -1.22465e-16 -1 6.12323e-17
v -0.176942 0.083893 0.432609
vn -1.22465e-16 -1 6.12323e-17
v -0.172973 0.083893 0.433602
vn -0.136811 7.74111e-17 0.990597
v -0.172973 -0.235423 0.433602
vn -0.123273 -0.428477 0.895104
v -0.168921 0.083893 0.433934
vn -0.0368597 6.57047e-17 0.99932
v 0.197608 -0.235423 0.582822
vn -0.859385 -0.426729 0.281709
v 0.201821 -0.235423 0.59037
vn -0.720348 -0.412659 0.557504
v 0.197608 0.083893 0.582822
vn -0.951154 1.35386e-16 0.308716
v 0.201821 -0.235423 0.59037
vn -0.71038 -0.412658 0.570152
v 0.207128 -0.235423 0.596913
vn -0.608453 -0.412658 0.677863
v 0.201821 0.083893 0.59037
vn -0.780416 1.3386e-16 0.625261
v -0.196472 0.083893 0.41035
vn -1.22465e-16 -1 6.12323e-17
v -0.197608 0.083893 0.582822
vn -1.22465e-16 -1 6.12323e-17
v -0.197417 0.083893 0.405744
vn -1.22465e-16 -1 6.12323e-17
v -0.197417 0.083893 0.405744
vn -0.986836 1.30755e-16 0.161724
v -0.197608 0.083893 0.403382
vn -0.995599 1.27664e-16 0.0937202
v -0.197417 -0.235423 0.405744
vn -0.887129 -0.438086 0.145201
v -0.197417 -0.235423 0.405744
vn -0.869399 -0.472652 0.144037
v -0.197608 -0.235423 0.403382
vn -0.68855 -0.722286 0.0648123
v 0.196442 -0.235423 0.406059
vn 0.849636 -0.472529 0.234167
v -0.197799 -0.235423 0.401029
vn -1.22465e-16 -1 6.12323e-17
v -0.273238 -0.235423 0.582822
vn -0.845696 -0.470927 0.25105
v -0.197608 -0.235423 0.396298
vn -1.22465e-16 -1 6.12323e-17
v -0.197799 -0.235423 0.401029
vn -1.22465e-16 -1 6.12323e-17
v -0.197608 -0.235423 0.396298
vn -1.22465e-16 -1 6.12323e-17
v -0.197608 -0.235423 0.403382
vn -1.22465e-16 -1 6.12323e-17
v -0.273238 0.083893 0.582822
vn -0.695585 -0.718444 4.3992e-17
v -0.269025 0.083893 0.59037
vn -1.22465e-16 -1 6.12323e-17
v -0.273238 0.083893 0.746286
vn -0.697366 -0.713438 0.068465
v -0.273238 -0.235423 0
vn -0.997493 -0.0707689 4.33334e-18
v -0.273238 -0.235423 0.582822
vn -0.998645 -0.0456812 0.024925
v -0.273238 0.235423 0
vn -1 1.22465e-16 -7.4988e-33
v -0.273238 0.159792 0.582822
vn -1 1.22465e-16 -7.4988e-33
v -0.273238 0.235423 0
vn -1 1.22465e-16 -7.4988e-33
v -0.273238 0.083893 0.582822
vn -0.993328 1.28709e-16 0.115321
v -0.263718 0.083893 0.596913
vn -1.22465e-16 -1 6.12323e-17
v -0.273238 0.083893 0.746286
vn -0.694624 -0.716133 0.0681958
v -0.269025 0.083893 0.59037
vn -1.22465e-16 -1 6.12323e-17
v -0.263718 0.083893 0.596913
vn -0.65537 1.26509e-16 0.755308
v -0.263718 -0.235423 0.596913
vn -0.596377 -0.412662 0.688508
v -0.257491 0.083893 0.602235
vn -0.522665 1.16211e-16 0.852538
v -0.257491 -0.235423 0.602235
vn -0.476752 -0.412663 0.776155
v -0.257491 0.083893 0.602235
vn -0.522665 1.16211e-16 0.852538
v -0.263718 -0.235423 0.596913
vn -0.596377 -0.412662 0.688508
v -0.213349 -0.235423 0.602235
vn 0.462934 -0.412642 0.784487
v -0.213349 0.083893 0.602235
vn 0.508961 -9.62159e-18 0.86079
v -0.2203 -0.235423 0.606166
vn 0.329513 -0.41264 0.849205
v -0.250546 -0.235423 0.606166
vn -0.315105 -0.453336 0.833784
v -0.257491 -0.235423 0.602235
vn -0.459794 -0.453335 0.763594
v -0.213349 -0.235423 0.602235
vn 0.459794 -0.453335 0.763594
v 0.213355 0.083893 0.602235
vn -1.22465e-16 -1 6.12323e-17
v -0.213349 0.083893 0.602235
vn -1.22465e-16 -1 6.12323e-17
v 0.207128 0.083893 0.596913
vn -1.22465e-16 -1 6.12323e-17
v 0.207128 0.083893 0.596913
vn -0.65537 1.26509e-16 0.755308
v 0.207128 -0.235423 0.596913
vn -0.596377 -0.412662 0.688508
v 0.213355 0.083893 0.602235
vn -0.522665 1.16211e-16 0.852538
v 0.169298 0.083893 0.433612
vn -1.22465e-16 -1 6.12323e-17
v 0.173451 0.083893 0.432655
vn -1.22465e-16 -1 6.12323e-17
v 0.197608 0.083893 0.582822
vn -1.22465e-16 -1 6.12323e-17
v 0.165072 0.083893 0.433934
vn 0.0341913 5.70093e-17 0.999415
v 0.165072 -0.235423 0.433934
vn 0.0310841 -0.426967 0.903733
v 0.169298 0.083893 0.433612
vn 0.126564 4.52404e-17 0.991958
v 0.165072 -0.235423 0.433934
vn 0.00569249 -0.0875139 0.996147
v 0.165072 0.083893 0.433934
vn 0.00625985 6.04645e-17 0.99998
v -0.168921 -0.235423 0.433934
vn -0.0061503 -0.0875214 0.996144
v -0.168921 -0.235423 0.433934
vn -0.0334881 -0.427801 0.903252
v -0.168921 0.083893 0.433934
vn -0.0368597 6.57047e-17 0.99932
v -0.172973 -0.235423 0.433602
vn -0.123273 -0.428477 0.895104
v -0.176942 0.083893 0.432609
vn -1.22465e-16 -1 6.12323e-17
v -0.197608 0.083893 0.582822
vn -1.22465e-16 -1 6.12323e-17
v -0.180754 0.083893 0.430979
vn -1.22465e-16 -1 6.12323e-17
v -0.176942 0.083893 0.432609
vn -0.274358 9.24818e-17 0.961628
v -0.176942 -0.235423 0.432609
vn -0.247564 -0.42849 0.86897
v -0.172973 0.083893 0.433602
vn -0.143587 7.81821e-17 0.989638
v -0.172973 -0.235423 0.433602
vn -0.130081 -0.42849 0.894134
v -0.172973 0.083893 0.433602
vn -0.143587 7.81821e-17 0.989638
v -0.176942 -0.235423 0.432609
vn -0.247564 -0.42849 0.86897
v 0.201821 -0.235423 0.59037
vn -0.695781 -0.463861 0.54838
v 0.197608 -0.235423 0.582822
vn -0.842362 -0.477385 0.25006
v 0.273238 -0.235423 0.582822
vn 0.842362 -0.477385 0.25006
v 0.197608 0.083893 0.582822
vn -0.995436 1.27749e-16 0.0954338
v 0.197608 0.083893 0.396298
vn -1 1.22465e-16 -7.4988e-33
v 0.197608 -0.235423 0.582822
vn -0.983452 -0.159035 0.0867742
v 0.207128 -0.235423 0.596913
vn -0.587115 -0.460407 0.665824
v 0.201821 -0.235423 0.59037
vn -0.697195 -0.460407 0.549495
v 0.269025 -0.235423 0.59037
vn 0.697195 -0.460407 0.549495
v -0.194984 0.083893 0.414757
vn -1.22465e-16 -1 6.12323e-17
v -0.197608 0.083893 0.582822
vn -1.22465e-16 -1 6.12323e-17
v -0.196472 0.083893 0.41035
vn -1.22465e-16 -1 6.12323e-17
v -0.196472 0.083893 0.41035
vn -0.954906 1.35123e-16 0.296907
v -0.197417 0.083893 0.405744
vn -0.985985 1.30964e-16 0.166832
v -0.196472 -0.235423 0.41035
vn -0.862906 -0.428487 0.267941
v -0.197417 -0.235423 0.405744
vn -0.890826 -0.428489 0.151084
v -0.196472 -0.235423 0.41035
vn -0.862906 -0.428487 0.267941
v -0.197417 0.083893 0.405744
vn -0.985985 1.30964e-16 0.166832
v 0.196442 -0.235423 0.406059
vn 0.836441 -0.497215 0.230531
v -0.197608 -0.235423 0.403382
vn -0.672705 -0.737197 0.0633207
v 0.197297 -0.235423 0.401223
vn 0.85929 -0.497214 0.119994
v -0.196472 -0.235423 0.41035
vn -0.828827 -0.495009 0.260791
v -0.197417 -0.235423 0.405744
vn -0.857203 -0.49501 0.142016
v 0.196442 -0.235423 0.406059
vn 0.83772 -0.494891 0.230883
v -0.197608 -0.235423 0.396298
vn -1.22465e-16 -1 6.12323e-17
v -0.273238 -0.235423 0.582822
vn -0.73168 -0.646116 0.217204
v -0.197608 -0.235423 0.283386
vn -1.22465e-16 -1 6.12323e-17
v -0.197608 -0.235423 0.403382
vn -0.658619 -0.749918 0.0619949
v -0.197608 -0.235423 0.396298
vn -1.22465e-16 -1 6.12323e-17
v 0.197608 -0.235423 0.396298
vn 0.659736 -0.749919 0.0486793
v -0.273238 0.083893 0.582822
vn -0.846807 -0.531901 3.25695e-17
v -0.273238 0.083893 0.746286
vn -0.847759 -0.527793 0.0523264
v -0.273238 0.159792 0.582822
vn -1 1.22465e-16 -7.4988e-33
v -0.273238 -0.235423 0.582822
vn -0.396836 -0.910298 0.117803
v -0.273238 -0.235423 0
vn -0.306697 -0.951807 5.82814e-17
v -0.197608 -0.235423 0.283386
vn -1.22465e-16 -1 6.12323e-17
v 0.273238 0.235423 0
vn 0 -6.12323e-17 -1
v -0.273238 -0.235423 0
vn 0 -6.12323e-17 -1
v -0.273238 0.235423 0
vn 0 -6.12323e-17 -1
v -0.273238 0.159792 0.746286
vn -1 1.22465e-16 -7.4988e-33
v -0.273238 0.235423 0
vn -1 1.22465e-16 -7.4988e-33
v -0.273238 0.159792 0.582822
vn -1 1.22465e-16 -7.4988e-33
v -0.257491 0.083893 0.602235
vn -1.22465e-16 -1 6.12323e-17
v -0.273238 0.083893 0.746286
vn -0.692558 -0.71815 0.067993
v -0.263718 0.083893 0.596913
vn -1.22465e-16 -1 6.12323e-17
v -0.257491 0.083893 0.602235
vn -0.508991 1.15041e-16 0.860772
v -0.257491 -0.235423 0.602235
vn -0.462959 -0.412664 0.78446
v -0.250546 0.083893 0.606166
vn -0.360973 1.0131e-16 0.932576
v -0.2203 0.083893 0.606166
vn 0.360949 1.29008e-17 0.932585
v -0.2203 -0.235423 0.606166
vn 0.329513 -0.41264 0.849205
v -0.213349 0.083893 0.602235
vn 0.508961 -9.62159e-18 0.86079
v -0.2203 -0.235423 0.606166
vn 0.315368 -0.451873 0.834478
v -0.250546 -0.235423 0.606166
vn -0.315368 -0.451873 0.834478
v -0.213349 -0.235423 0.602235
vn 0.460177 -0.451873 0.76423
v -0.250546 -0.235423 0.606166
vn -0.329532 -0.412664 0.849186
v -0.250546 0.083893 0.606166
vn -0.360973 1.0131e-16 0.932576
v -0.257491 -0.235423 0.602235
vn -0.462959 -0.412664 0.78446
v -0.2203 0.083893 0.606166
vn -1.22465e-16 -1 6.12323e-17
v -0.213349 0.083893 0.602235
vn -1.22465e-16 -1 6.12323e-17
v 0.213355 0.083893 0.602235
vn -1.22465e-16 -1 6.12323e-17
v 0.213355 -0.235423 0.602235
vn -0.476751 -0.412663 0.776156
v 0.213355 0.083893 0.602235
vn -0.522665 1.16211e-16 0.852538
v 0.207128 -0.235423 0.596913
vn -0.596377 -0.412662 0.688508
v 0.173451 0.083893 0.432655
vn -1.22465e-16 -1 6.12323e-17
v 0.177461 0.083893 0.431076
vn -1.22465e-16 -1 6.12323e-17
v 0.197608 0.083893 0.582822
vn -1.22465e-16 -1 6.12323e-17
v 0.169298 0.083893 0.433612
vn 0.133072 4.43911e-17 0.991106
v 0.169298 -0.235423 0.433612
vn 0.120625 -0.427554 0.895906
v 0.173451 0.083893 0.432655
vn 0.254258 2.80824e-17 0.967137
v 0.169298 -0.235423 0.433612
vn 0.114084 -0.427547 0.896766
v 0.169298 0.083893 0.433612
vn 0.126564 4.52404e-17 0.991958
v 0.165072 -0.235423 0.433934
vn 0.0310841 -0.426967 0.903733
v 0.165072 -0.235423 0.433934
vn 0.0290547 -0.450298 0.892406
v -0.168921 -0.235423 0.433934
vn -0.0313909 -0.450329 0.892311
v 0.169298 -0.235423 0.433612
vn 0.115875 -0.450867 0.885038
v -0.168921 -0.235423 0.433934
vn -0.0313879 -0.450496 0.892227
v -0.172973 -0.235423 0.433602
vn -0.125119 -0.451159 0.883629
v 0.169298 -0.235423 0.433612
vn 0.115864 -0.451034 0.884954
v -0.180754 0.083893 0.430979
vn -1.22465e-16 -1 6.12323e-17
v -0.197608 0.083893 0.582822
vn -1.22465e-16 -1 6.12323e-17
v -0.184328 0.083893 0.42874
vn -1.22465e-16 -1 6.12323e-17
v -0.180754 0.083893 0.430979
vn -0.406438 1.05721e-16 0.913678
v -0.180754 -0.235423 0.430979
vn -0.366919 -0.428487 0.825694
v -0.176942 0.083893 0.432609
vn -0.280887 9.31659e-17 0.959741
v -0.176942 -0.235423 0.432609
vn -0.254125 -0.428487 0.867075
v -0.176942 0.083893 0.432609
vn -0.280887 9.31659e-17 0.959741
v -0.180754 -0.235423 0.430979
vn -0.366919 -0.428487 0.825694
v -0.172973 -0.235423 0.433602
vn -0.124673 -0.457402 0.880477
v -0.176942 -0.235423 0.432609
vn -0.246883 -0.457403 0.854302
v 0.173451 -0.235423 0.432655
vn 0.228948 -0.457277 0.859349
v 0.197608 -0.235423 0.582822
vn -0.658366 -0.726882 0.19544
v 0.197608 -0.235423 0.396298
vn -0.513023 -0.858375 5.25603e-17
v 0.273238 -0.235423 0.582822
vn 0.658366 -0.726882 0.19544
v 0.269025 -0.235423 0.59037
vn 0.696467 -0.462189 0.548921
v 0.201821 -0.235423 0.59037
vn -0.696467 -0.462189 0.548921
v 0.273238 -0.235423 0.582822
vn 0.843217 -0.47574 0.250314
v 0.197608 -0.235423 0.396298
vn -0.967759 -0.251878 1.54231e-17
v 0.197608 -0.235423 0.582822
vn -0.983452 -0.159035 0.0867742
v 0.197608 0.083893 0.396298
vn -1 1.22465e-16 -7.4988e-33
v 0.197608 0.083893 0.396298
vn -1.22465e-16 -1 6.12323e-17
v 0.197608 0.083893 0.582822
vn -1.22465e-16 -1 6.12323e-17
v 0.197297 0.083893 0.401223
vn -1.22465e-16 -1 6.12323e-17
v 0.263724 -0.235423 0.596913
vn 0.587743 -0.458571 0.666536
v 0.207128 -0.235423 0.596913
vn -0.587743 -0.458571 0.666536
v 0.269025 -0.235423 0.59037
vn 0.697941 -0.458571 0.550082
v -0.192982 0.083893 0.418877
vn -1.22465e-16 -1 6.12323e-17
v -0.197608 0.083893 0.582822
vn -1.22465e-16 -1 6.12323e-17
v -0.194984 0.083893 0.414757
vn -1.22465e-16 -1 6.12323e-17
v -0.194984 0.083893 0.414757
vn -0.903856 1.36888e-16 0.427836
v -0.196472 0.083893 0.41035
vn -0.952862 1.3527e-16 0.303403
v -0.194984 -0.235423 0.414757
vn -0.816824 -0.428488 0.386259
v -0.196472 -0.235423 0.41035
vn -0.860851 -0.428488 0.274469
v -0.194984 -0.235423 0.414757
vn -0.816824 -0.428488 0.386259
v -0.196472 0.083893 0.41035
vn -0.952862 1.3527e-16 0.303403
v 0.197297 -0.235423 0.401223
vn 0.858784 -0.498105 0.119923
v -0.197608 -0.235423 0.403382
vn -0.672126 -0.737729 0.0632663
v 0.197608 -0.235423 0.396298
vn 0.673266 -0.73773 0.0496776
v 0.196442 -0.235423 0.406059
vn 0.872371 -0.42756 0.236985
v 0.197297 -0.235423 0.401223
vn 0.894841 -0.427558 0.128272
v 0.196442 0.083893 0.406059
vn 0.964929 -1.02095e-16 0.262512
v 0.195056 -0.235423 0.410725
vn 0.800485 -0.495221 0.337609
v -0.196472 -0.235423 0.41035
vn -0.828647 -0.49534 0.260734
v 0.196442 -0.235423 0.406059
vn 0.837539 -0.495222 0.230833
v -0.197608 -0.235423 0.283386
vn -1.22465e-16 -1 6.12323e-17
v 0.197608 -0.235423 0.283386
vn -1.22465e-16 -1 6.12323e-17
v -0.197608 -0.235423 0.396298
vn -1.22465e-16 -1 6.12323e-17
v 0.197608 -0.235423 0.396298
vn 0.303558 -0.95255 0.0223983
v -0.197608 -0.235423 0.396298
vn -1.22465e-16 -1 6.12323e-17
v 0.197608 -0.235423 0.283386
vn -1.22465e-16 -1 6.12323e-17
v -0.273238 0.159792 0.746286
vn -1 1.22465e-16 -7.4988e-33
v -0.273238 0.159792 0.582822
vn -1 1.22465e-16 -7.4988e-33
v -0.273238 0.083893 0.746286
vn -0.847759 -0.527793 0.0523264
v 0.273238 -0.235423 0
vn 0.118352 -0.992972 6.0802e-17
v -0.197608 -0.235423 0.283386
vn -1.22465e-16 -1 6.12323e-17
v -0.273238 -0.235423 0
vn -0.118352 -0.992972 6.0802e-17
v -0.273238 -0.235423 0
vn 0 -6.12323e-17 -1
v 0.273238 0.235423 0
vn 0 -6.12323e-17 -1
v 0.273238 -0.235423 0
vn 0 -6.12323e-17 -1
v 0.273238 0.235423 0
vn 1.22465e-16 1 -6.12323e-17
v -0.273238 0.235423 0
vn 1.22465e-16 1 -6.12323e-17
v 0.273238 0.235423 0.808089
vn 1.22465e-16 1 -6.12323e-17
v -0.273238 0.159792 0.77544
vn -0.741523 -0.640957 0.198287
v -0.273238 0.235423 0
vn -1 1.22465e-16 -7.4988e-33
v -0.273238 0.159792 0.746286
vn -1 1.22465e-16 -7.4988e-33
v -0.250546 0.083893 0.606166
vn -1.22465e-16 -1 6.12323e-17
v -0.273238 0.083893 0.746286
vn -0.691223 -0.719448 0.0678619
v -0.257491 0.083893 0.602235
vn -1.22465e-16 -1 6.12323e-17
v -0.2203 -0.235423 0.606166
vn 0.314484 -0.412673 0.854869
v -0.2203 0.083893 0.606166
vn 0.346055 1.50695e-17 0.938214
v -0.227735 -0.235423 0.608578
vn 0.171596 -0.412673 0.89457
v -0.243112 -0.235423 0.608578
vn -0.160404 -0.450639 0.878177
v -0.250546 -0.235423 0.606166
vn -0.315588 -0.45064 0.835061
v -0.2203 -0.235423 0.606166
vn 0.315588 -0.45064 0.835061
v -0.250546 0.083893 0.606166
vn -0.346059 9.98289e-17 0.938213
v -0.250546 -0.235423 0.606166
vn -0.314488 -0.412677 0.854866
v -0.243112 0.083893 0.608578
vn -0.187545 8.31135e-17 0.982256
v 0.2203 0.083893 0.606166
vn -1.22465e-16 -1 6.12323e-17
v -0.2203 0.083893 0.606166
vn -1.22465e-16 -1 6.12323e-17
v 0.213355 0.083893 0.602235
vn -1.22465e-16 -1 6.12323e-17
v 0.213355 0.083893 0.602235
vn -0.508991 1.15041e-16 0.860772
v 0.213355 -0.235423 0.602235
vn -0.462959 -0.412664 0.78446
v 0.2203 0.083893 0.606166
vn -0.360973 1.0131e-16 0.932576
v 0.213355 -0.235423 0.602235
vn -0.458896 -0.456741 0.762104
v 0.207128 -0.235423 0.596913
vn -0.588366 -0.45674 0.667243
v 0.263724 -0.235423 0.596913
vn 0.588366 -0.45674 0.667243
v 0.177461 0.083893 0.431076
vn -1.22465e-16 -1 6.12323e-17
v 0.181262 0.083893 0.428902
vn -1.22465e-16 -1 6.12323e-17
v 0.197608 0.083893 0.582822
vn -1.22465e-16 -1 6.12323e-17
v 0.173451 0.083893 0.432655
vn 0.260612 2.72006e-17 0.965444
v 0.173451 -0.235423 0.432655
vn 0.23591 -0.42756 0.872662
v 0.177461 0.083893 0.431076
vn 0.377662 1.04474e-17 0.925943
v 0.173451 -0.235423 0.432655
vn 0.229524 -0.427554 0.874366
v 0.173451 0.083893 0.432655
vn 0.254258 2.80824e-17 0.967137
v 0.169298 -0.235423 0.433612
vn 0.120625 -0.427554 0.895906
v 0.169298 -0.235423 0.433612
vn 0.115486 -0.456752 0.882066
v -0.172973 -0.235423 0.433602
vn -0.124711 -0.456876 0.880745
v 0.173451 -0.235423 0.432655
vn 0.229018 -0.456751 0.85961
v -0.184328 0.083893 0.42874
vn -1.22465e-16 -1 6.12323e-17
v -0.197608 0.083893 0.582822
vn -1.22465e-16 -1 6.12323e-17
v -0.187603 0.083893 0.425937
vn -1.22465e-16 -1 6.12323e-17
v -0.184328 0.083893 0.42874
vn -0.530556 1.16878e-16 0.84765
v -0.184328 -0.235423 0.42874
vn -0.479088 -0.428501 0.766069
v -0.180754 0.083893 0.430979
vn -0.412699 1.06316e-16 0.910868
v -0.180754 -0.235423 0.430979
vn -0.373207 -0.428502 0.822862
v -0.180754 0.083893 0.430979
vn -0.412699 1.06316e-16 0.910868
v -0.184328 -0.235423 0.42874
vn -0.479088 -0.428501 0.766069
v -0.176942 -0.235423 0.432609
vn -0.245986 -0.463627 0.8512
v -0.180754 -0.235423 0.430979
vn -0.362892 -0.463626 0.808307
v 0.177461 -0.235423 0.431076
vn 0.337342 -0.463503 0.819369
v 0.173451 -0.235423 0.432655
vn 0.228224 -0.462709 0.85663
v -0.176942 -0.235423 0.432609
vn -0.246102 -0.462834 0.851598
v 0.177461 -0.235423 0.431076
vn 0.3375 -0.46271 0.819752
v 0.197608 -0.235423 0.396298
vn -0.579182 -0.815198 4.99165e-17
v 0.197608 -0.235423 0.283386
vn -1.22465e-16 -1 6.12323e-17
v 0.273238 -0.235423 0.582822
vn 0.73168 -0.646116 0.217204
v 0.269025 -0.235423 0.59037
vn 0.720348 -0.412659 0.557504
v 0.273238 -0.235423 0.582822
vn 0.859385 -0.426729 0.281709
v 0.269025 0.083893 0.59037
vn 0.790299 -5.92653e-17 0.612722
v 0.197608 0.083893 0.396298
vn 0.997289 -1.17627e-16 0.0735806
v 0.197297 0.083893 0.401223
vn 0.99084 -1.13074e-16 0.13504
v 0.197608 -0.235423 0.396298
vn 0.73028 -0.68102 0.053879
v 0.196442 0.083893 0.406059
vn -1.22465e-16 -1 6.12323e-17
v 0.197297 0.083893 0.401223
vn -1.22465e-16 -1 6.12323e-17
v 0.197608 0.083893 0.582822
vn -1.22465e-16 -1 6.12323e-17
v 0.263724 -0.235423 0.596913
vn 0.608482 -0.412677 0.677826
v 0.269025 -0.235423 0.59037
vn 0.710408 -0.412674 0.570105
v 0.263724 0.083893 0.596913
vn 0.667375 -3.61287e-17 0.744722
v -0.190508 0.083893 0.422628
vn -1.22465e-16 -1 6.12323e-17
v -0.197608 0.083893 0.582822
vn -1.22465e-16 -1 6.12323e-17
v -0.192982 0.083893 0.418877
vn -1.22465e-16 -1 6.12323e-17
v -0.192982 0.083893 0.418877
vn -0.834951 1.3595e-16 0.550325
v -0.194984 0.083893 0.414757
vn -0.900919 1.36905e-16 0.433988
v -0.192982 -0.235423 0.418877
vn -0.754607 -0.428491 0.496955
v -0.194984 -0.235423 0.414757
vn -0.813871 -0.428491 0.39244
v -0.192982 -0.235423 0.418877
vn -0.754607 -0.428491 0.496955
v -0.194984 0.083893 0.414757
vn -0.900919 1.36905e-16 0.433988
v -0.194984 -0.235423 0.414757
vn -0.785211 -0.492799 0.374957
v -0.196472 -0.235423 0.41035
vn -0.830025 -0.492798 0.261168
v 0.195056 -0.235423 0.410725
vn 0.801816 -0.492679 0.33817
v 0.197297 -0.235423 0.401223
vn 0.895752 -0.427558 0.121745
v 0.197608 -0.235423 0.396298
vn 0.73028 -0.68102 0.053879
v 0.197297 0.083893 0.401223
vn 0.99084 -1.13074e-16 0.13504
v 0.197297 0.083893 0.401223
vn 0.989933 -1.12565e-16 0.141534
v 0.196442 0.083893 0.406059
vn 0.964929 -1.02095e-16 0.262512
v 0.197297 -0.235423 0.401223
vn 0.894841 -0.427558 0.128272
v 0.196442 0.083893 0.406059
vn 0.963182 -1.01493e-16 0.26885
v 0.195056 0.083893 0.410725
vn 0.922684 -8.93877e-17 0.385557
v 0.196442 -0.235423 0.406059
vn 0.870616 -0.427559 0.243355
v 0.195056 -0.235423 0.410725
vn 0.834223 -0.427559 0.348231
v 0.196442 -0.235423 0.406059
vn 0.870616 -0.427559 0.243355
v 0.195056 0.083893 0.410725
vn 0.922684 -8.93877e-17 0.385557
v -0.197608 -0.235423 0.283386
vn -1.22465e-16 -1 6.12323e-17
v 0.273238 -0.235423 0
vn 0.155695 -0.987805 6.04856e-17
v 0.197608 -0.235423 0.283386
vn -1.22465e-16 -1 6.12323e-17
v -0.273238 0.083893 0.746286
vn -0.715405 -0.695302 0.0689335
v -0.273238 0.084795 0.751515
vn -0.458461 -0.859449 0.226186
v -0.273238 0.159792 0.746286
vn -1 1.22465e-16 -7.4988e-33
v 0.273238 0.235423 0
vn 1 -1.22465e-16 7.4988e-33
v 0.273238 0.083893 0.582822
vn 0.999612 -1.20713e-16 0.0278395
v 0.273238 -0.235423 0
vn 0.997493 -0.0707689 4.33334e-18
v -0.273238 0.235423 0.808089
vn 1.22465e-16 1 -6.12323e-17
v 0.273238 0.235423 0.808089
vn 1.22465e-16 1 -6.12323e-17
v -0.273238 0.235423 0
vn 1.22465e-16 1 -6.12323e-17
v 0.273238 0.235423 0.808089
vn 0.926282 -9.03626e-17 0.376831
v 0.273238 0.197611 0.808089
vn 0.855646 -0.0193395 0.5172
v 0.273238 0.235423 0
vn 1 -1.22465e-16 7.4988e-33
v -0.273238 0.160665 0.778732
vn -0.472658 -0.820079 0.32259
v -0.273238 0.235423 0
vn -1 1.22465e-16 -7.4988e-33
v -0.273238 0.159792 0.77544
vn -0.722222 -0.660765 0.204415
v -0.273238 0.159792 0.746286
vn -1.22465e-16 -1 6.12323e-17
v 0.273238 0.159792 0.746286
vn -1.22465e-16 -1 6.12323e-17
v -0.273238 0.159792 0.77544
vn -1.22465e-16 -1 6.12323e-17
v -0.243112 0.083893 0.608578
vn -1.22465e-16 -1 6.12323e-17
v -0.273238 0.083893 0.746286
vn -0.690666 -0.719988 0.0678072
v -0.250546 0.083893 0.606166
vn -1.22465e-16 -1 6.12323e-17
v -0.227735 0.083893 0.608578
vn 0.187543 3.71785e-17 0.982256
v -0.227735 -0.235423 0.608578
vn 0.171596 -0.412673 0.89457
v -0.2203 0.083893 0.606166
vn 0.346055 1.50695e-17 0.938214
v -0.227735 -0.235423 0.608578
vn 0.160492 -0.449675 0.878655
v -0.243112 -0.235423 0.608578
vn -0.160492 -0.449675 0.878655
v -0.2203 -0.235423 0.606166
vn 0.31576 -0.449676 0.835516
v -0.243112 -0.235423 0.608578
vn -0.171598 -0.412677 0.894568
v -0.243112 0.083893 0.608578
vn -0.187545 8.31135e-17 0.982256
v -0.250546 -0.235423 0.606166
vn -0.314488 -0.412677 0.854866
v -0.227735 0.083893 0.608578
vn -1.22465e-16 -1 6.12323e-17
v -0.2203 0.083893 0.606166
vn -1.22465e-16 -1 6.12323e-17
v 0.2203 0.083893 0.606166
vn -1.22465e-16 -1 6.12323e-17
v 0.2203 -0.235423 0.606166
vn -0.329532 -0.412664 0.849186
v 0.2203 0.083893 0.606166
vn -0.360973 1.0131e-16 0.932576
v 0.213355 -0.235423 0.602235
vn -0.462959 -0.412664 0.78446
v 0.257497 -0.235423 0.602235
vn 0.459363 -0.454976 0.762878
v 0.213355 -0.235423 0.602235
vn -0.459363 -0.454976 0.762878
v 0.263724 -0.235423 0.596913
vn 0.588964 -0.454975 0.667921
v 0.181262 0.083893 0.428902
vn -1.22465e-16 -1 6.12323e-17
v 0.184788 0.083893 0.426172
vn -1.22465e-16 -1 6.12323e-17
v 0.197608 0.083893 0.582822
vn -1.22465e-16 -1 6.12323e-17
v 0.177461 0.083893 0.431076
vn 0.383746 9.54892e-18 0.923439
v 0.177461 -0.235423 0.431076
vn 0.34721 -0.427557 0.83465
v 0.181262 0.083893 0.428902
vn 0.494677 -7.36478e-18 0.869077
v 0.177461 -0.235423 0.431076
vn 0.341094 -0.427561 0.837166
v 0.177461 0.083893 0.431076
vn 0.377662 1.04474e-17 0.925943
v 0.173451 -0.235423 0.432655
vn 0.23591 -0.42756 0.872662
v -0.187603 0.083893 0.425937
vn -1.22465e-16 -1 6.12323e-17
v -0.197608 0.083893 0.582822
vn -1.22465e-16 -1 6.12323e-17
v -0.190508 0.083893 0.422628
vn -1.22465e-16 -1 6.12323e-17
v -0.187603 0.083893 0.425937
vn -0.64413 1.25721e-16 0.764916
v -0.187603 -0.235423 0.425937
vn -0.581739 -0.42848 0.691364
v -0.184328 0.083893 0.42874
vn -0.536304 1.1736e-16 0.844025
v -0.184328 -0.235423 0.42874
vn -0.48487 -0.428479 0.762435
v -0.184328 0.083893 0.42874
vn -0.536304 1.1736e-16 0.844025
v -0.187603 -0.235423 0.425937
vn -0.581739 -0.42848 0.691364
v -0.180754 -0.235423 0.430979
vn -0.361569 -0.469748 0.80536
v -0.184328 -0.235423 0.42874
vn -0.470908 -0.469749 0.746714
v 0.181262 -0.235423 0.428902
vn 0.439251 -0.469625 0.765839
v 0.177461 -0.235423 0.431076
vn 0.336317 -0.468613 0.81688
v -0.180754 -0.235423 0.430979
vn -0.36179 -0.468735 0.805851
v 0.181262 -0.235423 0.428902
vn 0.439519 -0.468612 0.766306
v 0.273238 -0.235423 0.582822
vn 0.396837 -0.910298 0.117803
v 0.197608 -0.235423 0.283386
vn -1.22465e-16 -1 6.12323e-17
v 0.273238 -0.235423 0
vn 0.306697 -0.951807 5.82814e-17
v 0.273238 0.083893 0.582822
vn 0.951154 -9.75794e-17 0.308716
v 0.269025 0.083893 0.59037
vn 0.790299 -5.92653e-17 0.612722
v 0.273238 -0.235423 0.582822
vn 0.859385 -0.426729 0.281709
v 0.269025 0.083893 0.59037
vn 0.780449 -5.72938e-17 0.625219
v 0.263724 0.083893 0.596913
vn 0.667375 -3.61287e-17 0.744722
v 0.269025 -0.235423 0.59037
vn 0.710408 -0.412674 0.570105
v 0.195056 0.083893 0.410725
vn -1.22465e-16 -1 6.12323e-17
v 0.196442 0.083893 0.406059
vn -1.22465e-16 -1 6.12323e-17
v 0.197608 0.083893 0.582822
vn -1.22465e-16 -1 6.12323e-17
v 0.263724 -0.235423 0.596913
vn 0.596377 -0.412662 0.688508
v 0.263724 0.083893 0.596913
vn 0.65537 -3.40104e-17 0.755308
v 0.257497 -0.235423 0.602235
vn 0.476752 -0.412663 0.776155
v -0.190508 0.083893 0.422628
vn -0.749568 1.32327e-16 0.661928
v -0.192982 0.083893 0.418877
vn -0.831192 1.35836e-16 0.555986
v -0.190508 -0.235423 0.422628
vn -0.677494 -0.428503 0.597818
v -0.192982 -0.235423 0.418877
vn -0.750826 -0.428501 0.502641
v -0.190508 -0.235423 0.422628
vn -0.677494 -0.428503 0.597818
v -0.192982 0.083893 0.418877
vn -0.831192 1.35836e-16 0.555986
v -0.192982 -0.235423 0.418877
vn -0.72637 -0.489642 0.482324
v -0.194984 -0.235423 0.414757
vn -0.786817 -0.489643 0.375724
v 0.193161 -0.235423 0.415141
vn 0.752667 -0.489523 0.440296
v 0.193161 -0.235423 0.415141
vn 0.751252 -0.49243 0.439469
v -0.194984 -0.235423 0.414757
vn -0.785338 -0.49255 0.375018
v 0.195056 -0.235423 0.410725
vn 0.801946 -0.49243 0.338225
v 0.195056 0.083893 0.410725
vn 0.920123 -8.87021e-17 0.39163
v 0.193161 0.083893 0.415141
vn 0.864814 -7.51649e-17 0.502092
v 0.195056 -0.235423 0.410725
vn 0.83165 -0.427556 0.354336
v -0.273238 0.086218 0.756585
vn -0.458215 -0.826504 0.327001
v -0.273238 0.159792 0.746286
vn -1 1.22465e-16 -7.4988e-33
v -0.273238 0.084795 0.751515
vn -0.458215 -0.859572 0.226219
v -0.273238 0.083893 0.746286
vn -0.661639 -0.745206 0.0830718
v 0.273238 0.083893 0.746286
vn 0.412505 -0.905579 0.0988275
v -0.273238 0.084795 0.751515
vn -0.411363 -0.882792 0.226845
v 0.273238 -0.235423 0.582822
vn 0.997281 -0.0646861 0.0352947
v 0.273238 -0.235423 0
vn 0.994918 -0.100692 6.16563e-18
v 0.273238 0.083893 0.582822
vn 0.999228 -1.19965e-16 0.0392858
v 0.273238 0.159792 0.582822
vn 1 -1.22465e-16 7.4988e-33
v 0.273238 0.083893 0.582822
vn 0.993328 -1.14586e-16 0.115321
v 0.273238 0.235423 0
vn 1 -1.22465e-16 7.4988e-33
v -0.273238 0.235423 0.808089
vn -0.421652 1.0716e-16 0.906758
v -0.273238 0.197611 0.808089
vn -0.253495 -0.0189312 0.967151
v 0.273238 0.235423 0.808089
vn 0.421652 3.88542e-18 0.906758
v -0.273238 0.235423 0.808089
vn -0.926282 1.36511e-16 0.376831
v -0.273238 0.235423 0
vn -1 1.22465e-16 -7.4988e-33
v -0.273238 0.197611 0.808089
vn -0.855646 -0.0193395 0.5172
v 0.273238 0.197611 0.808089
vn 0.563155 -0.0308779 0.825774
v 0.273238 0.191694 0.807572
vn 0.563791 -0.123017 0.816704
v 0.273238 0.235423 0
vn 1 -1.22465e-16 7.4988e-33
v 0.273238 0.197611 0.808089
vn 0.253495 -0.0189312 0.967151
v 0.273238 0.235423 0.808089
vn 0.421652 3.88542e-18 0.906758
v -0.273238 0.197611 0.808089
vn -0.253495 -0.0189312 0.967151
v -0.273238 0.163247 0.784959
vn -0.511251 -0.743998 0.430221
v -0.273238 0.235423 0
vn -1 1.22465e-16 -7.4988e-33
v -0.273238 0.160665 0.778732
vn -0.511251 -0.799779 0.314604
v -0.273238 0.159792 0.77544
vn -0.676082 -0.703911 0.217768
v 0.273238 0.159792 0.77544
vn 0.676082 -0.703911 0.217768
v -0.273238 0.160665 0.778732
vn -0.424035 -0.844416 0.327346
v 0.273238 0.159792 0.77544
vn -1.22465e-16 -1 6.12323e-17
v -0.273238 0.159792 0.77544
vn -1.22465e-16 -1 6.12323e-17
v 0.273238 0.159792 0.746286
vn -1.22465e-16 -1 6.12323e-17
v 0.273238 0.159792 0.746286
vn 0.659741 0.73687 0.147529
v -0.273238 0.159792 0.746286
vn 1.20081e-16 0.980539 0.196326
v 0.273238 0.158896 0.751515
vn 0.411374 0.882816 0.226732
v -0.23542 0.083893 0.60939
vn -1.22465e-16 -1 6.12323e-17
v -0.273238 0.083893 0.746286
vn -0.690873 -0.719787 0.0678276
v -0.243112 0.083893 0.608578
vn -1.22465e-16 -1 6.12323e-17
v -0.227735 -0.235423 0.608578
vn 0.155744 -0.412675 0.897465
v -0.227735 0.083893 0.608578
vn 0.171827 3.92789e-17 0.985127
v -0.23542 -0.235423 0.60939
vn 0.00804768 -0.412675 0.910843
v -0.23542 -0.235423 0.60939
vn -5.49884e-17 -0.449014 0.893525
v -0.243112 -0.235423 0.608578
vn -0.160551 -0.449013 0.878983
v -0.227735 -0.235423 0.608578
vn 0.160551 -0.449013 0.878983
v -0.243112 0.083893 0.608578
vn -0.171814 8.13629e-17 0.985129
v -0.243112 -0.235423 0.608578
vn -0.155733 -0.412645 0.897481
v -0.23542 0.083893 0.60939
vn -0.00797801 6.22074e-17 0.999968
v 0.227734 0.083893 0.608578
vn -1.22465e-16 -1 6.12323e-17
v -0.227735 0.083893 0.608578
vn -1.22465e-16 -1 6.12323e-17
v 0.2203 0.083893 0.606166
vn -1.22465e-16 -1 6.12323e-17
v 0.2203 0.083893 0.606166
vn -0.346059 9.98289e-17 0.938213
v 0.2203 -0.235423 0.606166
vn -0.314488 -0.412677 0.854866
v 0.227734 0.083893 0.608578
vn -0.187545 8.31135e-17 0.982256
v 0.2203 -0.235423 0.606166
vn -0.315105 -0.453336 0.833784
v 0.213355 -0.235423 0.602235
vn -0.459794 -0.453335 0.763594
v 0.257497 -0.235423 0.602235
vn 0.459794 -0.453335 0.763594
v 0.184788 0.083893 0.426172
vn -1.22465e-16 -1 6.12323e-17
v 0.187986 0.083893 0.422931
vn -1.22465e-16 -1 6.12323e-17
v 0.197608 0.083893 0.582822
vn -1.22465e-16 -1 6.12323e-17
v 0.181262 0.083893 0.428902
vn 0.500378 -8.26324e-18 0.865807
v 0.181262 -0.235423 0.428902
vn 0.452625 -0.427561 0.78251
v 0.184788 0.083893 0.426172
vn 0.603314 -2.50516e-17 0.797504
v 0.181262 -0.235423 0.428902
vn 0.446895 -0.427556 0.7858
v 0.181262 0.083893 0.428902
vn 0.494677 -7.36478e-18 0.869077
v 0.177461 -0.235423 0.431076
vn 0.34721 -0.427557 0.83465
v -0.190508 0.083893 0.422628
vn -0.745005 1.32082e-16 0.667058
v -0.190508 -0.235423 0.422628
vn -0.672915 -0.428488 0.602979
v -0.187603 0.083893 0.425937
vn -0.649333 1.26088e-16 0.760504
v -0.187603 -0.235423 0.425937
vn -0.586966 -0.428488 0.686928
v -0.187603 0.083893 0.425937
vn -0.649333 1.26088e-16 0.760504
v -0.190508 -0.235423 0.422628
vn -0.672915 -0.428488 0.602979
v -0.184328 -0.235423 0.42874
vn -0.469246 -0.475558 0.744078
v -0.187603 -0.235423 0.425937
vn -0.56893 -0.475559 0.670941
v 0.184788 -0.235423 0.426172
vn 0.533065 -0.475436 0.699859
v 0.181262 -0.235423 0.428902
vn 0.438007 -0.4743 0.763669
v -0.184328 -0.235423 0.42874
vn -0.469573 -0.474422 0.744597
v 0.184788 -0.235423 0.426172
vn 0.533437 -0.4743 0.700346
v 0.273238 0.083893 0.582822
vn 0.695585 -0.718444 4.3992e-17
v 0.273238 0.083893 0.746286
vn 0.439852 -0.893908 0.0863667
v 0.269025 0.083893 0.59037
vn -1.22465e-16 -1 6.12323e-17
v 0.263724 0.083893 0.596913
vn -1.22465e-16 -1 6.12323e-17
v 0.269025 0.083893 0.59037
vn -1.22465e-16 -1 6.12323e-17
v 0.273238 0.083893 0.746286
vn 0.437712 -0.894998 0.0859463
v 0.193161 0.083893 0.415141
vn -1.22465e-16 -1 6.12323e-17
v 0.195056 0.083893 0.410725
vn -1.22465e-16 -1 6.12323e-17
v 0.197608 0.083893 0.582822
vn -1.22465e-16 -1 6.12323e-17
v 0.257497 0.083893 0.602235
vn 0.522665 -1.18051e-17 0.852538
v 0.257497 -0.235423 0.602235
vn 0.476752 -0.412663 0.776155
v 0.263724 0.083893 0.596913
vn 0.65537 -3.40104e-17 0.755308
v -0.190508 -0.235423 0.422628
vn -0.653248 -0.485634 0.580885
v -0.192982 -0.235423 0.418877
vn -0.728236 -0.485633 0.483563
v 0.190789 -0.235423 0.419232
vn 0.690908 -0.485512 0.535652
v 0.190789 -0.235423 0.419232
vn 0.689445 -0.488831 0.534518
v -0.192982 -0.235423 0.418877
vn -0.726693 -0.488951 0.482539
v 0.193161 -0.235423 0.415141
vn 0.753001 -0.488831 0.440492
v 0.193161 -0.235423 0.415141
vn 0.78195 -0.427557 0.453597
v 0.195056 -0.235423 0.410725
vn 0.83165 -0.427556 0.354336
v 0.193161 0.083893 0.415141
vn 0.864814 -7.51649e-17 0.502092
v -0.273238 0.088154 0.761425
vn -0.457908 -0.781805 0.423203
v -0.273238 0.159792 0.746286
vn -1 1.22465e-16 -7.4988e-33
v -0.273238 0.086218 0.756585
vn -0.457907 -0.826652 0.32706
v -0.273238 0.084795 0.751515
vn -0.411362 -0.880083 0.23714
v 0.273238 0.084795 0.751515
vn 0.411362 -0.880083 0.23714
v -0.273238 0.086218 0.756585
vn -0.411364 -0.849533 0.330262
v 0.273238 0.084795 0.751515
vn 0.411363 -0.882792 0.226845
v -0.273238 0.084795 0.751515
vn -0.411363 -0.882792 0.226845
v 0.273238 0.083893 0.746286
vn 0.412505 -0.905579 0.0988275
v -0.273238 0.083893 0.746286
vn -0.214544 -0.976487 0.0210632
v 0.235426 0.083893 0.60939
vn -1.22465e-16 -1 6.12323e-17
v 0.273238 0.083893 0.746286
vn 0.130361 -0.991136 0.0255969
v 0.273238 0.159792 0.582822
vn 1 -1.22465e-16 7.4988e-33
v 0.273238 0.084795 0.751515
vn 0.701412 -0.689285 0.181403
v 0.273238 0.083893 0.582822
vn 0.849621 -0.527394 3.22936e-17
v 0.273238 0.160665 0.778732
vn 0.733727 -0.632285 0.248718
v 0.273238 0.159792 0.582822
vn 1 -1.22465e-16 7.4988e-33
v 0.273238 0.235423 0
vn 1 -1.22465e-16 7.4988e-33
v -0.273238 0.197611 0.808089
vn -0.563155 -0.0308779 0.825774
v -0.273238 0.235423 0
vn -1 1.22465e-16 -7.4988e-33
v -0.273238 0.191694 0.807572
vn -0.563791 -0.123017 0.816704
v 0.273238 0.191694 0.807572
vn 0.562365 -0.123162 0.817665
v 0.273238 0.185915 0.806038
vn 0.562364 -0.243577 0.790201
v 0.273238 0.235423 0
vn 1 -1.22465e-16 7.4988e-33
v 0.273238 0.191694 0.807572
vn 0.40188 -0.127928 0.906712
v 0.273238 0.197611 0.808089
vn 0.401113 -0.0384991 0.915219
v -0.273238 0.191694 0.807572
vn -0.40188 -0.127928 0.906712
v -0.273238 0.197611 0.808089
vn -0.401113 -0.0384991 0.915219
v -0.273238 0.191694 0.807572
vn -0.40188 -0.127928 0.906712
v 0.273238 0.197611 0.808089
vn 0.401113 -0.0384991 0.915219
v -0.273238 0.166587 0.790677
vn -0.524443 -0.665378 0.531255
v -0.273238 0.235423 0
vn -1 1.22465e-16 -7.4988e-33
v -0.273238 0.163247 0.784959
vn -0.524443 -0.737084 0.426223
v -0.273238 0.160665 0.778732
vn -0.401917 -0.84891 0.343242
v 0.273238 0.160665 0.778732
vn 0.401917 -0.84891 0.343242
v -0.273238 0.163247 0.784959
vn -0.401911 -0.796871 0.45107
v 0.273238 0.160665 0.778732
vn 0.424035 -0.844416 0.327346
v -0.273238 0.160665 0.778732
vn -0.424035 -0.844416 0.327346
v 0.273238 0.159792 0.77544
vn 0.676082 -0.703911 0.217768
v 0.273238 0.159792 0.77544
vn 0.707536 -0.67511 0.208852
v 0.273238 0.159792 0.746286
vn 1 -1.22465e-16 7.4988e-33
v 0.273238 0.160665 0.778732
vn 0.448903 -0.831558 0.327105
v -0.273238 0.158896 0.751515
vn -0.411374 0.882816 0.226732
v 0.273238 0.158896 0.751515
vn 0.411374 0.882816 0.226732
v -0.273238 0.159792 0.746286
vn 1.20081e-16 0.980539 0.196326
v 0.273238 0.159792 0.746286
vn 0.709564 0.690924 0.138359
v 0.273238 0.158896 0.751515
vn 0.451788 0.862748 0.227054
v 0.273238 0.159792 0.582822
vn 1 -1.22465e-16 7.4988e-33
v -0.273238 0.158896 0.751515
vn -0.447929 0.864628 0.227549
v -0.273238 0.159792 0.746286
vn -1 1.22465e-16 -7.4988e-33
v -0.273238 0.157474 0.756585
vn -0.447929 0.831365 0.328925
v 0.235426 0.083893 0.60939
vn -1.22465e-16 -1 6.12323e-17
v -0.273238 0.083893 0.746286
vn -0.23917 -0.970694 0.0234809
v -0.23542 0.083893 0.60939
vn -1.22465e-16 -1 6.12323e-17
v -0.23542 0.083893 0.60939
vn 0.00797865 6.02533e-17 0.999968
v -0.23542 -0.235423 0.60939
vn 0.00804768 -0.412675 0.910843
v -0.227735 0.083893 0.608578
vn 0.171827 3.92789e-17 0.985127
v -0.23542 -0.235423 0.60939
vn -0.00804708 -0.412645 0.910856
v -0.23542 0.083893 0.60939
vn -0.00797801 6.22074e-17 0.999968
v -0.243112 -0.235423 0.608578
vn -0.155733 -0.412645 0.897481
v -0.23542 0.083893 0.60939
vn -1.22465e-16 -1 6.12323e-17
v -0.227735 0.083893 0.608578
vn -1.22465e-16 -1 6.12323e-17
v 0.227734 0.083893 0.608578
vn -1.22465e-16 -1 6.12323e-17
v 0.227734 -0.235423 0.608578
vn -0.171598 -0.412677 0.894568
v 0.227734 0.083893 0.608578
vn -0.187545 8.31135e-17 0.982256
v 0.2203 -0.235423 0.606166
vn -0.314488 -0.412677 0.854866
v 0.250552 -0.235423 0.606166
vn 0.315368 -0.451874 0.834478
v 0.2203 -0.235423 0.606166
vn -0.315368 -0.451874 0.834478
v 0.257497 -0.235423 0.602235
vn 0.460177 -0.451874 0.76423
v 0.187986 0.083893 0.422931
vn -1.22465e-16 -1 6.12323e-17
v 0.190789 0.083893 0.419232
vn -1.22465e-16 -1 6.12323e-17
v 0.197608 0.083893 0.582822
vn -1.22465e-16 -1 6.12323e-17
v 0.184788 0.083893 0.426172
vn 0.60851 -2.59303e-17 0.793546
v 0.184788 -0.235423 0.426172
vn 0.550351 -0.427541 0.717163
v 0.187986 0.083893 0.422931
vn 0.701707 -4.23083e-17 0.712466
v 0.184788 -0.235423 0.426172
vn 0.545122 -0.427561 0.721133
v 0.184788 0.083893 0.426172
vn 0.603314 -2.50516e-17 0.797504
v 0.181262 -0.235423 0.428902
vn 0.452625 -0.427561 0.78251
v -0.187603 -0.235423 0.425937
vn -0.567051 -0.480894 0.668726
v -0.190508 -0.235423 0.422628
vn -0.655203 -0.480893 0.582623
v 0.187986 -0.235423 0.422931
vn 0.617365 -0.480772 0.622671
v 0.184788 -0.235423 0.426172
vn 0.531675 -0.479657 0.698034
v -0.187603 -0.235423 0.425937
vn -0.567446 -0.479779 0.669191
v 0.187986 -0.235423 0.422931
vn 0.617795 -0.479657 0.623104
v 0.273238 0.083893 0.746286
vn 0.452924 -0.8872 0.0879587
v 0.273238 0.083893 0.582822
vn 0.709581 -0.704624 4.31458e-17
v 0.273238 0.084795 0.751515
vn 0.451815 -0.862735 0.227051
v 0.257497 0.083893 0.602235
vn -1.22465e-16 -1 6.12323e-17
v 0.263724 0.083893 0.596913
vn -1.22465e-16 -1 6.12323e-17
v 0.273238 0.083893 0.746286
vn 0.436084 -0.895823 0.0856267
v 0.190789 0.083893 0.419232
vn -1.22465e-16 -1 6.12323e-17
v 0.193161 0.083893 0.415141
vn -1.22465e-16 -1 6.12323e-17
v 0.197608 0.083893 0.582822
vn -1.22465e-16 -1 6.12323e-17
v 0.257497 -0.235423 0.602235
vn 0.462959 -0.412664 0.78446
v 0.257497 0.083893 0.602235
vn 0.508991 -9.62636e-18 0.860772
v 0.250552 -0.235423 0.606166
vn 0.329532 -0.412664 0.849186
v 0.187986 -0.235423 0.422931
vn 0.615897 -0.484555 0.62119
v -0.190508 -0.235423 0.422628
vn -0.653645 -0.484676 0.581238
v 0.190789 -0.235423 0.419232
vn 0.691328 -0.484555 0.535978
v 0.190789 -0.235423 0.419232
vn 0.716434 -0.427555 0.551289
v 0.193161 -0.235423 0.415141
vn 0.778602 -0.427556 0.45932
v 0.190789 0.083893 0.419232
vn 0.7923 -5.96689e-17 0.610132
v 0.193161 0.083893 0.415141
vn 0.861483 -7.44083e-17 0.507786
v 0.190789 0.083893 0.419232
vn 0.7923 -5.96689e-17 0.610132
v 0.193161 -0.235423 0.415141
vn 0.778602 -0.427556 0.45932
v -0.273238 0.090562 0.765957
vn -0.457512 -0.725993 0.513437
v -0.273238 0.159792 0.746286
vn -1 1.22465e-16 -7.4988e-33
v -0.273238 0.088154 0.761425
vn -0.457513 -0.781984 0.4233
v -0.273238 0.086218 0.756585
vn -0.411323 -0.845556 0.340366
v 0.273238 0.086218 0.756585
vn 0.411323 -0.845556 0.340366
v -0.273238 0.088154 0.761425
vn -0.411323 -0.804129 0.429174
v 0.273238 0.086218 0.756585
vn 0.411364 -0.849533 0.330262
v -0.273238 0.086218 0.756585
vn -0.411364 -0.849533 0.330262
v 0.273238 0.084795 0.751515
vn 0.411362 -0.880083 0.23714
v 0.235426 0.083893 0.60939
vn -1.22465e-16 -1 6.12323e-17
v 0.243112 0.083893 0.608578
vn -1.22465e-16 -1 6.12323e-17
v 0.273238 0.083893 0.746286
vn 0.43478 -0.896481 0.0853707
v 0.273238 0.086218 0.756585
vn 0.464347 -0.82354 0.325829
v 0.273238 0.084795 0.751515
vn 0.464347 -0.856489 0.225407
v 0.273238 0.159792 0.582822
vn 1 -1.22465e-16 7.4988e-33
v 0.273238 0.159792 0.582822
vn 1 -1.22465e-16 7.4988e-33
v 0.273238 0.160665 0.778732
vn 0.452052 -0.830079 0.326524
v 0.273238 0.159792 0.746286
vn 1 -1.22465e-16 7.4988e-33
v 0.273238 0.163247 0.784959
vn 0.511251 -0.743998 0.430221
v 0.273238 0.160665 0.778732
vn 0.511251 -0.799779 0.314604
v 0.273238 0.235423 0
vn 1 -1.22465e-16 7.4988e-33
v -0.273238 0.191694 0.807572
vn -0.562365 -0.123162 0.817665
v -0.273238 0.235423 0
vn -1 1.22465e-16 -7.4988e-33
v -0.273238 0.185915 0.806038
vn -0.562364 -0.243577 0.790201
v 0.273238 0.185915 0.806038
vn 0.558974 -0.244253 0.792394
v 0.273238 0.180393 0.803514
vn 0.558975 -0.359553 0.747174
v 0.273238 0.235423 0
vn 1 -1.22465e-16 7.4988e-33
v 0.273238 0.185915 0.806038
vn 0.401929 -0.2615 0.877537
v 0.273238 0.191694 0.807572
vn 0.401927 -0.144766 0.904156
v -0.273238 0.185915 0.806038
vn -0.401929 -0.2615 0.877537
v -0.273238 0.191694 0.807572
vn -0.401927 -0.144766 0.904156
v -0.273238 0.185915 0.806038
vn -0.401929 -0.2615 0.877537
v 0.273238 0.191694 0.807572
vn 0.401927 -0.144766 0.904156
v -0.273238 0.170622 0.795739
vn -0.536043 -0.573897 0.619112
v -0.273238 0.235423 0
vn -1 1.22465e-16 -7.4988e-33
v -0.273238 0.166587 0.790677
vn -0.536044 -0.659708 0.526728
v -0.273238 0.163247 0.784959
vn -0.401896 -0.788432 0.465676
v 0.273238 0.163247 0.784959
vn 0.401896 -0.788432 0.465676
v -0.273238 0.166587 0.790677
vn -0.401901 -0.720937 0.564558
v 0.273238 0.163247 0.784959
vn 0.401911 -0.796871 0.45107
v -0.273238 0.163247 0.784959
vn -0.401911 -0.796871 0.45107
v 0.273238 0.160665 0.778732
vn 0.401917 -0.84891 0.343242
v 0.273238 0.158896 0.751515
vn 0.411364 0.880087 0.237121
v -0.273238 0.158896 0.751515
vn -0.411364 0.880087 0.237121
v 0.273238 0.157474 0.756585
vn 0.411367 0.849539 0.330244
v 0.273238 0.158896 0.751515
vn 0.454165 0.86158 0.226747
v 0.273238 0.157474 0.756585
vn 0.454165 0.828435 0.327765
v 0.273238 0.159792 0.582822
vn 1 -1.22465e-16 7.4988e-33
v -0.273238 0.157474 0.756585
vn -0.448086 0.831292 0.328896
v -0.273238 0.159792 0.746286
vn -1 1.22465e-16 -7.4988e-33
v -0.273238 0.155537 0.761425
vn -0.448087 0.786194 0.425579
v -0.273238 0.157474 0.756585
vn -0.411367 0.849539 0.330244
v 0.273238 0.157474 0.756585
vn 0.411367 0.849539 0.330244
v -0.273238 0.158896 0.751515
vn -0.411364 0.880087 0.237121
v 0.235426 0.083893 0.60939
vn -1.22465e-16 -1 6.12323e-17
v -0.23542 0.083893 0.60939
vn -1.22465e-16 -1 6.12323e-17
v 0.227734 0.083893 0.608578
vn -1.22465e-16 -1 6.12323e-17
v 0.227734 0.083893 0.608578
vn -0.171814 8.13629e-17 0.985129
v 0.227734 -0.235423 0.608578
vn -0.155733 -0.412645 0.897481
v 0.235426 0.083893 0.60939
vn -0.00797801 6.22074e-17 0.999968
v 0.227734 -0.235423 0.608578
vn -0.160404 -0.45064 0.878177
v 0.2203 -0.235423 0.606166
vn -0.315588 -0.450641 0.835061
v 0.250552 -0.235423 0.606166
vn 0.315588 -0.450641 0.835061
v 0.190789 0.083893 0.419232
vn 0.788302 -5.88637e-17 0.615288
v 0.187986 0.083893 0.422931
vn 0.706424 -4.31724e-17 0.707789
v 0.190789 -0.235423 0.419232
vn 0.712414 -0.427562 0.556469
v 0.187986 -0.235423 0.422931
vn 0.6341 -0.427543 0.644302
v 0.187986 0.083893 0.422931
vn 0.701707 -4.23083e-17 0.712466
v 0.184788 -0.235423 0.426172
vn 0.550351 -0.427541 0.717163
v 0.250552 0.083893 0.606166
vn -1.22465e-16 -1 6.12323e-17
v 0.257497 0.083893 0.602235
vn -1.22465e-16 -1 6.12323e-17
v 0.273238 0.083893 0.746286
vn 0.435042 -0.896349 0.0854222
v 0.250552 0.083893 0.606166
vn 0.360972 1.28975e-17 0.932576
v 0.250552 -0.235423 0.606166
vn 0.329532 -0.412664 0.849186
v 0.257497 0.083893 0.602235
vn 0.508991 -9.62636e-18 0.860772
v 0.187986 -0.235423 0.422931
vn 0.638834 -0.427563 0.639594
v 0.190789 -0.235423 0.419232
vn 0.712414 -0.427562 0.556469
v 0.187986 0.083893 0.422931
vn 0.706424 -4.31724e-17 0.707789
v -0.273238 0.093419 0.77012
vn -0.457069 -0.65983 0.596416
v -0.273238 0.159792 0.746286
vn -1 1.22465e-16 -7.4988e-33
v -0.273238 0.090562 0.765957
vn -0.457069 -0.726179 0.513568
v -0.273238 0.088154 0.761425
vn -0.411379 -0.79902 0.43856
v 0.273238 0.088154 0.761425
vn 0.411379 -0.79902 0.43856
v -0.273238 0.090562 0.765957
vn -0.411382 -0.74731 0.521816
v 0.273238 0.088154 0.761425
vn 0.411323 -0.804129 0.429174
v -0.273238 0.088154 0.761425
vn -0.411323 -0.804129 0.429174
v 0.273238 0.086218 0.756585
vn 0.411323 -0.845556 0.340366
v 0.243112 0.083893 0.608578
vn -1.22465e-16 -1 6.12323e-17
v 0.250552 0.083893 0.606166
vn -1.22465e-16 -1 6.12323e-17
v 0.273238 0.083893 0.746286
vn 0.434598 -0.896573 0.0853349
v 0.235426 0.083893 0.60939
vn 0.00797856 6.02533e-17 0.999968
v 0.235426 -0.235423 0.60939
vn 0.00804759 -0.412671 0.910845
v 0.243112 0.083893 0.608578
vn 0.171825 3.92791e-17 0.985127
v 0.273238 0.088154 0.761425
vn 0.466238 -0.777988 0.421137
v 0.273238 0.086218 0.756585
vn 0.466237 -0.822616 0.325463
v 0.273238 0.159792 0.582822
vn 1 -1.22465e-16 7.4988e-33
v 0.273238 0.166587 0.790677
vn 0.524443 -0.665378 0.531255
v 0.273238 0.163247 0.784959
vn 0.524443 -0.737084 0.426223
v 0.273238 0.235423 0
vn 1 -1.22465e-16 7.4988e-33
v -0.273238 0.185915 0.806038
vn -0.558974 -0.244253 0.792394
v -0.273238 0.235423 0
vn -1 1.22465e-16 -7.4988e-33
v -0.273238 0.180393 0.803514
vn -0.558975 -0.359553 0.747174
v 0.273238 0.180393 0.803514
vn 0.553334 -0.36119 0.750575
v 0.273238 0.175259 0.800056
vn 0.553334 -0.468956 0.688405
v 0.273238 0.235423 0
vn 1 -1.22465e-16 7.4988e-33
v 0.273238 0.180393 0.803514
vn 0.401902 -0.3893 0.828806
v 0.273238 0.185915 0.806038
vn 0.401899 -0.27784 0.872515
v -0.273238 0.180393 0.803514
vn -0.401902 -0.3893 0.828806
v -0.273238 0.185915 0.806038
vn -0.401899 -0.27784 0.872515
v -0.273238 0.180393 0.803514
vn -0.401902 -0.3893 0.828806
v 0.273238 0.185915 0.806038
vn 0.401899 -0.27784 0.872515
v -0.273238 0.175259 0.800056
vn -0.545719 -0.471776 0.692545
v -0.273238 0.235423 0
vn -1 1.22465e-16 -7.4988e-33
v -0.273238 0.170622 0.795739
vn -0.545719 -0.569668 0.614548
v -0.273238 0.166587 0.790677
vn -0.401946 -0.710155 0.578031
v 0.273238 0.166587 0.790677
vn 0.401946 -0.710155 0.578031
v -0.273238 0.170622 0.795739
vn -0.401942 -0.628663 0.665752
v 0.273238 0.166587 0.790677
vn 0.401901 -0.720937 0.564558
v -0.273238 0.166587 0.790677
vn -0.401901 -0.720937 0.564558
v 0.273238 0.163247 0.784959
vn 0.401896 -0.788432 0.465676
v 0.273238 0.157474 0.756585
vn 0.456562 0.827295 0.327314
v 0.273238 0.155537 0.761425
vn 0.456563 0.782413 0.423532
v 0.273238 0.159792 0.582822
vn 1 -1.22465e-16 7.4988e-33
v -0.273238 0.155537 0.761425
vn -0.448315 0.786093 0.425525
v -0.273238 0.159792 0.746286
vn -1 1.22465e-16 -7.4988e-33
v -0.273238 0.153129 0.765957
vn -0.448314 0.729808 0.516135
v -0.273238 0.155537 0.761425
vn -0.41132 0.804122 0.42919
v 0.273238 0.155537 0.761425
vn 0.41132 0.804122 0.42919
v -0.273238 0.157474 0.756585
vn -0.41132 0.84555 0.340383
v 0.273238 0.157474 0.756585
vn 0.41132 0.84555 0.340383
v -0.273238 0.157474 0.756585
vn -0.41132 0.84555 0.340383
v 0.273238 0.155537 0.761425
vn 0.41132 0.804122 0.42919
v 0.235426 -0.235423 0.60939
vn -0.00804709 -0.412645 0.910856
v 0.235426 0.083893 0.60939
vn -0.00797801 6.22074e-17 0.999968
v 0.227734 -0.235423 0.608578
vn -0.155733 -0.412645 0.897481
v 0.243112 -0.235423 0.608578
vn 0.160492 -0.449675 0.878655
v 0.227734 -0.235423 0.608578
vn -0.160492 -0.449675 0.878655
v 0.250552 -0.235423 0.606166
vn 0.31576 -0.449676 0.835516
v 0.250552 -0.235423 0.606166
vn 0.314469 -0.412652 0.854884
v 0.250552 0.083893 0.606166
vn 0.346037 1.50722e-17 0.938221
v 0.243112 -0.235423 0.608578
vn 0.171587 -0.412652 0.894582
v -0.273238 0.096682 0.773858
vn -0.456577 -0.584253 0.670959
v -0.273238 0.159792 0.746286
vn -1 1.22465e-16 -7.4988e-33
v -0.273238 0.093419 0.77012
vn -0.456577 -0.660018 0.596585
v -0.273238 0.090562 0.765957
vn -0.411372 -0.741049 0.530678
v 0.273238 0.090562 0.765957
vn 0.411372 -0.741049 0.530678
v -0.273238 0.093419 0.77012
vn -0.411372 -0.679785 0.607178
v 0.273238 0.090562 0.765957
vn 0.411382 -0.74731 0.521816
v -0.273238 0.090562 0.765957
vn -0.411382 -0.74731 0.521816
v 0.273238 0.088154 0.761425
vn 0.411379 -0.79902 0.43856
v 0.243112 0.083893 0.608578
vn 0.187532 3.71799e-17 0.982258
v 0.243112 -0.235423 0.608578
vn 0.171587 -0.412652 0.894582
v 0.250552 0.083893 0.606166
vn 0.346037 1.50722e-17 0.938221
v 0.243112 -0.235423 0.608578
vn 0.155743 -0.41267 0.897467
v 0.243112 0.083893 0.608578
vn 0.171825 3.92791e-17 0.985127
v 0.235426 -0.235423 0.60939
vn 0.00804759 -0.412671 0.910845
v 0.273238 0.090562 0.765957
vn 0.467861 -0.721583 0.510318
v 0.273238 0.088154 0.761425
vn 0.467862 -0.777234 0.420729
v 0.273238 0.159792 0.582822
vn 1 -1.22465e-16 7.4988e-33
v 0.273238 0.170622 0.795739
vn 0.536043 -0.573897 0.619112
v 0.273238 0.166587 0.790677
vn 0.536044 -0.659708 0.526728
v 0.273238 0.235423 0
vn 1 -1.22465e-16 7.4988e-33
v -0.273238 0.180393 0.803514
vn -0.553334 -0.36119 0.750575
v -0.273238 0.235423 0
vn -1 1.22465e-16 -7.4988e-33
v -0.273238 0.175259 0.800056
vn -0.553334 -0.468956 0.688405
v 0.273238 0.175259 0.800056
vn 0.545719 -0.471776 0.692545
v 0.273238 0.170622 0.795739
vn 0.545719 -0.569668 0.614548
v 0.273238 0.235423 0
vn 1 -1.22465e-16 7.4988e-33
v 0.273238 0.175259 0.800056
vn 0.401917 -0.508474 0.761523
v 0.273238 0.180393 0.803514
vn 0.401918 -0.404769 0.821355
v -0.273238 0.175259 0.800056
vn -0.401917 -0.508474 0.761523
v -0.273238 0.180393 0.803514
vn -0.401918 -0.404769 0.821355
v -0.273238 0.175259 0.800056
vn -0.401917 -0.508474 0.761523
v 0.273238 0.180393 0.803514
vn 0.401918 -0.404769 0.821355
v -0.273238 0.175259 0.800056
vn -0.401891 -0.52264 0.751886
v -0.273238 0.170622 0.795739
vn -0.401886 -0.616269 0.677274
v 0.273238 0.175259 0.800056
vn 0.401891 -0.52264 0.751886
v 0.273238 0.170622 0.795739
vn 0.401942 -0.628663 0.665752
v -0.273238 0.170622 0.795739
vn -0.401942 -0.628663 0.665752
v 0.273238 0.166587 0.790677
vn 0.401946 -0.710155 0.578031
v 0.273238 0.155537 0.761425
vn 0.45883 0.781387 0.422977
v 0.273238 0.153129 0.765957
vn 0.458829 0.725439 0.513045
v 0.273238 0.159792 0.582822
vn 1 -1.22465e-16 7.4988e-33
v -0.273238 0.153129 0.765957
vn -0.448622 0.729682 0.516046
v -0.273238 0.159792 0.746286
vn -1 1.22465e-16 -7.4988e-33
v -0.273238 0.150266 0.77012
vn -0.448621 0.663013 0.599293
v -0.273238 0.153129 0.765957
vn -0.411381 0.74731 0.521817
v 0.273238 0.153129 0.765957
vn 0.411381 0.74731 0.521817
v -0.273238 0.155537 0.761425
vn -0.411379 0.79902 0.43856
v 0.273238 0.155537 0.761425
vn 0.411379 0.79902 0.43856
v -0.273238 0.155537 0.761425
vn -0.411379 0.79902 0.43856
v 0.273238 0.153129 0.765957
vn 0.411381 0.74731 0.521817
v 0.235426 -0.235423 0.60939
vn -5.49884e-17 -0.449014 0.893525
v 0.227734 -0.235423 0.608578
vn -0.160551 -0.449013 0.878983
v 0.243112 -0.235423 0.608578
vn 0.160551 -0.449013 0.878983
v -0.273238 0.100304 0.777115
vn -0.456032 -0.500324 0.73601
v -0.273238 0.159792 0.746286
vn -1 1.22465e-16 -7.4988e-33
v -0.273238 0.096682 0.773858
vn -0.456031 -0.584436 0.67117
v -0.273238 0.096682 0.773858
vn -0.411356 -0.602628 0.683831
v -0.273238 0.093419 0.77012
vn -0.411356 -0.672565 0.615177
v 0.273238 0.096682 0.773858
vn 0.411356 -0.602628 0.683831
v 0.273238 0.093419 0.77012
vn 0.411372 -0.679785 0.607178
v -0.273238 0.093419 0.77012
vn -0.411372 -0.679785 0.607178
v 0.273238 0.090562 0.765957
vn 0.411372 -0.741049 0.530678
v 0.273238 0.093419 0.77012
vn 0.469337 -0.655074 0.592116
v 0.273238 0.090562 0.765957
vn 0.469337 -0.720944 0.509866
v 0.273238 0.159792 0.582822
vn 1 -1.22465e-16 7.4988e-33
v 0.273238 0.170622 0.795739
vn 0.401886 -0.616269 0.677274
v 0.273238 0.175259 0.800056
vn 0.401891 -0.52264 0.751886
v -0.273238 0.170622 0.795739
vn -0.401886 -0.616269 0.677274
v 0.273238 0.153129 0.765957
vn 0.461095 0.72448 0.512367
v 0.273238 0.150266 0.77012
vn 0.461095 0.658287 0.595021
v 0.273238 0.159792 0.582822
vn 1 -1.22465e-16 7.4988e-33
v -0.273238 0.150266 0.77012
vn -0.448987 0.662877 0.59917
v -0.273238 0.159792 0.746286
vn -1 1.22465e-16 -7.4988e-33
v -0.273238 0.147003 0.773858
vn -0.448987 0.586784 0.673866
v -0.273238 0.150266 0.77012
vn -0.411343 0.679736 0.607253
v 0.273238 0.150266 0.77012
vn 0.411343 0.679736 0.607253
v -0.273238 0.153129 0.765957
vn -0.411346 0.741003 0.530763
v 0.273238 0.153129 0.765957
vn 0.411346 0.741003 0.530763
v -0.273238 0.153129 0.765957
vn -0.411346 0.741003 0.530763
v 0.273238 0.150266 0.77012
vn 0.411343 0.679736 0.607253
v -0.273238 0.104236 0.77984
vn -0.455446 -0.409226 0.790635
v -0.273238 0.159792 0.746286
vn -1 1.22465e-16 -7.4988e-33
v -0.273238 0.100304 0.777115
vn -0.455445 -0.500493 0.736258
v -0.273238 0.100304 0.777115
vn -0.411359 -0.516852 0.750765
v -0.273238 0.096682 0.773858
vn -0.41136 -0.594472 0.690932
v 0.273238 0.100304 0.777115
vn 0.411359 -0.516852 0.750765
v 0.273238 0.093419 0.77012
vn 0.411356 -0.672565 0.615177
v 0.273238 0.096682 0.773858
vn 0.411356 -0.602628 0.683831
v -0.273238 0.093419 0.77012
vn -0.411356 -0.672565 0.615177
v 0.273238 0.096682 0.773858
vn 0.41136 -0.594472 0.690932
v 0.273238 0.100304 0.777115
vn 0.411359 -0.516852 0.750765
v -0.273238 0.096682 0.773858
vn -0.41136 -0.594472 0.690932
v 0.273238 0.096682 0.773858
vn 0.470579 -0.579442 0.665435
v 0.273238 0.093419 0.77012
vn 0.470579 -0.654583 0.591673
v 0.273238 0.159792 0.582822
vn 1 -1.22465e-16 7.4988e-33
v 0.273238 0.150266 0.77012
vn 0.463174 0.657483 0.594294
v 0.273238 0.147003 0.773858
vn 0.463173 0.582009 0.668383
v 0.273238 0.159792 0.582822
vn 1 -1.22465e-16 7.4988e-33
v -0.273238 0.147003 0.773858
vn -0.449419 0.586641 0.673702
v -0.273238 0.159792 0.746286
vn -1 1.22465e-16 -7.4988e-33
v -0.273238 0.143381 0.777115
vn -0.449419 0.502212 0.738787
v -0.273238 0.150266 0.77012
vn -0.411356 0.672565 0.615177
v -0.273238 0.147003 0.773858
vn -0.411356 0.602628 0.683831
v 0.273238 0.150266 0.77012
vn 0.411356 0.672565 0.615177
v -0.273238 0.108414 0.782009
vn -0.454841 -0.312237 0.834043
v -0.273238 0.159792 0.746286
vn -1 1.22465e-16 -7.4988e-33
v -0.273238 0.104236 0.77984
vn -0.454842 -0.409368 0.790909
v -0.273238 0.104236 0.77984
vn -0.411351 -0.423659 0.807034
v -0.273238 0.100304 0.777115
vn -0.411355 -0.507855 0.756882
v 0.273238 0.104236 0.77984
vn 0.411351 -0.423659 0.807034
v 0.273238 0.100304 0.777115
vn 0.411355 -0.507855 0.756882
v 0.273238 0.104236 0.77984
vn 0.411351 -0.423659 0.807034
v -0.273238 0.100304 0.777115
vn -0.411355 -0.507855 0.756882
v 0.273238 0.100304 0.777115
vn 0.471567 -0.495752 0.729284
v 0.273238 0.096682 0.773858
vn 0.471567 -0.579095 0.665036
v 0.273238 0.159792 0.582822
vn 1 -1.22465e-16 7.4988e-33
v 0.273238 0.147003 0.773858
vn 0.465134 0.581335 0.667608
v 0.273238 0.143381 0.777115
vn 0.465134 0.497669 0.732104
v 0.273238 0.159792 0.582822
vn 1 -1.22465e-16 7.4988e-33
v 0.273238 0.147003 0.773858
vn 0.411356 0.602628 0.683831
v 0.273238 0.150266 0.77012
vn 0.411356 0.672565 0.615177
v -0.273238 0.147003 0.773858
vn -0.411356 0.602628 0.683831
v -0.273238 0.143381 0.777115
vn -0.449906 0.502074 0.738584
v -0.273238 0.159792 0.746286
vn -1 1.22465e-16 -7.4988e-33
v -0.273238 0.139455 0.77984
vn -0.449906 0.410519 0.793132
v -0.273238 0.147003 0.773858
vn -0.41136 0.594471 0.690932
v -0.273238 0.143381 0.777115
vn -0.411359 0.516852 0.750765
v 0.273238 0.147003 0.773858
vn 0.41136 0.594471 0.690932
v -0.273238 0.112783 0.783579
vn -0.454202 -0.210739 0.865615
v -0.273238 0.159792 0.746286
vn -1 1.22465e-16 -7.4988e-33
v -0.273238 0.108414 0.782009
vn -0.454201 -0.312352 0.834349
v -0.273238 0.108414 0.782009
vn -0.411358 -0.324671 0.851688
v -0.273238 0.104236 0.77984
vn -0.411356 -0.414238 0.811907
v 0.273238 0.108414 0.782009
vn 0.411358 -0.324671 0.851688
v 0.273238 0.104236 0.77984
vn 0.411356 -0.414238 0.811907
v 0.273238 0.108414 0.782009
vn 0.411358 -0.324671 0.851688
v -0.273238 0.104236 0.77984
vn -0.411356 -0.414238 0.811907
v 0.273238 0.104236 0.77984
vn 0.472309 -0.405167 0.782793
v 0.273238 0.100304 0.777115
vn 0.472308 -0.495529 0.728956
v 0.273238 0.159792 0.582822
vn 1 -1.22465e-16 7.4988e-33
v 0.273238 0.143381 0.777115
vn 0.466905 0.497144 0.731332
v 0.273238 0.139455 0.77984
vn 0.466906 0.406488 0.785345
v 0.273238 0.159792 0.582822
vn 1 -1.22465e-16 7.4988e-33
v 0.273238 0.143381 0.777115
vn 0.411359 0.516852 0.750765
v 0.273238 0.147003 0.773858
vn 0.41136 0.594471 0.690932
v -0.273238 0.143381 0.777115
vn -0.411359 0.516852 0.750765
v -0.273238 0.139455 0.77984
vn -0.450437 0.410395 0.792894
v -0.273238 0.159792 0.746286
vn -1 1.22465e-16 -7.4988e-33
v -0.273238 0.135277 0.782009
vn -0.450436 0.313021 0.836137
v -0.273238 0.143381 0.777115
vn -0.411392 0.507901 0.756831
v -0.273238 0.139455 0.77984
vn -0.41139 0.4237 0.806993
v 0.273238 0.143381 0.777115
vn 0.411392 0.507901 0.756831
v -0.273238 0.117283 0.784526
vn -0.453552 -0.106164 0.884884
v -0.273238 0.159792 0.746286
vn -1 1.22465e-16 -7.4988e-33
v -0.273238 0.112783 0.783579
vn -0.453552 -0.210818 0.865937
v -0.273238 0.112783 0.783579
vn -0.411369 -0.22085 0.884308
v -0.273238 0.108414 0.782009
vn -0.411368 -0.314521 0.855484
v 0.273238 0.112783 0.783579
vn 0.411369 -0.22085 0.884308
v 0.273238 0.108414 0.782009
vn 0.411368 -0.314521 0.855484
v 0.273238 0.112783 0.783579
vn 0.411369 -0.22085 0.884308
v -0.273238 0.108414 0.782009
vn -0.411368 -0.314521 0.855484
v 0.273238 0.108414 0.782009
vn 0.472761 -0.308948 0.825256
v 0.273238 0.104236 0.77984
vn 0.472762 -0.405055 0.782577
v 0.273238 0.159792 0.582822
vn 1 -1.22465e-16 7.4988e-33
v 0.273238 0.139455 0.77984
vn 0.468495 0.406101 0.784598
v 0.273238 0.135277 0.782009
vn 0.468494 0.309746 0.827388
v 0.273238 0.159792 0.582822
vn 1 -1.22465e-16 7.4988e-33
v 0.273238 0.139455 0.77984
vn 0.41139 0.4237 0.806993
v 0.273238 0.143381 0.777115
vn 0.411392 0.507901 0.756831
v -0.273238 0.139455 0.77984
vn -0.41139 0.4237 0.806993
v -0.273238 0.135277 0.782009
vn -0.451013 0.312919 0.835864
v -0.273238 0.159792 0.746286
vn -1 1.22465e-16 -7.4988e-33
v -0.273238 0.130909 0.783579
vn -0.451014 0.211122 0.867187
v -0.273238 0.139455 0.77984
vn -0.411356 0.414238 0.811907
v -0.273238 0.135277 0.782009
vn -0.411358 0.324671 0.851688
v 0.273238 0.139455 0.77984
vn 0.411356 0.414238 0.811907
v -0.273238 0.121843 0.784847
vn -0.452901 1.10057e-16 0.891561
v -0.273238 0.159792 0.746286
vn -1 1.22465e-16 -7.4988e-33
v -0.273238 0.117283 0.784526
vn -0.452901 -0.106204 0.885213
v -0.273238 0.117283 0.784526
vn -0.411358 -0.113875 0.904332
v -0.273238 0.112783 0.783579
vn -0.41136 -0.210312 0.886877
v 0.273238 0.117283 0.784526
vn 0.411358 -0.113875 0.904332
v 0.273238 0.112783 0.783579
vn 0.41136 -0.210312 0.886877
v 0.273238 0.117283 0.784526
vn 0.411358 -0.113875 0.904332
v -0.273238 0.112783 0.783579
vn -0.41136 -0.210312 0.886877
v 0.273238 0.112783 0.783579
vn 0.472948 -0.208419 0.856085
v 0.273238 0.108414 0.782009
vn 0.472948 -0.308913 0.825163
v 0.273238 0.159792 0.582822
vn 1 -1.22465e-16 7.4988e-33
v 0.273238 0.135277 0.782009
vn 0.469859 0.309492 0.826709
v 0.273238 0.130909 0.783579
vn 0.46986 0.208809 0.857689
v 0.273238 0.159792 0.582822
vn 1 -1.22465e-16 7.4988e-33
v 0.273238 0.135277 0.782009
vn 0.411358 0.324671 0.851688
v 0.273238 0.139455 0.77984
vn 0.411356 0.414238 0.811907
v -0.273238 0.135277 0.782009
vn -0.411358 0.324671 0.851688
v -0.273238 0.130909 0.783579
vn -0.451628 0.211049 0.866886
v -0.273238 0.159792 0.746286
vn -1 1.22465e-16 -7.4988e-33
v -0.273238 0.126409 0.784526
vn -0.451628 0.106281 0.885854
v -0.273238 0.135277 0.782009
vn -0.411375 0.314527 0.855479
v -0.273238 0.130909 0.783579
vn -0.411376 0.220854 0.884304
v 0.273238 0.135277 0.782009
vn 0.411375 0.314527 0.855479
v -0.273238 0.126409 0.784526
vn -0.452256 0.106243 0.885538
v -0.273238 0.159792 0.746286
vn -1 1.22465e-16 -7.4988e-33
v -0.273238 0.121843 0.784847
vn -0.452256 1.09998e-16 0.891888
v -0.273238 0.121843 0.784847
vn -0.411393 -0.00543495 0.911442
v -0.273238 0.117283 0.784526
vn -0.411391 -0.103271 0.90559
v 0.273238 0.121843 0.784847
vn 0.411393 -0.00543495 0.911442
v 0.273238 0.117283 0.784526
vn 0.411391 -0.103271 0.90559
v 0.273238 0.121843 0.784847
vn 0.411393 -0.00543495 0.911442
v -0.273238 0.117283 0.784526
vn -0.411391 -0.103271 0.90559
v 0.273238 0.117283 0.784526
vn 0.472873 -0.104961 0.874857
v 0.273238 0.112783 0.783579
vn 0.472872 -0.208429 0.856124
v 0.273238 0.159792 0.582822
vn 1 -1.22465e-16 7.4988e-33
v 0.273238 0.130909 0.783579
vn 0.471013 0.208664 0.857092
v 0.273238 0.126409 0.784526
vn 0.471013 0.10508 0.875845
v 0.273238 0.159792 0.582822
vn 1 -1.22465e-16 7.4988e-33
v 0.273238 0.130909 0.783579
vn 0.411376 0.220854 0.884304
v 0.273238 0.135277 0.782009
vn 0.411375 0.314527 0.855479
v -0.273238 0.130909 0.783579
vn -0.411376 0.220854 0.884304
v -0.273238 0.130909 0.783579
vn -0.41136 0.210312 0.886877
v -0.273238 0.126409 0.784526
vn -0.411358 0.113875 0.904332
v 0.273238 0.130909 0.783579
vn 0.41136 0.210312 0.886877
v -0.273238 0.126409 0.784526
vn -0.411347 0.10326 0.905611
v -0.273238 0.121843 0.784847
vn -0.411348 0.00543436 0.911462
v 0.273238 0.126409 0.784526
vn 0.411347 0.10326 0.905611
v 0.273238 0.121843 0.784847
vn 0.411348 0.00543436 0.911462
v 0.273238 0.126409 0.784526
vn 0.411347 0.10326 0.905611
v -0.273238 0.121843 0.784847
vn -0.411348 0.00543436 0.911462
v 0.273238 0.121843 0.784847
vn 0.472497 -3.89823e-18 0.881332
v 0.273238 0.117283 0.784526
vn 0.472497 -0.104985 0.875057
v 0.273238 0.159792 0.582822
vn 1 -1.22465e-16 7.4988e-33
v 0.273238 0.126409 0.784526
vn 0.471899 0.105024 0.875375
v 0.273238 0.121843 0.784847
vn 0.471899 -3.80535e-18 0.881652
v 0.273238 0.159792 0.582822
vn 1 -1.22465e-16 7.4988e-33
v 0.273238 0.126409 0.784526
vn 0.411358 0.113875 0.904332
v 0.273238 0.130909 0.783579
vn 0.41136 0.210312 0.886877
v -0.273238 0.126409 0.784526
vn -0.411358 0.113875 0.904332
vt 0 0
vt 0 0
vt 0 0
vt 0 0
vt 0 0
vt 0 0
vt 0 0
vt 0 0
vt 0 0
vt 0 0
vt 0 0
vt 0 0
vt 0 0
vt 0 0
vt 0 0
vt 0 0
vt 0 0
vt 0 0
vt 0 0
vt 0 0
vt 0 0
vt 0 0
vt 0 0
vt 0 0
vt 0 0
vt 0 0
vt 0 0
vt 0 0
vt 0 0
vt 0 0
vt 0 0
vt 0 0
vt 0 0
vt 0 0
vt 0 0
vt 0 0
vt 0 0
vt 0 0
vt 0 0
vt 0 0
vt 0 0
vt 0 0
vt 0 0
vt 0 0
vt 0 0
vt 0 0
vt 0 0
vt 0 0
vt 0 0
vt 0 0
vt 0 0
vt 0 0
vt 0 0
vt 0 0
vt 0 0
vt 0 0
vt 0 0
vt 0 0
vt 0 0
vt 0 0
vt 0 0
vt 0 0
vt 0 0
vt 0 0
vt 0 0
vt 0 0
vt 0 0
vt 0 0
vt 0 0
vt 0 0
vt 0 0
vt 0 0
vt 0 0
vt 0 0
vt 0 0
vt 0 0
vt 0 0
vt 0 0
vt 0 0
vt 0 0
vt 0 0
vt 0 0
vt 0 0
vt 0 0
vt 0 0
vt 0 0
vt 0 0
vt 0 0
vt 0 0
vt 0 0
vt 0 0
vt 0 0
vt 0 0
vt 0 0
vt 0 0
vt 0 0
vt 0 0
vt 0 0
vt 0 0
vt 0 0
vt 0 0
vt 0 0
vt 0 0
vt 0 0
vt 0 0
vt 0 0
vt 0 0
vt 0 0
vt 0 0
vt 0 0
vt 0 0
vt 0 0
vt 0 0
vt 0 0
vt 0 0
vt 0 0
vt 0 0
vt 0 0
vt 0 0
vt 0 0
vt 0 0
vt 0 0
vt 0 0
vt 0 0
vt 0 0
vt 0 0
vt 0 0
vt 0 0
vt 0 0
vt 0 0
vt 0 0
vt 0 0
vt 0 0
vt 0 0
vt 0 0
vt 0 0
vt 0 0
vt 0 0
vt 0 0
vt 0 0
vt 0 0
vt 0 0
vt 0 0
vt 0 0
vt 0 0
vt 0 0
vt 0 0
vt 0 0
vt 0 0
vt 0 0
vt 0 0
vt 0 0
vt 0 0
vt 0 0
vt 0 0
vt 0 0
vt 0 0
vt 0 0
vt 0 0
vt 0 0
vt 0 0
vt 0 0
vt 0 0
vt 0 0
vt 0 0
vt 0 0
vt 0 0
vt 0 0
vt 0 0
vt 0 0
vt 0 0
vt 0 0
vt 0 0
vt 0 0
vt 0 0
vt 0 0
vt 0 0
vt 0 0
vt 0 0
vt 0 0
vt 0 0
vt 0 0
vt 0 0
vt 0 0
vt 0 0
vt 0 0
vt 0 0
vt 0 0
vt 0 0
vt 0 0
vt 0 0
vt 0 0
vt 0 0
vt 0 0
vt 0 0
vt 0 0
vt 0 0
vt 0 0
vt 0 0
vt 0 0
vt 0 0
vt 0 0
vt 0 0
vt 0 0
vt 0 0
vt 0 0
vt 0 0
vt 0 0
vt 0 0
vt 0 0
vt 0 0
vt 0 0
vt 0 0
vt 0 0
vt 0 0
vt 0 0
vt 0 0
vt 0 0
vt 0 0
vt 0 0
vt 0 0
vt 0 0
vt 0 0
vt 0 0
vt 0 0
vt 0 0
vt 0 0
vt 0 0
vt 0 0
vt 0 0
vt 0 0
vt 0 0
vt 0 0
vt 0 0
vt 0 0
vt 0 0
vt 0 0
vt 0 0
vt 0 0
vt 0 0
vt 0 0
vt 0 0
vt 0 0
vt 0 0
vt 0 0
vt 0 0
vt 0 0
vt 0 0
vt 0 0
vt 0 0
vt 0 0
vt 0 0
vt 0 0
vt 0 0
vt 0 0
vt 0 0
vt 0 0
vt 0 0
vt 0 0
vt 0 0
vt 0 0
vt 0 0
vt 0 0
vt 0 0
vt 0 0
vt 0 0
vt 0 0
vt 0 0
vt 0 0
vt 0 0
vt 0 0
vt 0 0
vt 0 0
vt 0 0
vt 0 0
vt 0 0
vt 0 0
vt 0 0
vt 0 0
vt 0 0
vt 0 0
vt 0 0
vt 0 0
vt 0 0
vt 0 0
vt 0 0
vt 0 0
vt 0 0
vt 0 0
vt 0 0
vt 0 0
vt 0 0
vt 0 0
vt 0 0
vt 0 0
vt 0 0
vt 0 0
vt 0 0
vt 0 0
vt 0 0
vt 0 0
vt 0 0
vt 0 0
vt 0 0
vt 0 0
vt 0 0
vt 0 0
vt 0 0
vt 0 0
vt 0 0
vt 0 0
vt 0 0
vt 0 0
vt 0 0
vt 0 0
vt 0 0
vt 0 0
vt 0 0
vt 0 0
vt 0 0
vt 0 0
vt 0 0
vt 0 0
vt 0 0
vt 0 0
vt 0 0
vt 0 0
vt 0 0
vt 0 0
vt 0 0
vt 0 0
vt 0 0
vt 0 0
vt 0 0
vt 0 0
vt 0 0
vt 0 0
vt 0 0
vt 0 0
vt 0 0
vt 0 0
vt 0 0
vt 0 0
vt 0 0
vt 0 0
vt 0 0
vt 0 0
vt 0 0
vt 0 0
vt 0 0
vt 0 0
vt 0 0
vt 0 0
vt 0 0
vt 0 0
vt 0 0
vt 0 0
vt 0 0
vt 0 0
vt 0 0
vt 0 0
vt 0 0
vt 0 0
vt 0 0
vt 0 0
vt 0 0
vt 0 0
vt 0 0
vt 0 0
vt 0 0
vt 0 0
vt 0 0
vt 0 0
vt 0 0
vt 0 0
vt 0 0
vt 0 0
vt 0 0
vt 0 0
vt 0 0
vt 0 0
vt 0 0
vt 0 0
vt 0 0
vt 0 0
vt 0 0
vt 0 0
vt 0 0
vt 0 0
vt 0 0
vt 0 0
vt 0 0
vt 0 0
vt 0 0
vt 0 0
vt 0 0
vt 0 0
vt 0 0
vt 0 0
vt 0 0
vt 0 0
vt 0 0
vt 0 0
vt 0 0
vt 0 0
vt 0 0
vt 0 0
vt 0 0
vt 0 0
vt 0 0
vt 0 0
vt 0 0
vt 0 0
vt 0 0
vt 0 0
vt 0 0
vt 0 0
vt 0 0
vt 0 0
vt 0 0
vt 0 0
vt 0 0
vt 0 0
vt 0 0
vt 0 0
vt 0 0
vt 0 0
vt 0 0
vt 0 0
vt 0 0
vt 0 0
vt 0 0
vt 0 0
vt 0 0
vt 0 0
vt 0 0
vt 0 0
vt 0 0
vt 0 0
vt 0 0
vt 0 0
vt 0 0
vt 0 0
vt 0 0
vt 0 0
vt 0 0
vt 0 0
vt 0 0
vt 0 0
vt 0 0
vt 0 0
vt 0 0
vt 0 0
vt 0 0
vt 0 0
vt 0 0
vt 0 0
vt 0 0
vt 0 0
vt 0 0
vt 0 0
vt 0 0
vt 0 0
vt 0 0
vt 0 0
vt 0 0
vt 0 0
vt 0 0
vt 0 0
vt 0 0
vt 0 0
vt 0 0
vt 0 0
vt 0 0
vt 0 0
vt 0 0
vt 0 0
vt 0 0
vt 0 0
vt 0 0
vt 0 0
vt 0 0
vt 0 0
vt 0 0
vt 0 0
vt 0 0
vt 0 0
vt 0 0
vt 0 0
vt 0 0
vt 0 0
vt 0 0
vt 0 0
vt 0 0
vt 0 0
vt 0 0
vt 0 0
vt 0 0
vt 0 0
vt 0 0
vt 0 0
vt 0 0
vt 0 0
vt 0 0
vt 0 0
vt 0 0
vt 0 0
vt 0 0
vt 0 0
vt 0 0
vt 0 0
vt 0 0
vt 0 0
vt 0 0
vt 0 0
vt 0 0
vt 0 0
vt 0 0
vt 0 0
vt 0 0
vt 0 0
vt 0 0
vt 0 0
vt 0 0
vt 0 0
vt 0 0
vt 0 0
vt 0 0
vt 0 0
vt 0 0
vt 0 0
vt 0 0
vt 0 0
vt 0 0
vt 0 0
vt 0 0
vt 0 0
vt 0 0
vt 0 0
vt 0 0
vt 0 0
vt 0 0
vt 0 0
vt 0 0
vt 0 0
vt 0 0
vt 0 0
vt 0 0
vt 0 0
vt 0 0
vt 0 0
vt 0 0
vt 0 0
vt 0 0
vt 0 0
vt 0 0
vt 0 0
vt 0 0
vt 0 0
vt 0 0
vt 0 0
vt 0 0
vt 0 0
vt 0 0
vt 0 0
vt 0 0
vt 0 0
vt 0 0
vt 0 0
vt 0 0
vt 0 0
vt 0 0
vt 0 0
vt 0 0
vt 0 0
vt 0 0
vt 0 0
vt 0 0
vt 0 0
vt 0 0
vt 0 0
vt 0 0
vt 0 0
vt 0 0
vt 0 0
vt 0 0
vt 0 0
vt 0 0
vt 0 0
vt 0 0
vt 0 0
vt 0 0
vt 0 0
vt 0 0
vt 0 0
vt 0 0
vt 0 0
vt 0 0
vt 0 0
vt 0 0
vt 0 0
vt 0 0
vt 0 0
vt 0 0
vt 0 0
vt 0 0
vt 0 0
vt 0 0
vt 0 0
vt 0 0
vt 0 0
vt 0 0
vt 0 0
vt 0 0
vt 0 0
vt 0 0
vt 0 0
vt 0 0
vt 0 0
vt 0 0
vt 0 0
vt 0 0
vt 0 0
vt 0 0
vt 0 0
vt 0 0
vt 0 0
vt 0 0
vt 0 0
vt 0 0
vt 0 0
vt 0 0
vt 0 0
vt 0 0
vt 0 0
vt 0 0
vt 0 0
vt 0 0
vt 0 0
vt 0 0
vt 0 0
vt 0 0
vt 0 0
vt 0 0
vt 0 0
vt 0 0
vt 0 0
vt 0 0
vt 0 0
vt 0 0
vt 0 0
vt 0 0
vt 0 0
vt 0 0
vt 0 0
vt 0 0
vt 0 0
vt 0 0
vt 0 0
vt 0 0
vt 0 0
vt 0 0
vt 0 0
vt 0 0
vt 0 0
vt 0 0
vt 0 0
vt 0 0
vt 0 0
vt 0 0
vt 0 0
vt 0 0
vt 0 0
vt 0 0
vt 0 0
vt 0 0
vt 0 0
vt 0 0
vt 0 0
vt 0 0
vt 0 0
vt 0 0
vt 0 0
vt 0 0
vt 0 0
vt 0 0
vt 0 0
vt 0 0
vt 0 0
vt 0 0
vt 0 0
vt 0 0
vt 0 0
vt 0 0
vt 0 0
vt 0 0
vt 0 0
vt 0 0
vt 0 0
vt 0 0
vt 0 0
vt 0 0
vt 0 0
vt 0 0
vt 0 0
vt 0 0
vt 0 0
vt 0 0
vt 0 0
vt 0 0
vt 0 0
vt 0 0
vt 0 0
vt 0 0
vt 0 0
vt 0 0
vt 0 0
vt 0 0
vt 0 0
vt 0 0
vt 0 0
vt 0 0
vt 0 0
vt 0 0
vt 0 0
vt 0 0
vt 0 0
vt 0 0
vt 0 0
vt 0 0
vt 0 0
vt 0 0
vt 0 0
vt 0 0
vt 0 0
vt 0 0
vt 0 0
vt 0 0
vt 0 0
vt 0 0
vt 0 0
vt 0 0
vt 0 0
vt 0 0
vt 0 0
vt 0 0
vt 0 0
vt 0 0
vt 0 0
vt 0 0
vt 0 0
vt 0 0
vt 0 0
vt 0 0
vt 0 0
vt 0 0
vt 0 0
vt 0 0
vt 0 0
vt 0 0
vt 0 0
vt 0 0
vt 0 0
vt 0 0
vt 0 0
vt 0 0
vt 0 0
vt 0 0
vt 0 0
vt 0 0
vt 0 0
vt 0 0
vt 0 0
vt 0 0
vt 0 0
vt 0 0
vt 0 0
vt 0 0
vt 0 0
vt 0 0
vt 0 0
vt 0 0
vt 0 0
vt 0 0
vt 0 0
vt 0 0
vt 0 0
vt 0 0
vt 0 0
vt 0 0
vt 0 0
vt 0 0
vt 0 0
vt 0 0
vt 0 0
vt 0 0
vt 0 0
vt 0 0
vt 0 0
vt 0 0
vt 0 0
vt 0 0
vt 0 0
vt 0 0
vt 0 0
vt 0 0
vt 0 0
vt 0 0
vt 0 0
vt 0 0
vt 0 0
vt 0 0
vt 0 0
vt 0 0
vt 0 0
vt 0 0
vt 0 0
vt 0 0
vt 0 0
vt 0 0
vt 0 0
vt 0 0
vt 0 0
vt 0 0
vt 0 0
vt 0 0
vt 0 0
vt 0 0
vt 0 0
vt 0 0
vt 0 0
vt 0 0
vt 0 0
vt 0 0
vt 0 0
vt 0 0
vt 0 0
vt 0 0
vt 0 0
vt 0 0
vt 0 0
vt 0 0
vt 0 0
vt 0 0
vt 0 0
vt 0 0
vt 0 0
vt 0 0
vt 0 0
vt 0 0
vt 0 0
vt 0 0
vt 0 0
vt 0 0
vt 0 0
vt 0 0
vt 0 0
vt 0 0
vt 0 0
vt 0 0
vt 0 0
vt 0 0
vt 0 0
vt 0 0
vt 0 0
vt 0 0
vt 0 0
vt 0 0
vt 0 0
vt 0 0
vt 0 0
vt 0 0
vt 0 0
vt 0 0
vt 0 0
vt 0 0
vt 0 0
vt 0 0
vt 0 0
vt 0 0
vt 0 0
vt 0 0
vt 0 0
vt 0 0
vt 0 0
vt 0 0
vt 0 0
vt 0 0
vt 0 0
vt 0 0
vt 0 0
vt 0 0
vt 0 0
vt 0 0
vt 0 0
vt 0 0
vt 0 0
vt 0 0
vt 0 0
vt 0 0
vt 0 0
vt 0 0
vt 0 0
vt 0 0
vt 0 0
vt 0 0
vt 0 0
vt 0 0
vt 0 0
vt 0 0
vt 0 0
vt 0 0
vt 0 0
vt 0 0
vt 0 0
vt 0 0
vt 0 0
vt 0 0
vt 0 0
vt 0 0
vt 0 0
vt 0 0
vt 0 0
vt 0 0
vt 0 0
vt 0 0
vt 0 0
vt 0 0
vt 0 0
vt 0 0
vt 0 0
vt 0 0
vt 0 0
vt 0 0
vt 0 0
vt 0 0
vt 0 0
vt 0 0
vt 0 0
vt 0 0
vt 0 0
vt 0 0
vt 0 0
vt 0 0
vt 0 0
vt 0 0
vt 0 0
vt 0 0
vt 0 0
vt 0 0
vt 0 0
vt 0 0
vt 0 0
vt 0 0
vt 0 0
vt 0 0
vt 0 0
vt 0 0
vt 0 0
vt 0 0
vt 0 0
vt 0 0
vt 0 0
vt 0 0
vt 0 0
vt 0 0
vt 0 0
vt 0 0
vt 0 0
vt 0 0
vt 0 0
vt 0 0
vt 0 0
vt 0 0
vt 0 0
vt 0 0
vt 0 0
vt 0 0
vt 0 0
vt 0 0
vt 0 0
vt 0 0
vt 0 0
vt 0 0
vt 0 0
vt 0 0
vt 0 0
vt 0 0
vt 0 0
vt 0 0
vt 0 0
vt 0 0
vt 0 0
vt 0 0
vt 0 0
vt 0 0
vt 0 0
vt 0 0
vt 0 0
vt 0 0
vt 0 0
vt 0 0
vt 0 0
vt 0 0
vt 0 0
vt 0 0
vt 0 0
vt 0 0
vt 0 0
vt 0 0
vt 0 0
vt 0 0
vt 0 0
vt 0 0
vt 0 0
vt 0 0
vt 0 0
vt 0 0
vt 0 0
vt 0 0
vt 0 0
vt 0 0
vt 0 0
vt 0 0
vt 0 0
vt 0 0
vt 0 0
vt 0 0
vt 0 0
vt 0 0
vt 0 0
vt 0 0
vt 0 0
vt 0 0
vt 0 0
vt 0 0
vt 0 0
vt 0 0
vt 0 0
vt 0 0
vt 0 0
vt 0 0
vt 0 0
vt 0 0
vt 0 0
vt 0 0
vt 0 0
vt 0 0
vt 0 0
vt 0 0
vt 0 0
vt 0 0
vt 0 0
vt 0 0
vt 0 0
vt 0 0
vt 0 0
vt 0 0
vt 0 0
vt 0 0
vt 0 0
vt 0 0
vt 0 0
vt 0 0
vt 0 0
vt 0 0
vt 0 0
vt 0 0
vt 0 0
vt 0 0
vt 0 0
vt 0 0
vt 0 0
vt 0 0
vt 0 0
vt 0 0
vt 0 0
vt 0 0
vt 0 0
vt 0 0
vt 0 0
vt 0 0
vt 0 0
vt 0 0
vt 0 0
vt 0 0
vt 0 0
vt 0 0
vt 0 0
vt 0 0
vt 0 0
vt 0 0
vt 0 0
vt 0 0
vt 0 0
vt 0 0
vt 0 0
vt 0 0
vt 0 0
vt 0 0
vt 0 0
vt 0 0
vt 0 0
vt 0 0
vt 0 0
vt 0 0
vt 0 0
vt 0 0
vt 0 0
vt 0 0
vt 0 0
vt 0 0
vt 0 0
vt 0 0
vt 0 0
vt 0 0
vt -7.88989 -1.55202
vt -7.88989 -1.5944
vt -9.64286 -1.55202
vt -9.64286 -1.5944
vt -9.64286 -1.55202
vt -7.88989 -1.5944
vt -7.1107 2.7777
vt -6.74176 2.7777
vt -7.13382 2.74219
vt -9.64286 -2.86982
vt -9.64286 -2.82744
vt -7.88989 -2.86982
vt -7.1107 2.7777
vt -7.13382 2.74219
vt -9.30346 2.74219
vt -7.88989 2.74219
vt -7.88989 1.89792
vt -9.64286 2.74219
vt -6.74176 2.7777
vt -6.71864 2.74219
vt -7.13382 2.74219
vt -6.77089 2.80848
vt -6.74176 2.7777
vt -7.1107 2.7777
vt -7.88989 -2.82744
vt -7.88989 -2.86982
vt -9.64286 -2.82744
vt -7.08158 2.80848
vt -7.1107 2.7777
vt -9.32658 2.7777
vt -7.13382 2.74219
vt -7.29129 2.04167
vt -9.30346 2.74219
vt -9.32658 2.7777
vt -7.1107 2.7777
vt -9.30346 2.74219
vt -9.64286 1.89792
vt -9.64286 2.74219
vt -7.88989 1.89792
vt -7.13382 2.74219
vt -6.71864 2.74219
vt -7.13382 1.89792
vt 7.88989 5.96391
vt 7.88989 6.00629
vt 9.64286 5.96391
vt 7.88989 6.65138
vt 7.88989 6.69376
vt 9.64286 6.65138
vt -7.08158 2.80848
vt -6.77089 2.80848
vt -7.1107 2.7777
vt -7.88989 -4.05251
vt -9.64286 -4.05251
vt -7.88989 -4.01013
vt -9.35571 2.80848
vt -7.08158 2.80848
vt -9.32658 2.7777
vt -7.29129 2.04167
vt -9.12485 2.04167
vt -9.30346 2.74219
vt -7.29129 2.04167
vt -7.13382 2.74219
vt -7.26906 2.0401
vt 9.64286 7.41664
vt 9.64286 7.37427
vt 7.88989 7.41664
vt -7.13382 1.89792
vt -7.13487 1.90903
vt -7.13382 2.74219
vt 7.88989 2.55811
vt 7.88989 2.56926
vt 9.64286 2.55811
vt -7.13382 1.89792
vt -6.71864 2.74219
vt -7.13278 1.88684
vt 9.64286 6.00629
vt 9.64286 5.96391
vt 7.88989 6.00629
vt 9.64286 2.74219
vt 10.4747 0
vt 7.88989 2.74219
vt 9.64286 6.69376
vt 9.64286 6.65138
vt 7.88989 6.69376
vt -6.80507 2.83352
vt -6.77089 2.80848
vt -7.08158 2.80848
vt -9.64286 -4.01013
vt -7.88989 -4.01013
vt -9.64286 -4.05251
vt -7.04739 2.83352
vt -6.80507 2.83352
vt -7.08158 2.80848
vt -7.04739 2.83352
vt -7.08158 2.80848
vt -9.35571 2.80848
vt 9.64286 8.47037
vt 9.64286 8.428
vt 7.88989 8.47037
vt -9.12485 2.04167
vt -9.14804 2.04015
vt -9.30346 2.74219
vt -7.29129 9.64286
vt -7.29129 7.88989
vt -9.12485 9.64286
vt -7.26906 2.0401
vt -7.13382 2.74219
vt -7.24727 2.03543
vt 9.64286 7.39445
vt 7.88989 7.39445
vt 9.64286 7.41674
vt 7.88989 7.37427
vt 7.88989 7.41664
vt 9.64286 7.37427
vt 7.88989 8.428
vt 7.88989 8.47037
vt 9.64286 8.428
vt -7.14005 1.9307
vt -7.13382 2.74219
vt -7.13487 1.90903
vt 9.64286 2.56926
vt 9.64286 2.55811
vt 7.88989 2.56926
vt -7.13487 1.90903
vt -7.13382 1.89792
vt -9.29704 1.91051
vt -7.13278 1.88684
vt -6.71864 2.74219
vt -7.13382 1.86458
vt -7.13278 1.88684
vt -7.13382 1.86458
vt -7.13382 1.89792
vt -6.71864 2.74219
vt -6.74176 2.7777
vt -6.71864 3.5113
vt 7.88989 0
vt 7.88989 2.74219
vt 10.4747 0
vt 10.0595 2.74219
vt 10.4747 0
vt 9.64286 2.74219
vt -6.77089 2.80848
vt -6.71864 3.5113
vt -6.74176 2.7777
vt 9.64286 7.12164
vt 7.88989 7.12164
vt 9.64286 7.16402
vt 7.88989 7.16402
vt 9.64286 7.16402
vt 7.88989 7.12164
vt -7.88989 -5.10398
vt -9.64286 -5.10398
vt -7.88989 -5.0616
vt -6.8432 2.85202
vt -6.80507 2.83352
vt -7.04739 2.83352
vt -9.38989 2.83352
vt -7.04739 2.83352
vt -9.35571 2.80848
vt 9.64286 9.2067
vt 7.88989 9.2067
vt 9.64286 9.24908
vt -9.14804 2.04015
vt -9.17083 2.03565
vt -9.30346 2.74219
vt -9.64286 -8.97272
vt -7.88989 -8.97272
vt -9.64286 -8.99596
vt -9.12485 7.88989
vt -9.12485 9.64286
vt -7.29129 7.88989
vt 7.88989 7.41674
vt 9.64286 7.41674
vt 7.88989 7.39445
vt -7.24727 2.03543
vt -7.13382 2.74219
vt -7.22635 2.02776
vt 9.64286 7.51283
vt 7.88989 7.51283
vt 9.64286 7.53512
vt 7.88989 7.53512
vt 9.64286 7.53512
vt 7.88989 7.51283
vt -9.32658 2.7777
vt -9.30346 2.74219
vt -9.71864 2.74219
vt 9.64286 2.74219
vt 9.64286 1.86458
vt 7.88989 2.74219
vt -9.35571 2.80848
vt -9.32658 2.7777
vt -9.69552 2.7777
vt -7.14821 1.95144
vt -7.13382 2.74219
vt -7.14005 1.9307
vt 9.64286 3.53698
vt 9.64286 3.5147
vt 7.88989 3.53698
vt 7.88989 3.5147
vt 7.88989 3.53698
vt 9.64286 3.5147
vt -9.29704 1.91051
vt -7.13382 1.89792
vt -9.30175 1.88776
vt -7.14005 1.9307
vt -7.13487 1.90903
vt -9.29704 1.91051
vt -7.13382 1.86458
vt -6.71864 2.74219
vt -7.13382 1.33333
vt -7.13382 1.89792
vt -7.13382 1.86458
vt -9.30346 1.86458
vt 9.64286 2.74219
vt 9.64286 3.5113
vt 10.0595 2.74219
vt -6.71864 2.74219
vt -6.71864 0
vt -7.13382 1.33333
vt -9.71864 10.4747
vt -6.71864 7.88989
vt -6.71864 10.4747
vt 10.0595 3.5113
vt 10.4747 0
vt 10.0595 2.74219
vt -6.80507 2.83352
vt -6.71864 3.5113
vt -6.77089 2.80848
vt 9.64286 7.3594
vt 7.88989 7.3594
vt 9.64286 7.40178
vt -9.64286 -5.0616
vt -7.88989 -5.0616
vt -9.64286 -5.10398
vt -7.00927 2.85202
vt -6.8432 2.85202
vt -7.04739 2.83352
vt 7.88989 7.40178
vt 9.64286 7.40178
vt 7.88989 7.3594
vt -7.00927 2.85202
vt -7.04739 2.83352
vt -9.38989 2.83352
vt 7.88989 9.24908
vt 9.64286 9.24908
vt 7.88989 9.2067
vt -9.17083 2.03565
vt -9.19285 2.02822
vt -9.30346 2.74219
vt -9.64286 -8.57829
vt -7.88989 -8.57829
vt -9.64286 -8.60153
vt -7.88989 -8.99596
vt -9.64286 -8.99596
vt -7.88989 -8.97272
vt -9.12485 2.04167
vt -7.29129 2.04167
vt -9.14804 2.04015
vt -7.29129 2.04167
vt -7.26906 2.0401
vt -9.14804 2.04015
vt -7.22635 2.02776
vt -7.13382 2.74219
vt -7.20671 2.01723
vt 9.64286 7.48259
vt 7.88989 7.48259
vt 9.64286 7.50488
vt 7.88989 7.50488
vt 9.64286 7.50488
vt 7.88989 7.48259
vt -7.26906 2.0401
vt -7.24727 2.03543
vt -9.17083 2.03565
vt -9.30346 2.74219
vt -9.30346 1.86458
vt -9.71864 2.74219
vt -9.69552 2.7777
vt -9.32658 2.7777
vt -9.71864 2.74219
vt 7.88989 1.86458
vt 7.88989 2.74219
vt 9.64286 1.86458
vt -9.30346 1.86458
vt -9.30346 2.74219
vt -9.30175 1.88776
vt -9.66639 2.80848
vt -9.35571 2.80848
vt -9.69552 2.7777
vt -7.1592 1.97082
vt -7.13382 2.74219
vt -7.14821 1.95144
vt 9.64286 4.43506
vt 9.64286 4.41277
vt 7.88989 4.43506
vt 7.88989 4.41277
vt 7.88989 4.43506
vt 9.64286 4.41277
vt -9.30175 1.88776
vt -7.13382 1.89792
vt -9.30346 1.86458
vt -7.88989 -0.011045
vt -7.88989 -0.034282
vt -9.64286 -0.011045
vt -9.28943 1.93246
vt -7.14005 1.9307
vt -9.29704 1.91051
vt -7.13382 1.33333
vt -9.30346 1.33333
vt -7.13382 1.86458
vt -9.30346 1.86458
vt -7.13382 1.86458
vt -9.30346 1.33333
vt 10.0595 3.5113
vt 10.0595 2.74219
vt 9.64286 3.5113
vt -9.71864 0
vt -7.13382 1.33333
vt -6.71864 0
vt -6.71864 7.88989
vt -9.71864 10.4747
vt -9.71864 7.88989
vt 9.71864 0
vt 6.71864 0
vt 9.71864 3.80208
vt 10.0595 3.64845
vt 10.4747 0
vt 10.0595 3.5113
vt -6.8432 2.85202
vt -6.71864 3.5113
vt -6.80507 2.83352
vt -7.88989 -5.98999
vt -9.64286 -5.98999
vt -7.88989 -5.94762
vt -6.88403 2.86336
vt -6.8432 2.85202
vt -7.00927 2.85202
vt 9.64286 7.35692
vt 7.88989 7.35692
vt 9.64286 7.39929
vt -9.42802 2.85202
vt -7.00927 2.85202
vt -9.38989 2.83352
vt 9.64286 9.68502
vt 7.88989 9.68502
vt 9.64286 9.7274
vt -9.38989 2.83352
vt -9.35571 2.80848
vt -9.66639 2.80848
vt -9.19285 2.02822
vt -9.21372 2.01799
vt -9.30346 2.74219
vt -9.64286 -8.03848
vt -7.88989 -8.03848
vt -9.64286 -8.06172
vt -7.88989 -8.60153
vt -9.64286 -8.60153
vt -7.88989 -8.57829
vt -9.14804 2.04015
vt -7.26906 2.0401
vt -9.17083 2.03565
vt -7.20671 2.01723
vt -7.13382 2.74219
vt -7.18875 2.00404
vt 9.64286 7.30433
vt 7.88989 7.30433
vt 9.64286 7.32661
vt 7.88989 7.32661
vt 9.64286 7.32661
vt 7.88989 7.30433
vt -7.24727 2.03543
vt -7.22635 2.02776
vt -9.19285 2.02822
vt -9.17083 2.03565
vt -7.24727 2.03543
vt -9.19285 2.02822
vt -9.30346 1.86458
vt -9.30346 1.33333
vt -9.71864 2.74219
vt -7.88989 -2.96237
vt -7.88989 -3.00475
vt -9.64286 -2.96237
vt -9.64286 1.17492
vt -9.64286 1.19816
vt -7.88989 1.17492
vt -9.29704 1.91051
vt -9.30175 1.88776
vt -9.30346 2.74219
vt -7.88989 -4.60406
vt -7.88989 -4.64643
vt -9.64286 -4.60406
vt -7.17281 1.98847
vt -7.13382 2.74219
vt -7.1592 1.97082
vt 9.64286 5.24574
vt 9.64286 5.22346
vt 7.88989 5.24574
vt 7.88989 5.22346
vt 7.88989 5.24574
vt 9.64286 5.22346
vt -7.14821 1.95144
vt -7.14005 1.9307
vt -9.28943 1.93246
vt -7.88989 1.19816
vt -7.88989 1.17492
vt -9.64286 1.19816
vt -9.64286 -0.034282
vt -9.64286 -0.011045
vt -7.88989 -0.034282
vt -9.64286 -1.2431
vt -9.64286 -1.21987
vt -7.88989 -1.2431
vt -7.88989 -1.21987
vt -7.88989 -1.2431
vt -9.64286 -1.21987
vt -7.13382 1.33333
vt -9.71864 0
vt -9.30346 1.33333
vt 9.64286 3.5113
vt 9.64779 3.53591
vt 10.0595 3.5113
vt -10.4747 0
vt -9.64286 2.74219
vt -7.88989 0
vt 6.71864 3.80208
vt 9.71864 3.80208
vt 6.71864 0
vt -10.4747 3.80208
vt -10.2671 3.80208
vt -10.4747 0
vt 10.0643 3.66393
vt 10.4747 0
vt 10.0595 3.64845
vt -6.71864 3.5113
vt -9.71864 3.5113
vt -6.71864 3.64845
vt -6.88403 2.86336
vt -6.71864 3.5113
vt -6.8432 2.85202
vt -9.64286 -5.94762
vt -7.88989 -5.94762
vt -9.64286 -5.98999
vt -6.96844 2.86336
vt -6.88403 2.86336
vt -7.00927 2.85202
vt 7.88989 7.39929
vt 9.64286 7.39929
vt 7.88989 7.35692
vt -6.96844 2.86336
vt -7.00927 2.85202
vt -9.42802 2.85202
vt 7.88989 9.7274
vt 9.64286 9.7274
vt 7.88989 9.68502
vt -9.63221 2.83352
vt -9.38989 2.83352
vt -9.66639 2.80848
vt -9.21372 2.01799
vt -9.23308 2.00514
vt -9.30346 2.74219
vt -9.64286 -7.36243
vt -7.88989 -7.36243
vt -9.64286 -7.38566
vt -7.88989 -8.06172
vt -9.64286 -8.06172
vt -7.88989 -8.03848
vt -7.18875 2.00404
vt -7.13382 2.74219
vt -7.17281 1.98847
vt 9.64286 6.98156
vt 7.88989 6.98156
vt 9.64286 7.00384
vt 7.88989 7.00384
vt 9.64286 7.00384
vt 7.88989 6.98156
vt -7.22635 2.02776
vt -7.20671 2.01723
vt -9.21372 2.01799
vt -9.19285 2.02822
vt -7.22635 2.02776
vt -9.21372 2.01799
vt -9.71864 2.74219
vt -9.30346 1.33333
vt -9.71864 0
vt -9.64286 -3.00475
vt -9.64286 -2.96237
vt -7.88989 -3.00475
vt -9.64286 -4.64643
vt -9.64286 -4.60406
vt -7.88989 -4.64643
vt -9.28943 1.93246
vt -9.29704 1.91051
vt -9.30346 2.74219
vt -7.88989 -6.13756
vt -9.64286 -6.13756
vt -7.88989 -6.09519
vt 9.64286 5.95303
vt 9.64286 5.93075
vt 7.88989 5.95303
vt 7.88989 5.93075
vt 7.88989 5.95303
vt 9.64286 5.93075
vt -7.1592 1.97082
vt -7.14821 1.95144
vt -9.27902 1.95324
vt -9.27902 1.95324
vt -7.14821 1.95144
vt -9.28943 1.93246
vt -9.64286 -2.43108
vt -9.64286 -2.40785
vt -7.88989 -2.43108
vt 9.65561 3.55976
vt 10.0595 3.5113
vt 9.64779 3.53591
vt -6.71864 5.33636
vt -9.71864 5.33636
vt -6.71864 5.36146
vt -7.88989 2.74219
vt -7.88989 0
vt -9.64286 2.74219
vt -10.0595 2.74219
vt -9.64286 2.74219
vt -10.4747 0
vt -6.71864 10.4747
vt -6.71864 10.2671
vt -9.71864 10.4747
vt 10.4747 3.80208
vt 10.4747 0
vt 10.2671 3.80208
vt -10.2671 3.80208
vt -10.2347 3.79965
vt -10.4747 0
vt -9.71864 10.2671
vt -9.71864 10.4747
vt -6.71864 10.2671
vt 10.0785 3.69325
vt 10.4747 0
vt 10.0643 3.66393
vt -6.71864 6.45847
vt -9.71864 6.45847
vt -6.71864 6.47468
vt -9.71864 3.64845
vt -6.71864 3.64845
vt -9.71864 3.5113
vt 9.71864 1.46771
vt 6.71864 1.46771
vt 9.71864 1.49281
vt -6.92623 2.86719
vt -6.71864 3.5113
vt -6.88403 2.86336
vt -7.88989 -6.68172
vt -9.64286 -6.68172
vt -7.88989 -6.63935
vt -6.92623 2.86719
vt -6.88403 2.86336
vt -6.96844 2.86336
vt 9.64286 7.11426
vt 7.88989 7.11426
vt 9.64286 7.15664
vt -9.46885 2.86336
vt -6.96844 2.86336
vt -9.42802 2.85202
vt 9.64286 9.8474
vt 7.88989 9.8474
vt 9.64286 9.88978
vt -9.42802 2.85202
vt -9.38989 2.83352
vt -9.63221 2.83352
vt -9.23308 2.00514
vt -9.25061 1.98989
vt -9.30346 2.74219
vt -9.64286 -6.56157
vt -7.88989 -6.56157
vt -9.64286 -6.58481
vt -7.88989 -7.38566
vt -9.64286 -7.38566
vt -7.88989 -7.36243
vt 9.64286 6.52067
vt 7.88989 6.52067
vt 9.64286 6.54295
vt 7.88989 6.54295
vt 9.64286 6.54295
vt 7.88989 6.52067
vt -7.20671 2.01723
vt -7.18875 2.00404
vt -9.23308 2.00514
vt -9.21372 2.01799
vt -7.20671 2.01723
vt -9.23308 2.00514
vt -9.71864 2.74219
vt -9.71864 3.5113
vt -9.69552 2.7777
vt -9.66639 2.80848
vt -9.69552 2.7777
vt -9.71864 3.5113
vt -9.27902 1.95324
vt -9.28943 1.93246
vt -9.30346 2.74219
vt -9.64286 -6.09519
vt -7.88989 -6.09519
vt -9.64286 -6.13756
vt -7.17281 1.98847
vt -7.1592 1.97082
vt -9.26601 1.97249
vt -9.26601 1.97249
vt -7.1592 1.97082
vt -9.27902 1.95324
vt -7.88989 -2.40785
vt -7.88989 -2.43108
vt -9.64286 -2.40785
vt 9.66622 3.5825
vt 10.0595 3.5113
vt 9.65561 3.55976
vt -6.71864 6.36747
vt -9.71864 6.36747
vt -6.71864 6.39257
vt -9.71864 5.36146
vt -6.71864 5.36146
vt -9.71864 5.33636
vt -6.71864 3.5113
vt -9.51105 2.86719
vt -9.71864 3.5113
vt -10.0595 2.74219
vt -9.64779 3.53591
vt -9.64286 2.74219
vt -10.0643 3.66393
vt -10.0595 2.74219
vt -10.4747 0
vt 10.2671 3.80208
vt 10.4747 0
vt 10.2347 3.79965
vt -10.2347 3.79965
vt -10.2029 3.79241
vt -10.4747 0
vt -9.71864 10.4898
vt -9.71864 10.5224
vt -6.71864 10.4898
vt -6.71864 10.5224
vt -6.71864 10.4898
vt -9.71864 10.5224
vt 10.0968 3.72013
vt 10.4747 0
vt 10.0785 3.69325
vt -6.71864 7.67325
vt -9.71864 7.67325
vt -6.71864 7.7058
vt -9.71864 6.47468
vt -6.71864 6.47468
vt -9.71864 6.45847
vt -10.0595 3.64845
vt -10.0595 3.5113
vt -10.0643 3.66393
vt 6.71864 1.49281
vt 9.71864 1.49281
vt 6.71864 1.46771
vt -10.0595 3.5113
vt -10.0546 3.53591
vt -10.0595 2.74219
vt 10.0546 3.53591
vt 10.0595 3.5113
vt 10.0468 3.55976
vt -9.51105 2.86719
vt -6.71864 3.5113
vt -6.92623 2.86719
vt -9.64286 -6.63935
vt -7.88989 -6.63935
vt -9.64286 -6.68172
vt 7.88989 7.15664
vt 9.64286 7.15664
vt 7.88989 7.11426
vt -6.92623 2.86719
vt -6.96844 2.86336
vt -9.46885 2.86336
vt 7.88989 9.88978
vt 9.64286 9.88978
vt 7.88989 9.8474
vt -9.59408 2.85202
vt -9.42802 2.85202
vt -9.63221 2.83352
vt -9.25061 1.98989
vt -9.26601 1.97249
vt -9.30346 2.74219
vt -9.64286 -5.64947
vt -7.88989 -5.64947
vt -9.64286 -5.6727
vt -7.88989 -6.58481
vt -9.64286 -6.58481
vt -7.88989 -6.56157
vt -7.18875 2.00404
vt -7.17281 1.98847
vt -9.25061 1.98989
vt -9.23308 2.00514
vt -7.18875 2.00404
vt -9.25061 1.98989
vt -9.64286 3.5113
vt -9.64286 2.74219
vt -9.64779 3.53591
vt -9.63221 2.83352
vt -9.66639 2.80848
vt -9.71864 3.5113
vt -9.26601 1.97249
vt -9.27902 1.95324
vt -9.30346 2.74219
vt -7.88989 -7.42959
vt -9.64286 -7.42959
vt -7.88989 -7.38722
vt -9.25061 1.98989
vt -7.17281 1.98847
vt -9.26601 1.97249
vt -7.88989 -3.55488
vt -7.88989 -3.57811
vt -9.64286 -3.55488
vt -9.64286 -3.57811
vt -9.64286 -3.55488
vt -7.88989 -3.57811
vt 9.67947 3.60383
vt 10.0595 3.5113
vt 9.66622 3.5825
vt -6.71864 7.30772
vt -9.71864 7.30772
vt -6.71864 7.33282
vt -9.71864 6.39257
vt -6.71864 6.39257
vt -9.71864 6.36747
vt -9.51105 2.86719
vt -9.55325 2.86336
vt -9.71864 3.5113
vt -9.65561 3.55976
vt -9.64779 3.53591
vt -10.0595 2.74219
vt -10.0595 2.74219
vt -10.0643 3.66393
vt -10.0595 3.5113
vt -10.0785 3.69325
vt -10.0643 3.66393
vt -10.4747 0
vt 10.2347 3.79965
vt 10.4747 0
vt 10.2029 3.79241
vt -10.2029 3.79241
vt -10.1726 3.78053
vt -10.4747 0
vt -9.71864 10.7908
vt -9.71864 10.8233
vt -6.71864 10.7908
vt -6.71864 10.8233
vt -6.71864 10.7908
vt -9.71864 10.8233
vt 10.119 3.74398
vt 10.4747 0
vt 10.0968 3.72013
vt -6.71864 8.73283
vt -9.71864 8.73283
vt -6.71864 8.76538
vt -9.71864 7.7058
vt -6.71864 7.7058
vt -9.71864 7.67325
vt 9.71864 0.225074
vt 6.71864 0.225074
vt 9.71864 0.250173
vt -10.0546 3.53591
vt -10.0468 3.55976
vt -10.0595 2.74219
vt 10.0468 3.55976
vt 10.0595 3.5113
vt 10.0362 3.5825
vt 6.71864 0.250173
vt 9.71864 0.250173
vt 6.71864 0.225074
vt -9.51105 2.86719
vt -6.92623 2.86719
vt -9.46885 2.86336
vt 9.64286 9.68854
vt 7.88989 9.68854
vt 9.64286 9.73092
vt -9.46885 2.86336
vt -9.42802 2.85202
vt -9.59408 2.85202
vt -9.64286 -4.66478
vt -9.64286 -4.64155
vt -7.88989 -4.66478
vt -7.88989 -5.6727
vt -9.64286 -5.6727
vt -7.88989 -5.64947
vt -9.59408 2.85202
vt -9.63221 2.83352
vt -9.71864 3.5113
vt -9.64286 -7.38722
vt -7.88989 -7.38722
vt -9.64286 -7.42959
vt -7.88989 -4.64155
vt -7.88989 -4.66478
vt -9.64286 -4.64155
vt 9.69516 3.62342
vt 10.0595 3.5113
vt 9.67947 3.60383
vt -6.71864 8.14372
vt -9.71864 8.14372
vt -6.71864 8.16882
vt -9.71864 7.33282
vt -6.71864 7.33282
vt -9.71864 7.30772
vt -9.55325 2.86336
vt -9.59408 2.85202
vt -9.71864 3.5113
vt -9.64286 -9.21362
vt -7.88989 -9.21362
vt -9.64286 -9.256
vt -9.66622 3.5825
vt -9.65561 3.55976
vt -10.0595 2.74219
vt -10.0968 3.72013
vt -10.0785 3.69325
vt -10.4747 0
vt 10.2029 3.79241
vt 10.4747 0
vt 10.1726 3.78053
vt -10.1726 3.78053
vt -10.1444 3.76426
vt -10.4747 0
vt -9.71864 10.8507
vt -9.71864 10.8832
vt -6.71864 10.8507
vt -6.71864 10.8832
vt -6.71864 10.8507
vt -9.71864 10.8832
vt 10.1444 3.76426
vt 10.4747 0
vt 10.119 3.74398
vt -6.71864 9.59722
vt -9.71864 9.59722
vt -6.71864 9.62977
vt -9.71864 8.76538
vt -6.71864 8.76538
vt -9.71864 8.73283
vt -10.0468 3.55976
vt -10.0362 3.5825
vt -10.0595 2.74219
vt 10.0362 3.5825
vt 10.0595 3.5113
vt 10.0229 3.60383
vt 6.71864 -0.995848
vt 9.71864 -0.995848
vt 6.71864 -1.02095
vt 9.71864 -1.02095
vt 6.71864 -1.02095
vt 9.71864 -0.995848
vt 7.88989 9.73092
vt 9.64286 9.73092
vt 7.88989 9.68854
vt -9.55325 2.86336
vt -9.46885 2.86336
vt -9.59408 2.85202
vt -7.88989 -8.48048
vt -9.64286 -8.48048
vt -7.88989 -8.4381
vt 9.71307 3.641
vt 10.0595 3.5113
vt 9.69516 3.62342
vt -6.71864 8.86358
vt -9.71864 8.86358
vt -6.71864 8.88868
vt -9.71864 8.16882
vt -6.71864 8.16882
vt -9.71864 8.14372
vt -9.64286 -8.4381
vt -7.88989 -8.4381
vt -9.64286 -8.48048
vt -7.88989 -9.256
vt -9.64286 -9.256
vt -7.88989 -9.21362
vt -9.67947 3.60383
vt -9.66622 3.5825
vt -10.0595 2.74219
vt -10.119 3.74398
vt -10.0968 3.72013
vt -10.4747 0
vt 10.1726 3.78053
vt 10.4747 0
vt 10.1444 3.76426
vt -10.1444 3.76426
vt -10.119 3.74398
vt -10.4747 0
vt -9.71864 10.6681
vt -9.71864 10.7006
vt -6.71864 10.6681
vt -6.71864 10.7006
vt -6.71864 10.6681
vt -9.71864 10.7006
vt -6.71864 10.2797
vt -6.71864 10.2471
vt -9.71864 10.2797
vt -9.71864 9.62977
vt -6.71864 9.62977
vt -9.71864 9.59722
vt -10.0362 3.5825
vt -10.0229 3.60383
vt -10.0595 2.74219
vt 10.0229 3.60383
vt 10.0595 3.5113
vt 10.0072 3.62342
vt 6.71864 -2.22751
vt 9.71864 -2.22751
vt 6.71864 -2.25261
vt 9.71864 -2.25261
vt 6.71864 -2.25261
vt 9.71864 -2.22751
vt -9.51105 2.86719
vt -9.46885 2.86336
vt -9.55325 2.86336
vt 9.73295 3.65632
vt 10.0595 3.5113
vt 9.71307 3.641
vt -6.71864 9.48213
vt -6.71864 9.45703
vt -9.71864 9.48213
vt -9.71864 8.88868
vt -6.71864 8.88868
vt -9.71864 8.86358
vt -9.69516 3.62342
vt -9.67947 3.60383
vt -10.0595 2.74219
vt -9.71864 10.2471
vt -9.71864 10.2797
vt -6.71864 10.2471
vt -10.0229 3.60383
vt -10.0072 3.62342
vt -10.0595 2.74219
vt 10.0072 3.62342
vt 10.0595 3.5113
vt 9.98932 3.641
vt 6.71864 -3.42727
vt 9.71864 -3.42727
vt 6.71864 -3.45237
vt 9.71864 -3.45237
vt 6.71864 -3.45237
vt 9.71864 -3.42727
vt 9.75451 3.66917
vt 10.0595 3.5113
vt 9.73295 3.65632
vt -6.71864 9.94073
vt -6.71864 9.91563
vt -9.71864 9.94073
vt -9.71864 9.45703
vt -9.71864 9.48213
vt -6.71864 9.45703
vt -9.71864 9.91563
vt -9.71864 9.94073
vt -6.71864 9.91563
vt -9.71307 3.641
vt -9.69516 3.62342
vt -10.0595 2.74219
vt -10.0072 3.62342
vt -9.98932 3.641
vt -10.0595 2.74219
vt 9.98932 3.641
vt 10.0595 3.5113
vt 9.96944 3.65632
vt 6.71864 -4.60315
vt 6.71864 -4.57805
vt 9.71864 -4.60315
vt 9.77745 3.67936
vt 10.0595 3.5113
vt 9.75451 3.66917
vt -6.71864 10.2579
vt -6.71864 10.2328
vt -9.71864 10.2579
vt -9.71864 10.2328
vt -9.71864 10.2579
vt -6.71864 10.2328
vt -9.73295 3.65632
vt -9.71307 3.641
vt -10.0595 2.74219
vt -9.98932 3.641
vt -9.96944 3.65632
vt -10.0595 2.74219
vt 9.71864 -4.57805
vt 9.71864 -4.60315
vt 6.71864 -4.57805
vt 9.96944 3.65632
vt 10.0595 3.5113
vt 9.94788 3.66917
vt 6.71864 -5.68855
vt 6.71864 -5.66345
vt 9.71864 -5.68855
vt 9.80144 3.68674
vt 10.0595 3.5113
vt 9.77745 3.67936
vt -6.71864 10.4293
vt -6.71864 10.4042
vt -9.71864 10.4293
vt -9.71864 10.4042
vt -9.71864 10.4293
vt -6.71864 10.4042
vt -9.75451 3.66917
vt -9.73295 3.65632
vt -10.0595 2.74219
vt -9.96944 3.65632
vt -9.94788 3.66917
vt -10.0595 2.74219
vt 9.71864 -5.66345
vt 9.71864 -5.68855
vt 6.71864 -5.66345
vt 9.94788 3.66917
vt 10.0595 3.5113
vt 9.92494 3.67936
vt 6.71864 -6.69312
vt 6.71864 -6.66802
vt 9.71864 -6.69312
vt 9.82614 3.69121
vt 10.0595 3.5113
vt 9.80144 3.68674
vt -6.71864 10.4522
vt -6.71864 10.4271
vt -9.71864 10.4522
vt -9.71864 10.4271
vt -9.71864 10.4522
vt -6.71864 10.4271
vt -9.77745 3.67936
vt -9.75451 3.66917
vt -10.0595 2.74219
vt -9.94788 3.66917
vt -9.92494 3.67936
vt -10.0595 2.74219
vt 9.71864 -6.66802
vt 9.71864 -6.69312
vt 6.71864 -6.66802
vt 9.92494 3.67936
vt 10.0595 3.5113
vt 9.90095 3.68674
vt 6.71864 -7.60256
vt 6.71864 -7.57746
vt 9.71864 -7.60256
vt 9.85119 3.69271
vt 10.0595 3.5113
vt 9.82614 3.69121
vt -6.71864 10.3265
vt -6.71864 10.3014
vt -9.71864 10.3265
vt -9.71864 10.3014
vt -9.71864 10.3265
vt -6.71864 10.3014
vt -9.80144 3.68674
vt -9.77745 3.67936
vt -10.0595 2.74219
vt -9.92494 3.67936
vt -9.90095 3.68674
vt -10.0595 2.74219
vt 9.71864 -7.57746
vt 9.71864 -7.60256
vt 6.71864 -7.57746
vt 9.90095 3.68674
vt 10.0595 3.5113
vt 9.87625 3.69121
vt 6.71864 -8.40391
vt 6.71864 -8.37881
vt 9.71864 -8.40391
vt 9.87625 3.69121
vt 10.0595 3.5113
vt 9.85119 3.69271
vt -6.71864 10.054
vt -6.71864 10.0289
vt -9.71864 10.054
vt -9.71864 10.0289
vt -9.71864 10.054
vt -6.71864 10.0289
vt -9.82614 3.69121
vt -9.80144 3.68674
vt -10.0595 2.74219
vt -9.90095 3.68674
vt -9.87625 3.69121
vt -10.0595 2.74219
vt 9.71864 -8.37881
vt 9.71864 -8.40391
vt 6.71864 -8.37881
vt 6.71864 -9.08576
vt 6.71864 -9.06067
vt 9.71864 -9.08576
vt 6.71864 -9.63841
vt 6.71864 -9.61331
vt 9.71864 -9.63841
vt 9.71864 -9.61331
vt 9.71864 -9.63841
vt 6.71864 -9.61331
vt -9.85119 3.69271
vt -9.82614 3.69121
vt -10.0595 2.74219
vt -9.87625 3.69121
vt -9.85119 3.69271
vt -10.0595 2.74219
vt 9.71864 -9.06067
vt 9.71864 -9.08576
vt 6.71864 -9.06067
usemtl 5420d4699cf0125fd08f8c5dee475682_1
f 1/1/1 2/2/2 3/3/3
f 4/4/4 5/5/5 6/6/6
f 7/7/7 8/8/8 9/9/9
f 10/10/10 11/11/11 12/12/12
f 13/13/13 14/14/14 15/15/15
f 16/16/16 17/17/17 18/18/18
f 19/19/19 20/20/20 21/21/21
f 22/22/22 23/23/23 24/24/24
f 25/25/25 26/26/26 27/27/27
f 28/28/28 29/29/29 30/30/30
f 31/31/31 32/32/32 33/33/33
f 34/34/34 35/35/35 36/36/36
f 37/37/37 38/38/38 39/39/39
f 40/40/40 41/41/41 42/42/42
f 43/43/43 44/44/44 45/45/45
f 46/46/46 47/47/47 48/48/48
f 49/49/49 50/50/50 51/51/51
f 52/52/52 53/53/53 54/54/54
f 55/55/55 56/56/56 57/57/57
f 58/58/58 59/59/59 60/60/60
f 61/61/61 62/62/62 63/63/63
f 64/64/64 65/65/65 66/66/66
f 67/67/67 68/68/68 69/69/69
f 70/70/70 71/71/71 72/72/72
f 73/73/73 74/74/74 75/75/75
f 76/76/76 77/77/77 78/78/78
f 79/79/79 80/80/80 81/81/81
f 82/82/82 83/83/83 84/84/84
f 85/85/85 86/86/86 87/87/87
f 88/88/88 89/89/89 90/90/90
f 91/91/91 92/92/92 93/93/93
f 94/94/94 95/95/95 96/96/96
f 97/97/97 98/98/98 99/99/99
f 100/100/100 101/101/101 102/102/102
f 103/103/103 104/104/104 105/105/105
f 106/106/106 107/107/107 108/108/108
f 109/109/109 110/110/110 111/111/111
f 112/112/112 113/113/113 114/114/114
f 115/115/115 116/116/116 117/117/117
f 118/118/118 119/119/119 120/120/120
f 121/121/121 122/122/122 123/123/123
f 124/124/124 125/125/125 126/126/126
f 127/127/127 128/128/128 129/129/129
f 130/130/130 131/131/131 132/132/132
f 133/133/133 134/134/134 135/135/135
f 136/136/136 137/137/137 138/138/138
f 139/139/139 140/140/140 141/141/141
f 142/142/142 143/143/143 144/144/144
f 145/145/145 146/146/146 147/147/147
f 148/148/148 149/149/149 150/150/150
f 151/151/151 152/152/152 153/153/153
f 154/154/154 155/155/155 156/156/156
f 157/157/157 158/158/158 159/159/159
f 160/160/160 161/161/161 162/162/162
f 163/163/163 164/164/164 165/165/165
f 166/166/166 167/167/167 168/168/168
f 169/169/169 170/170/170 171/171/171
f 172/172/172 173/173/173 174/174/174
f 175/175/175 176/176/176 177/177/177
f 178/178/178 179/179/179 180/180/180
f 181/181/181 182/182/182 183/183/183
f 184/184/184 185/185/185 186/186/186
f 187/187/187 188/188/188 189/189/189
f 190/190/190 191/191/191 192/192/192
f 193/193/193 194/194/194 195/195/195
f 196/196/196 197/197/197 198/198/198
f 199/199/199 200/200/200 201/201/201
f 202/202/202 203/203/203 204/204/204
f 205/205/205 206/206/206 207/207/207
f 208/208/208 209/209/209 210/210/210
f 211/211/211 212/212/212 213/213/213
f 214/214/214 215/215/215 216/216/216
f 217/217/217 218/218/218 219/219/219
f 220/220/220 221/221/221 222/222/222
f 223/223/223 224/224/224 225/225/225
f 226/226/226 227/227/227 228/228/228
f 229/229/229 230/230/230 231/231/231
f 232/232/232 233/233/233 234/234/234
f 235/235/235 236/236/236 237/237/237
f 238/238/238 239/239/239 240/240/240
f 241/241/241 242/242/242 243/243/243
f 244/244/244 245/245/245 246/246/246
f 247/247/247 248/248/248 249/249/249
f 250/250/250 251/251/251 252/252/252
f 253/253/253 254/254/254 255/255/255
f 256/256/256 257/257/257 258/258/258
f 259/259/259 260/260/260 261/261/261
f 262/262/262 263/263/263 264/264/264
f 265/265/265 266/266/266 267/267/267
f 268/268/268 269/269/269 270/270/270
f 271/271/271 272/272/272 273/273/273
f 274/274/274 275/275/275 276/276/276
f 277/277/277 278/278/278 279/279/279
f 280/280/280 281/281/281 282/282/282
f 283/283/283 284/284/284 285/285/285
f 286/286/286 287/287/287 288/288/288
f 289/289/289 290/290/290 291/291/291
f 292/292/292 293/293/293 294/294/294
f 295/295/295 296/296/296 297/297/297
f 298/298/298 299/299/299 300/300/300
f 301/301/301 302/302/302 303/303/303
f 304/304/304 305/305/305 306/306/306
f 307/307/307 308/308/308 309/309/309
f 310/310/310 311/311/311 312/312/312
f 313/313/313 314/314/314 315/315/315
f 316/316/316 317/317/317 318/318/318
f 319/319/319 320/320/320 321/321/321
f 322/322/322 323/323/323 324/324/324
f 325/325/325 326/326/326 327/327/327
f 328/328/328 329/329/329 330/330/330
f 331/331/331 332/332/332 333/333/333
f 334/334/334 335/335/335 336/336/336
f 337/337/337 338/338/338 339/339/339
f 340/340/340 341/341/341 342/342/342
f 343/343/343 344/344/344 345/345/345
f 346/346/346 347/347/347 348/348/348
f 349/349/349 350/350/350 351/351/351
f 352/352/352 353/353/353 354/354/354
f 355/355/355 356/356/356 357/357/357
f 358/358/358 359/359/359 360/360/360
f 361/361/361 362/362/362 363/363/363
f 364/364/364 365/365/365 366/366/366
f 367/367/367 368/368/368 369/369/369
f 370/370/370 371/371/371 372/372/372
f 373/373/373 374/374/374 375/375/375
f 376/376/376 377/377/377 378/378/378
f 379/379/379 380/380/380 381/381/381
f 382/382/382 383/383/383 384/384/384
f 385/385/385 386/386/386 387/387/387
f 388/388/388 389/389/389 390/390/390
f 391/391/391 392/392/392 393/393/393
f 394/394/394 395/395/395 396/396/396
f 397/397/397 398/398/398 399/399/399
f 400/400/400 401/401/401 402/402/402
f 403/403/403 404/404/404 405/405/405
f 406/406/406 407/407/407 408/408/408
f 409/409/409 410/410/410 411/411/411
f 412/412/412 413/413/413 414/414/414
f 415/415/415 416/416/416 417/417/417
f 418/418/418 419/419/419 420/420/420
f 421/421/421 422/422/422 423/423/423
f 424/424/424 425/425/425 426/426/426
f 427/427/427 428/428/428 429/429/429
f 430/430/430 431/431/431 432/432/432
f 433/433/433 434/434/434 435/435/435
f 436/436/436 437/437/437 438/438/438
f 439/439/439 440/440/440 441/441/441
f 442/442/442 443/443/443 444/444/444
f 445/445/445 446/446/446 447/447/447
f 448/448/448 449/449/449 450/450/450
f 451/451/451 452/452/452 453/453/453
f 454/454/454 455/455/455 456/456/456
f 457/457/457 458/458/458 459/459/459
f 460/460/460 461/461/461 462/462/462
f 463/463/463 464/464/464 465/465/465
f 466/466/466 467/467/467 468/468/468
f 469/469/469 470/470/470 471/471/471
f 472/472/472 473/473/473 474/474/474
f 475/475/475 476/476/476 477/477/477
f 478/478/478 479/479/479 480/480/480
f 481/481/481 482/482/482 483/483/483
f 484/484/484 485/485/485 486/486/486
f 487/487/487 488/488/488 489/489/489
f 490/490/490 491/491/491 492/492/492
f 493/493/493 494/494/494 495/495/495
f 496/496/496 497/497/497 498/498/498
f 499/499/499 500/500/500 501/501/501
f 502/502/502 503/503/503 504/504/504
f 505/505/505 506/506/506 507/507/507
f 508/508/508 509/509/509 510/510/510
f 511/511/511 512/512/512 513/513/513
f 514/514/514 515/515/515 516/516/516
f 517/517/517 518/518/518 519/519/519
f 520/520/520 521/521/521 522/522/522
f 523/523/523 524/524/524 525/525/525
f 526/526/526 527/527/527 528/528/528
f 529/529/529 530/530/530 531/531/531
f 532/532/532 533/533/533 534/534/534
f 535/535/535 536/536/536 537/537/537
f 538/538/538 539/539/539 540/540/540
f 541/541/541 542/542/542 543/543/543
f 544/544/544 545/545/545 546/546/546
f 547/547/547 548/548/548 549/549/549
f 550/550/550 551/551/551 552/552/552
f 553/553/553 554/554/554 555/555/555
f 556/556/556 557/557/557 558/558/558
f 559/559/559 560/560/560 561/561/561
f 562/562/562 563/563/563 564/564/564
f 565/565/565 566/566/566 567/567/567
f 568/568/568 569/569/569 570/570/570
f 571/571/571 572/572/572 573/573/573
f 574/574/574 575/575/575 576/576/576
f 577/577/577 578/578/578 579/579/579
f 580/580/580 581/581/581 582/582/582
f 583/583/583 584/584/584 585/585/585
f 586/586/586 587/587/587 588/588/588
f 589/589/589 590/590/590 591/591/591
f 592/592/592 593/593/593 594/594/594
f 595/595/595 596/596/596 597/597/597
f 598/598/598 599/599/599 600/600/600
f 601/601/601 602/602/602 603/603/603
f 604/604/604 605/605/605 606/606/606
f 607/607/607 608/608/608 609/609/609
f 610/610/610 611/611/611 612/612/612
f 613/613/613 614/614/614 615/615/615
f 616/616/616 617/617/617 618/618/618
f 619/619/619 620/620/620 621/621/621
f 622/622/622 623/623/623 624/624/624
f 625/625/625 626/626/626 627/627/627
f 628/628/628 629/629/629 630/630/630
f 631/631/631 632/632/632 633/633/633
f 634/634/634 635/635/635 636/636/636
f 637/637/637 638/638/638 639/639/639
f 640/640/640 641/641/641 642/642/642
f 643/643/643 644/644/644 645/645/645
f 646/646/646 647/647/647 648/648/648
f 649/649/649 650/650/650 651/651/651
f 652/652/652 653/653/653 654/654/654
f 655/655/655 656/656/656 657/657/657
f 658/658/658 659/659/659 660/660/660
f 661/661/661 662/662/662 663/663/663
f 664/664/664 665/665/665 666/666/666
f 667/667/667 668/668/668 669/669/669
f 670/670/670 671/671/671 672/672/672
f 673/673/673 674/674/674 675/675/675
f 676/676/676 677/677/677 678/678/678
f 679/679/679 680/680/680 681/681/681
f 682/682/682 683/683/683 684/684/684
f 685/685/685 686/686/686 687/687/687
f 688/688/688 689/689/689 690/690/690
f 691/691/691 692/692/692 693/693/693
f 694/694/694 695/695/695 696/696/696
f 697/697/697 698/698/698 699/699/699
f 700/700/700 701/701/701 702/702/702
f 703/703/703 704/704/704 705/705/705
f 706/706/706 707/707/707 708/708/708
f 709/709/709 710/710/710 711/711/711
f 712/712/712 713/713/713 714/714/714
f 715/715/715 716/716/716 717/717/717
f 718/718/718 719/719/719 720/720/720
f 721/721/721 722/722/722 723/723/723
f 724/724/724 725/725/725 726/726/726
f 727/727/727 728/728/728 729/729/729
f 730/730/730 731/731/731 732/732/732
f 733/733/733 734/734/734 735/735/735
f 736/736/736 737/737/737 738/738/738
f 739/739/739 740/740/740 741/741/741
f 742/742/742 743/743/743 744/744/744
f 745/745/745 746/746/746 747/747/747
f 748/748/748 749/749/749 750/750/750
f 751/751/751 752/752/752 753/753/753
f 754/754/754 755/755/755 756/756/756
f 757/757/757 758/758/758 759/759/759
f 760/760/760 761/761/761 762/762/762
f 763/763/763 764/764/764 765/765/765
f 766/766/766 767/767/767 768/768/768
f 769/769/769 770/770/770 771/771/771
f 772/772/772 773/773/773 774/774/774
f 775/775/775 776/776/776 777/777/777
f 778/778/778 779/779/779 780/780/780
f 781/781/781 782/782/782 783/783/783
f 784/784/784 785/785/785 786/786/786
f 787/787/787 788/788/788 789/789/789
f 790/790/790 791/791/791 792/792/792
f 793/793/793 794/794/794 795/795/795
f 796/796/796 797/797/797 798/798/798
f 799/799/799 800/800/800 801/801/801
f 802/802/802 803/803/803 804/804/804
f 805/805/805 806/806/806 807/807/807
f 808/808/808 809/809/809 810/810/810
f 811/811/811 812/812/812 813/813/813
f 814/814/814 815/815/815 816/816/816
f 817/817/817 818/818/818 819/819/819
f 820/820/820 821/821/821 822/822/822
f 823/823/823 824/824/824 825/825/825
f 826/826/826 827/827/827 828/828/828
f 829/829/829 830/830/830 831/831/831
f 832/832/832 833/833/833 834/834/834
f 835/835/835 836/836/836 837/837/837
f 838/838/838 839/839/839 840/840/840
f 841/841/841 842/842/842 843/843/843
f 844/844/844 845/845/845 846/846/846
f 847/847/847 848/848/848 849/849/849
f 850/850/850 851/851/851 852/852/852
f 853/853/853 854/854/854 855/855/855
f 856/856/856 857/857/857 858/858/858
f 859/859/859 860/860/860 861/861/861
f 862/862/862 863/863/863 864/864/864
f 865/865/865 866/866/866 867/867/867
f 868/868/868 869/869/869 870/870/870
f 871/871/871 872/872/872 873/873/873
f 874/874/874 875/875/875 876/876/876
f 877/877/877 878/878/878 879/879/879
f 880/880/880 881/881/881 882/882/882
f 883/883/883 884/884/884 885/885/885
f 886/886/886 887/887/887 888/888/888
f 889/889/889 890/890/890 891/891/891
f 892/892/892 893/893/893 894/894/894
f 895/895/895 896/896/896 897/897/897
f 898/898/898 899/899/899 900/900/900
f 901/901/901 902/902/902 903/903/903
f 904/904/904 905/905/905 906/906/906
f 907/907/907 908/908/908 909/909/909
f 910/910/910 911/911/911 912/912/912
f 913/913/913 914/914/914 915/915/915
f 916/916/916 917/917/917 918/918/918
f 919/919/919 920/920/920 921/921/921
f 922/922/922 923/923/923 924/924/924
f 925/925/925 926/926/926 927/927/927
f 928/928/928 929/929/929 930/930/930
f 931/931/931 932/932/932 933/933/933
f 934/934/934 935/935/935 936/936/936
f 937/937/937 938/938/938 939/939/939
f 940/940/940 941/941/941 942/942/942
f 943/943/943 944/944/944 945/945/945
f 946/946/946 947/947/947 948/948/948
f 949/949/949 950/950/950 951/951/951
f 952/952/952 953/953/953 954/954/954
f 955/955/955 956/956/956 957/957/957
f 958/958/958 959/959/959 960/960/960
f 961/961/961 962/962/962 963/963/963
f 964/964/964 965/965/965 966/966/966
f 967/967/967 968/968/968 969/969/969
f 970/970/970 971/971/971 972/972/972
f 973/973/973 974/974/974 975/975/975
f 976/976/976 977/977/977 978/978/978
f 979/979/979 980/980/980 981/981/981
f 982/982/982 983/983/983 984/984/984
f 985/985/985 986/986/986 987/987/987
f 988/988/988 989/989/989 990/990/990
f 991/991/991 992/992/992 993/993/993
f 994/994/994 995/995/995 996/996/996
f 997/997/997 998/998/998 999/999/999
f 1000/1000/1000 1001/1001/1001 1002/1002/1002
f 1003/1003/1003 1004/1004/1004 1005/1005/1005
f 1006/1006/1006 1007/1007/1007 1008/1008/1008
f 1009/1009/1009 1010/1010/1010 1011/1011/1011
f 1012/1012/1012 1013/1013/1013 1014/1014/1014
f 1015/1015/1015 1016/1016/1016 1017/1017/1017
f 1018/1018/1018 1019/1019/1019 1020/1020/1020
f 1021/1021/1021 1022/1022/1022 1023/1023/1023
f 1024/1024/1024 1025/1025/1025 1026/1026/1026
f 1027/1027/1027 1028/1028/1028 1029/1029/1029
f 1030/1030/1030 1031/1031/1031 1032/1032/1032
f 1033/1033/1033 1034/1034/1034 1035/1035/1035
f 1036/1036/1036 1037/1037/1037 1038/1038/1038
f 1039/1039/1039 1040/1040/1040 1041/1041/1041
f 1042/1042/1042 1043/1043/1043 1044/1044/1044
f 1045/1045/1045 1046/1046/1046 1047/1047/1047
f 1048/1048/1048 1049/1049/1049 1050/1050/1050
f 1051/1051/1051 1052/1052/1052 1053/1053/1053
f 1054/1054/1054 1055/1055/1055 1056/1056/1056
f 1057/1057/1057 1058/1058/1058 1059/1059/1059
f 1060/1060/1060 1061/1061/1061 1062/1062/1062
f 1063/1063/1063 1064/1064/1064 1065/1065/1065
f 1066/1066/1066 1067/1067/1067 1068/1068/1068
f 1069/1069/1069 1070/1070/1070 1071/1071/1071
f 1072/1072/1072 1073/1073/1073 1074/1074/1074
f 1075/1075/1075 1076/1076/1076 1077/1077/1077
f 1078/1078/1078 1079/1079/1079 1080/1080/1080
f 1081/1081/1081 1082/1082/1082 1083/1083/1083
f 1084/1084/1084 1085/1085/1085 1086/1086/1086
f 1087/1087/1087 1088/1088/1088 1089/1089/1089
f 1090/1090/1090 1091/1091/1091 1092/1092/1092
f 1093/1093/1093 1094/1094/1094 1095/1095/1095
f 1096/1096/1096 1097/1097/1097 1098/1098/1098
f 1099/1099/1099 1100/1100/1100 1101/1101/1101
f 1102/1102/1102 1103/1103/1103 1104/1104/1104
f 1105/1105/1105 1106/1106/1106 1107/1107/1107
f 1108/1108/1108 1109/1109/1109 1110/1110/1110
f 1111/1111/1111 1112/1112/1112 1113/1113/1113
f 1114/1114/1114 1115/1115/1115 1116/1116/1116
usemtl 5420d4699cf0125fd08f8c5dee475682_2
f 1117/1117/1117 1118/1118/1118 1119/1119/1119
f 1120/1120/1120 1121/1121/1121 1122/1122/1122
f 1123/1123/1123 1124/1124/1124 1125/1125/1125
f 1126/1126/1126 1127/1127/1127 1128/1128/1128
f 1129/1129/1129 1130/1130/1130 1131/1131/1131
f 1132/1132/1132 1133/1133/1133 1134/1134/1134
f 1135/1135/1135 1136/1136/1136 1137/1137/1137
f 1138/1138/1138 1139/1139/1139 1140/1140/1140
f 1141/1141/1141 1142/1142/1142 1143/1143/1143
f 1144/1144/1144 1145/1145/1145 1146/1146/1146
f 1147/1147/1147 1148/1148/1148 1149/1149/1149
f 1150/1150/1150 1151/1151/1151 1152/1152/1152
f 1153/1153/1153 1154/1154/1154 1155/1155/1155
f 1156/1156/1156 1157/1157/1157 1158/1158/1158
f 1159/1159/1159 1160/1160/1160 1161/1161/1161
f 1162/1162/1162 1163/1163/1163 1164/1164/1164
f 1165/1165/1165 1166/1166/1166 1167/1167/1167
f 1168/1168/1168 1169/1169/1169 1170/1170/1170
f 1171/1171/1171 1172/1172/1172 1173/1173/1173
f 1174/1174/1174 1175/1175/1175 1176/1176/1176
f 1177/1177/1177 1178/1178/1178 1179/1179/1179
f 1180/1180/1180 1181/1181/1181 1182/1182/1182
f 1183/1183/1183 1184/1184/1184 1185/1185/1185
f 1186/1186/1186 1187/1187/1187 1188/1188/1188
f 1189/1189/1189 1190/1190/1190 1191/1191/1191
f 1192/1192/1192 1193/1193/1193 1194/1194/1194
f 1195/1195/1195 1196/1196/1196 1197/1197/1197
f 1198/1198/1198 1199/1199/1199 1200/1200/1200
f 1201/1201/1201 1202/1202/1202 1203/1203/1203
f 1204/1204/1204 1205/1205/1205 1206/1206/1206
f 1207/1207/1207 1208/1208/1208 1209/1209/1209
f 1210/1210/1210 1211/1211/1211 1212/1212/1212
f 1213/1213/1213 1214/1214/1214 1215/1215/1215
f 1216/1216/1216 1217/1217/1217 1218/1218/1218
f 1219/1219/1219 1220/1220/1220 1221/1221/1221
f 1222/1222/1222 1223/1223/1223 1224/1224/1224
f 1225/1225/1225 1226/1226/1226 1227/1227/1227
f 1228/1228/1228 1229/1229/1229 1230/1230/1230
f 1231/1231/1231 1232/1232/1232 1233/1233/1233
f 1234/1234/1234 1235/1235/1235 1236/1236/1236
f 1237/1237/1237 1238/1238/1238 1239/1239/1239
f 1240/1240/1240 1241/1241/1241 1242/1242/1242
f 1243/1243/1243 1244/1244/1244 1245/1245/1245
f 1246/1246/1246 1247/1247/1247 1248/1248/1248
f 1249/1249/1249 1250/1250/1250 1251/1251/1251
f 1252/1252/1252 1253/1253/1253 1254/1254/1254
f 1255/1255/1255 1256/1256/1256 1257/1257/1257
f 1258/1258/1258 1259/1259/1259 1260/1260/1260
f 1261/1261/1261 1262/1262/1262 1263/1263/1263
f 1264/1264/1264 1265/1265/1265 1266/1266/1266
f 1267/1267/1267 1268/1268/1268 1269/1269/1269
f 1270/1270/1270 1271/1271/1271 1272/1272/1272
f 1273/1273/1273 1274/1274/1274 1275/1275/1275
f 1276/1276/1276 1277/1277/1277 1278/1278/1278
f 1279/1279/1279 1280/1280/1280 1281/1281/1281
f 1282/1282/1282 1283/1283/1283 1284/1284/1284
f 1285/1285/1285 1286/1286/1286 1287/1287/1287
f 1288/1288/1288 1289/1289/1289 1290/1290/1290
f 1291/1291/1291 1292/1292/1292 1293/1293/1293
f 1294/1294/1294 1295/1295/1295 1296/1296/1296
f 1297/1297/1297 1298/1298/1298 1299/1299/1299
f 1300/1300/1300 1301/1301/1301 1302/1302/1302
f 1303/1303/1303 1304/1304/1304 1305/1305/1305
f 1306/1306/1306 1307/1307/1307 1308/1308/1308
f 1309/1309/1309 1310/1310/1310 1311/1311/1311
f 1312/1312/1312 1313/1313/1313 1314/1314/1314
f 1315/1315/1315 1316/1316/1316 1317/1317/1317
f 1318/1318/1318 1319/1319/1319 1320/1320/1320
f 1321/1321/1321 1322/1322/1322 1323/1323/1323
f 1324/1324/1324 1325/1325/1325 1326/1326/1326
f 1327/1327/1327 1328/1328/1328 1329/1329/1329
f 1330/1330/1330 1331/1331/1331 1332/1332/1332
f 1333/1333/1333 1334/1334/1334 1335/1335/1335
f 1336/1336/1336 1337/1337/1337 1338/1338/1338
f 1339/1339/1339 1340/1340/1340 1341/1341/1341
f 1342/1342/1342 1343/1343/1343 1344/1344/1344
f 1345/1345/1345 1346/1346/1346 1347/1347/1347
f 1348/1348/1348 1349/1349/1349 1350/1350/1350
f 1351/1351/1351 1352/1352/1352 1353/1353/1353
f 1354/1354/1354 1355/1355/1355 1356/1356/1356
f 1357/1357/1357 1358/1358/1358 1359/1359/1359
f 1360/1360/1360 1361/1361/1361 1362/1362/1362
f 1363/1363/1363 1364/1364/1364 1365/1365/1365
f 1366/1366/1366 1367/1367/1367 1368/1368/1368
f 1369/1369/1369 1370/1370/1370 1371/1371/1371
f 1372/1372/1372 1373/1373/1373 1374/1374/1374
f 1375/1375/1375 1376/1376/1376 1377/1377/1377
f 1378/1378/1378 1379/1379/1379 1380/1380/1380
f 1381/1381/1381 1382/1382/1382 1383/1383/1383
f 1384/1384/1384 1385/1385/1385 1386/1386/1386
f 1387/1387/1387 1388/1388/1388 1389/1389/1389
f 1390/1390/1390 1391/1391/1391 1392/1392/1392
f 1393/1393/1393 1394/1394/1394 1395/1395/1395
f 1396/1396/1396 1397/1397/1397 1398/1398/1398
f 1399/1399/1399 1400/1400/1400 1401/1401/1401
f 1402/1402/1402 1403/1403/1403 1404/1404/1404
f 1405/1405/1405 1406/1406/1406 1407/1407/1407
f 1408/1408/1408 1409/1409/1409 1410/1410/1410
f 1411/1411/1411 1412/1412/1412 1413/1413/1413
f 1414/1414/1414 1415/1415/1415 1416/1416/1416
f 1417/1417/1417 1418/1418/1418 1419/1419/1419
f 1420/1420/1420 1421/1421/1421 1422/1422/1422
f 1423/1423/1423 1424/1424/1424 1425/1425/1425
f 1426/1426/1426 1427/1427/1427 1428/1428/1428
f 1429/1429/1429 1430/1430/1430 1431/1431/1431
f 1432/1432/1432 1433/1433/1433 1434/1434/1434
f 1435/1435/1435 1436/1436/1436 1437/1437/1437
f 1438/1438/1438 1439/1439/1439 1440/1440/1440
f 1441/1441/1441 1442/1442/1442 1443/1443/1443
f 1444/1444/1444 1445/1445/1445 1446/1446/1446
f 1447/1447/1447 1448/1448/1448 1449/1449/1449
f 1450/1450/1450 1451/1451/1451 1452/1452/1452
f 1453/1453/1453 1454/1454/1454 1455/1455/1455
f 1456/1456/1456 1457/1457/1457 1458/1458/1458
f 1459/1459/1459 1460/1460/1460 1461/1461/1461
f 1462/1462/1462 1463/1463/1463 1464/1464/1464
f 1465/1465/1465 1466/1466/1466 1467/1467/1467
f 1468/1468/1468 1469/1469/1469 1470/1470/1470
f 1471/1471/1471 1472/1472/1472 1473/1473/1473
f 1474/1474/1474 1475/1475/1475 1476/1476/1476
f 1477/1477/1477 1478/1478/1478 1479/1479/1479
f 1480/1480/1480 1481/1481/1481 1482/1482/1482
f 1483/1483/1483 1484/1484/1484 1485/1485/1485
f 1486/1486/1486 1487/1487/1487 1488/1488/1488
f 1489/1489/1489 1490/1490/1490 1491/1491/1491
f 1492/1492/1492 1493/1493/1493 1494/1494/1494
f 1495/1495/1495 1496/1496/1496 1497/1497/1497
f 1498/1498/1498 1499/1499/1499 1500/1500/1500
f 1501/1501/1501 1502/1502/1502 1503/1503/1503
f 1504/1504/1504 1505/1505/1505 1506/1506/1506
f 1507/1507/1507 1508/1508/1508 1509/1509/1509
f 1510/1510/1510 1511/1511/1511 1512/1512/1512
f 1513/1513/1513 1514/1514/1514 1515/1515/1515
f 1516/1516/1516 1517/1517/1517 1518/1518/1518
f 1519/1519/1519 1520/1520/1520 1521/1521/1521
f 1522/1522/1522 1523/1523/1523 1524/1524/1524
f 1525/1525/1525 1526/1526/1526 1527/1527/1527
f 1528/1528/1528 1529/1529/1529 1530/1530/1530
f 1531/1531/1531 1532/1532/1532 1533/1533/1533
f 1534/1534/1534 1535/1535/1535 1536/1536/1536
f 1537/1537/1537 1538/1538/1538 1539/1539/1539
f 1540/1540/1540 1541/1541/1541 1542/1542/1542
f 1543/1543/1543 1544/1544/1544 1545/1545/1545
f 1546/1546/1546 1547/1547/1547 1548/1548/1548
f 1549/1549/1549 1550/1550/1550 1551/1551/1551
f 1552/1552/1552 1553/1553/1553 1554/1554/1554
f 1555/1555/1555 1556/1556/1556 1557/1557/1557
f 1558/1558/1558 1559/1559/1559 1560/1560/1560
f 1561/1561/1561 1562/1562/1562 1563/1563/1563
f 1564/1564/1564 1565/1565/1565 1566/1566/1566
f 1567/1567/1567 1568/1568/1568 1569/1569/1569
f 1570/1570/1570 1571/1571/1571 1572/1572/1572
f 1573/1573/1573 1574/1574/1574 1575/1575/1575
f 1576/1576/1576 1577/1577/1577 1578/1578/1578
f 1579/1579/1579 1580/1580/1580 1581/1581/1581
f 1582/1582/1582 1583/1583/1583 1584/1584/1584
f 1585/1585/1585 1586/1586/1586 1587/1587/1587
f 1588/1588/1588 1589/1589/1589 1590/1590/1590
f 1591/1591/1591 1592/1592/1592 1593/1593/1593
f 1594/1594/1594 1595/1595/1595 1596/1596/1596
f 1597/1597/1597 1598/1598/1598 1599/1599/1599
f 1600/1600/1600 1601/1601/1601 1602/1602/1602
f 1603/1603/1603 1604/1604/1604 1605/1605/1605
f 1606/1606/1606 1607/1607/1607 1608/1608/1608
f 1609/1609/1609 1610/1610/1610 1611/1611/1611
f 1612/1612/1612 1613/1613/1613 1614/1614/1614
f 1615/1615/1615 1616/1616/1616 1617/1617/1617
f 1618/1618/1618 1619/1619/1619 1620/1620/1620
f 1621/1621/1621 1622/1622/1622 1623/1623/1623
f 1624/1624/1624 1625/1625/1625 1626/1626/1626
f 1627/1627/1627 1628/1628/1628 1629/1629/1629
f 1630/1630/1630 1631/1631/1631 1632/1632/1632
f 1633/1633/1633 1634/1634/1634 1635/1635/1635
f 1636/1636/1636 1637/1637/1637 1638/1638/1638
f 1639/1639/1639 1640/1640/1640 1641/1641/1641
f 1642/1642/1642 1643/1643/1643 1644/1644/1644
f 1645/1645/1645 1646/1646/1646 1647/1647/1647
f 1648/1648/1648 1649/1649/1649 1650/1650/1650
f 1651/1651/1651 1652/1652/1652 1653/1653/1653
f 1654/1654/1654 1655/1655/1655 1656/1656/1656
f 1657/1657/1657 1658/1658/1658 1659/1659/1659
f 1660/1660/1660 1661/1661/1661 1662/1662/1662
f 1663/1663/1663 1664/1664/1664 1665/1665/1665
f 1666/1666/1666 1667/1667/1667 1668/1668/1668
f 1669/1669/1669 1670/1670/1670 1671/1671/1671
f 1672/1672/1672 1673/1673/1673 1674/1674/1674
f 1675/1675/1675 1676/1676/1676 1677/1677/1677
f 1678/1678/1678 1679/1679/1679 1680/1680/1680
f 1681/1681/1681 1682/1682/1682 1683/1683/1683
f 1684/1684/1684 1685/1685/1685 1686/1686/1686
f 1687/1687/1687 1688/1688/1688 1689/1689/1689
f 1690/1690/1690 1691/1691/1691 1692/1692/1692
f 1693/1693/1693 1694/1694/1694 1695/1695/1695
f 1696/1696/1696 1697/1697/1697 1698/1698/1698
f 1699/1699/1699 1700/1700/1700 1701/1701/1701
f 1702/1702/1702 1703/1703/1703 1704/1704/1704
f 1705/1705/1705 1706/1706/1706 1707/1707/1707
f 1708/1708/1708 1709/1709/1709 1710/1710/1710
f 1711/1711/1711 1712/1712/1712 1713/1713/1713
f 1714/1714/1714 1715/1715/1715 1716/1716/1716
f 1717/1717/1717 1718/1718/1718 1719/1719/1719
f 1720/1720/1720 1721/1721/1721 1722/1722/1722
f 1723/1723/1723 1724/1724/1724 1725/1725/1725
f 1726/1726/1726 1727/1727/1727 1728/1728/1728
f 1729/1729/1729 1730/1730/1730 1731/1731/1731
f 1732/1732/1732 1733/1733/1733 1734/1734/1734
f 1735/1735/1735 1736/1736/1736 1737/1737/1737
f 1738/1738/1738 1739/1739/1739 1740/1740/1740
f 1741/1741/1741 1742/1742/1742 1743/1743/1743
f 1744/1744/1744 1745/1745/1745 1746/1746/1746
f 1747/1747/1747 1748/1748/1748 1749/1749/1749
f 1750/1750/1750 1751/1751/1751 1752/1752/1752
f 1753/1753/1753 1754/1754/1754 1755/1755/1755
f 1756/1756/1756 1757/1757/1757 1758/1758/1758
f 1759/1759/1759 1760/1760/1760 1761/1761/1761
f 1762/1762/1762 1763/1763/1763 1764/1764/1764
f 1765/1765/1765 1766/1766/1766 1767/1767/1767
f 1768/1768/1768 1769/1769/1769 1770/1770/1770
f 1771/1771/1771 1772/1772/1772 1773/1773/1773
f 1774/1774/1774 1775/1775/1775 1776/1776/1776
f 1777/1777/1777 1778/1778/1778 1779/1779/1779
f 1780/1780/1780 1781/1781/1781 1782/1782/1782
f 1783/1783/1783 1784/1784/1784 1785/1785/1785
f 1786/1786/1786 1787/1787/1787 1788/1788/1788
f 1789/1789/1789 1790/1790/1790 1791/1791/1791
f 1792/1792/1792 1793/1793/1793 1794/1794/1794
f 1795/1795/1795 1796/1796/1796 1797/1797/1797
f 1798/1798/1798 1799/1799/1799 1800/1800/1800
f 1801/1801/1801 1802/1802/1802 1803/1803/1803
f 1804/1804/1804 1805/1805/1805 1806/1806/1806
f 1807/1807/1807 1808/1808/1808 1809/1809/1809
f 1810/1810/1810 1811/1811/1811 1812/1812/1812
f 1813/1813/1813 1814/1814/1814 1815/1815/1815
f 1816/1816/1816 1817/1817/1817 1818/1818/1818
f 1819/1819/1819 1820/1820/1820 1821/1821/1821
f 1822/1822/1822 1823/1823/1823 1824/1824/1824
f 1825/1825/1825 1826/1826/1826 1827/1827/1827
f 1828/1828/1828 1829/1829/1829 1830/1830/1830
f 1831/1831/1831 1832/1832/1832 1833/1833/1833
f 1834/1834/1834 1835/1835/1835 1836/1836/1836
f 1837/1837/1837 1838/1838/1838 1839/1839/1839
f 1840/1840/1840 1841/1841/1841 1842/1842/1842
f 1843/1843/1843 1844/1844/1844 1845/1845/1845
f 1846/1846/1846 1847/1847/1847 1848/1848/1848
f 1849/1849/1849 1850/1850/1850 1851/1851/1851
f 1852/1852/1852 1853/1853/1853 1854/1854/1854
f 1855/1855/1855 1856/1856/1856 1857/1857/1857
f 1858/1858/1858 1859/1859/1859 1860/1860/1860
f 1861/1861/1861 1862/1862/1862 1863/1863/1863
f 1864/1864/1864 1865/1865/1865 1866/1866/1866
f 1867/1867/1867 1868/1868/1868 1869/1869/1869
f 1870/1870/1870 1871/1871/1871 1872/1872/1872
f 1873/1873/1873 1874/1874/1874 1875/1875/1875
f 1876/1876/1876 1877/1877/1877 1878/1878/1878
f 1879/1879/1879 1880/1880/1880 1881/1881/1881
f 1882/1882/1882 1883/1883/1883 1884/1884/1884
f 1885/1885/1885 1886/1886/1886 1887/1887/1887
f 1888/1888/1888 1889/1889/1889 1890/1890/1890
f 1891/1891/1891 1892/1892/1892 1893/1893/1893
f 1894/1894/1894 1895/1895/1895 1896/1896/1896
f 1897/1897/1897 1898/1898/1898 1899/1899/1899
f 1900/1900/1900 1901/1901/1901 1902/1902/1902
f 1903/1903/1903 1904/1904/1904 1905/1905/1905
f 1906/1906/1906 1907/1907/1907 1908/1908/1908
f 1909/1909/1909 1910/1910/1910 1911/1911/1911
f 1912/1912/1912 1913/1913/1913 1914/1914/1914
f 1915/1915/1915 1916/1916/1916 1917/1917/1917
f 1918/1918/1918 1919/1919/1919 1920/1920/1920
f 1921/1921/1921 1922/1922/1922 1923/1923/1923
f 1924/1924/1924 1925/1925/1925 1926/1926/1926
f 1927/1927/1927 1928/1928/1928 1929/1929/1929
f 1930/1930/1930 1931/1931/1931 1932/1932/1932
f 1933/1933/1933 1934/1934/1934 1935/1935/1935
f 1936/1936/1936 1937/1937/1937 1938/1938/1938
f 1939/1939/1939 1940/1940/1940 1941/1941/1941
f 1942/1942/1942 1943/1943/1943 1944/1944/1944
f 1945/1945/1945 1946/1946/1946 1947/1947/1947
f 1948/1948/1948 1949/1949/1949 1950/1950/1950
f 1951/1951/1951 1952/1952/1952 1953/1953/1953
f 1954/1954/1954 1955/1955/1955 1956/1956/1956
f 1957/1957/1957 1958/1958/1958 1959/1959/1959
f 1960/1960/1960 1961/1961/1961 1962/1962/1962
f 1963/1963/1963 1964/1964/1964 1965/1965/1965
f 1966/1966/1966 1967/1967/1967 1968/1968/1968
f 1969/1969/1969 1970/1970/1970 1971/1971/1971
f 1972/1972/1972 1973/1973/1973 1974/1974/1974
f 1975/1975/1975 1976/1976/1976 1977/1977/1977
f 1978/1978/1978 1979/1979/1979 1980/1980/1980
f 1981/1981/1981 1982/1982/1982 1983/1983/1983
f 1984/1984/1984 1985/1985/1985 1986/1986/1986
f 1987/1987/1987 1988/1988/1988 1989/1989/1989
f 1990/1990/1990 1991/1991/1991 1992/1992/1992
f 1993/1993/1993 1994/1994/1994 1995/1995/1995
f 1996/1996/1996 1997/1997/1997 1998/1998/1998
f 1999/1999/1999 2000/2000/2000 2001/2001/2001
f 2002/2002/2002 2003/2003/2003 2004/2004/2004
f 2005/2005/2005 2006/2006/2006 2007/2007/2007
f 2008/2008/2008 2009/2009/2009 2010/2010/2010
f 2011/2011/2011 2012/2012/2012 2013/2013/2013
f 2014/2014/2014 2015/2015/2015 2016/2016/2016
f 2017/2017/2017 2018/2018/2018 2019/2019/2019
f 2020/2020/2020 2021/2021/2021 2022/2022/2022
f 2023/2023/2023 2024/2024/2024 2025/2025/2025
f 2026/2026/2026 2027/2027/2027 2028/2028/2028
f 2029/2029/2029 2030/2030/2030 2031/2031/2031
f 2032/2032/2032 2033/2033/2033 2034/2034/2034
f 2035/2035/2035 2036/2036/2036 2037/2037/2037
f 2038/2038/2038 2039/2039/2039 2040/2040/2040
f 2041/2041/2041 2042/2042/2042 2043/2043/2043
f 2044/2044/2044 2045/2045/2045 2046/2046/2046
f 2047/2047/2047 2048/2048/2048 2049/2049/2049
f 2050/2050/2050 2051/2051/2051 2052/2052/2052
f 2053/2053/2053 2054/2054/2054 2055/2055/2055
f 2056/2056/2056 2057/2057/2057 2058/2058/2058
f 2059/2059/2059 2060/2060/2060 2061/2061/2061
f 2062/2062/2062 2063/2063/2063 2064/2064/2064
f 2065/2065/2065 2066/2066/2066 2067/2067/2067
f 2068/2068/2068 2069/2069/2069 2070/2070/2070
f 2071/2071/2071 2072/2072/2072 2073/2073/2073
f 2074/2074/2074 2075/2075/2075 2076/2076/2076
f 2077/2077/2077 2078/2078/2078 2079/2079/2079
f 2080/2080/2080 2081/2081/2081 2082/2082/2082
f 2083/2083/2083 2084/2084/2084 2085/2085/2085
f 2086/2086/2086 2087/2087/2087 2088/2088/2088
f 2089/2089/2089 2090/2090/2090 2091/2091/2091
f 2092/2092/2092 2093/2093/2093 2094/2094/2094
f 2095/2095/2095 2096/2096/2096 2097/2097/2097
f 2098/2098/2098 2099/2099/2099 2100/2100/2100
f 2101/2101/2101 2102/2102/2102 2103/2103/2103
f 2104/2104/2104 2105/2105/2105 2106/2106/2106
f 2107/2107/2107 2108/2108/2108 2109/2109/2109
f 2110/2110/2110 2111/2111/2111 2112/2112/2112
f 2113/2113/2113 2114/2114/2114 2115/2115/2115
f 2116/2116/2116 2117/2117/2117 2118/2118/2118
f 2119/2119/2119 2120/2120/2120 2121/2121/2121
f 2122/2122/2122 2123/2123/2123 2124/2124/2124
f 2125/2125/2125 2126/2126/2126 2127/2127/2127
f 2128/2128/2128 2129/2129/2129 2130/2130/2130
f 2131/2131/2131 2132/2132/2132 2133/2133/2133
f 2134/2134/2134 2135/2135/2135 2136/2136/2136
f 2137/2137/2137 2138/2138/2138 2139/2139/2139
f 2140/2140/2140 2141/2141/2141 2142/2142/2142
f 2143/2143/2143 2144/2144/2144 2145/2145/2145
f 2146/2146/2146 2147/2147/2147 2148/2148/2148
f 2149/2149/2149 2150/2150/2150 2151/2151/2151
f 2152/2152/2152 2153/2153/2153 2154/2154/2154
f 2155/2155/2155 2156/2156/2156 2157/2157/2157
f 2158/2158/2158 2159/2159/2159 2160/2160/2160
f 2161/2161/2161 2162/2162/2162 2163/2163/2163
f 2164/2164/2164 2165/2165/2165 2166/2166/2166
f 2167/2167/2167 2168/2168/2168 2169/2169/2169
f 2170/2170/2170 2171/2171/2171 2172/2172/2172
f 2173/2173/2173 2174/2174/2174 2175/2175/2175
f 2176/2176/2176 2177/2177/2177 2178/2178/2178
f 2179/2179/2179 2180/2180/2180 2181/2181/2181
f 2182/2182/2182 2183/2183/2183 2184/2184/2184
f 2185/2185/2185 2186/2186/2186 2187/2187/2187
f 2188/2188/2188 2189/2189/2189 2190/2190/2190
f 2191/2191/2191 2192/2192/2192 2193/2193/2193
f 2194/2194/2194 2195/2195/2195 2196/2196/2196
f 2197/2197/2197 2198/2198/2198 2199/2199/2199
f 2200/2200/2200 2201/2201/2201 2202/2202/2202
f 2203/2203/2203 2204/2204/2204 2205/2205/2205
f 2206/2206/2206 2207/2207/2207 2208/2208/2208
