# Created by Open3D 
# object name: 8381dcc6adaa7752b7d9d23574a480ae
# number of vertices: 6380
# number of triangles: 4236
v -0.0482945 -0.159426 0.216862
vn 0.942274 -0.223131 5.76977e-17
v -0.0606555 -0.178284 0.184432
vn 0.885971 -0.309027 5.42501e-17
v -0.0482945 -0.159426 0.184432
vn 0.942274 -0.223131 5.76977e-17
v -0.0606555 -0.178284 0.216862
vn 0.885971 -0.309027 5.42501e-17
v -0.0482945 -0.159426 0.184432
vn -0.942274 0.223131 -5.76977e-17
v -0.0606555 -0.178284 0.184432
vn -0.885971 0.309027 -5.42501e-17
v -0.0482945 -0.159426 0.216862
vn -0.942274 0.223131 -5.76977e-17
v -0.0606555 -0.178284 0.216862
vn -0.885971 0.309027 -5.42501e-17
v -0.0606555 -0.178284 0.184432
vn 6.12323e-17 -3.7494e-33 -1
v -0.235991 -0.162007 0.184432
vn 6.12323e-17 -3.7494e-33 -1
v -0.0482945 -0.159426 0.184432
vn 6.12323e-17 -3.7494e-33 -1
v -0.0482945 -0.159426 0.184432
vn -6.12323e-17 3.7494e-33 1
v -0.235991 -0.162007 0.184432
vn -6.12323e-17 3.7494e-33 1
v -0.0606555 -0.178284 0.184432
vn -6.12323e-17 3.7494e-33 1
v -0.0482945 -0.159426 0.184432
vn 0.943017 -0.221734 5.77431e-17
v -0.0400935 -0.13959 0.216862
vn 0.980376 -0.131369 6.00307e-17
v -0.0482945 -0.159426 0.216862
vn 0.943017 -0.221734 5.77431e-17
v -0.0482945 -0.159426 0.216862
vn -0.943017 0.221734 -5.77431e-17
v -0.0400935 -0.13959 0.216862
vn -0.980376 0.131369 -6.00307e-17
v -0.0482945 -0.159426 0.184432
vn -0.943017 0.221734 -5.77431e-17
v -0.235991 -0.162007 0.216862
vn -6.12323e-17 3.7494e-33 1
v -0.0606555 -0.178284 0.216862
vn -6.12323e-17 3.7494e-33 1
v -0.0482945 -0.159426 0.216862
vn -6.12323e-17 3.7494e-33 1
v -0.0482945 -0.159426 0.216862
vn 6.12323e-17 -3.7494e-33 -1
v -0.0606555 -0.178284 0.216862
vn 6.12323e-17 -3.7494e-33 -1
v -0.235991 -0.162007 0.216862
vn 6.12323e-17 -3.7494e-33 -1
v -0.0606555 -0.178284 0.216862
vn 0.884938 -0.310339 5.41868e-17
v -0.0769215 -0.195776 0.184432
vn 0.81084 -0.39001 4.96497e-17
v -0.0606555 -0.178284 0.184432
vn 0.884938 -0.310339 5.41868e-17
v -0.0606555 -0.178284 0.184432
vn -0.884938 0.310339 -5.41868e-17
v -0.0769215 -0.195776 0.184432
vn -0.81084 0.39001 -4.96497e-17
v -0.0606555 -0.178284 0.216862
vn -0.884938 0.310339 -5.41868e-17
v -0.216243 -0.184297 0.184432
vn 6.12323e-17 -3.7494e-33 -1
v -0.216243 -0.184297 0.184432
vn -6.12323e-17 3.7494e-33 1
v -0.247406 -0.137265 0.184432
vn 6.12323e-17 -3.7494e-33 -1
v -0.247406 -0.137265 0.184432
vn -6.12323e-17 3.7494e-33 1
v -0.0400935 -0.13959 0.184432
vn 0.980376 -0.131369 6.00307e-17
v -0.0400935 -0.13959 0.184432
vn -0.980376 0.131369 -6.00307e-17
v -0.247406 -0.137265 0.216862
vn -6.12323e-17 3.7494e-33 1
v -0.0400935 -0.13959 0.216862
vn -6.12323e-17 3.7494e-33 1
v -0.0400935 -0.13959 0.216862
vn 6.12323e-17 -3.7494e-33 -1
v -0.247406 -0.137265 0.216862
vn 6.12323e-17 -3.7494e-33 -1
v -0.216243 -0.184297 0.216862
vn -6.12323e-17 3.7494e-33 1
v -0.216243 -0.184297 0.216862
vn 6.12323e-17 -3.7494e-33 -1
v -0.0769215 -0.195776 0.216862
vn 0.81084 -0.39001 4.96497e-17
v -0.0769215 -0.195776 0.216862
vn -0.81084 0.39001 -4.96497e-17
v -0.0769215 -0.195776 0.184432
vn 6.12323e-17 -3.7494e-33 -1
v -0.0769215 -0.195776 0.184432
vn -6.12323e-17 3.7494e-33 1
v -0.216243 -0.184297 0.216862
vn -0.796954 -0.40252 -4.87993e-17
v -0.235991 -0.162007 0.184432
vn -0.913871 -0.270553 -5.59584e-17
v -0.216243 -0.184297 0.184432
vn -0.796954 -0.40252 -4.87993e-17
v -0.216243 -0.184297 0.184432
vn 0.796954 0.40252 4.87993e-17
v -0.235991 -0.162007 0.184432
vn 0.913871 0.270553 5.59584e-17
v -0.216243 -0.184297 0.216862
vn 0.796954 0.40252 4.87993e-17
v -0.235991 -0.162007 0.216862
vn -0.915718 -0.267765 -5.60716e-17
v -0.247406 -0.137265 0.184432
vn -0.983299 -0.12128 -6.02097e-17
v -0.235991 -0.162007 0.184432
vn -0.915718 -0.267765 -5.60716e-17
v -0.235991 -0.162007 0.184432
vn 0.915718 0.267765 5.60716e-17
v -0.247406 -0.137265 0.184432
vn 0.983299 0.12128 6.02097e-17
v -0.235991 -0.162007 0.216862
vn 0.915718 0.267765 5.60716e-17
v -0.0400935 -0.13959 0.184432
vn 6.12323e-17 -3.7494e-33 -1
v -0.0400935 -0.13959 0.184432
vn -6.12323e-17 3.7494e-33 1
v -0.0400935 -0.13959 0.184432
vn 0.980812 -0.129916 6.00574e-17
v -0.0362175 -0.119175 0.216862
vn 0.998464 -0.0369252 6.11383e-17
v -0.0400935 -0.13959 0.216862
vn 0.980812 -0.129916 6.00574e-17
v -0.0400935 -0.13959 0.216862
vn -0.980812 0.129916 -6.00574e-17
v -0.0362175 -0.119175 0.216862
vn -0.998464 0.0369252 -6.11383e-17
v -0.0400935 -0.13959 0.184432
vn -0.980812 0.129916 -6.00574e-17
v -0.249859 -0.111433 0.216862
vn -6.12323e-17 3.7494e-33 1
v -0.249859 -0.111433 0.216862
vn 6.12323e-17 -3.7494e-33 -1
v -0.0769215 -0.195776 0.216862
vn -6.12323e-17 3.7494e-33 1
v -0.0769215 -0.195776 0.216862
vn 6.12323e-17 -3.7494e-33 -1
v -0.235991 -0.162007 0.216862
vn -0.913871 -0.270553 -5.59584e-17
v -0.235991 -0.162007 0.216862
vn 0.913871 0.270553 5.59584e-17
v -0.247406 -0.137265 0.216862
vn -0.983299 -0.12128 -6.02097e-17
v -0.247406 -0.137265 0.216862
vn 0.983299 0.12128 6.02097e-17
v -0.0769215 -0.195776 0.216862
vn 0.809536 -0.391212 4.95698e-17
v -0.0967625 -0.211539 0.184432
vn 0.719154 -0.463034 4.40355e-17
v -0.0769215 -0.195776 0.184432
vn 0.809536 -0.391212 4.95698e-17
v -0.0769215 -0.195776 0.184432
vn -0.809536 0.391212 -4.95698e-17
v -0.0967625 -0.211539 0.184432
vn -0.719154 0.463034 -4.40355e-17
v -0.0769215 -0.195776 0.216862
vn -0.809536 0.391212 -4.95698e-17
v -0.18925 -0.202909 0.184432
vn 6.12323e-17 -3.7494e-33 -1
v -0.18925 -0.202909 0.184432
vn -6.12323e-17 3.7494e-33 1
v -0.18925 -0.202909 0.184432
vn -0.634357 -0.515138 -3.88432e-17
v -0.216243 -0.184297 0.216862
vn -0.794182 -0.404945 -4.86297e-17
v -0.216243 -0.184297 0.184432
vn -0.794182 -0.404945 -4.86297e-17
v -0.216243 -0.184297 0.184432
vn 0.794182 0.404945 4.86297e-17
v -0.216243 -0.184297 0.216862
vn 0.794182 0.404945 4.86297e-17
v -0.18925 -0.202909 0.184432
vn 0.634357 0.515138 3.88432e-17
v -0.249859 -0.111433 0.184432
vn 6.12323e-17 -3.7494e-33 -1
v -0.249859 -0.111433 0.184432
vn -6.12323e-17 3.7494e-33 1
v -0.0362175 -0.119175 0.184432
vn 0.998464 -0.0369252 6.11383e-17
v -0.0362175 -0.119175 0.184432
vn -0.998464 0.0369252 -6.11383e-17
v -0.0362175 -0.119175 0.216862
vn -6.12323e-17 3.7494e-33 1
v -0.0362175 -0.119175 0.216862
vn 6.12323e-17 -3.7494e-33 -1
v -0.249859 -0.111433 0.184432
vn -0.998646 0.0346631 -6.11494e-17
v -0.247406 -0.137265 0.216862
vn -0.984121 -0.118281 -6.026e-17
v -0.249859 -0.111433 0.216862
vn -0.998646 0.0346631 -6.11494e-17
v -0.249859 -0.111433 0.216862
vn 0.998646 -0.0346631 6.11494e-17
v -0.247406 -0.137265 0.216862
vn 0.984121 0.118281 6.026e-17
v -0.249859 -0.111433 0.184432
vn 0.998646 -0.0346631 6.11494e-17
v -0.18925 -0.202909 0.216862
vn -6.12323e-17 3.7494e-33 1
v -0.18925 -0.202909 0.216862
vn 6.12323e-17 -3.7494e-33 -1
v -0.247406 -0.137265 0.184432
vn -0.984121 -0.118281 -6.026e-17
v -0.247406 -0.137265 0.184432
vn 0.984121 0.118281 6.026e-17
v -0.0967625 -0.211539 0.216862
vn 0.719154 -0.463034 4.40355e-17
v -0.0967625 -0.211539 0.216862
vn -0.719154 0.463034 -4.40355e-17
v -0.0967625 -0.211539 0.184432
vn 6.12323e-17 -3.7494e-33 -1
v -0.0967625 -0.211539 0.184432
vn -6.12323e-17 3.7494e-33 1
v -0.18925 -0.202909 0.216862
vn -0.634357 -0.515138 -3.88432e-17
v -0.18925 -0.202909 0.216862
vn 0.634357 0.515138 3.88432e-17
v -0.0362175 -0.119175 0.184432
vn 6.12323e-17 -3.7494e-33 -1
v -0.0362175 -0.119175 0.184432
vn -6.12323e-17 3.7494e-33 1
v -0.0367485 -0.0985995 0.184432
vn 0.996169 0.0582735 6.09978e-17
v -0.0362175 -0.119175 0.216862
vn 0.998584 -0.0354446 6.11457e-17
v -0.0362175 -0.119175 0.184432
vn 0.998584 -0.0354446 6.11457e-17
v -0.0362175 -0.119175 0.184432
vn -0.998584 0.0354446 -6.11457e-17
v -0.0362175 -0.119175 0.216862
vn -0.998584 0.0354446 -6.11457e-17
v -0.0367485 -0.0985995 0.184432
vn -0.996169 -0.0582735 -6.09978e-17
v -0.243216 -0.0859303 0.216862
vn -6.12323e-17 3.7494e-33 1
v -0.243216 -0.0859303 0.216862
vn 6.12323e-17 -3.7494e-33 -1
v -0.243216 -0.0859303 0.216862
vn -0.959069 0.1887 -5.8726e-17
v -0.249859 -0.111433 0.184432
vn -0.998398 0.0377069 -6.11342e-17
v -0.249859 -0.111433 0.216862
vn -0.998398 0.0377069 -6.11342e-17
v -0.249859 -0.111433 0.216862
vn 0.998398 -0.0377069 6.11342e-17
v -0.249859 -0.111433 0.184432
vn 0.998398 -0.0377069 6.11342e-17
v -0.243216 -0.0859303 0.216862
vn 0.959069 -0.1887 5.8726e-17
v -0.0967625 -0.211539 0.216862
vn -6.12323e-17 3.7494e-33 1
v -0.0967625 -0.211539 0.216862
vn 6.12323e-17 -3.7494e-33 -1
v -0.119773 -0.225261 0.216862
vn 0.666851 -0.49658 4.08329e-17
v -0.0967625 -0.211539 0.184432
vn 0.717607 -0.464098 4.39408e-17
v -0.0967625 -0.211539 0.216862
vn 0.717607 -0.464098 4.39408e-17
v -0.0967625 -0.211539 0.216862
vn -0.717607 0.464098 -4.39408e-17
v -0.0967625 -0.211539 0.184432
vn -0.717607 0.464098 -4.39408e-17
v -0.119773 -0.225261 0.216862
vn -0.666851 0.49658 -4.08329e-17
v -0.156491 -0.216818 0.184432
vn 6.12323e-17 -3.7494e-33 -1
v -0.156491 -0.216818 0.184432
vn -6.12323e-17 3.7494e-33 1
v -0.156491 -0.216818 0.184432
vn -0.436873 -0.599423 -2.67507e-17
v -0.18925 -0.202909 0.216862
vn -0.630814 -0.517066 -3.86262e-17
v -0.18925 -0.202909 0.184432
vn -0.630814 -0.517066 -3.86262e-17
v -0.18925 -0.202909 0.184432
vn 0.630814 0.517066 3.86262e-17
v -0.18925 -0.202909 0.216862
vn 0.630814 0.517066 3.86262e-17
v -0.156491 -0.216818 0.184432
vn 0.436873 0.599423 2.67507e-17
v -0.243216 -0.0859303 0.184432
vn 6.12323e-17 -3.7494e-33 -1
v -0.243216 -0.0859303 0.184432
vn -6.12323e-17 3.7494e-33 1
v -0.0367485 -0.0985995 0.216862
vn 0.996169 0.0582735 6.09978e-17
v -0.0367485 -0.0985995 0.216862
vn -0.996169 -0.0582735 -6.09978e-17
v -0.0367485 -0.0985995 0.184432
vn 6.12323e-17 -3.7494e-33 -1
v -0.0367485 -0.0985995 0.184432
vn -6.12323e-17 3.7494e-33 1
v -0.0367485 -0.0985995 0.216862
vn -6.12323e-17 3.7494e-33 1
v -0.0367485 -0.0985995 0.216862
vn 6.12323e-17 -3.7494e-33 -1
v -0.243216 -0.0859303 0.184432
vn -0.959069 0.1887 -5.8726e-17
v -0.243216 -0.0859303 0.184432
vn 0.959069 -0.1887 5.8726e-17
v -0.156491 -0.216818 0.216862
vn -6.12323e-17 3.7494e-33 1
v -0.156491 -0.216818 0.216862
vn 6.12323e-17 -3.7494e-33 -1
v -0.119773 -0.225261 0.184432
vn 0.666851 -0.49658 4.08329e-17
v -0.119773 -0.225261 0.184432
vn -0.666851 0.49658 -4.08329e-17
v -0.119773 -0.225261 0.216862
vn -6.12323e-17 3.7494e-33 1
v -0.119773 -0.225261 0.216862
vn 6.12323e-17 -3.7494e-33 -1
v -0.119773 -0.225261 0.184432
vn 6.12323e-17 -3.7494e-33 -1
v -0.119773 -0.225261 0.184432
vn -6.12323e-17 3.7494e-33 1
v -0.156491 -0.216818 0.216862
vn -0.436873 -0.599423 -2.67507e-17
v -0.156491 -0.216818 0.216862
vn 0.436873 0.599423 2.67507e-17
v -0.0416735 -0.0782869 0.184432
vn 0.973539 0.152282 5.96121e-17
v -0.0367485 -0.0985995 0.216862
vn 0.995972 0.0597498 6.09857e-17
v -0.0367485 -0.0985995 0.184432
vn 0.995972 0.0597498 6.09857e-17
v -0.0367485 -0.0985995 0.184432
vn -0.995972 -0.0597498 -6.09857e-17
v -0.0367485 -0.0985995 0.216862
vn -0.995972 -0.0597498 -6.09857e-17
v -0.0416735 -0.0782869 0.184432
vn -0.973539 -0.152282 -5.96121e-17
v -0.0416735 -0.0782869 0.184432
vn 6.12323e-17 -3.7494e-33 -1
v -0.0416735 -0.0782869 0.184432
vn -6.12323e-17 3.7494e-33 1
v -0.0416735 -0.0782869 0.216862
vn -6.12323e-17 3.7494e-33 1
v -0.0416735 -0.0782869 0.216862
vn 6.12323e-17 -3.7494e-33 -1
v -0.227843 -0.0621578 0.216862
vn -0.866746 0.332357 -5.30729e-17
v -0.243216 -0.0859303 0.184432
vn -0.957764 0.191621 -5.86461e-17
v -0.243216 -0.0859303 0.216862
vn -0.957764 0.191621 -5.86461e-17
v -0.243216 -0.0859303 0.216862
vn 0.957764 -0.191621 5.86461e-17
v -0.243216 -0.0859303 0.184432
vn 0.957764 -0.191621 5.86461e-17
v -0.227843 -0.0621578 0.216862
vn 0.866746 -0.332357 5.30729e-17
v -0.156491 -0.216818 0.216862
vn -0.432753 -0.600749 -2.64985e-17
v -0.119773 -0.225261 0.184432
vn -0.326218 -0.629925 -1.99751e-17
v -0.119773 -0.225261 0.216862
vn -0.326218 -0.629925 -1.99751e-17
v -0.119773 -0.225261 0.216862
vn 0.326218 0.629925 1.99751e-17
v -0.119773 -0.225261 0.184432
vn 0.326218 0.629925 1.99751e-17
v -0.156491 -0.216818 0.216862
vn 0.432753 0.600749 2.64985e-17
v -0.156491 -0.216818 0.184432
vn -0.432753 -0.600749 -2.64985e-17
v -0.156491 -0.216818 0.184432
vn 0.432753 0.600749 2.64985e-17
v -0.0416735 -0.0782869 0.216862
vn 0.973539 0.152282 5.96121e-17
v -0.0416735 -0.0782869 0.216862
vn -0.973539 -0.152282 -5.96121e-17
v -0.227843 -0.0621578 0.184432
vn 6.12323e-17 -3.7494e-33 -1
v -0.227843 -0.0621578 0.184432
vn -6.12323e-17 3.7494e-33 1
v -0.227843 -0.0621578 0.216862
vn -6.12323e-17 3.7494e-33 1
v -0.227843 -0.0621578 0.216862
vn 6.12323e-17 -3.7494e-33 -1
v -0.227843 -0.0621578 0.184432
vn -0.866746 0.332357 -5.30729e-17
v -0.227843 -0.0621578 0.184432
vn 0.866746 -0.332357 5.30729e-17
v -0.0508915 -0.0586487 0.184432
vn 0.931035 0.243181 5.70095e-17
v -0.0416735 -0.0782869 0.216862
vn 0.973028 0.153724 5.95808e-17
v -0.0416735 -0.0782869 0.184432
vn 0.973028 0.153724 5.95808e-17
v -0.0416735 -0.0782869 0.184432
vn -0.973028 -0.153724 -5.95808e-17
v -0.0416735 -0.0782869 0.216862
vn -0.973028 -0.153724 -5.95808e-17
v -0.0508915 -0.0586487 0.184432
vn -0.931035 -0.243181 -5.70095e-17
v -0.0508915 -0.0586487 0.184432
vn 6.12323e-17 -3.7494e-33 -1
v -0.0508915 -0.0586487 0.184432
vn -6.12323e-17 3.7494e-33 1
v -0.0508915 -0.0586487 0.216862
vn -6.12323e-17 3.7494e-33 1
v -0.0508915 -0.0586487 0.216862
vn 6.12323e-17 -3.7494e-33 -1
v -0.204584 -0.0414275 0.216862
vn -0.726751 0.457736 -4.45007e-17
v -0.227843 -0.0621578 0.184432
vn -0.864454 0.334996 -5.29326e-17
v -0.227843 -0.0621578 0.216862
vn -0.864454 0.334996 -5.29326e-17
v -0.227843 -0.0621578 0.216862
vn 0.864454 -0.334996 5.29326e-17
v -0.227843 -0.0621578 0.184432
vn 0.864454 -0.334996 5.29326e-17
v -0.204584 -0.0414275 0.216862
vn 0.726751 -0.457736 4.45007e-17
v -0.0508915 -0.0586487 0.216862
vn 0.931035 0.243181 5.70095e-17
v -0.0508915 -0.0586487 0.216862
vn -0.931035 -0.243181 -5.70095e-17
v -0.204584 -0.0414275 0.184432
vn 6.12323e-17 -3.7494e-33 -1
v -0.204584 -0.0414275 0.184432
vn -6.12323e-17 3.7494e-33 1
v -0.204584 -0.0414275 0.216862
vn -6.12323e-17 3.7494e-33 1
v -0.204584 -0.0414275 0.216862
vn 6.12323e-17 -3.7494e-33 -1
v -0.204584 -0.0414275 0.184432
vn -0.726751 0.457736 -4.45007e-17
v -0.204584 -0.0414275 0.184432
vn 0.726751 -0.457736 4.45007e-17
v -0.0642165 -0.0400854 0.184432
vn 0.869526 0.329116 5.32431e-17
v -0.0508915 -0.0586487 0.216862
vn 0.930221 0.24456 5.69596e-17
v -0.0508915 -0.0586487 0.184432
vn 0.930221 0.24456 5.69596e-17
v -0.0508915 -0.0586487 0.184432
vn -0.930221 -0.24456 -5.69596e-17
v -0.0508915 -0.0586487 0.216862
vn -0.930221 -0.24456 -5.69596e-17
v -0.0642165 -0.0400854 0.184432
vn -0.869526 -0.329116 -5.32431e-17
v -0.0642165 -0.0400854 0.184432
vn 6.12323e-17 -3.7494e-33 -1
v -0.0642165 -0.0400854 0.184432
vn -6.12323e-17 3.7494e-33 1
v -0.0642165 -0.0400854 0.216862
vn -6.12323e-17 3.7494e-33 1
v -0.0642165 -0.0400854 0.216862
vn 6.12323e-17 -3.7494e-33 -1
v -0.17472 -0.0248773 0.216862
vn -0.546786 0.557941 -3.3481e-17
v -0.204584 -0.0414275 0.184432
vn -0.723602 0.459947 -4.43078e-17
v -0.204584 -0.0414275 0.216862
vn -0.723602 0.459947 -4.43078e-17
v -0.204584 -0.0414275 0.216862
vn 0.723602 -0.459947 4.43078e-17
v -0.204584 -0.0414275 0.184432
vn 0.723602 -0.459947 4.43078e-17
v -0.17472 -0.0248773 0.216862
vn 0.546786 -0.557941 3.3481e-17
v -0.0642165 -0.0400854 0.216862
vn 0.869526 0.329116 5.32431e-17
v -0.0642165 -0.0400854 0.216862
vn -0.869526 -0.329116 -5.32431e-17
v -0.17472 -0.0248773 0.184432
vn 6.12323e-17 -3.7494e-33 -1
v -0.17472 -0.0248773 0.184432
vn -6.12323e-17 3.7494e-33 1
v -0.17472 -0.0248773 0.216862
vn -6.12323e-17 3.7494e-33 1
v -0.17472 -0.0248773 0.216862
vn 6.12323e-17 -3.7494e-33 -1
v -0.17472 -0.0248773 0.184432
vn -0.546786 0.557941 -3.3481e-17
v -0.17472 -0.0248773 0.184432
vn 0.546786 -0.557941 3.3481e-17
v -0.0813755 -0.0229794 0.184432
vn 0.790265 0.408334 4.83898e-17
v -0.0642165 -0.0400854 0.216862
vn 0.868425 0.330405 5.31757e-17
v -0.0642165 -0.0400854 0.184432
vn 0.868425 0.330405 5.31757e-17
v -0.0642165 -0.0400854 0.184432
vn -0.868425 -0.330405 -5.31757e-17
v -0.0642165 -0.0400854 0.216862
vn -0.868425 -0.330405 -5.31757e-17
v -0.0813755 -0.0229794 0.184432
vn -0.790265 -0.408334 -4.83898e-17
v -0.0813755 -0.0229794 0.184432
vn 6.12323e-17 -3.7494e-33 -1
v -0.0813755 -0.0229794 0.184432
vn -6.12323e-17 3.7494e-33 1
v -0.0813755 -0.0229794 0.216862
vn -6.12323e-17 3.7494e-33 1
v -0.0813755 -0.0229794 0.216862
vn 6.12323e-17 -3.7494e-33 -1
v -0.139892 -0.0134149 0.216862
vn -0.33675 0.627459 -2.062e-17
v -0.17472 -0.0248773 0.184432
vn -0.542952 0.559601 -3.32462e-17
v -0.17472 -0.0248773 0.216862
vn -0.542952 0.559601 -3.32462e-17
v -0.17472 -0.0248773 0.216862
vn 0.542952 -0.559601 3.32462e-17
v -0.17472 -0.0248773 0.184432
vn 0.542952 -0.559601 3.32462e-17
v -0.139892 -0.0134149 0.216862
vn 0.33675 -0.627459 2.062e-17
v -0.0813755 -0.0229794 0.216862
vn 0.790265 0.408334 4.83898e-17
v -0.0813755 -0.0229794 0.216862
vn -0.790265 -0.408334 -4.83898e-17
v -0.139892 -0.0134149 0.184432
vn 6.12323e-17 -3.7494e-33 -1
v -0.139892 -0.0134149 0.184432
vn -6.12323e-17 3.7494e-33 1
v -0.139892 -0.0134149 0.216862
vn -6.12323e-17 3.7494e-33 1
v -0.139892 -0.0134149 0.216862
vn 6.12323e-17 -3.7494e-33 -1
v -0.139892 -0.0134149 0.184432
vn -0.33675 0.627459 -2.062e-17
v -0.139892 -0.0134149 0.184432
vn 0.33675 -0.627459 2.062e-17
v -0.102016 -0.00767402 0.184432
vn 0.74373 0.445461 4.55403e-17
v -0.0813755 -0.0229794 0.216862
vn 0.788902 0.409503 4.83063e-17
v -0.0813755 -0.0229794 0.184432
vn 0.788902 0.409503 4.83063e-17
v -0.0813755 -0.0229794 0.184432
vn -0.788902 -0.409503 -4.83063e-17
v -0.0813755 -0.0229794 0.216862
vn -0.788902 -0.409503 -4.83063e-17
v -0.102016 -0.00767402 0.184432
vn -0.74373 -0.445461 -4.55403e-17
v -0.102016 -0.00767402 0.184432
vn 6.12323e-17 -3.7494e-33 -1
v -0.102016 -0.00767402 0.184432
vn -6.12323e-17 3.7494e-33 1
v -0.102016 -0.00767402 0.216862
vn -6.12323e-17 3.7494e-33 1
v -0.102016 -0.00767402 0.216862
vn 6.12323e-17 -3.7494e-33 -1
v -0.102016 -0.00767402 0.216862
vn -0.221788 0.649783 -1.35806e-17
v -0.139892 -0.0134149 0.184432
vn -0.332439 0.628479 -2.0356e-17
v -0.139892 -0.0134149 0.216862
vn -0.332439 0.628479 -2.0356e-17
v -0.139892 -0.0134149 0.216862
vn 0.332439 -0.628479 2.0356e-17
v -0.139892 -0.0134149 0.184432
vn 0.332439 -0.628479 2.0356e-17
v -0.102016 -0.00767402 0.216862
vn 0.221788 -0.649783 1.35806e-17
v -0.102016 -0.00767402 0.216862
vn 0.74373 0.445461 4.55403e-17
v -0.102016 -0.00767402 0.216862
vn -0.74373 -0.445461 -4.55403e-17
v -0.102016 -0.00767402 0.184432
vn -0.221788 0.649783 -1.35806e-17
v -0.102016 -0.00767402 0.184432
vn 0.221788 -0.649783 1.35806e-17
v 0.248095 0.0390452 0.16689
vn 0.94384 -0.220174 5.77935e-17
v 0.229927 0.0140693 0.205141
vn 0.844034 -0.357372 5.16822e-17
v 0.229927 0.0140693 0.16689
vn 0.844034 -0.357372 5.16822e-17
v 0.248095 0.0390452 0.205141
vn 0.94384 -0.220174 5.77935e-17
v 0.229927 0.0140693 0.16689
vn -0.844034 0.357372 -5.16822e-17
v 0.229927 0.0140693 0.205141
vn -0.844034 0.357372 -5.16822e-17
v 0.248095 0.0390452 0.16689
vn -0.94384 0.220174 -5.77935e-17
v 0.248095 0.0390452 0.205141
vn -0.94384 0.220174 -5.77935e-17
v 0.203529 -0.00739947 0.205141
vn 0.695922 -0.478538 4.2613e-17
v 0.229927 0.0140693 0.16689
vn 0.840933 -0.360604 5.14923e-17
v 0.229927 0.0140693 0.205141
vn 0.840933 -0.360604 5.14923e-17
v 0.229927 0.0140693 0.205141
vn -0.840933 0.360604 -5.14923e-17
v 0.229927 0.0140693 0.16689
vn -0.840933 0.360604 -5.14923e-17
v 0.203529 -0.00739947 0.205141
vn -0.695922 0.478538 -4.2613e-17
v 0.0316495 0.0372599 0.16689
vn 6.12323e-17 -3.7494e-33 -1
v 0.248095 0.0390452 0.16689
vn 6.12323e-17 -3.7494e-33 -1
v 0.229927 0.0140693 0.16689
vn 6.12323e-17 -3.7494e-33 -1
v 0.229927 0.0140693 0.16689
vn -6.12323e-17 3.7494e-33 1
v 0.248095 0.0390452 0.16689
vn -6.12323e-17 3.7494e-33 1
v 0.0316495 0.0372599 0.16689
vn -6.12323e-17 3.7494e-33 1
v 0.257036 0.0661535 0.16689
vn 0.994836 -0.0676355 6.09161e-17
v 0.248095 0.0390452 0.205141
vn 0.945726 -0.21655 5.7909e-17
v 0.248095 0.0390452 0.16689
vn 0.945726 -0.21655 5.7909e-17
v 0.248095 0.0390452 0.16689
vn -0.945726 0.21655 -5.7909e-17
v 0.248095 0.0390452 0.205141
vn -0.945726 0.21655 -5.7909e-17
v 0.257036 0.0661535 0.16689
vn -0.994836 0.0676355 -6.09161e-17
v 0.248095 0.0390452 0.205141
vn -6.12323e-17 3.7494e-33 1
v 0.0316495 0.0372599 0.205141
vn -6.12323e-17 3.7494e-33 1
v 0.229927 0.0140693 0.205141
vn -6.12323e-17 3.7494e-33 1
v 0.229927 0.0140693 0.205141
vn 6.12323e-17 -3.7494e-33 -1
v 0.0316495 0.0372599 0.205141
vn 6.12323e-17 -3.7494e-33 -1
v 0.248095 0.0390452 0.205141
vn 6.12323e-17 -3.7494e-33 -1
v 0.203529 -0.00739947 0.16689
vn 0.695922 -0.478538 4.2613e-17
v 0.203529 -0.00739947 0.16689
vn -0.695922 0.478538 -4.2613e-17
v 0.0401195 0.0159291 0.205141
vn -6.12323e-17 3.7494e-33 1
v 0.203529 -0.00739947 0.205141
vn -6.12323e-17 3.7494e-33 1
v 0.203529 -0.00739947 0.205141
vn 6.12323e-17 -3.7494e-33 -1
v 0.0401195 0.0159291 0.205141
vn 6.12323e-17 -3.7494e-33 -1
v 0.0278265 0.0591765 0.16689
vn 6.12323e-17 -3.7494e-33 -1
v 0.0278265 0.0591765 0.16689
vn -6.12323e-17 3.7494e-33 1
v 0.0401195 0.0159291 0.16689
vn 6.12323e-17 -3.7494e-33 -1
v 0.0401195 0.0159291 0.16689
vn -6.12323e-17 3.7494e-33 1
v 0.257036 0.0661535 0.205141
vn 0.994836 -0.0676355 6.09161e-17
v 0.257036 0.0661535 0.205141
vn -0.994836 0.0676355 -6.09161e-17
v 0.0287305 0.0812329 0.16689
vn 6.12323e-17 -3.7494e-33 -1
v 0.257036 0.0661535 0.16689
vn 6.12323e-17 -3.7494e-33 -1
v 0.257036 0.0661535 0.16689
vn -6.12323e-17 3.7494e-33 1
v 0.0287305 0.0812329 0.16689
vn -6.12323e-17 3.7494e-33 1
v 0.0278265 0.0591765 0.205141
vn -6.12323e-17 3.7494e-33 1
v 0.0278265 0.0591765 0.205141
vn 6.12323e-17 -3.7494e-33 -1
v 0.170354 -0.0241802 0.205141
vn 0.509536 -0.573385 3.12001e-17
v 0.203529 -0.00739947 0.16689
vn 0.691777 -0.4812 4.23591e-17
v 0.203529 -0.00739947 0.205141
vn 0.691777 -0.4812 4.23591e-17
v 0.203529 -0.00739947 0.205141
vn -0.691777 0.4812 -4.23591e-17
v 0.203529 -0.00739947 0.16689
vn -0.691777 0.4812 -4.23591e-17
v 0.170354 -0.0241802 0.205141
vn -0.509536 0.573385 -3.12001e-17
v 0.203529 -0.00739947 0.16689
vn 6.12323e-17 -3.7494e-33 -1
v 0.203529 -0.00739947 0.16689
vn -6.12323e-17 3.7494e-33 1
v 0.0530655 -0.00437878 0.205141
vn -6.12323e-17 3.7494e-33 1
v 0.0530655 -0.00437878 0.205141
vn 6.12323e-17 -3.7494e-33 -1
v 0.0316495 0.0372599 0.16689
vn -0.982788 -0.123104 -6.01784e-17
v 0.0278265 0.0591765 0.205141
vn -0.99896 -0.0303801 -6.11687e-17
v 0.0278265 0.0591765 0.16689
vn -0.99896 -0.0303801 -6.11687e-17
v 0.0278265 0.0591765 0.16689
vn 0.99896 0.0303801 6.11687e-17
v 0.0278265 0.0591765 0.205141
vn 0.99896 0.0303801 6.11687e-17
v 0.0316495 0.0372599 0.16689
vn 0.982788 0.123104 6.01784e-17
v 0.0401195 0.0159291 0.16689
vn -0.94643 -0.21518 -5.79521e-17
v 0.0316495 0.0372599 0.205141
vn -0.982267 -0.124938 -6.01465e-17
v 0.0316495 0.0372599 0.16689
vn -0.982267 -0.124938 -6.01465e-17
v 0.0316495 0.0372599 0.16689
vn 0.982267 0.124938 6.01465e-17
v 0.0316495 0.0372599 0.205141
vn 0.982267 0.124938 6.01465e-17
v 0.0401195 0.0159291 0.16689
vn 0.94643 0.21518 5.79521e-17
v 0.257036 0.0661535 0.16689
vn 0.995404 -0.0638178 6.09509e-17
v 0.256255 0.0939041 0.205141
vn 0.991117 0.0886231 6.06884e-17
v 0.257036 0.0661535 0.205141
vn 0.995404 -0.0638178 6.09509e-17
v 0.257036 0.0661535 0.205141
vn -0.995404 0.0638178 -6.09509e-17
v 0.256255 0.0939041 0.205141
vn -0.991117 -0.0886231 -6.06884e-17
v 0.257036 0.0661535 0.16689
vn -0.995404 0.0638178 -6.09509e-17
v 0.257036 0.0661535 0.205141
vn -6.12323e-17 3.7494e-33 1
v 0.0287305 0.0812329 0.205141
vn -6.12323e-17 3.7494e-33 1
v 0.0287305 0.0812329 0.205141
vn 6.12323e-17 -3.7494e-33 -1
v 0.257036 0.0661535 0.205141
vn 6.12323e-17 -3.7494e-33 -1
v 0.0343415 0.102978 0.16689
vn 6.12323e-17 -3.7494e-33 -1
v 0.0343415 0.102978 0.16689
vn -6.12323e-17 3.7494e-33 1
v 0.0316495 0.0372599 0.205141
vn -0.982788 -0.123104 -6.01784e-17
v 0.0316495 0.0372599 0.205141
vn 0.982788 0.123104 6.01784e-17
v 0.0401195 0.0159291 0.205141
vn -0.94643 -0.21518 -5.79521e-17
v 0.0401195 0.0159291 0.205141
vn 0.94643 0.21518 5.79521e-17
v 0.170354 -0.0241802 0.16689
vn 0.509536 -0.573385 3.12001e-17
v 0.170354 -0.0241802 0.16689
vn -0.509536 0.573385 -3.12001e-17
v 0.170354 -0.0241802 0.205141
vn -6.12323e-17 3.7494e-33 1
v 0.170354 -0.0241802 0.205141
vn 6.12323e-17 -3.7494e-33 -1
v 0.0530655 -0.00437878 0.16689
vn 6.12323e-17 -3.7494e-33 -1
v 0.0530655 -0.00437878 0.16689
vn -6.12323e-17 3.7494e-33 1
v 0.0401195 0.0159291 0.205141
vn -0.945521 -0.216946 -5.78965e-17
v 0.0530655 -0.00437878 0.16689
vn -0.890751 -0.302864 -5.45427e-17
v 0.0530655 -0.00437878 0.205141
vn -0.890751 -0.302864 -5.45427e-17
v 0.0530655 -0.00437878 0.205141
vn 0.890751 0.302864 5.45427e-17
v 0.0530655 -0.00437878 0.16689
vn 0.890751 0.302864 5.45427e-17
v 0.0401195 0.0159291 0.205141
vn 0.945521 0.216946 5.78965e-17
v 0.0278265 0.0591765 0.16689
vn -0.999084 -0.0285146 -6.11763e-17
v 0.0287305 0.0812329 0.205141
vn -0.995261 0.064798 -6.09422e-17
v 0.0287305 0.0812329 0.16689
vn -0.995261 0.064798 -6.09422e-17
v 0.0287305 0.0812329 0.16689
vn 0.995261 -0.064798 6.09422e-17
v 0.0287305 0.0812329 0.205141
vn 0.995261 -0.064798 6.09422e-17
v 0.0278265 0.0591765 0.16689
vn 0.999084 0.0285146 6.11763e-17
v 0.0278265 0.0591765 0.205141
vn -0.999084 -0.0285146 -6.11763e-17
v 0.0278265 0.0591765 0.205141
vn 0.999084 0.0285146 6.11763e-17
v 0.256255 0.0939041 0.16689
vn 0.991117 0.0886231 6.06884e-17
v 0.256255 0.0939041 0.16689
vn -0.991117 -0.0886231 -6.06884e-17
v 0.256255 0.0939041 0.205141
vn -6.12323e-17 3.7494e-33 1
v 0.0343415 0.102978 0.205141
vn -6.12323e-17 3.7494e-33 1
v 0.0343415 0.102978 0.205141
vn 6.12323e-17 -3.7494e-33 -1
v 0.256255 0.0939041 0.205141
vn 6.12323e-17 -3.7494e-33 -1
v 0.256255 0.0939041 0.16689
vn 6.12323e-17 -3.7494e-33 -1
v 0.256255 0.0939041 0.16689
vn -6.12323e-17 3.7494e-33 1
v 0.0287305 0.0812329 0.205141
vn -0.994985 0.0666559 -6.09252e-17
v 0.0343415 0.102978 0.16689
vn -0.971245 0.158654 -5.94716e-17
v 0.0287305 0.0812329 0.16689
vn -0.994985 0.0666559 -6.09252e-17
v 0.0287305 0.0812329 0.16689
vn 0.994985 -0.0666559 6.09252e-17
v 0.0343415 0.102978 0.16689
vn 0.971245 -0.158654 5.94716e-17
v 0.0287305 0.0812329 0.205141
vn 0.994985 -0.0666559 6.09252e-17
v 0.0401195 0.0159291 0.16689
vn -0.945521 -0.216946 -5.78965e-17
v 0.0401195 0.0159291 0.16689
vn 0.945521 0.216946 5.78965e-17
v 0.132225 -0.0353527 0.205141
vn 0.295127 -0.636697 1.80713e-17
v 0.170354 -0.0241802 0.16689
vn 0.504576 -0.57533 3.08964e-17
v 0.170354 -0.0241802 0.205141
vn 0.504576 -0.57533 3.08964e-17
v 0.170354 -0.0241802 0.205141
vn -0.504576 0.57533 -3.08964e-17
v 0.170354 -0.0241802 0.16689
vn -0.504576 0.57533 -3.08964e-17
v 0.132225 -0.0353527 0.205141
vn -0.295127 0.636697 -1.80713e-17
v 0.170354 -0.0241802 0.16689
vn 6.12323e-17 -3.7494e-33 -1
v 0.170354 -0.0241802 0.16689
vn -6.12323e-17 3.7494e-33 1
v 0.0702225 -0.0232493 0.205141
vn -6.12323e-17 3.7494e-33 1
v 0.0702225 -0.0232493 0.205141
vn 6.12323e-17 -3.7494e-33 -1
v 0.0702225 -0.0232493 0.16689
vn -0.81689 -0.384363 -5.00201e-17
v 0.0530655 -0.00437878 0.205141
vn -0.889474 -0.304526 -5.44646e-17
v 0.0530655 -0.00437878 0.16689
vn -0.889474 -0.304526 -5.44646e-17
v 0.0530655 -0.00437878 0.16689
vn 0.889474 0.304526 5.44646e-17
v 0.0530655 -0.00437878 0.205141
vn 0.889474 0.304526 5.44646e-17
v 0.0702225 -0.0232493 0.16689
vn 0.81689 0.384363 5.00201e-17
v 0.256255 0.0939041 0.16689
vn 0.990335 0.0924228 6.06405e-17
v 0.245798 0.120771 0.205141
vn 0.932889 0.240006 5.7123e-17
v 0.256255 0.0939041 0.205141
vn 0.990335 0.0924228 6.06405e-17
v 0.256255 0.0939041 0.205141
vn -0.990335 -0.0924228 -6.06405e-17
v 0.245798 0.120771 0.205141
vn -0.932889 -0.240006 -5.7123e-17
v 0.256255 0.0939041 0.16689
vn -0.990335 -0.0924228 -6.06405e-17
v 0.0445455 0.123969 0.205141
vn -6.12323e-17 3.7494e-33 1
v 0.0445455 0.123969 0.205141
vn 6.12323e-17 -3.7494e-33 -1
v 0.0343415 0.102978 0.205141
vn -0.971245 0.158654 -5.94716e-17
v 0.0343415 0.102978 0.205141
vn 0.971245 -0.158654 5.94716e-17
v 0.0445455 0.123969 0.16689
vn 6.12323e-17 -3.7494e-33 -1
v 0.0445455 0.123969 0.16689
vn -6.12323e-17 3.7494e-33 1
v 0.132225 -0.0353527 0.16689
vn 0.295127 -0.636697 1.80713e-17
v 0.132225 -0.0353527 0.16689
vn -0.295127 0.636697 -1.80713e-17
v 0.132225 -0.0353527 0.205141
vn -6.12323e-17 3.7494e-33 1
v 0.132225 -0.0353527 0.205141
vn 6.12323e-17 -3.7494e-33 -1
v 0.0702225 -0.0232493 0.16689
vn 6.12323e-17 -3.7494e-33 -1
v 0.0702225 -0.0232493 0.16689
vn -6.12323e-17 3.7494e-33 1
v 0.0702225 -0.0232493 0.205141
vn -0.81689 -0.384363 -5.00201e-17
v 0.0702225 -0.0232493 0.205141
vn 0.81689 0.384363 5.00201e-17
v 0.245798 0.120771 0.16689
vn 0.932889 0.240006 5.7123e-17
v 0.245798 0.120771 0.16689
vn -0.932889 -0.240006 -5.7123e-17
v 0.245798 0.120771 0.205141
vn -6.12323e-17 3.7494e-33 1
v 0.245798 0.120771 0.205141
vn 6.12323e-17 -3.7494e-33 -1
v 0.0445455 0.123969 0.16689
vn -0.927402 0.24927 -5.6787e-17
v 0.0343415 0.102978 0.205141
vn -0.970574 0.160466 -5.94305e-17
v 0.0445455 0.123969 0.205141
vn -0.927402 0.24927 -5.6787e-17
v 0.0445455 0.123969 0.205141
vn 0.927402 -0.24927 5.6787e-17
v 0.0343415 0.102978 0.205141
vn 0.970574 -0.160466 5.94305e-17
v 0.0445455 0.123969 0.16689
vn 0.927402 -0.24927 5.6787e-17
v 0.0343415 0.102978 0.16689
vn -0.970574 0.160466 -5.94305e-17
v 0.0343415 0.102978 0.16689
vn 0.970574 -0.160466 5.94305e-17
v 0.245798 0.120771 0.16689
vn 6.12323e-17 -3.7494e-33 -1
v 0.245798 0.120771 0.16689
vn -6.12323e-17 3.7494e-33 1
v 0.0912405 -0.0402993 0.205141
vn 0.178223 -0.65571 1.0913e-17
v 0.132225 -0.0353527 0.16689
vn 0.289621 -0.637819 1.77342e-17
v 0.132225 -0.0353527 0.205141
vn 0.289621 -0.637819 1.77342e-17
v 0.132225 -0.0353527 0.205141
vn -0.289621 0.637819 -1.77342e-17
v 0.132225 -0.0353527 0.16689
vn -0.289621 0.637819 -1.77342e-17
v 0.0912405 -0.0402993 0.205141
vn -0.178223 0.65571 -1.0913e-17
v 0.132225 -0.0353527 0.16689
vn 6.12323e-17 -3.7494e-33 -1
v 0.132225 -0.0353527 0.16689
vn -6.12323e-17 3.7494e-33 1
v 0.0912405 -0.0402993 0.205141
vn -6.12323e-17 3.7494e-33 1
v 0.0912405 -0.0402993 0.205141
vn 6.12323e-17 -3.7494e-33 -1
v 0.0912405 -0.0402993 0.16689
vn -0.772709 -0.422991 -4.73148e-17
v 0.0702225 -0.0232493 0.205141
vn -0.815271 -0.385886 -4.9921e-17
v 0.0702225 -0.0232493 0.16689
vn -0.815271 -0.385886 -4.9921e-17
v 0.0702225 -0.0232493 0.16689
vn 0.815271 0.385886 4.9921e-17
v 0.0702225 -0.0232493 0.205141
vn 0.815271 0.385886 4.9921e-17
v 0.0912405 -0.0402993 0.16689
vn 0.772709 0.422991 4.73148e-17
v 0.245798 0.120771 0.16689
vn 0.9308 0.24358 5.69951e-17
v 0.226238 0.145275 0.205141
vn 0.823353 0.37819 5.04158e-17
v 0.245798 0.120771 0.205141
vn 0.9308 0.24358 5.69951e-17
v 0.245798 0.120771 0.205141
vn -0.9308 -0.24358 -5.69951e-17
v 0.226238 0.145275 0.205141
vn -0.823353 -0.37819 -5.04158e-17
v 0.245798 0.120771 0.16689
vn -0.9308 -0.24358 -5.69951e-17
v 0.0591355 0.143776 0.205141
vn -6.12323e-17 3.7494e-33 1
v 0.0591355 0.143776 0.205141
vn 6.12323e-17 -3.7494e-33 -1
v 0.0445455 0.123969 0.205141
vn -0.92635 0.251001 -5.67226e-17
v 0.0591355 0.143776 0.16689
vn -0.864626 0.3348 -5.29431e-17
v 0.0445455 0.123969 0.16689
vn -0.92635 0.251001 -5.67226e-17
v 0.0445455 0.123969 0.16689
vn 0.92635 -0.251001 5.67226e-17
v 0.0591355 0.143776 0.16689
vn 0.864626 -0.3348 5.29431e-17
v 0.0445455 0.123969 0.205141
vn 0.92635 -0.251001 5.67226e-17
v 0.0591355 0.143776 0.16689
vn 6.12323e-17 -3.7494e-33 -1
v 0.0591355 0.143776 0.16689
vn -6.12323e-17 3.7494e-33 1
v 0.0912405 -0.0402993 0.16689
vn 0.178223 -0.65571 1.0913e-17
v 0.0912405 -0.0402993 0.16689
vn -0.178223 0.65571 -1.0913e-17
v 0.0912405 -0.0402993 0.16689
vn 6.12323e-17 -3.7494e-33 -1
v 0.0912405 -0.0402993 0.16689
vn -6.12323e-17 3.7494e-33 1
v 0.0912405 -0.0402993 0.205141
vn -0.772709 -0.422991 -4.73148e-17
v 0.0912405 -0.0402993 0.205141
vn 0.772709 0.422991 4.73148e-17
v 0.226238 0.145275 0.16689
vn 0.823353 0.37819 5.04158e-17
v 0.226238 0.145275 0.16689
vn -0.823353 -0.37819 -5.04158e-17
v 0.226238 0.145275 0.205141
vn -6.12323e-17 3.7494e-33 1
v 0.226238 0.145275 0.205141
vn 6.12323e-17 -3.7494e-33 -1
v 0.0591355 0.143776 0.205141
vn -0.864626 0.3348 -5.29431e-17
v 0.0591355 0.143776 0.205141
vn 0.864626 -0.3348 5.29431e-17
v 0.226238 0.145275 0.16689
vn 6.12323e-17 -3.7494e-33 -1
v 0.226238 0.145275 0.16689
vn -6.12323e-17 3.7494e-33 1
v 0.198651 0.16607 0.16689
vn 0.668533 0.495574 4.09359e-17
v 0.226238 0.145275 0.205141
vn 0.820072 0.381342 5.02149e-17
v 0.226238 0.145275 0.16689
vn 0.820072 0.381342 5.02149e-17
v 0.226238 0.145275 0.16689
vn -0.820072 -0.381342 -5.02149e-17
v 0.226238 0.145275 0.205141
vn -0.820072 -0.381342 -5.02149e-17
v 0.198651 0.16607 0.16689
vn -0.668533 -0.495574 -4.09359e-17
v 0.0778125 0.161995 0.205141
vn -6.12323e-17 3.7494e-33 1
v 0.0778125 0.161995 0.205141
vn 6.12323e-17 -3.7494e-33 -1
v 0.0591355 0.143776 0.205141
vn -0.863215 0.336412 -5.28567e-17
v 0.0778125 0.161995 0.16689
vn -0.784202 0.413492 -4.80185e-17
v 0.0591355 0.143776 0.16689
vn -0.863215 0.336412 -5.28567e-17
v 0.0591355 0.143776 0.16689
vn 0.863215 -0.336412 5.28567e-17
v 0.0778125 0.161995 0.16689
vn 0.784202 -0.413492 4.80185e-17
v 0.0591355 0.143776 0.205141
vn 0.863215 -0.336412 5.28567e-17
v 0.0778125 0.161995 0.16689
vn 6.12323e-17 -3.7494e-33 -1
v 0.0778125 0.161995 0.16689
vn -6.12323e-17 3.7494e-33 1
v 0.198651 0.16607 0.205141
vn 0.668533 0.495574 4.09359e-17
v 0.198651 0.16607 0.205141
vn -0.668533 -0.495574 -4.09359e-17
v 0.198651 0.16607 0.16689
vn 6.12323e-17 -3.7494e-33 -1
v 0.198651 0.16607 0.16689
vn -6.12323e-17 3.7494e-33 1
v 0.198651 0.16607 0.205141
vn -6.12323e-17 3.7494e-33 1
v 0.198651 0.16607 0.205141
vn 6.12323e-17 -3.7494e-33 -1
v 0.0778125 0.161995 0.205141
vn -0.784202 0.413492 -4.80185e-17
v 0.0778125 0.161995 0.205141
vn 0.784202 -0.413492 4.80185e-17
v 0.164556 0.182012 0.16689
vn 0.476945 0.585703 2.92044e-17
v 0.198651 0.16607 0.205141
vn 0.664242 0.49813 4.06731e-17
v 0.198651 0.16607 0.16689
vn 0.664242 0.49813 4.06731e-17
v 0.198651 0.16607 0.16689
vn -0.664242 -0.49813 -4.06731e-17
v 0.198651 0.16607 0.205141
vn -0.664242 -0.49813 -4.06731e-17
v 0.164556 0.182012 0.16689
vn -0.476945 -0.585703 -2.92044e-17
v 0.100195 0.178255 0.16689
vn 6.12323e-17 -3.7494e-33 -1
v 0.100195 0.178255 0.16689
vn -6.12323e-17 3.7494e-33 1
v 0.100195 0.178255 0.205141
vn -6.12323e-17 3.7494e-33 1
v 0.100195 0.178255 0.205141
vn 6.12323e-17 -3.7494e-33 -1
v 0.0778125 0.161995 0.205141
vn -0.782461 0.414954 -4.79119e-17
v 0.100195 0.178255 0.16689
vn -0.687767 0.483746 -4.21136e-17
v 0.0778125 0.161995 0.16689
vn -0.782461 0.414954 -4.79119e-17
v 0.0778125 0.161995 0.16689
vn 0.782461 -0.414954 4.79119e-17
v 0.100195 0.178255 0.16689
vn 0.687767 -0.483746 4.21136e-17
v 0.0778125 0.161995 0.205141
vn 0.782461 -0.414954 4.79119e-17
v 0.164556 0.182012 0.205141
vn 0.476945 0.585703 2.92044e-17
v 0.164556 0.182012 0.205141
vn -0.476945 -0.585703 -2.92044e-17
v 0.164556 0.182012 0.16689
vn 6.12323e-17 -3.7494e-33 -1
v 0.164556 0.182012 0.16689
vn -6.12323e-17 3.7494e-33 1
v 0.164556 0.182012 0.205141
vn -6.12323e-17 3.7494e-33 1
v 0.164556 0.182012 0.205141
vn 6.12323e-17 -3.7494e-33 -1
v 0.100195 0.178255 0.205141
vn -0.687767 0.483746 -4.21136e-17
v 0.100195 0.178255 0.205141
vn 0.687767 -0.483746 4.21136e-17
v 0.125826 0.192224 0.16689
vn 0.367918 0.619638 2.25285e-17
v 0.164556 0.182012 0.205141
vn 0.471877 0.587522 2.88941e-17
v 0.164556 0.182012 0.16689
vn 0.471877 0.587522 2.88941e-17
v 0.164556 0.182012 0.16689
vn -0.471877 -0.587522 -2.88941e-17
v 0.164556 0.182012 0.205141
vn -0.471877 -0.587522 -2.88941e-17
v 0.125826 0.192224 0.16689
vn -0.367918 -0.619638 -2.25285e-17
v 0.125826 0.192224 0.16689
vn 6.12323e-17 -3.7494e-33 -1
v 0.125826 0.192224 0.16689
vn -6.12323e-17 3.7494e-33 1
v 0.125826 0.192224 0.205141
vn -6.12323e-17 3.7494e-33 1
v 0.125826 0.192224 0.205141
vn 6.12323e-17 -3.7494e-33 -1
v 0.125826 0.192224 0.205141
vn -0.633066 0.515842 -3.87641e-17
v 0.100195 0.178255 0.16689
vn -0.68573 0.485028 -4.19889e-17
v 0.100195 0.178255 0.205141
vn -0.68573 0.485028 -4.19889e-17
v 0.100195 0.178255 0.205141
vn 0.68573 -0.485028 4.19889e-17
v 0.100195 0.178255 0.16689
vn 0.68573 -0.485028 4.19889e-17
v 0.125826 0.192224 0.205141
vn 0.633066 -0.515842 3.87641e-17
v 0.125826 0.192224 0.205141
vn 0.367918 0.619638 2.25285e-17
v 0.125826 0.192224 0.205141
vn -0.367918 -0.619638 -2.25285e-17
v 0.125826 0.192224 0.16689
vn -0.633066 0.515842 -3.87641e-17
v 0.125826 0.192224 0.16689
vn 0.633066 -0.515842 3.87641e-17
v -0.239511 -0.208362 0.240284
vn -0.857805 -0.342502 -5.25254e-17
v -0.243024 -0.203583 0.291077
vn -0.931832 -0.241823 -5.70582e-17
v -0.243024 -0.203583 0.240284
vn -0.931832 -0.241823 -5.70582e-17
v -0.239511 -0.208362 0.291077
vn -0.857805 -0.342502 -5.25254e-17
v -0.243024 -0.203583 0.291077
vn -0.932222 -0.241155 -5.70821e-17
v -0.245278 -0.198479 0.240284
vn -0.979697 -0.133598 -5.99891e-17
v -0.243024 -0.203583 0.240284
vn -0.932222 -0.241155 -5.70821e-17
v -0.243024 -0.203583 0.240284
vn 6.12323e-17 -3.7494e-33 -1
v -0.228923 -0.207925 0.240284
vn 6.12323e-17 -3.7494e-33 -1
v -0.239511 -0.208362 0.240284
vn 6.12323e-17 -3.7494e-33 -1
v -0.234839 -0.212678 0.240284
vn -0.758798 -0.43403 -4.6463e-17
v -0.239511 -0.208362 0.291077
vn -0.857251 -0.343118 -5.24915e-17
v -0.239511 -0.208362 0.240284
vn -0.857251 -0.343118 -5.24915e-17
v 0.00592951 -0.274908 0.291077
vn -6.12323e-17 3.7494e-33 1
v -0.243024 -0.203583 0.291077
vn -6.12323e-17 3.7494e-33 1
v -0.239511 -0.208362 0.291077
vn -6.12323e-17 3.7494e-33 1
v -0.245278 -0.198479 0.291077
vn -0.979697 -0.133598 -5.99891e-17
v -0.245278 -0.198479 0.240284
vn 6.12323e-17 -3.7494e-33 -1
v -0.229716 -0.203906 0.240284
vn 6.12323e-17 -3.7494e-33 -1
v -0.229717 -0.205951 0.240284
vn 6.12323e-17 -3.7494e-33 -1
v -0.22739 -0.209698 0.240284
vn 6.12323e-17 -3.7494e-33 -1
v -0.234839 -0.212678 0.291077
vn -0.758798 -0.43403 -4.6463e-17
v -0.00342949 -0.275 0.240284
vn 6.12323e-17 -3.7494e-33 -1
v -0.234839 -0.212678 0.240284
vn 6.12323e-17 -3.7494e-33 -1
v 0.0152485 -0.274326 0.291077
vn -6.12323e-17 3.7494e-33 1
v -0.00342949 -0.275 0.291077
vn -6.12323e-17 3.7494e-33 1
v -0.222708 -0.205731 0.291077
vn -6.12323e-17 3.7494e-33 1
v -0.245278 -0.198479 0.291077
vn -6.12323e-17 3.7494e-33 1
v -0.245278 -0.198479 0.291077
vn -0.979913 -0.132894 -6.00023e-17
v -0.246207 -0.193193 0.240284
vn -0.999477 -0.0215417 -6.12003e-17
v -0.245278 -0.198479 0.240284
vn -0.979913 -0.132894 -6.00023e-17
v -0.228921 -0.201932 0.240284
vn 6.12323e-17 -3.7494e-33 -1
v -0.229717 -0.205951 -0.291077
vn -0.991041 -0.0890023 -6.06837e-17
v -0.228923 -0.207925 0.240284
vn -0.925209 -0.252863 -5.66527e-17
v -0.229717 -0.205951 0.240284
vn -0.991041 -0.0890023 -6.06837e-17
v -0.228923 -0.207925 0.240284
vn -0.922711 -0.256884 -5.64997e-17
v -0.22739 -0.209698 -0.291077
vn -0.795487 -0.403806 -4.87095e-17
v -0.22739 -0.209698 0.240284
vn -0.795487 -0.403806 -4.87095e-17
v -0.225221 -0.211142 0.240284
vn 6.12323e-17 -3.7494e-33 -1
v -0.22914 -0.216407 0.240284
vn -0.638038 -0.513115 -3.90686e-17
v -0.234839 -0.212678 0.291077
vn -0.758097 -0.434574 -4.642e-17
v -0.234839 -0.212678 0.240284
vn -0.758097 -0.434574 -4.642e-17
v -0.234839 -0.212678 0.291077
vn -6.12323e-17 3.7494e-33 1
v -0.0456215 -0.261601 0.240284
vn 6.12323e-17 -3.7494e-33 -1
v -0.0127695 -0.274592 0.240284
vn 6.12323e-17 -3.7494e-33 -1
v -0.0263045 -0.262157 0.291077
vn -6.12323e-17 3.7494e-33 1
v 0.00592951 -0.274908 0.291077
vn 0.0543597 -0.665394 3.32857e-18
v 0.0152485 -0.274326 0.240284
vn 0.132843 -0.660473 8.13431e-18
v 0.0152485 -0.274326 0.291077
vn 0.132843 -0.660473 8.13431e-18
v -0.00342949 -0.275 0.291077
vn -0.0250476 -0.66617 -1.53372e-18
v 0.00592951 -0.274908 0.240284
vn 0.0537737 -0.665415 3.29269e-18
v 0.00592951 -0.274908 0.291077
vn 0.0537737 -0.665415 3.29269e-18
v -0.225797 -0.20288 0.291077
vn -6.12323e-17 3.7494e-33 1
v -0.218942 -0.208197 0.291077
vn -6.12323e-17 3.7494e-33 1
v -0.246207 -0.193193 0.291077
vn -0.999477 -0.0215417 -6.12003e-17
v -0.246207 -0.193193 0.240284
vn 6.12323e-17 -3.7494e-33 -1
v -0.227386 -0.200163 0.240284
vn 6.12323e-17 -3.7494e-33 -1
v -0.228921 -0.201932 -0.291077
vn -0.925042 0.253134 -5.66425e-17
v -0.229716 -0.203906 0.240284
vn -0.990982 0.0892935 -6.06801e-17
v -0.228921 -0.201932 0.240284
vn -0.925042 0.253134 -5.66425e-17
v -0.229716 -0.203906 -0.291077
vn -0.991839 0.0849627 -6.07326e-17
v -0.229717 -0.205951 0.240284
vn -0.991896 -0.0846661 -6.07361e-17
v -0.229716 -0.203906 0.240284
vn -0.991839 0.0849627 -6.07326e-17
v -0.228923 -0.207925 -0.291077
vn -0.925209 -0.252863 -5.66527e-17
v -0.229717 -0.205951 -0.291077
vn -0.991896 -0.0846661 -6.07361e-17
v -0.228923 -0.207925 -0.291077
vn -0.922711 -0.256884 -5.64997e-17
v -0.225221 -0.211142 -0.291077
vn -0.611519 -0.527259 -3.74447e-17
v -0.22739 -0.209698 0.240284
vn -0.79148 -0.407287 -4.84642e-17
v -0.22739 -0.209698 -0.291077
vn -0.79148 -0.407287 -4.84642e-17
v -0.225221 -0.211142 0.240284
vn -0.611519 -0.527259 -3.74447e-17
v -0.222564 -0.212164 0.240284
vn 6.12323e-17 -3.7494e-33 -1
v -0.22914 -0.216407 0.291077
vn -0.638038 -0.513115 -3.90686e-17
v -0.22914 -0.216407 0.240284
vn 6.12323e-17 -3.7494e-33 -1
v -0.0127695 -0.274592 0.291077
vn -6.12323e-17 3.7494e-33 1
v -0.0428555 -0.262094 0.240284
vn 6.12323e-17 -3.7494e-33 -1
v -0.0481005 -0.260647 0.240284
vn 6.12323e-17 -3.7494e-33 -1
v -0.00342949 -0.275 0.240284
vn -0.0256446 -0.66616 -1.57028e-18
v -0.0127695 -0.274592 0.291077
vn -0.104308 -0.662744 -6.38704e-18
v -0.0127695 -0.274592 0.240284
vn -0.104308 -0.662744 -6.38704e-18
v -0.214898 -0.210066 0.291077
vn -6.12323e-17 3.7494e-33 1
v -0.0191115 -0.263248 0.291077
vn -6.12323e-17 3.7494e-33 1
v 0.00592951 -0.274908 0.240284
vn 0.0543597 -0.665394 3.32857e-18
v 0.0244685 -0.27325 0.240284
vn 0.211082 -0.651364 1.29251e-17
v 0.0152485 -0.274326 0.291077
vn 0.133432 -0.66042 8.17038e-18
v 0.0152485 -0.274326 0.240284
vn 0.133432 -0.66042 8.17038e-18
v -0.00342949 -0.275 0.240284
vn -0.0250476 -0.66617 -1.53372e-18
v -0.228118 -0.199722 0.291077
vn -6.12323e-17 3.7494e-33 1
v -0.246207 -0.193193 0.291077
vn -6.12323e-17 3.7494e-33 1
v -0.246207 -0.193193 0.291077
vn -0.999512 -0.0208237 -6.12024e-17
v -0.245784 -0.187882 0.240284
vn -0.990604 0.0911327 -6.0657e-17
v -0.246207 -0.193193 0.240284
vn -0.999512 -0.0208237 -6.12024e-17
v -0.225217 -0.198716 0.240284
vn 6.12323e-17 -3.7494e-33 -1
v -0.227386 -0.200163 -0.291077
vn -0.795202 0.404055 -4.86921e-17
v -0.228921 -0.201932 0.240284
vn -0.922532 0.25717 -5.64888e-17
v -0.227386 -0.200163 0.240284
vn -0.795202 0.404055 -4.86921e-17
v -0.229716 -0.203906 -0.291077
vn -0.990982 0.0892935 -6.06801e-17
v -0.228921 -0.201932 -0.291077
vn -0.922532 0.25717 -5.64888e-17
v -0.229717 -0.205951 -0.291077
vn 6.12323e-17 -3.7494e-33 -1
v -0.213569 -0.212168 -0.291077
vn 6.12323e-17 -3.7494e-33 -1
v -0.228923 -0.207925 -0.291077
vn 6.12323e-17 -3.7494e-33 -1
v -0.229716 -0.203906 -0.291077
vn 6.12323e-17 -3.7494e-33 -1
v -0.210911 -0.211145 -0.291077
vn 6.12323e-17 -3.7494e-33 -1
v -0.216532 -0.212697 -0.291077
vn 6.12323e-17 -3.7494e-33 -1
v -0.22739 -0.209698 -0.291077
vn 6.12323e-17 -3.7494e-33 -1
v -0.219601 -0.212694 -0.291077
vn 6.12323e-17 -3.7494e-33 -1
v -0.225221 -0.211142 -0.291077
vn 6.12323e-17 -3.7494e-33 -1
v -0.222564 -0.212164 -0.291077
vn -0.385915 -0.614757 -2.36305e-17
v -0.225221 -0.211142 0.240284
vn -0.606336 -0.52991 -3.71274e-17
v -0.225221 -0.211142 -0.291077
vn -0.606336 -0.52991 -3.71274e-17
v -0.222564 -0.212164 0.240284
vn -0.385915 -0.614757 -2.36305e-17
v -0.222579 -0.219439 0.240284
vn -0.570116 -0.547473 -3.49096e-17
v -0.22914 -0.216407 0.291077
vn -0.637205 -0.513574 -3.90176e-17
v -0.22914 -0.216407 0.240284
vn -0.637205 -0.513574 -3.90176e-17
v -0.22914 -0.216407 0.291077
vn -6.12323e-17 3.7494e-33 1
v -0.0220325 -0.273695 0.240284
vn 6.12323e-17 -3.7494e-33 -1
v -0.00342949 -0.275 0.291077
vn -0.0256446 -0.66616 -1.57028e-18
v 0.00592951 -0.274908 0.240284
vn 6.12323e-17 -3.7494e-33 -1
v -0.0456215 -0.261601 0.240284
vn -0.380044 -0.616379 -2.3271e-17
v -0.0428555 -0.262094 -0.291077
vn -0.133768 -0.66039 -8.19095e-18
v -0.0428555 -0.262094 0.240284
vn -0.133768 -0.66039 -8.19095e-18
v -0.0481005 -0.260647 0.240284
vn -0.606506 -0.529824 -3.71378e-17
v -0.0456215 -0.261601 -0.291077
vn -0.385715 -0.614813 -2.36183e-17
v -0.0456215 -0.261601 0.240284
vn -0.385715 -0.614813 -2.36183e-17
v -0.0220325 -0.273695 0.291077
vn -0.182901 -0.655138 -1.11995e-17
v -0.0127695 -0.274592 0.240284
vn -0.104893 -0.662703 -6.42287e-18
v -0.0127695 -0.274592 0.291077
vn -0.104893 -0.662703 -6.42287e-18
v -0.0111015 -0.264025 0.291077
vn -6.12323e-17 3.7494e-33 1
v -0.0347455 -0.26065 0.240284
vn 6.12323e-17 -3.7494e-33 -1
v 0.0152485 -0.274326 0.240284
vn 6.12323e-17 -3.7494e-33 -1
v 0.0244685 -0.27325 0.291077
vn 0.211082 -0.651364 1.29251e-17
v -0.0327205 -0.259299 0.240284
vn 6.12323e-17 -3.7494e-33 -1
v 0.0244685 -0.27325 0.240284
vn 6.12323e-17 -3.7494e-33 -1
v -0.229608 -0.196348 0.291077
vn -6.12323e-17 3.7494e-33 1
v -0.245784 -0.187882 0.291077
vn -0.990604 0.0911327 -6.0657e-17
v -0.245784 -0.187882 0.240284
vn 6.12323e-17 -3.7494e-33 -1
v -0.216527 -0.197167 0.240284
vn 6.12323e-17 -3.7494e-33 -1
v -0.222559 -0.197693 0.240284
vn 6.12323e-17 -3.7494e-33 -1
v -0.225217 -0.198716 -0.291077
vn -0.611202 0.527422 -3.74253e-17
v -0.227386 -0.200163 0.240284
vn -0.791231 0.407502 -4.8449e-17
v -0.225217 -0.198716 0.240284
vn -0.611202 0.527422 -3.74253e-17
v -0.227386 -0.200163 -0.291077
vn -0.791231 0.407502 -4.8449e-17
v -0.228921 -0.201932 -0.291077
vn 6.12323e-17 -3.7494e-33 -1
v -0.208742 -0.209701 -0.291077
vn 6.12323e-17 -3.7494e-33 -1
v -0.227386 -0.200163 -0.291077
vn 6.12323e-17 -3.7494e-33 -1
v -0.207208 -0.207928 -0.291077
vn 6.12323e-17 -3.7494e-33 -1
v -0.222564 -0.212164 -0.291077
vn 6.12323e-17 -3.7494e-33 -1
v -0.219601 -0.212694 -0.291077
vn -0.133988 -0.66037 -8.20442e-18
v -0.222564 -0.212164 0.240284
vn -0.379855 -0.616431 -2.32594e-17
v -0.222564 -0.212164 -0.291077
vn -0.379855 -0.616431 -2.32594e-17
v -0.219601 -0.212694 0.240284
vn 6.12323e-17 -3.7494e-33 -1
v -0.222579 -0.219439 0.291077
vn -0.570116 -0.547473 -3.49096e-17
v -0.222579 -0.219439 0.240284
vn 6.12323e-17 -3.7494e-33 -1
v -0.0220325 -0.273695 0.291077
vn -6.12323e-17 3.7494e-33 1
v -0.0220325 -0.273695 0.240284
vn -0.182901 -0.655138 -1.11995e-17
v -0.0399925 -0.262098 0.240284
vn 6.12323e-17 -3.7494e-33 -1
v -0.0456215 -0.261601 -0.291077
vn -0.380044 -0.616379 -2.3271e-17
v -0.0399925 -0.262098 -0.291077
vn 0.127234 -0.660963 7.79085e-18
v -0.0428555 -0.262094 0.240284
vn -0.127745 -0.660919 -7.8221e-18
v -0.0428555 -0.262094 -0.291077
vn -0.127745 -0.660919 -7.8221e-18
v -0.0481005 -0.260647 -0.291077
vn -0.606506 -0.529824 -3.71378e-17
v 0.0244685 -0.27325 0.291077
vn -6.12323e-17 3.7494e-33 1
v -0.0372255 -0.261604 0.240284
vn 6.12323e-17 -3.7494e-33 -1
v 0.0335325 -0.271691 0.240284
vn 0.287986 -0.638147 1.76341e-17
v 0.0244685 -0.27325 0.291077
vn 0.211659 -0.651281 1.29604e-17
v 0.0244685 -0.27325 0.240284
vn 0.211659 -0.651281 1.29604e-17
v -0.0312875 -0.257647 0.240284
vn 6.12323e-17 -3.7494e-33 -1
v -0.0111015 -0.264025 0.285215
vn -6.12323e-17 3.7494e-33 1
v -0.225797 -0.20288 0.285215
vn -6.12323e-17 3.7494e-33 1
v -0.222708 -0.205731 0.285215
vn -6.12323e-17 3.7494e-33 1
v -0.214207 -0.204382 0.285215
vn -6.12323e-17 3.7494e-33 1
v -0.228118 -0.199722 0.285215
vn -6.12323e-17 3.7494e-33 1
v -0.0191115 -0.263248 0.285215
vn -6.12323e-17 3.7494e-33 1
v -0.218942 -0.208197 0.285215
vn -6.12323e-17 3.7494e-33 1
v -0.230221 -0.192855 0.291077
vn -6.12323e-17 3.7494e-33 1
v -0.245784 -0.187882 0.291077
vn -6.12323e-17 3.7494e-33 1
v -0.245784 -0.187882 0.291077
vn -0.990457 0.091843 -6.0648e-17
v -0.244022 -0.182688 0.240284
vn -0.953333 0.201193 -5.83748e-17
v -0.245784 -0.187882 0.240284
vn -0.990457 0.091843 -6.0648e-17
v -0.213565 -0.197696 0.240284
vn 6.12323e-17 -3.7494e-33 -1
v -0.219596 -0.197167 0.240284
vn 6.12323e-17 -3.7494e-33 -1
v -0.222559 -0.197693 -0.291077
vn -0.385513 0.61487 -2.36058e-17
v -0.225217 -0.198716 0.240284
vn -0.605989 0.530087 -3.71061e-17
v -0.222559 -0.197693 0.240284
vn -0.385513 0.61487 -2.36058e-17
v -0.225217 -0.198716 -0.291077
vn -0.605989 0.530087 -3.71061e-17
v -0.225217 -0.198716 -0.291077
vn 6.12323e-17 -3.7494e-33 -1
v -0.206412 -0.205954 -0.291077
vn 6.12323e-17 -3.7494e-33 -1
v -0.210911 -0.211145 0.240284
vn 0.605989 -0.530087 3.71061e-17
v -0.213569 -0.212168 -0.291077
vn 0.385513 -0.61487 2.36058e-17
v -0.210911 -0.211145 -0.291077
vn 0.605989 -0.530087 3.71061e-17
v -0.213569 -0.212168 -0.291077
vn 0.379455 -0.616541 2.32349e-17
v -0.216532 -0.212697 0.240284
vn 0.13356 -0.660409 8.17817e-18
v -0.216532 -0.212697 -0.291077
vn 0.13356 -0.660409 8.17817e-18
v -0.208742 -0.209701 0.240284
vn 0.791212 -0.407519 4.84478e-17
v -0.210911 -0.211145 -0.291077
vn 0.611173 -0.527437 3.74235e-17
v -0.208742 -0.209701 -0.291077
vn 0.791212 -0.407519 4.84478e-17
v -0.216532 -0.212697 -0.291077
vn 0.127021 -0.660981 7.77782e-18
v -0.219601 -0.212694 0.240284
vn -0.127531 -0.660938 -7.80903e-18
v -0.219601 -0.212694 -0.291077
vn -0.127531 -0.660938 -7.80903e-18
v -0.219601 -0.212694 0.240284
vn -0.133988 -0.66037 -8.20442e-18
v -0.0501255 -0.259299 0.240284
vn 6.12323e-17 -3.7494e-33 -1
v -0.0311595 -0.27231 0.240284
vn -0.382889 -0.615597 -2.34452e-17
v -0.222579 -0.219439 0.291077
vn -0.382889 -0.615597 -2.34452e-17
v -0.222579 -0.219439 0.240284
vn -0.382889 -0.615597 -2.34452e-17
v -0.222579 -0.219439 0.291077
vn -6.12323e-17 3.7494e-33 1
v -0.0311595 -0.27231 0.240284
vn 6.12323e-17 -3.7494e-33 -1
v -0.0311595 -0.27231 0.291077
vn -0.222087 -0.649738 -1.35989e-17
v -0.0220325 -0.273695 0.240284
vn -0.183483 -0.655066 -1.12351e-17
v -0.0220325 -0.273695 0.291077
vn -0.183483 -0.655066 -1.12351e-17
v -0.0399925 -0.262098 0.240284
vn 0.127234 -0.660963 7.79085e-18
v -0.0481005 -0.260647 -0.291077
vn 6.12323e-17 -3.7494e-33 -1
v -0.0428555 -0.262094 -0.291077
vn 6.12323e-17 -3.7494e-33 -1
v -0.0456215 -0.261601 -0.291077
vn 6.12323e-17 -3.7494e-33 -1
v -0.0501255 -0.259299 -0.291077
vn 6.12323e-17 -3.7494e-33 -1
v -0.0399925 -0.262098 -0.291077
vn 6.12323e-17 -3.7494e-33 -1
v -0.0501255 -0.259299 0.240284
vn -0.79161 -0.407175 -4.84722e-17
v -0.0481005 -0.260647 -0.291077
vn -0.611351 -0.527346 -3.74344e-17
v -0.0481005 -0.260647 0.240284
vn -0.611351 -0.527346 -3.74344e-17
v -0.0263045 -0.262157 0.285215
vn -6.12323e-17 3.7494e-33 1
v -0.214898 -0.210066 0.285215
vn -6.12323e-17 3.7494e-33 1
v -0.00302549 -0.264373 0.291077
vn -6.12323e-17 3.7494e-33 1
v -0.0347455 -0.26065 -0.291077
vn 0.611034 -0.527509 3.7415e-17
v -0.0327205 -0.259299 0.240284
vn 0.791361 -0.40739 4.84569e-17
v -0.0347455 -0.26065 0.240284
vn 0.611034 -0.527509 3.7415e-17
v -0.0372255 -0.261604 -0.291077
vn 0.385306 -0.614927 2.35932e-17
v -0.0347455 -0.26065 0.240284
vn 0.606153 -0.530003 3.71161e-17
v -0.0372255 -0.261604 0.240284
vn 0.385306 -0.614927 2.35932e-17
v 0.0335325 -0.271691 0.291077
vn 0.287986 -0.638147 1.76341e-17
v -0.0305455 -0.255806 0.240284
vn 6.12323e-17 -3.7494e-33 -1
v 0.0335325 -0.271691 0.240284
vn 6.12323e-17 -3.7494e-33 -1
v -0.0327205 -0.259299 0.240284
vn 0.795072 -0.404169 4.86841e-17
v -0.0312875 -0.257647 -0.291077
vn 0.922614 -0.25704 5.64938e-17
v -0.0312875 -0.257647 0.240284
vn 0.922614 -0.25704 5.64938e-17
v -0.00302549 -0.264373 0.285215
vn -6.12323e-17 3.7494e-33 1
v -0.217075 -0.202508 0.285215
vn -6.12323e-17 3.7494e-33 1
v -0.211332 -0.205715 0.285215
vn -6.12323e-17 3.7494e-33 1
v -0.229943 -0.189342 0.291077
vn -6.12323e-17 3.7494e-33 1
v -0.244022 -0.182688 0.291077
vn -0.953333 0.201193 -5.83748e-17
v -0.244022 -0.182688 0.240284
vn 6.12323e-17 -3.7494e-33 -1
v 0.0509595 -0.267159 0.240284
vn 6.12323e-17 -3.7494e-33 -1
v 0.0423815 -0.269656 0.240284
vn 6.12323e-17 -3.7494e-33 -1
v -0.213565 -0.197696 0.240284
vn 0.379855 0.616431 2.32594e-17
v -0.216527 -0.197167 -0.291077
vn 0.133988 0.66037 8.20442e-18
v -0.216527 -0.197167 0.240284
vn 0.133988 0.66037 8.20442e-18
v -0.216527 -0.197167 0.240284
vn 0.127491 0.660941 7.80656e-18
v -0.219596 -0.197167 -0.291077
vn -0.127062 0.660978 -7.78029e-18
v -0.219596 -0.197167 0.240284
vn -0.127062 0.660978 -7.78029e-18
v -0.219596 -0.197167 0.240284
vn -0.133519 0.660412 -8.17571e-18
v -0.222559 -0.197693 -0.291077
vn -0.37942 0.616551 -2.32328e-17
v -0.222559 -0.197693 0.240284
vn -0.37942 0.616551 -2.32328e-17
v -0.222559 -0.197693 -0.291077
vn 6.12323e-17 -3.7494e-33 -1
v -0.206411 -0.203909 -0.291077
vn 6.12323e-17 -3.7494e-33 -1
v -0.207208 -0.207928 -0.291077
vn 0.922541 -0.257155 5.64893e-17
v -0.208742 -0.209701 0.240284
vn 0.795221 -0.404038 4.86933e-17
v -0.208742 -0.209701 -0.291077
vn 0.795221 -0.404038 4.86933e-17
v -0.206412 -0.205954 0.240284
vn 0.990982 -0.0892935 6.06801e-17
v -0.207208 -0.207928 -0.291077
vn 0.925042 -0.253134 5.66425e-17
v -0.206412 -0.205954 -0.291077
vn 0.990982 -0.0892935 6.06801e-17
v -0.213569 -0.212168 0.240284
vn 0.385513 -0.61487 2.36058e-17
v -0.210911 -0.211145 0.240284
vn 0.611173 -0.527437 3.74235e-17
v -0.213569 -0.212168 0.240284
vn 0.379455 -0.616541 2.32349e-17
v -0.216532 -0.212697 0.240284
vn 0.127021 -0.660981 7.77782e-18
v -0.216532 -0.212697 0.240284
vn 6.12323e-17 -3.7494e-33 -1
v -0.0311595 -0.27231 0.291077
vn -0.382889 -0.615597 -2.34452e-17
v -0.0311595 -0.27231 0.291077
vn -6.12323e-17 3.7494e-33 1
v -0.0311595 -0.27231 0.240284
vn -0.222087 -0.649738 -1.35989e-17
v -0.0399925 -0.262098 0.240284
vn 0.133346 -0.660428 8.16507e-18
v -0.0372255 -0.261604 -0.291077
vn 0.379647 -0.616488 2.32467e-17
v -0.0372255 -0.261604 0.240284
vn 0.379647 -0.616488 2.32467e-17
v -0.0399925 -0.262098 -0.291077
vn 0.133346 -0.660428 8.16507e-18
v -0.0515565 -0.257644 -0.291077
vn 6.12323e-17 -3.7494e-33 -1
v -0.0501255 -0.259299 -0.291077
vn -0.79161 -0.407175 -4.84722e-17
v 0.0050675 -0.264298 0.291077
vn -6.12323e-17 3.7494e-33 1
v -0.0327205 -0.259299 -0.291077
vn 0.791361 -0.40739 4.84569e-17
v -0.0347455 -0.26065 -0.291077
vn 0.606153 -0.530003 3.71161e-17
v 0.0423815 -0.269656 0.240284
vn 0.363077 -0.620905 2.22321e-17
v 0.0335325 -0.271691 0.291077
vn 0.288556 -0.638033 1.7669e-17
v 0.0335325 -0.271691 0.240284
vn 0.288556 -0.638033 1.7669e-17
v 0.0335325 -0.271691 0.291077
vn -6.12323e-17 3.7494e-33 1
v -0.0305455 -0.253894 0.240284
vn 6.12323e-17 -3.7494e-33 -1
v -0.0312875 -0.257647 -0.291077
vn 0.92496 -0.253267 5.66375e-17
v -0.0305455 -0.255806 0.240284
vn 0.99101 -0.0891522 6.06819e-17
v -0.0312875 -0.257647 0.240284
vn 0.92496 -0.253267 5.66375e-17
v -0.0327205 -0.259299 -0.291077
vn 0.795072 -0.404169 4.86841e-17
v -0.219428 -0.200334 0.285215
vn -6.12323e-17 3.7494e-33 1
v -0.229608 -0.196348 0.285215
vn -6.12323e-17 3.7494e-33 1
v -0.0240505 -0.25744 0.285215
vn -6.12323e-17 3.7494e-33 1
v -0.244022 -0.182688 0.291077
vn -6.12323e-17 3.7494e-33 1
v -0.244022 -0.182688 0.291077
vn -0.953007 0.201878 -5.83548e-17
v -0.240971 -0.177771 0.240284
vn -0.888732 0.305486 -5.44191e-17
v -0.244022 -0.182688 0.240284
vn -0.953007 0.201878 -5.83548e-17
v 0.0592145 -0.264219 0.240284
vn 6.12323e-17 -3.7494e-33 -1
v -0.210907 -0.198719 0.240284
vn 6.12323e-17 -3.7494e-33 -1
v -0.213565 -0.197696 -0.291077
vn 0.379855 0.616431 2.32594e-17
v -0.216527 -0.197167 -0.291077
vn 0.127491 0.660941 7.80656e-18
v -0.219596 -0.197167 -0.291077
vn -0.133519 0.660412 -8.17571e-18
v -0.207205 -0.201936 -0.291077
vn 6.12323e-17 -3.7494e-33 -1
v -0.206411 -0.203909 -0.291077
vn 0.991896 0.0846655 6.07361e-17
v -0.206412 -0.205954 0.240284
vn 0.991839 -0.084962 6.07326e-17
v -0.206412 -0.205954 -0.291077
vn 0.991839 -0.084962 6.07326e-17
v -0.207208 -0.207928 0.240284
vn 0.922541 -0.257155 5.64893e-17
v -0.207208 -0.207928 0.240284
vn 0.925042 -0.253134 5.66425e-17
v -0.210911 -0.211145 0.240284
vn 6.12323e-17 -3.7494e-33 -1
v -0.0522975 -0.255802 0.240284
vn 6.12323e-17 -3.7494e-33 -1
v -0.213569 -0.212168 0.240284
vn 6.12323e-17 -3.7494e-33 -1
v -0.208742 -0.209701 0.240284
vn 6.12323e-17 -3.7494e-33 -1
v -0.0522965 -0.253892 0.240284
vn 6.12323e-17 -3.7494e-33 -1
v -0.0515565 -0.257644 0.240284
vn 6.12323e-17 -3.7494e-33 -1
v -0.0372255 -0.261604 -0.291077
vn 6.12323e-17 -3.7494e-33 -1
v -0.0501255 -0.259299 -0.291077
vn -0.795357 -0.40392 -4.87016e-17
v -0.0515565 -0.257644 0.240284
vn -0.922793 -0.256754 -5.65048e-17
v -0.0515565 -0.257644 -0.291077
vn -0.922793 -0.256754 -5.65048e-17
v -0.0501255 -0.259299 0.240284
vn -0.795357 -0.40392 -4.87016e-17
v -0.0522965 -0.253892 -0.291077
vn 6.12323e-17 -3.7494e-33 -1
v -0.0327205 -0.259299 -0.291077
vn 6.12323e-17 -3.7494e-33 -1
v -0.0347455 -0.26065 -0.291077
vn 6.12323e-17 -3.7494e-33 -1
v -0.0522975 -0.255802 -0.291077
vn 6.12323e-17 -3.7494e-33 -1
v 0.0423815 -0.269656 0.291077
vn 0.363077 -0.620905 2.22321e-17
v -0.0372215 -0.248096 0.240284
vn 6.12323e-17 -3.7494e-33 -1
v 0.0131255 -0.263791 0.291077
vn -6.12323e-17 3.7494e-33 1
v -0.0312855 -0.252053 0.240284
vn 6.12323e-17 -3.7494e-33 -1
v -0.0305455 -0.255806 -0.291077
vn 0.991813 -0.0850959 6.0731e-17
v -0.0305455 -0.253894 0.240284
vn 0.991868 0.0848094 6.07344e-17
v -0.0305455 -0.255806 0.240284
vn 0.991813 -0.0850959 6.0731e-17
v -0.0305455 -0.255806 -0.291077
vn 0.99101 -0.0891522 6.06819e-17
v -0.0515545 -0.25205 -0.291077
vn 6.12323e-17 -3.7494e-33 -1
v -0.0312875 -0.257647 -0.291077
vn 6.12323e-17 -3.7494e-33 -1
v -0.221198 -0.19793 0.285215
vn -6.12323e-17 3.7494e-33 1
v -0.0177545 -0.258394 0.285215
vn -6.12323e-17 3.7494e-33 1
v -0.222331 -0.195358 0.285215
vn -6.12323e-17 3.7494e-33 1
v -0.230221 -0.192855 0.285215
vn -6.12323e-17 3.7494e-33 1
v -0.228778 -0.185912 0.291077
vn -6.12323e-17 3.7494e-33 1
v -0.240971 -0.177771 0.291077
vn -0.888732 0.305486 -5.44191e-17
v -0.240971 -0.177771 0.240284
vn 6.12323e-17 -3.7494e-33 -1
v 0.0642025 -0.262088 0.240284
vn 6.12323e-17 -3.7494e-33 -1
v 0.0592145 -0.264219 0.291077
vn 0.505922 -0.574805 3.09788e-17
v 0.0509595 -0.267159 0.240284
vn 0.436407 -0.599574 2.67222e-17
v 0.0592145 -0.264219 0.240284
vn 0.505922 -0.574805 3.09788e-17
v 0.0509595 -0.267159 0.291077
vn 0.435876 -0.599746 2.66897e-17
v 0.0423815 -0.269656 0.240284
vn 0.363628 -0.620761 2.22658e-17
v 0.0509595 -0.267159 0.240284
vn 0.435876 -0.599746 2.66897e-17
v -0.208738 -0.200163 0.240284
vn 6.12323e-17 -3.7494e-33 -1
v -0.210907 -0.198719 0.240284
vn 0.606336 0.52991 3.71274e-17
v -0.213565 -0.197696 -0.291077
vn 0.385915 0.614757 2.36305e-17
v -0.213565 -0.197696 0.240284
vn 0.385915 0.614757 2.36305e-17
v -0.210907 -0.198719 -0.291077
vn 6.12323e-17 -3.7494e-33 -1
v -0.216527 -0.197167 -0.291077
vn 6.12323e-17 -3.7494e-33 -1
v -0.213565 -0.197696 -0.291077
vn 6.12323e-17 -3.7494e-33 -1
v -0.208738 -0.200163 -0.291077
vn 6.12323e-17 -3.7494e-33 -1
v -0.219596 -0.197167 -0.291077
vn 6.12323e-17 -3.7494e-33 -1
v -0.207205 -0.201936 0.240284
vn 0.925208 0.252865 5.66526e-17
v -0.206411 -0.203909 -0.291077
vn 0.99104 0.0890029 6.06837e-17
v -0.207205 -0.201936 -0.291077
vn 0.925208 0.252865 5.66526e-17
v -0.206411 -0.203909 0.240284
vn 0.991896 0.0846655 6.07361e-17
v -0.207208 -0.207928 0.240284
vn 6.12323e-17 -3.7494e-33 -1
v -0.0515545 -0.25205 0.240284
vn 6.12323e-17 -3.7494e-33 -1
v -0.206412 -0.205954 0.240284
vn 6.12323e-17 -3.7494e-33 -1
v -0.0501225 -0.250399 0.240284
vn 6.12323e-17 -3.7494e-33 -1
v -0.0515565 -0.257644 0.240284
vn -0.925128 -0.252995 -5.66477e-17
v -0.0522975 -0.255802 -0.291077
vn -0.991069 -0.088861 -6.06855e-17
v -0.0515565 -0.257644 -0.291077
vn -0.925128 -0.252995 -5.66477e-17
v 0.0423815 -0.269656 0.291077
vn 0.363628 -0.620761 2.22658e-17
v 0.0423815 -0.269656 0.291077
vn -6.12323e-17 3.7494e-33 1
v -0.0347415 -0.24905 0.240284
vn 6.12323e-17 -3.7494e-33 -1
v -0.207205 -0.201936 0.240284
vn 6.12323e-17 -3.7494e-33 -1
v -0.0327175 -0.250399 0.240284
vn 6.12323e-17 -3.7494e-33 -1
v -0.0305455 -0.253894 0.240284
vn 0.99107 0.0888563 6.06855e-17
v -0.0312855 -0.252053 -0.291077
vn 0.925129 0.252992 5.66478e-17
v -0.0312855 -0.252053 0.240284
vn 0.925129 0.252992 5.66478e-17
v -0.0305455 -0.253894 -0.291077
vn 0.991868 0.0848094 6.07344e-17
v -0.0501225 -0.250399 -0.291077
vn 6.12323e-17 -3.7494e-33 -1
v -0.0305455 -0.255806 -0.291077
vn 6.12323e-17 -3.7494e-33 -1
v 0.0050675 -0.264298 0.285215
vn -6.12323e-17 3.7494e-33 1
v -0.0177545 -0.258394 0.281308
vn -6.12323e-17 3.7494e-33 1
v -0.217075 -0.202508 0.281308
vn -6.12323e-17 3.7494e-33 1
v -0.214207 -0.204382 0.281308
vn -6.12323e-17 3.7494e-33 1
v -0.0103275 -0.259114 0.281308
vn -6.12323e-17 3.7494e-33 1
v -0.219428 -0.200334 0.281308
vn -6.12323e-17 3.7494e-33 1
v -0.0240505 -0.25744 0.281308
vn -6.12323e-17 3.7494e-33 1
v -0.211332 -0.205715 0.281308
vn -6.12323e-17 3.7494e-33 1
v -0.222799 -0.192697 0.285215
vn -6.12323e-17 3.7494e-33 1
v -0.226762 -0.182663 0.291077
vn -6.12323e-17 3.7494e-33 1
v -0.229943 -0.189342 0.285215
vn -6.12323e-17 3.7494e-33 1
v -0.240971 -0.177771 0.291077
vn -6.12323e-17 3.7494e-33 1
v -0.240971 -0.177771 0.291077
vn -0.888237 0.306125 -5.43888e-17
v -0.236719 -0.173269 0.240284
vn -0.79865 0.401024 -4.89032e-17
v -0.240971 -0.177771 0.240284
vn -0.888237 0.306125 -5.43888e-17
v -0.236719 -0.173269 0.240284
vn 6.12323e-17 -3.7494e-33 -1
v 0.0642025 -0.262088 0.291077
vn 0.540025 -0.560857 3.3067e-17
v 0.0592145 -0.264219 0.240284
vn 0.506338 -0.574642 3.10043e-17
v 0.0642025 -0.262088 0.240284
vn 0.540025 -0.560857 3.3067e-17
v 0.0509595 -0.267159 0.291077
vn 0.436407 -0.599574 2.67222e-17
v 0.0592145 -0.264219 0.291077
vn 0.506338 -0.574642 3.10043e-17
v -0.208738 -0.200163 0.240284
vn 0.79148 0.407287 4.84642e-17
v -0.210907 -0.198719 -0.291077
vn 0.611519 0.527259 3.74447e-17
v -0.210907 -0.198719 0.240284
vn 0.611519 0.527259 3.74447e-17
v -0.210907 -0.198719 -0.291077
vn 0.606336 0.52991 3.71274e-17
v -0.206411 -0.203909 0.240284
vn 0.99104 0.0890029 6.06837e-17
v -0.208738 -0.200163 -0.291077
vn 0.795487 0.403806 4.87095e-17
v -0.207205 -0.201936 0.240284
vn 0.922711 0.256884 5.64997e-17
v -0.207205 -0.201936 -0.291077
vn 0.922711 0.256884 5.64997e-17
v -0.206411 -0.203909 0.240284
vn 6.12323e-17 -3.7494e-33 -1
v -0.0480965 -0.24905 0.240284
vn 6.12323e-17 -3.7494e-33 -1
v -0.0522965 -0.253892 -0.291077
vn -0.991812 0.0851019 -6.0731e-17
v -0.0522975 -0.255802 0.240284
vn -0.991869 -0.0848047 -6.07345e-17
v -0.0522965 -0.253892 0.240284
vn -0.991812 0.0851019 -6.0731e-17
v -0.0522975 -0.255802 0.240284
vn -0.991069 -0.088861 -6.06855e-17
v -0.0515545 -0.25205 -0.291077
vn -0.92496 0.253267 -5.66375e-17
v -0.0522965 -0.253892 0.240284
vn -0.99101 0.0891522 -6.06819e-17
v -0.0515545 -0.25205 0.240284
vn -0.92496 0.253267 -5.66375e-17
v -0.0522965 -0.253892 -0.291077
vn -0.99101 0.0891522 -6.06819e-17
v -0.0522975 -0.255802 -0.291077
vn -0.991869 -0.0848047 -6.07345e-17
v 0.0509595 -0.267159 0.291077
vn -6.12323e-17 3.7494e-33 1
v 0.0289345 -0.261512 0.291077
vn -6.12323e-17 3.7494e-33 1
v 0.0210975 -0.262861 0.291077
vn -6.12323e-17 3.7494e-33 1
v -0.0347415 -0.24905 0.240284
vn 0.606497 0.529829 3.71372e-17
v -0.0372215 -0.248096 -0.291077
vn 0.385706 0.614816 2.36177e-17
v -0.0372215 -0.248096 0.240284
vn 0.385706 0.614816 2.36177e-17
v -0.0399875 -0.247603 0.240284
vn 6.12323e-17 -3.7494e-33 -1
v -0.0312855 -0.252053 0.240284
vn 0.92279 0.256759 5.65046e-17
v -0.0327175 -0.250399 -0.291077
vn 0.795354 0.403923 4.87014e-17
v -0.0327175 -0.250399 0.240284
vn 0.795354 0.403923 4.87014e-17
v -0.0305455 -0.253894 -0.291077
vn 0.99107 0.0888563 6.06855e-17
v -0.0312855 -0.252053 -0.291077
vn 0.92279 0.256759 5.65046e-17
v -0.0480965 -0.24905 -0.291077
vn 6.12323e-17 -3.7494e-33 -1
v -0.0305455 -0.253894 -0.291077
vn 6.12323e-17 -3.7494e-33 -1
v -0.0515545 -0.25205 0.240284
vn -0.922616 0.257035 -5.6494e-17
v -0.0501225 -0.250399 -0.291077
vn -0.795076 0.404166 -4.86844e-17
v -0.0515545 -0.25205 -0.291077
vn -0.922616 0.257035 -5.6494e-17
v -0.0103275 -0.259114 0.285215
vn -6.12323e-17 3.7494e-33 1
v -0.00283749 -0.25944 0.281308
vn -6.12323e-17 3.7494e-33 1
v -0.221198 -0.19793 0.281308
vn -6.12323e-17 3.7494e-33 1
v -0.222586 -0.190023 0.285215
vn -6.12323e-17 3.7494e-33 1
v -0.223951 -0.179686 0.291077
vn -6.12323e-17 3.7494e-33 1
v -0.236719 -0.173269 0.291077
vn -0.79865 0.401024 -4.89032e-17
v 0.0745445 -0.257075 0.240284
vn 6.12323e-17 -3.7494e-33 -1
v 0.0745445 -0.257075 0.240284
vn 0.588017 -0.538999 3.60057e-17
v 0.0642025 -0.262088 0.291077
vn 0.588017 -0.538999 3.60057e-17
v 0.0642025 -0.262088 0.240284
vn 0.588017 -0.538999 3.60057e-17
v 0.0592145 -0.264219 0.291077
vn -6.12323e-17 3.7494e-33 1
v 0.0365865 -0.259756 0.291077
vn -6.12323e-17 3.7494e-33 1
v 0.0642025 -0.262088 0.291077
vn -6.12323e-17 3.7494e-33 1
v 0.0440045 -0.257598 0.291077
vn -6.12323e-17 3.7494e-33 1
v -0.208738 -0.200163 0.240284
vn 0.795487 0.403806 4.87095e-17
v -0.208738 -0.200163 -0.291077
vn 0.79148 0.407287 4.84642e-17
v -0.0428505 -0.2476 0.240284
vn 6.12323e-17 -3.7494e-33 -1
v -0.0456165 -0.248096 0.240284
vn 6.12323e-17 -3.7494e-33 -1
v -0.0501225 -0.250399 0.240284
vn -0.795076 0.404166 -4.86844e-17
v -0.0480965 -0.24905 -0.291077
vn -0.611009 0.527522 -3.74135e-17
v -0.0501225 -0.250399 0.240284
vn -0.791345 0.407404 -4.84559e-17
v -0.0480965 -0.24905 0.240284
vn -0.611009 0.527522 -3.74135e-17
v -0.0327175 -0.250399 0.240284
vn 0.791617 0.407169 4.84726e-17
v -0.0347415 -0.24905 -0.291077
vn 0.61136 0.527341 3.7435e-17
v -0.0347415 -0.24905 0.240284
vn 0.61136 0.527341 3.7435e-17
v -0.0347415 -0.24905 -0.291077
vn 0.606497 0.529829 3.71372e-17
v -0.0399875 -0.247603 -0.291077
vn 0.133768 0.66039 8.19093e-18
v -0.0372215 -0.248096 0.240284
vn 0.380044 0.616379 2.3271e-17
v -0.0372215 -0.248096 -0.291077
vn 0.380044 0.616379 2.3271e-17
v -0.0399875 -0.247603 0.240284
vn 0.133768 0.66039 8.19093e-18
v 0.0131255 -0.263791 0.285215
vn -6.12323e-17 3.7494e-33 1
v -0.00283749 -0.25944 0.285215
vn -6.12323e-17 3.7494e-33 1
v -0.0327175 -0.250399 -0.291077
vn 0.791617 0.407169 4.84726e-17
v -0.0456165 -0.248096 -0.291077
vn 6.12323e-17 -3.7494e-33 -1
v -0.0312855 -0.252053 -0.291077
vn 6.12323e-17 -3.7494e-33 -1
v -0.0428505 -0.2476 -0.291077
vn 6.12323e-17 -3.7494e-33 -1
v -0.0327175 -0.250399 -0.291077
vn 6.12323e-17 -3.7494e-33 -1
v -0.0501225 -0.250399 -0.291077
vn -0.791345 0.407404 -4.84559e-17
v 0.00466651 -0.259367 0.281308
vn -6.12323e-17 3.7494e-33 1
v -0.228778 -0.185912 0.285215
vn -6.12323e-17 3.7494e-33 1
v -0.236719 -0.173269 0.291077
vn -6.12323e-17 3.7494e-33 1
v -0.236719 -0.173269 0.291077
vn -0.798003 0.401596 -4.88636e-17
v -0.231387 -0.169306 0.240284
vn -0.685677 0.485061 -4.19856e-17
v -0.236719 -0.173269 0.240284
vn -0.798003 0.401596 -4.88636e-17
v -0.231387 -0.169306 0.240284
vn 6.12323e-17 -3.7494e-33 -1
v 0.0745445 -0.257075 0.291077
vn 0.588017 -0.538999 3.60057e-17
v 0.0511415 -0.255053 0.291077
vn -6.12323e-17 3.7494e-33 1
v -0.0456165 -0.248096 -0.291077
vn -0.385306 0.614927 -2.35932e-17
v -0.0480965 -0.24905 0.240284
vn -0.606153 0.530003 -3.71161e-17
v -0.0456165 -0.248096 0.240284
vn -0.385306 0.614927 -2.35932e-17
v -0.0480965 -0.24905 -0.291077
vn -0.606153 0.530003 -3.71161e-17
v -0.0347415 -0.24905 -0.291077
vn 6.12323e-17 -3.7494e-33 -1
v -0.0399875 -0.247603 -0.291077
vn 6.12323e-17 -3.7494e-33 -1
v -0.0372215 -0.248096 -0.291077
vn 6.12323e-17 -3.7494e-33 -1
v -0.0428505 -0.2476 -0.291077
vn -0.127234 0.660963 -7.79085e-18
v -0.0399875 -0.247603 0.240284
vn 0.127745 0.660919 7.8221e-18
v -0.0399875 -0.247603 -0.291077
vn 0.127745 0.660919 7.8221e-18
v -0.0428505 -0.2476 0.240284
vn -0.127234 0.660963 -7.79085e-18
v 0.00466651 -0.259367 0.285215
vn -6.12323e-17 3.7494e-33 1
v -0.222331 -0.195358 0.281308
vn -6.12323e-17 3.7494e-33 1
v 0.0121395 -0.2589 0.281308
vn -6.12323e-17 3.7494e-33 1
v -0.222799 -0.192697 0.281308
vn -6.12323e-17 3.7494e-33 1
v -0.220163 -0.184935 0.285215
vn -6.12323e-17 3.7494e-33 1
v -0.226762 -0.182663 0.285215
vn -6.12323e-17 3.7494e-33 1
v -0.221699 -0.187412 0.285215
vn -6.12323e-17 3.7494e-33 1
v -0.220428 -0.177068 0.291077
vn -6.12323e-17 3.7494e-33 1
v -0.231387 -0.169306 0.291077
vn -0.685677 0.485061 -4.19856e-17
v -0.22513 -0.166 0.240284
vn 6.12323e-17 -3.7494e-33 -1
v 0.0745445 -0.257075 0.240284
vn 0.682123 -0.487282 4.1768e-17
v 0.102075 -0.239962 0.291077
vn 0.724221 -0.459514 4.43457e-17
v 0.0745445 -0.257075 0.291077
vn 0.682123 -0.487282 4.1768e-17
v 0.0745445 -0.257075 0.291077
vn -6.12323e-17 3.7494e-33 1
v 0.0552075 -0.253316 0.291077
vn -6.12323e-17 3.7494e-33 1
v -0.0428505 -0.2476 0.240284
vn -0.133379 0.660425 -8.16711e-18
v -0.0456165 -0.248096 -0.291077
vn -0.379678 0.61648 -2.32486e-17
v -0.0456165 -0.248096 0.240284
vn -0.379678 0.61648 -2.32486e-17
v 0.0210975 -0.262861 0.285215
vn -6.12323e-17 3.7494e-33 1
v -0.0428505 -0.2476 -0.291077
vn -0.133379 0.660425 -8.16711e-18
v -0.0196285 -0.248192 0.281308
vn -6.12323e-17 3.7494e-33 1
v -0.218022 -0.182666 0.285215
vn -6.12323e-17 3.7494e-33 1
v -0.207622 -0.194411 0.281308
vn -6.12323e-17 3.7494e-33 1
v -0.222586 -0.190023 0.281308
vn -6.12323e-17 3.7494e-33 1
v -0.215144 -0.174275 0.291077
vn -6.12323e-17 3.7494e-33 1
v -0.223951 -0.179686 0.285215
vn -6.12323e-17 3.7494e-33 1
v -0.231387 -0.169306 0.291077
vn -6.12323e-17 3.7494e-33 1
v -0.231387 -0.169306 0.291077
vn -0.684891 0.485554 -4.19375e-17
v -0.22513 -0.166 0.240284
vn -0.621169 0.522226 -3.80356e-17
v -0.231387 -0.169306 0.240284
vn -0.684891 0.485554 -4.19375e-17
v -0.156775 -0.184665 0.240284
vn 6.12323e-17 -3.7494e-33 -1
v 0.102075 -0.239962 0.240284
vn 0.724221 -0.459514 4.43457e-17
v 0.102075 -0.239962 0.291077
vn -6.12323e-17 3.7494e-33 1
v 0.0643865 -0.248869 0.291077
vn -6.12323e-17 3.7494e-33 1
v 0.0365865 -0.259756 0.285215
vn -6.12323e-17 3.7494e-33 1
v 0.0195325 -0.258039 0.285215
vn -6.12323e-17 3.7494e-33 1
v 0.0289345 -0.261512 0.285215
vn -6.12323e-17 3.7494e-33 1
v 0.0121395 -0.2589 0.285215
vn -6.12323e-17 3.7494e-33 1
v -0.0150935 -0.248883 0.281308
vn -6.12323e-17 3.7494e-33 1
v -0.204337 -0.197176 0.281308
vn -6.12323e-17 3.7494e-33 1
v -0.208062 -0.193417 0.281308
vn -6.12323e-17 3.7494e-33 1
v -0.206938 -0.195341 0.281308
vn -6.12323e-17 3.7494e-33 1
v -0.215338 -0.180673 0.285215
vn -6.12323e-17 3.7494e-33 1
v -0.22513 -0.166 0.291077
vn -6.12323e-17 3.7494e-33 1
v -0.22513 -0.166 0.291077
vn -0.621169 0.522226 -3.80356e-17
v -0.152231 -0.185477 0.240284
vn 6.12323e-17 -3.7494e-33 -1
v -0.160849 -0.183096 0.240284
vn 6.12323e-17 -3.7494e-33 -1
v -0.133227 -0.17817 0.240284
vn 6.12323e-17 -3.7494e-33 -1
v 0.102075 -0.239962 0.240284
vn 6.12323e-17 -3.7494e-33 -1
v 0.102075 -0.239962 0.240284
vn 0.726682 -0.457785 4.44965e-17
v 0.126273 -0.220742 0.291077
vn 0.802795 -0.397333 4.9157e-17
v 0.102075 -0.239962 0.291077
vn 0.726682 -0.457785 4.44965e-17
v 0.0904925 -0.232642 0.291077
vn -6.12323e-17 3.7494e-33 1
v 0.0440045 -0.257598 0.285215
vn -6.12323e-17 3.7494e-33 1
v 0.0338955 -0.255158 0.285215
vn -6.12323e-17 3.7494e-33 1
v 0.0511415 -0.255053 0.285215
vn -6.12323e-17 3.7494e-33 1
v 0.0407745 -0.253155 0.285215
vn -6.12323e-17 3.7494e-33 1
v 0.0268005 -0.256789 0.285215
vn -6.12323e-17 3.7494e-33 1
v 0.0195325 -0.258039 0.281308
vn -6.12323e-17 3.7494e-33 1
v -0.204921 -0.196907 0.281308
vn -6.12323e-17 3.7494e-33 1
v -0.208159 -0.191355 0.281308
vn -6.12323e-17 3.7494e-33 1
v -0.221699 -0.187412 0.281308
vn -6.12323e-17 3.7494e-33 1
v -0.208241 -0.192391 0.281308
vn -6.12323e-17 3.7494e-33 1
v -0.206029 -0.19618 0.281308
vn -6.12323e-17 3.7494e-33 1
v -0.220428 -0.177068 0.285215
vn -6.12323e-17 3.7494e-33 1
v -0.18349 -0.157074 0.291077
vn -6.12323e-17 3.7494e-33 1
v -0.22513 -0.166 0.291077
vn -0.632058 0.516391 -3.87024e-17
v -0.194786 -0.149509 0.240284
vn -0.703235 0.473768 -4.30607e-17
v -0.22513 -0.166 0.240284
vn -0.632058 0.516391 -3.87024e-17
v -0.147528 -0.185477 0.240284
vn 6.12323e-17 -3.7494e-33 -1
v -0.164174 -0.18088 0.240284
vn 6.12323e-17 -3.7494e-33 -1
v -0.132008 -0.17514 0.240284
vn 6.12323e-17 -3.7494e-33 -1
v -0.13558 -0.180883 0.240284
vn 6.12323e-17 -3.7494e-33 -1
v 0.126273 -0.220742 0.240284
vn 0.802795 -0.397333 4.9157e-17
v 0.126273 -0.220742 0.291077
vn -6.12323e-17 3.7494e-33 1
v 0.0552075 -0.253316 0.285215
vn -6.12323e-17 3.7494e-33 1
v -0.0088085 -0.249491 0.281308
vn -6.12323e-17 3.7494e-33 1
v -0.205357 -0.18774 0.281308
vn -6.12323e-17 3.7494e-33 1
v -0.218022 -0.182666 0.281308
vn -6.12323e-17 3.7494e-33 1
v -0.220163 -0.184935 0.281308
vn -6.12323e-17 3.7494e-33 1
v -0.207222 -0.189388 0.281308
vn -6.12323e-17 3.7494e-33 1
v -0.207816 -0.190345 0.281308
vn -6.12323e-17 3.7494e-33 1
v -0.210506 -0.17812 0.285215
vn -6.12323e-17 3.7494e-33 1
v -0.215144 -0.174275 0.285215
vn -6.12323e-17 3.7494e-33 1
v -0.194786 -0.149509 0.291077
vn -6.12323e-17 3.7494e-33 1
v -0.194786 -0.149509 0.291077
vn -0.703235 0.473768 -4.30607e-17
v -0.194786 -0.149509 0.240284
vn 6.12323e-17 -3.7494e-33 -1
v -0.152223 -0.161666 0.240284
vn 6.12323e-17 -3.7494e-33 -1
v -0.142982 -0.184665 0.240284
vn 6.12323e-17 -3.7494e-33 -1
v -0.166526 -0.178163 0.240284
vn 6.12323e-17 -3.7494e-33 -1
v -0.132007 -0.172006 0.240284
vn 6.12323e-17 -3.7494e-33 -1
v -0.138908 -0.1831 0.240284
vn 6.12323e-17 -3.7494e-33 -1
v -0.142975 -0.162478 0.240284
vn 6.12323e-17 -3.7494e-33 -1
v 0.126273 -0.220742 0.240284
vn 6.12323e-17 -3.7494e-33 -1
v 0.126273 -0.220742 0.240284
vn 0.804921 -0.395417 4.92872e-17
v 0.146781 -0.199702 0.291077
vn 0.86942 -0.329241 5.32366e-17
v 0.126273 -0.220742 0.291077
vn 0.804921 -0.395417 4.92872e-17
v 0.11344 -0.214414 0.291077
vn -6.12323e-17 3.7494e-33 1
v 0.0643865 -0.248869 0.285215
vn -6.12323e-17 3.7494e-33 1
v 0.0510295 -0.249244 0.285215
vn -6.12323e-17 3.7494e-33 1
v 0.0473925 -0.250796 0.285215
vn -6.12323e-17 3.7494e-33 1
v -0.00246949 -0.249767 0.281308
vn -6.12323e-17 3.7494e-33 1
v -0.201412 -0.185655 0.281308
vn -6.12323e-17 3.7494e-33 1
v -0.206395 -0.18851 0.281308
vn -6.12323e-17 3.7494e-33 1
v -0.178245 -0.160587 0.285215
vn -6.12323e-17 3.7494e-33 1
v -0.215338 -0.180673 0.281308
vn -6.12323e-17 3.7494e-33 1
v -0.156585 -0.135311 0.291077
vn -6.12323e-17 3.7494e-33 1
v -0.194786 -0.149509 0.291077
vn -0.707491 0.470945 -4.33213e-17
v -0.169888 -0.129371 0.240284
vn -0.829049 0.372623 -5.07646e-17
v -0.194786 -0.149509 0.240284
vn -0.707491 0.470945 -4.33213e-17
v -0.147519 -0.161666 0.240284
vn 6.12323e-17 -3.7494e-33 -1
v -0.156769 -0.162475 0.240284
vn 6.12323e-17 -3.7494e-33 -1
v -0.167742 -0.175134 0.240284
vn 6.12323e-17 -3.7494e-33 -1
v -0.133225 -0.168977 0.240284
vn 6.12323e-17 -3.7494e-33 -1
v -0.138902 -0.164043 0.240284
vn 6.12323e-17 -3.7494e-33 -1
v 0.146781 -0.199702 0.240284
vn 0.86942 -0.329241 5.32366e-17
v 0.146781 -0.199702 0.291077
vn -6.12323e-17 3.7494e-33 1
v 0.0904925 -0.232642 0.285215
vn -6.12323e-17 3.7494e-33 1
v 0.0596695 -0.245058 0.285215
vn -6.12323e-17 3.7494e-33 1
v 0.0268005 -0.256789 0.281308
vn -6.12323e-17 3.7494e-33 1
v -0.18349 -0.157074 0.285215
vn -6.12323e-17 3.7494e-33 1
v -0.210506 -0.17812 0.281308
vn -6.12323e-17 3.7494e-33 1
v -0.169888 -0.129371 0.291077
vn -6.12323e-17 3.7494e-33 1
v -0.169888 -0.129371 0.291077
vn -0.829049 0.372623 -5.07646e-17
v -0.169888 -0.129371 0.240284
vn 6.12323e-17 -3.7494e-33 -1
v -0.160842 -0.16404 0.240284
vn 6.12323e-17 -3.7494e-33 -1
v -0.167741 -0.171999 0.240284
vn 6.12323e-17 -3.7494e-33 -1
v -0.135575 -0.166264 0.240284
vn 6.12323e-17 -3.7494e-33 -1
v 0.146781 -0.199702 0.240284
vn 6.12323e-17 -3.7494e-33 -1
v 0.146781 -0.199702 0.240284
vn 0.87118 -0.327167 5.33444e-17
v 0.163291 -0.177156 0.291077
vn 0.923108 -0.256249 5.65241e-17
v 0.146781 -0.199702 0.291077
vn 0.87118 -0.327167 5.33444e-17
v 0.132886 -0.194463 0.291077
vn -6.12323e-17 3.7494e-33 1
v 0.11344 -0.214414 0.285215
vn -6.12323e-17 3.7494e-33 1
v 0.0851135 -0.22924 0.285215
vn -6.12323e-17 3.7494e-33 1
v 0.0407745 -0.253155 0.281308
vn -6.12323e-17 3.7494e-33 1
v 0.0164625 -0.24858 0.281308
vn -6.12323e-17 3.7494e-33 1
v 0.0338955 -0.255158 0.281308
vn -6.12323e-17 3.7494e-33 1
v 0.0102065 -0.24931 0.281308
vn -6.12323e-17 3.7494e-33 1
v 0.00388151 -0.249705 0.281308
vn -6.12323e-17 3.7494e-33 1
v -0.150407 -0.138067 0.285215
vn -6.12323e-17 3.7494e-33 1
v -0.167958 -0.167474 0.281308
vn -6.12323e-17 3.7494e-33 1
v -0.136609 -0.110453 0.291077
vn -6.12323e-17 3.7494e-33 1
v -0.169888 -0.129371 0.291077
vn -0.832391 0.3693 -5.09693e-17
v -0.151402 -0.106368 0.240284
vn -0.922641 0.256996 -5.64955e-17
v -0.169888 -0.129371 0.240284
vn -0.832391 0.3693 -5.09693e-17
v -0.164169 -0.166257 0.240284
vn 6.12323e-17 -3.7494e-33 -1
v -0.166524 -0.168974 0.240284
vn 6.12323e-17 -3.7494e-33 -1
v -0.151402 -0.106368 0.240284
vn 6.12323e-17 -3.7494e-33 -1
v 0.163291 -0.177156 0.240284
vn 0.923108 -0.256249 5.65241e-17
v 0.163291 -0.177156 0.291077
vn -6.12323e-17 3.7494e-33 1
v 0.148542 -0.173081 0.291077
vn -6.12323e-17 3.7494e-33 1
v 0.132886 -0.194463 0.285215
vn -6.12323e-17 3.7494e-33 1
v 0.10748 -0.211477 0.285215
vn -6.12323e-17 3.7494e-33 1
v 0.0226135 -0.247521 0.281308
vn -6.12323e-17 3.7494e-33 1
v 0.0473925 -0.250796 0.281308
vn -6.12323e-17 3.7494e-33 1
v 0.0286175 -0.246139 0.281308
vn -6.12323e-17 3.7494e-33 1
v -0.156585 -0.135311 0.285215
vn -6.12323e-17 3.7494e-33 1
v -0.178245 -0.160587 0.281308
vn -6.12323e-17 3.7494e-33 1
v -0.151402 -0.106368 0.291077
vn -6.12323e-17 3.7494e-33 1
v -0.151402 -0.106368 0.291077
vn -0.922641 0.256996 -5.64955e-17
v 0.163291 -0.177156 0.240284
vn 6.12323e-17 -3.7494e-33 -1
v 0.163291 -0.177156 0.240284
vn 0.924478 -0.254048 5.66079e-17
v 0.175558 -0.153436 0.291077
vn 0.963061 -0.179445 5.89705e-17
v 0.163291 -0.177156 0.291077
vn 0.924478 -0.254048 5.66079e-17
v 0.160174 -0.150588 0.291077
vn -6.12323e-17 3.7494e-33 1
v 0.126434 -0.192029 0.285215
vn -6.12323e-17 3.7494e-33 1
v 0.0596695 -0.245058 0.281308
vn -6.12323e-17 3.7494e-33 1
v 0.0428375 -0.241255 0.281308
vn -6.12323e-17 3.7494e-33 1
v 0.0510295 -0.249244 0.281308
vn -6.12323e-17 3.7494e-33 1
v -0.12974 -0.112351 0.285215
vn -6.12323e-17 3.7494e-33 1
v -0.138292 -0.143477 0.281308
vn -6.12323e-17 3.7494e-33 1
v -0.140048 -0.0813949 0.291077
vn -6.12323e-17 3.7494e-33 1
v -0.151402 -0.106368 0.291077
vn -0.92494 0.253299 -5.66362e-17
v -0.140048 -0.0813949 0.240284
vn -0.980372 0.131381 -6.00305e-17
v -0.151402 -0.106368 0.240284
vn -0.92494 0.253299 -5.66362e-17
v -0.140048 -0.0813949 0.240284
vn 6.12323e-17 -3.7494e-33 -1
v 0.175558 -0.153436 0.240284
vn 0.963061 -0.179445 5.89705e-17
v 0.175558 -0.153436 0.291077
vn -6.12323e-17 3.7494e-33 1
v 0.148542 -0.173081 0.285215
vn -6.12323e-17 3.7494e-33 1
v 0.0851135 -0.22924 0.281308
vn -6.12323e-17 3.7494e-33 1
v 0.0504185 -0.237581 0.281308
vn -6.12323e-17 3.7494e-33 1
v 0.0400415 -0.242449 0.281308
vn -6.12323e-17 3.7494e-33 1
v 0.0344395 -0.244446 0.281308
vn -6.12323e-17 3.7494e-33 1
v -0.136609 -0.110453 0.285215
vn -6.12323e-17 3.7494e-33 1
v -0.150407 -0.138067 0.281308
vn -6.12323e-17 3.7494e-33 1
v -0.12434 -0.0834667 0.291077
vn -6.12323e-17 3.7494e-33 1
v -0.140048 -0.0813949 0.291077
vn -0.980372 0.131381 -6.00305e-17
v 0.175558 -0.153436 0.240284
vn 6.12323e-17 -3.7494e-33 -1
v 0.175558 -0.153436 0.240284
vn 0.964018 -0.177149 5.90291e-17
v 0.183399 -0.128898 0.291077
vn 0.978066 -0.138802 5.98893e-17
v 0.175558 -0.153436 0.291077
vn 0.964018 -0.177149 5.90291e-17
v 0.167611 -0.127319 0.291077
vn -6.12323e-17 3.7494e-33 1
v 0.141693 -0.17119 0.285215
vn -6.12323e-17 3.7494e-33 1
v 0.10748 -0.211477 0.281308
vn -6.12323e-17 3.7494e-33 1
v 0.0745665 -0.222571 0.281308
vn -6.12323e-17 3.7494e-33 1
v 0.126434 -0.192029 0.281308
vn -6.12323e-17 3.7494e-33 1
v 0.0957925 -0.205715 0.281308
vn -6.12323e-17 3.7494e-33 1
v -0.12434 -0.0834667 0.285215
vn -6.12323e-17 3.7494e-33 1
v -0.116267 -0.116071 0.281308
vn -6.12323e-17 3.7494e-33 1
v -0.136267 -0.0554221 0.291077
vn -6.12323e-17 3.7494e-33 1
v -0.140048 -0.0813949 0.291077
vn -0.981538 0.127456 -6.01019e-17
v -0.136267 -0.0554221 0.240284
vn -1 0.000659007 -6.12323e-17
v -0.140048 -0.0813949 0.240284
vn -0.981538 0.127456 -6.01019e-17
v -0.136267 -0.0554221 0.240284
vn 6.12323e-17 -3.7494e-33 -1
v 0.183399 -0.128898 0.240284
vn 0.978066 -0.138802 5.98893e-17
v 0.183399 -0.128898 0.291077
vn -6.12323e-17 3.7494e-33 1
v 0.160174 -0.150588 0.285215
vn -6.12323e-17 3.7494e-33 1
v 0.15303 -0.149266 0.285215
vn -6.12323e-17 3.7494e-33 1
v 0.141693 -0.17119 0.281308
vn -6.12323e-17 3.7494e-33 1
v 0.11378 -0.187257 0.281308
vn -6.12323e-17 3.7494e-33 1
v -0.117045 -0.0844309 0.285215
vn -6.12323e-17 3.7494e-33 1
v -0.12974 -0.112351 0.281308
vn -6.12323e-17 3.7494e-33 1
v -0.120253 -0.0554021 0.291077
vn -6.12323e-17 3.7494e-33 1
v -0.136267 -0.0554221 0.291077
vn -1 0.000659007 -6.12323e-17
v 0.183399 -0.128898 0.240284
vn 6.12323e-17 -3.7494e-33 -1
v 0.185401 -0.113745 0.240284
vn 0.996151 -0.0584125 6.09966e-17
v 0.183399 -0.128898 0.291077
vn 0.996151 -0.0584125 6.09966e-17
v 0.183399 -0.128898 0.240284
vn 0.996151 -0.0584125 6.09966e-17
v 0.169501 -0.113005 0.291077
vn -6.12323e-17 3.7494e-33 1
v 0.160278 -0.126589 0.285215
vn -6.12323e-17 3.7494e-33 1
v 0.128261 -0.16748 0.281308
vn -6.12323e-17 3.7494e-33 1
v -0.120253 -0.0554021 0.285215
vn -6.12323e-17 3.7494e-33 1
v -0.117045 -0.0844309 0.281308
vn -6.12323e-17 3.7494e-33 1
v -0.140205 -0.029462 0.291077
vn -6.12323e-17 3.7494e-33 1
v -0.136267 -0.0554221 0.291077
vn -0.999987 -0.0033415 -6.12316e-17
v -0.140205 -0.029462 0.240284
vn -0.980761 -0.130087 -6.00543e-17
v -0.136267 -0.0554221 0.240284
vn -0.999987 -0.0033415 -6.12316e-17
v -0.140205 -0.029462 0.240284
vn 6.12323e-17 -3.7494e-33 -1
v 0.185401 -0.113745 0.291077
vn 0.996151 -0.0584125 6.09966e-17
v 0.185401 -0.113745 0.240284
vn 6.12323e-17 -3.7494e-33 -1
v 0.185401 -0.113745 0.291077
vn -6.12323e-17 3.7494e-33 1
v 0.167611 -0.127319 0.285215
vn -6.12323e-17 3.7494e-33 1
v 0.139021 -0.146674 0.281308
vn -6.12323e-17 3.7494e-33 1
v -0.112817 -0.0553921 0.285215
vn -6.12323e-17 3.7494e-33 1
v -0.102739 -0.0863188 0.281308
vn -6.12323e-17 3.7494e-33 1
v -0.124509 -0.0273475 0.291077
vn -6.12323e-17 3.7494e-33 1
v -0.140205 -0.029462 0.291077
vn -0.980761 -0.130087 -6.00543e-17
v 0.185401 -0.113745 0.240284
vn 0.998645 -0.034682 6.11494e-17
v 0.185803 -0.108601 0.291077
vn 0.999673 -0.0170351 6.12123e-17
v 0.185401 -0.113745 0.291077
vn 0.998645 -0.034682 6.11494e-17
v 0.185803 -0.108601 0.240284
vn 6.12323e-17 -3.7494e-33 -1
v 0.169867 -0.108331 0.291077
vn -6.12323e-17 3.7494e-33 1
v 0.169501 -0.113005 0.285215
vn -6.12323e-17 3.7494e-33 1
v 0.162118 -0.11266 0.285215
vn -6.12323e-17 3.7494e-33 1
v 0.15303 -0.149266 0.281308
vn -6.12323e-17 3.7494e-33 1
v -0.124509 -0.0273475 0.285215
vn -6.12323e-17 3.7494e-33 1
v -0.112817 -0.0553921 0.281308
vn -6.12323e-17 3.7494e-33 1
v -0.15171 -0.00452072 0.291077
vn -6.12323e-17 3.7494e-33 1
v -0.140205 -0.029462 0.291077
vn -0.979571 -0.134009 -5.99814e-17
v -0.15171 -0.00452072 0.240284
vn -0.923402 -0.255779 -5.65421e-17
v -0.140205 -0.029462 0.240284
vn -0.979571 -0.134009 -5.99814e-17
v 0.185803 -0.108601 0.240284
vn 0.999673 -0.0170351 6.12123e-17
v 0.185803 -0.108601 0.291077
vn -6.12323e-17 3.7494e-33 1
v 0.185784 -0.0984155 0.240284
vn 6.12323e-17 -3.7494e-33 -1
v 0.162465 -0.108207 0.285215
vn -6.12323e-17 3.7494e-33 1
v 0.160278 -0.126589 0.281308
vn -6.12323e-17 3.7494e-33 1
v 0.1459 -0.125151 0.281308
vn -6.12323e-17 3.7494e-33 1
v -0.11722 -0.0263673 0.285215
vn -6.12323e-17 3.7494e-33 1
v -0.0982345 -0.0553728 0.281308
vn -6.12323e-17 3.7494e-33 1
v -0.136941 -0.000395165 0.291077
vn -6.12323e-17 3.7494e-33 1
v -0.15171 -0.00452072 0.291077
vn -0.923402 -0.255779 -5.65421e-17
v -0.15171 -0.00452072 0.240284
vn 6.12323e-17 -3.7494e-33 -1
v 0.185803 -0.108601 0.240284
vn 0.999686 -0.0167109 6.12131e-17
v 0.185784 -0.0984155 0.291077
vn 0.999619 0.0183948 6.1209e-17
v 0.185803 -0.108601 0.291077
vn 0.999686 -0.0167109 6.12131e-17
v 0.169849 -0.0987147 0.291077
vn -6.12323e-17 3.7494e-33 1
v 0.185784 -0.0984155 0.240284
vn 0.999619 0.0183948 6.1209e-17
v 0.169867 -0.108331 0.285215
vn -6.12323e-17 3.7494e-33 1
v 0.162118 -0.11266 0.281308
vn -6.12323e-17 3.7494e-33 1
v 0.147638 -0.111982 0.281308
vn -6.12323e-17 3.7494e-33 1
v -0.136941 -0.000395165 0.285215
vn -6.12323e-17 3.7494e-33 1
v -0.11722 -0.0263673 0.281308
vn -6.12323e-17 3.7494e-33 1
v -0.170334 0.018432 0.291077
vn -6.12323e-17 3.7494e-33 1
v -0.170334 0.018432 0.291077
vn -0.830155 -0.371528 -5.08323e-17
v -0.15171 -0.00452072 0.240284
vn -0.921081 -0.259468 -5.64e-17
v -0.15171 -0.00452072 0.291077
vn -0.921081 -0.259468 -5.64e-17
v 0.18495 -0.0882493 0.240284
vn 6.12323e-17 -3.7494e-33 -1
v 0.185784 -0.0984155 0.291077
vn -6.12323e-17 3.7494e-33 1
v 0.185784 -0.0984155 0.240284
vn 0.999601 0.0188252 6.12079e-17
v 0.18495 -0.0882493 0.291077
vn 0.996726 0.0538789 6.10319e-17
v 0.185784 -0.0984155 0.291077
vn 0.999601 0.0188252 6.12079e-17
v 0.169849 -0.0987147 0.285215
vn -6.12323e-17 3.7494e-33 1
v 0.162449 -0.0988493 0.285215
vn -6.12323e-17 3.7494e-33 1
v 0.147954 -0.10796 0.281308
vn -6.12323e-17 3.7494e-33 1
v -0.130084 0.00152068 0.285215
vn -6.12323e-17 3.7494e-33 1
v -0.102926 -0.0244395 0.281308
vn -6.12323e-17 3.7494e-33 1
v -0.157067 0.0244081 0.291077
vn -6.12323e-17 3.7494e-33 1
v -0.170334 0.018432 0.240284
vn -0.830155 -0.371528 -5.08323e-17
v -0.170334 0.018432 0.240284
vn 6.12323e-17 -3.7494e-33 -1
v 0.18495 -0.0882493 0.240284
vn 0.996726 0.0538789 6.10319e-17
v 0.16906 -0.0891109 0.291077
vn -6.12323e-17 3.7494e-33 1
v 0.18495 -0.0882493 0.291077
vn -6.12323e-17 3.7494e-33 1
v 0.161683 -0.089512 0.285215
vn -6.12323e-17 3.7494e-33 1
v 0.162465 -0.108207 0.281308
vn -6.12323e-17 3.7494e-33 1
v -0.157067 0.0244081 0.285215
vn -6.12323e-17 3.7494e-33 1
v -0.130084 0.00152068 0.281308
vn -6.12323e-17 3.7494e-33 1
v -0.195354 0.0385041 0.291077
vn -6.12323e-17 3.7494e-33 1
v -0.195354 0.0385041 0.291077
vn -0.76924 -0.42579 -4.71023e-17
v -0.170334 0.018432 0.240284
vn -0.826793 -0.374843 -5.06265e-17
v -0.170334 0.018432 0.291077
vn -0.826793 -0.374843 -5.06265e-17
v 0.183303 -0.0781223 0.240284
vn 6.12323e-17 -3.7494e-33 -1
v 0.18495 -0.0882493 0.240284
vn 0.996674 0.0543078 6.10287e-17
v 0.183303 -0.0781223 0.291077
vn 0.990999 0.0892102 6.06812e-17
v 0.18495 -0.0882493 0.291077
vn 0.996674 0.0543078 6.10287e-17
v 0.16906 -0.0891109 0.285215
vn -6.12323e-17 3.7494e-33 1
v 0.167507 -0.0795497 0.291077
vn -6.12323e-17 3.7494e-33 1
v 0.162449 -0.0988493 0.281308
vn -6.12323e-17 3.7494e-33 1
v 0.147937 -0.0991226 0.281308
vn -6.12323e-17 3.7494e-33 1
v -0.150906 0.0271829 0.285215
vn -6.12323e-17 3.7494e-33 1
v -0.116634 0.00527772 0.281308
vn -6.12323e-17 3.7494e-33 1
v -0.183095 0.0452891 0.291077
vn -6.12323e-17 3.7494e-33 1
v -0.195354 0.0385041 0.240284
vn -0.76924 -0.42579 -4.71023e-17
v 0.18085 -0.0680713 0.240284
vn 6.12323e-17 -3.7494e-33 -1
v 0.183303 -0.0781223 0.240284
vn 0.990999 0.0892102 6.06812e-17
v 0.183303 -0.0781223 0.291077
vn -6.12323e-17 3.7494e-33 1
v 0.160171 -0.0802107 0.285215
vn -6.12323e-17 3.7494e-33 1
v 0.147213 -0.090295 0.281308
vn -6.12323e-17 3.7494e-33 1
v -0.183095 0.0452891 0.285215
vn -6.12323e-17 3.7494e-33 1
v -0.150906 0.0271829 0.281308
vn -6.12323e-17 3.7494e-33 1
v -0.221473 0.0594577 0.291077
vn -6.12323e-17 3.7494e-33 1
v -0.221473 0.0594577 0.291077
vn -0.826721 -0.374913 -5.06221e-17
v -0.195354 0.0385041 0.240284
vn 6.12323e-17 -3.7494e-33 -1
v 0.18085 -0.0680713 0.291077
vn 0.982453 0.124286 6.01579e-17
v 0.183303 -0.0781223 0.240284
vn 0.990912 0.089636 6.06759e-17
v 0.18085 -0.0680713 0.240284
vn 0.982453 0.124286 6.01579e-17
v 0.183303 -0.0781223 0.291077
vn 0.990912 0.089636 6.06759e-17
v 0.165189 -0.0700544 0.291077
vn -6.12323e-17 3.7494e-33 1
v 0.167507 -0.0795497 0.285215
vn -6.12323e-17 3.7494e-33 1
v 0.161683 -0.089512 0.281308
vn -6.12323e-17 3.7494e-33 1
v -0.177403 0.0484404 0.285215
vn -6.12323e-17 3.7494e-33 1
v -0.138824 0.0326259 0.281308
vn -6.12323e-17 3.7494e-33 1
v -0.208205 0.0654338 0.291077
vn -6.12323e-17 3.7494e-33 1
v -0.221473 0.0594577 0.240284
vn -0.826721 -0.374913 -5.06221e-17
v 0.177594 -0.0581223 0.240284
vn 6.12323e-17 -3.7494e-33 -1
v 0.18085 -0.0680713 0.240284
vn 0.982332 0.12471 6.01505e-17
v 0.177594 -0.0581223 0.291077
vn 0.971113 0.159011 5.94635e-17
v 0.18085 -0.0680713 0.291077
vn 0.982332 0.12471 6.01505e-17
v 0.18085 -0.0680713 0.291077
vn -6.12323e-17 3.7494e-33 1
v 0.157917 -0.0709787 0.285215
vn -6.12323e-17 3.7494e-33 1
v 0.165189 -0.0700544 0.285215
vn -6.12323e-17 3.7494e-33 1
v 0.160171 -0.0802107 0.281308
vn -6.12323e-17 3.7494e-33 1
v 0.145783 -0.0815102 0.281308
vn -6.12323e-17 3.7494e-33 1
v -0.208205 0.0654338 0.285215
vn -6.12323e-17 3.7494e-33 1
v -0.177403 0.0484404 0.281308
vn -6.12323e-17 3.7494e-33 1
v -0.240914 0.0834187 0.291077
vn -6.12323e-17 3.7494e-33 1
v -0.240914 0.0834187 0.291077
vn -0.921032 -0.259547 -5.63969e-17
v -0.221473 0.0594577 0.240284
vn -0.830226 -0.371457 -5.08367e-17
v -0.221473 0.0594577 0.291077
vn -0.830226 -0.371457 -5.08367e-17
v -0.221473 0.0594577 0.240284
vn 6.12323e-17 -3.7494e-33 -1
v 0.177594 -0.0581223 0.240284
vn 0.971113 0.159011 5.94635e-17
v 0.177594 -0.0581223 0.291077
vn -6.12323e-17 3.7494e-33 1
v 0.162115 -0.0606578 0.291077
vn -6.12323e-17 3.7494e-33 1
v 0.157917 -0.0709787 0.281308
vn -6.12323e-17 3.7494e-33 1
v 0.143655 -0.0727846 0.281308
vn -6.12323e-17 3.7494e-33 1
v 0.154927 -0.0618387 0.285215
vn -6.12323e-17 3.7494e-33 1
v -0.202045 0.0682086 0.285215
vn -6.12323e-17 3.7494e-33 1
v -0.16624 0.0546198 0.281308
vn -6.12323e-17 3.7494e-33 1
v -0.226146 0.0875442 0.291077
vn -6.12323e-17 3.7494e-33 1
v -0.240914 0.0834187 0.240284
vn -0.921032 -0.259547 -5.63969e-17
v 0.173549 -0.0483012 0.240284
vn 6.12323e-17 -3.7494e-33 -1
v 0.177594 -0.0581223 0.240284
vn 0.970959 0.159428 5.94541e-17
v 0.173549 -0.0483012 0.291077
vn 0.957012 0.193282 5.86001e-17
v 0.177594 -0.0581223 0.291077
vn 0.970959 0.159428 5.94541e-17
v 0.158294 -0.0513865 0.291077
vn -6.12323e-17 3.7494e-33 1
v 0.162115 -0.0606578 0.285215
vn -6.12323e-17 3.7494e-33 1
v 0.14083 -0.064151 0.281308
vn -6.12323e-17 3.7494e-33 1
v -0.226146 0.0875442 0.285215
vn -6.12323e-17 3.7494e-33 1
v -0.202045 0.0682086 0.281308
vn -6.12323e-17 3.7494e-33 1
v -0.252926 0.109456 0.291077
vn -6.12323e-17 3.7494e-33 1
v -0.240914 0.0834187 0.291077
vn -0.923451 -0.2557 -5.65451e-17
v -0.252926 0.109456 0.240284
vn -0.979545 -0.134092 -5.99798e-17
v -0.240914 0.0834187 0.240284
vn -0.923451 -0.2557 -5.65451e-17
v -0.240914 0.0834187 0.240284
vn 6.12323e-17 -3.7494e-33 -1
v 0.163132 -0.0291594 0.240284
vn 6.12323e-17 -3.7494e-33 -1
v 0.168724 -0.038638 0.240284
vn 6.12323e-17 -3.7494e-33 -1
v 0.173549 -0.0483012 0.240284
vn 0.957012 0.193282 5.86001e-17
v 0.173549 -0.0483012 0.291077
vn -6.12323e-17 3.7494e-33 1
v 0.151211 -0.0528172 0.285215
vn -6.12323e-17 3.7494e-33 1
v 0.154927 -0.0618387 0.281308
vn -6.12323e-17 3.7494e-33 1
v -0.219288 0.0894601 0.285215
vn -6.12323e-17 3.7494e-33 1
v -0.189962 0.0736515 0.281308
vn -6.12323e-17 3.7494e-33 1
v 0.137319 -0.055626 0.281308
vn -6.12323e-17 3.7494e-33 1
v 0.151211 -0.0528172 0.281308
vn -6.12323e-17 3.7494e-33 1
v 0.128278 -0.0390132 0.281308
vn -6.12323e-17 3.7494e-33 1
v 0.133131 -0.047239 0.281308
vn -6.12323e-17 3.7494e-33 1
v -0.237228 0.111571 0.291077
vn -6.12323e-17 3.7494e-33 1
v -0.252926 0.109456 0.291077
vn -0.979545 -0.134092 -5.99798e-17
v -0.252926 0.109456 0.240284
vn 6.12323e-17 -3.7494e-33 -1
v 0.149715 -0.0108673 0.240284
vn 6.12323e-17 -3.7494e-33 -1
v 0.15679 -0.0198947 0.240284
vn 6.12323e-17 -3.7494e-33 -1
v 0.168724 -0.038638 0.291077
vn 0.94019 0.227003 5.757e-17
v 0.173549 -0.0483012 0.240284
vn 0.956825 0.193693 5.85886e-17
v 0.168724 -0.038638 0.240284
vn 0.94019 0.227003 5.757e-17
v 0.173549 -0.0483012 0.291077
vn 0.956825 0.193693 5.85886e-17
v 0.153738 -0.0422591 0.291077
vn -6.12323e-17 3.7494e-33 1
v 0.158294 -0.0513865 0.285215
vn -6.12323e-17 3.7494e-33 1
v -0.237228 0.111571 0.285215
vn -6.12323e-17 3.7494e-33 1
v -0.219288 0.0894601 0.281308
vn -6.12323e-17 3.7494e-33 1
v 0.146779 -0.0439437 0.281308
vn -6.12323e-17 3.7494e-33 1
v 0.122772 -0.0309753 0.281308
vn -6.12323e-17 3.7494e-33 1
v 0.141642 -0.0352375 0.281308
vn -6.12323e-17 3.7494e-33 1
v 0.115611 -0.0218352 0.281308
vn -6.12323e-17 3.7494e-33 1
v -0.257036 0.136557 0.291077
vn -6.12323e-17 3.7494e-33 1
v -0.252926 0.109456 0.291077
vn -0.980786 -0.130003 -6.00558e-17
v -0.257036 0.136557 0.240284
vn -0.999987 -0.00342609 -6.12315e-17
v -0.252926 0.109456 0.240284
vn -0.980786 -0.130003 -6.00558e-17
v 0.135672 0.0102096 0.240284
vn 6.12323e-17 -3.7494e-33 -1
v 0.15679 -0.0198947 0.240284
vn 0.898579 0.292416 5.50221e-17
v 0.163132 -0.0291594 0.291077
vn 0.920441 0.260476 5.63607e-17
v 0.163132 -0.0291594 0.240284
vn 0.920441 0.260476 5.63607e-17
v 0.163132 -0.0291594 0.291077
vn 0.920693 0.260079 5.63762e-17
v 0.168724 -0.038638 0.240284
vn 0.939969 0.227408 5.75565e-17
v 0.163132 -0.0291594 0.240284
vn 0.920693 0.260079 5.63762e-17
v 0.168724 -0.038638 0.291077
vn 0.939969 0.227408 5.75565e-17
v 0.168724 -0.038638 0.291077
vn -6.12323e-17 3.7494e-33 1
v 0.148456 -0.0333103 0.291077
vn -6.12323e-17 3.7494e-33 1
v 0.153738 -0.0422591 0.285215
vn -6.12323e-17 3.7494e-33 1
v 0.146779 -0.0439437 0.285215
vn -6.12323e-17 3.7494e-33 1
v -0.22994 0.112552 0.285215
vn -6.12323e-17 3.7494e-33 1
v -0.205839 0.0932171 0.281308
vn -6.12323e-17 3.7494e-33 1
v 0.128688 -0.0176284 0.281308
vn -6.12323e-17 3.7494e-33 1
v 0.0996925 0.00205711 0.281308
vn -6.12323e-17 3.7494e-33 1
v 0.135816 -0.0267258 0.281308
vn -6.12323e-17 3.7494e-33 1
v -0.241022 0.136578 0.291077
vn -6.12323e-17 3.7494e-33 1
v -0.257036 0.136557 0.291077
vn -0.999987 -0.00342609 -6.12315e-17
v -0.257036 0.136557 0.240284
vn 6.12323e-17 -3.7494e-33 -1
v 0.135672 0.0102096 0.240284
vn 0.945979 0.216057 5.79245e-17
v 0.149715 -0.0108673 0.291077
vn 0.913964 0.270414 5.59641e-17
v 0.149715 -0.0108673 0.240284
vn 0.913964 0.270414 5.59641e-17
v 0.149715 -0.0108673 0.240284
vn 0.88641 0.308468 5.42769e-17
v 0.15679 -0.0198947 0.291077
vn 0.898295 0.292802 5.50047e-17
v 0.15679 -0.0198947 0.240284
vn 0.898295 0.292802 5.50047e-17
v 0.15679 -0.0198947 0.291077
vn 0.898579 0.292416 5.50221e-17
v 0.163132 -0.0291594 0.291077
vn -6.12323e-17 3.7494e-33 1
v 0.142467 -0.0245581 0.291077
vn -6.12323e-17 3.7494e-33 1
v 0.141642 -0.0352375 0.285215
vn -6.12323e-17 3.7494e-33 1
v -0.241022 0.136578 0.285215
vn -6.12323e-17 3.7494e-33 1
v -0.22994 0.112552 0.281308
vn -6.12323e-17 3.7494e-33 1
v 0.113489 0.0051831 0.281308
vn -6.12323e-17 3.7494e-33 1
v -0.253088 0.163669 0.291077
vn -6.12323e-17 3.7494e-33 1
v -0.257036 0.136557 0.291077
vn -0.999999 0.000744066 -6.12323e-17
v -0.253088 0.163669 0.240284
vn -0.981563 0.127372 -6.01034e-17
v -0.257036 0.136557 0.240284
vn -0.999999 0.000744066 -6.12323e-17
v 0.127524 0.0326226 0.240284
vn 6.12323e-17 -3.7494e-33 -1
v 0.135672 0.0102096 0.291077
vn 0.945979 0.216057 5.79245e-17
v 0.149715 -0.0108673 0.291077
vn 0.88641 0.308468 5.42769e-17
v 0.15679 -0.0198947 0.291077
vn -6.12323e-17 3.7494e-33 1
v 0.135356 -0.0154847 0.291077
vn -6.12323e-17 3.7494e-33 1
v 0.148456 -0.0333103 0.285215
vn -6.12323e-17 3.7494e-33 1
v -0.233586 0.136588 0.285215
vn -6.12323e-17 3.7494e-33 1
v -0.215645 0.114478 0.281308
vn -6.12323e-17 3.7494e-33 1
v 0.0899345 0.0288989 0.281308
vn -6.12323e-17 3.7494e-33 1
v -0.23738 0.161596 0.291077
vn -6.12323e-17 3.7494e-33 1
v -0.253088 0.163669 0.291077
vn -0.981563 0.127372 -6.01034e-17
v -0.253088 0.163669 0.240284
vn 6.12323e-17 -3.7494e-33 -1
v 0.125535 0.055646 0.240284
vn 6.12323e-17 -3.7494e-33 -1
v 0.127524 0.0326226 0.291077
vn 0.988768 0.0995964 6.05446e-17
v 0.135672 0.0102096 0.240284
vn 0.947544 0.212991 5.80203e-17
v 0.127524 0.0326226 0.240284
vn 0.988768 0.0995964 6.05446e-17
v 0.135672 0.0102096 0.291077
vn 0.947544 0.212991 5.80203e-17
v 0.135672 0.0102096 0.291077
vn -6.12323e-17 3.7494e-33 1
v 0.120524 0.00677708 0.291077
vn -6.12323e-17 3.7494e-33 1
v 0.149715 -0.0108673 0.291077
vn -6.12323e-17 3.7494e-33 1
v 0.135816 -0.0267258 0.285215
vn -6.12323e-17 3.7494e-33 1
v -0.23738 0.161596 0.285215
vn -6.12323e-17 3.7494e-33 1
v -0.233586 0.136588 0.281308
vn -6.12323e-17 3.7494e-33 1
v 0.104348 0.0303262 0.281308
vn -6.12323e-17 3.7494e-33 1
v 0.142467 -0.0245581 0.285215
vn -6.12323e-17 3.7494e-33 1
v 0.128688 -0.0176284 0.285215
vn -6.12323e-17 3.7494e-33 1
v -0.226443 0.185653 0.291077
vn -6.12323e-17 3.7494e-33 1
v -0.253088 0.163669 0.291077
vn -0.980347 0.131464 -6.00289e-17
v -0.241235 0.189738 0.240284
vn -0.924988 0.253221 -5.66392e-17
v -0.253088 0.163669 0.240284
vn -0.980347 0.131464 -6.00289e-17
v 0.12977 0.0785341 0.240284
vn 6.12323e-17 -3.7494e-33 -1
v 0.125535 0.055646 0.291077
vn 0.999546 -0.0200879 6.12045e-17
v 0.127524 0.0326226 0.240284
vn 0.989483 0.0963931 6.05883e-17
v 0.125535 0.055646 0.240284
vn 0.999546 -0.0200879 6.12045e-17
v 0.127524 0.0326226 0.291077
vn 0.989483 0.0963931 6.05883e-17
v 0.127524 0.0326226 0.291077
vn -6.12323e-17 3.7494e-33 1
v 0.111698 0.0310546 0.291077
vn -6.12323e-17 3.7494e-33 1
v -0.230085 0.160634 0.285215
vn -6.12323e-17 3.7494e-33 1
v -0.219003 0.136608 0.281308
vn -6.12323e-17 3.7494e-33 1
v 0.0875525 0.056471 0.281308
vn -6.12323e-17 3.7494e-33 1
v 0.135356 -0.0154847 0.285215
vn -6.12323e-17 3.7494e-33 1
v 0.113489 0.0051831 0.285215
vn -6.12323e-17 3.7494e-33 1
v -0.241235 0.189738 0.291077
vn -6.12323e-17 3.7494e-33 1
v -0.241235 0.189738 0.291077
vn -0.924988 0.253221 -5.66392e-17
v -0.241235 0.189738 0.240284
vn 6.12323e-17 -3.7494e-33 -1
v 0.12977 0.0785341 0.291077
vn 0.977964 -0.139122 5.9883e-17
v 0.125535 0.055646 0.240284
vn 0.999387 -0.0233249 6.11948e-17
v 0.12977 0.0785341 0.240284
vn 0.977964 -0.139122 5.9883e-17
v 0.125535 0.055646 0.291077
vn 0.999387 -0.0233249 6.11948e-17
v 0.125535 0.055646 0.291077
vn -6.12323e-17 3.7494e-33 1
v 0.109543 0.0559932 0.291077
vn -6.12323e-17 3.7494e-33 1
v -0.219572 0.183755 0.285215
vn -6.12323e-17 3.7494e-33 1
v -0.230085 0.160634 0.281308
vn -6.12323e-17 3.7494e-33 1
v 0.102117 0.0561544 0.281308
vn -6.12323e-17 3.7494e-33 1
v 0.120524 0.00677708 0.285215
vn -6.12323e-17 3.7494e-33 1
v 0.104348 0.0303262 0.285215
vn -6.12323e-17 3.7494e-33 1
v -0.208635 0.20781 0.291077
vn -6.12323e-17 3.7494e-33 1
v -0.241235 0.189738 0.291077
vn -0.922592 0.257074 -5.64925e-17
v -0.221938 0.213751 0.240284
vn -0.832462 0.369229 -5.09736e-17
v -0.241235 0.189738 0.240284
vn -0.922592 0.257074 -5.64925e-17
v 0.14009 0.100546 0.240284
vn 6.12323e-17 -3.7494e-33 -1
v 0.12977 0.0785341 0.240284
vn 0.976938 -0.142287 5.98202e-17
v 0.14009 0.100546 0.291077
vn 0.924722 -0.253652 5.66229e-17
v 0.12977 0.0785341 0.291077
vn 0.976938 -0.142287 5.98202e-17
v 0.12977 0.0785341 0.291077
vn -6.12323e-17 3.7494e-33 1
v 0.11413 0.0807858 0.291077
vn -6.12323e-17 3.7494e-33 1
v -0.226443 0.185653 0.285215
vn -6.12323e-17 3.7494e-33 1
v -0.215779 0.158747 0.281308
vn -6.12323e-17 3.7494e-33 1
v 0.0926235 0.0838811 0.281308
vn -6.12323e-17 3.7494e-33 1
v 0.111698 0.0310546 0.285215
vn -6.12323e-17 3.7494e-33 1
v -0.221938 0.213751 0.291077
vn -6.12323e-17 3.7494e-33 1
v -0.221938 0.213751 0.291077
vn -0.832462 0.369229 -5.09736e-17
v -0.221938 0.213751 0.240284
vn 6.12323e-17 -3.7494e-33 -1
v 0.14009 0.100546 0.240284
vn 0.924722 -0.253652 5.66229e-17
v 0.14009 0.100546 0.291077
vn -6.12323e-17 3.7494e-33 1
v 0.109543 0.0559932 0.285215
vn -6.12323e-17 3.7494e-33 1
v 0.102117 0.0561544 0.285215
vn -6.12323e-17 3.7494e-33 1
v -0.202459 0.205052 0.285215
vn -6.12323e-17 3.7494e-33 1
v -0.2061 0.180034 0.281308
vn -6.12323e-17 3.7494e-33 1
v 0.106867 0.0818307 0.281308
vn -6.12323e-17 3.7494e-33 1
v -0.184651 0.227211 0.291077
vn -6.12323e-17 3.7494e-33 1
v -0.221938 0.213751 0.291077
vn -0.828978 0.372694 -5.07602e-17
v -0.195946 0.234775 0.240284
vn -0.707581 0.470885 -4.33269e-17
v -0.221938 0.213751 0.240284
vn -0.828978 0.372694 -5.07602e-17
v 0.156163 0.120969 0.240284
vn 6.12323e-17 -3.7494e-33 -1
v 0.14009 0.100546 0.240284
vn 0.922861 -0.256645 5.6509e-17
v 0.156163 0.120969 0.291077
vn 0.841543 -0.359971 5.15297e-17
v 0.14009 0.100546 0.291077
vn 0.922861 -0.256645 5.6509e-17
v 0.125308 0.104629 0.291077
vn -6.12323e-17 3.7494e-33 1
v 0.11413 0.0807858 0.285215
vn -6.12323e-17 3.7494e-33 1
v 0.106867 0.0818307 0.285215
vn -6.12323e-17 3.7494e-33 1
v -0.208635 0.20781 0.285215
vn -6.12323e-17 3.7494e-33 1
v -0.219572 0.183755 0.281308
vn -6.12323e-17 3.7494e-33 1
v 0.104984 0.110242 0.281308
vn -6.12323e-17 3.7494e-33 1
v -0.195946 0.234775 0.291077
vn -6.12323e-17 3.7494e-33 1
v -0.195946 0.234775 0.291077
vn -0.707581 0.470885 -4.33269e-17
v -0.195946 0.234775 0.240284
vn 6.12323e-17 -3.7494e-33 -1
v 0.156163 0.120969 0.240284
vn 0.841543 -0.359971 5.15297e-17
v 0.156163 0.120969 0.291077
vn -6.12323e-17 3.7494e-33 1
v 0.125308 0.104629 0.285215
vn -6.12323e-17 3.7494e-33 1
v -0.179405 0.223698 0.285215
vn -6.12323e-17 3.7494e-33 1
v -0.190343 0.199642 0.281308
vn -6.12323e-17 3.7494e-33 1
v 0.118445 0.106524 0.281308
vn -6.12323e-17 3.7494e-33 1
v -0.155421 0.243098 0.291077
vn -6.12323e-17 3.7494e-33 1
v -0.195946 0.234775 0.291077
vn -0.703144 0.473827 -4.30552e-17
v -0.16427 0.251991 0.240284
vn -0.555201 0.554238 -3.39962e-17
v -0.195946 0.234775 0.240284
vn -0.703144 0.473827 -4.30552e-17
v 0.177468 0.139143 0.240284
vn 6.12323e-17 -3.7494e-33 -1
v 0.156163 0.120969 0.240284
vn 0.838909 -0.362691 5.13684e-17
v 0.177468 0.139143 0.291077
vn 0.731121 -0.454636 4.47682e-17
v 0.156163 0.120969 0.291077
vn 0.838909 -0.362691 5.13684e-17
v 0.142719 0.126751 0.291077
vn -6.12323e-17 3.7494e-33 1
v 0.118445 0.106524 0.285215
vn -6.12323e-17 3.7494e-33 1
v -0.184651 0.227211 0.285215
vn -6.12323e-17 3.7494e-33 1
v -0.202459 0.205052 0.281308
vn -6.12323e-17 3.7494e-33 1
v 0.136476 0.129435 0.281308
vn -6.12323e-17 3.7494e-33 1
v -0.16427 0.251991 0.291077
vn -6.12323e-17 3.7494e-33 1
v -0.16427 0.251991 0.291077
vn -0.555201 0.554238 -3.39962e-17
v -0.16427 0.251991 0.240284
vn 6.12323e-17 -3.7494e-33 -1
v 0.121524 0.172979 0.240284
vn 6.12323e-17 -3.7494e-33 -1
v 0.13 0.159334 0.240284
vn 6.12323e-17 -3.7494e-33 -1
v 0.177468 0.139143 0.240284
vn 0.731121 -0.454636 4.47682e-17
v 0.177468 0.139143 0.291077
vn -6.12323e-17 3.7494e-33 1
v 0.142719 0.126751 0.285215
vn -6.12323e-17 3.7494e-33 1
v -0.151313 0.238968 0.285215
vn -6.12323e-17 3.7494e-33 1
v -0.169119 0.216809 0.281308
vn -6.12323e-17 3.7494e-33 1
v 0.124233 0.134701 0.281308
vn -6.12323e-17 3.7494e-33 1
v -0.122082 0.254855 0.291077
vn -6.12323e-17 3.7494e-33 1
v -0.16427 0.251991 0.291077
vn -0.549984 0.556543 -3.36768e-17
v -0.128141 0.264732 0.240284
vn -0.381241 0.616052 -2.33443e-17
v -0.16427 0.251991 0.240284
vn -0.549984 0.556543 -3.36768e-17
v 0.12357 0.17534 0.240284
vn 6.12323e-17 -3.7494e-33 -1
v 0.120464 0.170346 0.240284
vn 6.12323e-17 -3.7494e-33 -1
v 0.126458 0.160697 0.240284
vn 6.12323e-17 -3.7494e-33 -1
v 0.133951 0.158628 0.240284
vn 6.12323e-17 -3.7494e-33 -1
v 0.177468 0.139143 0.240284
vn 0.727796 -0.456999 4.45646e-17
v 0.203314 0.154477 0.291077
vn 0.664965 -0.497702 4.07174e-17
v 0.177468 0.139143 0.291077
vn 0.727796 -0.456999 4.45646e-17
v 0.165796 0.146436 0.291077
vn -6.12323e-17 3.7494e-33 1
v 0.136476 0.129435 0.285215
vn -6.12323e-17 3.7494e-33 1
v -0.155421 0.243098 0.285215
vn -6.12323e-17 3.7494e-33 1
v -0.179405 0.223698 0.281308
vn -6.12323e-17 3.7494e-33 1
v 0.160377 0.149823 0.281308
vn -6.12323e-17 3.7494e-33 1
v -0.128141 0.264732 0.291077
vn -6.12323e-17 3.7494e-33 1
v -0.128141 0.264732 0.291077
vn -0.381241 0.616052 -2.33443e-17
v -0.128141 0.264732 0.240284
vn 6.12323e-17 -3.7494e-33 -1
v 0.216514 0.168441 0.240284
vn 6.12323e-17 -3.7494e-33 -1
v 0.126463 0.177266 0.240284
vn 6.12323e-17 -3.7494e-33 -1
v 0.120463 0.16762 0.240284
vn 6.12323e-17 -3.7494e-33 -1
v 0.123566 0.162625 0.240284
vn 6.12323e-17 -3.7494e-33 -1
v 0.138042 0.158628 0.240284
vn 6.12323e-17 -3.7494e-33 -1
v 0.203314 0.154477 0.240284
vn 0.664965 -0.497702 4.07174e-17
v 0.203314 0.154477 0.291077
vn -6.12323e-17 3.7494e-33 1
v 0.165796 0.146436 0.285215
vn -6.12323e-17 3.7494e-33 1
v -0.119269 0.250268 0.285215
vn -6.12323e-17 3.7494e-33 1
v -0.143253 0.230868 0.281308
vn -6.12323e-17 3.7494e-33 1
v 0.149747 0.156464 0.281308
vn -6.12323e-17 3.7494e-33 1
v -0.0859305 0.262025 0.291077
vn -6.12323e-17 3.7494e-33 1
v -0.0889635 0.272503 0.291077
vn -0.192464 0.65392 -1.1785e-17
v -0.128141 0.264732 0.240284
vn -0.375447 0.617629 -2.29895e-17
v -0.128141 0.264732 0.291077
vn -0.375447 0.617629 -2.29895e-17
v 0.21842 0.173846 0.240284
vn 6.12323e-17 -3.7494e-33 -1
v 0.213298 0.16332 0.240284
vn 6.12323e-17 -3.7494e-33 -1
v 0.130007 0.178629 0.240284
vn 6.12323e-17 -3.7494e-33 -1
v 0.121521 0.164986 0.240284
vn 6.12323e-17 -3.7494e-33 -1
v 0.141994 0.159332 0.240284
vn 6.12323e-17 -3.7494e-33 -1
v 0.151536 0.167615 0.240284
vn 6.12323e-17 -3.7494e-33 -1
v 0.203314 0.154477 0.240284
vn 6.12323e-17 -3.7494e-33 -1
v 0.203314 0.154477 0.240284
vn 0.746617 -0.443312 4.57171e-17
v 0.208858 0.158623 0.291077
vn 0.798783 -0.400906 4.89113e-17
v 0.203314 0.154477 0.291077
vn 0.746617 -0.443312 4.57171e-17
v 0.192031 0.162 0.291077
vn -6.12323e-17 3.7494e-33 1
v 0.160377 0.149823 0.285215
vn -6.12323e-17 3.7494e-33 1
v -0.122082 0.254855 0.285215
vn -6.12323e-17 3.7494e-33 1
v -0.151313 0.238968 0.281308
vn -6.12323e-17 3.7494e-33 1
v 0.186789 0.165494 0.281308
vn -6.12323e-17 3.7494e-33 1
v -0.0889635 0.272503 0.291077
vn -6.12323e-17 3.7494e-33 1
v -0.0889635 0.272503 0.240284
vn -0.192464 0.65392 -1.1785e-17
v 0.180358 0.188474 0.240284
vn 6.12323e-17 -3.7494e-33 -1
v 0.21842 0.173846 0.291077
vn 0.989011 -0.0985188 6.05595e-17
v 0.216514 0.168441 0.240284
vn 0.951414 -0.205189 5.82573e-17
v 0.21842 0.173846 0.240284
vn 0.989011 -0.0985188 6.05595e-17
v 0.216514 0.168441 0.291077
vn 0.951075 -0.205884 5.82365e-17
v 0.213298 0.16332 0.240284
vn 0.887588 -0.30696 5.43491e-17
v 0.216514 0.168441 0.240284
vn 0.951075 -0.205884 5.82365e-17
v 0.141999 0.178627 0.240284
vn 6.12323e-17 -3.7494e-33 -1
v 0.133958 0.179334 0.240284
vn 6.12323e-17 -3.7494e-33 -1
v 0.145537 0.160695 0.240284
vn 6.12323e-17 -3.7494e-33 -1
v 0.151537 0.170341 0.240284
vn 6.12323e-17 -3.7494e-33 -1
v 0.150476 0.164982 0.240284
vn 6.12323e-17 -3.7494e-33 -1
v 0.208858 0.158623 0.240284
vn 0.798783 -0.400906 4.89113e-17
v 0.208858 0.158623 0.291077
vn -6.12323e-17 3.7494e-33 1
v 0.192031 0.162 0.285215
vn -6.12323e-17 3.7494e-33 1
v -0.0845225 0.257159 0.285215
vn -6.12323e-17 3.7494e-33 1
v -0.113751 0.241272 0.281308
vn -6.12323e-17 3.7494e-33 1
v 0.190146 0.168004 0.281308
vn -6.12323e-17 3.7494e-33 1
v 0.176513 0.172345 0.281308
vn -6.12323e-17 3.7494e-33 1
v -0.0859305 0.262025 0.285215
vn -6.12323e-17 3.7494e-33 1
v -0.0507205 0.264185 0.291077
vn -6.12323e-17 3.7494e-33 1
v -0.0482585 0.275 0.291077
vn -0.0916799 0.663573 -5.61378e-18
v -0.0889635 0.272503 0.240284
vn -0.186317 0.654711 -1.14086e-17
v -0.0889635 0.272503 0.291077
vn -0.186317 0.654711 -1.14086e-17
v -0.0889635 0.272503 0.240284
vn 6.12323e-17 -3.7494e-33 -1
v 0.00694351 0.244864 0.240284
vn 6.12323e-17 -3.7494e-33 -1
v 0.177878 0.189429 0.240284
vn 6.12323e-17 -3.7494e-33 -1
v 0.183123 0.18798 0.240284
vn 6.12323e-17 -3.7494e-33 -1
v 0.216514 0.168441 0.291077
vn 0.951414 -0.205189 5.82573e-17
v 0.21842 0.173846 0.240284
vn 0.989173 -0.0977945 6.05694e-17
v 0.218961 0.179387 0.291077
vn 0.99985 0.0115468 6.12231e-17
v 0.21842 0.173846 0.291077
vn 0.989173 -0.0977945 6.05694e-17
v 0.213298 0.16332 0.291077
vn 0.887588 -0.30696 5.43491e-17
v 0.208858 0.158623 0.240284
vn 6.12323e-17 -3.7494e-33 -1
v 0.138048 0.179333 0.240284
vn 6.12323e-17 -3.7494e-33 -1
v 0.148429 0.162622 0.240284
vn 6.12323e-17 -3.7494e-33 -1
v 0.150479 0.172975 0.240284
vn 6.12323e-17 -3.7494e-33 -1
v 0.208858 0.158623 0.240284
vn 0.799443 -0.400322 4.89518e-17
v 0.213298 0.16332 0.291077
vn 0.887081 -0.30761 5.4318e-17
v 0.208858 0.158623 0.291077
vn 0.799443 -0.400322 4.89518e-17
v 0.19608 0.165029 0.291077
vn -6.12323e-17 3.7494e-33 1
v 0.186789 0.165494 0.285215
vn -6.12323e-17 3.7494e-33 1
v -0.119269 0.250268 0.281308
vn -6.12323e-17 3.7494e-33 1
v 0.178509 0.173838 0.281308
vn -6.12323e-17 3.7494e-33 1
v -0.0518645 0.259163 0.285215
vn -6.12323e-17 3.7494e-33 1
v -0.0482585 0.275 0.291077
vn -6.12323e-17 3.7494e-33 1
v -0.0507205 0.264185 0.285215
vn -6.12323e-17 3.7494e-33 1
v -0.0482585 0.275 0.240284
vn -0.0916799 0.663573 -5.61378e-18
v 0.00763251 0.246576 0.240284
vn 6.12323e-17 -3.7494e-33 -1
v 0.00694251 0.243092 0.240284
vn 6.12323e-17 -3.7494e-33 -1
v 0.175854 0.190778 0.240284
vn 6.12323e-17 -3.7494e-33 -1
v 0.177878 0.189429 0.240284
vn -0.606511 -0.529821 -3.71381e-17
v 0.180358 0.188474 -0.291077
vn -0.385723 -0.614811 -2.36187e-17
v 0.180358 0.188474 0.240284
vn -0.385723 -0.614811 -2.36187e-17
v 0.185987 0.18798 0.240284
vn 6.12323e-17 -3.7494e-33 -1
v 0.180358 0.188474 0.240284
vn -0.380051 -0.616378 -2.32714e-17
v 0.183123 0.18798 -0.291077
vn -0.133776 -0.66039 -8.19143e-18
v 0.183123 0.18798 0.240284
vn -0.133776 -0.66039 -8.19143e-18
v 0.21842 0.173846 0.291077
vn -6.12323e-17 3.7494e-33 1
v 0.202604 0.175416 0.291077
vn -6.12323e-17 3.7494e-33 1
v 0.216514 0.168441 0.291077
vn -6.12323e-17 3.7494e-33 1
v 0.218961 0.179387 0.240284
vn 0.99985 0.0115468 6.12231e-17
v 0.218961 0.179387 0.291077
vn -6.12323e-17 3.7494e-33 1
v 0.202402 0.182965 0.291077
vn -6.12323e-17 3.7494e-33 1
v 0.201305 0.171728 0.291077
vn -6.12323e-17 3.7494e-33 1
v 0.213298 0.16332 0.291077
vn -6.12323e-17 3.7494e-33 1
v 0.213298 0.16332 0.240284
vn 0.887081 -0.30761 5.4318e-17
v 0.145542 0.177264 0.240284
vn 6.12323e-17 -3.7494e-33 -1
v 0.148435 0.175336 0.240284
vn 6.12323e-17 -3.7494e-33 -1
v 0.19608 0.165029 0.285215
vn -6.12323e-17 3.7494e-33 1
v -0.0817605 0.247617 0.281308
vn -6.12323e-17 3.7494e-33 1
v -0.0845225 0.257159 0.281308
vn -6.12323e-17 3.7494e-33 1
v 0.19252 0.170516 0.281308
vn -6.12323e-17 3.7494e-33 1
v 0.195313 0.207229 0.291077
vn -6.12323e-17 3.7494e-33 1
v 0.186839 0.198193 0.285215
vn -6.12323e-17 3.7494e-33 1
v 0.187908 0.209772 0.291077
vn 0.382888 0.615598 2.34451e-17
v -0.0482585 0.275 0.240284
vn 0.382888 0.615598 2.34451e-17
v -0.0482585 0.275 0.291077
vn 0.382888 0.615598 2.34451e-17
v -0.0482585 0.275 0.240284
vn 6.12323e-17 -3.7494e-33 -1
v 0.0209415 0.250247 0.240284
vn 6.12323e-17 -3.7494e-33 -1
v 0.00896151 0.24811 0.240284
vn 6.12323e-17 -3.7494e-33 -1
v 0.00763251 0.246576 -0.291077
vn -0.924881 0.253395 -5.66326e-17
v 0.00694351 0.244864 0.240284
vn -0.991039 0.0890096 -6.06836e-17
v 0.00763251 0.246576 0.240284
vn -0.924881 0.253395 -5.66326e-17
v 0.00694351 0.244864 -0.291077
vn -0.991784 0.0852459 -6.07292e-17
v 0.00694251 0.243092 0.240284
vn -0.991841 -0.0849487 -6.07328e-17
v 0.00694351 0.244864 0.240284
vn -0.991784 0.0852459 -6.07292e-17
v 0.0076305 0.241381 0.240284
vn 6.12323e-17 -3.7494e-33 -1
v 0.174423 0.192431 0.240284
vn 6.12323e-17 -3.7494e-33 -1
v 0.175854 0.190778 0.240284
vn -0.791617 -0.40717 -4.84725e-17
v 0.177878 0.189429 -0.291077
vn -0.611361 -0.52734 -3.74351e-17
v 0.177878 0.189429 0.240284
vn -0.611361 -0.52734 -3.74351e-17
v 0.177878 0.189429 -0.291077
vn -0.606511 -0.529821 -3.71381e-17
v 0.180358 0.188474 -0.291077
vn -0.380051 -0.616378 -2.32714e-17
v 0.218961 0.179387 0.240284
vn 6.12323e-17 -3.7494e-33 -1
v 0.183123 0.18798 0.240284
vn -0.127712 -0.660922 -7.82012e-18
v 0.185987 0.18798 -0.291077
vn 0.127267 -0.660961 7.79283e-18
v 0.185987 0.18798 0.240284
vn 0.127267 -0.660961 7.79283e-18
v 0.183123 0.18798 -0.291077
vn -0.127712 -0.660922 -7.82012e-18
v 0.202973 0.179196 0.291077
vn -6.12323e-17 3.7494e-33 1
v 0.218961 0.179387 0.240284
vn 0.99983 0.0122784 6.12219e-17
v 0.218124 0.18491 0.291077
vn 0.983295 0.121296 6.02094e-17
v 0.218961 0.179387 0.291077
vn 0.99983 0.0122784 6.12219e-17
v 0.200905 0.186619 0.291077
vn -6.12323e-17 3.7494e-33 1
v 0.19911 0.168234 0.291077
vn -6.12323e-17 3.7494e-33 1
v 0.190146 0.168004 0.285215
vn -6.12323e-17 3.7494e-33 1
v 0.182903 0.193997 0.281308
vn -6.12323e-17 3.7494e-33 1
v -0.0518645 0.259163 0.281308
vn -6.12323e-17 3.7494e-33 1
v -0.0541065 0.249314 0.281308
vn -6.12323e-17 3.7494e-33 1
v 0.179599 0.17499 0.281308
vn -6.12323e-17 3.7494e-33 1
v 0.187908 0.209772 0.291077
vn -6.12323e-17 3.7494e-33 1
v 0.201989 0.203907 0.291077
vn -6.12323e-17 3.7494e-33 1
v 0.181196 0.20013 0.285215
vn -6.12323e-17 3.7494e-33 1
v 0.191393 0.195927 0.285215
vn -6.12323e-17 3.7494e-33 1
v 0.187908 0.209772 0.240284
vn 0.382888 0.615598 2.34451e-17
v 0.195313 0.207229 0.240284
vn 6.12323e-17 -3.7494e-33 -1
v 0.0183735 0.250706 0.240284
vn 6.12323e-17 -3.7494e-33 -1
v 0.0108425 0.249362 0.240284
vn 6.12323e-17 -3.7494e-33 -1
v 0.00896151 0.24811 -0.291077
vn -0.794952 0.404274 -4.86768e-17
v 0.00763251 0.246576 0.240284
vn -0.922702 0.256898 -5.64992e-17
v 0.00896151 0.24811 0.240284
vn -0.794952 0.404274 -4.86768e-17
v 0.00694351 0.244864 -0.291077
vn -0.991039 0.0890096 -6.06836e-17
v 0.00763251 0.246576 -0.291077
vn -0.922702 0.256898 -5.64992e-17
v 0.00694251 0.243092 -0.291077
vn -0.991841 -0.0849487 -6.07328e-17
v 0.00694251 0.243092 -0.291077
vn -0.991098 -0.088717 -6.06873e-17
v 0.0076305 0.241381 0.240284
vn -0.92505 -0.253121 -5.6643e-17
v 0.00694251 0.243092 0.240284
vn -0.991098 -0.088717 -6.06873e-17
v 0.0089595 0.239846 0.240284
vn 6.12323e-17 -3.7494e-33 -1
v 0.0131415 0.237706 0.240284
vn 6.12323e-17 -3.7494e-33 -1
v 0.174423 0.192431 0.240284
vn -0.922789 -0.25676 -5.65045e-17
v 0.175854 0.190778 -0.291077
vn -0.795348 -0.403928 -4.8701e-17
v 0.175854 0.190778 0.240284
vn -0.795348 -0.403928 -4.8701e-17
v 0.175854 0.190778 -0.291077
vn -0.791617 -0.40717 -4.84725e-17
v 0.177878 0.189429 -0.291077
vn 6.12323e-17 -3.7494e-33 -1
v 0.183123 0.18798 -0.291077
vn 6.12323e-17 -3.7494e-33 -1
v 0.180358 0.188474 -0.291077
vn 6.12323e-17 -3.7494e-33 -1
v 0.188754 0.188473 0.240284
vn 6.12323e-17 -3.7494e-33 -1
v 0.188754 0.188473 -0.291077
vn 0.37964 -0.61649 2.32463e-17
v 0.185987 0.18798 0.240284
vn 0.133338 -0.660429 8.16457e-18
v 0.185987 0.18798 -0.291077
vn 0.133338 -0.660429 8.16457e-18
v 0.175854 0.190778 -0.291077
vn 6.12323e-17 -3.7494e-33 -1
v 0.185987 0.18798 -0.291077
vn 6.12323e-17 -3.7494e-33 -1
v 0.218124 0.18491 0.240284
vn 0.983295 0.121296 6.02094e-17
v 0.218124 0.18491 0.291077
vn -6.12323e-17 3.7494e-33 1
v 0.198524 0.190059 0.291077
vn -6.12323e-17 3.7494e-33 1
v 0.19911 0.168234 0.285215
vn -6.12323e-17 3.7494e-33 1
v 0.178079 0.195654 0.281308
vn -6.12323e-17 3.7494e-33 1
v 0.186473 0.19222 0.281308
vn -6.12323e-17 3.7494e-33 1
v 0.192061 0.187622 0.281308
vn -6.12323e-17 3.7494e-33 1
v 0.180389 0.176247 0.281308
vn -6.12323e-17 3.7494e-33 1
v 0.195313 0.207229 0.291077
vn 0.529564 0.565269 3.24265e-17
v 0.187908 0.209772 0.240284
vn 0.458031 0.592368 2.80463e-17
v 0.187908 0.209772 0.291077
vn 0.458031 0.592368 2.80463e-17
v 0.20775 0.199896 0.291077
vn -6.12323e-17 3.7494e-33 1
v 0.201989 0.203907 0.291077
vn 0.662237 0.499315 4.05503e-17
v 0.195313 0.207229 0.240284
vn 0.530497 0.564881 3.24835e-17
v 0.195313 0.207229 0.291077
vn 0.530497 0.564881 3.24835e-17
v 0.21244 0.195308 0.291077
vn -6.12323e-17 3.7494e-33 1
v 0.181196 0.20013 0.291077
vn -6.12323e-17 3.7494e-33 1
v 0.195324 0.19319 0.285215
vn -6.12323e-17 3.7494e-33 1
v 0.187908 0.209772 0.240284
vn 6.12323e-17 -3.7494e-33 -1
v 0.201989 0.203907 0.240284
vn 6.12323e-17 -3.7494e-33 -1
v 0.0209415 0.250247 -0.291077
vn 0.38025 0.616323 2.32836e-17
v 0.0183735 0.250706 0.240284
vn 0.133564 0.660408 8.17845e-18
v 0.0209415 0.250247 0.240284
vn 0.38025 0.616323 2.32836e-17
v 0.0157145 0.250706 0.240284
vn 6.12323e-17 -3.7494e-33 -1
v 0.0131455 0.250248 0.240284
vn 6.12323e-17 -3.7494e-33 -1
v 0.0108425 0.249362 -0.291077
vn -0.610844 0.527606 -3.74034e-17
v 0.00896151 0.24811 0.240284
vn -0.791479 0.407288 -4.84641e-17
v 0.0108425 0.249362 0.240284
vn -0.610844 0.527606 -3.74034e-17
v 0.00896151 0.24811 -0.291077
vn -0.791479 0.407288 -4.84641e-17
v 0.00763251 0.246576 -0.291077
vn 6.12323e-17 -3.7494e-33 -1
v 0.0251215 0.239843 -0.291077
vn 6.12323e-17 -3.7494e-33 -1
v 0.00694351 0.244864 -0.291077
vn 6.12323e-17 -3.7494e-33 -1
v 0.00896151 0.24811 -0.291077
vn 6.12323e-17 -3.7494e-33 -1
v 0.0264515 0.241378 -0.291077
vn 6.12323e-17 -3.7494e-33 -1
v 0.0232405 0.23859 -0.291077
vn 6.12323e-17 -3.7494e-33 -1
v 0.00694251 0.243092 -0.291077
vn 6.12323e-17 -3.7494e-33 -1
v 0.0076305 0.241381 -0.291077
vn -0.92505 -0.253121 -5.6643e-17
v 0.0076305 0.241381 0.240284
vn -0.922871 -0.256629 -5.65095e-17
v 0.0089595 0.239846 -0.291077
vn -0.795218 -0.404041 -4.86931e-17
v 0.0089595 0.239846 0.240284
vn -0.795218 -0.404041 -4.86931e-17
v 0.0108395 0.238592 0.240284
vn 6.12323e-17 -3.7494e-33 -1
v 0.0157095 0.237248 0.240284
vn 6.12323e-17 -3.7494e-33 -1
v 0.174423 0.192431 -0.291077
vn -0.922789 -0.25676 -5.65045e-17
v 0.191234 0.189427 0.240284
vn 6.12323e-17 -3.7494e-33 -1
v 0.188754 0.188473 0.240284
vn 0.37964 -0.61649 2.32463e-17
v 0.174423 0.192431 -0.291077
vn 6.12323e-17 -3.7494e-33 -1
v 0.188754 0.188473 -0.291077
vn 6.12323e-17 -3.7494e-33 -1
v 0.193259 0.190776 0.240284
vn 6.12323e-17 -3.7494e-33 -1
v 0.218124 0.18491 0.240284
vn 6.12323e-17 -3.7494e-33 -1
v 0.218124 0.18491 0.240284
vn 0.983094 0.122016 6.01971e-17
v 0.21593 0.190266 0.291077
vn 0.939798 0.227722 5.7546e-17
v 0.218124 0.18491 0.291077
vn 0.983094 0.122016 6.01971e-17
v 0.195324 0.19319 0.291077
vn -6.12323e-17 3.7494e-33 1
v 0.19252 0.170516 0.285215
vn -6.12323e-17 3.7494e-33 1
v 0.189553 0.190076 0.281308
vn -6.12323e-17 3.7494e-33 1
v 0.193928 0.184926 0.281308
vn -6.12323e-17 3.7494e-33 1
v 0.194241 0.173255 0.281308
vn -6.12323e-17 3.7494e-33 1
v 0.198524 0.190059 0.285215
vn -6.12323e-17 3.7494e-33 1
v 0.178079 0.195654 0.285215
vn -6.12323e-17 3.7494e-33 1
v 0.195313 0.207229 0.240284
vn 0.529564 0.565269 3.24265e-17
v 0.20775 0.199896 0.291077
vn 0.776766 0.419679 4.75632e-17
v 0.201989 0.203907 0.240284
vn 0.663059 0.498829 4.06007e-17
v 0.201989 0.203907 0.291077
vn 0.663059 0.498829 4.06007e-17
v 0.201989 0.203907 0.240284
vn 0.662237 0.499315 4.05503e-17
v 0.21593 0.190266 0.291077
vn -6.12323e-17 3.7494e-33 1
v 0.20775 0.199896 0.240284
vn 6.12323e-17 -3.7494e-33 -1
v 0.0183735 0.250706 -0.291077
vn 0.133564 0.660408 8.17845e-18
v 0.0209415 0.250247 0.240284
vn 0.385527 0.614866 2.36067e-17
v 0.0232435 0.24936 -0.291077
vn 0.606683 0.529734 3.71486e-17
v 0.0209415 0.250247 -0.291077
vn 0.385527 0.614866 2.36067e-17
v 0.0183735 0.250706 -0.291077
vn 0.127925 0.660904 7.83312e-18
v 0.0157145 0.250706 0.240284
vn -0.127478 0.660942 -7.80576e-18
v 0.0183735 0.250706 0.240284
vn 0.127925 0.660904 7.83312e-18
v 0.0131455 0.250248 -0.291077
vn -0.385109 0.614982 -2.35812e-17
v 0.0108425 0.249362 0.240284
vn -0.606323 0.529917 -3.71266e-17
v 0.0131455 0.250248 0.240284
vn -0.385109 0.614982 -2.35812e-17
v 0.0108425 0.249362 -0.291077
vn -0.606323 0.529917 -3.71266e-17
v 0.0108425 0.249362 -0.291077
vn 6.12323e-17 -3.7494e-33 -1
v 0.0271405 0.243089 -0.291077
vn 6.12323e-17 -3.7494e-33 -1
v 0.0209375 0.237705 -0.291077
vn 6.12323e-17 -3.7494e-33 -1
v 0.0076305 0.241381 -0.291077
vn 6.12323e-17 -3.7494e-33 -1
v 0.0076305 0.241381 -0.291077
vn -0.922871 -0.256629 -5.65095e-17
v 0.0108395 0.238592 -0.291077
vn -0.611197 -0.527425 -3.7425e-17
v 0.0089595 0.239846 0.240284
vn -0.791751 -0.407054 -4.84808e-17
v 0.0089595 0.239846 -0.291077
vn -0.791751 -0.407054 -4.84808e-17
v 0.0108395 0.238592 0.240284
vn -0.611197 -0.527425 -3.7425e-17
v 0.0108395 0.238592 0.240284
vn -0.606677 -0.529737 -3.71483e-17
v 0.0131415 0.237706 -0.291077
vn -0.38552 -0.614868 -2.36063e-17
v 0.0131415 0.237706 0.240284
vn -0.38552 -0.614868 -2.36063e-17
v 0.173683 0.194274 0.240284
vn 6.12323e-17 -3.7494e-33 -1
v 0.0131415 0.237706 0.240284
vn -0.38025 -0.616323 -2.32836e-17
v 0.0157095 0.237248 -0.291077
vn -0.133565 -0.660408 -8.17847e-18
v 0.0157095 0.237248 0.240284
vn -0.133565 -0.660408 -8.17847e-18
v 0.174423 0.192431 0.240284
vn -0.925133 -0.252986 -5.66481e-17
v 0.173683 0.194274 -0.291077
vn -0.991071 -0.0888543 -6.06856e-17
v 0.174423 0.192431 -0.291077
vn -0.925133 -0.252986 -5.66481e-17
v 0.188754 0.188473 -0.291077
vn 0.385313 -0.614925 2.35936e-17
v 0.191234 0.189427 0.240284
vn 0.606158 -0.530001 3.71165e-17
v 0.188754 0.188473 0.240284
vn 0.385313 -0.614925 2.35936e-17
v 0.173683 0.194274 -0.291077
vn 6.12323e-17 -3.7494e-33 -1
v 0.202973 0.179196 0.285215
vn -6.12323e-17 3.7494e-33 1
v 0.195549 0.179107 0.285215
vn -6.12323e-17 3.7494e-33 1
v 0.202604 0.175416 0.285215
vn -6.12323e-17 3.7494e-33 1
v 0.202402 0.182965 0.285215
vn -6.12323e-17 3.7494e-33 1
v 0.193928 0.184926 0.285215
vn -6.12323e-17 3.7494e-33 1
v 0.195258 0.176145 0.285215
vn -6.12323e-17 3.7494e-33 1
v 0.201305 0.171728 0.285215
vn -6.12323e-17 3.7494e-33 1
v 0.194691 0.192428 0.240284
vn 6.12323e-17 -3.7494e-33 -1
v 0.21593 0.190266 0.240284
vn 0.939798 0.227722 5.7546e-17
v 0.186839 0.198193 0.291077
vn -6.12323e-17 3.7494e-33 1
v 0.191393 0.195927 0.291077
vn -6.12323e-17 3.7494e-33 1
v 0.200905 0.186619 0.285215
vn -6.12323e-17 3.7494e-33 1
v 0.192061 0.187622 0.285215
vn -6.12323e-17 3.7494e-33 1
v 0.194241 0.173255 0.285215
vn -6.12323e-17 3.7494e-33 1
v 0.195101 0.182061 0.281308
vn -6.12323e-17 3.7494e-33 1
v 0.180855 0.177574 0.281308
vn -6.12323e-17 3.7494e-33 1
v 0.171967 0.186873 0.281308
vn -6.12323e-17 3.7494e-33 1
v 0.182903 0.193997 0.285215
vn -6.12323e-17 3.7494e-33 1
v 0.21244 0.195308 0.291077
vn 0.870013 0.328544 5.32729e-17
v 0.20775 0.199896 0.240284
vn 0.777457 0.41911 4.76055e-17
v 0.20775 0.199896 0.291077
vn 0.777457 0.41911 4.76055e-17
v 0.20775 0.199896 0.240284
vn 0.776766 0.419679 4.75632e-17
v 0.21593 0.190266 0.291077
vn 0.939422 0.228409 5.7523e-17
v 0.21244 0.195308 0.240284
vn 0.870554 0.327907 5.33061e-17
v 0.21244 0.195308 0.291077
vn 0.870554 0.327907 5.33061e-17
v 0.21244 0.195308 0.240284
vn 6.12323e-17 -3.7494e-33 -1
v 0.0232435 0.24936 -0.291077
vn 6.12323e-17 -3.7494e-33 -1
v 0.0183735 0.250706 -0.291077
vn 6.12323e-17 -3.7494e-33 -1
v 0.0209415 0.250247 -0.291077
vn 6.12323e-17 -3.7494e-33 -1
v 0.0232435 0.24936 0.240284
vn 0.606683 0.529734 3.71486e-17
v 0.0157145 0.250706 -0.291077
vn -0.127478 0.660942 -7.80576e-18
v 0.0157145 0.250706 -0.291077
vn -0.133133 0.660447 -8.15205e-18
v 0.0131455 0.250248 0.240284
vn -0.379846 0.616434 -2.32588e-17
v 0.0157145 0.250706 0.240284
vn -0.133133 0.660447 -8.15205e-18
v 0.0131455 0.250248 -0.291077
vn -0.379846 0.616434 -2.32588e-17
v 0.0131455 0.250248 -0.291077
vn 6.12323e-17 -3.7494e-33 -1
v 0.0271405 0.244861 -0.291077
vn 6.12323e-17 -3.7494e-33 -1
v 0.0264515 0.241378 0.240284
vn 0.922701 -0.2569 5.64991e-17
v 0.0251215 0.239843 -0.291077
vn 0.794951 -0.404275 4.86767e-17
v 0.0264515 0.241378 -0.291077
vn 0.922701 -0.2569 5.64991e-17
v 0.0251215 0.239843 -0.291077
vn 0.791479 -0.407288 4.84641e-17
v 0.0232405 0.23859 0.240284
vn 0.610844 -0.527606 3.74034e-17
v 0.0232405 0.23859 -0.291077
vn 0.610844 -0.527606 3.74034e-17
v 0.0271405 0.243089 0.240284
vn 0.991039 -0.0890096 6.06836e-17
v 0.0264515 0.241378 -0.291077
vn 0.924881 -0.253395 5.66326e-17
v 0.0271405 0.243089 -0.291077
vn 0.991039 -0.0890096 6.06836e-17
v 0.0232405 0.23859 0.240284
vn 0.606318 -0.529919 3.71263e-17
v 0.0209375 0.237705 -0.291077
vn 0.385102 -0.614984 2.35807e-17
v 0.0232405 0.23859 -0.291077
vn 0.606318 -0.529919 3.71263e-17
v 0.0183695 0.237247 -0.291077
vn 6.12323e-17 -3.7494e-33 -1
v 0.0089595 0.239846 -0.291077
vn 6.12323e-17 -3.7494e-33 -1
v 0.0157095 0.237248 -0.291077
vn 6.12323e-17 -3.7494e-33 -1
v 0.0108395 0.238592 -0.291077
vn 6.12323e-17 -3.7494e-33 -1
v 0.0108395 0.238592 -0.291077
vn -0.606677 -0.529737 -3.71483e-17
v 0.0131415 0.237706 -0.291077
vn -0.38025 -0.616323 -2.32836e-17
v 0.0183695 0.237247 0.240284
vn 6.12323e-17 -3.7494e-33 -1
v 0.173683 0.194274 0.240284
vn -0.991071 -0.0888543 -6.06856e-17
v 0.0183695 0.237247 -0.291077
vn 0.127477 -0.660943 7.80571e-18
v 0.0157095 0.237248 0.240284
vn -0.127923 -0.660904 -7.83304e-18
v 0.0157095 0.237248 -0.291077
vn -0.127923 -0.660904 -7.83304e-18
v 0.191234 0.189427 -0.291077
vn 0.611013 -0.52752 3.74138e-17
v 0.193259 0.190776 0.240284
vn 0.791349 -0.407401 4.84561e-17
v 0.191234 0.189427 0.240284
vn 0.611013 -0.52752 3.74138e-17
v 0.191234 0.189427 -0.291077
vn 0.606158 -0.530001 3.71165e-17
v 0.191234 0.189427 -0.291077
vn 6.12323e-17 -3.7494e-33 -1
v 0.195101 0.182061 0.285215
vn -6.12323e-17 3.7494e-33 1
v 0.195432 0.194271 0.240284
vn 6.12323e-17 -3.7494e-33 -1
v 0.193259 0.190776 0.240284
vn 0.795082 -0.40416 4.86847e-17
v 0.194691 0.192428 -0.291077
vn 0.922619 -0.257031 5.64941e-17
v 0.194691 0.192428 0.240284
vn 0.922619 -0.257031 5.64941e-17
v 0.21593 0.190266 0.240284
vn 6.12323e-17 -3.7494e-33 -1
v 0.21593 0.190266 0.240284
vn 0.939422 0.228409 5.7523e-17
v 0.189553 0.190076 0.285215
vn -6.12323e-17 3.7494e-33 1
v 0.186473 0.19222 0.285215
vn -6.12323e-17 3.7494e-33 1
v 0.180989 0.178934 0.281308
vn -6.12323e-17 3.7494e-33 1
v 0.195549 0.179107 0.281308
vn -6.12323e-17 3.7494e-33 1
v 0.175184 0.185769 0.281308
vn -6.12323e-17 3.7494e-33 1
v 0.176822 0.184953 0.281308
vn -6.12323e-17 3.7494e-33 1
v 0.21244 0.195308 0.240284
vn 0.870013 0.328544 5.32729e-17
v 0.0232435 0.24936 0.240284
vn 6.12323e-17 -3.7494e-33 -1
v 0.0251235 0.248108 -0.291077
vn 6.12323e-17 -3.7494e-33 -1
v 0.0232435 0.24936 0.240284
vn 0.611191 0.527428 3.74247e-17
v 0.0251235 0.248108 -0.291077
vn 0.791748 0.407056 4.84806e-17
v 0.0232435 0.24936 -0.291077
vn 0.611191 0.527428 3.74247e-17
v 0.0157145 0.250706 -0.291077
vn 6.12323e-17 -3.7494e-33 -1
v 0.0264535 0.246573 -0.291077
vn 6.12323e-17 -3.7494e-33 -1
v 0.0271405 0.244861 0.240284
vn 0.99184 0.084954 6.07327e-17
v 0.0271405 0.243089 -0.291077
vn 0.991785 -0.0852405 6.07293e-17
v 0.0271405 0.244861 -0.291077
vn 0.99184 0.084954 6.07327e-17
v 0.0251215 0.239843 0.240284
vn 0.794951 -0.404275 4.86767e-17
v 0.0264515 0.241378 0.240284
vn 0.924881 -0.253395 5.66326e-17
v 0.0251215 0.239843 0.240284
vn 0.791479 -0.407288 4.84641e-17
v 0.0271405 0.243089 0.240284
vn 0.991785 -0.0852405 6.07293e-17
v 0.0209375 0.237705 0.240284
vn 0.385102 -0.614984 2.35807e-17
v 0.0209375 0.237705 -0.291077
vn 0.379848 -0.616433 2.3259e-17
v 0.0183695 0.237247 0.240284
vn 0.133134 -0.660447 8.15212e-18
v 0.0183695 0.237247 -0.291077
vn 0.133134 -0.660447 8.15212e-18
v 0.0131415 0.237706 -0.291077
vn 6.12323e-17 -3.7494e-33 -1
v 0.0209375 0.237705 0.240284
vn 6.12323e-17 -3.7494e-33 -1
v 0.0183695 0.237247 0.240284
vn 0.127477 -0.660943 7.80571e-18
v 0.173683 0.194274 0.240284
vn -0.991868 -0.0848127 -6.07344e-17
v 0.173683 0.196183 -0.291077
vn -0.991812 0.0850986 -6.0731e-17
v 0.173683 0.194274 -0.291077
vn -0.991868 -0.0848127 -6.07344e-17
v 0.193259 0.190776 -0.291077
vn 0.791349 -0.407401 4.84561e-17
v 0.193259 0.190776 -0.291077
vn 6.12323e-17 -3.7494e-33 -1
v 0.194691 0.192428 -0.291077
vn 0.924961 -0.253265 5.66376e-17
v 0.195432 0.194271 0.240284
vn 0.99101 -0.0891515 6.06819e-17
v 0.194691 0.192428 0.240284
vn 0.924961 -0.253265 5.66376e-17
v 0.193259 0.190776 -0.291077
vn 0.795082 -0.40416 4.86847e-17
v 0.195434 0.196179 0.240284
vn 6.12323e-17 -3.7494e-33 -1
v 0.191238 0.201025 0.240284
vn 6.12323e-17 -3.7494e-33 -1
v 0.195258 0.176145 0.281308
vn -6.12323e-17 3.7494e-33 1
v 0.178236 0.183969 0.281308
vn -6.12323e-17 3.7494e-33 1
v 0.180783 0.18029 0.281308
vn -6.12323e-17 3.7494e-33 1
v 0.0251235 0.248108 0.240284
vn 6.12323e-17 -3.7494e-33 -1
v 0.0251235 0.248108 0.240284
vn 0.791748 0.407056 4.84806e-17
v 0.0264535 0.246573 -0.291077
vn 0.925053 0.253117 5.66431e-17
v 0.0271405 0.244861 0.240284
vn 0.991099 0.0887117 6.06873e-17
v 0.0271405 0.244861 -0.291077
vn 0.991099 0.0887117 6.06873e-17
v 0.0264515 0.241378 0.240284
vn 6.12323e-17 -3.7494e-33 -1
v 0.175857 0.199678 0.240284
vn 6.12323e-17 -3.7494e-33 -1
v 0.0251215 0.239843 0.240284
vn 6.12323e-17 -3.7494e-33 -1
v 0.0271405 0.243089 0.240284
vn 6.12323e-17 -3.7494e-33 -1
v 0.177882 0.201027 0.240284
vn 6.12323e-17 -3.7494e-33 -1
v 0.174424 0.198026 0.240284
vn 6.12323e-17 -3.7494e-33 -1
v 0.0232405 0.23859 0.240284
vn 6.12323e-17 -3.7494e-33 -1
v 0.0271405 0.244861 0.240284
vn 6.12323e-17 -3.7494e-33 -1
v 0.180363 0.201981 0.240284
vn 6.12323e-17 -3.7494e-33 -1
v 0.173683 0.196183 0.240284
vn 6.12323e-17 -3.7494e-33 -1
v 0.0209375 0.237705 0.240284
vn 0.379848 -0.616433 2.3259e-17
v 0.173683 0.196183 0.240284
vn -0.991812 0.0850986 -6.0731e-17
v 0.173683 0.196183 -0.291077
vn 6.12323e-17 -3.7494e-33 -1
v 0.195432 0.194271 -0.291077
vn 0.99101 -0.0891515 6.06819e-17
v 0.174424 0.198026 -0.291077
vn 6.12323e-17 -3.7494e-33 -1
v 0.194691 0.192428 -0.291077
vn 6.12323e-17 -3.7494e-33 -1
v 0.194693 0.198023 0.240284
vn 6.12323e-17 -3.7494e-33 -1
v 0.195432 0.194271 -0.291077
vn 0.991811 -0.0851039 6.07309e-17
v 0.195434 0.196179 0.240284
vn 0.991869 0.0848067 6.07344e-17
v 0.195432 0.194271 0.240284
vn 0.991811 -0.0851039 6.07309e-17
v 0.188758 0.20198 0.240284
vn 6.12323e-17 -3.7494e-33 -1
v 0.193262 0.199676 0.240284
vn 6.12323e-17 -3.7494e-33 -1
v 0.179388 0.182842 0.281308
vn -6.12323e-17 3.7494e-33 1
v 0.180244 0.181605 0.281308
vn -6.12323e-17 3.7494e-33 1
v 0.0251235 0.248108 0.240284
vn 0.795214 0.404045 4.86928e-17
v 0.0264535 0.246573 -0.291077
vn 0.922868 0.256633 5.65094e-17
v 0.0251235 0.248108 -0.291077
vn 0.795214 0.404045 4.86928e-17
v 0.0264535 0.246573 0.240284
vn 0.925053 0.253117 5.66431e-17
v 0.183129 0.202474 0.240284
vn 6.12323e-17 -3.7494e-33 -1
v 0.173683 0.196183 0.240284
vn -0.99101 0.0891509 -6.06819e-17
v 0.174424 0.198026 -0.291077
vn -0.924963 0.253263 -5.66376e-17
v 0.173683 0.196183 -0.291077
vn -0.99101 0.0891509 -6.06819e-17
v 0.195432 0.194271 -0.291077
vn 6.12323e-17 -3.7494e-33 -1
v 0.195434 0.196179 0.240284
vn 0.991069 0.0888597 6.06855e-17
v 0.194693 0.198023 -0.291077
vn 0.92513 0.252991 5.66479e-17
v 0.194693 0.198023 0.240284
vn 0.92513 0.252991 5.66479e-17
v 0.195434 0.196179 -0.291077
vn 0.991869 0.0848067 6.07344e-17
v 0.191238 0.201025 0.240284
vn 0.606502 0.529826 3.71375e-17
v 0.188758 0.20198 -0.291077
vn 0.385713 0.614814 2.36181e-17
v 0.188758 0.20198 0.240284
vn 0.385713 0.614814 2.36181e-17
v 0.193262 0.199676 0.240284
vn 0.791621 0.407166 4.84728e-17
v 0.191238 0.201025 -0.291077
vn 0.611365 0.527338 3.74353e-17
v 0.191238 0.201025 0.240284
vn 0.611365 0.527338 3.74353e-17
v 0.0264535 0.246573 0.240284
vn 6.12323e-17 -3.7494e-33 -1
v 0.0264535 0.246573 0.240284
vn 0.922868 0.256633 5.65094e-17
v 0.185992 0.202474 0.240284
vn 6.12323e-17 -3.7494e-33 -1
v 0.177882 0.201027 -0.291077
vn -0.611018 0.527517 -3.74141e-17
v 0.175857 0.199678 0.240284
vn -0.791352 0.407398 -4.84563e-17
v 0.177882 0.201027 0.240284
vn -0.611018 0.527517 -3.74141e-17
v 0.175857 0.199678 -0.291077
vn -0.795079 0.404163 -4.86845e-17
v 0.174424 0.198026 0.240284
vn -0.922618 0.257033 -5.6494e-17
v 0.175857 0.199678 0.240284
vn -0.795079 0.404163 -4.86845e-17
v 0.180363 0.201981 -0.291077
vn -0.385303 0.614928 -2.3593e-17
v 0.177882 0.201027 0.240284
vn -0.606149 0.530005 -3.71159e-17
v 0.180363 0.201981 0.240284
vn -0.385303 0.614928 -2.3593e-17
v 0.174424 0.198026 0.240284
vn -0.924963 0.253263 -5.66376e-17
v 0.183129 0.202474 0.240284
vn -0.133339 0.660429 -8.16464e-18
v 0.180363 0.201981 -0.291077
vn -0.379643 0.616489 -2.32464e-17
v 0.180363 0.201981 0.240284
vn -0.379643 0.616489 -2.32464e-17
v 0.175857 0.199678 -0.291077
vn 6.12323e-17 -3.7494e-33 -1
v 0.194693 0.198023 0.240284
vn 0.92279 0.256758 5.65046e-17
v 0.193262 0.199676 -0.291077
vn 0.795351 0.403925 4.87012e-17
v 0.193262 0.199676 0.240284
vn 0.795351 0.403925 4.87012e-17
v 0.195434 0.196179 -0.291077
vn 0.991069 0.0888597 6.06855e-17
v 0.194693 0.198023 -0.291077
vn 0.92279 0.256758 5.65046e-17
v 0.177882 0.201027 -0.291077
vn 6.12323e-17 -3.7494e-33 -1
v 0.195434 0.196179 -0.291077
vn 6.12323e-17 -3.7494e-33 -1
v 0.191238 0.201025 -0.291077
vn 0.606502 0.529826 3.71375e-17
v 0.185992 0.202474 -0.291077
vn 0.133784 0.660388 8.19192e-18
v 0.188758 0.20198 0.240284
vn 0.380058 0.616376 2.32718e-17
v 0.188758 0.20198 -0.291077
vn 0.380058 0.616376 2.32718e-17
v 0.193262 0.199676 -0.291077
vn 0.791621 0.407166 4.84728e-17
v 0.175857 0.199678 -0.291077
vn -0.791352 0.407398 -4.84563e-17
v 0.177882 0.201027 -0.291077
vn -0.606149 0.530005 -3.71159e-17
v 0.174424 0.198026 -0.291077
vn -0.922618 0.257033 -5.6494e-17
v 0.185992 0.202474 0.240284
vn 0.127704 0.660923 7.81963e-18
v 0.183129 0.202474 -0.291077
vn -0.127275 0.66096 -7.79332e-18
v 0.183129 0.202474 0.240284
vn -0.127275 0.66096 -7.79332e-18
v 0.183129 0.202474 -0.291077
vn -0.133339 0.660429 -8.16464e-18
v 0.180363 0.201981 -0.291077
vn 6.12323e-17 -3.7494e-33 -1
v 0.194693 0.198023 -0.291077
vn 6.12323e-17 -3.7494e-33 -1
v 0.183129 0.202474 -0.291077
vn 6.12323e-17 -3.7494e-33 -1
v 0.193262 0.199676 -0.291077
vn 6.12323e-17 -3.7494e-33 -1
v 0.191238 0.201025 -0.291077
vn 6.12323e-17 -3.7494e-33 -1
v 0.185992 0.202474 -0.291077
vn 6.12323e-17 -3.7494e-33 -1
v 0.188758 0.20198 -0.291077
vn 6.12323e-17 -3.7494e-33 -1
v 0.185992 0.202474 0.240284
vn 0.133784 0.660388 8.19192e-18
v 0.185992 0.202474 -0.291077
vn 0.127704 0.660923 7.81963e-18
v -0.243024 -0.203583 0.240284
vn 0.931832 0.241823 5.70582e-17
v -0.243024 -0.203583 0.291077
vn 0.931832 0.241823 5.70582e-17
v -0.239511 -0.208362 0.240284
vn 0.857805 0.342502 5.25254e-17
v -0.239511 -0.208362 0.291077
vn 0.857805 0.342502 5.25254e-17
v -0.243024 -0.203583 0.240284
vn 0.932222 0.241155 5.70821e-17
v -0.245278 -0.198479 0.240284
vn 0.979697 0.133598 5.99891e-17
v -0.243024 -0.203583 0.291077
vn 0.932222 0.241155 5.70821e-17
v -0.239511 -0.208362 0.240284
vn -6.12323e-17 3.7494e-33 1
v -0.228923 -0.207925 0.240284
vn -6.12323e-17 3.7494e-33 1
v -0.243024 -0.203583 0.240284
vn -6.12323e-17 3.7494e-33 1
v -0.239511 -0.208362 0.240284
vn 0.857251 0.343118 5.24915e-17
v -0.239511 -0.208362 0.291077
vn 0.857251 0.343118 5.24915e-17
v -0.234839 -0.212678 0.240284
vn 0.758798 0.43403 4.6463e-17
v -0.239511 -0.208362 0.291077
vn 6.12323e-17 -3.7494e-33 -1
v -0.243024 -0.203583 0.291077
vn 6.12323e-17 -3.7494e-33 -1
v 0.00592951 -0.274908 0.291077
vn 6.12323e-17 -3.7494e-33 -1
v -0.245278 -0.198479 0.291077
vn 0.979697 0.133598 5.99891e-17
v -0.229716 -0.203906 0.240284
vn -6.12323e-17 3.7494e-33 1
v -0.245278 -0.198479 0.240284
vn -6.12323e-17 3.7494e-33 1
v -0.229717 -0.205951 0.240284
vn -6.12323e-17 3.7494e-33 1
v -0.22739 -0.209698 0.240284
vn -6.12323e-17 3.7494e-33 1
v -0.234839 -0.212678 0.291077
vn 0.758798 0.43403 4.6463e-17
v -0.234839 -0.212678 0.240284
vn -6.12323e-17 3.7494e-33 1
v -0.00342949 -0.275 0.240284
vn -6.12323e-17 3.7494e-33 1
v 0.0152485 -0.274326 0.291077
vn 6.12323e-17 -3.7494e-33 -1
v -0.00342949 -0.275 0.291077
vn 6.12323e-17 -3.7494e-33 -1
v -0.245278 -0.198479 0.291077
vn 6.12323e-17 -3.7494e-33 -1
v -0.222708 -0.205731 0.291077
vn 6.12323e-17 -3.7494e-33 -1
v -0.245278 -0.198479 0.240284
vn 0.979913 0.132894 6.00023e-17
v -0.246207 -0.193193 0.240284
vn 0.999477 0.0215417 6.12003e-17
v -0.245278 -0.198479 0.291077
vn 0.979913 0.132894 6.00023e-17
v -0.228921 -0.201932 0.240284
vn -6.12323e-17 3.7494e-33 1
v -0.229717 -0.205951 0.240284
vn 0.991041 0.0890023 6.06837e-17
v -0.228923 -0.207925 0.240284
vn 0.925209 0.252863 5.66527e-17
v -0.229717 -0.205951 -0.291077
vn 0.991041 0.0890023 6.06837e-17
v -0.22739 -0.209698 0.240284
vn 0.795487 0.403806 4.87095e-17
v -0.22739 -0.209698 -0.291077
vn 0.795487 0.403806 4.87095e-17
v -0.228923 -0.207925 0.240284
vn 0.922711 0.256884 5.64997e-17
v -0.225221 -0.211142 0.240284
vn -6.12323e-17 3.7494e-33 1
v -0.234839 -0.212678 0.240284
vn 0.758097 0.434574 4.642e-17
v -0.234839 -0.212678 0.291077
vn 0.758097 0.434574 4.642e-17
v -0.22914 -0.216407 0.240284
vn 0.638038 0.513115 3.90686e-17
v -0.234839 -0.212678 0.291077
vn 6.12323e-17 -3.7494e-33 -1
v -0.0456215 -0.261601 0.240284
vn -6.12323e-17 3.7494e-33 1
v -0.0127695 -0.274592 0.240284
vn -6.12323e-17 3.7494e-33 1
v -0.0263045 -0.262157 0.291077
vn 6.12323e-17 -3.7494e-33 -1
v 0.0152485 -0.274326 0.291077
vn -0.132843 0.660473 -8.13431e-18
v 0.0152485 -0.274326 0.240284
vn -0.132843 0.660473 -8.13431e-18
v 0.00592951 -0.274908 0.291077
vn -0.0543597 0.665394 -3.32857e-18
v 0.00592951 -0.274908 0.291077
vn -0.0537737 0.665415 -3.29269e-18
v 0.00592951 -0.274908 0.240284
vn -0.0537737 0.665415 -3.29269e-18
v -0.00342949 -0.275 0.291077
vn 0.0250476 0.66617 1.53372e-18
v -0.225797 -0.20288 0.291077
vn 6.12323e-17 -3.7494e-33 -1
v -0.218942 -0.208197 0.291077
vn 6.12323e-17 -3.7494e-33 -1
v -0.246207 -0.193193 0.291077
vn 0.999477 0.0215417 6.12003e-17
v -0.227386 -0.200163 0.240284
vn -6.12323e-17 3.7494e-33 1
v -0.246207 -0.193193 0.240284
vn -6.12323e-17 3.7494e-33 1
v -0.228921 -0.201932 0.240284
vn 0.925042 -0.253134 5.66425e-17
v -0.229716 -0.203906 0.240284
vn 0.990982 -0.0892935 6.06801e-17
v -0.228921 -0.201932 -0.291077
vn 0.925042 -0.253134 5.66425e-17
v -0.229716 -0.203906 0.240284
vn 0.991839 -0.0849627 6.07326e-17
v -0.229717 -0.205951 0.240284
vn 0.991896 0.0846661 6.07361e-17
v -0.229716 -0.203906 -0.291077
vn 0.991839 -0.0849627 6.07326e-17
v -0.228923 -0.207925 -0.291077
vn 0.925209 0.252863 5.66527e-17
v -0.229717 -0.205951 -0.291077
vn 0.991896 0.0846661 6.07361e-17
v -0.228923 -0.207925 -0.291077
vn 0.922711 0.256884 5.64997e-17
v -0.22739 -0.209698 -0.291077
vn 0.79148 0.407287 4.84642e-17
v -0.22739 -0.209698 0.240284
vn 0.79148 0.407287 4.84642e-17
v -0.225221 -0.211142 -0.291077
vn 0.611519 0.527259 3.74447e-17
v -0.225221 -0.211142 0.240284
vn 0.611519 0.527259 3.74447e-17
v -0.222564 -0.212164 0.240284
vn -6.12323e-17 3.7494e-33 1
v -0.22914 -0.216407 0.291077
vn 0.638038 0.513115 3.90686e-17
v -0.22914 -0.216407 0.240284
vn -6.12323e-17 3.7494e-33 1
v -0.0127695 -0.274592 0.291077
vn 6.12323e-17 -3.7494e-33 -1
v -0.0428555 -0.262094 0.240284
vn -6.12323e-17 3.7494e-33 1
v -0.0481005 -0.260647 0.240284
vn -6.12323e-17 3.7494e-33 1
v -0.0127695 -0.274592 0.240284
vn 0.104308 0.662744 6.38704e-18
v -0.0127695 -0.274592 0.291077
vn 0.104308 0.662744 6.38704e-18
v -0.00342949 -0.275 0.240284
vn 0.0256446 0.66616 1.57028e-18
v -0.214898 -0.210066 0.291077
vn 6.12323e-17 -3.7494e-33 -1
v -0.0191115 -0.263248 0.291077
vn 6.12323e-17 -3.7494e-33 -1
v 0.00592951 -0.274908 0.240284
vn -0.0543597 0.665394 -3.32857e-18
v 0.0152485 -0.274326 0.240284
vn -0.133432 0.66042 -8.17038e-18
v 0.0152485 -0.274326 0.291077
vn -0.133432 0.66042 -8.17038e-18
v 0.0244685 -0.27325 0.240284
vn -0.211082 0.651364 -1.29251e-17
v -0.00342949 -0.275 0.240284
vn 0.0250476 0.66617 1.53372e-18
v -0.228118 -0.199722 0.291077
vn 6.12323e-17 -3.7494e-33 -1
v -0.225797 -0.20288 0.291077
vn -0.857507 -0.342834 -5.25071e-17
v -0.225797 -0.20288 0.285215
vn -0.857507 -0.342834 -5.25071e-17
v -0.222708 -0.205731 0.291077
vn -0.758474 -0.434281 -4.64431e-17
v -0.222708 -0.205731 0.291077
vn -0.75842 -0.434323 -4.64398e-17
v -0.222708 -0.205731 0.285215
vn -0.75842 -0.434323 -4.64398e-17
v -0.218942 -0.208197 0.291077
vn -0.637654 -0.513327 -3.9045e-17
v -0.246207 -0.193193 0.291077
vn 6.12323e-17 -3.7494e-33 -1
v -0.246207 -0.193193 0.240284
vn 0.999512 0.0208237 6.12024e-17
v -0.245784 -0.187882 0.240284
vn 0.990604 -0.0911327 6.0657e-17
v -0.246207 -0.193193 0.291077
vn 0.999512 0.0208237 6.12024e-17
v -0.225217 -0.198716 0.240284
vn -6.12323e-17 3.7494e-33 1
v -0.227386 -0.200163 0.240284
vn 0.795202 -0.404055 4.86921e-17
v -0.228921 -0.201932 0.240284
vn 0.922532 -0.25717 5.64888e-17
v -0.227386 -0.200163 -0.291077
vn 0.795202 -0.404055 4.86921e-17
v -0.229716 -0.203906 -0.291077
vn 0.990982 -0.0892935 6.06801e-17
v -0.228921 -0.201932 -0.291077
vn 0.922532 -0.25717 5.64888e-17
v -0.228923 -0.207925 -0.291077
vn -6.12323e-17 3.7494e-33 1
v -0.213569 -0.212168 -0.291077
vn -6.12323e-17 3.7494e-33 1
v -0.229717 -0.205951 -0.291077
vn -6.12323e-17 3.7494e-33 1
v -0.210911 -0.211145 -0.291077
vn -6.12323e-17 3.7494e-33 1
v -0.229716 -0.203906 -0.291077
vn -6.12323e-17 3.7494e-33 1
v -0.22739 -0.209698 -0.291077
vn -6.12323e-17 3.7494e-33 1
v -0.216532 -0.212697 -0.291077
vn -6.12323e-17 3.7494e-33 1
v -0.225221 -0.211142 -0.291077
vn -6.12323e-17 3.7494e-33 1
v -0.219601 -0.212694 -0.291077
vn -6.12323e-17 3.7494e-33 1
v -0.225221 -0.211142 -0.291077
vn 0.606336 0.52991 3.71274e-17
v -0.225221 -0.211142 0.240284
vn 0.606336 0.52991 3.71274e-17
v -0.222564 -0.212164 -0.291077
vn 0.385915 0.614757 2.36305e-17
v -0.222564 -0.212164 0.240284
vn 0.385915 0.614757 2.36305e-17
v -0.22914 -0.216407 0.240284
vn 0.637205 0.513574 3.90176e-17
v -0.22914 -0.216407 0.291077
vn 0.637205 0.513574 3.90176e-17
v -0.222579 -0.219439 0.240284
vn 0.570116 0.547473 3.49096e-17
v -0.22914 -0.216407 0.291077
vn 6.12323e-17 -3.7494e-33 -1
v -0.0220325 -0.273695 0.240284
vn -6.12323e-17 3.7494e-33 1
v -0.00342949 -0.275 0.291077
vn 0.0256446 0.66616 1.57028e-18
v 0.00592951 -0.274908 0.240284
vn -6.12323e-17 3.7494e-33 1
v -0.0127695 -0.274592 0.291077
vn 0.104893 0.662703 6.42287e-18
v -0.0127695 -0.274592 0.240284
vn 0.104893 0.662703 6.42287e-18
v -0.0220325 -0.273695 0.291077
vn 0.182901 0.655138 1.11995e-17
v -0.214898 -0.210066 0.291077
vn -0.382889 -0.615598 -2.34452e-17
v -0.214898 -0.210066 0.285215
vn -0.382889 -0.615598 -2.34452e-17
v -0.0263045 -0.262157 0.291077
vn -0.382889 -0.615598 -2.34452e-17
v -0.0111015 -0.264025 0.291077
vn 6.12323e-17 -3.7494e-33 -1
v -0.0263045 -0.262157 0.291077
vn -0.222088 -0.649738 -1.35989e-17
v -0.0263045 -0.262157 0.285215
vn -0.222088 -0.649738 -1.35989e-17
v -0.0191115 -0.263248 0.291077
vn -0.18322 -0.655099 -1.1219e-17
v 0.0152485 -0.274326 0.240284
vn -6.12323e-17 3.7494e-33 1
v -0.0347455 -0.26065 0.240284
vn -6.12323e-17 3.7494e-33 1
v 0.0244685 -0.27325 0.291077
vn -0.211082 0.651364 -1.29251e-17
v 0.0244685 -0.27325 0.240284
vn -6.12323e-17 3.7494e-33 1
v -0.0327205 -0.259299 0.240284
vn -6.12323e-17 3.7494e-33 1
v -0.228118 -0.199722 0.291077
vn -0.932012 -0.241514 -5.70693e-17
v -0.228118 -0.199722 0.285215
vn -0.932012 -0.241514 -5.70693e-17
v -0.225797 -0.20288 0.291077
vn -0.857549 -0.342787 -5.25098e-17
v -0.222708 -0.205731 0.285215
vn -0.758474 -0.434281 -4.64431e-17
v -0.225797 -0.20288 0.285215
vn -0.857549 -0.342787 -5.25098e-17
v -0.218942 -0.208197 0.291077
vn -0.637592 -0.513361 -3.90412e-17
v -0.218942 -0.208197 0.285215
vn -0.637592 -0.513361 -3.90412e-17
v -0.214898 -0.210066 0.291077
vn -0.570118 -0.547472 -3.49096e-17
v -0.218942 -0.208197 0.285215
vn -0.637654 -0.513327 -3.9045e-17
v -0.229608 -0.196348 0.291077
vn 6.12323e-17 -3.7494e-33 -1
v -0.245784 -0.187882 0.291077
vn 0.990604 -0.0911327 6.0657e-17
v -0.216527 -0.197167 0.240284
vn -6.12323e-17 3.7494e-33 1
v -0.245784 -0.187882 0.240284
vn -6.12323e-17 3.7494e-33 1
v -0.222559 -0.197693 0.240284
vn -6.12323e-17 3.7494e-33 1
v -0.225217 -0.198716 0.240284
vn 0.611202 -0.527422 3.74253e-17
v -0.227386 -0.200163 0.240284
vn 0.791231 -0.407502 4.8449e-17
v -0.225217 -0.198716 -0.291077
vn 0.611202 -0.527422 3.74253e-17
v -0.227386 -0.200163 -0.291077
vn 0.791231 -0.407502 4.8449e-17
v -0.208742 -0.209701 -0.291077
vn -6.12323e-17 3.7494e-33 1
v -0.228921 -0.201932 -0.291077
vn -6.12323e-17 3.7494e-33 1
v -0.207208 -0.207928 -0.291077
vn -6.12323e-17 3.7494e-33 1
v -0.227386 -0.200163 -0.291077
vn -6.12323e-17 3.7494e-33 1
v -0.222564 -0.212164 -0.291077
vn -6.12323e-17 3.7494e-33 1
v -0.222564 -0.212164 -0.291077
vn 0.379855 0.616431 2.32594e-17
v -0.222564 -0.212164 0.240284
vn 0.379855 0.616431 2.32594e-17
v -0.219601 -0.212694 -0.291077
vn 0.133988 0.66037 8.20442e-18
v -0.219601 -0.212694 0.240284
vn -6.12323e-17 3.7494e-33 1
v -0.222579 -0.219439 0.291077
vn 0.570116 0.547473 3.49096e-17
v -0.222579 -0.219439 0.240284
vn -6.12323e-17 3.7494e-33 1
v -0.0220325 -0.273695 0.291077
vn 6.12323e-17 -3.7494e-33 -1
v -0.0220325 -0.273695 0.240284
vn 0.182901 0.655138 1.11995e-17
v -0.0399925 -0.262098 0.240284
vn -6.12323e-17 3.7494e-33 1
v -0.0263045 -0.262157 0.285215
vn -0.382889 -0.615598 -2.34452e-17
v -0.214898 -0.210066 0.285215
vn -0.570118 -0.547472 -3.49096e-17
v 0.0244685 -0.27325 0.291077
vn 6.12323e-17 -3.7494e-33 -1
v -0.0191115 -0.263248 0.291077
vn -0.183164 -0.655105 -1.12155e-17
v -0.0191115 -0.263248 0.285215
vn -0.183164 -0.655105 -1.12155e-17
v -0.0111015 -0.264025 0.291077
vn -0.104629 -0.662721 -6.4067e-18
v -0.0191115 -0.263248 0.285215
vn -0.18322 -0.655099 -1.1219e-17
v -0.0372255 -0.261604 0.240284
vn -6.12323e-17 3.7494e-33 1
v 0.0244685 -0.27325 0.240284
vn -0.211659 0.651281 -1.29604e-17
v 0.0244685 -0.27325 0.291077
vn -0.211659 0.651281 -1.29604e-17
v 0.0335325 -0.271691 0.240284
vn -0.287986 0.638147 -1.76341e-17
v -0.0312875 -0.257647 0.240284
vn -6.12323e-17 3.7494e-33 1
v -0.228118 -0.199722 0.291077
vn -0.932042 -0.241463 -5.70711e-17
v -0.229608 -0.196348 0.291077
vn -0.979797 -0.133273 -5.99952e-17
v -0.228118 -0.199722 0.285215
vn -0.932042 -0.241463 -5.70711e-17
v -0.222708 -0.205731 0.285215
vn 6.12323e-17 -3.7494e-33 -1
v -0.225797 -0.20288 0.285215
vn 6.12323e-17 -3.7494e-33 -1
v -0.0111015 -0.264025 0.285215
vn 6.12323e-17 -3.7494e-33 -1
v -0.228118 -0.199722 0.285215
vn 6.12323e-17 -3.7494e-33 -1
v -0.214207 -0.204382 0.285215
vn 6.12323e-17 -3.7494e-33 -1
v -0.218942 -0.208197 0.285215
vn 6.12323e-17 -3.7494e-33 -1
v -0.0191115 -0.263248 0.285215
vn 6.12323e-17 -3.7494e-33 -1
v -0.230221 -0.192855 0.291077
vn 6.12323e-17 -3.7494e-33 -1
v -0.245784 -0.187882 0.291077
vn 6.12323e-17 -3.7494e-33 -1
v -0.245784 -0.187882 0.240284
vn 0.990457 -0.091843 6.0648e-17
v -0.244022 -0.182688 0.240284
vn 0.953333 -0.201193 5.83748e-17
v -0.245784 -0.187882 0.291077
vn 0.990457 -0.091843 6.0648e-17
v -0.213565 -0.197696 0.240284
vn -6.12323e-17 3.7494e-33 1
v -0.219596 -0.197167 0.240284
vn -6.12323e-17 3.7494e-33 1
v -0.222559 -0.197693 0.240284
vn 0.385513 -0.61487 2.36058e-17
v -0.225217 -0.198716 0.240284
vn 0.605989 -0.530087 3.71061e-17
v -0.222559 -0.197693 -0.291077
vn 0.385513 -0.61487 2.36058e-17
v -0.225217 -0.198716 -0.291077
vn 0.605989 -0.530087 3.71061e-17
v -0.206412 -0.205954 -0.291077
vn -6.12323e-17 3.7494e-33 1
v -0.225217 -0.198716 -0.291077
vn -6.12323e-17 3.7494e-33 1
v -0.210911 -0.211145 -0.291077
vn -0.605989 0.530087 -3.71061e-17
v -0.213569 -0.212168 -0.291077
vn -0.385513 0.61487 -2.36058e-17
v -0.210911 -0.211145 0.240284
vn -0.605989 0.530087 -3.71061e-17
v -0.216532 -0.212697 -0.291077
vn -0.13356 0.660409 -8.17817e-18
v -0.216532 -0.212697 0.240284
vn -0.13356 0.660409 -8.17817e-18
v -0.213569 -0.212168 -0.291077
vn -0.379455 0.616541 -2.32349e-17
v -0.208742 -0.209701 -0.291077
vn -0.791212 0.407519 -4.84478e-17
v -0.210911 -0.211145 -0.291077
vn -0.611173 0.527437 -3.74235e-17
v -0.208742 -0.209701 0.240284
vn -0.791212 0.407519 -4.84478e-17
v -0.219601 -0.212694 -0.291077
vn 0.127531 0.660938 7.80903e-18
v -0.219601 -0.212694 0.240284
vn 0.127531 0.660938 7.80903e-18
v -0.216532 -0.212697 -0.291077
vn -0.127021 0.660981 -7.77782e-18
v -0.219601 -0.212694 0.240284
vn 0.133988 0.66037 8.20442e-18
v -0.0501255 -0.259299 0.240284
vn -6.12323e-17 3.7494e-33 1
v -0.222579 -0.219439 0.240284
vn 0.382889 0.615597 2.34452e-17
v -0.222579 -0.219439 0.291077
vn 0.382889 0.615597 2.34452e-17
v -0.0311595 -0.27231 0.240284
vn 0.382889 0.615597 2.34452e-17
v -0.222579 -0.219439 0.291077
vn 6.12323e-17 -3.7494e-33 -1
v -0.0311595 -0.27231 0.240284
vn -6.12323e-17 3.7494e-33 1
v -0.0220325 -0.273695 0.291077
vn 0.183483 0.655066 1.12351e-17
v -0.0220325 -0.273695 0.240284
vn 0.183483 0.655066 1.12351e-17
v -0.0311595 -0.27231 0.291077
vn 0.222087 0.649738 1.35989e-17
v -0.0456215 -0.261601 -0.291077
vn -6.12323e-17 3.7494e-33 1
v -0.0428555 -0.262094 -0.291077
vn -6.12323e-17 3.7494e-33 1
v -0.0481005 -0.260647 -0.291077
vn -6.12323e-17 3.7494e-33 1
v -0.0399925 -0.262098 -0.291077
vn -6.12323e-17 3.7494e-33 1
v -0.0501255 -0.259299 -0.291077
vn -6.12323e-17 3.7494e-33 1
v -0.214898 -0.210066 0.285215
vn 6.12323e-17 -3.7494e-33 -1
v -0.0263045 -0.262157 0.285215
vn 6.12323e-17 -3.7494e-33 -1
v -0.00302549 -0.264373 0.291077
vn 6.12323e-17 -3.7494e-33 -1
v -0.0111015 -0.264025 0.285215
vn -0.104629 -0.662721 -6.4067e-18
v 0.0335325 -0.271691 0.291077
vn -0.287986 0.638147 -1.76341e-17
v 0.0335325 -0.271691 0.240284
vn -6.12323e-17 3.7494e-33 1
v -0.0305455 -0.255806 0.240284
vn -6.12323e-17 3.7494e-33 1
v -0.229608 -0.196348 0.285215
vn -0.979797 -0.133273 -5.99952e-17
v -0.00302549 -0.264373 0.285215
vn 6.12323e-17 -3.7494e-33 -1
v -0.217075 -0.202508 0.285215
vn 6.12323e-17 -3.7494e-33 -1
v -0.211332 -0.205715 0.285215
vn 6.12323e-17 -3.7494e-33 -1
v -0.229608 -0.196348 0.291077
vn -0.979813 -0.133219 -5.99963e-17
v -0.230221 -0.192855 0.291077
vn -0.999493 -0.0212101 -6.12013e-17
v -0.229608 -0.196348 0.285215
vn -0.979813 -0.133219 -5.99963e-17
v -0.229943 -0.189342 0.291077
vn 6.12323e-17 -3.7494e-33 -1
v -0.244022 -0.182688 0.291077
vn 0.953333 -0.201193 5.83748e-17
v 0.0509595 -0.267159 0.240284
vn -6.12323e-17 3.7494e-33 1
v -0.244022 -0.182688 0.240284
vn -6.12323e-17 3.7494e-33 1
v 0.0423815 -0.269656 0.240284
vn -6.12323e-17 3.7494e-33 1
v -0.216527 -0.197167 0.240284
vn -0.133988 -0.66037 -8.20442e-18
v -0.216527 -0.197167 -0.291077
vn -0.133988 -0.66037 -8.20442e-18
v -0.213565 -0.197696 0.240284
vn -0.379855 -0.616431 -2.32594e-17
v -0.219596 -0.197167 0.240284
vn 0.127062 -0.660978 7.78029e-18
v -0.219596 -0.197167 -0.291077
vn 0.127062 -0.660978 7.78029e-18
v -0.216527 -0.197167 0.240284
vn -0.127491 -0.660941 -7.80656e-18
v -0.222559 -0.197693 0.240284
vn 0.37942 -0.616551 2.32328e-17
v -0.222559 -0.197693 -0.291077
vn 0.37942 -0.616551 2.32328e-17
v -0.219596 -0.197167 0.240284
vn 0.133519 -0.660412 8.17571e-18
v -0.206411 -0.203909 -0.291077
vn -6.12323e-17 3.7494e-33 1
v -0.222559 -0.197693 -0.291077
vn -6.12323e-17 3.7494e-33 1
v -0.208742 -0.209701 -0.291077
vn -0.795221 0.404038 -4.86933e-17
v -0.208742 -0.209701 0.240284
vn -0.795221 0.404038 -4.86933e-17
v -0.207208 -0.207928 -0.291077
vn -0.922541 0.257155 -5.64893e-17
v -0.206412 -0.205954 -0.291077
vn -0.990982 0.0892935 -6.06801e-17
v -0.207208 -0.207928 -0.291077
vn -0.925042 0.253134 -5.66425e-17
v -0.206412 -0.205954 0.240284
vn -0.990982 0.0892935 -6.06801e-17
v -0.213569 -0.212168 0.240284
vn -0.385513 0.61487 -2.36058e-17
v -0.210911 -0.211145 0.240284
vn -0.611173 0.527437 -3.74235e-17
v -0.213569 -0.212168 0.240284
vn -0.379455 0.616541 -2.32349e-17
v -0.216532 -0.212697 0.240284
vn -0.127021 0.660981 -7.77782e-18
v -0.216532 -0.212697 0.240284
vn -6.12323e-17 3.7494e-33 1
v -0.0311595 -0.27231 0.291077
vn 0.382889 0.615597 2.34452e-17
v -0.0311595 -0.27231 0.291077
vn 6.12323e-17 -3.7494e-33 -1
v -0.0311595 -0.27231 0.240284
vn 0.222087 0.649738 1.35989e-17
v -0.0515565 -0.257644 -0.291077
vn -6.12323e-17 3.7494e-33 1
v 0.0050675 -0.264298 0.291077
vn 6.12323e-17 -3.7494e-33 -1
v -0.0111015 -0.264025 0.291077
vn -0.10457 -0.662726 -6.40307e-18
v -0.0111015 -0.264025 0.285215
vn -0.10457 -0.662726 -6.40307e-18
v -0.00302549 -0.264373 0.291077
vn -0.0253755 -0.666165 -1.5538e-18
v 0.0335325 -0.271691 0.240284
vn -0.288556 0.638033 -1.7669e-17
v 0.0335325 -0.271691 0.291077
vn -0.288556 0.638033 -1.7669e-17
v 0.0423815 -0.269656 0.240284
vn -0.363077 0.620905 -2.22321e-17
v 0.0335325 -0.271691 0.291077
vn 6.12323e-17 -3.7494e-33 -1
v -0.0305455 -0.253894 0.240284
vn -6.12323e-17 3.7494e-33 1
v -0.229608 -0.196348 0.285215
vn 6.12323e-17 -3.7494e-33 -1
v -0.219428 -0.200334 0.285215
vn 6.12323e-17 -3.7494e-33 -1
v -0.0240505 -0.25744 0.285215
vn 6.12323e-17 -3.7494e-33 -1
v -0.00302549 -0.264373 0.285215
vn -0.0253755 -0.666165 -1.5538e-18
v -0.217075 -0.202508 0.285215
vn -0.758433 -0.434313 -4.64406e-17
v -0.217075 -0.202508 0.281308
vn -0.758433 -0.434313 -4.64406e-17
v -0.214207 -0.204382 0.285215
vn -0.637638 -0.513336 -3.9044e-17
v -0.214207 -0.204382 0.285215
vn -0.637608 -0.513352 -3.90422e-17
v -0.214207 -0.204382 0.281308
vn -0.637608 -0.513352 -3.90422e-17
v -0.211332 -0.205715 0.285215
vn -0.570118 -0.547472 -3.49097e-17
v -0.230221 -0.192855 0.285215
vn -0.999493 -0.0212101 -6.12013e-17
v -0.244022 -0.182688 0.291077
vn 6.12323e-17 -3.7494e-33 -1
v -0.230221 -0.192855 0.291077
vn -0.999496 -0.0211551 -6.12015e-17
v -0.229943 -0.189342 0.291077
vn -0.990536 0.0914605 -6.06529e-17
v -0.230221 -0.192855 0.285215
vn -0.999496 -0.0211551 -6.12015e-17
v -0.244022 -0.182688 0.240284
vn 0.953007 -0.201878 5.83548e-17
v -0.240971 -0.177771 0.240284
vn 0.888732 -0.305486 5.44191e-17
v -0.244022 -0.182688 0.291077
vn 0.953007 -0.201878 5.83548e-17
v 0.0592145 -0.264219 0.240284
vn -6.12323e-17 3.7494e-33 1
v -0.210907 -0.198719 0.240284
vn -6.12323e-17 3.7494e-33 1
v -0.213565 -0.197696 -0.291077
vn -0.379855 -0.616431 -2.32594e-17
v -0.216527 -0.197167 -0.291077
vn -0.127491 -0.660941 -7.80656e-18
v -0.219596 -0.197167 -0.291077
vn 0.133519 -0.660412 8.17571e-18
v -0.207205 -0.201936 -0.291077
vn -6.12323e-17 3.7494e-33 1
v -0.206412 -0.205954 -0.291077
vn -0.991839 0.084962 -6.07326e-17
v -0.206412 -0.205954 0.240284
vn -0.991839 0.084962 -6.07326e-17
v -0.206411 -0.203909 -0.291077
vn -0.991896 -0.0846655 -6.07361e-17
v -0.207208 -0.207928 0.240284
vn -0.922541 0.257155 -5.64893e-17
v -0.207208 -0.207928 0.240284
vn -0.925042 0.253134 -5.66425e-17
v -0.213569 -0.212168 0.240284
vn -6.12323e-17 3.7494e-33 1
v -0.0522975 -0.255802 0.240284
vn -6.12323e-17 3.7494e-33 1
v -0.210911 -0.211145 0.240284
vn -6.12323e-17 3.7494e-33 1
v -0.0522965 -0.253892 0.240284
vn -6.12323e-17 3.7494e-33 1
v -0.208742 -0.209701 0.240284
vn -6.12323e-17 3.7494e-33 1
v -0.0515565 -0.257644 0.240284
vn -6.12323e-17 3.7494e-33 1
v -0.0372255 -0.261604 -0.291077
vn -6.12323e-17 3.7494e-33 1
v -0.00302549 -0.264373 0.291077
vn -0.0253167 -0.666165 -1.5502e-18
v -0.00302549 -0.264373 0.285215
vn -0.0253167 -0.666165 -1.5502e-18
v 0.0050675 -0.264298 0.291077
vn 0.0540364 -0.665406 3.30878e-18
v -0.0347455 -0.26065 -0.291077
vn -6.12323e-17 3.7494e-33 1
v -0.0327205 -0.259299 -0.291077
vn -6.12323e-17 3.7494e-33 1
v -0.0522965 -0.253892 -0.291077
vn -6.12323e-17 3.7494e-33 1
v -0.0522975 -0.255802 -0.291077
vn -6.12323e-17 3.7494e-33 1
v 0.0423815 -0.269656 0.291077
vn -0.363077 0.620905 -2.22321e-17
v -0.0372215 -0.248096 0.240284
vn -6.12323e-17 3.7494e-33 1
v 0.0131255 -0.263791 0.291077
vn 6.12323e-17 -3.7494e-33 -1
v -0.0312855 -0.252053 0.240284
vn -6.12323e-17 3.7494e-33 1
v -0.0312875 -0.257647 -0.291077
vn -6.12323e-17 3.7494e-33 1
v -0.0515545 -0.25205 -0.291077
vn -6.12323e-17 3.7494e-33 1
v -0.221198 -0.19793 0.285215
vn 6.12323e-17 -3.7494e-33 -1
v -0.0177545 -0.258394 0.285215
vn 6.12323e-17 -3.7494e-33 -1
v -0.219428 -0.200334 0.285215
vn -0.857517 -0.342822 -5.25078e-17
v -0.219428 -0.200334 0.281308
vn -0.857517 -0.342822 -5.25078e-17
v -0.217075 -0.202508 0.285215
vn -0.758461 -0.434292 -4.64423e-17
v -0.214207 -0.204382 0.281308
vn -0.637638 -0.513336 -3.9044e-17
v -0.217075 -0.202508 0.281308
vn -0.758461 -0.434292 -4.64423e-17
v -0.211332 -0.205715 0.285215
vn -0.382888 -0.615598 -2.34451e-17
v -0.211332 -0.205715 0.281308
vn -0.382888 -0.615598 -2.34451e-17
v -0.0240505 -0.25744 0.285215
vn -0.382888 -0.615598 -2.34451e-17
v -0.211332 -0.205715 0.281308
vn -0.570118 -0.547472 -3.49097e-17
v -0.230221 -0.192855 0.285215
vn 6.12323e-17 -3.7494e-33 -1
v -0.222331 -0.195358 0.285215
vn 6.12323e-17 -3.7494e-33 -1
v -0.228778 -0.185912 0.291077
vn 6.12323e-17 -3.7494e-33 -1
v -0.229943 -0.189342 0.285215
vn -0.990536 0.0914605 -6.06529e-17
v -0.240971 -0.177771 0.291077
vn 0.888732 -0.305486 5.44191e-17
v 0.0642025 -0.262088 0.240284
vn -6.12323e-17 3.7494e-33 1
v -0.240971 -0.177771 0.240284
vn -6.12323e-17 3.7494e-33 1
v 0.0592145 -0.264219 0.240284
vn -0.505922 0.574805 -3.09788e-17
v 0.0509595 -0.267159 0.240284
vn -0.436407 0.599574 -2.67222e-17
v 0.0592145 -0.264219 0.291077
vn -0.505922 0.574805 -3.09788e-17
v 0.0509595 -0.267159 0.240284
vn -0.435876 0.599746 -2.66897e-17
v 0.0423815 -0.269656 0.240284
vn -0.363628 0.620761 -2.22658e-17
v 0.0509595 -0.267159 0.291077
vn -0.435876 0.599746 -2.66897e-17
v -0.208738 -0.200163 0.240284
vn -6.12323e-17 3.7494e-33 1
v -0.213565 -0.197696 0.240284
vn -0.385915 -0.614757 -2.36305e-17
v -0.213565 -0.197696 -0.291077
vn -0.385915 -0.614757 -2.36305e-17
v -0.210907 -0.198719 0.240284
vn -0.606336 -0.52991 -3.71274e-17
v -0.213565 -0.197696 -0.291077
vn -6.12323e-17 3.7494e-33 1
v -0.216527 -0.197167 -0.291077
vn -6.12323e-17 3.7494e-33 1
v -0.210907 -0.198719 -0.291077
vn -6.12323e-17 3.7494e-33 1
v -0.219596 -0.197167 -0.291077
vn -6.12323e-17 3.7494e-33 1
v -0.208738 -0.200163 -0.291077
vn -6.12323e-17 3.7494e-33 1
v -0.207205 -0.201936 -0.291077
vn -0.925208 -0.252865 -5.66526e-17
v -0.206411 -0.203909 -0.291077
vn -0.99104 -0.0890029 -6.06837e-17
v -0.207205 -0.201936 0.240284
vn -0.925208 -0.252865 -5.66526e-17
v -0.206411 -0.203909 0.240284
vn -0.991896 -0.0846655 -6.07361e-17
v -0.0515545 -0.25205 0.240284
vn -6.12323e-17 3.7494e-33 1
v -0.207208 -0.207928 0.240284
vn -6.12323e-17 3.7494e-33 1
v -0.0501225 -0.250399 0.240284
vn -6.12323e-17 3.7494e-33 1
v -0.206412 -0.205954 0.240284
vn -6.12323e-17 3.7494e-33 1
v 0.0050675 -0.264298 0.285215
vn 0.0540364 -0.665406 3.30878e-18
v 0.0423815 -0.269656 0.291077
vn -0.363628 0.620761 -2.22658e-17
v 0.0423815 -0.269656 0.291077
vn 6.12323e-17 -3.7494e-33 -1
v -0.0347415 -0.24905 0.240284
vn -6.12323e-17 3.7494e-33 1
v -0.207205 -0.201936 0.240284
vn -6.12323e-17 3.7494e-33 1
v 0.0050675 -0.264298 0.291077
vn 0.0540963 -0.665404 3.31244e-18
v 0.0050675 -0.264298 0.285215
vn 0.0540963 -0.665404 3.31244e-18
v 0.0131255 -0.263791 0.291077
vn 0.13311 -0.660449 8.15061e-18
v -0.0327175 -0.250399 0.240284
vn -6.12323e-17 3.7494e-33 1
v -0.0305455 -0.255806 -0.291077
vn -6.12323e-17 3.7494e-33 1
v -0.0501225 -0.250399 -0.291077
vn -6.12323e-17 3.7494e-33 1
v -0.221198 -0.19793 0.285215
vn -0.932019 -0.241502 -5.70697e-17
v -0.221198 -0.19793 0.281308
vn -0.932019 -0.241502 -5.70697e-17
v -0.219428 -0.200334 0.285215
vn -0.857539 -0.342798 -5.25091e-17
v 0.0050675 -0.264298 0.285215
vn 6.12323e-17 -3.7494e-33 -1
v -0.0240505 -0.25744 0.285215
vn -0.222087 -0.649738 -1.35989e-17
v -0.0240505 -0.25744 0.281308
vn -0.222087 -0.649738 -1.35989e-17
v -0.0177545 -0.258394 0.285215
vn -0.183208 -0.6551 -1.12183e-17
v -0.219428 -0.200334 0.281308
vn -0.857539 -0.342798 -5.25091e-17
v -0.214207 -0.204382 0.281308
vn 6.12323e-17 -3.7494e-33 -1
v -0.217075 -0.202508 0.281308
vn 6.12323e-17 -3.7494e-33 -1
v -0.0177545 -0.258394 0.281308
vn 6.12323e-17 -3.7494e-33 -1
v -0.219428 -0.200334 0.281308
vn 6.12323e-17 -3.7494e-33 -1
v -0.0103275 -0.259114 0.281308
vn 6.12323e-17 -3.7494e-33 -1
v -0.0240505 -0.25744 0.281308
vn -0.382888 -0.615598 -2.34451e-17
v -0.211332 -0.205715 0.281308
vn 6.12323e-17 -3.7494e-33 -1
v -0.0240505 -0.25744 0.281308
vn 6.12323e-17 -3.7494e-33 -1
v -0.222799 -0.192697 0.285215
vn 6.12323e-17 -3.7494e-33 -1
v -0.226762 -0.182663 0.291077
vn 6.12323e-17 -3.7494e-33 -1
v -0.229943 -0.189342 0.291077
vn -0.990525 0.0915152 -6.06522e-17
v -0.228778 -0.185912 0.291077
vn -0.953183 0.20151 -5.83656e-17
v -0.229943 -0.189342 0.285215
vn -0.990525 0.0915152 -6.06522e-17
v -0.229943 -0.189342 0.285215
vn 6.12323e-17 -3.7494e-33 -1
v -0.240971 -0.177771 0.291077
vn 6.12323e-17 -3.7494e-33 -1
v -0.240971 -0.177771 0.240284
vn 0.888237 -0.306125 5.43888e-17
v -0.236719 -0.173269 0.240284
vn 0.79865 -0.401024 4.89032e-17
v -0.240971 -0.177771 0.291077
vn 0.888237 -0.306125 5.43888e-17
v -0.236719 -0.173269 0.240284
vn -6.12323e-17 3.7494e-33 1
v 0.0642025 -0.262088 0.240284
vn -0.540025 0.560857 -3.3067e-17
v 0.0592145 -0.264219 0.240284
vn -0.506338 0.574642 -3.10043e-17
v 0.0642025 -0.262088 0.291077
vn -0.540025 0.560857 -3.3067e-17
v 0.0509595 -0.267159 0.291077
vn -0.436407 0.599574 -2.67222e-17
v 0.0592145 -0.264219 0.291077
vn -0.506338 0.574642 -3.10043e-17
v -0.210907 -0.198719 0.240284
vn -0.611519 -0.527259 -3.74447e-17
v -0.210907 -0.198719 -0.291077
vn -0.611519 -0.527259 -3.74447e-17
v -0.208738 -0.200163 0.240284
vn -0.79148 -0.407287 -4.84642e-17
v -0.210907 -0.198719 -0.291077
vn -0.606336 -0.52991 -3.71274e-17
v -0.206411 -0.203909 0.240284
vn -0.99104 -0.0890029 -6.06837e-17
v -0.207205 -0.201936 -0.291077
vn -0.922711 -0.256884 -5.64997e-17
v -0.207205 -0.201936 0.240284
vn -0.922711 -0.256884 -5.64997e-17
v -0.208738 -0.200163 -0.291077
vn -0.795487 -0.403806 -4.87095e-17
v -0.0480965 -0.24905 0.240284
vn -6.12323e-17 3.7494e-33 1
v -0.206411 -0.203909 0.240284
vn -6.12323e-17 3.7494e-33 1
v 0.0289345 -0.261512 0.291077
vn 6.12323e-17 -3.7494e-33 -1
v 0.0509595 -0.267159 0.291077
vn 6.12323e-17 -3.7494e-33 -1
v 0.0210975 -0.262861 0.291077
vn 6.12323e-17 -3.7494e-33 -1
v -0.0399875 -0.247603 0.240284
vn -6.12323e-17 3.7494e-33 1
v 0.0131255 -0.263791 0.285215
vn 0.13311 -0.660449 8.15061e-18
v -0.0305455 -0.253894 -0.291077
vn -6.12323e-17 3.7494e-33 1
v -0.0480965 -0.24905 -0.291077
vn -6.12323e-17 3.7494e-33 1
v -0.221198 -0.19793 0.285215
vn -0.932034 -0.241476 -5.70706e-17
v -0.222331 -0.195358 0.285215
vn -0.979801 -0.13326 -5.99955e-17
v -0.221198 -0.19793 0.281308
vn -0.932034 -0.241476 -5.70706e-17
v -0.0103275 -0.259114 0.285215
vn 6.12323e-17 -3.7494e-33 -1
v -0.0177545 -0.258394 0.281308
vn -0.183208 -0.6551 -1.12183e-17
v -0.221198 -0.19793 0.281308
vn 6.12323e-17 -3.7494e-33 -1
v -0.00283749 -0.25944 0.281308
vn 6.12323e-17 -3.7494e-33 -1
v -0.222331 -0.195358 0.285215
vn -0.979809 -0.133233 -5.9996e-17
v -0.222799 -0.192697 0.285215
vn -0.999494 -0.0211967 -6.12014e-17
v -0.222331 -0.195358 0.281308
vn -0.979809 -0.133233 -5.9996e-17
v -0.228778 -0.185912 0.291077
vn -0.953158 0.201562 -5.83641e-17
v -0.226762 -0.182663 0.291077
vn -0.888504 0.305781 -5.44052e-17
v -0.228778 -0.185912 0.285215
vn -0.953158 0.201562 -5.83641e-17
v -0.228778 -0.185912 0.285215
vn -0.953183 0.20151 -5.83656e-17
v -0.222586 -0.190023 0.285215
vn 6.12323e-17 -3.7494e-33 -1
v -0.223951 -0.179686 0.291077
vn 6.12323e-17 -3.7494e-33 -1
v -0.236719 -0.173269 0.291077
vn 0.79865 -0.401024 4.89032e-17
v 0.0745445 -0.257075 0.240284
vn -6.12323e-17 3.7494e-33 1
v 0.0642025 -0.262088 0.240284
vn -0.588017 0.538999 -3.60057e-17
v 0.0642025 -0.262088 0.291077
vn -0.588017 0.538999 -3.60057e-17
v 0.0745445 -0.257075 0.240284
vn -0.588017 0.538999 -3.60057e-17
v 0.0365865 -0.259756 0.291077
vn 6.12323e-17 -3.7494e-33 -1
v 0.0592145 -0.264219 0.291077
vn 6.12323e-17 -3.7494e-33 -1
v 0.0440045 -0.257598 0.291077
vn 6.12323e-17 -3.7494e-33 -1
v 0.0642025 -0.262088 0.291077
vn 6.12323e-17 -3.7494e-33 -1
v -0.208738 -0.200163 0.240284
vn -0.795487 -0.403806 -4.87095e-17
v -0.208738 -0.200163 -0.291077
vn -0.79148 -0.407287 -4.84642e-17
v -0.0428505 -0.2476 0.240284
vn -6.12323e-17 3.7494e-33 1
v -0.0456165 -0.248096 0.240284
vn -6.12323e-17 3.7494e-33 1
v 0.0131255 -0.263791 0.291077
vn 0.133168 -0.660444 8.15422e-18
v 0.0131255 -0.263791 0.285215
vn 0.133168 -0.660444 8.15422e-18
v 0.0210975 -0.262861 0.291077
vn 0.211342 -0.651327 1.2941e-17
v -0.00283749 -0.25944 0.285215
vn 6.12323e-17 -3.7494e-33 -1
v 0.0131255 -0.263791 0.285215
vn 6.12323e-17 -3.7494e-33 -1
v -0.0312855 -0.252053 -0.291077
vn -6.12323e-17 3.7494e-33 1
v -0.0456165 -0.248096 -0.291077
vn -6.12323e-17 3.7494e-33 1
v -0.0327175 -0.250399 -0.291077
vn -6.12323e-17 3.7494e-33 1
v -0.0428505 -0.2476 -0.291077
vn -6.12323e-17 3.7494e-33 1
v -0.222331 -0.195358 0.281308
vn -0.979801 -0.13326 -5.99955e-17
v -0.0177545 -0.258394 0.285215
vn -0.183175 -0.655104 -1.12162e-17
v -0.0177545 -0.258394 0.281308
vn -0.183175 -0.655104 -1.12162e-17
v -0.0103275 -0.259114 0.285215
vn -0.104618 -0.662722 -6.40601e-18
v 0.00466651 -0.259367 0.281308
vn 6.12323e-17 -3.7494e-33 -1
v -0.0103275 -0.259114 0.281308
vn -0.104618 -0.662722 -6.40601e-18
v -0.00283749 -0.25944 0.281308
vn -0.0253646 -0.666165 -1.55313e-18
v -0.00283749 -0.25944 0.285215
vn -0.0253646 -0.666165 -1.55313e-18
v -0.0103275 -0.259114 0.281308
vn -0.104582 -0.662725 -6.40378e-18
v -0.222799 -0.192697 0.281308
vn -0.999494 -0.0211967 -6.12014e-17
v -0.226762 -0.182663 0.285215
vn -0.888504 0.305781 -5.44052e-17
v -0.228778 -0.185912 0.285215
vn 6.12323e-17 -3.7494e-33 -1
v -0.222799 -0.192697 0.285215
vn -0.999495 -0.0211687 -6.12014e-17
v -0.222586 -0.190023 0.285215
vn -0.990534 0.0914739 -6.06527e-17
v -0.222799 -0.192697 0.281308
vn -0.999495 -0.0211687 -6.12014e-17
v -0.236719 -0.173269 0.291077
vn 6.12323e-17 -3.7494e-33 -1
v -0.226762 -0.182663 0.291077
vn -0.888466 0.30583 -5.44028e-17
v -0.223951 -0.179686 0.291077
vn -0.798352 0.401288 -4.88849e-17
v -0.226762 -0.182663 0.285215
vn -0.888466 0.30583 -5.44028e-17
v -0.236719 -0.173269 0.240284
vn 0.798003 -0.401596 4.88636e-17
v -0.231387 -0.169306 0.240284
vn 0.685677 -0.485061 4.19856e-17
v -0.236719 -0.173269 0.291077
vn 0.798003 -0.401596 4.88636e-17
v -0.231387 -0.169306 0.240284
vn -6.12323e-17 3.7494e-33 1
v 0.0642025 -0.262088 0.240284
vn 0.333254 -0.305475 -0.823894
v 0.0745445 -0.257075 0.240284
vn 0.333254 -0.305475 -0.823894
v 0.0670715 -0.260831 0.240566
vn 0.333254 -0.305475 -0.823894
v 0.0670715 -0.260831 0.240566
vn -0.333254 0.305475 0.823894
v 0.0745445 -0.257075 0.240284
vn -0.333254 0.305475 0.823894
v 0.0642025 -0.262088 0.240284
vn -0.333254 0.305475 0.823894
v 0.0745445 -0.257075 0.291077
vn -0.588017 0.538999 -3.60057e-17
v 0.0511415 -0.255053 0.291077
vn 6.12323e-17 -3.7494e-33 -1
v 0.0289345 -0.261512 0.291077
vn 0.288299 -0.638085 1.76532e-17
v 0.0289345 -0.261512 0.285215
vn 0.288299 -0.638085 1.76532e-17
v 0.0365865 -0.259756 0.291077
vn 0.363323 -0.620841 2.22471e-17
v 0.0210975 -0.262861 0.291077
vn 0.2114 -0.651319 1.29445e-17
v 0.0210975 -0.262861 0.285215
vn 0.2114 -0.651319 1.29445e-17
v 0.0289345 -0.261512 0.291077
vn 0.288243 -0.638096 1.76498e-17
v 0.0210975 -0.262861 0.285215
vn 0.211342 -0.651327 1.2941e-17
v -0.0372215 -0.248096 -0.291077
vn -6.12323e-17 3.7494e-33 1
v -0.0399875 -0.247603 -0.291077
vn -6.12323e-17 3.7494e-33 1
v -0.0347415 -0.24905 -0.291077
vn -6.12323e-17 3.7494e-33 1
v 0.00466651 -0.259367 0.285215
vn 6.12323e-17 -3.7494e-33 -1
v -0.222331 -0.195358 0.281308
vn 6.12323e-17 -3.7494e-33 -1
v -0.0103275 -0.259114 0.285215
vn -0.104582 -0.662725 -6.40378e-18
v 0.00466651 -0.259367 0.281308
vn 0.0540481 -0.665405 3.30949e-18
v 0.00466651 -0.259367 0.285215
vn 0.0540481 -0.665405 3.30949e-18
v -0.00283749 -0.25944 0.281308
vn -0.0253277 -0.666165 -1.55087e-18
v -0.00283749 -0.25944 0.285215
vn -0.0253277 -0.666165 -1.55087e-18
v -0.222799 -0.192697 0.281308
vn 6.12323e-17 -3.7494e-33 -1
v 0.0121395 -0.2589 0.281308
vn 6.12323e-17 -3.7494e-33 -1
v -0.226762 -0.182663 0.285215
vn 6.12323e-17 -3.7494e-33 -1
v -0.220163 -0.184935 0.285215
vn 6.12323e-17 -3.7494e-33 -1
v -0.221699 -0.187412 0.285215
vn 6.12323e-17 -3.7494e-33 -1
v -0.222586 -0.190023 0.281308
vn -0.990534 0.0914739 -6.06527e-17
v -0.220428 -0.177068 0.291077
vn 6.12323e-17 -3.7494e-33 -1
v -0.223951 -0.179686 0.285215
vn -0.798352 0.401288 -4.88849e-17
v -0.231387 -0.169306 0.291077
vn 0.685677 -0.485061 4.19856e-17
v -0.22513 -0.166 0.240284
vn -6.12323e-17 3.7494e-33 1
v 0.0745445 -0.257075 0.291077
vn -0.682123 0.487282 -4.1768e-17
v 0.102075 -0.239962 0.291077
vn -0.724221 0.459514 -4.43457e-17
v 0.0745445 -0.257075 0.240284
vn -0.682123 0.487282 -4.1768e-17
v 0.0552075 -0.253316 0.291077
vn 6.12323e-17 -3.7494e-33 -1
v 0.0745445 -0.257075 0.291077
vn 6.12323e-17 -3.7494e-33 -1
v 0.0440045 -0.257598 0.291077
vn 0.436115 -0.599669 2.67043e-17
v 0.0365865 -0.259756 0.291077
vn 0.363379 -0.620826 2.22505e-17
v 0.0440045 -0.257598 0.285215
vn 0.436115 -0.599669 2.67043e-17
v 0.0440045 -0.257598 0.291077
vn 0.436169 -0.599651 2.67076e-17
v 0.0440045 -0.257598 0.285215
vn 0.436169 -0.599651 2.67076e-17
v 0.0511415 -0.255053 0.291077
vn 0.506152 -0.574715 3.09929e-17
v 0.0365865 -0.259756 0.285215
vn 0.363323 -0.620841 2.22471e-17
v 0.0289345 -0.261512 0.285215
vn 0.288243 -0.638096 1.76498e-17
v 0.0210975 -0.262861 0.285215
vn 6.12323e-17 -3.7494e-33 -1
v 0.00466651 -0.259367 0.285215
vn 0.0540846 -0.665404 3.31173e-18
v 0.00466651 -0.259367 0.281308
vn 0.0540846 -0.665404 3.31173e-18
v 0.0121395 -0.2589 0.285215
vn 0.13312 -0.660448 8.15128e-18
v -0.0196285 -0.248192 0.281308
vn 6.12323e-17 -3.7494e-33 -1
v -0.218022 -0.182666 0.285215
vn 6.12323e-17 -3.7494e-33 -1
v -0.222586 -0.190023 0.285215
vn -0.990528 0.0915018 -6.06523e-17
v -0.221699 -0.187412 0.285215
vn -0.953176 0.201523 -5.83652e-17
v -0.222586 -0.190023 0.281308
vn -0.990528 0.0915018 -6.06523e-17
v -0.222586 -0.190023 0.281308
vn 6.12323e-17 -3.7494e-33 -1
v -0.207622 -0.194411 0.281308
vn 6.12323e-17 -3.7494e-33 -1
v -0.215144 -0.174275 0.291077
vn 6.12323e-17 -3.7494e-33 -1
v -0.223951 -0.179686 0.291077
vn -0.798302 0.401331 -4.88819e-17
v -0.220428 -0.177068 0.291077
vn -0.685314 0.485289 -4.19634e-17
v -0.223951 -0.179686 0.285215
vn -0.798302 0.401331 -4.88819e-17
v -0.223951 -0.179686 0.285215
vn 6.12323e-17 -3.7494e-33 -1
v -0.231387 -0.169306 0.291077
vn 6.12323e-17 -3.7494e-33 -1
v -0.231387 -0.169306 0.240284
vn 0.684891 -0.485554 4.19375e-17
v -0.22513 -0.166 0.240284
vn 0.621169 -0.522226 3.80356e-17
v -0.231387 -0.169306 0.291077
vn 0.684891 -0.485554 4.19375e-17
v -0.156775 -0.184665 0.240284
vn -6.12323e-17 3.7494e-33 1
v 0.102075 -0.239962 0.240284
vn -0.724221 0.459514 -4.43457e-17
v 0.0643865 -0.248869 0.291077
vn 6.12323e-17 -3.7494e-33 -1
v 0.102075 -0.239962 0.291077
vn 6.12323e-17 -3.7494e-33 -1
v 0.0365865 -0.259756 0.285215
vn 0.363379 -0.620826 2.22505e-17
v 0.0511415 -0.255053 0.291077
vn 0.506192 -0.574699 3.09953e-17
v 0.0511415 -0.255053 0.285215
vn 0.506192 -0.574699 3.09953e-17
v 0.0552075 -0.253316 0.291077
vn 0.540026 -0.560857 3.30671e-17
v 0.0511415 -0.255053 0.285215
vn 0.506152 -0.574715 3.09929e-17
v 0.0289345 -0.261512 0.285215
vn 6.12323e-17 -3.7494e-33 -1
v 0.0195325 -0.258039 0.285215
vn 6.12323e-17 -3.7494e-33 -1
v 0.0365865 -0.259756 0.285215
vn 6.12323e-17 -3.7494e-33 -1
v 0.0121395 -0.2589 0.285215
vn 6.12323e-17 -3.7494e-33 -1
v 0.0121395 -0.2589 0.281308
vn 0.13312 -0.660448 8.15128e-18
v -0.0150935 -0.248883 0.281308
vn 6.12323e-17 -3.7494e-33 -1
v -0.204337 -0.197176 0.281308
vn 6.12323e-17 -3.7494e-33 -1
v -0.220163 -0.184935 0.285215
vn -0.888475 0.305817 -5.44034e-17
v -0.218022 -0.182666 0.285215
vn -0.798339 0.401299 -4.88842e-17
v -0.220163 -0.184935 0.281308
vn -0.888475 0.305817 -5.44034e-17
v -0.221699 -0.187412 0.285215
vn -0.953164 0.20155 -5.83645e-17
v -0.220163 -0.184935 0.285215
vn -0.888495 0.305793 -5.44046e-17
v -0.221699 -0.187412 0.281308
vn -0.953164 0.20155 -5.83645e-17
v -0.221699 -0.187412 0.281308
vn -0.953176 0.201523 -5.83652e-17
v -0.208062 -0.193417 0.281308
vn 6.12323e-17 -3.7494e-33 -1
v -0.206938 -0.195341 0.281308
vn 6.12323e-17 -3.7494e-33 -1
v -0.220428 -0.177068 0.291077
vn -0.685245 0.485332 -4.19592e-17
v -0.215144 -0.174275 0.291077
vn -0.621169 0.522226 -3.80356e-17
v -0.220428 -0.177068 0.285215
vn -0.685245 0.485332 -4.19592e-17
v -0.220428 -0.177068 0.285215
vn -0.685314 0.485289 -4.19634e-17
v -0.215338 -0.180673 0.285215
vn 6.12323e-17 -3.7494e-33 -1
v -0.22513 -0.166 0.291077
vn 6.12323e-17 -3.7494e-33 -1
v -0.22513 -0.166 0.291077
vn 0.621169 -0.522226 3.80356e-17
v -0.152231 -0.185477 0.240284
vn -6.12323e-17 3.7494e-33 1
v -0.160849 -0.183096 0.240284
vn -6.12323e-17 3.7494e-33 1
v 0.102075 -0.239962 0.240284
vn -6.12323e-17 3.7494e-33 1
v -0.133227 -0.17817 0.240284
vn -6.12323e-17 3.7494e-33 1
v 0.102075 -0.239962 0.291077
vn -0.726682 0.457785 -4.44965e-17
v 0.126273 -0.220742 0.291077
vn -0.802795 0.397333 -4.9157e-17
v 0.102075 -0.239962 0.240284
vn -0.726682 0.457785 -4.44965e-17
v 0.0904925 -0.232642 0.291077
vn 6.12323e-17 -3.7494e-33 -1
v 0.0643865 -0.248869 0.291077
vn 0.588015 -0.539001 3.60056e-17
v 0.0552075 -0.253316 0.291077
vn 0.588015 -0.539001 3.60056e-17
v 0.0643865 -0.248869 0.285215
vn 0.588015 -0.539001 3.60056e-17
v 0.0338955 -0.255158 0.285215
vn 6.12323e-17 -3.7494e-33 -1
v 0.0440045 -0.257598 0.285215
vn 6.12323e-17 -3.7494e-33 -1
v 0.0552075 -0.253316 0.285215
vn 0.540026 -0.560857 3.30671e-17
v 0.0407745 -0.253155 0.285215
vn 6.12323e-17 -3.7494e-33 -1
v 0.0511415 -0.255053 0.285215
vn 6.12323e-17 -3.7494e-33 -1
v 0.0268005 -0.256789 0.285215
vn 6.12323e-17 -3.7494e-33 -1
v 0.0121395 -0.2589 0.285215
vn 0.133157 -0.660445 8.15351e-18
v 0.0121395 -0.2589 0.281308
vn 0.133157 -0.660445 8.15351e-18
v 0.0195325 -0.258039 0.285215
vn 0.211353 -0.651326 1.29417e-17
v 0.0195325 -0.258039 0.281308
vn 6.12323e-17 -3.7494e-33 -1
v -0.0196285 -0.248192 0.281308
vn -0.222088 -0.649738 -1.3599e-17
v -0.0196285 -0.248192 0.273494
vn -0.222088 -0.649738 -1.3599e-17
v -0.0150935 -0.248883 0.281308
vn -0.183216 -0.655099 -1.12187e-17
v -0.204921 -0.196907 0.281308
vn 6.12323e-17 -3.7494e-33 -1
v -0.204337 -0.197176 0.281308
vn -0.382888 -0.615598 -2.34451e-17
v -0.204337 -0.197176 0.273494
vn -0.382888 -0.615598 -2.34451e-17
v -0.0196285 -0.248192 0.281308
vn -0.382888 -0.615598 -2.34451e-17
v -0.218022 -0.182666 0.281308
vn -0.798339 0.401299 -4.88842e-17
v -0.220163 -0.184935 0.281308
vn -0.888495 0.305793 -5.44046e-17
v -0.221699 -0.187412 0.281308
vn 6.12323e-17 -3.7494e-33 -1
v -0.208159 -0.191355 0.281308
vn 6.12323e-17 -3.7494e-33 -1
v -0.208241 -0.192391 0.281308
vn 6.12323e-17 -3.7494e-33 -1
v -0.207622 -0.194411 0.281308
vn -0.932033 -0.241478 -5.70705e-17
v -0.208062 -0.193417 0.281308
vn -0.979802 -0.133257 -5.99956e-17
v -0.207622 -0.194411 0.273494
vn -0.932033 -0.241478 -5.70705e-17
v -0.206029 -0.19618 0.281308
vn 6.12323e-17 -3.7494e-33 -1
v -0.207622 -0.194411 0.281308
vn -0.932021 -0.241499 -5.70698e-17
v -0.207622 -0.194411 0.273494
vn -0.932021 -0.241499 -5.70698e-17
v -0.206938 -0.195341 0.281308
vn -0.857536 -0.342801 -5.2509e-17
v -0.215144 -0.174275 0.285215
vn -0.621169 0.522226 -3.80356e-17
v -0.220428 -0.177068 0.285215
vn 6.12323e-17 -3.7494e-33 -1
v -0.218022 -0.182666 0.285215
vn -0.798314 0.401321 -4.88826e-17
v -0.215338 -0.180673 0.285215
vn -0.685299 0.485299 -4.19625e-17
v -0.218022 -0.182666 0.281308
vn -0.798314 0.401321 -4.88826e-17
v -0.18349 -0.157074 0.291077
vn 6.12323e-17 -3.7494e-33 -1
v -0.22513 -0.166 0.240284
vn 0.632058 -0.516391 3.87024e-17
v -0.194786 -0.149509 0.240284
vn 0.703235 -0.473768 4.30607e-17
v -0.22513 -0.166 0.291077
vn 0.632058 -0.516391 3.87024e-17
v -0.147528 -0.185477 0.240284
vn -6.12323e-17 3.7494e-33 1
v -0.152231 -0.185477 0.240284
vn 0.131158 0.660622 8.03113e-18
v -0.152231 -0.185477 0.197308
vn 0.131158 0.660622 8.03113e-18
v -0.156775 -0.184665 0.240284
vn 0.382505 0.615704 2.34217e-17
v -0.164174 -0.18088 0.240284
vn -6.12323e-17 3.7494e-33 1
v -0.156775 -0.184665 0.240284
vn 0.383272 0.615491 2.34687e-17
v -0.156775 -0.184665 0.197308
vn 0.383272 0.615491 2.34687e-17
v -0.160849 -0.183096 0.240284
vn 0.608609 0.528752 3.72665e-17
v -0.132008 -0.17514 0.240284
vn -6.12323e-17 3.7494e-33 1
v -0.13558 -0.180883 0.240284
vn -6.12323e-17 3.7494e-33 1
v 0.126273 -0.220742 0.240284
vn -0.802795 0.397333 -4.9157e-17
v 0.126273 -0.220742 0.291077
vn 6.12323e-17 -3.7494e-33 -1
v 0.0643865 -0.248869 0.291077
vn 0.682123 -0.487281 4.1768e-17
v 0.0643865 -0.248869 0.285215
vn 0.682123 -0.487281 4.1768e-17
v 0.0904925 -0.232642 0.291077
vn 0.725315 -0.458747 4.44127e-17
v 0.0552075 -0.253316 0.285215
vn 0.588015 -0.539001 3.60056e-17
v 0.0552075 -0.253316 0.285215
vn 6.12323e-17 -3.7494e-33 -1
v 0.0195325 -0.258039 0.285215
vn 0.211389 -0.65132 1.29439e-17
v 0.0195325 -0.258039 0.281308
vn 0.211389 -0.65132 1.29439e-17
v 0.0268005 -0.256789 0.285215
vn 0.288253 -0.638094 1.76504e-17
v 0.0195325 -0.258039 0.281308
vn 0.211353 -0.651326 1.29417e-17
v -0.0088085 -0.249491 0.281308
vn 6.12323e-17 -3.7494e-33 -1
v -0.0150935 -0.248883 0.273494
vn -0.183216 -0.655099 -1.12187e-17
v -0.0196285 -0.248192 0.273494
vn -0.382888 -0.615598 -2.34451e-17
v -0.204921 -0.196907 0.281308
vn -0.637616 -0.513348 -3.90427e-17
v -0.204921 -0.196907 0.273494
vn -0.637616 -0.513348 -3.90427e-17
v -0.204337 -0.197176 0.281308
vn -0.570118 -0.547472 -3.49097e-17
v -0.204337 -0.197176 0.273494
vn -0.570118 -0.547472 -3.49097e-17
v -0.220163 -0.184935 0.281308
vn 6.12323e-17 -3.7494e-33 -1
v -0.218022 -0.182666 0.281308
vn 6.12323e-17 -3.7494e-33 -1
v -0.205357 -0.18774 0.281308
vn 6.12323e-17 -3.7494e-33 -1
v -0.207222 -0.189388 0.281308
vn 6.12323e-17 -3.7494e-33 -1
v -0.207816 -0.190345 0.281308
vn 6.12323e-17 -3.7494e-33 -1
v -0.208062 -0.193417 0.281308
vn -0.979808 -0.133235 -5.9996e-17
v -0.208241 -0.192391 0.281308
vn -0.999494 -0.0211934 -6.12014e-17
v -0.208062 -0.193417 0.273494
vn -0.979808 -0.133235 -5.9996e-17
v -0.208062 -0.193417 0.273494
vn -0.979802 -0.133257 -5.99956e-17
v -0.206938 -0.195341 0.281308
vn -0.85752 -0.342819 -5.25079e-17
v -0.206938 -0.195341 0.273494
vn -0.85752 -0.342819 -5.25079e-17
v -0.206029 -0.19618 0.281308
vn -0.758458 -0.434294 -4.64421e-17
v -0.206938 -0.195341 0.273494
vn -0.857536 -0.342801 -5.2509e-17
v -0.215144 -0.174275 0.285215
vn 6.12323e-17 -3.7494e-33 -1
v -0.210506 -0.17812 0.285215
vn 6.12323e-17 -3.7494e-33 -1
v -0.215144 -0.174275 0.291077
vn -0.632058 0.516391 -3.87024e-17
v -0.18349 -0.157074 0.291077
vn -0.705103 0.472533 -4.31751e-17
v -0.215144 -0.174275 0.285215
vn -0.632058 0.516391 -3.87024e-17
v -0.215338 -0.180673 0.281308
vn -0.685299 0.485299 -4.19625e-17
v -0.194786 -0.149509 0.291077
vn 6.12323e-17 -3.7494e-33 -1
v -0.194786 -0.149509 0.291077
vn 0.703235 -0.473768 4.30607e-17
v -0.152223 -0.161666 0.240284
vn -6.12323e-17 3.7494e-33 1
v -0.194786 -0.149509 0.240284
vn -6.12323e-17 3.7494e-33 1
v -0.142982 -0.184665 0.240284
vn -6.12323e-17 3.7494e-33 1
v -0.147528 -0.185477 0.240284
vn -0.129895 0.660734 -7.9538e-18
v -0.147528 -0.185477 0.197308
vn -0.129895 0.660734 -7.9538e-18
v -0.152231 -0.185477 0.240284
vn 0.130334 0.660695 7.98064e-18
v -0.156775 -0.184665 0.197308
vn 0.382505 0.615704 2.34217e-17
v -0.152231 -0.185477 0.197308
vn 0.130334 0.660695 7.98064e-18
v -0.166526 -0.178163 0.240284
vn -6.12323e-17 3.7494e-33 1
v -0.160849 -0.183096 0.240284
vn 0.609267 0.528415 3.73069e-17
v -0.160849 -0.183096 0.197308
vn 0.609267 0.528415 3.73069e-17
v -0.164174 -0.18088 0.240284
vn 0.793235 0.405769 4.85716e-17
v -0.160849 -0.183096 0.197308
vn 0.608609 0.528752 3.72665e-17
v -0.132007 -0.172006 0.240284
vn -6.12323e-17 3.7494e-33 1
v -0.133227 -0.17817 0.240284
vn -0.923954 0.254893 -5.65758e-17
v -0.132008 -0.17514 0.240284
vn -0.991361 0.0874009 -6.07034e-17
v -0.133227 -0.17817 0.197308
vn -0.923954 0.254893 -5.65758e-17
v -0.138908 -0.1831 0.240284
vn -6.12323e-17 3.7494e-33 1
v -0.133227 -0.17817 0.240284
vn -0.923635 0.255405 -5.65563e-17
v -0.133227 -0.17817 0.197308
vn -0.923635 0.255405 -5.65563e-17
v -0.13558 -0.180883 0.240284
vn -0.79347 0.405564 -4.8586e-17
v 0.126273 -0.220742 0.240284
vn -6.12323e-17 3.7494e-33 1
v -0.142975 -0.162478 0.240284
vn -6.12323e-17 3.7494e-33 1
v 0.126273 -0.220742 0.291077
vn -0.804921 0.395417 -4.92872e-17
v 0.146781 -0.199702 0.291077
vn -0.86942 0.329241 -5.32366e-17
v 0.126273 -0.220742 0.240284
vn -0.804921 0.395417 -4.92872e-17
v 0.11344 -0.214414 0.291077
vn 6.12323e-17 -3.7494e-33 -1
v 0.0904925 -0.232642 0.285215
vn 0.725315 -0.458747 4.44127e-17
v 0.0510295 -0.249244 0.285215
vn 6.12323e-17 -3.7494e-33 -1
v 0.0643865 -0.248869 0.285215
vn 6.12323e-17 -3.7494e-33 -1
v 0.0338955 -0.255158 0.285215
vn 0.363368 -0.620829 2.22499e-17
v 0.0338955 -0.255158 0.281308
vn 0.363368 -0.620829 2.22499e-17
v 0.0407745 -0.253155 0.285215
vn 0.436125 -0.599665 2.6705e-17
v 0.0268005 -0.256789 0.285215
vn 0.288289 -0.638087 1.76526e-17
v 0.0268005 -0.256789 0.281308
vn 0.288289 -0.638087 1.76526e-17
v 0.0338955 -0.255158 0.285215
vn 0.363334 -0.620838 2.22478e-17
v 0.0473925 -0.250796 0.285215
vn 6.12323e-17 -3.7494e-33 -1
v 0.0268005 -0.256789 0.281308
vn 0.288253 -0.638094 1.76504e-17
v -0.00246949 -0.249767 0.281308
vn 6.12323e-17 -3.7494e-33 -1
v -0.0150935 -0.248883 0.281308
vn -0.183162 -0.655106 -1.12155e-17
v -0.0150935 -0.248883 0.273494
vn -0.183162 -0.655106 -1.12155e-17
v -0.0088085 -0.249491 0.281308
vn -0.104631 -0.662721 -6.40678e-18
v -0.0196285 -0.248192 0.273494
vn 6.12323e-17 -3.7494e-33 -1
v -0.206029 -0.19618 0.273494
vn 6.12323e-17 -3.7494e-33 -1
v -0.0150935 -0.248883 0.273494
vn 6.12323e-17 -3.7494e-33 -1
v -0.204337 -0.197176 0.273494
vn 6.12323e-17 -3.7494e-33 -1
v -0.204921 -0.196907 0.273494
vn 6.12323e-17 -3.7494e-33 -1
v -0.206029 -0.19618 0.281308
vn -0.758437 -0.434311 -4.64408e-17
v -0.206029 -0.19618 0.273494
vn -0.758437 -0.434311 -4.64408e-17
v -0.204921 -0.196907 0.281308
vn -0.637634 -0.513338 -3.90438e-17
v -0.204921 -0.196907 0.273494
vn -0.637634 -0.513338 -3.90438e-17
v -0.201412 -0.185655 0.281308
vn 6.12323e-17 -3.7494e-33 -1
v -0.206395 -0.18851 0.281308
vn 6.12323e-17 -3.7494e-33 -1
v -0.208159 -0.191355 0.281308
vn -0.990528 0.0914985 -6.06524e-17
v -0.207816 -0.190345 0.281308
vn -0.953175 0.201526 -5.83651e-17
v -0.208159 -0.191355 0.273494
vn -0.990528 0.0914985 -6.06524e-17
v -0.208241 -0.192391 0.281308
vn -0.999495 -0.0211719 -6.12014e-17
v -0.208159 -0.191355 0.281308
vn -0.990533 0.0914772 -6.06527e-17
v -0.208241 -0.192391 0.273494
vn -0.999495 -0.0211719 -6.12014e-17
v -0.208241 -0.192391 0.273494
vn -0.999494 -0.0211934 -6.12014e-17
v -0.207622 -0.194411 0.273494
vn 6.12323e-17 -3.7494e-33 -1
v -0.208062 -0.193417 0.273494
vn 6.12323e-17 -3.7494e-33 -1
v -0.0088085 -0.249491 0.273494
vn 6.12323e-17 -3.7494e-33 -1
v -0.206029 -0.19618 0.273494
vn -0.758458 -0.434294 -4.64421e-17
v -0.206938 -0.195341 0.273494
vn 6.12323e-17 -3.7494e-33 -1
v -0.178245 -0.160587 0.285215
vn 6.12323e-17 -3.7494e-33 -1
v -0.18349 -0.157074 0.285215
vn -0.705103 0.472533 -4.31751e-17
v -0.215338 -0.180673 0.285215
vn -0.68526 0.485323 -4.19601e-17
v -0.210506 -0.17812 0.285215
vn -0.621169 0.522226 -3.80356e-17
v -0.215338 -0.180673 0.281308
vn -0.68526 0.485323 -4.19601e-17
v -0.215338 -0.180673 0.281308
vn 6.12323e-17 -3.7494e-33 -1
v -0.156585 -0.135311 0.291077
vn 6.12323e-17 -3.7494e-33 -1
v -0.194786 -0.149509 0.240284
vn 0.707491 -0.470945 4.33213e-17
v -0.169888 -0.129371 0.240284
vn 0.829049 -0.372623 5.07646e-17
v -0.194786 -0.149509 0.291077
vn 0.707491 -0.470945 4.33213e-17
v -0.147519 -0.161666 0.240284
vn -6.12323e-17 3.7494e-33 1
v -0.156769 -0.162475 0.240284
vn -6.12323e-17 3.7494e-33 1
v -0.142982 -0.184665 0.240284
vn -0.382096 0.615816 -2.33966e-17
v -0.142982 -0.184665 0.197308
vn -0.382096 0.615816 -2.33966e-17
v -0.147528 -0.185477 0.240284
vn -0.13072 0.660661 -8.00428e-18
v -0.147528 -0.185477 0.197308
vn -0.13072 0.660661 -8.00428e-18
v -0.160849 -0.183096 0.197308
vn 6.12323e-17 -3.7494e-33 -1
v -0.152231 -0.185477 0.197308
vn 6.12323e-17 -3.7494e-33 -1
v -0.156775 -0.184665 0.197308
vn 6.12323e-17 -3.7494e-33 -1
v -0.156775 -0.184665 0.197308
vn -6.12323e-17 3.7494e-33 1
v -0.152231 -0.185477 0.197308
vn -6.12323e-17 3.7494e-33 1
v -0.160849 -0.183096 0.197308
vn -6.12323e-17 3.7494e-33 1
v -0.164174 -0.18088 0.197308
vn 6.12323e-17 -3.7494e-33 -1
v -0.147528 -0.185477 0.197308
vn 6.12323e-17 -3.7494e-33 -1
v -0.147528 -0.185477 0.197308
vn -6.12323e-17 3.7494e-33 1
v -0.164174 -0.18088 0.197308
vn -6.12323e-17 3.7494e-33 1
v -0.167742 -0.175134 0.240284
vn -6.12323e-17 3.7494e-33 1
v -0.164174 -0.18088 0.240284
vn 0.793741 0.405329 4.86026e-17
v -0.164174 -0.18088 0.197308
vn 0.793741 0.405329 4.86026e-17
v -0.166526 -0.178163 0.240284
vn 0.923806 0.255131 5.65668e-17
v -0.164174 -0.18088 0.197308
vn 0.793235 0.405769 4.85716e-17
v -0.133225 -0.168977 0.240284
vn -6.12323e-17 3.7494e-33 1
v -0.132007 -0.172006 0.240284
vn -0.991528 -0.0865593 -6.07136e-17
v -0.132007 -0.172006 0.197308
vn -0.991528 -0.0865593 -6.07136e-17
v -0.132008 -0.17514 0.240284
vn -0.99147 0.0868519 -6.071e-17
v -0.132008 -0.17514 0.197308
vn -0.991361 0.0874009 -6.07034e-17
v -0.138908 -0.1831 0.240284
vn -0.608916 0.528595 -3.72854e-17
v -0.13558 -0.180883 0.240284
vn -0.792965 0.406003 -4.85551e-17
v -0.138908 -0.1831 0.197308
vn -0.608916 0.528595 -3.72854e-17
v -0.13558 -0.180883 0.197308
vn -0.79347 0.405564 -4.8586e-17
v -0.138902 -0.164043 0.240284
vn -6.12323e-17 3.7494e-33 1
v 0.146781 -0.199702 0.240284
vn -0.86942 0.329241 -5.32366e-17
v 0.146781 -0.199702 0.291077
vn 6.12323e-17 -3.7494e-33 -1
v 0.11344 -0.214414 0.291077
vn 0.80374 -0.396483 4.92149e-17
v 0.0904925 -0.232642 0.291077
vn 0.725591 -0.458553 4.44297e-17
v 0.11344 -0.214414 0.285215
vn 0.80374 -0.396483 4.92149e-17
v 0.0904925 -0.232642 0.285215
vn 0.725591 -0.458553 4.44297e-17
v 0.0596695 -0.245058 0.285215
vn 6.12323e-17 -3.7494e-33 -1
v 0.0904925 -0.232642 0.285215
vn 6.12323e-17 -3.7494e-33 -1
v 0.0407745 -0.253155 0.281308
vn 0.436125 -0.599665 2.6705e-17
v 0.0338955 -0.255158 0.281308
vn 0.363334 -0.620838 2.22478e-17
v 0.0407745 -0.253155 0.285215
vn 0.436158 -0.599655 2.6707e-17
v 0.0407745 -0.253155 0.281308
vn 0.436158 -0.599655 2.6707e-17
v 0.0473925 -0.250796 0.285215
vn 0.506161 -0.574711 3.09935e-17
v 0.0268005 -0.256789 0.281308
vn 6.12323e-17 -3.7494e-33 -1
v -0.0088085 -0.249491 0.281308
vn -0.104569 -0.662726 -6.40301e-18
v -0.0088085 -0.249491 0.273494
vn -0.104569 -0.662726 -6.40301e-18
v -0.00246949 -0.249767 0.281308
vn -0.0253773 -0.666165 -1.55391e-18
v -0.0088085 -0.249491 0.273494
vn -0.104631 -0.662721 -6.40678e-18
v -0.205357 -0.18774 0.281308
vn -0.685246 0.485332 -4.19592e-17
v -0.201412 -0.185655 0.281308
vn -0.621169 0.522226 -3.80356e-17
v -0.205357 -0.18774 0.273494
vn -0.685246 0.485332 -4.19592e-17
v -0.206395 -0.18851 0.281308
vn -0.798317 0.401319 -4.88828e-17
v -0.205357 -0.18774 0.281308
vn -0.685296 0.485301 -4.19622e-17
v -0.206395 -0.18851 0.273494
vn -0.798317 0.401319 -4.88828e-17
v -0.207222 -0.189388 0.281308
vn -0.888478 0.305815 -5.44036e-17
v -0.206395 -0.18851 0.281308
vn -0.798337 0.401301 -4.8884e-17
v -0.207222 -0.189388 0.273494
vn -0.888478 0.305815 -5.44036e-17
v -0.207816 -0.190345 0.281308
vn -0.953165 0.201546 -5.83645e-17
v -0.207222 -0.189388 0.281308
vn -0.888492 0.305795 -5.44045e-17
v -0.207816 -0.190345 0.273494
vn -0.953165 0.201546 -5.83645e-17
v -0.207816 -0.190345 0.273494
vn -0.953175 0.201526 -5.83651e-17
v -0.208159 -0.191355 0.273494
vn -0.990533 0.0914772 -6.06527e-17
v -0.208241 -0.192391 0.273494
vn 6.12323e-17 -3.7494e-33 -1
v -0.00246949 -0.249767 0.273494
vn 6.12323e-17 -3.7494e-33 -1
v -0.18349 -0.157074 0.285215
vn 6.12323e-17 -3.7494e-33 -1
v -0.210506 -0.17812 0.285215
vn -0.632059 0.516391 -3.87024e-17
v -0.178245 -0.160587 0.285215
vn -0.705187 0.472477 -4.31803e-17
v -0.210506 -0.17812 0.281308
vn -0.632059 0.516391 -3.87024e-17
v -0.18349 -0.157074 0.291077
vn -0.705639 0.472177 -4.32079e-17
v -0.156585 -0.135311 0.291077
vn -0.83051 0.371176 -5.08541e-17
v -0.18349 -0.157074 0.285215
vn -0.705639 0.472177 -4.32079e-17
v -0.210506 -0.17812 0.281308
vn -0.621169 0.522226 -3.80356e-17
v -0.210506 -0.17812 0.281308
vn 6.12323e-17 -3.7494e-33 -1
v -0.169888 -0.129371 0.291077
vn 6.12323e-17 -3.7494e-33 -1
v -0.169888 -0.129371 0.291077
vn 0.829049 -0.372623 5.07646e-17
v -0.169888 -0.129371 0.240284
vn -6.12323e-17 3.7494e-33 1
v -0.152223 -0.161666 0.240284
vn 0.129895 -0.660734 7.9538e-18
v -0.152223 -0.161666 0.197308
vn 0.129895 -0.660734 7.9538e-18
v -0.147519 -0.161666 0.240284
vn -0.130334 -0.660695 -7.98064e-18
v -0.156769 -0.162475 0.240284
vn 0.382093 -0.615817 2.33964e-17
v -0.156769 -0.162475 0.197308
vn 0.382093 -0.615817 2.33964e-17
v -0.152223 -0.161666 0.240284
vn 0.130717 -0.660662 8.00408e-18
v -0.160842 -0.16404 0.240284
vn -6.12323e-17 3.7494e-33 1
v -0.142982 -0.184665 0.240284
vn -0.382861 0.615605 -2.34435e-17
v -0.138908 -0.1831 0.240284
vn -0.608256 0.528932 -3.72449e-17
v -0.142982 -0.184665 0.197308
vn -0.382861 0.615605 -2.34435e-17
v -0.166526 -0.178163 0.197308
vn 6.12323e-17 -3.7494e-33 -1
v -0.142982 -0.184665 0.197308
vn 6.12323e-17 -3.7494e-33 -1
v -0.142982 -0.184665 0.197308
vn -6.12323e-17 3.7494e-33 1
v -0.166526 -0.178163 0.197308
vn -6.12323e-17 3.7494e-33 1
v -0.167741 -0.171999 0.240284
vn -6.12323e-17 3.7494e-33 1
v -0.167742 -0.175134 0.240284
vn 0.99142 0.0871077 6.07069e-17
v -0.166526 -0.178163 0.240284
vn 0.924124 0.254619 5.65862e-17
v -0.167742 -0.175134 0.197308
vn 0.99142 0.0871077 6.07069e-17
v -0.166526 -0.178163 0.197308
vn 0.923806 0.255131 5.65668e-17
v -0.135575 -0.166264 0.240284
vn -6.12323e-17 3.7494e-33 1
v -0.133225 -0.168977 0.240284
vn -0.924123 -0.25462 -5.65862e-17
v -0.133225 -0.168977 0.197308
vn -0.924123 -0.25462 -5.65862e-17
v -0.132007 -0.172006 0.240284
vn -0.99142 -0.0871084 -6.07069e-17
v -0.132008 -0.17514 0.197308
vn -0.99147 0.0868519 -6.071e-17
v -0.132007 -0.172006 0.197308
vn -0.99142 -0.0871084 -6.07069e-17
v -0.164169 -0.166257 0.197308
vn 6.12323e-17 -3.7494e-33 -1
v -0.132008 -0.17514 0.197308
vn 6.12323e-17 -3.7494e-33 -1
v -0.133227 -0.17817 0.197308
vn 6.12323e-17 -3.7494e-33 -1
v -0.133227 -0.17817 0.197308
vn -6.12323e-17 3.7494e-33 1
v -0.132008 -0.17514 0.197308
vn -6.12323e-17 3.7494e-33 1
v -0.164169 -0.166257 0.197308
vn -6.12323e-17 3.7494e-33 1
v -0.13558 -0.180883 0.197308
vn -0.792965 0.406003 -4.85551e-17
v -0.138908 -0.1831 0.197308
vn -0.608256 0.528932 -3.72449e-17
v -0.166524 -0.168974 0.197308
vn 6.12323e-17 -3.7494e-33 -1
v -0.13558 -0.180883 0.197308
vn 6.12323e-17 -3.7494e-33 -1
v -0.13558 -0.180883 0.197308
vn -6.12323e-17 3.7494e-33 1
v -0.166524 -0.168974 0.197308
vn -6.12323e-17 3.7494e-33 1
v -0.142975 -0.162478 0.240284
vn -0.38327 -0.615492 -2.34685e-17
v -0.142975 -0.162478 0.197308
vn -0.38327 -0.615492 -2.34685e-17
v -0.138902 -0.164043 0.240284
vn -0.608607 -0.528753 -3.72664e-17
v 0.146781 -0.199702 0.240284
vn -6.12323e-17 3.7494e-33 1
v 0.146781 -0.199702 0.291077
vn -0.87118 0.327167 -5.33444e-17
v 0.163291 -0.177156 0.291077
vn -0.923108 0.256249 -5.65241e-17
v 0.146781 -0.199702 0.240284
vn -0.87118 0.327167 -5.33444e-17
v 0.132886 -0.194463 0.291077
vn 6.12323e-17 -3.7494e-33 -1
v 0.11344 -0.214414 0.285215
vn 0.803979 -0.396268 4.92295e-17
v 0.132886 -0.194463 0.285215
vn 0.870203 -0.328321 5.32846e-17
v 0.11344 -0.214414 0.291077
vn 0.803979 -0.396268 4.92295e-17
v 0.0851135 -0.22924 0.285215
vn 6.12323e-17 -3.7494e-33 -1
v 0.11344 -0.214414 0.285215
vn 6.12323e-17 -3.7494e-33 -1
v 0.0596695 -0.245058 0.285215
vn 0.588015 -0.539001 3.60056e-17
v 0.0510295 -0.249244 0.285215
vn 0.588015 -0.539001 3.60056e-17
v 0.0596695 -0.245058 0.281308
vn 0.588015 -0.539001 3.60056e-17
v 0.0473925 -0.250796 0.285215
vn 0.506186 -0.574701 3.0995e-17
v 0.0473925 -0.250796 0.281308
vn 0.506186 -0.574701 3.0995e-17
v 0.0510295 -0.249244 0.285215
vn 0.540026 -0.560857 3.30671e-17
v 0.0338955 -0.255158 0.281308
vn 6.12323e-17 -3.7494e-33 -1
v 0.0164625 -0.24858 0.281308
vn 6.12323e-17 -3.7494e-33 -1
v 0.0407745 -0.253155 0.281308
vn 6.12323e-17 -3.7494e-33 -1
v 0.0102065 -0.24931 0.281308
vn 6.12323e-17 -3.7494e-33 -1
v 0.0473925 -0.250796 0.281308
vn 0.506161 -0.574711 3.09935e-17
v 0.00388151 -0.249705 0.281308
vn 6.12323e-17 -3.7494e-33 -1
v -0.00246949 -0.249767 0.273494
vn -0.0253773 -0.666165 -1.55391e-18
v -0.201412 -0.185655 0.273494
vn -0.621169 0.522226 -3.80356e-17
v -0.205357 -0.18774 0.273494
vn -0.685296 0.485301 -4.19622e-17
v -0.206395 -0.18851 0.273494
vn -0.798337 0.401301 -4.8884e-17
v -0.207222 -0.189388 0.273494
vn -0.888492 0.305795 -5.44045e-17
v -0.208159 -0.191355 0.273494
vn 6.12323e-17 -3.7494e-33 -1
v -0.207816 -0.190345 0.273494
vn 6.12323e-17 -3.7494e-33 -1
v 0.00388151 -0.249705 0.273494
vn 6.12323e-17 -3.7494e-33 -1
v -0.150407 -0.138067 0.285215
vn 6.12323e-17 -3.7494e-33 -1
v -0.178245 -0.160587 0.281308
vn -0.705187 0.472477 -4.31803e-17
v -0.156585 -0.135311 0.285215
vn -0.83051 0.371176 -5.08541e-17
v -0.167958 -0.167474 0.281308
vn 6.12323e-17 -3.7494e-33 -1
v -0.136609 -0.110453 0.291077
vn 6.12323e-17 -3.7494e-33 -1
v -0.169888 -0.129371 0.240284
vn 0.832391 -0.3693 5.09693e-17
v -0.151402 -0.106368 0.240284
vn 0.922641 -0.256996 5.64955e-17
v -0.169888 -0.129371 0.291077
vn 0.832391 -0.3693 5.09693e-17
v -0.147519 -0.161666 0.240284
vn -0.131158 -0.660622 -8.03113e-18
v -0.147519 -0.161666 0.197308
vn -0.131158 -0.660622 -8.03113e-18
v -0.142975 -0.162478 0.240284
vn -0.382505 -0.615704 -2.34217e-17
v -0.147519 -0.161666 0.197308
vn -0.130334 -0.660695 -7.98064e-18
v -0.152223 -0.161666 0.197308
vn 0.130717 -0.660662 8.00408e-18
v -0.156769 -0.162475 0.240284
vn 0.382861 -0.615605 2.34435e-17
v -0.160842 -0.16404 0.240284
vn 0.608256 -0.528932 3.72449e-17
v -0.156769 -0.162475 0.197308
vn 0.382861 -0.615605 2.34435e-17
v -0.164169 -0.166257 0.240284
vn -6.12323e-17 3.7494e-33 1
v -0.167742 -0.175134 0.197308
vn 6.12323e-17 -3.7494e-33 -1
v -0.167742 -0.175134 0.197308
vn -6.12323e-17 3.7494e-33 1
v -0.166524 -0.168974 0.240284
vn -6.12323e-17 3.7494e-33 1
v -0.167741 -0.171999 0.240284
vn 0.99147 -0.0868519 6.071e-17
v -0.167742 -0.175134 0.240284
vn 0.991528 0.0865593 6.07136e-17
v -0.167741 -0.171999 0.197308
vn 0.99147 -0.0868519 6.071e-17
v -0.166526 -0.178163 0.197308
vn 0.924124 0.254619 5.65862e-17
v -0.167742 -0.175134 0.197308
vn 0.991528 0.0865593 6.07136e-17
v -0.135575 -0.166264 0.240284
vn -0.79374 -0.40533 -4.86026e-17
v -0.135575 -0.166264 0.197308
vn -0.79374 -0.40533 -4.86026e-17
v -0.133225 -0.168977 0.240284
vn -0.923805 -0.255132 -5.65668e-17
v -0.133225 -0.168977 0.197308
vn -0.923805 -0.255132 -5.65668e-17
v -0.160842 -0.16404 0.197308
vn 6.12323e-17 -3.7494e-33 -1
v -0.132007 -0.172006 0.197308
vn 6.12323e-17 -3.7494e-33 -1
v -0.132007 -0.172006 0.197308
vn -6.12323e-17 3.7494e-33 1
v -0.160842 -0.16404 0.197308
vn -6.12323e-17 3.7494e-33 1
v -0.156769 -0.162475 0.197308
vn 6.12323e-17 -3.7494e-33 -1
v -0.133225 -0.168977 0.197308
vn 6.12323e-17 -3.7494e-33 -1
v -0.133225 -0.168977 0.197308
vn -6.12323e-17 3.7494e-33 1
v -0.156769 -0.162475 0.197308
vn -6.12323e-17 3.7494e-33 1
v -0.138908 -0.1831 0.197308
vn 6.12323e-17 -3.7494e-33 -1
v -0.138908 -0.1831 0.197308
vn -6.12323e-17 3.7494e-33 1
v -0.167741 -0.171999 0.197308
vn 6.12323e-17 -3.7494e-33 -1
v -0.167741 -0.171999 0.197308
vn -6.12323e-17 3.7494e-33 1
v -0.138902 -0.164043 0.240284
vn -0.609269 -0.528414 -3.7307e-17
v -0.138902 -0.164043 0.197308
vn -0.609269 -0.528414 -3.7307e-17
v -0.135575 -0.166264 0.240284
vn -0.793236 -0.405768 -4.85717e-17
v -0.138902 -0.164043 0.197308
vn -0.608607 -0.528753 -3.72664e-17
v -0.142975 -0.162478 0.197308
vn -0.382505 -0.615704 -2.34217e-17
v -0.151402 -0.106368 0.240284
vn -6.12323e-17 3.7494e-33 1
v 0.163291 -0.177156 0.240284
vn -0.923108 0.256249 -5.65241e-17
v 0.148542 -0.173081 0.291077
vn 6.12323e-17 -3.7494e-33 -1
v 0.163291 -0.177156 0.291077
vn 6.12323e-17 -3.7494e-33 -1
v 0.132886 -0.194463 0.291077
vn 0.870203 -0.328321 5.32846e-17
v 0.10748 -0.211477 0.285215
vn 6.12323e-17 -3.7494e-33 -1
v 0.132886 -0.194463 0.285215
vn 6.12323e-17 -3.7494e-33 -1
v 0.0596695 -0.245058 0.285215
vn 0.682123 -0.487281 4.1768e-17
v 0.0596695 -0.245058 0.281308
vn 0.682123 -0.487281 4.1768e-17
v 0.0851135 -0.22924 0.285215
vn 0.725363 -0.458713 4.44157e-17
v 0.0510295 -0.249244 0.281308
vn 0.588015 -0.539001 3.60056e-17
v 0.0510295 -0.249244 0.281308
vn 0.540026 -0.560857 3.30671e-17
v 0.0226135 -0.247521 0.281308
vn 6.12323e-17 -3.7494e-33 -1
v 0.0286175 -0.246139 0.281308
vn 6.12323e-17 -3.7494e-33 -1
v 0.0473925 -0.250796 0.281308
vn 6.12323e-17 -3.7494e-33 -1
v -0.00246949 -0.249767 0.281308
vn -0.0253148 -0.666166 -1.55009e-18
v -0.00246949 -0.249767 0.273494
vn -0.0253148 -0.666166 -1.55009e-18
v 0.00388151 -0.249705 0.281308
vn 0.0540356 -0.665406 3.30873e-18
v -0.205357 -0.18774 0.273494
vn 6.12323e-17 -3.7494e-33 -1
v -0.201412 -0.185655 0.273494
vn 6.12323e-17 -3.7494e-33 -1
v 0.0164625 -0.24858 0.273494
vn 6.12323e-17 -3.7494e-33 -1
v -0.201412 -0.185655 0.281308
vn -0.632058 0.516391 -3.87024e-17
v -0.167958 -0.167474 0.281308
vn -0.704996 0.472603 -4.31686e-17
v -0.201412 -0.185655 0.273494
vn -0.632058 0.516391 -3.87024e-17
v -0.206395 -0.18851 0.273494
vn 6.12323e-17 -3.7494e-33 -1
v 0.0102065 -0.24931 0.273494
vn 6.12323e-17 -3.7494e-33 -1
v -0.207222 -0.189388 0.273494
vn 6.12323e-17 -3.7494e-33 -1
v -0.156585 -0.135311 0.285215
vn 6.12323e-17 -3.7494e-33 -1
v -0.178245 -0.160587 0.285215
vn -0.705555 0.472233 -4.32028e-17
v -0.150407 -0.138067 0.285215
vn -0.830576 0.37111 -5.08581e-17
v -0.178245 -0.160587 0.281308
vn -0.705555 0.472233 -4.32028e-17
v -0.178245 -0.160587 0.281308
vn 6.12323e-17 -3.7494e-33 -1
v -0.156585 -0.135311 0.291077
vn -0.830938 0.37075 -5.08803e-17
v -0.136609 -0.110453 0.291077
vn -0.923647 0.255386 -5.65571e-17
v -0.156585 -0.135311 0.285215
vn -0.830938 0.37075 -5.08803e-17
v -0.151402 -0.106368 0.291077
vn 6.12323e-17 -3.7494e-33 -1
v -0.151402 -0.106368 0.291077
vn 0.922641 -0.256996 5.64955e-17
v -0.147519 -0.161666 0.197308
vn 6.12323e-17 -3.7494e-33 -1
v -0.135575 -0.166264 0.197308
vn 6.12323e-17 -3.7494e-33 -1
v -0.152223 -0.161666 0.197308
vn 6.12323e-17 -3.7494e-33 -1
v -0.152223 -0.161666 0.197308
vn -6.12323e-17 3.7494e-33 1
v -0.135575 -0.166264 0.197308
vn -6.12323e-17 3.7494e-33 1
v -0.147519 -0.161666 0.197308
vn -6.12323e-17 3.7494e-33 1
v -0.160842 -0.16404 0.197308
vn 0.608256 -0.528932 3.72449e-17
v -0.160842 -0.16404 0.240284
vn 0.608916 -0.528595 3.72854e-17
v -0.164169 -0.166257 0.240284
vn 0.792965 -0.406003 4.85551e-17
v -0.160842 -0.16404 0.197308
vn 0.608916 -0.528595 3.72854e-17
v -0.166524 -0.168974 0.240284
vn 0.923953 -0.254893 5.65758e-17
v -0.167741 -0.171999 0.240284
vn 0.991361 -0.0874009 6.07034e-17
v -0.166524 -0.168974 0.197308
vn 0.923953 -0.254893 5.65758e-17
v -0.167741 -0.171999 0.197308
vn 0.991361 -0.0874009 6.07034e-17
v -0.135575 -0.166264 0.197308
vn -0.793236 -0.405768 -4.85717e-17
v -0.164169 -0.166257 0.197308
vn 0.792965 -0.406003 4.85551e-17
v -0.166524 -0.168974 0.197308
vn 0.923636 -0.255404 5.65564e-17
v -0.164169 -0.166257 0.197308
vn 0.793471 -0.405564 4.85861e-17
v -0.166524 -0.168974 0.240284
vn 0.923636 -0.255404 5.65564e-17
v -0.138902 -0.164043 0.197308
vn 6.12323e-17 -3.7494e-33 -1
v -0.142975 -0.162478 0.197308
vn 6.12323e-17 -3.7494e-33 -1
v -0.142975 -0.162478 0.197308
vn -6.12323e-17 3.7494e-33 1
v -0.138902 -0.164043 0.197308
vn -6.12323e-17 3.7494e-33 1
v 0.163291 -0.177156 0.240284
vn -6.12323e-17 3.7494e-33 1
v 0.163291 -0.177156 0.291077
vn -0.924478 0.254048 -5.66079e-17
v 0.175558 -0.153436 0.291077
vn -0.963061 0.179445 -5.89705e-17
v 0.163291 -0.177156 0.240284
vn -0.924478 0.254048 -5.66079e-17
v 0.160174 -0.150588 0.291077
vn 6.12323e-17 -3.7494e-33 -1
v 0.148542 -0.173081 0.291077
vn 0.923718 -0.255273 5.65614e-17
v 0.132886 -0.194463 0.291077
vn 0.870401 -0.328088 5.32967e-17
v 0.148542 -0.173081 0.285215
vn 0.923718 -0.255273 5.65614e-17
v 0.132886 -0.194463 0.285215
vn 0.870401 -0.328088 5.32967e-17
v 0.126434 -0.192029 0.285215
vn 6.12323e-17 -3.7494e-33 -1
v 0.10748 -0.211477 0.285215
vn 0.803781 -0.396446 4.92174e-17
v 0.0851135 -0.22924 0.285215
vn 0.725543 -0.458587 4.44267e-17
v 0.10748 -0.211477 0.281308
vn 0.803781 -0.396446 4.92174e-17
v 0.0851135 -0.22924 0.281308
vn 0.725363 -0.458713 4.44157e-17
v 0.0510295 -0.249244 0.281308
vn 6.12323e-17 -3.7494e-33 -1
v 0.0428375 -0.241255 0.281308
vn 6.12323e-17 -3.7494e-33 -1
v 0.0596695 -0.245058 0.281308
vn 6.12323e-17 -3.7494e-33 -1
v 0.0164625 -0.24858 0.281308
vn 0.211402 -0.651318 1.29446e-17
v 0.0164625 -0.24858 0.273494
vn 0.211402 -0.651318 1.29446e-17
v 0.0226135 -0.247521 0.281308
vn 0.288241 -0.638097 1.76497e-17
v 0.0102065 -0.24931 0.281308
vn 0.13317 -0.660444 8.15429e-18
v 0.0102065 -0.24931 0.273494
vn 0.13317 -0.660444 8.15429e-18
v 0.0164625 -0.24858 0.281308
vn 0.211341 -0.651327 1.29409e-17
v 0.00388151 -0.249705 0.281308
vn 0.0540972 -0.665404 3.3125e-18
v 0.00388151 -0.249705 0.273494
vn 0.0540972 -0.665404 3.3125e-18
v 0.0102065 -0.24931 0.281308
vn 0.133108 -0.66045 8.1505e-18
v 0.00388151 -0.249705 0.273494
vn 0.0540356 -0.665406 3.30873e-18
v 0.0226135 -0.247521 0.273494
vn 6.12323e-17 -3.7494e-33 -1
v -0.167958 -0.167474 0.273494
vn -0.704996 0.472603 -4.31686e-17
v -0.12974 -0.112351 0.285215
vn 6.12323e-17 -3.7494e-33 -1
v -0.150407 -0.138067 0.281308
vn -0.830576 0.37111 -5.08581e-17
v -0.138292 -0.143477 0.281308
vn 6.12323e-17 -3.7494e-33 -1
v -0.136609 -0.110453 0.285215
vn -0.923647 0.255386 -5.65571e-17
v -0.140048 -0.0813949 0.291077
vn 6.12323e-17 -3.7494e-33 -1
v -0.151402 -0.106368 0.240284
vn 0.92494 -0.253299 5.66362e-17
v -0.140048 -0.0813949 0.240284
vn 0.980372 -0.131381 6.00305e-17
v -0.151402 -0.106368 0.291077
vn 0.92494 -0.253299 5.66362e-17
v -0.164169 -0.166257 0.240284
vn 0.793471 -0.405564 4.85861e-17
v -0.140048 -0.0813949 0.240284
vn -6.12323e-17 3.7494e-33 1
v 0.175558 -0.153436 0.240284
vn -0.963061 0.179445 -5.89705e-17
v 0.175558 -0.153436 0.291077
vn 6.12323e-17 -3.7494e-33 -1
v 0.148542 -0.173081 0.291077
vn 0.923872 -0.255025 5.65708e-17
v 0.148542 -0.173081 0.285215
vn 0.923872 -0.255025 5.65708e-17
v 0.160174 -0.150588 0.291077
vn 0.963487 -0.178426 5.89966e-17
v 0.148542 -0.173081 0.285215
vn 6.12323e-17 -3.7494e-33 -1
v 0.126434 -0.192029 0.285215
vn 0.870237 -0.32828 5.32867e-17
v 0.10748 -0.211477 0.285215
vn 0.803937 -0.396306 4.92269e-17
v 0.126434 -0.192029 0.281308
vn 0.870237 -0.32828 5.32867e-17
v 0.0851135 -0.22924 0.281308
vn 0.725543 -0.458587 4.44267e-17
v 0.10748 -0.211477 0.281308
vn 0.803937 -0.396306 4.92269e-17
v 0.0504185 -0.237581 0.281308
vn 6.12323e-17 -3.7494e-33 -1
v 0.0851135 -0.22924 0.281308
vn 6.12323e-17 -3.7494e-33 -1
v 0.0400415 -0.242449 0.281308
vn 6.12323e-17 -3.7494e-33 -1
v 0.0344395 -0.244446 0.281308
vn 6.12323e-17 -3.7494e-33 -1
v 0.0226135 -0.247521 0.281308
vn 0.288301 -0.638085 1.76533e-17
v 0.0226135 -0.247521 0.273494
vn 0.288301 -0.638085 1.76533e-17
v 0.0286175 -0.246139 0.281308
vn 0.363322 -0.620841 2.22471e-17
v 0.0226135 -0.247521 0.273494
vn 0.288241 -0.638097 1.76497e-17
v 0.0164625 -0.24858 0.273494
vn 0.211341 -0.651327 1.29409e-17
v 0.0102065 -0.24931 0.273494
vn 0.133108 -0.66045 8.1505e-18
v 0.0286175 -0.246139 0.273494
vn 6.12323e-17 -3.7494e-33 -1
v -0.167958 -0.167474 0.273494
vn 6.12323e-17 -3.7494e-33 -1
v 0.0504185 -0.237581 0.273494
vn 6.12323e-17 -3.7494e-33 -1
v -0.167958 -0.167474 0.273494
vn -0.705766 0.472093 -4.32157e-17
v -0.167958 -0.167474 0.281308
vn -0.705766 0.472093 -4.32157e-17
v -0.138292 -0.143477 0.273494
vn -0.83041 0.371275 -5.08479e-17
v -0.136609 -0.110453 0.285215
vn 6.12323e-17 -3.7494e-33 -1
v -0.150407 -0.138067 0.285215
vn -0.830872 0.370816 -5.08762e-17
v -0.12974 -0.112351 0.285215
vn -0.923693 0.255313 -5.65599e-17
v -0.150407 -0.138067 0.281308
vn -0.830872 0.370816 -5.08762e-17
v -0.150407 -0.138067 0.281308
vn 6.12323e-17 -3.7494e-33 -1
v -0.138292 -0.143477 0.281308
vn -0.83041 0.371275 -5.08479e-17
v -0.136609 -0.110453 0.291077
vn -0.923942 0.254912 -5.65751e-17
v -0.12434 -0.0834667 0.291077
vn -0.980885 0.12967 -6.00619e-17
v -0.136609 -0.110453 0.285215
vn -0.923942 0.254912 -5.65751e-17
v -0.12434 -0.0834667 0.291077
vn 6.12323e-17 -3.7494e-33 -1
v -0.140048 -0.0813949 0.291077
vn 0.980372 -0.131381 6.00305e-17
v 0.175558 -0.153436 0.240284
vn -6.12323e-17 3.7494e-33 1
v 0.175558 -0.153436 0.291077
vn -0.964018 0.177149 -5.90291e-17
v 0.183399 -0.128898 0.291077
vn -0.978066 0.138802 -5.98893e-17
v 0.175558 -0.153436 0.240284
vn -0.964018 0.177149 -5.90291e-17
v 0.167611 -0.127319 0.291077
vn 6.12323e-17 -3.7494e-33 -1
v 0.160174 -0.150588 0.285215
vn 0.963487 -0.178426 5.89966e-17
v 0.141693 -0.17119 0.285215
vn 6.12323e-17 -3.7494e-33 -1
v 0.126434 -0.192029 0.281308
vn 0.870366 -0.328128 5.32946e-17
v 0.141693 -0.17119 0.281308
vn 0.923745 -0.255229 5.6563e-17
v 0.126434 -0.192029 0.285215
vn 0.870366 -0.328128 5.32946e-17
v 0.0745665 -0.222571 0.281308
vn 6.12323e-17 -3.7494e-33 -1
v 0.10748 -0.211477 0.281308
vn 6.12323e-17 -3.7494e-33 -1
v 0.0957925 -0.205715 0.281308
vn 6.12323e-17 -3.7494e-33 -1
v 0.126434 -0.192029 0.281308
vn 6.12323e-17 -3.7494e-33 -1
v 0.0504185 -0.237581 0.281308
vn 0.588015 -0.539001 3.60056e-17
v 0.0428375 -0.241255 0.281308
vn 0.588015 -0.539001 3.60056e-17
v 0.0504185 -0.237581 0.273494
vn 0.588015 -0.539001 3.60056e-17
v 0.0400415 -0.242449 0.281308
vn 0.506191 -0.574699 3.09953e-17
v 0.0400415 -0.242449 0.273494
vn 0.506191 -0.574699 3.09953e-17
v 0.0428375 -0.241255 0.281308
vn 0.540026 -0.560857 3.30671e-17
v 0.0286175 -0.246139 0.281308
vn 0.36338 -0.620826 2.22506e-17
v 0.0286175 -0.246139 0.273494
vn 0.36338 -0.620826 2.22506e-17
v 0.0344395 -0.244446 0.281308
vn 0.436114 -0.599669 2.67043e-17
v 0.0286175 -0.246139 0.273494
vn 0.363322 -0.620841 2.22471e-17
v 0.0344395 -0.244446 0.273494
vn 6.12323e-17 -3.7494e-33 -1
v 0.0745665 -0.222571 0.273494
vn 6.12323e-17 -3.7494e-33 -1
v 0.0428375 -0.241255 0.273494
vn 6.12323e-17 -3.7494e-33 -1
v -0.138292 -0.143477 0.273494
vn 6.12323e-17 -3.7494e-33 -1
v -0.12434 -0.0834667 0.285215
vn 6.12323e-17 -3.7494e-33 -1
v -0.12974 -0.112351 0.281308
vn -0.923693 0.255313 -5.65599e-17
v -0.116267 -0.116071 0.281308
vn 6.12323e-17 -3.7494e-33 -1
v -0.138292 -0.143477 0.281308
vn -0.831038 0.370651 -5.08864e-17
v -0.116267 -0.116071 0.281308
vn -0.923578 0.255496 -5.65529e-17
v -0.138292 -0.143477 0.273494
vn -0.831038 0.370651 -5.08864e-17
v -0.12434 -0.0834667 0.285215
vn -0.980885 0.12967 -6.00619e-17
v -0.136267 -0.0554221 0.291077
vn 6.12323e-17 -3.7494e-33 -1
v -0.140048 -0.0813949 0.240284
vn 0.981538 -0.127456 6.01019e-17
v -0.136267 -0.0554221 0.240284
vn 1 -0.000659007 6.12323e-17
v -0.140048 -0.0813949 0.291077
vn 0.981538 -0.127456 6.01019e-17
v -0.136267 -0.0554221 0.240284
vn -6.12323e-17 3.7494e-33 1
v 0.183399 -0.128898 0.240284
vn -0.978066 0.138802 -5.98893e-17
v 0.183399 -0.128898 0.291077
vn 6.12323e-17 -3.7494e-33 -1
v 0.160174 -0.150588 0.291077
vn 0.963595 -0.178168 5.90032e-17
v 0.160174 -0.150588 0.285215
vn 0.963595 -0.178168 5.90032e-17
v 0.167611 -0.127319 0.291077
vn 0.978066 -0.138803 5.98893e-17
v 0.15303 -0.149266 0.285215
vn 6.12323e-17 -3.7494e-33 -1
v 0.160174 -0.150588 0.285215
vn 6.12323e-17 -3.7494e-33 -1
v 0.141693 -0.17119 0.285215
vn 0.923745 -0.255229 5.6563e-17
v 0.11378 -0.187257 0.281308
vn 6.12323e-17 -3.7494e-33 -1
v 0.141693 -0.17119 0.281308
vn 6.12323e-17 -3.7494e-33 -1
v 0.0504185 -0.237581 0.281308
vn 0.682123 -0.487281 4.1768e-17
v 0.0504185 -0.237581 0.273494
vn 0.682123 -0.487281 4.1768e-17
v 0.0745665 -0.222571 0.281308
vn 0.725283 -0.458769 4.44107e-17
v 0.0428375 -0.241255 0.273494
vn 0.588015 -0.539001 3.60056e-17
v 0.0428375 -0.241255 0.273494
vn 0.540026 -0.560857 3.30671e-17
v 0.0400415 -0.242449 0.273494
vn 0.506151 -0.574715 3.09928e-17
v 0.0400415 -0.242449 0.281308
vn 0.506151 -0.574715 3.09928e-17
v 0.0344395 -0.244446 0.273494
vn 0.43617 -0.599651 2.67077e-17
v 0.0344395 -0.244446 0.281308
vn 0.43617 -0.599651 2.67077e-17
v 0.0344395 -0.244446 0.273494
vn 0.436114 -0.599669 2.67043e-17
v 0.0400415 -0.242449 0.273494
vn 6.12323e-17 -3.7494e-33 -1
v 0.0745665 -0.222571 0.273494
vn 0.725283 -0.458769 4.44107e-17
v 0.0957925 -0.205715 0.273494
vn 6.12323e-17 -3.7494e-33 -1
v -0.117045 -0.0844309 0.285215
vn 6.12323e-17 -3.7494e-33 -1
v -0.12974 -0.112351 0.281308
vn 6.12323e-17 -3.7494e-33 -1
v -0.12974 -0.112351 0.285215
vn -0.923896 0.254985 -5.65723e-17
v -0.117045 -0.0844309 0.285215
vn -0.980908 0.129592 -6.00633e-17
v -0.12974 -0.112351 0.281308
vn -0.923896 0.254985 -5.65723e-17
v -0.116267 -0.116071 0.273494
vn -0.923578 0.255496 -5.65529e-17
v -0.12434 -0.0834667 0.285215
vn -0.981034 0.129168 -6.0071e-17
v -0.12434 -0.0834667 0.291077
vn -0.981034 0.129168 -6.0071e-17
v -0.120253 -0.0554021 0.285215
vn -0.999999 -0.0010849 -6.12323e-17
v -0.120253 -0.0554021 0.291077
vn 6.12323e-17 -3.7494e-33 -1
v -0.136267 -0.0554221 0.291077
vn 1 -0.000659007 6.12323e-17
v 0.183399 -0.128898 0.240284
vn -6.12323e-17 3.7494e-33 1
v 0.183399 -0.128898 0.240284
vn -0.996151 0.0584125 -6.09966e-17
v 0.183399 -0.128898 0.291077
vn -0.996151 0.0584125 -6.09966e-17
v 0.185401 -0.113745 0.240284
vn -0.996151 0.0584125 -6.09966e-17
v 0.169501 -0.113005 0.291077
vn 6.12323e-17 -3.7494e-33 -1
v 0.167611 -0.127319 0.285215
vn 0.978066 -0.138803 5.98893e-17
v 0.160278 -0.126589 0.285215
vn 6.12323e-17 -3.7494e-33 -1
v 0.141693 -0.17119 0.285215
vn 0.923845 -0.255069 5.65692e-17
v 0.141693 -0.17119 0.281308
vn 0.923845 -0.255069 5.65692e-17
v 0.15303 -0.149266 0.285215
vn 0.963506 -0.178381 5.89977e-17
v 0.128261 -0.16748 0.281308
vn 6.12323e-17 -3.7494e-33 -1
v 0.0957925 -0.205715 0.281308
vn 0.803712 -0.396508 4.92132e-17
v 0.0745665 -0.222571 0.281308
vn 0.725623 -0.45853 4.44316e-17
v 0.0957925 -0.205715 0.273494
vn 0.803712 -0.396508 4.92132e-17
v 0.11378 -0.187257 0.281308
vn 0.87018 -0.328348 5.32832e-17
v 0.0957925 -0.205715 0.281308
vn 0.804007 -0.396242 4.92312e-17
v 0.11378 -0.187257 0.273494
vn 0.87018 -0.328348 5.32832e-17
v 0.0745665 -0.222571 0.273494
vn 0.725623 -0.45853 4.44316e-17
v 0.11378 -0.187257 0.273494
vn 6.12323e-17 -3.7494e-33 -1
v -0.120253 -0.0554021 0.285215
vn 6.12323e-17 -3.7494e-33 -1
v -0.117045 -0.0844309 0.281308
vn 6.12323e-17 -3.7494e-33 -1
v -0.117045 -0.0844309 0.281308
vn -0.980908 0.129592 -6.00633e-17
v -0.116267 -0.116071 0.273494
vn 6.12323e-17 -3.7494e-33 -1
v -0.116267 -0.116071 0.281308
vn -0.92401 0.254801 -5.65793e-17
v -0.102739 -0.0863188 0.281308
vn -0.98085 0.129787 -6.00597e-17
v -0.116267 -0.116071 0.273494
vn -0.92401 0.254801 -5.65793e-17
v -0.120253 -0.0554021 0.291077
vn -0.999999 -0.0010849 -6.12323e-17
v -0.140205 -0.029462 0.291077
vn 6.12323e-17 -3.7494e-33 -1
v -0.136267 -0.0554221 0.240284
vn 0.999987 0.0033415 6.12316e-17
v -0.140205 -0.029462 0.240284
vn 0.980761 0.130087 6.00543e-17
v -0.136267 -0.0554221 0.291077
vn 0.999987 0.0033415 6.12316e-17
v -0.140205 -0.029462 0.240284
vn -6.12323e-17 3.7494e-33 1
v 0.185401 -0.113745 0.291077
vn -0.996151 0.0584125 -6.09966e-17
v 0.185401 -0.113745 0.240284
vn -6.12323e-17 3.7494e-33 1
v 0.183399 -0.128898 0.240284
vn 0.050668 -0.00297136 -0.998706
v 0.185401 -0.113745 0.240284
vn 0.050668 -0.00297136 -0.998706
v 0.185006 -0.118771 0.240319
vn 0.050668 -0.00297136 -0.998706
v 0.185006 -0.118771 0.240319
vn -0.050668 0.00297136 0.998706
v 0.185401 -0.113745 0.240284
vn -0.050668 0.00297136 0.998706
v 0.183399 -0.128898 0.240284
vn -0.050668 0.00297136 0.998706
v 0.185401 -0.113745 0.291077
vn 6.12323e-17 -3.7494e-33 -1
v 0.169501 -0.113005 0.291077
vn 0.996151 -0.0584125 6.09966e-17
v 0.167611 -0.127319 0.291077
vn 0.996151 -0.0584125 6.09966e-17
v 0.169501 -0.113005 0.285215
vn 0.996151 -0.0584125 6.09966e-17
v 0.167611 -0.127319 0.285215
vn 0.996151 -0.0584125 6.09966e-17
v 0.167611 -0.127319 0.285215
vn 6.12323e-17 -3.7494e-33 -1
v 0.15303 -0.149266 0.285215
vn 0.963576 -0.178213 5.9002e-17
v 0.15303 -0.149266 0.281308
vn 0.963576 -0.178213 5.9002e-17
v 0.160278 -0.126589 0.285215
vn 0.978066 -0.138803 5.98893e-17
v 0.15303 -0.149266 0.281308
vn 0.963506 -0.178381 5.89977e-17
v 0.139021 -0.146674 0.281308
vn 6.12323e-17 -3.7494e-33 -1
v 0.128261 -0.16748 0.281308
vn 0.9237 -0.255301 5.65603e-17
v 0.11378 -0.187257 0.281308
vn 0.870424 -0.32806 5.32981e-17
v 0.128261 -0.16748 0.273494
vn 0.9237 -0.255301 5.65603e-17
v 0.0957925 -0.205715 0.273494
vn 0.804007 -0.396242 4.92312e-17
v 0.11378 -0.187257 0.273494
vn 0.870424 -0.32806 5.32981e-17
v -0.112817 -0.0553921 0.285215
vn 6.12323e-17 -3.7494e-33 -1
v -0.102739 -0.0863188 0.281308
vn 6.12323e-17 -3.7494e-33 -1
v -0.117045 -0.0844309 0.281308
vn -0.981011 0.129246 -6.00696e-17
v -0.117045 -0.0844309 0.285215
vn -0.981011 0.129246 -6.00696e-17
v -0.112817 -0.0553921 0.281308
vn -0.999998 -0.00116426 -6.12322e-17
v 0.128261 -0.16748 0.273494
vn 6.12323e-17 -3.7494e-33 -1
v -0.102739 -0.0863188 0.273494
vn -0.98085 0.129787 -6.00597e-17
v -0.120253 -0.0554021 0.291077
vn -0.999997 -0.0015975 -6.12322e-17
v -0.124509 -0.0273475 0.291077
vn -0.980246 -0.131797 -6.00228e-17
v -0.120253 -0.0554021 0.285215
vn -0.999997 -0.0015975 -6.12322e-17
v -0.124509 -0.0273475 0.291077
vn 6.12323e-17 -3.7494e-33 -1
v -0.140205 -0.029462 0.291077
vn 0.980761 0.130087 6.00543e-17
v 0.185401 -0.113745 0.291077
vn -0.998645 0.034682 -6.11494e-17
v 0.185803 -0.108601 0.291077
vn -0.999673 0.0170351 -6.12123e-17
v 0.185401 -0.113745 0.240284
vn -0.998645 0.034682 -6.11494e-17
v 0.185803 -0.108601 0.240284
vn -6.12323e-17 3.7494e-33 1
v 0.169867 -0.108331 0.291077
vn 6.12323e-17 -3.7494e-33 -1
v 0.169501 -0.113005 0.291077
vn 0.998645 -0.0346821 6.11494e-17
v 0.169501 -0.113005 0.285215
vn 0.998645 -0.0346821 6.11494e-17
v 0.169867 -0.108331 0.291077
vn 0.999677 -0.0169373 6.12126e-17
v 0.162118 -0.11266 0.285215
vn 6.12323e-17 -3.7494e-33 -1
v 0.169501 -0.113005 0.285215
vn 6.12323e-17 -3.7494e-33 -1
v 0.160278 -0.126589 0.281308
vn 0.978066 -0.138803 5.98893e-17
v 0.15303 -0.149266 0.281308
vn 6.12323e-17 -3.7494e-33 -1
v 0.139021 -0.146674 0.281308
vn 0.963475 -0.178456 5.89958e-17
v 0.128261 -0.16748 0.281308
vn 0.923889 -0.254997 5.65719e-17
v 0.139021 -0.146674 0.273494
vn 0.963475 -0.178456 5.89958e-17
v 0.128261 -0.16748 0.273494
vn 0.923889 -0.254997 5.65719e-17
v -0.124509 -0.0273475 0.285215
vn 6.12323e-17 -3.7494e-33 -1
v -0.112817 -0.0553921 0.285215
vn -0.999998 -0.00116426 -6.12322e-17
v -0.112817 -0.0553921 0.281308
vn 6.12323e-17 -3.7494e-33 -1
v -0.102739 -0.0863188 0.273494
vn 6.12323e-17 -3.7494e-33 -1
v -0.102739 -0.0863188 0.281308
vn -0.981069 0.12905 -6.00732e-17
v -0.0982345 -0.0553728 0.281308
vn -0.999999 -0.000965277 -6.12323e-17
v -0.102739 -0.0863188 0.273494
vn -0.981069 0.12905 -6.00732e-17
v -0.124509 -0.0273475 0.285215
vn -0.980246 -0.131797 -6.00228e-17
v -0.15171 -0.00452072 0.291077
vn 6.12323e-17 -3.7494e-33 -1
v -0.140205 -0.029462 0.240284
vn 0.979571 0.134009 5.99814e-17
v -0.15171 -0.00452072 0.240284
vn 0.923402 0.255779 5.65421e-17
v -0.140205 -0.029462 0.291077
vn 0.979571 0.134009 5.99814e-17
v 0.185803 -0.108601 0.240284
vn -0.999673 0.0170351 -6.12123e-17
v 0.185803 -0.108601 0.291077
vn 6.12323e-17 -3.7494e-33 -1
v 0.185784 -0.0984155 0.240284
vn -6.12323e-17 3.7494e-33 1
v 0.169867 -0.108331 0.285215
vn 0.999677 -0.0169373 6.12126e-17
v 0.162465 -0.108207 0.285215
vn 6.12323e-17 -3.7494e-33 -1
v 0.162118 -0.11266 0.285215
vn 0.996151 -0.0584124 6.09966e-17
v 0.160278 -0.126589 0.285215
vn 0.996151 -0.0584124 6.09966e-17
v 0.162118 -0.11266 0.281308
vn 0.996151 -0.0584124 6.09966e-17
v 0.160278 -0.126589 0.281308
vn 0.996151 -0.0584124 6.09966e-17
v 0.1459 -0.125151 0.281308
vn 6.12323e-17 -3.7494e-33 -1
v 0.160278 -0.126589 0.281308
vn 6.12323e-17 -3.7494e-33 -1
v 0.139021 -0.146674 0.281308
vn 0.963607 -0.178138 5.90039e-17
v 0.139021 -0.146674 0.273494
vn 0.963607 -0.178138 5.90039e-17
v 0.1459 -0.125151 0.281308
vn 0.978066 -0.138803 5.98893e-17
v 0.139021 -0.146674 0.273494
vn 6.12323e-17 -3.7494e-33 -1
v -0.11722 -0.0263673 0.285215
vn 6.12323e-17 -3.7494e-33 -1
v -0.112817 -0.0553921 0.281308
vn -0.999997 -0.00151814 -6.12322e-17
v -0.112817 -0.0553921 0.285215
vn -0.999997 -0.00151814 -6.12322e-17
v -0.11722 -0.0263673 0.281308
vn -0.980223 -0.131875 -6.00213e-17
v -0.0982345 -0.0553728 0.281308
vn 6.12323e-17 -3.7494e-33 -1
v -0.0982345 -0.0553728 0.273494
vn -0.999999 -0.000965277 -6.12323e-17
v -0.124509 -0.0273475 0.291077
vn -0.980094 -0.1323 -6.00134e-17
v -0.136941 -0.000395165 0.291077
vn -0.922395 -0.257388 -5.64804e-17
v -0.124509 -0.0273475 0.285215
vn -0.980094 -0.1323 -6.00134e-17
v -0.136941 -0.000395165 0.291077
vn 6.12323e-17 -3.7494e-33 -1
v -0.15171 -0.00452072 0.291077
vn 0.923402 0.255779 5.65421e-17
v -0.15171 -0.00452072 0.240284
vn -6.12323e-17 3.7494e-33 1
v 0.185803 -0.108601 0.291077
vn -0.999686 0.0167109 -6.12131e-17
v 0.185784 -0.0984155 0.291077
vn -0.999619 -0.0183948 -6.1209e-17
v 0.185803 -0.108601 0.240284
vn -0.999686 0.0167109 -6.12131e-17
v 0.169849 -0.0987147 0.291077
vn 6.12323e-17 -3.7494e-33 -1
v 0.185784 -0.0984155 0.240284
vn -0.999619 -0.0183948 -6.1209e-17
v 0.169867 -0.108331 0.285215
vn 0.999678 -0.0169021 6.12126e-17
v 0.169849 -0.0987147 0.285215
vn 0.999611 0.0185863 6.12085e-17
v 0.169867 -0.108331 0.291077
vn 0.999678 -0.0169021 6.12126e-17
v 0.169867 -0.108331 0.285215
vn 6.12323e-17 -3.7494e-33 -1
v 0.162118 -0.11266 0.285215
vn 0.998645 -0.0346821 6.11494e-17
v 0.162118 -0.11266 0.281308
vn 0.998645 -0.0346821 6.11494e-17
v 0.162465 -0.108207 0.285215
vn 0.999677 -0.0169331 6.12126e-17
v 0.147638 -0.111982 0.281308
vn 6.12323e-17 -3.7494e-33 -1
v 0.162118 -0.11266 0.281308
vn 6.12323e-17 -3.7494e-33 -1
v 0.1459 -0.125151 0.273494
vn 0.978066 -0.138803 5.98893e-17
v 0.1459 -0.125151 0.273494
vn 6.12323e-17 -3.7494e-33 -1
v -0.136941 -0.000395165 0.285215
vn 6.12323e-17 -3.7494e-33 -1
v -0.11722 -0.0263673 0.285215
vn -0.980223 -0.131875 -6.00213e-17
v -0.11722 -0.0263673 0.281308
vn 6.12323e-17 -3.7494e-33 -1
v -0.0982345 -0.0553728 0.273494
vn 6.12323e-17 -3.7494e-33 -1
v -0.0982345 -0.0553728 0.273494
vn -0.999997 -0.00171716 -6.12321e-17
v -0.0982345 -0.0553728 0.281308
vn -0.999997 -0.00171716 -6.12321e-17
v -0.102926 -0.0244395 0.273494
vn -0.980282 -0.13168 -6.00249e-17
v -0.136941 -0.000395165 0.285215
vn -0.922395 -0.257388 -5.64804e-17
v -0.170334 0.018432 0.291077
vn 6.12323e-17 -3.7494e-33 -1
v -0.15171 -0.00452072 0.291077
vn 0.921081 0.259468 5.64e-17
v -0.15171 -0.00452072 0.240284
vn 0.921081 0.259468 5.64e-17
v -0.170334 0.018432 0.291077
vn 0.830155 0.371528 5.08323e-17
v 0.18495 -0.0882493 0.240284
vn -6.12323e-17 3.7494e-33 1
v 0.185784 -0.0984155 0.291077
vn 6.12323e-17 -3.7494e-33 -1
v 0.169849 -0.0987147 0.291077
vn 0.999611 0.0185863 6.12085e-17
v 0.185784 -0.0984155 0.291077
vn -0.999601 -0.0188252 -6.12079e-17
v 0.18495 -0.0882493 0.291077
vn -0.996726 -0.0538789 -6.10319e-17
v 0.185784 -0.0984155 0.240284
vn -0.999601 -0.0188252 -6.12079e-17
v 0.162449 -0.0988493 0.285215
vn 6.12323e-17 -3.7494e-33 -1
v 0.169849 -0.0987147 0.285215
vn 6.12323e-17 -3.7494e-33 -1
v 0.162465 -0.108207 0.281308
vn 0.999677 -0.0169331 6.12126e-17
v 0.147954 -0.10796 0.281308
vn 6.12323e-17 -3.7494e-33 -1
v 0.147638 -0.111982 0.281308
vn 0.996151 -0.0584124 6.09966e-17
v 0.1459 -0.125151 0.281308
vn 0.996151 -0.0584124 6.09966e-17
v 0.147638 -0.111982 0.273494
vn 0.996151 -0.0584124 6.09966e-17
v 0.1459 -0.125151 0.273494
vn 0.996151 -0.0584124 6.09966e-17
v -0.130084 0.00152068 0.285215
vn 6.12323e-17 -3.7494e-33 -1
v -0.11722 -0.0263673 0.285215
vn -0.980117 -0.132222 -6.00149e-17
v -0.130084 0.00152068 0.285215
vn -0.922349 -0.257462 -5.64776e-17
v -0.11722 -0.0263673 0.281308
vn -0.980117 -0.132222 -6.00149e-17
v -0.102926 -0.0244395 0.281308
vn 6.12323e-17 -3.7494e-33 -1
v 0.147638 -0.111982 0.273494
vn 6.12323e-17 -3.7494e-33 -1
v -0.102926 -0.0244395 0.281308
vn -0.980282 -0.13168 -6.00249e-17
v -0.102926 -0.0244395 0.273494
vn 6.12323e-17 -3.7494e-33 -1
v 0.147937 -0.0991226 0.273494
vn 6.12323e-17 -3.7494e-33 -1
v -0.136941 -0.000395165 0.285215
vn -0.922097 -0.257861 -5.64622e-17
v -0.136941 -0.000395165 0.291077
vn -0.922097 -0.257861 -5.64622e-17
v -0.157067 0.0244081 0.285215
vn -0.828693 -0.372974 -5.07428e-17
v -0.157067 0.0244081 0.291077
vn 6.12323e-17 -3.7494e-33 -1
v -0.170334 0.018432 0.240284
vn 0.830155 0.371528 5.08323e-17
v -0.170334 0.018432 0.240284
vn -6.12323e-17 3.7494e-33 1
v 0.18495 -0.0882493 0.240284
vn -0.996726 -0.0538789 -6.10319e-17
v 0.16906 -0.0891109 0.291077
vn 6.12323e-17 -3.7494e-33 -1
v 0.169849 -0.0987147 0.285215
vn 0.999609 0.0186338 6.12084e-17
v 0.16906 -0.0891109 0.285215
vn 0.996703 0.0540695 6.10304e-17
v 0.169849 -0.0987147 0.291077
vn 0.999609 0.0186338 6.12084e-17
v 0.18495 -0.0882493 0.291077
vn 6.12323e-17 -3.7494e-33 -1
v 0.161683 -0.089512 0.285215
vn 6.12323e-17 -3.7494e-33 -1
v 0.162449 -0.0988493 0.285215
vn 0.999611 0.0185946 6.12085e-17
v 0.162465 -0.108207 0.285215
vn 0.999678 -0.0169104 6.12126e-17
v 0.162449 -0.0988493 0.281308
vn 0.999611 0.0185946 6.12085e-17
v 0.162465 -0.108207 0.281308
vn 0.999678 -0.0169104 6.12126e-17
v 0.162465 -0.108207 0.281308
vn 6.12323e-17 -3.7494e-33 -1
v 0.147638 -0.111982 0.281308
vn 0.998645 -0.0346822 6.11494e-17
v 0.147638 -0.111982 0.273494
vn 0.998645 -0.0346822 6.11494e-17
v 0.147954 -0.10796 0.281308
vn 0.999677 -0.0169391 6.12126e-17
v -0.157067 0.0244081 0.285215
vn 6.12323e-17 -3.7494e-33 -1
v -0.130084 0.00152068 0.281308
vn -0.922349 -0.257462 -5.64776e-17
v -0.130084 0.00152068 0.281308
vn 6.12323e-17 -3.7494e-33 -1
v 0.147954 -0.10796 0.273494
vn 6.12323e-17 -3.7494e-33 -1
v -0.102926 -0.0244395 0.281308
vn -0.980058 -0.132417 -6.00113e-17
v -0.116634 0.00527772 0.281308
vn -0.922464 -0.257278 -5.64846e-17
v -0.102926 -0.0244395 0.273494
vn -0.980058 -0.132417 -6.00113e-17
v 0.147213 -0.090295 0.273494
vn 6.12323e-17 -3.7494e-33 -1
v -0.157067 0.0244081 0.291077
vn -0.828693 -0.372974 -5.07428e-17
v -0.195354 0.0385041 0.291077
vn 6.12323e-17 -3.7494e-33 -1
v -0.170334 0.018432 0.291077
vn 0.826793 0.374843 5.06265e-17
v -0.170334 0.018432 0.240284
vn 0.826793 0.374843 5.06265e-17
v -0.195354 0.0385041 0.291077
vn 0.76924 0.42579 4.71023e-17
v 0.183303 -0.0781223 0.240284
vn -6.12323e-17 3.7494e-33 1
v 0.18495 -0.0882493 0.291077
vn -0.996674 -0.0543078 -6.10287e-17
v 0.183303 -0.0781223 0.291077
vn -0.990999 -0.0892102 -6.06812e-17
v 0.18495 -0.0882493 0.240284
vn -0.996674 -0.0543078 -6.10287e-17
v 0.16906 -0.0891109 0.291077
vn 0.996703 0.0540695 6.10304e-17
v 0.16906 -0.0891109 0.285215
vn 6.12323e-17 -3.7494e-33 -1
v 0.167507 -0.0795497 0.291077
vn 6.12323e-17 -3.7494e-33 -1
v 0.162449 -0.0988493 0.285215
vn 0.999609 0.0186254 6.12084e-17
v 0.162449 -0.0988493 0.281308
vn 0.999609 0.0186254 6.12084e-17
v 0.161683 -0.089512 0.285215
vn 0.996702 0.0540779 6.10304e-17
v 0.147937 -0.0991226 0.281308
vn 6.12323e-17 -3.7494e-33 -1
v 0.162449 -0.0988493 0.281308
vn 6.12323e-17 -3.7494e-33 -1
v 0.147954 -0.10796 0.273494
vn 0.999677 -0.0169391 6.12126e-17
v -0.150906 0.0271829 0.285215
vn 6.12323e-17 -3.7494e-33 -1
v -0.130084 0.00152068 0.281308
vn -0.922143 -0.257787 -5.6465e-17
v -0.130084 0.00152068 0.285215
vn -0.922143 -0.257787 -5.6465e-17
v -0.150906 0.0271829 0.281308
vn -0.828626 -0.37304 -5.07387e-17
v -0.116634 0.00527772 0.281308
vn 6.12323e-17 -3.7494e-33 -1
v -0.116634 0.00527772 0.273494
vn -0.922464 -0.257278 -5.64846e-17
v 0.145783 -0.0815102 0.273494
vn 6.12323e-17 -3.7494e-33 -1
v 0.147213 -0.090295 0.273494
vn 0.996703 0.0540642 6.10305e-17
v 0.147213 -0.090295 0.281308
vn 0.996703 0.0540642 6.10305e-17
v 0.147937 -0.0991226 0.273494
vn 0.999609 0.0186391 6.12084e-17
v 0.147954 -0.10796 0.273494
vn 0.999678 -0.0168968 6.12127e-17
v 0.147937 -0.0991226 0.273494
vn 0.999611 0.018581 6.12085e-17
v 0.147954 -0.10796 0.281308
vn 0.999678 -0.0168968 6.12127e-17
v -0.157067 0.0244081 0.285215
vn -0.82827 -0.373392 -5.07169e-17
v -0.157067 0.0244081 0.291077
vn -0.82827 -0.373392 -5.07169e-17
v -0.183095 0.0452891 0.285215
vn -0.76924 -0.42579 -4.71023e-17
v -0.183095 0.0452891 0.291077
vn 6.12323e-17 -3.7494e-33 -1
v -0.195354 0.0385041 0.240284
vn 0.76924 0.42579 4.71023e-17
v 0.18085 -0.0680713 0.240284
vn -6.12323e-17 3.7494e-33 1
v 0.183303 -0.0781223 0.240284
vn -0.990999 -0.0892102 -6.06812e-17
v 0.183303 -0.0781223 0.291077
vn 6.12323e-17 -3.7494e-33 -1
v 0.16906 -0.0891109 0.285215
vn 0.996697 0.0541167 6.10301e-17
v 0.167507 -0.0795497 0.285215
vn 0.99096 0.0893994 6.06788e-17
v 0.16906 -0.0891109 0.291077
vn 0.996697 0.0541167 6.10301e-17
v 0.160171 -0.0802107 0.285215
vn 6.12323e-17 -3.7494e-33 -1
v 0.167507 -0.0795497 0.291077
vn 0.99096 0.0893994 6.06788e-17
v 0.161683 -0.089512 0.281308
vn 0.996702 0.0540779 6.10304e-17
v 0.147213 -0.090295 0.281308
vn 6.12323e-17 -3.7494e-33 -1
v 0.147937 -0.0991226 0.281308
vn 0.999611 0.018581 6.12085e-17
v -0.183095 0.0452891 0.285215
vn 6.12323e-17 -3.7494e-33 -1
v -0.150906 0.0271829 0.285215
vn -0.828626 -0.37304 -5.07387e-17
v -0.150906 0.0271829 0.281308
vn 6.12323e-17 -3.7494e-33 -1
v -0.116634 0.00527772 0.273494
vn 6.12323e-17 -3.7494e-33 -1
v 0.143655 -0.0727846 0.273494
vn 6.12323e-17 -3.7494e-33 -1
v -0.116634 0.00527772 0.273494
vn -0.922028 -0.257971 -5.64579e-17
v -0.116634 0.00527772 0.281308
vn -0.922028 -0.257971 -5.64579e-17
v -0.138824 0.0326259 0.273494
vn -0.828794 -0.372875 -5.0749e-17
v 0.147213 -0.090295 0.273494
vn 0.996696 0.0541221 6.103e-17
v 0.145783 -0.0815102 0.273494
vn 0.990961 0.0893941 6.06789e-17
v 0.147213 -0.090295 0.281308
vn 0.996696 0.0541221 6.103e-17
v 0.147937 -0.0991226 0.281308
vn 0.999609 0.0186391 6.12084e-17
v -0.183095 0.0452891 0.291077
vn -0.76924 -0.42579 -4.71023e-17
v -0.221473 0.0594577 0.291077
vn 6.12323e-17 -3.7494e-33 -1
v -0.221473 0.0594577 0.291077
vn 0.826721 0.374913 5.06221e-17
v -0.195354 0.0385041 0.240284
vn -6.12323e-17 3.7494e-33 1
v 0.18085 -0.0680713 0.240284
vn -0.982453 -0.124286 -6.01579e-17
v 0.183303 -0.0781223 0.240284
vn -0.990912 -0.089636 -6.06759e-17
v 0.18085 -0.0680713 0.291077
vn -0.982453 -0.124286 -6.01579e-17
v 0.183303 -0.0781223 0.291077
vn -0.990912 -0.089636 -6.06759e-17
v 0.165189 -0.0700544 0.291077
vn 6.12323e-17 -3.7494e-33 -1
v 0.167507 -0.0795497 0.285215
vn 6.12323e-17 -3.7494e-33 -1
v 0.160171 -0.0802107 0.285215
vn 0.990958 0.0894081 6.06787e-17
v 0.161683 -0.089512 0.285215
vn 0.996698 0.0541085 6.10302e-17
v 0.160171 -0.0802107 0.281308
vn 0.990958 0.0894081 6.06787e-17
v 0.167507 -0.0795497 0.285215
vn 0.990951 0.0894467 6.06782e-17
v 0.165189 -0.0700544 0.285215
vn 0.982399 0.124474 6.01546e-17
v 0.167507 -0.0795497 0.291077
vn 0.990951 0.0894467 6.06782e-17
v 0.161683 -0.089512 0.281308
vn 0.996698 0.0541085 6.10302e-17
v 0.161683 -0.089512 0.281308
vn 6.12323e-17 -3.7494e-33 -1
v -0.177403 0.0484404 0.285215
vn 6.12323e-17 -3.7494e-33 -1
v -0.150906 0.0271829 0.281308
vn -0.828337 -0.373326 -5.0721e-17
v -0.150906 0.0271829 0.285215
vn -0.828337 -0.373326 -5.0721e-17
v -0.177403 0.0484404 0.281308
vn -0.76924 -0.42579 -4.71024e-17
v -0.138824 0.0326259 0.281308
vn 6.12323e-17 -3.7494e-33 -1
v 0.14083 -0.064151 0.273494
vn 6.12323e-17 -3.7494e-33 -1
v -0.138824 0.0326259 0.281308
vn -0.828794 -0.372875 -5.0749e-17
v -0.138824 0.0326259 0.273494
vn 6.12323e-17 -3.7494e-33 -1
v 0.133131 -0.047239 0.273494
vn 6.12323e-17 -3.7494e-33 -1
v 0.145783 -0.0815102 0.273494
vn 0.990949 0.0894521 6.06782e-17
v 0.143655 -0.0727846 0.273494
vn 0.982401 0.124469 6.01547e-17
v 0.145783 -0.0815102 0.281308
vn 0.990949 0.0894521 6.06782e-17
v 0.145783 -0.0815102 0.281308
vn 0.990961 0.0893941 6.06789e-17
v -0.208205 0.0654338 0.285215
vn -0.828278 -0.373384 -5.07174e-17
v -0.208205 0.0654338 0.291077
vn 6.12323e-17 -3.7494e-33 -1
v -0.221473 0.0594577 0.240284
vn 0.826721 0.374913 5.06221e-17
v 0.177594 -0.0581223 0.240284
vn -6.12323e-17 3.7494e-33 1
v 0.18085 -0.0680713 0.291077
vn -0.982332 -0.12471 -6.01505e-17
v 0.177594 -0.0581223 0.291077
vn -0.971113 -0.159011 -5.94635e-17
v 0.18085 -0.0680713 0.240284
vn -0.982332 -0.12471 -6.01505e-17
v 0.18085 -0.0680713 0.291077
vn 6.12323e-17 -3.7494e-33 -1
v 0.165189 -0.0700544 0.291077
vn 0.982399 0.124474 6.01546e-17
v 0.157917 -0.0709787 0.285215
vn 6.12323e-17 -3.7494e-33 -1
v 0.160171 -0.0802107 0.281308
vn 0.990952 0.0894381 6.06783e-17
v 0.157917 -0.0709787 0.281308
vn 0.982397 0.124482 6.01545e-17
v 0.160171 -0.0802107 0.285215
vn 0.990952 0.0894381 6.06783e-17
v 0.165189 -0.0700544 0.285215
vn 6.12323e-17 -3.7494e-33 -1
v 0.145783 -0.0815102 0.281308
vn 6.12323e-17 -3.7494e-33 -1
v 0.160171 -0.0802107 0.281308
vn 6.12323e-17 -3.7494e-33 -1
v -0.208205 0.0654338 0.285215
vn 6.12323e-17 -3.7494e-33 -1
v -0.177403 0.0484404 0.285215
vn -0.76924 -0.42579 -4.71024e-17
v -0.177403 0.0484404 0.281308
vn 6.12323e-17 -3.7494e-33 -1
v 0.137319 -0.055626 0.273494
vn 6.12323e-17 -3.7494e-33 -1
v 0.143655 -0.0727846 0.273494
vn 0.982385 0.124526 6.01537e-17
v 0.14083 -0.064151 0.273494
vn 0.971047 0.159191 5.94595e-17
v 0.143655 -0.0727846 0.281308
vn 0.982385 0.124526 6.01537e-17
v -0.138824 0.0326259 0.273494
vn -0.828187 -0.373473 -5.07118e-17
v -0.138824 0.0326259 0.281308
vn -0.828187 -0.373473 -5.07118e-17
v -0.16624 0.0546198 0.273494
vn -0.76924 -0.42579 -4.71024e-17
v 0.128278 -0.0390132 0.273494
vn 6.12323e-17 -3.7494e-33 -1
v 0.143655 -0.0727846 0.281308
vn 0.982401 0.124469 6.01547e-17
v -0.208205 0.0654338 0.291077
vn -0.828278 -0.373384 -5.07174e-17
v -0.240914 0.0834187 0.291077
vn 6.12323e-17 -3.7494e-33 -1
v -0.221473 0.0594577 0.291077
vn 0.830226 0.371457 5.08367e-17
v -0.221473 0.0594577 0.240284
vn 0.830226 0.371457 5.08367e-17
v -0.240914 0.0834187 0.291077
vn 0.921032 0.259547 5.63969e-17
v -0.221473 0.0594577 0.240284
vn -6.12323e-17 3.7494e-33 1
v 0.177594 -0.0581223 0.240284
vn -0.971113 -0.159011 -5.94635e-17
v 0.162115 -0.0606578 0.291077
vn 6.12323e-17 -3.7494e-33 -1
v 0.177594 -0.0581223 0.291077
vn 6.12323e-17 -3.7494e-33 -1
v 0.165189 -0.0700544 0.285215
vn 0.982386 0.124521 6.01538e-17
v 0.162115 -0.0606578 0.285215
vn 0.971045 0.159196 5.94594e-17
v 0.165189 -0.0700544 0.291077
vn 0.982386 0.124521 6.01538e-17
v 0.157917 -0.0709787 0.285215
vn 0.982397 0.124482 6.01545e-17
v 0.143655 -0.0727846 0.281308
vn 6.12323e-17 -3.7494e-33 -1
v 0.157917 -0.0709787 0.281308
vn 6.12323e-17 -3.7494e-33 -1
v 0.154927 -0.0618387 0.285215
vn 6.12323e-17 -3.7494e-33 -1
v -0.202045 0.0682086 0.285215
vn 6.12323e-17 -3.7494e-33 -1
v -0.202045 0.0682086 0.281308
vn -0.828347 -0.373316 -5.07216e-17
v -0.16624 0.0546198 0.281308
vn 6.12323e-17 -3.7494e-33 -1
v 0.137319 -0.055626 0.273494
vn 0.956931 0.19346 5.85951e-17
v 0.137319 -0.055626 0.281308
vn 0.956931 0.19346 5.85951e-17
v 0.14083 -0.064151 0.273494
vn 0.971026 0.159247 5.94582e-17
v 0.14083 -0.064151 0.281308
vn 0.971047 0.159191 5.94595e-17
v -0.16624 0.0546198 0.281308
vn -0.76924 -0.42579 -4.71024e-17
v -0.16624 0.0546198 0.273494
vn 6.12323e-17 -3.7494e-33 -1
v 0.122772 -0.0309753 0.273494
vn 6.12323e-17 -3.7494e-33 -1
v 0.133131 -0.047239 0.273494
vn 0.940065 0.227233 5.75624e-17
v 0.128278 -0.0390132 0.273494
vn 0.920584 0.26025 5.63695e-17
v 0.133131 -0.047239 0.281308
vn 0.940065 0.227233 5.75624e-17
v 0.137319 -0.055626 0.273494
vn 0.956906 0.193516 5.85936e-17
v 0.133131 -0.047239 0.273494
vn 0.940094 0.227178 5.75642e-17
v 0.137319 -0.055626 0.281308
vn 0.956906 0.193516 5.85936e-17
v -0.208205 0.0654338 0.285215
vn -0.82867 -0.372998 -5.07414e-17
v -0.208205 0.0654338 0.291077
vn -0.82867 -0.372998 -5.07414e-17
v -0.226146 0.0875442 0.285215
vn -0.922113 -0.257835 -5.64632e-17
v -0.226146 0.0875442 0.291077
vn 6.12323e-17 -3.7494e-33 -1
v -0.240914 0.0834187 0.240284
vn 0.921032 0.259547 5.63969e-17
v 0.173549 -0.0483012 0.240284
vn -6.12323e-17 3.7494e-33 1
v 0.177594 -0.0581223 0.291077
vn -0.970959 -0.159428 -5.94541e-17
v 0.173549 -0.0483012 0.291077
vn -0.957012 -0.193282 -5.86001e-17
v 0.177594 -0.0581223 0.240284
vn -0.970959 -0.159428 -5.94541e-17
v 0.158294 -0.0513865 0.291077
vn 6.12323e-17 -3.7494e-33 -1
v 0.162115 -0.0606578 0.291077
vn 0.971045 0.159196 5.94594e-17
v 0.162115 -0.0606578 0.285215
vn 6.12323e-17 -3.7494e-33 -1
v 0.157917 -0.0709787 0.281308
vn 0.982389 0.124513 6.01539e-17
v 0.154927 -0.0618387 0.281308
vn 0.971042 0.159204 5.94592e-17
v 0.157917 -0.0709787 0.285215
vn 0.982389 0.124513 6.01539e-17
v 0.14083 -0.064151 0.281308
vn 6.12323e-17 -3.7494e-33 -1
v 0.154927 -0.0618387 0.285215
vn 0.971042 0.159204 5.94592e-17
v -0.226146 0.0875442 0.285215
vn 6.12323e-17 -3.7494e-33 -1
v -0.202045 0.0682086 0.285215
vn -0.828347 -0.373316 -5.07216e-17
v -0.202045 0.0682086 0.281308
vn 6.12323e-17 -3.7494e-33 -1
v 0.14083 -0.064151 0.281308
vn 0.971026 0.159247 5.94582e-17
v -0.189962 0.0736515 0.273494
vn -0.828226 -0.373435 -5.07142e-17
v 0.115611 -0.0218352 0.273494
vn 6.12323e-17 -3.7494e-33 -1
v 0.122772 -0.0309753 0.273494
vn 0.898456 0.292583 5.50146e-17
v 0.122772 -0.0309753 0.281308
vn 0.898456 0.292583 5.50146e-17
v 0.128278 -0.0390132 0.273494
vn 0.92055 0.260304 5.63674e-17
v 0.128278 -0.0390132 0.281308
vn 0.920584 0.26025 5.63695e-17
v 0.133131 -0.047239 0.281308
vn 0.940094 0.227178 5.75642e-17
v -0.226146 0.0875442 0.291077
vn -0.922113 -0.257835 -5.64632e-17
v -0.252926 0.109456 0.291077
vn 6.12323e-17 -3.7494e-33 -1
v -0.240914 0.0834187 0.240284
vn 0.923451 0.2557 5.65451e-17
v -0.252926 0.109456 0.240284
vn 0.979545 0.134092 5.99798e-17
v -0.240914 0.0834187 0.291077
vn 0.923451 0.2557 5.65451e-17
v 0.163132 -0.0291594 0.240284
vn -6.12323e-17 3.7494e-33 1
v -0.240914 0.0834187 0.240284
vn -6.12323e-17 3.7494e-33 1
v 0.168724 -0.038638 0.240284
vn -6.12323e-17 3.7494e-33 1
v 0.173549 -0.0483012 0.240284
vn -0.957012 -0.193282 -5.86001e-17
v 0.173549 -0.0483012 0.291077
vn 6.12323e-17 -3.7494e-33 -1
v 0.158294 -0.0513865 0.291077
vn 0.956929 0.193465 5.8595e-17
v 0.162115 -0.0606578 0.291077
vn 0.971028 0.159242 5.94583e-17
v 0.158294 -0.0513865 0.285215
vn 0.956929 0.193465 5.8595e-17
v 0.162115 -0.0606578 0.285215
vn 0.971028 0.159242 5.94583e-17
v 0.151211 -0.0528172 0.285215
vn 6.12323e-17 -3.7494e-33 -1
v 0.154927 -0.0618387 0.281308
vn 6.12323e-17 -3.7494e-33 -1
v 0.154927 -0.0618387 0.281308
vn 0.971031 0.159234 5.94585e-17
v 0.151211 -0.0528172 0.281308
vn 0.956925 0.193473 5.85948e-17
v 0.154927 -0.0618387 0.285215
vn 0.971031 0.159234 5.94585e-17
v -0.219288 0.0894601 0.285215
vn 6.12323e-17 -3.7494e-33 -1
v -0.202045 0.0682086 0.281308
vn -0.828601 -0.373066 -5.07372e-17
v -0.202045 0.0682086 0.285215
vn -0.828601 -0.373066 -5.07372e-17
v -0.219288 0.0894601 0.281308
vn -0.922161 -0.257759 -5.64661e-17
v -0.189962 0.0736515 0.281308
vn 6.12323e-17 -3.7494e-33 -1
v 0.137319 -0.055626 0.281308
vn 6.12323e-17 -3.7494e-33 -1
v -0.189962 0.0736515 0.281308
vn -0.828226 -0.373435 -5.07142e-17
v -0.189962 0.0736515 0.273494
vn 6.12323e-17 -3.7494e-33 -1
v 0.115611 -0.0218352 0.273494
vn 0.88641 0.308468 5.42769e-17
v 0.115611 -0.0218352 0.281308
vn 0.88641 0.308468 5.42769e-17
v 0.122772 -0.0309753 0.273494
vn 0.898415 0.292639 5.5012e-17
v 0.128278 -0.0390132 0.281308
vn 0.92055 0.260304 5.63674e-17
v 0.122772 -0.0309753 0.281308
vn 0.898415 0.292639 5.5012e-17
v 0.133131 -0.047239 0.281308
vn 6.12323e-17 -3.7494e-33 -1
v 0.128278 -0.0390132 0.281308
vn 6.12323e-17 -3.7494e-33 -1
v 0.151211 -0.0528172 0.281308
vn 6.12323e-17 -3.7494e-33 -1
v -0.226146 0.0875442 0.291077
vn -0.922379 -0.257414 -5.64794e-17
v -0.237228 0.111571 0.291077
vn -0.980102 -0.132272 -6.00139e-17
v -0.226146 0.0875442 0.285215
vn -0.922379 -0.257414 -5.64794e-17
v -0.237228 0.111571 0.291077
vn 6.12323e-17 -3.7494e-33 -1
v -0.252926 0.109456 0.291077
vn 0.979545 0.134092 5.99798e-17
v 0.149715 -0.0108673 0.240284
vn -6.12323e-17 3.7494e-33 1
v -0.252926 0.109456 0.240284
vn -6.12323e-17 3.7494e-33 1
v 0.15679 -0.0198947 0.240284
vn -6.12323e-17 3.7494e-33 1
v 0.168724 -0.038638 0.240284
vn -0.94019 -0.227003 -5.757e-17
v 0.173549 -0.0483012 0.240284
vn -0.956825 -0.193693 -5.85886e-17
v 0.168724 -0.038638 0.291077
vn -0.94019 -0.227003 -5.757e-17
v 0.173549 -0.0483012 0.291077
vn -0.956825 -0.193693 -5.85886e-17
v 0.153738 -0.0422591 0.291077
vn 6.12323e-17 -3.7494e-33 -1
v 0.158294 -0.0513865 0.285215
vn 0.956908 0.19351 5.85937e-17
v 0.153738 -0.0422591 0.285215
vn 0.940092 0.227183 5.7564e-17
v 0.158294 -0.0513865 0.291077
vn 0.956908 0.19351 5.85937e-17
v 0.158294 -0.0513865 0.285215
vn 6.12323e-17 -3.7494e-33 -1
v 0.151211 -0.0528172 0.285215
vn 0.956925 0.193473 5.85948e-17
v -0.237228 0.111571 0.285215
vn 6.12323e-17 -3.7494e-33 -1
v -0.219288 0.0894601 0.285215
vn -0.922161 -0.257759 -5.64661e-17
v -0.219288 0.0894601 0.281308
vn 6.12323e-17 -3.7494e-33 -1
v -0.189962 0.0736515 0.273494
vn -0.828704 -0.372964 -5.07435e-17
v -0.189962 0.0736515 0.281308
vn -0.828704 -0.372964 -5.07435e-17
v -0.205839 0.0932171 0.273494
vn -0.92209 -0.257873 -5.64617e-17
v 0.0996925 0.00205711 0.273494
vn 6.12323e-17 -3.7494e-33 -1
v 0.115611 -0.0218352 0.281308
vn 0.913964 0.270413 5.59642e-17
v 0.115611 -0.0218352 0.273494
vn 0.913964 0.270413 5.59642e-17
v 0.0996925 0.00205711 0.281308
vn 0.946625 0.214798 5.79641e-17
v 0.122772 -0.0309753 0.281308
vn 6.12323e-17 -3.7494e-33 -1
v 0.146779 -0.0439437 0.281308
vn 6.12323e-17 -3.7494e-33 -1
v 0.115611 -0.0218352 0.281308
vn 6.12323e-17 -3.7494e-33 -1
v 0.141642 -0.0352375 0.281308
vn 6.12323e-17 -3.7494e-33 -1
v -0.237228 0.111571 0.285215
vn -0.980102 -0.132272 -6.00139e-17
v -0.257036 0.136557 0.291077
vn 6.12323e-17 -3.7494e-33 -1
v -0.252926 0.109456 0.240284
vn 0.980786 0.130003 6.00558e-17
v -0.257036 0.136557 0.240284
vn 0.999987 0.00342609 6.12315e-17
v -0.252926 0.109456 0.291077
vn 0.980786 0.130003 6.00558e-17
v 0.135672 0.0102096 0.240284
vn -6.12323e-17 3.7494e-33 1
v 0.163132 -0.0291594 0.240284
vn -0.920441 -0.260476 -5.63607e-17
v 0.163132 -0.0291594 0.291077
vn -0.920441 -0.260476 -5.63607e-17
v 0.15679 -0.0198947 0.240284
vn -0.898579 -0.292416 -5.50221e-17
v 0.163132 -0.0291594 0.240284
vn -0.920693 -0.260079 -5.63762e-17
v 0.168724 -0.038638 0.240284
vn -0.939969 -0.227408 -5.75565e-17
v 0.163132 -0.0291594 0.291077
vn -0.920693 -0.260079 -5.63762e-17
v 0.168724 -0.038638 0.291077
vn -0.939969 -0.227408 -5.75565e-17
v 0.148456 -0.0333103 0.291077
vn 6.12323e-17 -3.7494e-33 -1
v 0.168724 -0.038638 0.291077
vn 6.12323e-17 -3.7494e-33 -1
v 0.153738 -0.0422591 0.291077
vn 0.940092 0.227183 5.7564e-17
v 0.146779 -0.0439437 0.285215
vn 6.12323e-17 -3.7494e-33 -1
v 0.153738 -0.0422591 0.285215
vn 6.12323e-17 -3.7494e-33 -1
v 0.151211 -0.0528172 0.281308
vn 0.956912 0.193502 5.85939e-17
v 0.146779 -0.0439437 0.281308
vn 0.940087 0.227191 5.75637e-17
v 0.151211 -0.0528172 0.285215
vn 0.956912 0.193502 5.85939e-17
v -0.22994 0.112552 0.285215
vn 6.12323e-17 -3.7494e-33 -1
v -0.219288 0.0894601 0.285215
vn -0.922331 -0.25749 -5.64765e-17
v -0.22994 0.112552 0.285215
vn -0.980126 -0.132192 -6.00154e-17
v -0.219288 0.0894601 0.281308
vn -0.922331 -0.25749 -5.64765e-17
v -0.205839 0.0932171 0.281308
vn 6.12323e-17 -3.7494e-33 -1
v -0.205839 0.0932171 0.281308
vn -0.92209 -0.257873 -5.64617e-17
v -0.205839 0.0932171 0.273494
vn 6.12323e-17 -3.7494e-33 -1
v 0.0996925 0.00205711 0.273494
vn 0.946625 0.214798 5.79641e-17
v 0.0996925 0.00205711 0.281308
vn 6.12323e-17 -3.7494e-33 -1
v 0.128688 -0.0176284 0.281308
vn 6.12323e-17 -3.7494e-33 -1
v 0.135816 -0.0267258 0.281308
vn 6.12323e-17 -3.7494e-33 -1
v -0.237228 0.111571 0.291077
vn -0.980238 -0.131824 -6.00223e-17
v -0.241022 0.136578 0.291077
vn -0.999997 -0.00156977 -6.12322e-17
v -0.237228 0.111571 0.285215
vn -0.980238 -0.131824 -6.00223e-17
v -0.241022 0.136578 0.291077
vn 6.12323e-17 -3.7494e-33 -1
v -0.257036 0.136557 0.291077
vn 0.999987 0.00342609 6.12315e-17
v -0.257036 0.136557 0.240284
vn -6.12323e-17 3.7494e-33 1
v 0.149715 -0.0108673 0.240284
vn -0.913964 -0.270414 -5.59641e-17
v 0.149715 -0.0108673 0.291077
vn -0.913964 -0.270414 -5.59641e-17
v 0.135672 0.0102096 0.240284
vn -0.945979 -0.216057 -5.79245e-17
v 0.15679 -0.0198947 0.240284
vn -0.898295 -0.292802 -5.50047e-17
v 0.15679 -0.0198947 0.291077
vn -0.898295 -0.292802 -5.50047e-17
v 0.149715 -0.0108673 0.240284
vn -0.88641 -0.308468 -5.42769e-17
v 0.15679 -0.0198947 0.291077
vn -0.898579 -0.292416 -5.50221e-17
v 0.142467 -0.0245581 0.291077
vn 6.12323e-17 -3.7494e-33 -1
v 0.163132 -0.0291594 0.291077
vn 6.12323e-17 -3.7494e-33 -1
v 0.148456 -0.0333103 0.291077
vn 0.920581 0.260256 5.63693e-17
v 0.153738 -0.0422591 0.291077
vn 0.940067 0.227228 5.75625e-17
v 0.148456 -0.0333103 0.285215
vn 0.920581 0.260256 5.63693e-17
v 0.153738 -0.0422591 0.285215
vn 0.940067 0.227228 5.75625e-17
v 0.141642 -0.0352375 0.285215
vn 6.12323e-17 -3.7494e-33 -1
v 0.146779 -0.0439437 0.285215
vn 0.940087 0.227191 5.75637e-17
v -0.241022 0.136578 0.285215
vn 6.12323e-17 -3.7494e-33 -1
v -0.22994 0.112552 0.281308
vn -0.980126 -0.132192 -6.00154e-17
v -0.22994 0.112552 0.281308
vn 6.12323e-17 -3.7494e-33 -1
v -0.205839 0.0932171 0.281308
vn -0.922402 -0.257376 -5.64808e-17
v -0.215645 0.114478 0.281308
vn -0.98009 -0.132312 -6.00132e-17
v -0.205839 0.0932171 0.273494
vn -0.922402 -0.257376 -5.64808e-17
v 0.0899345 0.0288989 0.273494
vn 6.12323e-17 -3.7494e-33 -1
v 0.0996925 0.00205711 0.273494
vn 0.946912 0.214236 5.79816e-17
v 0.0899345 0.0288989 0.273494
vn 0.989061 0.0982969 6.05625e-17
v 0.0996925 0.00205711 0.281308
vn 0.946912 0.214236 5.79816e-17
v 0.113489 0.0051831 0.281308
vn 6.12323e-17 -3.7494e-33 -1
v 0.146779 -0.0439437 0.281308
vn 0.940072 0.22722 5.75628e-17
v 0.141642 -0.0352375 0.281308
vn 0.920576 0.260263 5.6369e-17
v 0.146779 -0.0439437 0.285215
vn 0.940072 0.22722 5.75628e-17
v 0.135816 -0.0267258 0.281308
vn 0.898447 0.292595 5.5014e-17
v 0.135816 -0.0267258 0.285215
vn 0.898447 0.292595 5.5014e-17
v 0.141642 -0.0352375 0.281308
vn 0.920558 0.260292 5.63679e-17
v -0.241022 0.136578 0.285215
vn -0.999997 -0.00156977 -6.12322e-17
v -0.253088 0.163669 0.291077
vn 6.12323e-17 -3.7494e-33 -1
v -0.257036 0.136557 0.240284
vn 0.999999 -0.000744066 6.12323e-17
v -0.253088 0.163669 0.240284
vn 0.981563 -0.127372 6.01034e-17
v -0.257036 0.136557 0.291077
vn 0.999999 -0.000744066 6.12323e-17
v 0.127524 0.0326226 0.240284
vn -6.12323e-17 3.7494e-33 1
v 0.135672 0.0102096 0.291077
vn -0.945979 -0.216057 -5.79245e-17
v 0.149715 -0.0108673 0.291077
vn -0.88641 -0.308468 -5.42769e-17
v 0.135356 -0.0154847 0.291077
vn 6.12323e-17 -3.7494e-33 -1
v 0.15679 -0.0198947 0.291077
vn 6.12323e-17 -3.7494e-33 -1
v 0.148456 -0.0333103 0.291077
vn 0.920553 0.260299 5.63676e-17
v 0.148456 -0.0333103 0.285215
vn 0.920553 0.260299 5.63676e-17
v 0.142467 -0.0245581 0.291077
vn 0.898453 0.292587 5.50144e-17
v 0.148456 -0.0333103 0.285215
vn 6.12323e-17 -3.7494e-33 -1
v 0.141642 -0.0352375 0.285215
vn 0.920576 0.260263 5.6369e-17
v -0.233586 0.136588 0.285215
vn 6.12323e-17 -3.7494e-33 -1
v -0.22994 0.112552 0.285215
vn -0.980214 -0.131904 -6.00208e-17
v -0.233586 0.136588 0.285215
vn -0.999998 -0.00148779 -6.12322e-17
v -0.22994 0.112552 0.281308
vn -0.980214 -0.131904 -6.00208e-17
v -0.215645 0.114478 0.281308
vn 6.12323e-17 -3.7494e-33 -1
v -0.215645 0.114478 0.273494
vn -0.98009 -0.132312 -6.00132e-17
v -0.215645 0.114478 0.273494
vn 6.12323e-17 -3.7494e-33 -1
v 0.0899345 0.0288989 0.281308
vn 0.989061 0.0982969 6.05625e-17
v 0.0899345 0.0288989 0.281308
vn 6.12323e-17 -3.7494e-33 -1
v 0.113489 0.0051831 0.281308
vn 0.946698 0.214656 5.79685e-17
v 0.113489 0.0051831 0.285215
vn 0.946698 0.214656 5.79685e-17
v 0.128688 -0.0176284 0.281308
vn 0.913964 0.270413 5.59642e-17
v 0.128688 -0.0176284 0.281308
vn 0.88641 0.308468 5.42769e-17
v 0.128688 -0.0176284 0.285215
vn 0.88641 0.308468 5.42769e-17
v 0.135816 -0.0267258 0.281308
vn 0.898426 0.292624 5.50127e-17
v 0.141642 -0.0352375 0.285215
vn 0.920558 0.260292 5.63679e-17
v 0.135816 -0.0267258 0.285215
vn 0.898426 0.292624 5.50127e-17
v -0.241022 0.136578 0.291077
vn -0.999999 -0.00111271 -6.12323e-17
v -0.23738 0.161596 0.291077
vn -0.981026 0.129195 -6.00705e-17
v -0.241022 0.136578 0.285215
vn -0.999999 -0.00111271 -6.12323e-17
v -0.23738 0.161596 0.291077
vn 6.12323e-17 -3.7494e-33 -1
v -0.253088 0.163669 0.291077
vn 0.981563 -0.127372 6.01034e-17
v 0.125535 0.055646 0.240284
vn -6.12323e-17 3.7494e-33 1
v -0.253088 0.163669 0.240284
vn -6.12323e-17 3.7494e-33 1
v 0.127524 0.0326226 0.240284
vn -0.988768 -0.0995964 -6.05446e-17
v 0.135672 0.0102096 0.240284
vn -0.947544 -0.212991 -5.80203e-17
v 0.127524 0.0326226 0.291077
vn -0.988768 -0.0995964 -6.05446e-17
v 0.135672 0.0102096 0.291077
vn -0.947544 -0.212991 -5.80203e-17
v 0.149715 -0.0108673 0.291077
vn 6.12323e-17 -3.7494e-33 -1
v 0.120524 0.00677708 0.291077
vn 6.12323e-17 -3.7494e-33 -1
v 0.135672 0.0102096 0.291077
vn 6.12323e-17 -3.7494e-33 -1
v 0.142467 -0.0245581 0.291077
vn 0.89842 0.292631 5.50124e-17
v 0.142467 -0.0245581 0.285215
vn 0.89842 0.292631 5.50124e-17
v 0.135356 -0.0154847 0.291077
vn 0.88641 0.308468 5.42769e-17
v 0.142467 -0.0245581 0.285215
vn 0.898453 0.292587 5.50144e-17
v 0.135816 -0.0267258 0.285215
vn 6.12323e-17 -3.7494e-33 -1
v -0.23738 0.161596 0.285215
vn 6.12323e-17 -3.7494e-33 -1
v -0.233586 0.136588 0.281308
vn -0.999998 -0.00148779 -6.12322e-17
v -0.233586 0.136588 0.281308
vn 6.12323e-17 -3.7494e-33 -1
v -0.215645 0.114478 0.281308
vn -0.98025 -0.131784 -6.0023e-17
v -0.219003 0.136608 0.281308
vn -0.999997 -0.00161063 -6.12322e-17
v -0.215645 0.114478 0.273494
vn -0.98025 -0.131784 -6.0023e-17
v -0.219003 0.136608 0.273494
vn 6.12323e-17 -3.7494e-33 -1
v 0.0899345 0.0288989 0.273494
vn 0.989195 0.0976938 6.05707e-17
v 0.0875525 0.056471 0.273494
vn 0.999484 -0.0214014 6.12008e-17
v 0.0899345 0.0288989 0.281308
vn 0.989195 0.0976938 6.05707e-17
v 0.104348 0.0303262 0.281308
vn 6.12323e-17 -3.7494e-33 -1
v 0.128688 -0.0176284 0.285215
vn 0.913964 0.270413 5.59642e-17
v 0.113489 0.0051831 0.281308
vn 0.946834 0.214389 5.79769e-17
v 0.104348 0.0303262 0.281308
vn 0.989096 0.098137 6.05647e-17
v 0.113489 0.0051831 0.285215
vn 0.946834 0.214389 5.79769e-17
v 0.128688 -0.0176284 0.285215
vn 6.12323e-17 -3.7494e-33 -1
v 0.142467 -0.0245581 0.285215
vn 6.12323e-17 -3.7494e-33 -1
v -0.23738 0.161596 0.285215
vn -0.981026 0.129195 -6.00705e-17
v -0.226443 0.185653 0.291077
vn 6.12323e-17 -3.7494e-33 -1
v -0.253088 0.163669 0.240284
vn 0.980347 -0.131464 6.00289e-17
v -0.241235 0.189738 0.240284
vn 0.924988 -0.253221 5.66392e-17
v -0.253088 0.163669 0.291077
vn 0.980347 -0.131464 6.00289e-17
v 0.12977 0.0785341 0.240284
vn -6.12323e-17 3.7494e-33 1
v 0.125535 0.055646 0.240284
vn -0.999546 0.0200879 -6.12045e-17
v 0.127524 0.0326226 0.240284
vn -0.989483 -0.0963931 -6.05883e-17
v 0.125535 0.055646 0.291077
vn -0.999546 0.0200879 -6.12045e-17
v 0.127524 0.0326226 0.291077
vn -0.989483 -0.0963931 -6.05883e-17
v 0.111698 0.0310546 0.291077
vn 6.12323e-17 -3.7494e-33 -1
v 0.127524 0.0326226 0.291077
vn 6.12323e-17 -3.7494e-33 -1
v 0.135356 -0.0154847 0.285215
vn 0.88641 0.308468 5.42769e-17
v -0.230085 0.160634 0.285215
vn 6.12323e-17 -3.7494e-33 -1
v -0.233586 0.136588 0.285215
vn -0.999998 -0.00119462 -6.12322e-17
v -0.230085 0.160634 0.285215
vn -0.981002 0.129275 -6.00691e-17
v -0.233586 0.136588 0.281308
vn -0.999998 -0.00119462 -6.12322e-17
v -0.219003 0.136608 0.281308
vn 6.12323e-17 -3.7494e-33 -1
v -0.219003 0.136608 0.273494
vn -0.999997 -0.00161063 -6.12322e-17
v 0.0875525 0.056471 0.273494
vn 6.12323e-17 -3.7494e-33 -1
v 0.0875525 0.056471 0.281308
vn 0.999484 -0.0214014 6.12008e-17
v 0.0875525 0.056471 0.281308
vn 6.12323e-17 -3.7494e-33 -1
v 0.113489 0.0051831 0.285215
vn 6.12323e-17 -3.7494e-33 -1
v 0.135356 -0.0154847 0.285215
vn 6.12323e-17 -3.7494e-33 -1
v 0.104348 0.0303262 0.285215
vn 0.989096 0.098137 6.05647e-17
v -0.23738 0.161596 0.291077
vn -0.980893 0.129643 -6.00624e-17
v -0.226443 0.185653 0.291077
vn -0.923926 0.254938 -5.65741e-17
v -0.23738 0.161596 0.285215
vn -0.980893 0.129643 -6.00624e-17
v -0.241235 0.189738 0.291077
vn 6.12323e-17 -3.7494e-33 -1
v -0.241235 0.189738 0.291077
vn 0.924988 -0.253221 5.66392e-17
v -0.241235 0.189738 0.240284
vn -6.12323e-17 3.7494e-33 1
v 0.12977 0.0785341 0.240284
vn -0.977964 0.139122 -5.9883e-17
v 0.125535 0.055646 0.240284
vn -0.999387 0.0233249 -6.11948e-17
v 0.12977 0.0785341 0.291077
vn -0.977964 0.139122 -5.9883e-17
v 0.125535 0.055646 0.291077
vn -0.999387 0.0233249 -6.11948e-17
v 0.109543 0.0559932 0.291077
vn 6.12323e-17 -3.7494e-33 -1
v 0.125535 0.055646 0.291077
vn 6.12323e-17 -3.7494e-33 -1
v 0.111698 0.0310546 0.291077
vn 0.989082 0.0982003 6.05638e-17
v 0.120524 0.00677708 0.291077
vn 0.946865 0.214329 5.79787e-17
v 0.111698 0.0310546 0.285215
vn 0.989082 0.0982003 6.05638e-17
v 0.135356 -0.0154847 0.291077
vn 0.913964 0.270413 5.59642e-17
v 0.135356 -0.0154847 0.285215
vn 0.913964 0.270413 5.59642e-17
v 0.120524 0.00677708 0.291077
vn 0.946667 0.214716 5.79666e-17
v -0.219572 0.183755 0.285215
vn 6.12323e-17 -3.7494e-33 -1
v -0.230085 0.160634 0.281308
vn -0.981002 0.129275 -6.00691e-17
v -0.230085 0.160634 0.281308
vn 6.12323e-17 -3.7494e-33 -1
v -0.219003 0.136608 0.281308
vn -0.999999 -0.00107182 -6.12323e-17
v -0.215779 0.158747 0.281308
vn -0.981038 0.129154 -6.00713e-17
v -0.219003 0.136608 0.273494
vn -0.999999 -0.00107182 -6.12323e-17
v -0.215779 0.158747 0.273494
vn 6.12323e-17 -3.7494e-33 -1
v 0.0875525 0.056471 0.273494
vn 0.999454 -0.0220112 6.11989e-17
v 0.0926235 0.0838811 0.273494
vn 0.97755 -0.140407 5.98577e-17
v 0.0875525 0.056471 0.281308
vn 0.999454 -0.0220112 6.11989e-17
v 0.102117 0.0561544 0.281308
vn 6.12323e-17 -3.7494e-33 -1
v 0.120524 0.00677708 0.285215
vn 6.12323e-17 -3.7494e-33 -1
v 0.104348 0.0303262 0.285215
vn 6.12323e-17 -3.7494e-33 -1
v 0.104348 0.0303262 0.281308
vn 0.98916 0.0978538 6.05686e-17
v 0.102117 0.0561544 0.281308
vn 0.999476 -0.0215632 6.12003e-17
v 0.104348 0.0303262 0.285215
vn 0.98916 0.0978538 6.05686e-17
v -0.226443 0.185653 0.285215
vn -0.923926 0.254938 -5.65741e-17
v -0.208635 0.20781 0.291077
vn 6.12323e-17 -3.7494e-33 -1
v -0.241235 0.189738 0.240284
vn 0.922592 -0.257074 5.64925e-17
v -0.221938 0.213751 0.240284
vn 0.832462 -0.369229 5.09736e-17
v -0.241235 0.189738 0.291077
vn 0.922592 -0.257074 5.64925e-17
v 0.14009 0.100546 0.240284
vn -6.12323e-17 3.7494e-33 1
v 0.12977 0.0785341 0.291077
vn -0.976938 0.142287 -5.98202e-17
v 0.14009 0.100546 0.291077
vn -0.924722 0.253652 -5.66229e-17
v 0.12977 0.0785341 0.240284
vn -0.976938 0.142287 -5.98202e-17
v 0.11413 0.0807858 0.291077
vn 6.12323e-17 -3.7494e-33 -1
v 0.12977 0.0785341 0.291077
vn 6.12323e-17 -3.7494e-33 -1
v 0.109543 0.0559932 0.291077
vn 0.999479 -0.0214991 6.12005e-17
v 0.111698 0.0310546 0.291077
vn 0.989174 0.0977905 6.05694e-17
v 0.109543 0.0559932 0.285215
vn 0.999479 -0.0214991 6.12005e-17
v 0.120524 0.00677708 0.285215
vn 0.946865 0.214329 5.79787e-17
v 0.111698 0.0310546 0.285215
vn 0.989174 0.0977905 6.05694e-17
v 0.120524 0.00677708 0.285215
vn 0.946667 0.214716 5.79666e-17
v -0.226443 0.185653 0.285215
vn 6.12323e-17 -3.7494e-33 -1
v -0.230085 0.160634 0.285215
vn -0.980917 0.129563 -6.00638e-17
v -0.219572 0.183755 0.285215
vn -0.923879 0.255013 -5.65713e-17
v -0.230085 0.160634 0.281308
vn -0.980917 0.129563 -6.00638e-17
v -0.215779 0.158747 0.281308
vn 6.12323e-17 -3.7494e-33 -1
v -0.215779 0.158747 0.273494
vn -0.981038 0.129154 -6.00713e-17
v 0.0926235 0.0838811 0.273494
vn 6.12323e-17 -3.7494e-33 -1
v 0.0926235 0.0838811 0.281308
vn 0.97755 -0.140407 5.98577e-17
v 0.0926235 0.0838811 0.281308
vn 6.12323e-17 -3.7494e-33 -1
v 0.111698 0.0310546 0.285215
vn 6.12323e-17 -3.7494e-33 -1
v 0.102117 0.0561544 0.285215
vn 0.999476 -0.0215632 6.12003e-17
v -0.226443 0.185653 0.291077
vn -0.923663 0.25536 -5.65581e-17
v -0.208635 0.20781 0.291077
vn -0.830915 0.370773 -5.08789e-17
v -0.226443 0.185653 0.285215
vn -0.923663 0.25536 -5.65581e-17
v -0.221938 0.213751 0.291077
vn 6.12323e-17 -3.7494e-33 -1
v -0.221938 0.213751 0.291077
vn 0.832462 -0.369229 5.09736e-17
v -0.221938 0.213751 0.240284
vn -6.12323e-17 3.7494e-33 1
v 0.14009 0.100546 0.240284
vn -0.924722 0.253652 -5.66229e-17
v 0.14009 0.100546 0.291077
vn 6.12323e-17 -3.7494e-33 -1
v 0.11413 0.0807858 0.291077
vn 0.97752 -0.140503 5.98558e-17
v 0.109543 0.0559932 0.291077
vn 0.999459 -0.0219135 6.11992e-17
v 0.11413 0.0807858 0.285215
vn 0.97752 -0.140503 5.98558e-17
v 0.109543 0.0559932 0.285215
vn 0.999459 -0.0219135 6.11992e-17
v 0.102117 0.0561544 0.285215
vn 6.12323e-17 -3.7494e-33 -1
v 0.109543 0.0559932 0.285215
vn 6.12323e-17 -3.7494e-33 -1
v -0.202459 0.205052 0.285215
vn 6.12323e-17 -3.7494e-33 -1
v -0.219572 0.183755 0.281308
vn -0.923879 0.255013 -5.65713e-17
v -0.2061 0.180034 0.281308
vn 6.12323e-17 -3.7494e-33 -1
v -0.215779 0.158747 0.281308
vn -0.980881 0.129683 -6.00616e-17
v -0.2061 0.180034 0.281308
vn -0.923949 0.2549 -5.65756e-17
v -0.215779 0.158747 0.273494
vn -0.980881 0.129683 -6.00616e-17
v -0.2061 0.180034 0.273494
vn 6.12323e-17 -3.7494e-33 -1
v 0.0926235 0.0838811 0.273494
vn 0.977357 -0.141003 5.98459e-17
v 0.104984 0.110242 0.273494
vn 0.92397 -0.254867 5.65768e-17
v 0.0926235 0.0838811 0.281308
vn 0.977357 -0.141003 5.98459e-17
v 0.106867 0.0818307 0.281308
vn 6.12323e-17 -3.7494e-33 -1
v 0.102117 0.0561544 0.281308
vn 0.999462 -0.0218494 6.11994e-17
v 0.106867 0.0818307 0.281308
vn 0.977499 -0.140565 5.98546e-17
v 0.102117 0.0561544 0.285215
vn 0.999462 -0.0218494 6.11994e-17
v -0.208635 0.20781 0.285215
vn -0.830915 0.370773 -5.08789e-17
v -0.184651 0.227211 0.291077
vn 6.12323e-17 -3.7494e-33 -1
v -0.221938 0.213751 0.240284
vn 0.828978 -0.372694 5.07602e-17
v -0.195946 0.234775 0.240284
vn 0.707581 -0.470885 4.33269e-17
v -0.221938 0.213751 0.291077
vn 0.828978 -0.372694 5.07602e-17
v 0.156163 0.120969 0.240284
vn -6.12323e-17 3.7494e-33 1
v 0.14009 0.100546 0.291077
vn -0.922861 0.256645 -5.6509e-17
v 0.156163 0.120969 0.291077
vn -0.841543 0.359971 -5.15297e-17
v 0.14009 0.100546 0.240284
vn -0.922861 0.256645 -5.6509e-17
v 0.125308 0.104629 0.291077
vn 6.12323e-17 -3.7494e-33 -1
v 0.11413 0.0807858 0.285215
vn 0.977388 -0.140908 5.98478e-17
v 0.125308 0.104629 0.285215
vn 0.923914 -0.254957 5.65734e-17
v 0.11413 0.0807858 0.291077
vn 0.977388 -0.140908 5.98478e-17
v 0.106867 0.0818307 0.285215
vn 6.12323e-17 -3.7494e-33 -1
v 0.11413 0.0807858 0.285215
vn 6.12323e-17 -3.7494e-33 -1
v -0.208635 0.20781 0.285215
vn 6.12323e-17 -3.7494e-33 -1
v -0.219572 0.183755 0.285215
vn -0.92371 0.255284 -5.65609e-17
v -0.202459 0.205052 0.285215
vn -0.830846 0.370841 -5.08747e-17
v -0.219572 0.183755 0.281308
vn -0.92371 0.255284 -5.65609e-17
v -0.219572 0.183755 0.281308
vn 6.12323e-17 -3.7494e-33 -1
v -0.2061 0.180034 0.273494
vn -0.923949 0.2549 -5.65756e-17
v 0.104984 0.110242 0.273494
vn 6.12323e-17 -3.7494e-33 -1
v 0.104984 0.110242 0.281308
vn 0.92397 -0.254867 5.65768e-17
v 0.104984 0.110242 0.281308
vn 6.12323e-17 -3.7494e-33 -1
v 0.106867 0.0818307 0.285215
vn 0.977499 -0.140565 5.98546e-17
v -0.208635 0.20781 0.291077
vn -0.830533 0.371153 -5.08555e-17
v -0.184651 0.227211 0.291077
vn -0.70561 0.472197 -4.32061e-17
v -0.208635 0.20781 0.285215
vn -0.830533 0.371153 -5.08555e-17
v -0.195946 0.234775 0.291077
vn 6.12323e-17 -3.7494e-33 -1
v -0.195946 0.234775 0.291077
vn 0.707581 -0.470885 4.33269e-17
v -0.195946 0.234775 0.240284
vn -6.12323e-17 3.7494e-33 1
v 0.156163 0.120969 0.240284
vn -0.841543 0.359971 -5.15297e-17
v 0.156163 0.120969 0.291077
vn 6.12323e-17 -3.7494e-33 -1
v 0.125308 0.104629 0.291077
vn 0.923914 -0.254957 5.65734e-17
v 0.125308 0.104629 0.285215
vn 6.12323e-17 -3.7494e-33 -1
v -0.179405 0.223698 0.285215
vn 6.12323e-17 -3.7494e-33 -1
v -0.202459 0.205052 0.281308
vn -0.830846 0.370841 -5.08747e-17
v -0.190343 0.199642 0.281308
vn 6.12323e-17 -3.7494e-33 -1
v -0.2061 0.180034 0.281308
vn -0.92364 0.255398 -5.65566e-17
v -0.190343 0.199642 0.281308
vn -0.830949 0.370739 -5.08809e-17
v -0.2061 0.180034 0.273494
vn -0.92364 0.255398 -5.65566e-17
v -0.190343 0.199642 0.273494
vn 6.12323e-17 -3.7494e-33 -1
v 0.104984 0.110242 0.273494
vn 0.923619 -0.25543 5.65554e-17
v 0.124233 0.134701 0.273494
vn 0.840477 -0.361076 5.14644e-17
v 0.104984 0.110242 0.281308
vn 0.923619 -0.25543 5.65554e-17
v 0.118445 0.106524 0.281308
vn 6.12323e-17 -3.7494e-33 -1
v 0.106867 0.0818307 0.281308
vn 0.977409 -0.140845 5.9849e-17
v 0.118445 0.106524 0.281308
vn 0.923877 -0.255017 5.65711e-17
v 0.106867 0.0818307 0.285215
vn 0.977409 -0.140845 5.9849e-17
v -0.184651 0.227211 0.285215
vn -0.70561 0.472197 -4.32061e-17
v -0.155421 0.243098 0.291077
vn 6.12323e-17 -3.7494e-33 -1
v -0.195946 0.234775 0.240284
vn 0.703144 -0.473827 4.30552e-17
v -0.16427 0.251991 0.240284
vn 0.555201 -0.554238 3.39962e-17
v -0.195946 0.234775 0.291077
vn 0.703144 -0.473827 4.30552e-17
v 0.177468 0.139143 0.240284
vn -6.12323e-17 3.7494e-33 1
v 0.156163 0.120969 0.291077
vn -0.838909 0.362691 -5.13684e-17
v 0.177468 0.139143 0.291077
vn -0.731121 0.454636 -4.47682e-17
v 0.156163 0.120969 0.240284
vn -0.838909 0.362691 -5.13684e-17
v 0.142719 0.126751 0.291077
vn 6.12323e-17 -3.7494e-33 -1
v 0.125308 0.104629 0.285215
vn 0.923675 -0.25534 5.65588e-17
v 0.142719 0.126751 0.285215
vn 0.840397 -0.361158 5.14595e-17
v 0.125308 0.104629 0.291077
vn 0.923675 -0.25534 5.65588e-17
v 0.118445 0.106524 0.285215
vn 6.12323e-17 -3.7494e-33 -1
v -0.184651 0.227211 0.285215
vn 6.12323e-17 -3.7494e-33 -1
v -0.202459 0.205052 0.285215
vn -0.830601 0.371085 -5.08597e-17
v -0.179405 0.223698 0.285215
vn -0.705522 0.472255 -4.32008e-17
v -0.202459 0.205052 0.281308
vn -0.830601 0.371085 -5.08597e-17
v -0.202459 0.205052 0.281308
vn 6.12323e-17 -3.7494e-33 -1
v -0.190343 0.199642 0.273494
vn -0.830949 0.370739 -5.08809e-17
v 0.124233 0.134701 0.273494
vn 6.12323e-17 -3.7494e-33 -1
v 0.124233 0.134701 0.281308
vn 0.840477 -0.361076 5.14644e-17
v 0.136476 0.129435 0.281308
vn 6.12323e-17 -3.7494e-33 -1
v 0.118445 0.106524 0.285215
vn 0.923877 -0.255017 5.65711e-17
v -0.184651 0.227211 0.291077
vn -0.705123 0.472519 -4.31763e-17
v -0.155421 0.243098 0.291077
vn -0.552881 0.555267 -3.38542e-17
v -0.184651 0.227211 0.285215
vn -0.705123 0.472519 -4.31763e-17
v -0.16427 0.251991 0.291077
vn 6.12323e-17 -3.7494e-33 -1
v -0.16427 0.251991 0.291077
vn 0.555201 -0.554238 3.39962e-17
v 0.121524 0.172979 0.240284
vn -6.12323e-17 3.7494e-33 1
v -0.16427 0.251991 0.240284
vn -6.12323e-17 3.7494e-33 1
v 0.13 0.159334 0.240284
vn -6.12323e-17 3.7494e-33 1
v 0.177468 0.139143 0.240284
vn -0.731121 0.454636 -4.47682e-17
v 0.177468 0.139143 0.291077
vn 6.12323e-17 -3.7494e-33 -1
v 0.142719 0.126751 0.291077
vn 0.840397 -0.361158 5.14595e-17
v 0.142719 0.126751 0.285215
vn 6.12323e-17 -3.7494e-33 -1
v -0.151313 0.238968 0.285215
vn 6.12323e-17 -3.7494e-33 -1
v -0.179405 0.223698 0.281308
vn -0.705522 0.472255 -4.32008e-17
v -0.169119 0.216809 0.281308
vn 6.12323e-17 -3.7494e-33 -1
v -0.190343 0.199642 0.281308
vn -0.830499 0.371186 -5.08534e-17
v -0.169119 0.216809 0.281308
vn -0.705653 0.472168 -4.32088e-17
v -0.190343 0.199642 0.273494
vn -0.830499 0.371186 -5.08534e-17
v -0.169119 0.216809 0.273494
vn 6.12323e-17 -3.7494e-33 -1
v 0.124233 0.134701 0.281308
vn 6.12323e-17 -3.7494e-33 -1
v 0.124233 0.134701 0.273494
vn 0.83998 -0.361589 5.1434e-17
v 0.149747 0.156464 0.273494
vn 0.729773 -0.455596 4.46857e-17
v 0.124233 0.134701 0.281308
vn 0.83998 -0.361589 5.1434e-17
v 0.118445 0.106524 0.281308
vn 0.923712 -0.255281 5.65611e-17
v 0.136476 0.129435 0.281308
vn 0.840345 -0.361212 5.14563e-17
v 0.118445 0.106524 0.285215
vn 0.923712 -0.255281 5.65611e-17
v -0.155421 0.243098 0.285215
vn -0.552881 0.555267 -3.38542e-17
v -0.122082 0.254855 0.291077
vn 6.12323e-17 -3.7494e-33 -1
v -0.16427 0.251991 0.240284
vn 0.549984 -0.556543 3.36768e-17
v -0.128141 0.264732 0.240284
vn 0.381241 -0.616052 2.33443e-17
v -0.16427 0.251991 0.291077
vn 0.549984 -0.556543 3.36768e-17
v 0.12357 0.17534 0.240284
vn -6.12323e-17 3.7494e-33 1
v 0.120464 0.170346 0.240284
vn -6.12323e-17 3.7494e-33 1
v 0.126458 0.160697 0.240284
vn -6.12323e-17 3.7494e-33 1
v 0.133951 0.158628 0.240284
vn -6.12323e-17 3.7494e-33 1
v 0.177468 0.139143 0.291077
vn -0.727796 0.456999 -4.45646e-17
v 0.203314 0.154477 0.291077
vn -0.664965 0.497702 -4.07174e-17
v 0.177468 0.139143 0.240284
vn -0.727796 0.456999 -4.45646e-17
v 0.165796 0.146436 0.291077
vn 6.12323e-17 -3.7494e-33 -1
v 0.142719 0.126751 0.285215
vn 0.84006 -0.361507 5.14388e-17
v 0.165796 0.146436 0.285215
vn 0.729673 -0.455667 4.46796e-17
v 0.142719 0.126751 0.291077
vn 0.84006 -0.361507 5.14388e-17
v 0.136476 0.129435 0.285215
vn 6.12323e-17 -3.7494e-33 -1
v -0.155421 0.243098 0.285215
vn 6.12323e-17 -3.7494e-33 -1
v -0.179405 0.223698 0.285215
vn -0.705211 0.472461 -4.31817e-17
v -0.151313 0.238968 0.285215
vn -0.552778 0.555312 -3.38479e-17
v -0.179405 0.223698 0.281308
vn -0.705211 0.472461 -4.31817e-17
v -0.179405 0.223698 0.281308
vn 6.12323e-17 -3.7494e-33 -1
v -0.169119 0.216809 0.273494
vn -0.705653 0.472168 -4.32088e-17
v -0.143253 0.230868 0.273494
vn 6.12323e-17 -3.7494e-33 -1
v 0.160377 0.149823 0.281308
vn 6.12323e-17 -3.7494e-33 -1
v 0.149747 0.156464 0.281308
vn 0.729773 -0.455596 4.46857e-17
v 0.149747 0.156464 0.273494
vn 6.12323e-17 -3.7494e-33 -1
v 0.136476 0.129435 0.285215
vn 0.840345 -0.361212 5.14563e-17
v -0.155421 0.243098 0.291077
vn -0.552309 0.55552 -3.38192e-17
v -0.122082 0.254855 0.291077
vn -0.378663 0.616757 -2.31864e-17
v -0.155421 0.243098 0.285215
vn -0.552309 0.55552 -3.38192e-17
v -0.128141 0.264732 0.291077
vn 6.12323e-17 -3.7494e-33 -1
v -0.128141 0.264732 0.291077
vn 0.381241 -0.616052 2.33443e-17
v 0.216514 0.168441 0.240284
vn -6.12323e-17 3.7494e-33 1
v -0.128141 0.264732 0.240284
vn -6.12323e-17 3.7494e-33 1
v 0.126463 0.177266 0.240284
vn -6.12323e-17 3.7494e-33 1
v 0.12357 0.17534 0.240284
vn 0.793488 -0.405549 4.85871e-17
v 0.121524 0.172979 0.240284
vn 0.923625 -0.255421 5.65557e-17
v 0.12357 0.17534 0.187539
vn 0.793488 -0.405549 4.85871e-17
v 0.121524 0.172979 0.240284
vn 0.923964 -0.254876 5.65765e-17
v 0.120464 0.170346 0.240284
vn 0.991358 -0.0874196 6.07032e-17
v 0.121524 0.172979 0.187539
vn 0.923964 -0.254876 5.65765e-17
v 0.120463 0.16762 0.240284
vn -6.12323e-17 3.7494e-33 1
v 0.123566 0.162625 0.240284
vn -6.12323e-17 3.7494e-33 1
v 0.13 0.159334 0.240284
vn 0.383298 0.615484 2.34702e-17
v 0.13 0.159334 0.187539
vn 0.383298 0.615484 2.34702e-17
v 0.126458 0.160697 0.240284
vn 0.608586 0.528764 3.72652e-17
v 0.138042 0.158628 0.240284
vn -6.12323e-17 3.7494e-33 1
v 0.133951 0.158628 0.240284
vn 0.131186 0.66062 8.03282e-18
v 0.133951 0.158628 0.187539
vn 0.131186 0.66062 8.03282e-18
v 0.13 0.159334 0.240284
vn 0.382479 0.61571 2.34201e-17
v 0.203314 0.154477 0.240284
vn -0.664965 0.497702 -4.07174e-17
v 0.203314 0.154477 0.291077
vn 6.12323e-17 -3.7494e-33 -1
v 0.165796 0.146436 0.291077
vn 0.729673 -0.455667 4.46796e-17
v 0.165796 0.146436 0.285215
vn 6.12323e-17 -3.7494e-33 -1
v -0.119269 0.250268 0.285215
vn 6.12323e-17 -3.7494e-33 -1
v -0.151313 0.238968 0.281308
vn -0.552778 0.555312 -3.38479e-17
v -0.143253 0.230868 0.281308
vn 6.12323e-17 -3.7494e-33 -1
v -0.169119 0.216809 0.281308
vn -0.70508 0.472548 -4.31737e-17
v -0.143253 0.230868 0.281308
vn -0.552932 0.555244 -3.38573e-17
v -0.169119 0.216809 0.273494
vn -0.70508 0.472548 -4.31737e-17
v -0.143253 0.230868 0.273494
vn -0.552932 0.555244 -3.38573e-17
v 0.149747 0.156464 0.281308
vn 6.12323e-17 -3.7494e-33 -1
v 0.136476 0.129435 0.281308
vn 0.840112 -0.361453 5.1442e-17
v 0.160377 0.149823 0.281308
vn 0.729607 -0.455714 4.46756e-17
v 0.136476 0.129435 0.285215
vn 0.840112 -0.361453 5.1442e-17
v 0.149747 0.156464 0.273494
vn 0.729189 -0.456011 4.465e-17
v 0.176513 0.172345 0.273494
vn 0.664965 -0.497701 4.07174e-17
v 0.149747 0.156464 0.281308
vn 0.729189 -0.456011 4.465e-17
v -0.113751 0.241272 0.273494
vn 6.12323e-17 -3.7494e-33 -1
v -0.122082 0.254855 0.285215
vn -0.378663 0.616757 -2.31864e-17
v -0.0859305 0.262025 0.291077
vn 6.12323e-17 -3.7494e-33 -1
v -0.128141 0.264732 0.291077
vn 0.375447 -0.617629 2.29895e-17
v -0.128141 0.264732 0.240284
vn 0.375447 -0.617629 2.29895e-17
v -0.0889635 0.272503 0.291077
vn 0.192464 -0.65392 1.1785e-17
v 0.21842 0.173846 0.240284
vn -6.12323e-17 3.7494e-33 1
v 0.213298 0.16332 0.240284
vn -6.12323e-17 3.7494e-33 1
v 0.130007 0.178629 0.240284
vn -6.12323e-17 3.7494e-33 1
v 0.126463 0.177266 0.240284
vn 0.608937 -0.528584 3.72867e-17
v 0.12357 0.17534 0.240284
vn 0.792948 -0.406018 4.8554e-17
v 0.126463 0.177266 0.187539
vn 0.608937 -0.528584 3.72867e-17
v 0.121524 0.172979 0.187539
vn 0.923625 -0.255421 5.65557e-17
v 0.12357 0.17534 0.187539
vn 0.792948 -0.406018 4.8554e-17
v 0.120464 0.170346 0.187539
vn 0.991358 -0.0874196 6.07032e-17
v 0.120464 0.170346 0.240284
vn 0.991474 -0.0868339 6.07103e-17
v 0.120463 0.16762 0.240284
vn 0.991531 0.0865407 6.07138e-17
v 0.120464 0.170346 0.187539
vn 0.991474 -0.0868339 6.07103e-17
v 0.121521 0.164986 0.240284
vn -6.12323e-17 3.7494e-33 1
v 0.126458 0.160697 0.240284
vn 0.609289 0.528404 3.73082e-17
v 0.126458 0.160697 0.187539
vn 0.609289 0.528404 3.73082e-17
v 0.123566 0.162625 0.240284
vn 0.793218 0.405784 4.85706e-17
v 0.126458 0.160697 0.187539
vn 0.608586 0.528764 3.72652e-17
v 0.13 0.159334 0.187539
vn 0.382479 0.61571 2.34201e-17
v 0.141994 0.159332 0.240284
vn -6.12323e-17 3.7494e-33 1
v 0.138042 0.158628 0.240284
vn -0.129868 0.660736 -7.95211e-18
v 0.138042 0.158628 0.187539
vn -0.129868 0.660736 -7.95211e-18
v 0.133951 0.158628 0.240284
vn 0.130306 0.660698 7.97895e-18
v 0.133951 0.158628 0.187539
vn 0.130306 0.660698 7.97895e-18
v 0.203314 0.154477 0.240284
vn -6.12323e-17 3.7494e-33 1
v 0.151536 0.167615 0.240284
vn -6.12323e-17 3.7494e-33 1
v 0.203314 0.154477 0.291077
vn -0.746617 0.443312 -4.57171e-17
v 0.208858 0.158623 0.291077
vn -0.798783 0.400906 -4.89113e-17
v 0.203314 0.154477 0.240284
vn -0.746617 0.443312 -4.57171e-17
v 0.192031 0.162 0.291077
vn 6.12323e-17 -3.7494e-33 -1
v 0.165796 0.146436 0.285215
vn 0.729261 -0.455961 4.46543e-17
v 0.192031 0.162 0.285215
vn 0.664965 -0.497702 4.07174e-17
v 0.165796 0.146436 0.291077
vn 0.729261 -0.455961 4.46543e-17
v 0.160377 0.149823 0.285215
vn 6.12323e-17 -3.7494e-33 -1
v -0.122082 0.254855 0.285215
vn 6.12323e-17 -3.7494e-33 -1
v -0.151313 0.238968 0.285215
vn -0.552412 0.555474 -3.38255e-17
v -0.119269 0.250268 0.285215
vn -0.378549 0.616788 -2.31795e-17
v -0.151313 0.238968 0.281308
vn -0.552412 0.555474 -3.38255e-17
v -0.151313 0.238968 0.281308
vn 6.12323e-17 -3.7494e-33 -1
v -0.143253 0.230868 0.281308
vn -0.552258 0.555542 -3.38161e-17
v -0.113751 0.241272 0.281308
vn -0.37872 0.616741 -2.31899e-17
v -0.143253 0.230868 0.273494
vn -0.552258 0.555542 -3.38161e-17
v 0.186789 0.165494 0.281308
vn 6.12323e-17 -3.7494e-33 -1
v 0.160377 0.149823 0.285215
vn 0.729607 -0.455714 4.46756e-17
v 0.176513 0.172345 0.281308
vn 0.664965 -0.497701 4.07174e-17
v 0.176513 0.172345 0.273494
vn 6.12323e-17 -3.7494e-33 -1
v -0.113751 0.241272 0.273494
vn -0.37872 0.616741 -2.31899e-17
v -0.122082 0.254855 0.285215
vn -0.378028 0.61693 -2.31476e-17
v -0.122082 0.254855 0.291077
vn -0.378028 0.61693 -2.31476e-17
v -0.0859305 0.262025 0.285215
vn -0.189728 0.654276 -1.16175e-17
v -0.0889635 0.272503 0.291077
vn 6.12323e-17 -3.7494e-33 -1
v -0.0859305 0.262025 0.291077
vn -0.189728 0.654276 -1.16175e-17
v -0.0889635 0.272503 0.240284
vn 0.192464 -0.65392 1.1785e-17
v 0.180358 0.188474 0.240284
vn -6.12323e-17 3.7494e-33 1
v 0.21842 0.173846 0.240284
vn -0.989011 0.0985188 -6.05595e-17
v 0.216514 0.168441 0.240284
vn -0.951414 0.205189 -5.82573e-17
v 0.21842 0.173846 0.291077
vn -0.989011 0.0985188 -6.05595e-17
v 0.216514 0.168441 0.240284
vn -0.951075 0.205884 -5.82365e-17
v 0.213298 0.16332 0.240284
vn -0.887588 0.30696 -5.43491e-17
v 0.216514 0.168441 0.291077
vn -0.951075 0.205884 -5.82365e-17
v 0.141999 0.178627 0.240284
vn -6.12323e-17 3.7494e-33 1
v 0.133958 0.179334 0.240284
vn -6.12323e-17 3.7494e-33 1
v 0.130007 0.178629 0.240284
vn 0.382888 -0.615598 2.34451e-17
v 0.126463 0.177266 0.240284
vn 0.608234 -0.528943 3.72436e-17
v 0.130007 0.178629 0.187539
vn 0.382888 -0.615598 2.34451e-17
v 0.126463 0.177266 0.187539
vn 0.608234 -0.528943 3.72436e-17
v 0.12357 0.17534 0.187539
vn 6.12323e-17 -3.7494e-33 -1
v 0.151536 0.167615 0.187539
vn 6.12323e-17 -3.7494e-33 -1
v 0.121524 0.172979 0.187539
vn 6.12323e-17 -3.7494e-33 -1
v 0.121524 0.172979 0.187539
vn -6.12323e-17 3.7494e-33 1
v 0.151536 0.167615 0.187539
vn -6.12323e-17 3.7494e-33 1
v 0.12357 0.17534 0.187539
vn -6.12323e-17 3.7494e-33 1
v 0.126463 0.177266 0.187539
vn 6.12323e-17 -3.7494e-33 -1
v 0.126463 0.177266 0.187539
vn -6.12323e-17 3.7494e-33 1
v 0.148429 0.162622 0.187539
vn 6.12323e-17 -3.7494e-33 -1
v 0.120464 0.170346 0.187539
vn 6.12323e-17 -3.7494e-33 -1
v 0.120464 0.170346 0.187539
vn -6.12323e-17 3.7494e-33 1
v 0.148429 0.162622 0.187539
vn -6.12323e-17 3.7494e-33 1
v 0.120463 0.16762 0.187539
vn 0.991531 0.0865407 6.07138e-17
v 0.120463 0.16762 0.240284
vn 0.991416 0.0871264 6.07067e-17
v 0.121521 0.164986 0.240284
vn 0.924134 0.254603 5.65869e-17
v 0.120463 0.16762 0.187539
vn 0.991416 0.0871264 6.07067e-17
v 0.123566 0.162625 0.240284
vn 0.793757 0.405315 4.86036e-17
v 0.123566 0.162625 0.187539
vn 0.793757 0.405315 4.86036e-17
v 0.121521 0.164986 0.240284
vn 0.923795 0.255149 5.65661e-17
v 0.123566 0.162625 0.187539
vn 0.793218 0.405784 4.85706e-17
v 0.126458 0.160697 0.187539
vn 6.12323e-17 -3.7494e-33 -1
v 0.133951 0.158628 0.187539
vn 6.12323e-17 -3.7494e-33 -1
v 0.13 0.159334 0.187539
vn 6.12323e-17 -3.7494e-33 -1
v 0.13 0.159334 0.187539
vn -6.12323e-17 3.7494e-33 1
v 0.133951 0.158628 0.187539
vn -6.12323e-17 3.7494e-33 1
v 0.126458 0.160697 0.187539
vn -6.12323e-17 3.7494e-33 1
v 0.145537 0.160695 0.240284
vn -6.12323e-17 3.7494e-33 1
v 0.141994 0.159332 0.240284
vn -0.382068 0.615824 -2.33949e-17
v 0.141994 0.159332 0.187539
vn -0.382068 0.615824 -2.33949e-17
v 0.138042 0.158628 0.240284
vn -0.130745 0.660659 -8.00583e-18
v 0.138042 0.158628 0.187539
vn -0.130745 0.660659 -8.00583e-18
v 0.123566 0.162625 0.187539
vn 6.12323e-17 -3.7494e-33 -1
v 0.138042 0.158628 0.187539
vn 6.12323e-17 -3.7494e-33 -1
v 0.138042 0.158628 0.187539
vn -6.12323e-17 3.7494e-33 1
v 0.123566 0.162625 0.187539
vn -6.12323e-17 3.7494e-33 1
v 0.151537 0.170341 0.240284
vn -6.12323e-17 3.7494e-33 1
v 0.150476 0.164982 0.240284
vn -6.12323e-17 3.7494e-33 1
v 0.208858 0.158623 0.240284
vn -0.798783 0.400906 -4.89113e-17
v 0.208858 0.158623 0.291077
vn 6.12323e-17 -3.7494e-33 -1
v 0.192031 0.162 0.291077
vn 0.664965 -0.497702 4.07174e-17
v 0.192031 0.162 0.285215
vn 6.12323e-17 -3.7494e-33 -1
v -0.0845225 0.257159 0.285215
vn 6.12323e-17 -3.7494e-33 -1
v -0.119269 0.250268 0.281308
vn -0.378549 0.616788 -2.31795e-17
v -0.113751 0.241272 0.281308
vn 6.12323e-17 -3.7494e-33 -1
v 0.190146 0.168004 0.281308
vn 6.12323e-17 -3.7494e-33 -1
v 0.160377 0.149823 0.281308
vn 0.729326 -0.455914 4.46584e-17
v 0.186789 0.165494 0.281308
vn 0.664965 -0.497701 4.07174e-17
v 0.160377 0.149823 0.285215
vn 0.729326 -0.455914 4.46584e-17
v 0.176513 0.172345 0.281308
vn 6.12323e-17 -3.7494e-33 -1
v 0.176513 0.172345 0.273494
vn 0.746617 -0.443312 4.57171e-17
v 0.178509 0.173838 0.273494
vn 0.799095 -0.40063 4.89304e-17
v 0.176513 0.172345 0.281308
vn 0.746617 -0.443312 4.57171e-17
v 0.178509 0.173838 0.273494
vn 6.12323e-17 -3.7494e-33 -1
v -0.113751 0.241272 0.273494
vn -0.377971 0.616945 -2.31441e-17
v -0.113751 0.241272 0.281308
vn -0.377971 0.616945 -2.31441e-17
v -0.0817605 0.247617 0.273494
vn -0.189789 0.654268 -1.16212e-17
v -0.0859305 0.262025 0.285215
vn 6.12323e-17 -3.7494e-33 -1
v -0.0507205 0.264185 0.291077
vn 6.12323e-17 -3.7494e-33 -1
v -0.0859305 0.262025 0.285215
vn -0.189076 0.654359 -1.15776e-17
v -0.0859305 0.262025 0.291077
vn -0.189076 0.654359 -1.15776e-17
v -0.0507205 0.264185 0.285215
vn -0.0916804 0.663572 -5.61381e-18
v -0.0889635 0.272503 0.291077
vn 0.186317 -0.654711 1.14086e-17
v -0.0889635 0.272503 0.240284
vn 0.186317 -0.654711 1.14086e-17
v -0.0482585 0.275 0.291077
vn 0.0916799 -0.663573 5.61378e-18
v 0.00694351 0.244864 0.240284
vn -6.12323e-17 3.7494e-33 1
v -0.0889635 0.272503 0.240284
vn -6.12323e-17 3.7494e-33 1
v 0.177878 0.189429 0.240284
vn -6.12323e-17 3.7494e-33 1
v 0.183123 0.18798 0.240284
vn -6.12323e-17 3.7494e-33 1
v 0.216514 0.168441 0.291077
vn -0.951414 0.205189 -5.82573e-17
v 0.21842 0.173846 0.291077
vn -0.989173 0.0977945 -6.05694e-17
v 0.218961 0.179387 0.291077
vn -0.99985 -0.0115468 -6.12231e-17
v 0.21842 0.173846 0.240284
vn -0.989173 0.0977945 -6.05694e-17
v 0.213298 0.16332 0.291077
vn -0.887588 0.30696 -5.43491e-17
v 0.208858 0.158623 0.240284
vn -6.12323e-17 3.7494e-33 1
v 0.138048 0.179333 0.240284
vn -6.12323e-17 3.7494e-33 1
v 0.130007 0.178629 0.240284
vn 0.382069 -0.615824 2.3395e-17
v 0.130007 0.178629 0.187539
vn 0.382069 -0.615824 2.3395e-17
v 0.133958 0.179334 0.240284
vn 0.130746 -0.660659 8.00589e-18
v 0.130007 0.178629 0.187539
vn 6.12323e-17 -3.7494e-33 -1
v 0.151537 0.170341 0.187539
vn 6.12323e-17 -3.7494e-33 -1
v 0.151537 0.170341 0.187539
vn -6.12323e-17 3.7494e-33 1
v 0.130007 0.178629 0.187539
vn -6.12323e-17 3.7494e-33 1
v 0.150476 0.164982 0.187539
vn 6.12323e-17 -3.7494e-33 -1
v 0.150476 0.164982 0.187539
vn -6.12323e-17 3.7494e-33 1
v 0.145537 0.160695 0.187539
vn 6.12323e-17 -3.7494e-33 -1
v 0.145537 0.160695 0.187539
vn -6.12323e-17 3.7494e-33 1
v 0.120463 0.16762 0.187539
vn 6.12323e-17 -3.7494e-33 -1
v 0.120463 0.16762 0.187539
vn -6.12323e-17 3.7494e-33 1
v 0.121521 0.164986 0.187539
vn 0.924134 0.254603 5.65869e-17
v 0.121521 0.164986 0.187539
vn 0.923795 0.255149 5.65661e-17
v 0.148429 0.162622 0.240284
vn -6.12323e-17 3.7494e-33 1
v 0.141994 0.159332 0.240284
vn -0.382888 0.615598 -2.34451e-17
v 0.145537 0.160695 0.240284
vn -0.608235 0.528943 -3.72436e-17
v 0.141994 0.159332 0.187539
vn -0.382888 0.615598 -2.34451e-17
v 0.121521 0.164986 0.187539
vn 6.12323e-17 -3.7494e-33 -1
v 0.141994 0.159332 0.187539
vn 6.12323e-17 -3.7494e-33 -1
v 0.141994 0.159332 0.187539
vn -6.12323e-17 3.7494e-33 1
v 0.121521 0.164986 0.187539
vn -6.12323e-17 3.7494e-33 1
v 0.150479 0.172975 0.240284
vn -6.12323e-17 3.7494e-33 1
v 0.151536 0.167615 0.240284
vn -0.991474 0.0868339 -6.07103e-17
v 0.151537 0.170341 0.240284
vn -0.991531 -0.0865407 -6.07138e-17
v 0.151536 0.167615 0.187539
vn -0.991474 0.0868339 -6.07103e-17
v 0.151536 0.167615 0.240284
vn -0.991358 0.0874196 -6.07032e-17
v 0.151536 0.167615 0.187539
vn -0.991358 0.0874196 -6.07032e-17
v 0.150476 0.164982 0.240284
vn -0.923964 0.254876 -5.65765e-17
v 0.208858 0.158623 0.291077
vn -0.799443 0.400322 -4.89518e-17
v 0.213298 0.16332 0.291077
vn -0.887081 0.30761 -5.4318e-17
v 0.208858 0.158623 0.240284
vn -0.799443 0.400322 -4.89518e-17
v 0.19608 0.165029 0.291077
vn 6.12323e-17 -3.7494e-33 -1
v 0.192031 0.162 0.285215
vn 0.746617 -0.443312 4.57171e-17
v 0.19608 0.165029 0.285215
vn 0.799085 -0.400639 4.89299e-17
v 0.192031 0.162 0.291077
vn 0.746617 -0.443312 4.57171e-17
v 0.186789 0.165494 0.285215
vn 6.12323e-17 -3.7494e-33 -1
v -0.0845225 0.257159 0.285215
vn -0.189608 0.654291 -1.16101e-17
v -0.0845225 0.257159 0.281308
vn -0.189608 0.654291 -1.16101e-17
v -0.119269 0.250268 0.285215
vn -0.378142 0.616899 -2.31545e-17
v -0.119269 0.250268 0.281308
vn 6.12323e-17 -3.7494e-33 -1
v -0.119269 0.250268 0.281308
vn -0.378142 0.616899 -2.31545e-17
v 0.186789 0.165494 0.281308
vn 0.746617 -0.443312 4.57171e-17
v 0.190146 0.168004 0.281308
vn 0.799098 -0.400628 4.89306e-17
v 0.186789 0.165494 0.285215
vn 0.746617 -0.443312 4.57171e-17
v 0.186789 0.165494 0.285215
vn 0.664965 -0.497701 4.07174e-17
v 0.178509 0.173838 0.281308
vn 6.12323e-17 -3.7494e-33 -1
v 0.178509 0.173838 0.281308
vn 0.799095 -0.40063 4.89304e-17
v 0.179599 0.17499 0.273494
vn 6.12323e-17 -3.7494e-33 -1
v -0.0817605 0.247617 0.281308
vn -0.189789 0.654268 -1.16212e-17
v -0.0817605 0.247617 0.273494
vn 6.12323e-17 -3.7494e-33 -1
v -0.0518645 0.259163 0.285215
vn 6.12323e-17 -3.7494e-33 -1
v -0.0482585 0.275 0.291077
vn 6.12323e-17 -3.7494e-33 -1
v -0.0507205 0.264185 0.291077
vn -0.0916804 0.663572 -5.61381e-18
v -0.0507205 0.264185 0.285215
vn 6.12323e-17 -3.7494e-33 -1
v -0.0482585 0.275 0.240284
vn 0.0916799 -0.663573 5.61378e-18
v 0.00763251 0.246576 0.240284
vn -6.12323e-17 3.7494e-33 1
v 0.00694251 0.243092 0.240284
vn -6.12323e-17 3.7494e-33 1
v 0.175854 0.190778 0.240284
vn -6.12323e-17 3.7494e-33 1
v 0.180358 0.188474 0.240284
vn 0.385723 0.614811 2.36187e-17
v 0.180358 0.188474 -0.291077
vn 0.385723 0.614811 2.36187e-17
v 0.177878 0.189429 0.240284
vn 0.606511 0.529821 3.71381e-17
v 0.185987 0.18798 0.240284
vn -6.12323e-17 3.7494e-33 1
v 0.183123 0.18798 0.240284
vn 0.133776 0.66039 8.19143e-18
v 0.183123 0.18798 -0.291077
vn 0.133776 0.66039 8.19143e-18
v 0.180358 0.188474 0.240284
vn 0.380051 0.616378 2.32714e-17
v 0.216514 0.168441 0.291077
vn 6.12323e-17 -3.7494e-33 -1
v 0.202604 0.175416 0.291077
vn 6.12323e-17 -3.7494e-33 -1
v 0.21842 0.173846 0.291077
vn 6.12323e-17 -3.7494e-33 -1
v 0.218961 0.179387 0.240284
vn -0.99985 -0.0115468 -6.12231e-17
v 0.202402 0.182965 0.291077
vn 6.12323e-17 -3.7494e-33 -1
v 0.218961 0.179387 0.291077
vn 6.12323e-17 -3.7494e-33 -1
v 0.213298 0.16332 0.291077
vn 6.12323e-17 -3.7494e-33 -1
v 0.201305 0.171728 0.291077
vn 6.12323e-17 -3.7494e-33 -1
v 0.213298 0.16332 0.240284
vn -0.887081 0.30761 -5.4318e-17
v 0.145542 0.177264 0.240284
vn -6.12323e-17 3.7494e-33 1
v 0.138048 0.179333 0.240284
vn -0.131186 -0.66062 -8.03282e-18
v 0.138048 0.179333 0.187539
vn -0.131186 -0.66062 -8.03282e-18
v 0.141999 0.178627 0.240284
vn -0.382479 -0.61571 -2.34201e-17
v 0.133958 0.179334 0.240284
vn 0.129867 -0.660736 7.95205e-18
v 0.133958 0.179334 0.187539
vn 0.129867 -0.660736 7.95205e-18
v 0.138048 0.179333 0.240284
vn -0.130307 -0.660698 -7.979e-18
v 0.133958 0.179334 0.187539
vn 0.130746 -0.660659 8.00589e-18
v 0.150479 0.172975 0.187539
vn 6.12323e-17 -3.7494e-33 -1
v 0.150479 0.172975 0.187539
vn -6.12323e-17 3.7494e-33 1
v 0.150476 0.164982 0.187539
vn -0.923964 0.254876 -5.65765e-17
v 0.151537 0.170341 0.187539
vn -0.991531 -0.0865407 -6.07138e-17
v 0.150476 0.164982 0.187539
vn -0.923625 0.255422 -5.65557e-17
v 0.148429 0.162622 0.187539
vn -0.793488 0.405549 -4.85871e-17
v 0.150476 0.164982 0.240284
vn -0.923625 0.255422 -5.65557e-17
v 0.145537 0.160695 0.187539
vn -0.608938 0.528584 -3.72867e-17
v 0.145537 0.160695 0.240284
vn -0.608938 0.528584 -3.72867e-17
v 0.148429 0.162622 0.187539
vn -0.792948 0.406017 -4.85541e-17
v 0.148429 0.162622 0.240284
vn -0.792948 0.406017 -4.85541e-17
v 0.145537 0.160695 0.187539
vn -0.608235 0.528943 -3.72436e-17
v 0.150479 0.172975 0.240284
vn -0.924134 -0.254603 -5.65869e-17
v 0.150479 0.172975 0.187539
vn -0.924134 -0.254603 -5.65869e-17
v 0.151537 0.170341 0.240284
vn -0.991416 -0.0871264 -6.07067e-17
v 0.148429 0.162622 0.240284
vn -0.793488 0.405549 -4.85871e-17
v 0.148435 0.175336 0.240284
vn -6.12323e-17 3.7494e-33 1
v 0.19608 0.165029 0.291077
vn 0.799085 -0.400639 4.89299e-17
v 0.19608 0.165029 0.285215
vn 6.12323e-17 -3.7494e-33 -1
v -0.0845225 0.257159 0.281308
vn -0.189196 0.654344 -1.15849e-17
v -0.0845225 0.257159 0.285215
vn -0.189196 0.654344 -1.15849e-17
v -0.0518645 0.259163 0.281308
vn -0.0916804 0.663572 -5.61381e-18
v -0.0817605 0.247617 0.281308
vn 6.12323e-17 -3.7494e-33 -1
v -0.0845225 0.257159 0.281308
vn 6.12323e-17 -3.7494e-33 -1
v 0.190146 0.168004 0.285215
vn 0.799098 -0.400628 4.89306e-17
v 0.19252 0.170516 0.281308
vn 6.12323e-17 -3.7494e-33 -1
v 0.178509 0.173838 0.273494
vn 0.799126 -0.400603 4.89323e-17
v 0.179599 0.17499 0.273494
vn 0.887325 -0.307297 5.4333e-17
v 0.178509 0.173838 0.281308
vn 0.799126 -0.400603 4.89323e-17
v -0.0817605 0.247617 0.273494
vn -0.189061 0.654361 -1.15767e-17
v -0.0817605 0.247617 0.281308
vn -0.189061 0.654361 -1.15767e-17
v -0.0541065 0.249314 0.273494
vn -0.0916804 0.663572 -5.61381e-18
v 0.180389 0.176247 0.273494
vn 6.12323e-17 -3.7494e-33 -1
v -0.0518645 0.259163 0.285215
vn -0.0916804 0.663572 -5.61381e-18
v 0.195313 0.207229 0.291077
vn 6.12323e-17 -3.7494e-33 -1
v -0.0507205 0.264185 0.285215
vn 0.382888 0.615598 2.34452e-17
v -0.0507205 0.264185 0.291077
vn 0.382888 0.615598 2.34452e-17
v 0.181196 0.20013 0.285215
vn 0.382888 0.615598 2.34452e-17
v 0.186839 0.198193 0.285215
vn 6.12323e-17 -3.7494e-33 -1
v -0.0482585 0.275 0.291077
vn -0.382888 -0.615598 -2.34451e-17
v -0.0482585 0.275 0.240284
vn -0.382888 -0.615598 -2.34451e-17
v 0.187908 0.209772 0.291077
vn -0.382888 -0.615598 -2.34451e-17
v 0.0209415 0.250247 0.240284
vn -6.12323e-17 3.7494e-33 1
v -0.0482585 0.275 0.240284
vn -6.12323e-17 3.7494e-33 1
v 0.00896151 0.24811 0.240284
vn -6.12323e-17 3.7494e-33 1
v 0.00763251 0.246576 0.240284
vn 0.924881 -0.253395 5.66326e-17
v 0.00694351 0.244864 0.240284
vn 0.991039 -0.0890096 6.06836e-17
v 0.00763251 0.246576 -0.291077
vn 0.924881 -0.253395 5.66326e-17
v 0.00694351 0.244864 0.240284
vn 0.991784 -0.0852459 6.07292e-17
v 0.00694251 0.243092 0.240284
vn 0.991841 0.0849487 6.07328e-17
v 0.00694351 0.244864 -0.291077
vn 0.991784 -0.0852459 6.07292e-17
v 0.0076305 0.241381 0.240284
vn -6.12323e-17 3.7494e-33 1
v 0.174423 0.192431 0.240284
vn -6.12323e-17 3.7494e-33 1
v 0.177878 0.189429 0.240284
vn 0.611361 0.52734 3.74351e-17
v 0.177878 0.189429 -0.291077
vn 0.611361 0.52734 3.74351e-17
v 0.175854 0.190778 0.240284
vn 0.791617 0.40717 4.84725e-17
v 0.177878 0.189429 -0.291077
vn 0.606511 0.529821 3.71381e-17
v 0.180358 0.188474 -0.291077
vn 0.380051 0.616378 2.32714e-17
v 0.218961 0.179387 0.240284
vn -6.12323e-17 3.7494e-33 1
v 0.185987 0.18798 0.240284
vn -0.127267 0.660961 -7.79283e-18
v 0.185987 0.18798 -0.291077
vn -0.127267 0.660961 -7.79283e-18
v 0.183123 0.18798 0.240284
vn 0.127712 0.660922 7.82012e-18
v 0.183123 0.18798 -0.291077
vn 0.127712 0.660922 7.82012e-18
v 0.202973 0.179196 0.291077
vn 6.12323e-17 -3.7494e-33 -1
v 0.218961 0.179387 0.291077
vn -0.99983 -0.0122784 -6.12219e-17
v 0.218124 0.18491 0.291077
vn -0.983295 -0.121296 -6.02094e-17
v 0.218961 0.179387 0.240284
vn -0.99983 -0.0122784 -6.12219e-17
v 0.200905 0.186619 0.291077
vn 6.12323e-17 -3.7494e-33 -1
v 0.19911 0.168234 0.291077
vn 6.12323e-17 -3.7494e-33 -1
v 0.141999 0.178627 0.240284
vn -0.383297 -0.615484 -2.34702e-17
v 0.141999 0.178627 0.187539
vn -0.383297 -0.615484 -2.34702e-17
v 0.145542 0.177264 0.240284
vn -0.608586 -0.528764 -3.72651e-17
v 0.141999 0.178627 0.187539
vn -0.382479 -0.61571 -2.34201e-17
v 0.138048 0.179333 0.187539
vn -0.130307 -0.660698 -7.979e-18
v 0.133958 0.179334 0.187539
vn 6.12323e-17 -3.7494e-33 -1
v 0.133958 0.179334 0.187539
vn -6.12323e-17 3.7494e-33 1
v 0.151537 0.170341 0.187539
vn -0.991416 -0.0871264 -6.07067e-17
v 0.150479 0.172975 0.187539
vn -0.923795 -0.255148 -5.65661e-17
v 0.150479 0.172975 0.240284
vn -0.923795 -0.255148 -5.65661e-17
v 0.148435 0.175336 0.187539
vn -0.793758 -0.405314 -4.86036e-17
v 0.148435 0.175336 0.240284
vn -0.793758 -0.405314 -4.86036e-17
v 0.19608 0.165029 0.285215
vn 0.799139 -0.400591 4.89332e-17
v 0.19911 0.168234 0.285215
vn 0.887315 -0.307311 5.43323e-17
v 0.19608 0.165029 0.291077
vn 0.799139 -0.400591 4.89332e-17
v 0.190146 0.168004 0.285215
vn 6.12323e-17 -3.7494e-33 -1
v -0.0518645 0.259163 0.281308
vn 6.12323e-17 -3.7494e-33 -1
v 0.182903 0.193997 0.281308
vn 6.12323e-17 -3.7494e-33 -1
v -0.0541065 0.249314 0.281308
vn 6.12323e-17 -3.7494e-33 -1
v 0.190146 0.168004 0.281308
vn 0.799127 -0.400602 4.89324e-17
v 0.19252 0.170516 0.281308
vn 0.887324 -0.307298 5.43329e-17
v 0.190146 0.168004 0.285215
vn 0.799127 -0.400602 4.89324e-17
v 0.179599 0.17499 0.281308
vn 6.12323e-17 -3.7494e-33 -1
v 0.179599 0.17499 0.281308
vn 0.887325 -0.307297 5.4333e-17
v -0.0541065 0.249314 0.281308
vn -0.0916804 0.663572 -5.61381e-18
v -0.0541065 0.249314 0.273494
vn 6.12323e-17 -3.7494e-33 -1
v 0.175184 0.185769 0.273494
vn 6.12323e-17 -3.7494e-33 -1
v 0.180855 0.177574 0.273494
vn 6.12323e-17 -3.7494e-33 -1
v 0.179599 0.17499 0.273494
vn 0.887344 -0.307273 5.43342e-17
v 0.180389 0.176247 0.273494
vn 0.951238 -0.20555 5.82465e-17
v 0.179599 0.17499 0.281308
vn 0.887344 -0.307273 5.43342e-17
v -0.0518645 0.259163 0.281308
vn 0.382888 0.615598 2.34451e-17
v -0.0518645 0.259163 0.285215
vn 0.382888 0.615598 2.34451e-17
v 0.178079 0.195654 0.281308
vn 0.382888 0.615598 2.34451e-17
v 0.187908 0.209772 0.291077
vn 6.12323e-17 -3.7494e-33 -1
v 0.201989 0.203907 0.291077
vn 6.12323e-17 -3.7494e-33 -1
v 0.181196 0.20013 0.291077
vn 0.382888 0.615598 2.34452e-17
v 0.181196 0.20013 0.285215
vn 6.12323e-17 -3.7494e-33 -1
v 0.191393 0.195927 0.285215
vn 6.12323e-17 -3.7494e-33 -1
v 0.187908 0.209772 0.240284
vn -0.382888 -0.615598 -2.34451e-17
v 0.195313 0.207229 0.240284
vn -6.12323e-17 3.7494e-33 1
v 0.0183735 0.250706 0.240284
vn -6.12323e-17 3.7494e-33 1
v 0.0108425 0.249362 0.240284
vn -6.12323e-17 3.7494e-33 1
v 0.00896151 0.24811 0.240284
vn 0.794952 -0.404274 4.86768e-17
v 0.00763251 0.246576 0.240284
vn 0.922702 -0.256898 5.64992e-17
v 0.00896151 0.24811 -0.291077
vn 0.794952 -0.404274 4.86768e-17
v 0.00694351 0.244864 -0.291077
vn 0.991039 -0.0890096 6.06836e-17
v 0.00763251 0.246576 -0.291077
vn 0.922702 -0.256898 5.64992e-17
v 0.00694251 0.243092 -0.291077
vn 0.991841 0.0849487 6.07328e-17
v 0.00694251 0.243092 0.240284
vn 0.991098 0.088717 6.06873e-17
v 0.0076305 0.241381 0.240284
vn 0.92505 0.253121 5.6643e-17
v 0.00694251 0.243092 -0.291077
vn 0.991098 0.088717 6.06873e-17
v 0.0089595 0.239846 0.240284
vn -6.12323e-17 3.7494e-33 1
v 0.0131415 0.237706 0.240284
vn -6.12323e-17 3.7494e-33 1
v 0.175854 0.190778 0.240284
vn 0.795348 0.403928 4.8701e-17
v 0.175854 0.190778 -0.291077
vn 0.795348 0.403928 4.8701e-17
v 0.174423 0.192431 0.240284
vn 0.922789 0.25676 5.65045e-17
v 0.175854 0.190778 -0.291077
vn 0.791617 0.40717 4.84725e-17
v 0.180358 0.188474 -0.291077
vn -6.12323e-17 3.7494e-33 1
v 0.183123 0.18798 -0.291077
vn -6.12323e-17 3.7494e-33 1
v 0.177878 0.189429 -0.291077
vn -6.12323e-17 3.7494e-33 1
v 0.188754 0.188473 0.240284
vn -6.12323e-17 3.7494e-33 1
v 0.185987 0.18798 -0.291077
vn -0.133338 0.660429 -8.16457e-18
v 0.185987 0.18798 0.240284
vn -0.133338 0.660429 -8.16457e-18
v 0.188754 0.188473 -0.291077
vn -0.37964 0.61649 -2.32463e-17
v 0.185987 0.18798 -0.291077
vn -6.12323e-17 3.7494e-33 1
v 0.175854 0.190778 -0.291077
vn -6.12323e-17 3.7494e-33 1
v 0.202973 0.179196 0.291077
vn 0.999841 0.0118839 6.12226e-17
v 0.202604 0.175416 0.291077
vn 0.989099 -0.0981277 6.05648e-17
v 0.202973 0.179196 0.285215
vn 0.999841 0.0118839 6.12226e-17
v 0.201305 0.171728 0.291077
vn 0.951258 -0.205509 5.82477e-17
v 0.201305 0.171728 0.285215
vn 0.951258 -0.205509 5.82477e-17
v 0.202604 0.175416 0.291077
vn 0.989086 -0.098185 6.0564e-17
v 0.218124 0.18491 0.240284
vn -0.983295 -0.121296 -6.02094e-17
v 0.198524 0.190059 0.291077
vn 6.12323e-17 -3.7494e-33 -1
v 0.218124 0.18491 0.291077
vn 6.12323e-17 -3.7494e-33 -1
v 0.200905 0.186619 0.291077
vn 0.939625 0.228038 5.75355e-17
v 0.202402 0.182965 0.291077
vn 0.983186 0.121684 6.02028e-17
v 0.200905 0.186619 0.285215
vn 0.939625 0.228038 5.75355e-17
v 0.202402 0.182965 0.291077
vn 0.983202 0.121628 6.02038e-17
v 0.202973 0.179196 0.291077
vn 0.999839 0.0119418 6.12225e-17
v 0.202402 0.182965 0.285215
vn 0.983202 0.121628 6.02038e-17
v 0.201305 0.171728 0.291077
vn 0.951231 -0.205565 5.82461e-17
v 0.19911 0.168234 0.291077
vn 0.887355 -0.307259 5.43348e-17
v 0.201305 0.171728 0.285215
vn 0.951231 -0.205565 5.82461e-17
v 0.145542 0.177264 0.240284
vn -0.609289 -0.528404 -3.73082e-17
v 0.145542 0.177264 0.187539
vn -0.609289 -0.528404 -3.73082e-17
v 0.148435 0.175336 0.240284
vn -0.793218 -0.405784 -4.85706e-17
v 0.145542 0.177264 0.187539
vn -0.608586 -0.528764 -3.72651e-17
v 0.145542 0.177264 0.187539
vn 6.12323e-17 -3.7494e-33 -1
v 0.138048 0.179333 0.187539
vn 6.12323e-17 -3.7494e-33 -1
v 0.141999 0.178627 0.187539
vn 6.12323e-17 -3.7494e-33 -1
v 0.141999 0.178627 0.187539
vn -6.12323e-17 3.7494e-33 1
v 0.138048 0.179333 0.187539
vn -6.12323e-17 3.7494e-33 1
v 0.145542 0.177264 0.187539
vn -6.12323e-17 3.7494e-33 1
v 0.148435 0.175336 0.187539
vn 6.12323e-17 -3.7494e-33 -1
v 0.148435 0.175336 0.187539
vn -6.12323e-17 3.7494e-33 1
v 0.148435 0.175336 0.187539
vn -0.793218 -0.405784 -4.85706e-17
v 0.19911 0.168234 0.291077
vn 0.887315 -0.307311 5.43323e-17
v 0.19911 0.168234 0.285215
vn 6.12323e-17 -3.7494e-33 -1
v 0.178079 0.195654 0.281308
vn 6.12323e-17 -3.7494e-33 -1
v 0.186473 0.19222 0.281308
vn 6.12323e-17 -3.7494e-33 -1
v 0.192061 0.187622 0.281308
vn 6.12323e-17 -3.7494e-33 -1
v 0.19252 0.170516 0.285215
vn 0.887324 -0.307298 5.43329e-17
v 0.180389 0.176247 0.281308
vn 6.12323e-17 -3.7494e-33 -1
v -0.0541065 0.249314 0.273494
vn 0.382888 0.615598 2.34452e-17
v -0.0541065 0.249314 0.281308
vn 0.382888 0.615598 2.34452e-17
v 0.171967 0.186873 0.273494
vn 0.382888 0.615598 2.34452e-17
v 0.171967 0.186873 0.273494
vn 6.12323e-17 -3.7494e-33 -1
v 0.176822 0.184953 0.273494
vn 6.12323e-17 -3.7494e-33 -1
v 0.180989 0.178934 0.273494
vn 6.12323e-17 -3.7494e-33 -1
v 0.180389 0.176247 0.273494
vn 0.951251 -0.205523 5.82473e-17
v 0.180855 0.177574 0.273494
vn 0.989089 -0.0981703 6.05642e-17
v 0.180389 0.176247 0.281308
vn 0.951251 -0.205523 5.82473e-17
v 0.180389 0.176247 0.281308
vn 0.951238 -0.20555 5.82465e-17
v 0.178079 0.195654 0.285215
vn 0.382888 0.615598 2.34451e-17
v 0.187908 0.209772 0.291077
vn -0.458031 -0.592368 -2.80463e-17
v 0.187908 0.209772 0.240284
vn -0.458031 -0.592368 -2.80463e-17
v 0.195313 0.207229 0.291077
vn -0.529564 -0.565269 -3.24265e-17
v 0.20775 0.199896 0.291077
vn 6.12323e-17 -3.7494e-33 -1
v 0.195313 0.207229 0.291077
vn -0.530497 -0.564881 -3.24835e-17
v 0.195313 0.207229 0.240284
vn -0.530497 -0.564881 -3.24835e-17
v 0.201989 0.203907 0.291077
vn -0.662237 -0.499315 -4.05503e-17
v 0.181196 0.20013 0.285215
vn 0.458031 0.592368 2.80463e-17
v 0.181196 0.20013 0.291077
vn 0.458031 0.592368 2.80463e-17
v 0.186839 0.198193 0.285215
vn 0.529989 0.565092 3.24525e-17
v 0.181196 0.20013 0.291077
vn 6.12323e-17 -3.7494e-33 -1
v 0.21244 0.195308 0.291077
vn 6.12323e-17 -3.7494e-33 -1
v 0.195324 0.19319 0.285215
vn 6.12323e-17 -3.7494e-33 -1
v 0.186839 0.198193 0.285215
vn 0.530067 0.56506 3.24573e-17
v 0.186839 0.198193 0.291077
vn 0.530067 0.56506 3.24573e-17
v 0.191393 0.195927 0.285215
vn 0.662615 0.499091 4.05735e-17
v 0.187908 0.209772 0.240284
vn -6.12323e-17 3.7494e-33 1
v 0.201989 0.203907 0.240284
vn -6.12323e-17 3.7494e-33 1
v 0.0209415 0.250247 0.240284
vn -0.38025 -0.616323 -2.32836e-17
v 0.0183735 0.250706 0.240284
vn -0.133564 -0.660408 -8.17845e-18
v 0.0209415 0.250247 -0.291077
vn -0.38025 -0.616323 -2.32836e-17
v 0.0157145 0.250706 0.240284
vn -6.12323e-17 3.7494e-33 1
v 0.0131455 0.250248 0.240284
vn -6.12323e-17 3.7494e-33 1
v 0.0108425 0.249362 0.240284
vn 0.610844 -0.527606 3.74034e-17
v 0.00896151 0.24811 0.240284
vn 0.791479 -0.407288 4.84641e-17
v 0.0108425 0.249362 -0.291077
vn 0.610844 -0.527606 3.74034e-17
v 0.00896151 0.24811 -0.291077
vn 0.791479 -0.407288 4.84641e-17
v 0.00694351 0.244864 -0.291077
vn -6.12323e-17 3.7494e-33 1
v 0.0251215 0.239843 -0.291077
vn -6.12323e-17 3.7494e-33 1
v 0.00763251 0.246576 -0.291077
vn -6.12323e-17 3.7494e-33 1
v 0.0264515 0.241378 -0.291077
vn -6.12323e-17 3.7494e-33 1
v 0.00896151 0.24811 -0.291077
vn -6.12323e-17 3.7494e-33 1
v 0.00694251 0.243092 -0.291077
vn -6.12323e-17 3.7494e-33 1
v 0.0232405 0.23859 -0.291077
vn -6.12323e-17 3.7494e-33 1
v 0.0076305 0.241381 -0.291077
vn 0.92505 0.253121 5.6643e-17
v 0.0089595 0.239846 0.240284
vn 0.795218 0.404041 4.86931e-17
v 0.0089595 0.239846 -0.291077
vn 0.795218 0.404041 4.86931e-17
v 0.0076305 0.241381 0.240284
vn 0.922871 0.256629 5.65095e-17
v 0.0108395 0.238592 0.240284
vn -6.12323e-17 3.7494e-33 1
v 0.0157095 0.237248 0.240284
vn -6.12323e-17 3.7494e-33 1
v 0.174423 0.192431 -0.291077
vn 0.922789 0.25676 5.65045e-17
v 0.191234 0.189427 0.240284
vn -6.12323e-17 3.7494e-33 1
v 0.188754 0.188473 0.240284
vn -0.37964 0.61649 -2.32463e-17
v 0.188754 0.188473 -0.291077
vn -6.12323e-17 3.7494e-33 1
v 0.174423 0.192431 -0.291077
vn -6.12323e-17 3.7494e-33 1
v 0.202604 0.175416 0.285215
vn 0.989099 -0.0981277 6.05648e-17
v 0.202973 0.179196 0.285215
vn 0.999839 0.0119418 6.12225e-17
v 0.202604 0.175416 0.285215
vn 0.989086 -0.098185 6.0564e-17
v 0.218124 0.18491 0.240284
vn -6.12323e-17 3.7494e-33 1
v 0.193259 0.190776 0.240284
vn -6.12323e-17 3.7494e-33 1
v 0.218124 0.18491 0.291077
vn -0.983094 -0.122016 -6.01971e-17
v 0.21593 0.190266 0.291077
vn -0.939798 -0.227722 -5.7546e-17
v 0.218124 0.18491 0.240284
vn -0.983094 -0.122016 -6.01971e-17
v 0.195324 0.19319 0.291077
vn 6.12323e-17 -3.7494e-33 -1
v 0.200905 0.186619 0.291077
vn 0.939595 0.228093 5.75336e-17
v 0.200905 0.186619 0.285215
vn 0.939595 0.228093 5.75336e-17
v 0.198524 0.190059 0.291077
vn 0.870305 0.3282 5.32908e-17
v 0.202402 0.182965 0.285215
vn 0.983186 0.121684 6.02028e-17
v 0.19911 0.168234 0.285215
vn 0.887355 -0.307259 5.43348e-17
v 0.19252 0.170516 0.285215
vn 6.12323e-17 -3.7494e-33 -1
v 0.178079 0.195654 0.281308
vn 0.458031 0.592368 2.80463e-17
v 0.178079 0.195654 0.285215
vn 0.458031 0.592368 2.80463e-17
v 0.182903 0.193997 0.281308
vn 0.530007 0.565085 3.24536e-17
v 0.189553 0.190076 0.281308
vn 6.12323e-17 -3.7494e-33 -1
v 0.182903 0.193997 0.281308
vn 0.53005 0.565068 3.24562e-17
v 0.182903 0.193997 0.285215
vn 0.53005 0.565068 3.24562e-17
v 0.186473 0.19222 0.281308
vn 0.662631 0.499082 4.05744e-17
v 0.193928 0.184926 0.281308
vn 6.12323e-17 -3.7494e-33 -1
v 0.19252 0.170516 0.281308
vn 0.887345 -0.307271 5.43342e-17
v 0.194241 0.173255 0.281308
vn 0.951237 -0.205551 5.82465e-17
v 0.19252 0.170516 0.285215
vn 0.887345 -0.307271 5.43342e-17
v 0.194241 0.173255 0.281308
vn 6.12323e-17 -3.7494e-33 -1
v 0.171967 0.186873 0.281308
vn 0.382888 0.615598 2.34452e-17
v 0.171967 0.186873 0.273494
vn 0.458031 0.592368 2.80463e-17
v 0.171967 0.186873 0.281308
vn 0.458031 0.592368 2.80463e-17
v 0.175184 0.185769 0.273494
vn 0.529999 0.565088 3.24531e-17
v 0.178236 0.183969 0.273494
vn 6.12323e-17 -3.7494e-33 -1
v 0.175184 0.185769 0.273494
vn 0.530048 0.565068 3.24561e-17
v 0.175184 0.185769 0.281308
vn 0.530048 0.565068 3.24561e-17
v 0.176822 0.184953 0.273494
vn 0.662632 0.499081 4.05745e-17
v 0.180783 0.18029 0.273494
vn 6.12323e-17 -3.7494e-33 -1
v 0.180989 0.178934 0.273494
vn 0.999841 0.0118989 6.12226e-17
v 0.180989 0.178934 0.281308
vn 0.999841 0.0118989 6.12226e-17
v 0.180855 0.177574 0.273494
vn 0.989095 -0.098143 6.05646e-17
v 0.180855 0.177574 0.281308
vn 0.989089 -0.0981703 6.05642e-17
v 0.178079 0.195654 0.285215
vn 6.12323e-17 -3.7494e-33 -1
v 0.198524 0.190059 0.285215
vn 6.12323e-17 -3.7494e-33 -1
v 0.195313 0.207229 0.240284
vn -0.529564 -0.565269 -3.24265e-17
v 0.201989 0.203907 0.291077
vn -0.663059 -0.498829 -4.06007e-17
v 0.201989 0.203907 0.240284
vn -0.663059 -0.498829 -4.06007e-17
v 0.20775 0.199896 0.291077
vn -0.776766 -0.419679 -4.75632e-17
v 0.201989 0.203907 0.240284
vn -0.662237 -0.499315 -4.05503e-17
v 0.186839 0.198193 0.291077
vn 0.529989 0.565092 3.24525e-17
v 0.21593 0.190266 0.291077
vn 6.12323e-17 -3.7494e-33 -1
v 0.191393 0.195927 0.285215
vn 0.66268 0.499053 4.05775e-17
v 0.191393 0.195927 0.291077
vn 0.66268 0.499053 4.05775e-17
v 0.195324 0.19319 0.285215
vn 0.777084 0.419417 4.75827e-17
v 0.191393 0.195927 0.291077
vn 0.662615 0.499091 4.05735e-17
v 0.20775 0.199896 0.240284
vn -6.12323e-17 3.7494e-33 1
v 0.0183735 0.250706 -0.291077
vn -0.133564 -0.660408 -8.17845e-18
v 0.0209415 0.250247 -0.291077
vn -0.385527 -0.614866 -2.36067e-17
v 0.0232435 0.24936 -0.291077
vn -0.606683 -0.529734 -3.71486e-17
v 0.0209415 0.250247 0.240284
vn -0.385527 -0.614866 -2.36067e-17
v 0.0183735 0.250706 0.240284
vn -0.127925 -0.660904 -7.83312e-18
v 0.0157145 0.250706 0.240284
vn 0.127478 -0.660942 7.80576e-18
v 0.0183735 0.250706 -0.291077
vn -0.127925 -0.660904 -7.83312e-18
v 0.0131455 0.250248 0.240284
vn 0.385109 -0.614982 2.35812e-17
v 0.0108425 0.249362 0.240284
vn 0.606323 -0.529917 3.71266e-17
v 0.0131455 0.250248 -0.291077
vn 0.385109 -0.614982 2.35812e-17
v 0.0108425 0.249362 -0.291077
vn 0.606323 -0.529917 3.71266e-17
v 0.0271405 0.243089 -0.291077
vn -6.12323e-17 3.7494e-33 1
v 0.0108425 0.249362 -0.291077
vn -6.12323e-17 3.7494e-33 1
v 0.0209375 0.237705 -0.291077
vn -6.12323e-17 3.7494e-33 1
v 0.0076305 0.241381 -0.291077
vn -6.12323e-17 3.7494e-33 1
v 0.0076305 0.241381 -0.291077
vn 0.922871 0.256629 5.65095e-17
v 0.0089595 0.239846 -0.291077
vn 0.791751 0.407054 4.84808e-17
v 0.0089595 0.239846 0.240284
vn 0.791751 0.407054 4.84808e-17
v 0.0108395 0.238592 -0.291077
vn 0.611197 0.527425 3.7425e-17
v 0.0108395 0.238592 0.240284
vn 0.611197 0.527425 3.7425e-17
v 0.0131415 0.237706 0.240284
vn 0.38552 0.614868 2.36063e-17
v 0.0131415 0.237706 -0.291077
vn 0.38552 0.614868 2.36063e-17
v 0.0108395 0.238592 0.240284
vn 0.606677 0.529737 3.71483e-17
v 0.173683 0.194274 0.240284
vn -6.12323e-17 3.7494e-33 1
v 0.0157095 0.237248 0.240284
vn 0.133565 0.660408 8.17847e-18
v 0.0157095 0.237248 -0.291077
vn 0.133565 0.660408 8.17847e-18
v 0.0131415 0.237706 0.240284
vn 0.38025 0.616323 2.32836e-17
v 0.174423 0.192431 -0.291077
vn 0.925133 0.252986 5.66481e-17
v 0.173683 0.194274 -0.291077
vn 0.991071 0.0888543 6.06856e-17
v 0.174423 0.192431 0.240284
vn 0.925133 0.252986 5.66481e-17
v 0.188754 0.188473 0.240284
vn -0.385313 0.614925 -2.35936e-17
v 0.191234 0.189427 0.240284
vn -0.606158 0.530001 -3.71165e-17
v 0.188754 0.188473 -0.291077
vn -0.385313 0.614925 -2.35936e-17
v 0.173683 0.194274 -0.291077
vn -6.12323e-17 3.7494e-33 1
v 0.202604 0.175416 0.285215
vn 6.12323e-17 -3.7494e-33 -1
v 0.195549 0.179107 0.285215
vn 6.12323e-17 -3.7494e-33 -1
v 0.202973 0.179196 0.285215
vn 6.12323e-17 -3.7494e-33 -1
v 0.193928 0.184926 0.285215
vn 6.12323e-17 -3.7494e-33 -1
v 0.202402 0.182965 0.285215
vn 6.12323e-17 -3.7494e-33 -1
v 0.201305 0.171728 0.285215
vn 6.12323e-17 -3.7494e-33 -1
v 0.195258 0.176145 0.285215
vn 6.12323e-17 -3.7494e-33 -1
v 0.194691 0.192428 0.240284
vn -6.12323e-17 3.7494e-33 1
v 0.21593 0.190266 0.240284
vn -0.939798 -0.227722 -5.7546e-17
v 0.186839 0.198193 0.291077
vn 6.12323e-17 -3.7494e-33 -1
v 0.191393 0.195927 0.291077
vn 6.12323e-17 -3.7494e-33 -1
v 0.198524 0.190059 0.291077
vn 0.870262 0.328251 5.32882e-17
v 0.198524 0.190059 0.285215
vn 0.870262 0.328251 5.32882e-17
v 0.195324 0.19319 0.291077
vn 0.777139 0.419372 4.7586e-17
v 0.198524 0.190059 0.285215
vn 0.870305 0.3282 5.32908e-17
v 0.192061 0.187622 0.285215
vn 6.12323e-17 -3.7494e-33 -1
v 0.200905 0.186619 0.285215
vn 6.12323e-17 -3.7494e-33 -1
v 0.194241 0.173255 0.285215
vn 6.12323e-17 -3.7494e-33 -1
v 0.182903 0.193997 0.285215
vn 0.530007 0.565085 3.24536e-17
v 0.186473 0.19222 0.281308
vn 0.662665 0.499062 4.05765e-17
v 0.186473 0.19222 0.285215
vn 0.662665 0.499062 4.05765e-17
v 0.189553 0.190076 0.281308
vn 0.777097 0.419406 4.75835e-17
v 0.186473 0.19222 0.285215
vn 0.662631 0.499082 4.05744e-17
v 0.189553 0.190076 0.281308
vn 0.777126 0.419382 4.75852e-17
v 0.189553 0.190076 0.285215
vn 0.777126 0.419382 4.75852e-17
v 0.192061 0.187622 0.281308
vn 0.870272 0.328239 5.32888e-17
v 0.195101 0.182061 0.281308
vn 6.12323e-17 -3.7494e-33 -1
v 0.192061 0.187622 0.281308
vn 0.870295 0.328212 5.32902e-17
v 0.192061 0.187622 0.285215
vn 0.870295 0.328212 5.32902e-17
v 0.193928 0.184926 0.281308
vn 0.939603 0.22808 5.75341e-17
v 0.194241 0.173255 0.285215
vn 0.951237 -0.205551 5.82465e-17
v 0.180855 0.177574 0.281308
vn 6.12323e-17 -3.7494e-33 -1
v 0.171967 0.186873 0.281308
vn 6.12323e-17 -3.7494e-33 -1
v 0.175184 0.185769 0.281308
vn 0.529999 0.565088 3.24531e-17
v 0.179388 0.182842 0.273494
vn 6.12323e-17 -3.7494e-33 -1
v 0.176822 0.184953 0.273494
vn 0.662663 0.499063 4.05764e-17
v 0.176822 0.184953 0.281308
vn 0.662663 0.499063 4.05764e-17
v 0.178236 0.183969 0.273494
vn 0.777098 0.419405 4.75835e-17
v 0.176822 0.184953 0.281308
vn 0.662632 0.499081 4.05745e-17
v 0.180244 0.181605 0.273494
vn 6.12323e-17 -3.7494e-33 -1
v 0.180989 0.178934 0.273494
vn 0.99984 0.0119269 6.12225e-17
v 0.180783 0.18029 0.273494
vn 0.983198 0.121642 6.02035e-17
v 0.180989 0.178934 0.281308
vn 0.99984 0.0119269 6.12225e-17
v 0.180855 0.177574 0.281308
vn 0.989095 -0.098143 6.05646e-17
v 0.182903 0.193997 0.285215
vn 6.12323e-17 -3.7494e-33 -1
v 0.20775 0.199896 0.291077
vn -0.777457 -0.41911 -4.76055e-17
v 0.20775 0.199896 0.240284
vn -0.777457 -0.41911 -4.76055e-17
v 0.21244 0.195308 0.291077
vn -0.870013 -0.328544 -5.32729e-17
v 0.20775 0.199896 0.240284
vn -0.776766 -0.419679 -4.75632e-17
v 0.21244 0.195308 0.291077
vn -0.870554 -0.327907 -5.33061e-17
v 0.21244 0.195308 0.240284
vn -0.870554 -0.327907 -5.33061e-17
v 0.21593 0.190266 0.291077
vn -0.939422 -0.228409 -5.7523e-17
v 0.195324 0.19319 0.285215
vn 0.777139 0.419372 4.7586e-17
v 0.195324 0.19319 0.291077
vn 0.777084 0.419417 4.75827e-17
v 0.21244 0.195308 0.240284
vn -6.12323e-17 3.7494e-33 1
v 0.0209415 0.250247 -0.291077
vn -6.12323e-17 3.7494e-33 1
v 0.0183735 0.250706 -0.291077
vn -6.12323e-17 3.7494e-33 1
v 0.0232435 0.24936 -0.291077
vn -6.12323e-17 3.7494e-33 1
v 0.0232435 0.24936 0.240284
vn -0.606683 -0.529734 -3.71486e-17
v 0.0157145 0.250706 -0.291077
vn 0.127478 -0.660942 7.80576e-18
v 0.0157145 0.250706 0.240284
vn 0.133133 -0.660447 8.15205e-18
v 0.0131455 0.250248 0.240284
vn 0.379846 -0.616434 2.32588e-17
v 0.0157145 0.250706 -0.291077
vn 0.133133 -0.660447 8.15205e-18
v 0.0131455 0.250248 -0.291077
vn 0.379846 -0.616434 2.32588e-17
v 0.0271405 0.244861 -0.291077
vn -6.12323e-17 3.7494e-33 1
v 0.0131455 0.250248 -0.291077
vn -6.12323e-17 3.7494e-33 1
v 0.0264515 0.241378 -0.291077
vn -0.922701 0.2569 -5.64991e-17
v 0.0251215 0.239843 -0.291077
vn -0.794951 0.404275 -4.86767e-17
v 0.0264515 0.241378 0.240284
vn -0.922701 0.2569 -5.64991e-17
v 0.0232405 0.23859 -0.291077
vn -0.610844 0.527606 -3.74034e-17
v 0.0232405 0.23859 0.240284
vn -0.610844 0.527606 -3.74034e-17
v 0.0251215 0.239843 -0.291077
vn -0.791479 0.407288 -4.84641e-17
v 0.0271405 0.243089 -0.291077
vn -0.991039 0.0890096 -6.06836e-17
v 0.0264515 0.241378 -0.291077
vn -0.924881 0.253395 -5.66326e-17
v 0.0271405 0.243089 0.240284
vn -0.991039 0.0890096 -6.06836e-17
v 0.0232405 0.23859 -0.291077
vn -0.606318 0.529919 -3.71263e-17
v 0.0209375 0.237705 -0.291077
vn -0.385102 0.614984 -2.35807e-17
v 0.0232405 0.23859 0.240284
vn -0.606318 0.529919 -3.71263e-17
v 0.0183695 0.237247 -0.291077
vn -6.12323e-17 3.7494e-33 1
v 0.0089595 0.239846 -0.291077
vn -6.12323e-17 3.7494e-33 1
v 0.0108395 0.238592 -0.291077
vn -6.12323e-17 3.7494e-33 1
v 0.0157095 0.237248 -0.291077
vn -6.12323e-17 3.7494e-33 1
v 0.0108395 0.238592 -0.291077
vn 0.606677 0.529737 3.71483e-17
v 0.0131415 0.237706 -0.291077
vn 0.38025 0.616323 2.32836e-17
v 0.0183695 0.237247 0.240284
vn -6.12323e-17 3.7494e-33 1
v 0.173683 0.194274 0.240284
vn 0.991071 0.0888543 6.06856e-17
v 0.0157095 0.237248 -0.291077
vn 0.127923 0.660904 7.83304e-18
v 0.0157095 0.237248 0.240284
vn 0.127923 0.660904 7.83304e-18
v 0.0183695 0.237247 -0.291077
vn -0.127477 0.660943 -7.80571e-18
v 0.191234 0.189427 0.240284
vn -0.611013 0.52752 -3.74138e-17
v 0.193259 0.190776 0.240284
vn -0.791349 0.407401 -4.84561e-17
v 0.191234 0.189427 -0.291077
vn -0.611013 0.52752 -3.74138e-17
v 0.191234 0.189427 -0.291077
vn -0.606158 0.530001 -3.71165e-17
v 0.191234 0.189427 -0.291077
vn -6.12323e-17 3.7494e-33 1
v 0.195101 0.182061 0.285215
vn 6.12323e-17 -3.7494e-33 -1
v 0.195432 0.194271 0.240284
vn -6.12323e-17 3.7494e-33 1
v 0.194691 0.192428 0.240284
vn -0.922619 0.257031 -5.64941e-17
v 0.194691 0.192428 -0.291077
vn -0.922619 0.257031 -5.64941e-17
v 0.193259 0.190776 0.240284
vn -0.795082 0.40416 -4.86847e-17
v 0.21593 0.190266 0.240284
vn -6.12323e-17 3.7494e-33 1
v 0.21593 0.190266 0.240284
vn -0.939422 -0.228409 -5.7523e-17
v 0.189553 0.190076 0.285215
vn 6.12323e-17 -3.7494e-33 -1
v 0.189553 0.190076 0.285215
vn 0.777097 0.419406 4.75835e-17
v 0.186473 0.19222 0.285215
vn 6.12323e-17 -3.7494e-33 -1
v 0.192061 0.187622 0.285215
vn 0.870272 0.328239 5.32888e-17
v 0.195101 0.182061 0.281308
vn 0.98319 0.121671 6.0203e-17
v 0.193928 0.184926 0.281308
vn 0.939618 0.228052 5.7535e-17
v 0.195101 0.182061 0.285215
vn 0.98319 0.121671 6.0203e-17
v 0.193928 0.184926 0.285215
vn 0.939603 0.22808 5.75341e-17
v 0.194241 0.173255 0.285215
vn 0.951251 -0.205523 5.82473e-17
v 0.194241 0.173255 0.281308
vn 0.951251 -0.205523 5.82473e-17
v 0.195258 0.176145 0.285215
vn 0.989089 -0.0981716 6.05642e-17
v 0.180989 0.178934 0.281308
vn 6.12323e-17 -3.7494e-33 -1
v 0.195549 0.179107 0.281308
vn 6.12323e-17 -3.7494e-33 -1
v 0.175184 0.185769 0.281308
vn 6.12323e-17 -3.7494e-33 -1
v 0.178236 0.183969 0.273494
vn 0.777125 0.419384 4.75852e-17
v 0.178236 0.183969 0.281308
vn 0.777125 0.419384 4.75852e-17
v 0.179388 0.182842 0.273494
vn 0.870273 0.328238 5.32889e-17
v 0.178236 0.183969 0.281308
vn 0.777098 0.419405 4.75835e-17
v 0.176822 0.184953 0.281308
vn 6.12323e-17 -3.7494e-33 -1
v 0.180244 0.181605 0.273494
vn 0.939617 0.228053 5.7535e-17
v 0.180244 0.181605 0.281308
vn 0.939617 0.228053 5.7535e-17
v 0.180783 0.18029 0.273494
vn 0.98319 0.12167 6.02031e-17
v 0.180783 0.18029 0.281308
vn 0.983198 0.121642 6.02035e-17
v 0.21244 0.195308 0.240284
vn -0.870013 -0.328544 -5.32729e-17
v 0.0232435 0.24936 0.240284
vn -6.12323e-17 3.7494e-33 1
v 0.0251235 0.248108 -0.291077
vn -6.12323e-17 3.7494e-33 1
v 0.0232435 0.24936 -0.291077
vn -0.611191 -0.527428 -3.74247e-17
v 0.0251235 0.248108 -0.291077
vn -0.791748 -0.407056 -4.84806e-17
v 0.0232435 0.24936 0.240284
vn -0.611191 -0.527428 -3.74247e-17
v 0.0157145 0.250706 -0.291077
vn -6.12323e-17 3.7494e-33 1
v 0.0264535 0.246573 -0.291077
vn -6.12323e-17 3.7494e-33 1
v 0.0271405 0.244861 -0.291077
vn -0.99184 -0.084954 -6.07327e-17
v 0.0271405 0.243089 -0.291077
vn -0.991785 0.0852405 -6.07293e-17
v 0.0271405 0.244861 0.240284
vn -0.99184 -0.084954 -6.07327e-17
v 0.0251215 0.239843 0.240284
vn -0.794951 0.404275 -4.86767e-17
v 0.0264515 0.241378 0.240284
vn -0.924881 0.253395 -5.66326e-17
v 0.0251215 0.239843 0.240284
vn -0.791479 0.407288 -4.84641e-17
v 0.0271405 0.243089 0.240284
vn -0.991785 0.0852405 -6.07293e-17
v 0.0209375 0.237705 0.240284
vn -0.385102 0.614984 -2.35807e-17
v 0.0183695 0.237247 -0.291077
vn -0.133134 0.660447 -8.15212e-18
v 0.0183695 0.237247 0.240284
vn -0.133134 0.660447 -8.15212e-18
v 0.0209375 0.237705 -0.291077
vn -0.379848 0.616433 -2.3259e-17
v 0.0131415 0.237706 -0.291077
vn -6.12323e-17 3.7494e-33 1
v 0.0209375 0.237705 0.240284
vn -6.12323e-17 3.7494e-33 1
v 0.0183695 0.237247 0.240284
vn -0.127477 0.660943 -7.80571e-18
v 0.173683 0.194274 -0.291077
vn 0.991868 0.0848127 6.07344e-17
v 0.173683 0.196183 -0.291077
vn 0.991812 -0.0850986 6.0731e-17
v 0.173683 0.194274 0.240284
vn 0.991868 0.0848127 6.07344e-17
v 0.193259 0.190776 -0.291077
vn -0.791349 0.407401 -4.84561e-17
v 0.193259 0.190776 -0.291077
vn -6.12323e-17 3.7494e-33 1
v 0.195101 0.182061 0.285215
vn 0.983198 0.121641 6.02035e-17
v 0.195549 0.179107 0.285215
vn 0.99984 0.0119281 6.12225e-17
v 0.195101 0.182061 0.281308
vn 0.983198 0.121641 6.02035e-17
v 0.195258 0.176145 0.285215
vn 0.989095 -0.0981416 6.05646e-17
v 0.195258 0.176145 0.281308
vn 0.989095 -0.0981416 6.05646e-17
v 0.195549 0.179107 0.285215
vn 0.999841 0.0118977 6.12226e-17
v 0.193928 0.184926 0.285215
vn 0.939618 0.228052 5.7535e-17
v 0.194691 0.192428 0.240284
vn -0.924961 0.253265 -5.66376e-17
v 0.195432 0.194271 0.240284
vn -0.99101 0.0891515 -6.06819e-17
v 0.194691 0.192428 -0.291077
vn -0.924961 0.253265 -5.66376e-17
v 0.193259 0.190776 -0.291077
vn -0.795082 0.40416 -4.86847e-17
v 0.195434 0.196179 0.240284
vn -6.12323e-17 3.7494e-33 1
v 0.191238 0.201025 0.240284
vn -6.12323e-17 3.7494e-33 1
v 0.195258 0.176145 0.281308
vn 0.989089 -0.0981716 6.05642e-17
v 0.195258 0.176145 0.281308
vn 6.12323e-17 -3.7494e-33 -1
v 0.195549 0.179107 0.281308
vn 0.99984 0.0119281 6.12225e-17
v 0.179388 0.182842 0.273494
vn 0.870294 0.328214 5.32901e-17
v 0.179388 0.182842 0.281308
vn 0.870294 0.328214 5.32901e-17
v 0.180244 0.181605 0.273494
vn 0.939603 0.228079 5.75341e-17
v 0.179388 0.182842 0.281308
vn 0.870273 0.328238 5.32889e-17
v 0.178236 0.183969 0.281308
vn 6.12323e-17 -3.7494e-33 -1
v 0.180783 0.18029 0.281308
vn 0.98319 0.12167 6.02031e-17
v 0.180244 0.181605 0.281308
vn 0.939603 0.228079 5.75341e-17
v 0.180783 0.18029 0.281308
vn 6.12323e-17 -3.7494e-33 -1
v 0.0251235 0.248108 0.240284
vn -6.12323e-17 3.7494e-33 1
v 0.0251235 0.248108 0.240284
vn -0.791748 -0.407056 -4.84806e-17
v 0.0271405 0.244861 -0.291077
vn -0.991099 -0.0887117 -6.06873e-17
v 0.0271405 0.244861 0.240284
vn -0.991099 -0.0887117 -6.06873e-17
v 0.0264535 0.246573 -0.291077
vn -0.925053 -0.253117 -5.66431e-17
v 0.0251215 0.239843 0.240284
vn -6.12323e-17 3.7494e-33 1
v 0.175857 0.199678 0.240284
vn -6.12323e-17 3.7494e-33 1
v 0.0264515 0.241378 0.240284
vn -6.12323e-17 3.7494e-33 1
v 0.177882 0.201027 0.240284
vn -6.12323e-17 3.7494e-33 1
v 0.0271405 0.243089 0.240284
vn -6.12323e-17 3.7494e-33 1
v 0.0232405 0.23859 0.240284
vn -6.12323e-17 3.7494e-33 1
v 0.174424 0.198026 0.240284
vn -6.12323e-17 3.7494e-33 1
v 0.180363 0.201981 0.240284
vn -6.12323e-17 3.7494e-33 1
v 0.0271405 0.244861 0.240284
vn -6.12323e-17 3.7494e-33 1
v 0.173683 0.196183 0.240284
vn -6.12323e-17 3.7494e-33 1
v 0.0209375 0.237705 0.240284
vn -0.379848 0.616433 -2.3259e-17
v 0.173683 0.196183 0.240284
vn 0.991812 -0.0850986 6.0731e-17
v 0.173683 0.196183 -0.291077
vn -6.12323e-17 3.7494e-33 1
v 0.195549 0.179107 0.281308
vn 0.999841 0.0118977 6.12226e-17
v 0.195432 0.194271 -0.291077
vn -0.99101 0.0891515 -6.06819e-17
v 0.194691 0.192428 -0.291077
vn -6.12323e-17 3.7494e-33 1
v 0.174424 0.198026 -0.291077
vn -6.12323e-17 3.7494e-33 1
v 0.194693 0.198023 0.240284
vn -6.12323e-17 3.7494e-33 1
v 0.195432 0.194271 0.240284
vn -0.991811 0.0851039 -6.07309e-17
v 0.195434 0.196179 0.240284
vn -0.991869 -0.0848067 -6.07344e-17
v 0.195432 0.194271 -0.291077
vn -0.991811 0.0851039 -6.07309e-17
v 0.188758 0.20198 0.240284
vn -6.12323e-17 3.7494e-33 1
v 0.193262 0.199676 0.240284
vn -6.12323e-17 3.7494e-33 1
v 0.179388 0.182842 0.281308
vn 6.12323e-17 -3.7494e-33 -1
v 0.180244 0.181605 0.281308
vn 6.12323e-17 -3.7494e-33 -1
v 0.0251235 0.248108 -0.291077
vn -0.795214 -0.404045 -4.86928e-17
v 0.0264535 0.246573 -0.291077
vn -0.922868 -0.256633 -5.65094e-17
v 0.0251235 0.248108 0.240284
vn -0.795214 -0.404045 -4.86928e-17
v 0.0264535 0.246573 0.240284
vn -0.925053 -0.253117 -5.66431e-17
v 0.183129 0.202474 0.240284
vn -6.12323e-17 3.7494e-33 1
v 0.173683 0.196183 -0.291077
vn 0.99101 -0.0891509 6.06819e-17
v 0.174424 0.198026 -0.291077
vn 0.924963 -0.253263 5.66376e-17
v 0.173683 0.196183 0.240284
vn 0.99101 -0.0891509 6.06819e-17
v 0.195432 0.194271 -0.291077
vn -6.12323e-17 3.7494e-33 1
v 0.194693 0.198023 0.240284
vn -0.92513 -0.252991 -5.66479e-17
v 0.194693 0.198023 -0.291077
vn -0.92513 -0.252991 -5.66479e-17
v 0.195434 0.196179 0.240284
vn -0.991069 -0.0888597 -6.06855e-17
v 0.195434 0.196179 -0.291077
vn -0.991869 -0.0848067 -6.07344e-17
v 0.188758 0.20198 0.240284
vn -0.385713 -0.614814 -2.36181e-17
v 0.188758 0.20198 -0.291077
vn -0.385713 -0.614814 -2.36181e-17
v 0.191238 0.201025 0.240284
vn -0.606502 -0.529826 -3.71375e-17
v 0.191238 0.201025 0.240284
vn -0.611365 -0.527338 -3.74353e-17
v 0.191238 0.201025 -0.291077
vn -0.611365 -0.527338 -3.74353e-17
v 0.193262 0.199676 0.240284
vn -0.791621 -0.407166 -4.84728e-17
v 0.0264535 0.246573 0.240284
vn -6.12323e-17 3.7494e-33 1
v 0.0264535 0.246573 0.240284
vn -0.922868 -0.256633 -5.65094e-17
v 0.185992 0.202474 0.240284
vn -6.12323e-17 3.7494e-33 1
v 0.177882 0.201027 0.240284
vn 0.611018 -0.527517 3.74141e-17
v 0.175857 0.199678 0.240284
vn 0.791352 -0.407398 4.84563e-17
v 0.177882 0.201027 -0.291077
vn 0.611018 -0.527517 3.74141e-17
v 0.175857 0.199678 0.240284
vn 0.795079 -0.404163 4.86845e-17
v 0.174424 0.198026 0.240284
vn 0.922618 -0.257033 5.6494e-17
v 0.175857 0.199678 -0.291077
vn 0.795079 -0.404163 4.86845e-17
v 0.180363 0.201981 0.240284
vn 0.385303 -0.614928 2.3593e-17
v 0.177882 0.201027 0.240284
vn 0.606149 -0.530005 3.71159e-17
v 0.180363 0.201981 -0.291077
vn 0.385303 -0.614928 2.3593e-17
v 0.174424 0.198026 0.240284
vn 0.924963 -0.253263 5.66376e-17
v 0.180363 0.201981 0.240284
vn 0.379643 -0.616489 2.32464e-17
v 0.180363 0.201981 -0.291077
vn 0.379643 -0.616489 2.32464e-17
v 0.183129 0.202474 0.240284
vn 0.133339 -0.660429 8.16464e-18
v 0.175857 0.199678 -0.291077
vn -6.12323e-17 3.7494e-33 1
v 0.193262 0.199676 0.240284
vn -0.795351 -0.403925 -4.87012e-17
v 0.193262 0.199676 -0.291077
vn -0.795351 -0.403925 -4.87012e-17
v 0.194693 0.198023 0.240284
vn -0.92279 -0.256758 -5.65046e-17
v 0.195434 0.196179 -0.291077
vn -0.991069 -0.0888597 -6.06855e-17
v 0.194693 0.198023 -0.291077
vn -0.92279 -0.256758 -5.65046e-17
v 0.195434 0.196179 -0.291077
vn -6.12323e-17 3.7494e-33 1
v 0.177882 0.201027 -0.291077
vn -6.12323e-17 3.7494e-33 1
v 0.191238 0.201025 -0.291077
vn -0.606502 -0.529826 -3.71375e-17
v 0.188758 0.20198 -0.291077
vn -0.380058 -0.616376 -2.32718e-17
v 0.188758 0.20198 0.240284
vn -0.380058 -0.616376 -2.32718e-17
v 0.185992 0.202474 -0.291077
vn -0.133784 -0.660388 -8.19192e-18
v 0.193262 0.199676 -0.291077
vn -0.791621 -0.407166 -4.84728e-17
v 0.175857 0.199678 -0.291077
vn 0.791352 -0.407398 4.84563e-17
v 0.177882 0.201027 -0.291077
vn 0.606149 -0.530005 3.71159e-17
v 0.174424 0.198026 -0.291077
vn 0.922618 -0.257033 5.6494e-17
v 0.183129 0.202474 0.240284
vn 0.127275 -0.66096 7.79332e-18
v 0.183129 0.202474 -0.291077
vn 0.127275 -0.66096 7.79332e-18
v 0.185992 0.202474 0.240284
vn -0.127704 -0.660923 -7.81963e-18
v 0.183129 0.202474 -0.291077
vn 0.133339 -0.660429 8.16464e-18
v 0.194693 0.198023 -0.291077
vn -6.12323e-17 3.7494e-33 1
v 0.180363 0.201981 -0.291077
vn -6.12323e-17 3.7494e-33 1
v 0.193262 0.199676 -0.291077
vn -6.12323e-17 3.7494e-33 1
v 0.183129 0.202474 -0.291077
vn -6.12323e-17 3.7494e-33 1
v 0.188758 0.20198 -0.291077
vn -6.12323e-17 3.7494e-33 1
v 0.185992 0.202474 -0.291077
vn -6.12323e-17 3.7494e-33 1
v 0.191238 0.201025 -0.291077
vn -6.12323e-17 3.7494e-33 1
v 0.185992 0.202474 0.240284
vn -0.133784 -0.660388 -8.19192e-18
v 0.185992 0.202474 -0.291077
vn -0.127704 -0.660923 -7.81963e-18
v -0.0428555 -0.262094 0.240284
vn 0.133768 0.66039 8.19095e-18
v -0.0428555 -0.262094 -0.291077
vn 0.133768 0.66039 8.19095e-18
v -0.0456215 -0.261601 0.240284
vn 0.380044 0.616379 2.3271e-17
v -0.0456215 -0.261601 0.240284
vn 0.385715 0.614813 2.36183e-17
v -0.0456215 -0.261601 -0.291077
vn 0.385715 0.614813 2.36183e-17
v -0.0481005 -0.260647 0.240284
vn 0.606506 0.529824 3.71378e-17
v -0.0456215 -0.261601 -0.291077
vn 0.380044 0.616379 2.3271e-17
v -0.0428555 -0.262094 -0.291077
vn 0.127745 0.660919 7.8221e-18
v -0.0428555 -0.262094 0.240284
vn 0.127745 0.660919 7.8221e-18
v -0.0399925 -0.262098 -0.291077
vn -0.127234 0.660963 -7.79085e-18
v -0.0481005 -0.260647 -0.291077
vn 0.606506 0.529824 3.71378e-17
v -0.0399925 -0.262098 0.240284
vn -0.127234 0.660963 -7.79085e-18
v -0.0481005 -0.260647 0.240284
vn 0.611351 0.527346 3.74344e-17
v -0.0481005 -0.260647 -0.291077
vn 0.611351 0.527346 3.74344e-17
v -0.0501255 -0.259299 0.240284
vn 0.79161 0.407175 4.84722e-17
v -0.0347455 -0.26065 0.240284
vn -0.611034 0.527509 -3.7415e-17
v -0.0327205 -0.259299 0.240284
vn -0.791361 0.40739 -4.84569e-17
v -0.0347455 -0.26065 -0.291077
vn -0.611034 0.527509 -3.7415e-17
v -0.0372255 -0.261604 0.240284
vn -0.385306 0.614927 -2.35932e-17
v -0.0347455 -0.26065 0.240284
vn -0.606153 0.530003 -3.71161e-17
v -0.0372255 -0.261604 -0.291077
vn -0.385306 0.614927 -2.35932e-17
v -0.0312875 -0.257647 0.240284
vn -0.922614 0.25704 -5.64938e-17
v -0.0312875 -0.257647 -0.291077
vn -0.922614 0.25704 -5.64938e-17
v -0.0327205 -0.259299 0.240284
vn -0.795072 0.404169 -4.86841e-17
v -0.0372255 -0.261604 0.240284
vn -0.379647 0.616488 -2.32467e-17
v -0.0372255 -0.261604 -0.291077
vn -0.379647 0.616488 -2.32467e-17
v -0.0399925 -0.262098 0.240284
vn -0.133346 0.660428 -8.16507e-18
v -0.0399925 -0.262098 -0.291077
vn -0.133346 0.660428 -8.16507e-18
v -0.0501255 -0.259299 -0.291077
vn 0.79161 0.407175 4.84722e-17
v -0.0327205 -0.259299 -0.291077
vn -0.791361 0.40739 -4.84569e-17
v -0.0347455 -0.26065 -0.291077
vn -0.606153 0.530003 -3.71161e-17
v -0.0312875 -0.257647 0.240284
vn -0.92496 0.253267 -5.66375e-17
v -0.0305455 -0.255806 0.240284
vn -0.99101 0.0891522 -6.06819e-17
v -0.0312875 -0.257647 -0.291077
vn -0.92496 0.253267 -5.66375e-17
v -0.0327205 -0.259299 -0.291077
vn -0.795072 0.404169 -4.86841e-17
v -0.0515565 -0.257644 -0.291077
vn 0.922793 0.256754 5.65048e-17
v -0.0515565 -0.257644 0.240284
vn 0.922793 0.256754 5.65048e-17
v -0.0501255 -0.259299 -0.291077
vn 0.795357 0.40392 4.87016e-17
v -0.0501255 -0.259299 0.240284
vn 0.795357 0.40392 4.87016e-17
v -0.0305455 -0.255806 0.240284
vn -0.991813 0.0850959 -6.0731e-17
v -0.0305455 -0.253894 0.240284
vn -0.991868 -0.0848094 -6.07344e-17
v -0.0305455 -0.255806 -0.291077
vn -0.991813 0.0850959 -6.0731e-17
v -0.0305455 -0.255806 -0.291077
vn -0.99101 0.0891522 -6.06819e-17
v -0.0515565 -0.257644 -0.291077
vn 0.925128 0.252995 5.66477e-17
v -0.0522975 -0.255802 -0.291077
vn 0.991069 0.088861 6.06855e-17
v -0.0515565 -0.257644 0.240284
vn 0.925128 0.252995 5.66477e-17
v -0.0312855 -0.252053 0.240284
vn -0.925129 -0.252992 -5.66478e-17
v -0.0312855 -0.252053 -0.291077
vn -0.925129 -0.252992 -5.66478e-17
v -0.0305455 -0.253894 0.240284
vn -0.99107 -0.0888563 -6.06855e-17
v -0.0305455 -0.253894 -0.291077
vn -0.991868 -0.0848094 -6.07344e-17
v -0.0522965 -0.253892 0.240284
vn 0.991812 -0.0851019 6.0731e-17
v -0.0522975 -0.255802 0.240284
vn 0.991869 0.0848047 6.07345e-17
v -0.0522965 -0.253892 -0.291077
vn 0.991812 -0.0851019 6.0731e-17
v -0.0522975 -0.255802 0.240284
vn 0.991069 0.088861 6.06855e-17
v -0.0515545 -0.25205 0.240284
vn 0.92496 -0.253267 5.66375e-17
v -0.0522965 -0.253892 0.240284
vn 0.99101 -0.0891522 6.06819e-17
v -0.0515545 -0.25205 -0.291077
vn 0.92496 -0.253267 5.66375e-17
v -0.0522965 -0.253892 -0.291077
vn 0.99101 -0.0891522 6.06819e-17
v -0.0522975 -0.255802 -0.291077
vn 0.991869 0.0848047 6.07345e-17
v -0.0372215 -0.248096 0.240284
vn -0.385706 -0.614816 -2.36177e-17
v -0.0372215 -0.248096 -0.291077
vn -0.385706 -0.614816 -2.36177e-17
v -0.0347415 -0.24905 0.240284
vn -0.606497 -0.529829 -3.71372e-17
v -0.0327175 -0.250399 0.240284
vn -0.795354 -0.403923 -4.87014e-17
v -0.0327175 -0.250399 -0.291077
vn -0.795354 -0.403923 -4.87014e-17
v -0.0312855 -0.252053 0.240284
vn -0.92279 -0.256759 -5.65046e-17
v -0.0305455 -0.253894 -0.291077
vn -0.99107 -0.0888563 -6.06855e-17
v -0.0312855 -0.252053 -0.291077
vn -0.92279 -0.256759 -5.65046e-17
v -0.0515545 -0.25205 -0.291077
vn 0.922616 -0.257035 5.6494e-17
v -0.0501225 -0.250399 -0.291077
vn 0.795076 -0.404166 4.86844e-17
v -0.0515545 -0.25205 0.240284
vn 0.922616 -0.257035 5.6494e-17
v -0.0501225 -0.250399 0.240284
vn 0.795076 -0.404166 4.86844e-17
v -0.0480965 -0.24905 0.240284
vn 0.611009 -0.527522 3.74135e-17
v -0.0501225 -0.250399 0.240284
vn 0.791345 -0.407404 4.84559e-17
v -0.0480965 -0.24905 -0.291077
vn 0.611009 -0.527522 3.74135e-17
v -0.0347415 -0.24905 0.240284
vn -0.61136 -0.527341 -3.7435e-17
v -0.0347415 -0.24905 -0.291077
vn -0.61136 -0.527341 -3.7435e-17
v -0.0327175 -0.250399 0.240284
vn -0.791617 -0.407169 -4.84726e-17
v -0.0347415 -0.24905 -0.291077
vn -0.606497 -0.529829 -3.71372e-17
v -0.0372215 -0.248096 -0.291077
vn -0.380044 -0.616379 -2.3271e-17
v -0.0372215 -0.248096 0.240284
vn -0.380044 -0.616379 -2.3271e-17
v -0.0399875 -0.247603 -0.291077
vn -0.133768 -0.66039 -8.19093e-18
v -0.0399875 -0.247603 0.240284
vn -0.133768 -0.66039 -8.19093e-18
v -0.0327175 -0.250399 -0.291077
vn -0.791617 -0.407169 -4.84726e-17
v -0.0501225 -0.250399 -0.291077
vn 0.791345 -0.407404 4.84559e-17
v -0.0456165 -0.248096 0.240284
vn 0.385306 -0.614927 2.35932e-17
v -0.0480965 -0.24905 0.240284
vn 0.606153 -0.530003 3.71161e-17
v -0.0456165 -0.248096 -0.291077
vn 0.385306 -0.614927 2.35932e-17
v -0.0480965 -0.24905 -0.291077
vn 0.606153 -0.530003 3.71161e-17
v -0.0399875 -0.247603 -0.291077
vn -0.127745 -0.660919 -7.8221e-18
v -0.0399875 -0.247603 0.240284
vn -0.127745 -0.660919 -7.8221e-18
v -0.0428505 -0.2476 -0.291077
vn 0.127234 -0.660963 7.79085e-18
v -0.0428505 -0.2476 0.240284
vn 0.127234 -0.660963 7.79085e-18
v -0.0456165 -0.248096 0.240284
vn 0.379678 -0.61648 2.32486e-17
v -0.0456165 -0.248096 -0.291077
vn 0.379678 -0.61648 2.32486e-17
v -0.0428505 -0.2476 0.240284
vn 0.133379 -0.660425 8.16711e-18
v -0.0428505 -0.2476 -0.291077
vn 0.133379 -0.660425 8.16711e-18
v -0.222708 -0.205731 0.291077
vn 0.758474 0.434281 4.64431e-17
v -0.225797 -0.20288 0.285215
vn 0.857507 0.342834 5.25071e-17
v -0.225797 -0.20288 0.291077
vn 0.857507 0.342834 5.25071e-17
v -0.218942 -0.208197 0.291077
vn 0.637654 0.513327 3.9045e-17
v -0.222708 -0.205731 0.285215
vn 0.75842 0.434323 4.64398e-17
v -0.222708 -0.205731 0.291077
vn 0.75842 0.434323 4.64398e-17
v -0.0263045 -0.262157 0.291077
vn 0.382889 0.615598 2.34452e-17
v -0.214898 -0.210066 0.285215
vn 0.382889 0.615598 2.34452e-17
v -0.214898 -0.210066 0.291077
vn 0.382889 0.615598 2.34452e-17
v -0.0191115 -0.263248 0.291077
vn 0.18322 0.655099 1.1219e-17
v -0.0263045 -0.262157 0.285215
vn 0.222088 0.649738 1.35989e-17
v -0.0263045 -0.262157 0.291077
vn 0.222088 0.649738 1.35989e-17
v -0.225797 -0.20288 0.291077
vn 0.857549 0.342787 5.25098e-17
v -0.228118 -0.199722 0.285215
vn 0.932012 0.241514 5.70693e-17
v -0.228118 -0.199722 0.291077
vn 0.932012 0.241514 5.70693e-17
v -0.222708 -0.205731 0.285215
vn 0.758474 0.434281 4.64431e-17
v -0.225797 -0.20288 0.285215
vn 0.857549 0.342787 5.25098e-17
v -0.214898 -0.210066 0.291077
vn 0.570118 0.547472 3.49096e-17
v -0.218942 -0.208197 0.285215
vn 0.637592 0.513361 3.90412e-17
v -0.218942 -0.208197 0.291077
vn 0.637592 0.513361 3.90412e-17
v -0.218942 -0.208197 0.285215
vn 0.637654 0.513327 3.9045e-17
v -0.0263045 -0.262157 0.285215
vn 0.382889 0.615598 2.34452e-17
v -0.214898 -0.210066 0.285215
vn 0.570118 0.547472 3.49096e-17
v -0.0111015 -0.264025 0.291077
vn 0.104629 0.662721 6.4067e-18
v -0.0191115 -0.263248 0.285215
vn 0.183164 0.655105 1.12155e-17
v -0.0191115 -0.263248 0.291077
vn 0.183164 0.655105 1.12155e-17
v -0.0191115 -0.263248 0.285215
vn 0.18322 0.655099 1.1219e-17
v -0.228118 -0.199722 0.285215
vn 0.932042 0.241463 5.70711e-17
v -0.229608 -0.196348 0.291077
vn 0.979797 0.133273 5.99952e-17
v -0.228118 -0.199722 0.291077
vn 0.932042 0.241463 5.70711e-17
v -0.0111015 -0.264025 0.285215
vn 0.104629 0.662721 6.4067e-18
v -0.229608 -0.196348 0.285215
vn 0.979797 0.133273 5.99952e-17
v -0.229608 -0.196348 0.285215
vn 0.979813 0.133219 5.99963e-17
v -0.230221 -0.192855 0.291077
vn 0.999493 0.0212101 6.12013e-17
v -0.229608 -0.196348 0.291077
vn 0.979813 0.133219 5.99963e-17
v -0.00302549 -0.264373 0.291077
vn 0.0253755 0.666165 1.5538e-18
v -0.0111015 -0.264025 0.285215
vn 0.10457 0.662726 6.40307e-18
v -0.0111015 -0.264025 0.291077
vn 0.10457 0.662726 6.40307e-18
v -0.00302549 -0.264373 0.285215
vn 0.0253755 0.666165 1.5538e-18
v -0.214207 -0.204382 0.285215
vn 0.637638 0.513336 3.9044e-17
v -0.217075 -0.202508 0.281308
vn 0.758433 0.434313 4.64406e-17
v -0.217075 -0.202508 0.285215
vn 0.758433 0.434313 4.64406e-17
v -0.211332 -0.205715 0.285215
vn 0.570118 0.547472 3.49097e-17
v -0.214207 -0.204382 0.281308
vn 0.637608 0.513352 3.90422e-17
v -0.214207 -0.204382 0.285215
vn 0.637608 0.513352 3.90422e-17
v -0.230221 -0.192855 0.285215
vn 0.999493 0.0212101 6.12013e-17
v -0.230221 -0.192855 0.285215
vn 0.999496 0.0211551 6.12015e-17
v -0.229943 -0.189342 0.291077
vn 0.990536 -0.0914605 6.06529e-17
v -0.230221 -0.192855 0.291077
vn 0.999496 0.0211551 6.12015e-17
v 0.0050675 -0.264298 0.291077
vn -0.0540364 0.665406 -3.30878e-18
v -0.00302549 -0.264373 0.285215
vn 0.0253167 0.666165 1.5502e-18
v -0.00302549 -0.264373 0.291077
vn 0.0253167 0.666165 1.5502e-18
v -0.217075 -0.202508 0.285215
vn 0.758461 0.434292 4.64423e-17
v -0.219428 -0.200334 0.281308
vn 0.857517 0.342822 5.25078e-17
v -0.219428 -0.200334 0.285215
vn 0.857517 0.342822 5.25078e-17
v -0.214207 -0.204382 0.281308
vn 0.637638 0.513336 3.9044e-17
v -0.217075 -0.202508 0.281308
vn 0.758461 0.434292 4.64423e-17
v -0.0240505 -0.25744 0.285215
vn 0.382888 0.615598 2.34451e-17
v -0.211332 -0.205715 0.281308
vn 0.382888 0.615598 2.34451e-17
v -0.211332 -0.205715 0.285215
vn 0.382888 0.615598 2.34451e-17
v -0.211332 -0.205715 0.281308
vn 0.570118 0.547472 3.49097e-17
v -0.229943 -0.189342 0.285215
vn 0.990536 -0.0914605 6.06529e-17
v 0.0050675 -0.264298 0.285215
vn -0.0540364 0.665406 -3.30878e-18
v 0.0131255 -0.263791 0.291077
vn -0.13311 0.660449 -8.15061e-18
v 0.0050675 -0.264298 0.285215
vn -0.0540963 0.665404 -3.31244e-18
v 0.0050675 -0.264298 0.291077
vn -0.0540963 0.665404 -3.31244e-18
v -0.219428 -0.200334 0.285215
vn 0.857539 0.342798 5.25091e-17
v -0.221198 -0.19793 0.281308
vn 0.932019 0.241502 5.70697e-17
v -0.221198 -0.19793 0.285215
vn 0.932019 0.241502 5.70697e-17
v -0.0177545 -0.258394 0.285215
vn 0.183208 0.6551 1.12183e-17
v -0.0240505 -0.25744 0.281308
vn 0.222087 0.649738 1.35989e-17
v -0.0240505 -0.25744 0.285215
vn 0.222087 0.649738 1.35989e-17
v -0.219428 -0.200334 0.281308
vn 0.857539 0.342798 5.25091e-17
v -0.0240505 -0.25744 0.281308
vn 0.382888 0.615598 2.34451e-17
v -0.229943 -0.189342 0.285215
vn 0.990525 -0.0915152 6.06522e-17
v -0.228778 -0.185912 0.291077
vn 0.953183 -0.20151 5.83656e-17
v -0.229943 -0.189342 0.291077
vn 0.990525 -0.0915152 6.06522e-17
v 0.0131255 -0.263791 0.285215
vn -0.13311 0.660449 -8.15061e-18
v -0.221198 -0.19793 0.281308
vn 0.932034 0.241476 5.70706e-17
v -0.222331 -0.195358 0.285215
vn 0.979801 0.13326 5.99955e-17
v -0.221198 -0.19793 0.285215
vn 0.932034 0.241476 5.70706e-17
v -0.0177545 -0.258394 0.281308
vn 0.183208 0.6551 1.12183e-17
v -0.222331 -0.195358 0.281308
vn 0.979809 0.133233 5.9996e-17
v -0.222799 -0.192697 0.285215
vn 0.999494 0.0211967 6.12014e-17
v -0.222331 -0.195358 0.285215
vn 0.979809 0.133233 5.9996e-17
v -0.228778 -0.185912 0.285215
vn 0.953158 -0.201562 5.83641e-17
v -0.226762 -0.182663 0.291077
vn 0.888504 -0.305781 5.44052e-17
v -0.228778 -0.185912 0.291077
vn 0.953158 -0.201562 5.83641e-17
v -0.228778 -0.185912 0.285215
vn 0.953183 -0.20151 5.83656e-17
v 0.0210975 -0.262861 0.291077
vn -0.211342 0.651327 -1.2941e-17
v 0.0131255 -0.263791 0.285215
vn -0.133168 0.660444 -8.15422e-18
v 0.0131255 -0.263791 0.291077
vn -0.133168 0.660444 -8.15422e-18
v -0.222331 -0.195358 0.281308
vn 0.979801 0.13326 5.99955e-17
v -0.0103275 -0.259114 0.285215
vn 0.104618 0.662722 6.40601e-18
v -0.0177545 -0.258394 0.281308
vn 0.183175 0.655104 1.12162e-17
v -0.0177545 -0.258394 0.285215
vn 0.183175 0.655104 1.12162e-17
v -0.0103275 -0.259114 0.281308
vn 0.104618 0.662722 6.40601e-18
v -0.0103275 -0.259114 0.281308
vn 0.104582 0.662725 6.40378e-18
v -0.00283749 -0.25944 0.285215
vn 0.0253646 0.666165 1.55313e-18
v -0.00283749 -0.25944 0.281308
vn 0.0253646 0.666165 1.55313e-18
v -0.222799 -0.192697 0.281308
vn 0.999494 0.0211967 6.12014e-17
v -0.226762 -0.182663 0.285215
vn 0.888504 -0.305781 5.44052e-17
v -0.222799 -0.192697 0.281308
vn 0.999495 0.0211687 6.12014e-17
v -0.222586 -0.190023 0.285215
vn 0.990534 -0.0914739 6.06527e-17
v -0.222799 -0.192697 0.285215
vn 0.999495 0.0211687 6.12014e-17
v -0.226762 -0.182663 0.285215
vn 0.888466 -0.30583 5.44028e-17
v -0.223951 -0.179686 0.291077
vn 0.798352 -0.401288 4.88849e-17
v -0.226762 -0.182663 0.291077
vn 0.888466 -0.30583 5.44028e-17
v 0.0365865 -0.259756 0.291077
vn -0.363323 0.620841 -2.22471e-17
v 0.0289345 -0.261512 0.285215
vn -0.288299 0.638085 -1.76532e-17
v 0.0289345 -0.261512 0.291077
vn -0.288299 0.638085 -1.76532e-17
v 0.0289345 -0.261512 0.291077
vn -0.288243 0.638096 -1.76498e-17
v 0.0210975 -0.262861 0.285215
vn -0.2114 0.651319 -1.29445e-17
v 0.0210975 -0.262861 0.291077
vn -0.2114 0.651319 -1.29445e-17
v 0.0210975 -0.262861 0.285215
vn -0.211342 0.651327 -1.2941e-17
v -0.0103275 -0.259114 0.285215
vn 0.104582 0.662725 6.40378e-18
v -0.00283749 -0.25944 0.281308
vn 0.0253277 0.666165 1.55087e-18
v 0.00466651 -0.259367 0.285215
vn -0.0540481 0.665405 -3.30949e-18
v 0.00466651 -0.259367 0.281308
vn -0.0540481 0.665405 -3.30949e-18
v -0.00283749 -0.25944 0.285215
vn 0.0253277 0.666165 1.55087e-18
v -0.222586 -0.190023 0.281308
vn 0.990534 -0.0914739 6.06527e-17
v -0.223951 -0.179686 0.285215
vn 0.798352 -0.401288 4.88849e-17
v 0.0440045 -0.257598 0.285215
vn -0.436115 0.599669 -2.67043e-17
v 0.0365865 -0.259756 0.291077
vn -0.363379 0.620826 -2.22505e-17
v 0.0440045 -0.257598 0.291077
vn -0.436115 0.599669 -2.67043e-17
v 0.0511415 -0.255053 0.291077
vn -0.506152 0.574715 -3.09929e-17
v 0.0440045 -0.257598 0.285215
vn -0.436169 0.599651 -2.67076e-17
v 0.0440045 -0.257598 0.291077
vn -0.436169 0.599651 -2.67076e-17
v 0.0365865 -0.259756 0.285215
vn -0.363323 0.620841 -2.22471e-17
v 0.0289345 -0.261512 0.285215
vn -0.288243 0.638096 -1.76498e-17
v 0.0121395 -0.2589 0.285215
vn -0.13312 0.660448 -8.15128e-18
v 0.00466651 -0.259367 0.281308
vn -0.0540846 0.665404 -3.31173e-18
v 0.00466651 -0.259367 0.285215
vn -0.0540846 0.665404 -3.31173e-18
v -0.222586 -0.190023 0.281308
vn 0.990528 -0.0915018 6.06523e-17
v -0.221699 -0.187412 0.285215
vn 0.953176 -0.201523 5.83652e-17
v -0.222586 -0.190023 0.285215
vn 0.990528 -0.0915018 6.06523e-17
v -0.223951 -0.179686 0.285215
vn 0.798302 -0.401331 4.88819e-17
v -0.220428 -0.177068 0.291077
vn 0.685314 -0.485289 4.19634e-17
v -0.223951 -0.179686 0.291077
vn 0.798302 -0.401331 4.88819e-17
v 0.0365865 -0.259756 0.285215
vn -0.363379 0.620826 -2.22505e-17
v 0.0552075 -0.253316 0.291077
vn -0.540026 0.560857 -3.30671e-17
v 0.0511415 -0.255053 0.285215
vn -0.506192 0.574699 -3.09953e-17
v 0.0511415 -0.255053 0.291077
vn -0.506192 0.574699 -3.09953e-17
v 0.0511415 -0.255053 0.285215
vn -0.506152 0.574715 -3.09929e-17
v 0.0121395 -0.2589 0.281308
vn -0.13312 0.660448 -8.15128e-18
v -0.220163 -0.184935 0.281308
vn 0.888475 -0.305817 5.44034e-17
v -0.218022 -0.182666 0.285215
vn 0.798339 -0.401299 4.88842e-17
v -0.220163 -0.184935 0.285215
vn 0.888475 -0.305817 5.44034e-17
v -0.221699 -0.187412 0.281308
vn 0.953164 -0.20155 5.83645e-17
v -0.220163 -0.184935 0.285215
vn 0.888495 -0.305793 5.44046e-17
v -0.221699 -0.187412 0.285215
vn 0.953164 -0.20155 5.83645e-17
v -0.221699 -0.187412 0.281308
vn 0.953176 -0.201523 5.83652e-17
v -0.220428 -0.177068 0.285215
vn 0.685245 -0.485332 4.19592e-17
v -0.215144 -0.174275 0.291077
vn 0.621169 -0.522226 3.80356e-17
v -0.220428 -0.177068 0.291077
vn 0.685245 -0.485332 4.19592e-17
v -0.220428 -0.177068 0.285215
vn 0.685314 -0.485289 4.19634e-17
v 0.0643865 -0.248869 0.285215
vn -0.588015 0.539001 -3.60056e-17
v 0.0552075 -0.253316 0.291077
vn -0.588015 0.539001 -3.60056e-17
v 0.0643865 -0.248869 0.291077
vn -0.588015 0.539001 -3.60056e-17
v 0.0552075 -0.253316 0.285215
vn -0.540026 0.560857 -3.30671e-17
v 0.0195325 -0.258039 0.285215
vn -0.211353 0.651326 -1.29417e-17
v 0.0121395 -0.2589 0.281308
vn -0.133157 0.660445 -8.15351e-18
v 0.0121395 -0.2589 0.285215
vn -0.133157 0.660445 -8.15351e-18
v -0.0150935 -0.248883 0.281308
vn 0.183216 0.655099 1.12187e-17
v -0.0196285 -0.248192 0.273494
vn 0.222088 0.649738 1.3599e-17
v -0.0196285 -0.248192 0.281308
vn 0.222088 0.649738 1.3599e-17
v -0.0196285 -0.248192 0.281308
vn 0.382888 0.615598 2.34451e-17
v -0.204337 -0.197176 0.273494
vn 0.382888 0.615598 2.34451e-17
v -0.204337 -0.197176 0.281308
vn 0.382888 0.615598 2.34451e-17
v -0.218022 -0.182666 0.281308
vn 0.798339 -0.401299 4.88842e-17
v -0.220163 -0.184935 0.281308
vn 0.888495 -0.305793 5.44046e-17
v -0.207622 -0.194411 0.273494
vn 0.932033 0.241478 5.70705e-17
v -0.208062 -0.193417 0.281308
vn 0.979802 0.133257 5.99956e-17
v -0.207622 -0.194411 0.281308
vn 0.932033 0.241478 5.70705e-17
v -0.206938 -0.195341 0.281308
vn 0.857536 0.342801 5.2509e-17
v -0.207622 -0.194411 0.273494
vn 0.932021 0.241499 5.70698e-17
v -0.207622 -0.194411 0.281308
vn 0.932021 0.241499 5.70698e-17
v -0.215144 -0.174275 0.285215
vn 0.621169 -0.522226 3.80356e-17
v -0.218022 -0.182666 0.281308
vn 0.798314 -0.401321 4.88826e-17
v -0.215338 -0.180673 0.285215
vn 0.685299 -0.485299 4.19625e-17
v -0.218022 -0.182666 0.285215
vn 0.798314 -0.401321 4.88826e-17
v -0.156775 -0.184665 0.240284
vn -0.382505 -0.615704 -2.34217e-17
v -0.152231 -0.185477 0.197308
vn -0.131158 -0.660622 -8.03113e-18
v -0.152231 -0.185477 0.240284
vn -0.131158 -0.660622 -8.03113e-18
v -0.160849 -0.183096 0.240284
vn -0.608609 -0.528752 -3.72665e-17
v -0.156775 -0.184665 0.197308
vn -0.383272 -0.615491 -2.34687e-17
v -0.156775 -0.184665 0.240284
vn -0.383272 -0.615491 -2.34687e-17
v 0.0904925 -0.232642 0.291077
vn -0.725315 0.458747 -4.44127e-17
v 0.0643865 -0.248869 0.285215
vn -0.682123 0.487281 -4.1768e-17
v 0.0643865 -0.248869 0.291077
vn -0.682123 0.487281 -4.1768e-17
v 0.0552075 -0.253316 0.285215
vn -0.588015 0.539001 -3.60056e-17
v 0.0268005 -0.256789 0.285215
vn -0.288253 0.638094 -1.76504e-17
v 0.0195325 -0.258039 0.281308
vn -0.211389 0.65132 -1.29439e-17
v 0.0195325 -0.258039 0.285215
vn -0.211389 0.65132 -1.29439e-17
v 0.0195325 -0.258039 0.281308
vn -0.211353 0.651326 -1.29417e-17
v -0.0150935 -0.248883 0.273494
vn 0.183216 0.655099 1.12187e-17
v -0.0196285 -0.248192 0.273494
vn 0.382888 0.615598 2.34451e-17
v -0.204337 -0.197176 0.281308
vn 0.570118 0.547472 3.49097e-17
v -0.204921 -0.196907 0.273494
vn 0.637616 0.513348 3.90427e-17
v -0.204921 -0.196907 0.281308
vn 0.637616 0.513348 3.90427e-17
v -0.204337 -0.197176 0.273494
vn 0.570118 0.547472 3.49097e-17
v -0.208062 -0.193417 0.273494
vn 0.979808 0.133235 5.9996e-17
v -0.208241 -0.192391 0.281308
vn 0.999494 0.0211934 6.12014e-17
v -0.208062 -0.193417 0.281308
vn 0.979808 0.133235 5.9996e-17
v -0.208062 -0.193417 0.273494
vn 0.979802 0.133257 5.99956e-17
v -0.206029 -0.19618 0.281308
vn 0.758458 0.434294 4.64421e-17
v -0.206938 -0.195341 0.273494
vn 0.85752 0.342819 5.25079e-17
v -0.206938 -0.195341 0.281308
vn 0.85752 0.342819 5.25079e-17
v -0.206938 -0.195341 0.273494
vn 0.857536 0.342801 5.2509e-17
v -0.215144 -0.174275 0.285215
vn 0.632058 -0.516391 3.87024e-17
v -0.18349 -0.157074 0.291077
vn 0.705103 -0.472533 4.31751e-17
v -0.215144 -0.174275 0.291077
vn 0.632058 -0.516391 3.87024e-17
v -0.215338 -0.180673 0.281308
vn 0.685299 -0.485299 4.19625e-17
v -0.152231 -0.185477 0.240284
vn -0.130334 -0.660695 -7.98064e-18
v -0.147528 -0.185477 0.197308
vn 0.129895 -0.660734 7.9538e-18
v -0.147528 -0.185477 0.240284
vn 0.129895 -0.660734 7.9538e-18
v -0.156775 -0.184665 0.197308
vn -0.382505 -0.615704 -2.34217e-17
v -0.152231 -0.185477 0.197308
vn -0.130334 -0.660695 -7.98064e-18
v -0.164174 -0.18088 0.240284
vn -0.793235 -0.405769 -4.85716e-17
v -0.160849 -0.183096 0.197308
vn -0.609267 -0.528415 -3.73069e-17
v -0.160849 -0.183096 0.240284
vn -0.609267 -0.528415 -3.73069e-17
v -0.160849 -0.183096 0.197308
vn -0.608609 -0.528752 -3.72665e-17
v -0.133227 -0.17817 0.197308
vn 0.923954 -0.254893 5.65758e-17
v -0.132008 -0.17514 0.240284
vn 0.991361 -0.0874009 6.07034e-17
v -0.133227 -0.17817 0.240284
vn 0.923954 -0.254893 5.65758e-17
v -0.13558 -0.180883 0.240284
vn 0.79347 -0.405564 4.8586e-17
v -0.133227 -0.17817 0.197308
vn 0.923635 -0.255405 5.65563e-17
v -0.133227 -0.17817 0.240284
vn 0.923635 -0.255405 5.65563e-17
v 0.0904925 -0.232642 0.285215
vn -0.725315 0.458747 -4.44127e-17
v 0.0407745 -0.253155 0.285215
vn -0.436125 0.599665 -2.6705e-17
v 0.0338955 -0.255158 0.281308
vn -0.363368 0.620829 -2.22499e-17
v 0.0338955 -0.255158 0.285215
vn -0.363368 0.620829 -2.22499e-17
v 0.0338955 -0.255158 0.285215
vn -0.363334 0.620838 -2.22478e-17
v 0.0268005 -0.256789 0.281308
vn -0.288289 0.638087 -1.76526e-17
v 0.0268005 -0.256789 0.285215
vn -0.288289 0.638087 -1.76526e-17
v 0.0268005 -0.256789 0.281308
vn -0.288253 0.638094 -1.76504e-17
v -0.0088085 -0.249491 0.281308
vn 0.104631 0.662721 6.40678e-18
v -0.0150935 -0.248883 0.273494
vn 0.183162 0.655106 1.12155e-17
v -0.0150935 -0.248883 0.281308
vn 0.183162 0.655106 1.12155e-17
v -0.204921 -0.196907 0.281308
vn 0.637634 0.513338 3.90438e-17
v -0.206029 -0.19618 0.273494
vn 0.758437 0.434311 4.64408e-17
v -0.206029 -0.19618 0.281308
vn 0.758437 0.434311 4.64408e-17
v -0.204921 -0.196907 0.273494
vn 0.637634 0.513338 3.90438e-17
v -0.208159 -0.191355 0.273494
vn 0.990528 -0.0914985 6.06524e-17
v -0.207816 -0.190345 0.281308
vn 0.953175 -0.201526 5.83651e-17
v -0.208159 -0.191355 0.281308
vn 0.990528 -0.0914985 6.06524e-17
v -0.208241 -0.192391 0.273494
vn 0.999495 0.0211719 6.12014e-17
v -0.208159 -0.191355 0.281308
vn 0.990533 -0.0914772 6.06527e-17
v -0.208241 -0.192391 0.281308
vn 0.999495 0.0211719 6.12014e-17
v -0.208241 -0.192391 0.273494
vn 0.999494 0.0211934 6.12014e-17
v -0.206029 -0.19618 0.273494
vn 0.758458 0.434294 4.64421e-17
v -0.18349 -0.157074 0.285215
vn 0.705103 -0.472533 4.31751e-17
v -0.215338 -0.180673 0.281308
vn 0.68526 -0.485323 4.19601e-17
v -0.210506 -0.17812 0.285215
vn 0.621169 -0.522226 3.80356e-17
v -0.215338 -0.180673 0.285215
vn 0.68526 -0.485323 4.19601e-17
v -0.147528 -0.185477 0.240284
vn 0.13072 -0.660661 8.00428e-18
v -0.142982 -0.184665 0.197308
vn 0.382096 -0.615816 2.33966e-17
v -0.142982 -0.184665 0.240284
vn 0.382096 -0.615816 2.33966e-17
v -0.147528 -0.185477 0.197308
vn 0.13072 -0.660661 8.00428e-18
v -0.166526 -0.178163 0.240284
vn -0.923806 -0.255131 -5.65668e-17
v -0.164174 -0.18088 0.197308
vn -0.793741 -0.405329 -4.86026e-17
v -0.164174 -0.18088 0.240284
vn -0.793741 -0.405329 -4.86026e-17
v -0.164174 -0.18088 0.197308
vn -0.793235 -0.405769 -4.85716e-17
v -0.132008 -0.17514 0.240284
vn 0.99147 -0.0868519 6.071e-17
v -0.132007 -0.172006 0.197308
vn 0.991528 0.0865593 6.07136e-17
v -0.132007 -0.172006 0.240284
vn 0.991528 0.0865593 6.07136e-17
v -0.132008 -0.17514 0.197308
vn 0.991361 -0.0874009 6.07034e-17
v -0.138908 -0.1831 0.197308
vn 0.608916 -0.528595 3.72854e-17
v -0.13558 -0.180883 0.240284
vn 0.792965 -0.406003 4.85551e-17
v -0.138908 -0.1831 0.240284
vn 0.608916 -0.528595 3.72854e-17
v -0.13558 -0.180883 0.197308
vn 0.79347 -0.405564 4.8586e-17
v 0.11344 -0.214414 0.285215
vn -0.80374 0.396483 -4.92149e-17
v 0.0904925 -0.232642 0.291077
vn -0.725591 0.458553 -4.44297e-17
v 0.11344 -0.214414 0.291077
vn -0.80374 0.396483 -4.92149e-17
v 0.0904925 -0.232642 0.285215
vn -0.725591 0.458553 -4.44297e-17
v 0.0407745 -0.253155 0.281308
vn -0.436125 0.599665 -2.6705e-17
v 0.0338955 -0.255158 0.281308
vn -0.363334 0.620838 -2.22478e-17
v 0.0473925 -0.250796 0.285215
vn -0.506161 0.574711 -3.09935e-17
v 0.0407745 -0.253155 0.281308
vn -0.436158 0.599655 -2.6707e-17
v 0.0407745 -0.253155 0.285215
vn -0.436158 0.599655 -2.6707e-17
v -0.00246949 -0.249767 0.281308
vn 0.0253773 0.666165 1.55391e-18
v -0.0088085 -0.249491 0.273494
vn 0.104569 0.662726 6.40301e-18
v -0.0088085 -0.249491 0.281308
vn 0.104569 0.662726 6.40301e-18
v -0.0088085 -0.249491 0.273494
vn 0.104631 0.662721 6.40678e-18
v -0.205357 -0.18774 0.273494
vn 0.685246 -0.485332 4.19592e-17
v -0.201412 -0.185655 0.281308
vn 0.621169 -0.522226 3.80356e-17
v -0.205357 -0.18774 0.281308
vn 0.685246 -0.485332 4.19592e-17
v -0.206395 -0.18851 0.273494
vn 0.798317 -0.401319 4.88828e-17
v -0.205357 -0.18774 0.281308
vn 0.685296 -0.485301 4.19622e-17
v -0.206395 -0.18851 0.281308
vn 0.798317 -0.401319 4.88828e-17
v -0.207222 -0.189388 0.273494
vn 0.888478 -0.305815 5.44036e-17
v -0.206395 -0.18851 0.281308
vn 0.798337 -0.401301 4.8884e-17
v -0.207222 -0.189388 0.281308
vn 0.888478 -0.305815 5.44036e-17
v -0.207816 -0.190345 0.273494
vn 0.953165 -0.201546 5.83645e-17
v -0.207222 -0.189388 0.281308
vn 0.888492 -0.305795 5.44045e-17
v -0.207816 -0.190345 0.281308
vn 0.953165 -0.201546 5.83645e-17
v -0.207816 -0.190345 0.273494
vn 0.953175 -0.201526 5.83651e-17
v -0.208159 -0.191355 0.273494
vn 0.990533 -0.0914772 6.06527e-17
v -0.210506 -0.17812 0.281308
vn 0.632059 -0.516391 3.87024e-17
v -0.178245 -0.160587 0.285215
vn 0.705187 -0.472477 4.31803e-17
v -0.210506 -0.17812 0.285215
vn 0.632059 -0.516391 3.87024e-17
v -0.18349 -0.157074 0.285215
vn 0.705639 -0.472177 4.32079e-17
v -0.156585 -0.135311 0.291077
vn 0.83051 -0.371176 5.08541e-17
v -0.18349 -0.157074 0.291077
vn 0.705639 -0.472177 4.32079e-17
v -0.210506 -0.17812 0.281308
vn 0.621169 -0.522226 3.80356e-17
v -0.147519 -0.161666 0.240284
vn 0.130334 0.660695 7.98064e-18
v -0.152223 -0.161666 0.197308
vn -0.129895 0.660734 -7.9538e-18
v -0.152223 -0.161666 0.240284
vn -0.129895 0.660734 -7.9538e-18
v -0.152223 -0.161666 0.240284
vn -0.130717 0.660662 -8.00408e-18
v -0.156769 -0.162475 0.197308
vn -0.382093 0.615817 -2.33964e-17
v -0.156769 -0.162475 0.240284
vn -0.382093 0.615817 -2.33964e-17
v -0.142982 -0.184665 0.197308
vn 0.382861 -0.615605 2.34435e-17
v -0.138908 -0.1831 0.240284
vn 0.608256 -0.528932 3.72449e-17
v -0.142982 -0.184665 0.240284
vn 0.382861 -0.615605 2.34435e-17
v -0.167742 -0.175134 0.197308
vn -0.99142 -0.0871077 -6.07069e-17
v -0.166526 -0.178163 0.240284
vn -0.924124 -0.254619 -5.65862e-17
v -0.167742 -0.175134 0.240284
vn -0.99142 -0.0871077 -6.07069e-17
v -0.166526 -0.178163 0.197308
vn -0.923806 -0.255131 -5.65668e-17
v -0.132007 -0.172006 0.240284
vn 0.99142 0.0871084 6.07069e-17
v -0.133225 -0.168977 0.197308
vn 0.924123 0.25462 5.65862e-17
v -0.133225 -0.168977 0.240284
vn 0.924123 0.25462 5.65862e-17
v -0.132008 -0.17514 0.197308
vn 0.99147 -0.0868519 6.071e-17
v -0.132007 -0.172006 0.197308
vn 0.99142 0.0871084 6.07069e-17
v -0.13558 -0.180883 0.197308
vn 0.792965 -0.406003 4.85551e-17
v -0.138908 -0.1831 0.197308
vn 0.608256 -0.528932 3.72449e-17
v -0.138902 -0.164043 0.240284
vn 0.608607 0.528753 3.72664e-17
v -0.142975 -0.162478 0.197308
vn 0.38327 0.615492 2.34685e-17
v -0.142975 -0.162478 0.240284
vn 0.38327 0.615492 2.34685e-17
v 0.11344 -0.214414 0.291077
vn -0.803979 0.396268 -4.92295e-17
v 0.132886 -0.194463 0.285215
vn -0.870203 0.328321 -5.32846e-17
v 0.11344 -0.214414 0.285215
vn -0.803979 0.396268 -4.92295e-17
v 0.0596695 -0.245058 0.281308
vn -0.588015 0.539001 -3.60056e-17
v 0.0510295 -0.249244 0.285215
vn -0.588015 0.539001 -3.60056e-17
v 0.0596695 -0.245058 0.285215
vn -0.588015 0.539001 -3.60056e-17
v 0.0510295 -0.249244 0.285215
vn -0.540026 0.560857 -3.30671e-17
v 0.0473925 -0.250796 0.281308
vn -0.506186 0.574701 -3.0995e-17
v 0.0473925 -0.250796 0.285215
vn -0.506186 0.574701 -3.0995e-17
v 0.0473925 -0.250796 0.281308
vn -0.506161 0.574711 -3.09935e-17
v -0.00246949 -0.249767 0.273494
vn 0.0253773 0.666165 1.55391e-18
v -0.201412 -0.185655 0.273494
vn 0.621169 -0.522226 3.80356e-17
v -0.205357 -0.18774 0.273494
vn 0.685296 -0.485301 4.19622e-17
v -0.206395 -0.18851 0.273494
vn 0.798337 -0.401301 4.8884e-17
v -0.207222 -0.189388 0.273494
vn 0.888492 -0.305795 5.44045e-17
v -0.178245 -0.160587 0.281308
vn 0.705187 -0.472477 4.31803e-17
v -0.156585 -0.135311 0.285215
vn 0.83051 -0.371176 5.08541e-17
v -0.142975 -0.162478 0.240284
vn 0.382505 0.615704 2.34217e-17
v -0.147519 -0.161666 0.197308
vn 0.131158 0.660622 8.03113e-18
v -0.147519 -0.161666 0.240284
vn 0.131158 0.660622 8.03113e-18
v -0.147519 -0.161666 0.197308
vn 0.130334 0.660695 7.98064e-18
v -0.152223 -0.161666 0.197308
vn -0.130717 0.660662 -8.00408e-18
v -0.156769 -0.162475 0.197308
vn -0.382861 0.615605 -2.34435e-17
v -0.160842 -0.16404 0.240284
vn -0.608256 0.528932 -3.72449e-17
v -0.156769 -0.162475 0.240284
vn -0.382861 0.615605 -2.34435e-17
v -0.167741 -0.171999 0.197308
vn -0.99147 0.0868519 -6.071e-17
v -0.167742 -0.175134 0.240284
vn -0.991528 -0.0865593 -6.07136e-17
v -0.167741 -0.171999 0.240284
vn -0.99147 0.0868519 -6.071e-17
v -0.166526 -0.178163 0.197308
vn -0.924124 -0.254619 -5.65862e-17
v -0.167742 -0.175134 0.197308
vn -0.991528 -0.0865593 -6.07136e-17
v -0.133225 -0.168977 0.240284
vn 0.923805 0.255132 5.65668e-17
v -0.135575 -0.166264 0.197308
vn 0.79374 0.40533 4.86026e-17
v -0.135575 -0.166264 0.240284
vn 0.79374 0.40533 4.86026e-17
v -0.133225 -0.168977 0.197308
vn 0.923805 0.255132 5.65668e-17
v -0.135575 -0.166264 0.240284
vn 0.793236 0.405768 4.85717e-17
v -0.138902 -0.164043 0.197308
vn 0.609269 0.528414 3.7307e-17
v -0.138902 -0.164043 0.240284
vn 0.609269 0.528414 3.7307e-17
v -0.138902 -0.164043 0.197308
vn 0.608607 0.528753 3.72664e-17
v -0.142975 -0.162478 0.197308
vn 0.382505 0.615704 2.34217e-17
v 0.132886 -0.194463 0.291077
vn -0.870203 0.328321 -5.32846e-17
v 0.0851135 -0.22924 0.285215
vn -0.725363 0.458713 -4.44157e-17
v 0.0596695 -0.245058 0.281308
vn -0.682123 0.487281 -4.1768e-17
v 0.0596695 -0.245058 0.285215
vn -0.682123 0.487281 -4.1768e-17
v 0.0510295 -0.249244 0.281308
vn -0.588015 0.539001 -3.60056e-17
v 0.0510295 -0.249244 0.281308
vn -0.540026 0.560857 -3.30671e-17
v 0.00388151 -0.249705 0.281308
vn -0.0540356 0.665406 -3.30873e-18
v -0.00246949 -0.249767 0.273494
vn 0.0253148 0.666166 1.55009e-18
v -0.00246949 -0.249767 0.281308
vn 0.0253148 0.666166 1.55009e-18
v -0.201412 -0.185655 0.273494
vn 0.632058 -0.516391 3.87024e-17
v -0.167958 -0.167474 0.281308
vn 0.704996 -0.472603 4.31686e-17
v -0.201412 -0.185655 0.281308
vn 0.632058 -0.516391 3.87024e-17
v -0.178245 -0.160587 0.281308
vn 0.705555 -0.472233 4.32028e-17
v -0.150407 -0.138067 0.285215
vn 0.830576 -0.37111 5.08581e-17
v -0.178245 -0.160587 0.285215
vn 0.705555 -0.472233 4.32028e-17
v -0.156585 -0.135311 0.285215
vn 0.830938 -0.37075 5.08803e-17
v -0.136609 -0.110453 0.291077
vn 0.923647 -0.255386 5.65571e-17
v -0.156585 -0.135311 0.291077
vn 0.830938 -0.37075 5.08803e-17
v -0.160842 -0.16404 0.197308
vn -0.608256 0.528932 -3.72449e-17
v -0.160842 -0.16404 0.197308
vn -0.608916 0.528595 -3.72854e-17
v -0.164169 -0.166257 0.240284
vn -0.792965 0.406003 -4.85551e-17
v -0.160842 -0.16404 0.240284
vn -0.608916 0.528595 -3.72854e-17
v -0.166524 -0.168974 0.197308
vn -0.923953 0.254893 -5.65758e-17
v -0.167741 -0.171999 0.240284
vn -0.991361 0.0874009 -6.07034e-17
v -0.166524 -0.168974 0.240284
vn -0.923953 0.254893 -5.65758e-17
v -0.167741 -0.171999 0.197308
vn -0.991361 0.0874009 -6.07034e-17
v -0.135575 -0.166264 0.197308
vn 0.793236 0.405768 4.85717e-17
v -0.164169 -0.166257 0.197308
vn -0.792965 0.406003 -4.85551e-17
v -0.166524 -0.168974 0.240284
vn -0.923636 0.255404 -5.65564e-17
v -0.164169 -0.166257 0.197308
vn -0.793471 0.405564 -4.85861e-17
v -0.166524 -0.168974 0.197308
vn -0.923636 0.255404 -5.65564e-17
v 0.148542 -0.173081 0.285215
vn -0.923718 0.255273 -5.65614e-17
v 0.132886 -0.194463 0.291077
vn -0.870401 0.328088 -5.32967e-17
v 0.148542 -0.173081 0.291077
vn -0.923718 0.255273 -5.65614e-17
v 0.132886 -0.194463 0.285215
vn -0.870401 0.328088 -5.32967e-17
v 0.10748 -0.211477 0.281308
vn -0.803781 0.396446 -4.92174e-17
v 0.0851135 -0.22924 0.285215
vn -0.725543 0.458587 -4.44267e-17
v 0.10748 -0.211477 0.285215
vn -0.803781 0.396446 -4.92174e-17
v 0.0851135 -0.22924 0.281308
vn -0.725363 0.458713 -4.44157e-17
v 0.0226135 -0.247521 0.281308
vn -0.288241 0.638097 -1.76497e-17
v 0.0164625 -0.24858 0.273494
vn -0.211402 0.651318 -1.29446e-17
v 0.0164625 -0.24858 0.281308
vn -0.211402 0.651318 -1.29446e-17
v 0.0164625 -0.24858 0.281308
vn -0.211341 0.651327 -1.29409e-17
v 0.0102065 -0.24931 0.273494
vn -0.13317 0.660444 -8.15429e-18
v 0.0102065 -0.24931 0.281308
vn -0.13317 0.660444 -8.15429e-18
v 0.0102065 -0.24931 0.281308
vn -0.133108 0.66045 -8.1505e-18
v 0.00388151 -0.249705 0.273494
vn -0.0540972 0.665404 -3.3125e-18
v 0.00388151 -0.249705 0.281308
vn -0.0540972 0.665404 -3.3125e-18
v 0.00388151 -0.249705 0.273494
vn -0.0540356 0.665406 -3.30873e-18
v -0.167958 -0.167474 0.273494
vn 0.704996 -0.472603 4.31686e-17
v -0.150407 -0.138067 0.281308
vn 0.830576 -0.37111 5.08581e-17
v -0.136609 -0.110453 0.285215
vn 0.923647 -0.255386 5.65571e-17
v -0.164169 -0.166257 0.240284
vn -0.793471 0.405564 -4.85861e-17
v 0.160174 -0.150588 0.291077
vn -0.963487 0.178426 -5.89966e-17
v 0.148542 -0.173081 0.285215
vn -0.923872 0.255025 -5.65708e-17
v 0.148542 -0.173081 0.291077
vn -0.923872 0.255025 -5.65708e-17
v 0.126434 -0.192029 0.281308
vn -0.870237 0.32828 -5.32867e-17
v 0.10748 -0.211477 0.285215
vn -0.803937 0.396306 -4.92269e-17
v 0.126434 -0.192029 0.285215
vn -0.870237 0.32828 -5.32867e-17
v 0.0851135 -0.22924 0.281308
vn -0.725543 0.458587 -4.44267e-17
v 0.10748 -0.211477 0.281308
vn -0.803937 0.396306 -4.92269e-17
v 0.0286175 -0.246139 0.281308
vn -0.363322 0.620841 -2.22471e-17
v 0.0226135 -0.247521 0.273494
vn -0.288301 0.638085 -1.76533e-17
v 0.0226135 -0.247521 0.281308
vn -0.288301 0.638085 -1.76533e-17
v 0.0226135 -0.247521 0.273494
vn -0.288241 0.638097 -1.76497e-17
v 0.0164625 -0.24858 0.273494
vn -0.211341 0.651327 -1.29409e-17
v 0.0102065 -0.24931 0.273494
vn -0.133108 0.66045 -8.1505e-18
v -0.138292 -0.143477 0.273494
vn 0.83041 -0.371275 5.08479e-17
v -0.167958 -0.167474 0.281308
vn 0.705766 -0.472093 4.32157e-17
v -0.167958 -0.167474 0.273494
vn 0.705766 -0.472093 4.32157e-17
v -0.150407 -0.138067 0.281308
vn 0.830872 -0.370816 5.08762e-17
v -0.12974 -0.112351 0.285215
vn 0.923693 -0.255313 5.65599e-17
v -0.150407 -0.138067 0.285215
vn 0.830872 -0.370816 5.08762e-17
v -0.138292 -0.143477 0.281308
vn 0.83041 -0.371275 5.08479e-17
v -0.136609 -0.110453 0.285215
vn 0.923942 -0.254912 5.65751e-17
v -0.12434 -0.0834667 0.291077
vn 0.980885 -0.12967 6.00619e-17
v -0.136609 -0.110453 0.291077
vn 0.923942 -0.254912 5.65751e-17
v 0.160174 -0.150588 0.285215
vn -0.963487 0.178426 -5.89966e-17
v 0.126434 -0.192029 0.285215
vn -0.870366 0.328128 -5.32946e-17
v 0.141693 -0.17119 0.281308
vn -0.923745 0.255229 -5.6563e-17
v 0.126434 -0.192029 0.281308
vn -0.870366 0.328128 -5.32946e-17
v 0.0504185 -0.237581 0.273494
vn -0.588015 0.539001 -3.60056e-17
v 0.0428375 -0.241255 0.281308
vn -0.588015 0.539001 -3.60056e-17
v 0.0504185 -0.237581 0.281308
vn -0.588015 0.539001 -3.60056e-17
v 0.0428375 -0.241255 0.281308
vn -0.540026 0.560857 -3.30671e-17
v 0.0400415 -0.242449 0.273494
vn -0.506191 0.574699 -3.09953e-17
v 0.0400415 -0.242449 0.281308
vn -0.506191 0.574699 -3.09953e-17
v 0.0344395 -0.244446 0.281308
vn -0.436114 0.599669 -2.67043e-17
v 0.0286175 -0.246139 0.273494
vn -0.36338 0.620826 -2.22506e-17
v 0.0286175 -0.246139 0.281308
vn -0.36338 0.620826 -2.22506e-17
v 0.0286175 -0.246139 0.273494
vn -0.363322 0.620841 -2.22471e-17
v -0.12974 -0.112351 0.281308
vn 0.923693 -0.255313 5.65599e-17
v -0.138292 -0.143477 0.273494
vn 0.831038 -0.370651 5.08864e-17
v -0.116267 -0.116071 0.281308
vn 0.923578 -0.255496 5.65529e-17
v -0.138292 -0.143477 0.281308
vn 0.831038 -0.370651 5.08864e-17
v -0.12434 -0.0834667 0.285215
vn 0.980885 -0.12967 6.00619e-17
v 0.167611 -0.127319 0.291077
vn -0.978066 0.138803 -5.98893e-17
v 0.160174 -0.150588 0.285215
vn -0.963595 0.178168 -5.90032e-17
v 0.160174 -0.150588 0.291077
vn -0.963595 0.178168 -5.90032e-17
v 0.141693 -0.17119 0.285215
vn -0.923745 0.255229 -5.6563e-17
v 0.0745665 -0.222571 0.281308
vn -0.725283 0.458769 -4.44107e-17
v 0.0504185 -0.237581 0.273494
vn -0.682123 0.487281 -4.1768e-17
v 0.0504185 -0.237581 0.281308
vn -0.682123 0.487281 -4.1768e-17
v 0.0428375 -0.241255 0.273494
vn -0.588015 0.539001 -3.60056e-17
v 0.0428375 -0.241255 0.273494
vn -0.540026 0.560857 -3.30671e-17
v 0.0344395 -0.244446 0.273494
vn -0.43617 0.599651 -2.67077e-17
v 0.0400415 -0.242449 0.281308
vn -0.506151 0.574715 -3.09928e-17
v 0.0400415 -0.242449 0.273494
vn -0.506151 0.574715 -3.09928e-17
v 0.0344395 -0.244446 0.281308
vn -0.43617 0.599651 -2.67077e-17
v 0.0344395 -0.244446 0.273494
vn -0.436114 0.599669 -2.67043e-17
v 0.0745665 -0.222571 0.273494
vn -0.725283 0.458769 -4.44107e-17
v -0.12974 -0.112351 0.281308
vn 0.923896 -0.254985 5.65723e-17
v -0.117045 -0.0844309 0.285215
vn 0.980908 -0.129592 6.00633e-17
v -0.12974 -0.112351 0.285215
vn 0.923896 -0.254985 5.65723e-17
v -0.116267 -0.116071 0.273494
vn 0.923578 -0.255496 5.65529e-17
v -0.120253 -0.0554021 0.285215
vn 0.999999 0.0010849 6.12323e-17
v -0.12434 -0.0834667 0.291077
vn 0.981034 -0.129168 6.0071e-17
v -0.12434 -0.0834667 0.285215
vn 0.981034 -0.129168 6.0071e-17
v 0.167611 -0.127319 0.285215
vn -0.978066 0.138803 -5.98893e-17
v 0.15303 -0.149266 0.285215
vn -0.963506 0.178381 -5.89977e-17
v 0.141693 -0.17119 0.281308
vn -0.923845 0.255069 -5.65692e-17
v 0.141693 -0.17119 0.285215
vn -0.923845 0.255069 -5.65692e-17
v 0.0957925 -0.205715 0.273494
vn -0.803712 0.396508 -4.92132e-17
v 0.0745665 -0.222571 0.281308
vn -0.725623 0.45853 -4.44316e-17
v 0.0957925 -0.205715 0.281308
vn -0.803712 0.396508 -4.92132e-17
v 0.11378 -0.187257 0.273494
vn -0.87018 0.328348 -5.32832e-17
v 0.0957925 -0.205715 0.281308
vn -0.804007 0.396242 -4.92312e-17
v 0.11378 -0.187257 0.281308
vn -0.87018 0.328348 -5.32832e-17
v 0.0745665 -0.222571 0.273494
vn -0.725623 0.45853 -4.44316e-17
v -0.117045 -0.0844309 0.281308
vn 0.980908 -0.129592 6.00633e-17
v -0.116267 -0.116071 0.273494
vn 0.92401 -0.254801 5.65793e-17
v -0.102739 -0.0863188 0.281308
vn 0.98085 -0.129787 6.00597e-17
v -0.116267 -0.116071 0.281308
vn 0.92401 -0.254801 5.65793e-17
v -0.120253 -0.0554021 0.291077
vn 0.999999 0.0010849 6.12323e-17
v 0.169501 -0.113005 0.285215
vn -0.996151 0.0584125 -6.09966e-17
v 0.167611 -0.127319 0.291077
vn -0.996151 0.0584125 -6.09966e-17
v 0.169501 -0.113005 0.291077
vn -0.996151 0.0584125 -6.09966e-17
v 0.167611 -0.127319 0.285215
vn -0.996151 0.0584125 -6.09966e-17
v 0.160278 -0.126589 0.285215
vn -0.978066 0.138803 -5.98893e-17
v 0.15303 -0.149266 0.281308
vn -0.963576 0.178213 -5.9002e-17
v 0.15303 -0.149266 0.285215
vn -0.963576 0.178213 -5.9002e-17
v 0.15303 -0.149266 0.281308
vn -0.963506 0.178381 -5.89977e-17
v 0.128261 -0.16748 0.273494
vn -0.9237 0.255301 -5.65603e-17
v 0.11378 -0.187257 0.281308
vn -0.870424 0.32806 -5.32981e-17
v 0.128261 -0.16748 0.281308
vn -0.9237 0.255301 -5.65603e-17
v 0.0957925 -0.205715 0.273494
vn -0.804007 0.396242 -4.92312e-17
v 0.11378 -0.187257 0.273494
vn -0.870424 0.32806 -5.32981e-17
v -0.112817 -0.0553921 0.281308
vn 0.999998 0.00116426 6.12322e-17
v -0.117045 -0.0844309 0.285215
vn 0.981011 -0.129246 6.00696e-17
v -0.117045 -0.0844309 0.281308
vn 0.981011 -0.129246 6.00696e-17
v -0.102739 -0.0863188 0.273494
vn 0.98085 -0.129787 6.00597e-17
v -0.120253 -0.0554021 0.285215
vn 0.999997 0.0015975 6.12322e-17
v -0.124509 -0.0273475 0.291077
vn 0.980246 0.131797 6.00228e-17
v -0.120253 -0.0554021 0.291077
vn 0.999997 0.0015975 6.12322e-17
v 0.169867 -0.108331 0.291077
vn -0.999677 0.0169373 -6.12126e-17
v 0.169501 -0.113005 0.285215
vn -0.998645 0.0346821 -6.11494e-17
v 0.169501 -0.113005 0.291077
vn -0.998645 0.0346821 -6.11494e-17
v 0.160278 -0.126589 0.281308
vn -0.978066 0.138803 -5.98893e-17
v 0.139021 -0.146674 0.273494
vn -0.963475 0.178456 -5.89958e-17
v 0.128261 -0.16748 0.281308
vn -0.923889 0.254997 -5.65719e-17
v 0.139021 -0.146674 0.281308
vn -0.963475 0.178456 -5.89958e-17
v 0.128261 -0.16748 0.273494
vn -0.923889 0.254997 -5.65719e-17
v -0.112817 -0.0553921 0.285215
vn 0.999998 0.00116426 6.12322e-17
v -0.102739 -0.0863188 0.273494
vn 0.981069 -0.12905 6.00732e-17
v -0.0982345 -0.0553728 0.281308
vn 0.999999 0.000965277 6.12323e-17
v -0.102739 -0.0863188 0.281308
vn 0.981069 -0.12905 6.00732e-17
v -0.124509 -0.0273475 0.285215
vn 0.980246 0.131797 6.00228e-17
v 0.169867 -0.108331 0.285215
vn -0.999677 0.0169373 -6.12126e-17
v 0.162118 -0.11266 0.281308
vn -0.996151 0.0584124 -6.09966e-17
v 0.160278 -0.126589 0.285215
vn -0.996151 0.0584124 -6.09966e-17
v 0.162118 -0.11266 0.285215
vn -0.996151 0.0584124 -6.09966e-17
v 0.160278 -0.126589 0.281308
vn -0.996151 0.0584124 -6.09966e-17
v 0.1459 -0.125151 0.281308
vn -0.978066 0.138803 -5.98893e-17
v 0.139021 -0.146674 0.273494
vn -0.963607 0.178138 -5.90039e-17
v 0.139021 -0.146674 0.281308
vn -0.963607 0.178138 -5.90039e-17
v -0.11722 -0.0263673 0.281308
vn 0.980223 0.131875 6.00213e-17
v -0.112817 -0.0553921 0.285215
vn 0.999997 0.00151814 6.12322e-17
v -0.112817 -0.0553921 0.281308
vn 0.999997 0.00151814 6.12322e-17
v -0.0982345 -0.0553728 0.273494
vn 0.999999 0.000965277 6.12323e-17
v -0.124509 -0.0273475 0.285215
vn 0.980094 0.1323 6.00134e-17
v -0.136941 -0.000395165 0.291077
vn 0.922395 0.257388 5.64804e-17
v -0.124509 -0.0273475 0.291077
vn 0.980094 0.1323 6.00134e-17
v 0.169867 -0.108331 0.291077
vn -0.999678 0.0169021 -6.12126e-17
v 0.169849 -0.0987147 0.285215
vn -0.999611 -0.0185863 -6.12085e-17
v 0.169867 -0.108331 0.285215
vn -0.999678 0.0169021 -6.12126e-17
v 0.162465 -0.108207 0.285215
vn -0.999677 0.0169331 -6.12126e-17
v 0.162118 -0.11266 0.281308
vn -0.998645 0.0346821 -6.11494e-17
v 0.162118 -0.11266 0.285215
vn -0.998645 0.0346821 -6.11494e-17
v 0.1459 -0.125151 0.273494
vn -0.978066 0.138803 -5.98893e-17
v -0.11722 -0.0263673 0.285215
vn 0.980223 0.131875 6.00213e-17
v -0.102926 -0.0244395 0.273494
vn 0.980282 0.13168 6.00249e-17
v -0.0982345 -0.0553728 0.281308
vn 0.999997 0.00171716 6.12321e-17
v -0.0982345 -0.0553728 0.273494
vn 0.999997 0.00171716 6.12321e-17
v -0.136941 -0.000395165 0.285215
vn 0.922395 0.257388 5.64804e-17
v 0.169849 -0.0987147 0.291077
vn -0.999611 -0.0185863 -6.12085e-17
v 0.162465 -0.108207 0.281308
vn -0.999677 0.0169331 -6.12126e-17
v 0.147638 -0.111982 0.273494
vn -0.996151 0.0584124 -6.09966e-17
v 0.1459 -0.125151 0.281308
vn -0.996151 0.0584124 -6.09966e-17
v 0.147638 -0.111982 0.281308
vn -0.996151 0.0584124 -6.09966e-17
v 0.1459 -0.125151 0.273494
vn -0.996151 0.0584124 -6.09966e-17
v -0.11722 -0.0263673 0.281308
vn 0.980117 0.132222 6.00149e-17
v -0.130084 0.00152068 0.285215
vn 0.922349 0.257462 5.64776e-17
v -0.11722 -0.0263673 0.285215
vn 0.980117 0.132222 6.00149e-17
v -0.102926 -0.0244395 0.281308
vn 0.980282 0.13168 6.00249e-17
v -0.157067 0.0244081 0.285215
vn 0.828693 0.372974 5.07428e-17
v -0.136941 -0.000395165 0.291077
vn 0.922097 0.257861 5.64622e-17
v -0.136941 -0.000395165 0.285215
vn 0.922097 0.257861 5.64622e-17
v 0.169849 -0.0987147 0.291077
vn -0.999609 -0.0186338 -6.12084e-17
v 0.16906 -0.0891109 0.285215
vn -0.996703 -0.0540695 -6.10304e-17
v 0.169849 -0.0987147 0.285215
vn -0.999609 -0.0186338 -6.12084e-17
v 0.162449 -0.0988493 0.281308
vn -0.999611 -0.0185946 -6.12085e-17
v 0.162465 -0.108207 0.285215
vn -0.999678 0.0169104 -6.12126e-17
v 0.162449 -0.0988493 0.285215
vn -0.999611 -0.0185946 -6.12085e-17
v 0.162465 -0.108207 0.281308
vn -0.999678 0.0169104 -6.12126e-17
v 0.147954 -0.10796 0.281308
vn -0.999677 0.0169391 -6.12126e-17
v 0.147638 -0.111982 0.273494
vn -0.998645 0.0346822 -6.11494e-17
v 0.147638 -0.111982 0.281308
vn -0.998645 0.0346822 -6.11494e-17
v -0.130084 0.00152068 0.281308
vn 0.922349 0.257462 5.64776e-17
v -0.102926 -0.0244395 0.273494
vn 0.980058 0.132417 6.00113e-17
v -0.116634 0.00527772 0.281308
vn 0.922464 0.257278 5.64846e-17
v -0.102926 -0.0244395 0.281308
vn 0.980058 0.132417 6.00113e-17
v -0.157067 0.0244081 0.291077
vn 0.828693 0.372974 5.07428e-17
v 0.16906 -0.0891109 0.291077
vn -0.996703 -0.0540695 -6.10304e-17
v 0.161683 -0.089512 0.285215
vn -0.996702 -0.0540779 -6.10304e-17
v 0.162449 -0.0988493 0.281308
vn -0.999609 -0.0186254 -6.12084e-17
v 0.162449 -0.0988493 0.285215
vn -0.999609 -0.0186254 -6.12084e-17
v 0.147954 -0.10796 0.273494
vn -0.999677 0.0169391 -6.12126e-17
v -0.150906 0.0271829 0.281308
vn 0.828626 0.37304 5.07387e-17
v -0.130084 0.00152068 0.285215
vn 0.922143 0.257787 5.6465e-17
v -0.130084 0.00152068 0.281308
vn 0.922143 0.257787 5.6465e-17
v -0.116634 0.00527772 0.273494
vn 0.922464 0.257278 5.64846e-17
v 0.147937 -0.0991226 0.273494
vn -0.999609 -0.0186391 -6.12084e-17
v 0.147213 -0.090295 0.281308
vn -0.996703 -0.0540642 -6.10305e-17
v 0.147213 -0.090295 0.273494
vn -0.996703 -0.0540642 -6.10305e-17
v 0.147954 -0.10796 0.281308
vn -0.999678 0.0168968 -6.12127e-17
v 0.147937 -0.0991226 0.273494
vn -0.999611 -0.018581 -6.12085e-17
v 0.147954 -0.10796 0.273494
vn -0.999678 0.0168968 -6.12127e-17
v -0.183095 0.0452891 0.285215
vn 0.76924 0.42579 4.71023e-17
v -0.157067 0.0244081 0.291077
vn 0.82827 0.373392 5.07169e-17
v -0.157067 0.0244081 0.285215
vn 0.82827 0.373392 5.07169e-17
v 0.16906 -0.0891109 0.291077
vn -0.996697 -0.0541167 -6.10301e-17
v 0.167507 -0.0795497 0.285215
vn -0.99096 -0.0893994 -6.06788e-17
v 0.16906 -0.0891109 0.285215
vn -0.996697 -0.0541167 -6.10301e-17
v 0.167507 -0.0795497 0.291077
vn -0.99096 -0.0893994 -6.06788e-17
v 0.161683 -0.089512 0.281308
vn -0.996702 -0.0540779 -6.10304e-17
v 0.147937 -0.0991226 0.281308
vn -0.999611 -0.018581 -6.12085e-17
v -0.150906 0.0271829 0.285215
vn 0.828626 0.37304 5.07387e-17
v -0.138824 0.0326259 0.273494
vn 0.828794 0.372875 5.0749e-17
v -0.116634 0.00527772 0.281308
vn 0.922028 0.257971 5.64579e-17
v -0.116634 0.00527772 0.273494
vn 0.922028 0.257971 5.64579e-17
v 0.147213 -0.090295 0.281308
vn -0.996696 -0.0541221 -6.103e-17
v 0.145783 -0.0815102 0.273494
vn -0.990961 -0.0893941 -6.06789e-17
v 0.147213 -0.090295 0.273494
vn -0.996696 -0.0541221 -6.103e-17
v 0.147937 -0.0991226 0.281308
vn -0.999609 -0.0186391 -6.12084e-17
v -0.183095 0.0452891 0.291077
vn 0.76924 0.42579 4.71023e-17
v 0.160171 -0.0802107 0.281308
vn -0.990958 -0.0894081 -6.06787e-17
v 0.161683 -0.089512 0.285215
vn -0.996698 -0.0541085 -6.10302e-17
v 0.160171 -0.0802107 0.285215
vn -0.990958 -0.0894081 -6.06787e-17
v 0.167507 -0.0795497 0.291077
vn -0.990951 -0.0894467 -6.06782e-17
v 0.165189 -0.0700544 0.285215
vn -0.982399 -0.124474 -6.01546e-17
v 0.167507 -0.0795497 0.285215
vn -0.990951 -0.0894467 -6.06782e-17
v 0.161683 -0.089512 0.281308
vn -0.996698 -0.0541085 -6.10302e-17
v -0.177403 0.0484404 0.281308
vn 0.76924 0.42579 4.71024e-17
v -0.150906 0.0271829 0.285215
vn 0.828337 0.373326 5.0721e-17
v -0.150906 0.0271829 0.281308
vn 0.828337 0.373326 5.0721e-17
v -0.138824 0.0326259 0.281308
vn 0.828794 0.372875 5.0749e-17
v 0.145783 -0.0815102 0.281308
vn -0.990949 -0.0894521 -6.06782e-17
v 0.143655 -0.0727846 0.273494
vn -0.982401 -0.124469 -6.01547e-17
v 0.145783 -0.0815102 0.273494
vn -0.990949 -0.0894521 -6.06782e-17
v 0.145783 -0.0815102 0.281308
vn -0.990961 -0.0893941 -6.06789e-17
v -0.208205 0.0654338 0.285215
vn 0.828278 0.373384 5.07174e-17
v 0.165189 -0.0700544 0.291077
vn -0.982399 -0.124474 -6.01546e-17
v 0.160171 -0.0802107 0.285215
vn -0.990952 -0.0894381 -6.06783e-17
v 0.157917 -0.0709787 0.281308
vn -0.982397 -0.124482 -6.01545e-17
v 0.160171 -0.0802107 0.281308
vn -0.990952 -0.0894381 -6.06783e-17
v -0.177403 0.0484404 0.285215
vn 0.76924 0.42579 4.71024e-17
v 0.143655 -0.0727846 0.281308
vn -0.982385 -0.124526 -6.01537e-17
v 0.14083 -0.064151 0.273494
vn -0.971047 -0.159191 -5.94595e-17
v 0.143655 -0.0727846 0.273494
vn -0.982385 -0.124526 -6.01537e-17
v -0.16624 0.0546198 0.273494
vn 0.76924 0.42579 4.71024e-17
v -0.138824 0.0326259 0.281308
vn 0.828187 0.373473 5.07118e-17
v -0.138824 0.0326259 0.273494
vn 0.828187 0.373473 5.07118e-17
v 0.143655 -0.0727846 0.281308
vn -0.982401 -0.124469 -6.01547e-17
v -0.208205 0.0654338 0.291077
vn 0.828278 0.373384 5.07174e-17
v 0.165189 -0.0700544 0.291077
vn -0.982386 -0.124521 -6.01538e-17
v 0.162115 -0.0606578 0.285215
vn -0.971045 -0.159196 -5.94594e-17
v 0.165189 -0.0700544 0.285215
vn -0.982386 -0.124521 -6.01538e-17
v 0.157917 -0.0709787 0.285215
vn -0.982397 -0.124482 -6.01545e-17
v -0.202045 0.0682086 0.281308
vn 0.828347 0.373316 5.07216e-17
v 0.14083 -0.064151 0.273494
vn -0.971026 -0.159247 -5.94582e-17
v 0.137319 -0.055626 0.281308
vn -0.956931 -0.19346 -5.85951e-17
v 0.137319 -0.055626 0.273494
vn -0.956931 -0.19346 -5.85951e-17
v 0.14083 -0.064151 0.281308
vn -0.971047 -0.159191 -5.94595e-17
v -0.16624 0.0546198 0.281308
vn 0.76924 0.42579 4.71024e-17
v 0.133131 -0.047239 0.281308
vn -0.940065 -0.227233 -5.75624e-17
v 0.128278 -0.0390132 0.273494
vn -0.920584 -0.26025 -5.63695e-17
v 0.133131 -0.047239 0.273494
vn -0.940065 -0.227233 -5.75624e-17
v 0.137319 -0.055626 0.281308
vn -0.956906 -0.193516 -5.85936e-17
v 0.133131 -0.047239 0.273494
vn -0.940094 -0.227178 -5.75642e-17
v 0.137319 -0.055626 0.273494
vn -0.956906 -0.193516 -5.85936e-17
v -0.226146 0.0875442 0.285215
vn 0.922113 0.257835 5.64632e-17
v -0.208205 0.0654338 0.291077
vn 0.82867 0.372998 5.07414e-17
v -0.208205 0.0654338 0.285215
vn 0.82867 0.372998 5.07414e-17
v 0.162115 -0.0606578 0.291077
vn -0.971045 -0.159196 -5.94594e-17
v 0.157917 -0.0709787 0.285215
vn -0.982389 -0.124513 -6.01539e-17
v 0.154927 -0.0618387 0.281308
vn -0.971042 -0.159204 -5.94592e-17
v 0.157917 -0.0709787 0.281308
vn -0.982389 -0.124513 -6.01539e-17
v 0.154927 -0.0618387 0.285215
vn -0.971042 -0.159204 -5.94592e-17
v -0.202045 0.0682086 0.285215
vn 0.828347 0.373316 5.07216e-17
v 0.14083 -0.064151 0.281308
vn -0.971026 -0.159247 -5.94582e-17
v -0.189962 0.0736515 0.273494
vn 0.828226 0.373435 5.07142e-17
v 0.128278 -0.0390132 0.273494
vn -0.92055 -0.260304 -5.63674e-17
v 0.122772 -0.0309753 0.281308
vn -0.898456 -0.292583 -5.50146e-17
v 0.122772 -0.0309753 0.273494
vn -0.898456 -0.292583 -5.50146e-17
v 0.128278 -0.0390132 0.281308
vn -0.920584 -0.26025 -5.63695e-17
v 0.133131 -0.047239 0.281308
vn -0.940094 -0.227178 -5.75642e-17
v -0.226146 0.0875442 0.291077
vn 0.922113 0.257835 5.64632e-17
v 0.158294 -0.0513865 0.285215
vn -0.956929 -0.193465 -5.8595e-17
v 0.162115 -0.0606578 0.291077
vn -0.971028 -0.159242 -5.94583e-17
v 0.158294 -0.0513865 0.291077
vn -0.956929 -0.193465 -5.8595e-17
v 0.162115 -0.0606578 0.285215
vn -0.971028 -0.159242 -5.94583e-17
v 0.154927 -0.0618387 0.285215
vn -0.971031 -0.159234 -5.94585e-17
v 0.151211 -0.0528172 0.281308
vn -0.956925 -0.193473 -5.85948e-17
v 0.154927 -0.0618387 0.281308
vn -0.971031 -0.159234 -5.94585e-17
v -0.219288 0.0894601 0.281308
vn 0.922161 0.257759 5.64661e-17
v -0.202045 0.0682086 0.285215
vn 0.828601 0.373066 5.07372e-17
v -0.202045 0.0682086 0.281308
vn 0.828601 0.373066 5.07372e-17
v -0.189962 0.0736515 0.281308
vn 0.828226 0.373435 5.07142e-17
v 0.122772 -0.0309753 0.273494
vn -0.898415 -0.292639 -5.5012e-17
v 0.115611 -0.0218352 0.281308
vn -0.88641 -0.308468 -5.42769e-17
v 0.115611 -0.0218352 0.273494
vn -0.88641 -0.308468 -5.42769e-17
v 0.128278 -0.0390132 0.281308
vn -0.92055 -0.260304 -5.63674e-17
v 0.122772 -0.0309753 0.281308
vn -0.898415 -0.292639 -5.5012e-17
v -0.226146 0.0875442 0.285215
vn 0.922379 0.257414 5.64794e-17
v -0.237228 0.111571 0.291077
vn 0.980102 0.132272 6.00139e-17
v -0.226146 0.0875442 0.291077
vn 0.922379 0.257414 5.64794e-17
v 0.158294 -0.0513865 0.291077
vn -0.956908 -0.19351 -5.85937e-17
v 0.153738 -0.0422591 0.285215
vn -0.940092 -0.227183 -5.7564e-17
v 0.158294 -0.0513865 0.285215
vn -0.956908 -0.19351 -5.85937e-17
v 0.151211 -0.0528172 0.285215
vn -0.956925 -0.193473 -5.85948e-17
v -0.219288 0.0894601 0.285215
vn 0.922161 0.257759 5.64661e-17
v -0.205839 0.0932171 0.273494
vn 0.92209 0.257873 5.64617e-17
v -0.189962 0.0736515 0.281308
vn 0.828704 0.372964 5.07435e-17
v -0.189962 0.0736515 0.273494
vn 0.828704 0.372964 5.07435e-17
v 0.0996925 0.00205711 0.281308
vn -0.946625 -0.214798 -5.79641e-17
v 0.115611 -0.0218352 0.273494
vn -0.913964 -0.270413 -5.59642e-17
v 0.115611 -0.0218352 0.281308
vn -0.913964 -0.270413 -5.59642e-17
v -0.237228 0.111571 0.285215
vn 0.980102 0.132272 6.00139e-17
v 0.153738 -0.0422591 0.291077
vn -0.940092 -0.227183 -5.7564e-17
v 0.151211 -0.0528172 0.285215
vn -0.956912 -0.193502 -5.85939e-17
v 0.146779 -0.0439437 0.281308
vn -0.940087 -0.227191 -5.75637e-17
v 0.151211 -0.0528172 0.281308
vn -0.956912 -0.193502 -5.85939e-17
v -0.219288 0.0894601 0.281308
vn 0.922331 0.25749 5.64765e-17
v -0.22994 0.112552 0.285215
vn 0.980126 0.132192 6.00154e-17
v -0.219288 0.0894601 0.285215
vn 0.922331 0.25749 5.64765e-17
v -0.205839 0.0932171 0.281308
vn 0.92209 0.257873 5.64617e-17
v 0.0996925 0.00205711 0.273494
vn -0.946625 -0.214798 -5.79641e-17
v -0.237228 0.111571 0.285215
vn 0.980238 0.131824 6.00223e-17
v -0.241022 0.136578 0.291077
vn 0.999997 0.00156977 6.12322e-17
v -0.237228 0.111571 0.291077
vn 0.980238 0.131824 6.00223e-17
v 0.148456 -0.0333103 0.285215
vn -0.920581 -0.260256 -5.63693e-17
v 0.153738 -0.0422591 0.291077
vn -0.940067 -0.227228 -5.75625e-17
v 0.148456 -0.0333103 0.291077
vn -0.920581 -0.260256 -5.63693e-17
v 0.153738 -0.0422591 0.285215
vn -0.940067 -0.227228 -5.75625e-17
v 0.146779 -0.0439437 0.285215
vn -0.940087 -0.227191 -5.75637e-17
v -0.22994 0.112552 0.281308
vn 0.980126 0.132192 6.00154e-17
v -0.205839 0.0932171 0.273494
vn 0.922402 0.257376 5.64808e-17
v -0.215645 0.114478 0.281308
vn 0.98009 0.132312 6.00132e-17
v -0.205839 0.0932171 0.281308
vn 0.922402 0.257376 5.64808e-17
v 0.0996925 0.00205711 0.281308
vn -0.946912 -0.214236 -5.79816e-17
v 0.0899345 0.0288989 0.273494
vn -0.989061 -0.0982969 -6.05625e-17
v 0.0996925 0.00205711 0.273494
vn -0.946912 -0.214236 -5.79816e-17
v 0.146779 -0.0439437 0.285215
vn -0.940072 -0.22722 -5.75628e-17
v 0.141642 -0.0352375 0.281308
vn -0.920576 -0.260263 -5.6369e-17
v 0.146779 -0.0439437 0.281308
vn -0.940072 -0.22722 -5.75628e-17
v 0.141642 -0.0352375 0.281308
vn -0.920558 -0.260292 -5.63679e-17
v 0.135816 -0.0267258 0.285215
vn -0.898447 -0.292595 -5.5014e-17
v 0.135816 -0.0267258 0.281308
vn -0.898447 -0.292595 -5.5014e-17
v -0.241022 0.136578 0.285215
vn 0.999997 0.00156977 6.12322e-17
v 0.142467 -0.0245581 0.291077
vn -0.898453 -0.292587 -5.50144e-17
v 0.148456 -0.0333103 0.285215
vn -0.920553 -0.260299 -5.63676e-17
v 0.148456 -0.0333103 0.291077
vn -0.920553 -0.260299 -5.63676e-17
v 0.141642 -0.0352375 0.285215
vn -0.920576 -0.260263 -5.6369e-17
v -0.22994 0.112552 0.281308
vn 0.980214 0.131904 6.00208e-17
v -0.233586 0.136588 0.285215
vn 0.999998 0.00148779 6.12322e-17
v -0.22994 0.112552 0.285215
vn 0.980214 0.131904 6.00208e-17
v -0.215645 0.114478 0.273494
vn 0.98009 0.132312 6.00132e-17
v 0.0899345 0.0288989 0.281308
vn -0.989061 -0.0982969 -6.05625e-17
v 0.128688 -0.0176284 0.281308
vn -0.913964 -0.270413 -5.59642e-17
v 0.113489 0.0051831 0.285215
vn -0.946698 -0.214656 -5.79685e-17
v 0.113489 0.0051831 0.281308
vn -0.946698 -0.214656 -5.79685e-17
v 0.135816 -0.0267258 0.281308
vn -0.898426 -0.292624 -5.50127e-17
v 0.128688 -0.0176284 0.285215
vn -0.88641 -0.308468 -5.42769e-17
v 0.128688 -0.0176284 0.281308
vn -0.88641 -0.308468 -5.42769e-17
v 0.141642 -0.0352375 0.285215
vn -0.920558 -0.260292 -5.63679e-17
v 0.135816 -0.0267258 0.285215
vn -0.898426 -0.292624 -5.50127e-17
v -0.241022 0.136578 0.285215
vn 0.999999 0.00111271 6.12323e-17
v -0.23738 0.161596 0.291077
vn 0.981026 -0.129195 6.00705e-17
v -0.241022 0.136578 0.291077
vn 0.999999 0.00111271 6.12323e-17
v 0.135356 -0.0154847 0.291077
vn -0.88641 -0.308468 -5.42769e-17
v 0.142467 -0.0245581 0.285215
vn -0.89842 -0.292631 -5.50124e-17
v 0.142467 -0.0245581 0.291077
vn -0.89842 -0.292631 -5.50124e-17
v 0.142467 -0.0245581 0.285215
vn -0.898453 -0.292587 -5.50144e-17
v -0.233586 0.136588 0.281308
vn 0.999998 0.00148779 6.12322e-17
v -0.215645 0.114478 0.273494
vn 0.98025 0.131784 6.0023e-17
v -0.219003 0.136608 0.281308
vn 0.999997 0.00161063 6.12322e-17
v -0.215645 0.114478 0.281308
vn 0.98025 0.131784 6.0023e-17
v 0.0899345 0.0288989 0.281308
vn -0.989195 -0.0976938 -6.05707e-17
v 0.0875525 0.056471 0.273494
vn -0.999484 0.0214014 -6.12008e-17
v 0.0899345 0.0288989 0.273494
vn -0.989195 -0.0976938 -6.05707e-17
v 0.128688 -0.0176284 0.285215
vn -0.913964 -0.270413 -5.59642e-17
v 0.113489 0.0051831 0.285215
vn -0.946834 -0.214389 -5.79769e-17
v 0.104348 0.0303262 0.281308
vn -0.989096 -0.098137 -6.05647e-17
v 0.113489 0.0051831 0.281308
vn -0.946834 -0.214389 -5.79769e-17
v -0.23738 0.161596 0.285215
vn 0.981026 -0.129195 6.00705e-17
v 0.135356 -0.0154847 0.285215
vn -0.88641 -0.308468 -5.42769e-17
v -0.233586 0.136588 0.281308
vn 0.999998 0.00119462 6.12322e-17
v -0.230085 0.160634 0.285215
vn 0.981002 -0.129275 6.00691e-17
v -0.233586 0.136588 0.285215
vn 0.999998 0.00119462 6.12322e-17
v -0.219003 0.136608 0.273494
vn 0.999997 0.00161063 6.12322e-17
v 0.0875525 0.056471 0.281308
vn -0.999484 0.0214014 -6.12008e-17
v 0.104348 0.0303262 0.285215
vn -0.989096 -0.098137 -6.05647e-17
v -0.23738 0.161596 0.285215
vn 0.980893 -0.129643 6.00624e-17
v -0.226443 0.185653 0.291077
vn 0.923926 -0.254938 5.65741e-17
v -0.23738 0.161596 0.291077
vn 0.980893 -0.129643 6.00624e-17
v 0.111698 0.0310546 0.285215
vn -0.989082 -0.0982003 -6.05638e-17
v 0.120524 0.00677708 0.291077
vn -0.946865 -0.214329 -5.79787e-17
v 0.111698 0.0310546 0.291077
vn -0.989082 -0.0982003 -6.05638e-17
v 0.120524 0.00677708 0.291077
vn -0.946667 -0.214716 -5.79666e-17
v 0.135356 -0.0154847 0.285215
vn -0.913964 -0.270413 -5.59642e-17
v 0.135356 -0.0154847 0.291077
vn -0.913964 -0.270413 -5.59642e-17
v -0.230085 0.160634 0.281308
vn 0.981002 -0.129275 6.00691e-17
v -0.219003 0.136608 0.273494
vn 0.999999 0.00107182 6.12323e-17
v -0.215779 0.158747 0.281308
vn 0.981038 -0.129154 6.00713e-17
v -0.219003 0.136608 0.281308
vn 0.999999 0.00107182 6.12323e-17
v 0.0875525 0.056471 0.281308
vn -0.999454 0.0220112 -6.11989e-17
v 0.0926235 0.0838811 0.273494
vn -0.97755 0.140407 -5.98577e-17
v 0.0875525 0.056471 0.273494
vn -0.999454 0.0220112 -6.11989e-17
v 0.104348 0.0303262 0.285215
vn -0.98916 -0.0978538 -6.05686e-17
v 0.102117 0.0561544 0.281308
vn -0.999476 0.0215632 -6.12003e-17
v 0.104348 0.0303262 0.281308
vn -0.98916 -0.0978538 -6.05686e-17
v -0.226443 0.185653 0.285215
vn 0.923926 -0.254938 5.65741e-17
v 0.109543 0.0559932 0.285215
vn -0.999479 0.0214991 -6.12005e-17
v 0.111698 0.0310546 0.291077
vn -0.989174 -0.0977905 -6.05694e-17
v 0.109543 0.0559932 0.291077
vn -0.999479 0.0214991 -6.12005e-17
v 0.120524 0.00677708 0.285215
vn -0.946865 -0.214329 -5.79787e-17
v 0.111698 0.0310546 0.285215
vn -0.989174 -0.0977905 -6.05694e-17
v 0.120524 0.00677708 0.285215
vn -0.946667 -0.214716 -5.79666e-17
v -0.230085 0.160634 0.281308
vn 0.980917 -0.129563 6.00638e-17
v -0.219572 0.183755 0.285215
vn 0.923879 -0.255013 5.65713e-17
v -0.230085 0.160634 0.285215
vn 0.980917 -0.129563 6.00638e-17
v -0.215779 0.158747 0.273494
vn 0.981038 -0.129154 6.00713e-17
v 0.0926235 0.0838811 0.281308
vn -0.97755 0.140407 -5.98577e-17
v 0.102117 0.0561544 0.285215
vn -0.999476 0.0215632 -6.12003e-17
v -0.226443 0.185653 0.285215
vn 0.923663 -0.25536 5.65581e-17
v -0.208635 0.20781 0.291077
vn 0.830915 -0.370773 5.08789e-17
v -0.226443 0.185653 0.291077
vn 0.923663 -0.25536 5.65581e-17
v 0.11413 0.0807858 0.285215
vn -0.97752 0.140503 -5.98558e-17
v 0.109543 0.0559932 0.291077
vn -0.999459 0.0219135 -6.11992e-17
v 0.11413 0.0807858 0.291077
vn -0.97752 0.140503 -5.98558e-17
v 0.109543 0.0559932 0.285215
vn -0.999459 0.0219135 -6.11992e-17
v -0.219572 0.183755 0.281308
vn 0.923879 -0.255013 5.65713e-17
v -0.215779 0.158747 0.273494
vn 0.980881 -0.129683 6.00616e-17
v -0.2061 0.180034 0.281308
vn 0.923949 -0.2549 5.65756e-17
v -0.215779 0.158747 0.281308
vn 0.980881 -0.129683 6.00616e-17
v 0.0926235 0.0838811 0.281308
vn -0.977357 0.141003 -5.98459e-17
v 0.104984 0.110242 0.273494
vn -0.92397 0.254867 -5.65768e-17
v 0.0926235 0.0838811 0.273494
vn -0.977357 0.141003 -5.98459e-17
v 0.102117 0.0561544 0.285215
vn -0.999462 0.0218494 -6.11994e-17
v 0.106867 0.0818307 0.281308
vn -0.977499 0.140565 -5.98546e-17
v 0.102117 0.0561544 0.281308
vn -0.999462 0.0218494 -6.11994e-17
v -0.208635 0.20781 0.285215
vn 0.830915 -0.370773 5.08789e-17
v 0.11413 0.0807858 0.291077
vn -0.977388 0.140908 -5.98478e-17
v 0.125308 0.104629 0.285215
vn -0.923914 0.254957 -5.65734e-17
v 0.11413 0.0807858 0.285215
vn -0.977388 0.140908 -5.98478e-17
v -0.219572 0.183755 0.281308
vn 0.92371 -0.255284 5.65609e-17
v -0.202459 0.205052 0.285215
vn 0.830846 -0.370841 5.08747e-17
v -0.219572 0.183755 0.285215
vn 0.92371 -0.255284 5.65609e-17
v -0.2061 0.180034 0.273494
vn 0.923949 -0.2549 5.65756e-17
v 0.104984 0.110242 0.281308
vn -0.92397 0.254867 -5.65768e-17
v 0.106867 0.0818307 0.285215
vn -0.977499 0.140565 -5.98546e-17
v -0.208635 0.20781 0.285215
vn 0.830533 -0.371153 5.08555e-17
v -0.184651 0.227211 0.291077
vn 0.70561 -0.472197 4.32061e-17
v -0.208635 0.20781 0.291077
vn 0.830533 -0.371153 5.08555e-17
v 0.125308 0.104629 0.291077
vn -0.923914 0.254957 -5.65734e-17
v -0.202459 0.205052 0.281308
vn 0.830846 -0.370841 5.08747e-17
v -0.2061 0.180034 0.273494
vn 0.92364 -0.255398 5.65566e-17
v -0.190343 0.199642 0.281308
vn 0.830949 -0.370739 5.08809e-17
v -0.2061 0.180034 0.281308
vn 0.92364 -0.255398 5.65566e-17
v 0.104984 0.110242 0.281308
vn -0.923619 0.25543 -5.65554e-17
v 0.124233 0.134701 0.273494
vn -0.840477 0.361076 -5.14644e-17
v 0.104984 0.110242 0.273494
vn -0.923619 0.25543 -5.65554e-17
v 0.106867 0.0818307 0.285215
vn -0.977409 0.140845 -5.9849e-17
v 0.118445 0.106524 0.281308
vn -0.923877 0.255017 -5.65711e-17
v 0.106867 0.0818307 0.281308
vn -0.977409 0.140845 -5.9849e-17
v -0.184651 0.227211 0.285215
vn 0.70561 -0.472197 4.32061e-17
v 0.125308 0.104629 0.291077
vn -0.923675 0.25534 -5.65588e-17
v 0.142719 0.126751 0.285215
vn -0.840397 0.361158 -5.14595e-17
v 0.125308 0.104629 0.285215
vn -0.923675 0.25534 -5.65588e-17
v -0.202459 0.205052 0.281308
vn 0.830601 -0.371085 5.08597e-17
v -0.179405 0.223698 0.285215
vn 0.705522 -0.472255 4.32008e-17
v -0.202459 0.205052 0.285215
vn 0.830601 -0.371085 5.08597e-17
v -0.190343 0.199642 0.273494
vn 0.830949 -0.370739 5.08809e-17
v 0.124233 0.134701 0.281308
vn -0.840477 0.361076 -5.14644e-17
v 0.118445 0.106524 0.285215
vn -0.923877 0.255017 -5.65711e-17
v -0.184651 0.227211 0.285215
vn 0.705123 -0.472519 4.31763e-17
v -0.155421 0.243098 0.291077
vn 0.552881 -0.555267 3.38542e-17
v -0.184651 0.227211 0.291077
vn 0.705123 -0.472519 4.31763e-17
v 0.142719 0.126751 0.291077
vn -0.840397 0.361158 -5.14595e-17
v -0.179405 0.223698 0.281308
vn 0.705522 -0.472255 4.32008e-17
v -0.190343 0.199642 0.273494
vn 0.830499 -0.371186 5.08534e-17
v -0.169119 0.216809 0.281308
vn 0.705653 -0.472168 4.32088e-17
v -0.190343 0.199642 0.281308
vn 0.830499 -0.371186 5.08534e-17
v 0.124233 0.134701 0.281308
vn -0.83998 0.361589 -5.1434e-17
v 0.149747 0.156464 0.273494
vn -0.729773 0.455596 -4.46857e-17
v 0.124233 0.134701 0.273494
vn -0.83998 0.361589 -5.1434e-17
v 0.118445 0.106524 0.285215
vn -0.923712 0.255281 -5.65611e-17
v 0.136476 0.129435 0.281308
vn -0.840345 0.361212 -5.14563e-17
v 0.118445 0.106524 0.281308
vn -0.923712 0.255281 -5.65611e-17
v -0.155421 0.243098 0.285215
vn 0.552881 -0.555267 3.38542e-17
v 0.142719 0.126751 0.291077
vn -0.84006 0.361507 -5.14388e-17
v 0.165796 0.146436 0.285215
vn -0.729673 0.455667 -4.46796e-17
v 0.142719 0.126751 0.285215
vn -0.84006 0.361507 -5.14388e-17
v -0.179405 0.223698 0.281308
vn 0.705211 -0.472461 4.31817e-17
v -0.151313 0.238968 0.285215
vn 0.552778 -0.555312 3.38479e-17
v -0.179405 0.223698 0.285215
vn 0.705211 -0.472461 4.31817e-17
v -0.169119 0.216809 0.273494
vn 0.705653 -0.472168 4.32088e-17
v 0.149747 0.156464 0.281308
vn -0.729773 0.455596 -4.46857e-17
v 0.136476 0.129435 0.285215
vn -0.840345 0.361212 -5.14563e-17
v -0.155421 0.243098 0.285215
vn 0.552309 -0.55552 3.38192e-17
v -0.122082 0.254855 0.291077
vn 0.378663 -0.616757 2.31864e-17
v -0.155421 0.243098 0.291077
vn 0.552309 -0.55552 3.38192e-17
v 0.12357 0.17534 0.187539
vn -0.793488 0.405549 -4.85871e-17
v 0.121524 0.172979 0.240284
vn -0.923625 0.255421 -5.65557e-17
v 0.12357 0.17534 0.240284
vn -0.793488 0.405549 -4.85871e-17
v 0.121524 0.172979 0.187539
vn -0.923964 0.254876 -5.65765e-17
v 0.120464 0.170346 0.240284
vn -0.991358 0.0874196 -6.07032e-17
v 0.121524 0.172979 0.240284
vn -0.923964 0.254876 -5.65765e-17
v 0.126458 0.160697 0.240284
vn -0.608586 -0.528764 -3.72652e-17
v 0.13 0.159334 0.187539
vn -0.383298 -0.615484 -2.34702e-17
v 0.13 0.159334 0.240284
vn -0.383298 -0.615484 -2.34702e-17
v 0.13 0.159334 0.240284
vn -0.382479 -0.61571 -2.34201e-17
v 0.133951 0.158628 0.187539
vn -0.131186 -0.66062 -8.03282e-18
v 0.133951 0.158628 0.240284
vn -0.131186 -0.66062 -8.03282e-18
v 0.165796 0.146436 0.291077
vn -0.729673 0.455667 -4.46796e-17
v -0.151313 0.238968 0.281308
vn 0.552778 -0.555312 3.38479e-17
v -0.169119 0.216809 0.273494
vn 0.70508 -0.472548 4.31737e-17
v -0.143253 0.230868 0.281308
vn 0.552932 -0.555244 3.38573e-17
v -0.169119 0.216809 0.281308
vn 0.70508 -0.472548 4.31737e-17
v -0.143253 0.230868 0.273494
vn 0.552932 -0.555244 3.38573e-17
v 0.136476 0.129435 0.285215
vn -0.840112 0.361453 -5.1442e-17
v 0.160377 0.149823 0.281308
vn -0.729607 0.455714 -4.46756e-17
v 0.136476 0.129435 0.281308
vn -0.840112 0.361453 -5.1442e-17
v 0.149747 0.156464 0.281308
vn -0.729189 0.456011 -4.465e-17
v 0.176513 0.172345 0.273494
vn -0.664965 0.497701 -4.07174e-17
v 0.149747 0.156464 0.273494
vn -0.729189 0.456011 -4.465e-17
v -0.122082 0.254855 0.285215
vn 0.378663 -0.616757 2.31864e-17
v 0.126463 0.177266 0.187539
vn -0.608937 0.528584 -3.72867e-17
v 0.12357 0.17534 0.240284
vn -0.792948 0.406018 -4.8554e-17
v 0.126463 0.177266 0.240284
vn -0.608937 0.528584 -3.72867e-17
v 0.121524 0.172979 0.187539
vn -0.923625 0.255421 -5.65557e-17
v 0.12357 0.17534 0.187539
vn -0.792948 0.406018 -4.8554e-17
v 0.120464 0.170346 0.187539
vn -0.991358 0.0874196 -6.07032e-17
v 0.120464 0.170346 0.187539
vn -0.991474 0.0868339 -6.07103e-17
v 0.120463 0.16762 0.240284
vn -0.991531 -0.0865407 -6.07138e-17
v 0.120464 0.170346 0.240284
vn -0.991474 0.0868339 -6.07103e-17
v 0.123566 0.162625 0.240284
vn -0.793218 -0.405784 -4.85706e-17
v 0.126458 0.160697 0.187539
vn -0.609289 -0.528404 -3.73082e-17
v 0.126458 0.160697 0.240284
vn -0.609289 -0.528404 -3.73082e-17
v 0.126458 0.160697 0.187539
vn -0.608586 -0.528764 -3.72652e-17
v 0.13 0.159334 0.187539
vn -0.382479 -0.61571 -2.34201e-17
v 0.133951 0.158628 0.240284
vn -0.130306 -0.660698 -7.97895e-18
v 0.138042 0.158628 0.187539
vn 0.129868 -0.660736 7.95211e-18
v 0.138042 0.158628 0.240284
vn 0.129868 -0.660736 7.95211e-18
v 0.133951 0.158628 0.187539
vn -0.130306 -0.660698 -7.97895e-18
v 0.165796 0.146436 0.291077
vn -0.729261 0.455961 -4.46543e-17
v 0.192031 0.162 0.285215
vn -0.664965 0.497702 -4.07174e-17
v 0.165796 0.146436 0.285215
vn -0.729261 0.455961 -4.46543e-17
v -0.151313 0.238968 0.281308
vn 0.552412 -0.555474 3.38255e-17
v -0.119269 0.250268 0.285215
vn 0.378549 -0.616788 2.31795e-17
v -0.151313 0.238968 0.285215
vn 0.552412 -0.555474 3.38255e-17
v -0.143253 0.230868 0.273494
vn 0.552258 -0.555542 3.38161e-17
v -0.113751 0.241272 0.281308
vn 0.37872 -0.616741 2.31899e-17
v -0.143253 0.230868 0.281308
vn 0.552258 -0.555542 3.38161e-17
v 0.160377 0.149823 0.285215
vn -0.729607 0.455714 -4.46756e-17
v 0.176513 0.172345 0.281308
vn -0.664965 0.497701 -4.07174e-17
v -0.113751 0.241272 0.273494
vn 0.37872 -0.616741 2.31899e-17
v -0.0859305 0.262025 0.285215
vn 0.189728 -0.654276 1.16175e-17
v -0.122082 0.254855 0.291077
vn 0.378028 -0.61693 2.31476e-17
v -0.122082 0.254855 0.285215
vn 0.378028 -0.61693 2.31476e-17
v -0.0859305 0.262025 0.291077
vn 0.189728 -0.654276 1.16175e-17
v 0.130007 0.178629 0.187539
vn -0.382888 0.615598 -2.34451e-17
v 0.126463 0.177266 0.240284
vn -0.608234 0.528943 -3.72436e-17
v 0.130007 0.178629 0.240284
vn -0.382888 0.615598 -2.34451e-17
v 0.126463 0.177266 0.187539
vn -0.608234 0.528943 -3.72436e-17
v 0.120463 0.16762 0.187539
vn -0.991531 -0.0865407 -6.07138e-17
v 0.120463 0.16762 0.187539
vn -0.991416 -0.0871264 -6.07067e-17
v 0.121521 0.164986 0.240284
vn -0.924134 -0.254603 -5.65869e-17
v 0.120463 0.16762 0.240284
vn -0.991416 -0.0871264 -6.07067e-17
v 0.121521 0.164986 0.240284
vn -0.923795 -0.255149 -5.65661e-17
v 0.123566 0.162625 0.187539
vn -0.793757 -0.405315 -4.86036e-17
v 0.123566 0.162625 0.240284
vn -0.793757 -0.405315 -4.86036e-17
v 0.123566 0.162625 0.187539
vn -0.793218 -0.405784 -4.85706e-17
v 0.138042 0.158628 0.240284
vn 0.130745 -0.660659 8.00583e-18
v 0.141994 0.159332 0.187539
vn 0.382068 -0.615824 2.33949e-17
v 0.141994 0.159332 0.240284
vn 0.382068 -0.615824 2.33949e-17
v 0.138042 0.158628 0.187539
vn 0.130745 -0.660659 8.00583e-18
v 0.192031 0.162 0.291077
vn -0.664965 0.497702 -4.07174e-17
v -0.119269 0.250268 0.281308
vn 0.378549 -0.616788 2.31795e-17
v 0.160377 0.149823 0.285215
vn -0.729326 0.455914 -4.46584e-17
v 0.186789 0.165494 0.281308
vn -0.664965 0.497701 -4.07174e-17
v 0.160377 0.149823 0.281308
vn -0.729326 0.455914 -4.46584e-17
v 0.176513 0.172345 0.281308
vn -0.746617 0.443312 -4.57171e-17
v 0.178509 0.173838 0.273494
vn -0.799095 0.40063 -4.89304e-17
v 0.176513 0.172345 0.273494
vn -0.746617 0.443312 -4.57171e-17
v -0.0817605 0.247617 0.273494
vn 0.189789 -0.654268 1.16212e-17
v -0.113751 0.241272 0.281308
vn 0.377971 -0.616945 2.31441e-17
v -0.113751 0.241272 0.273494
vn 0.377971 -0.616945 2.31441e-17
v -0.0507205 0.264185 0.285215
vn 0.0916804 -0.663572 5.61381e-18
v -0.0859305 0.262025 0.291077
vn 0.189076 -0.654359 1.15776e-17
v -0.0859305 0.262025 0.285215
vn 0.189076 -0.654359 1.15776e-17
v 0.133958 0.179334 0.240284
vn -0.130746 0.660659 -8.00589e-18
v 0.130007 0.178629 0.187539
vn -0.382069 0.615824 -2.3395e-17
v 0.130007 0.178629 0.240284
vn -0.382069 0.615824 -2.3395e-17
v 0.121521 0.164986 0.187539
vn -0.924134 -0.254603 -5.65869e-17
v 0.121521 0.164986 0.187539
vn -0.923795 -0.255149 -5.65661e-17
v 0.141994 0.159332 0.187539
vn 0.382888 -0.615598 2.34451e-17
v 0.145537 0.160695 0.240284
vn 0.608235 -0.528943 3.72436e-17
v 0.141994 0.159332 0.240284
vn 0.382888 -0.615598 2.34451e-17
v 0.151536 0.167615 0.187539
vn 0.991474 -0.0868339 6.07103e-17
v 0.151537 0.170341 0.240284
vn 0.991531 0.0865407 6.07138e-17
v 0.151536 0.167615 0.240284
vn 0.991474 -0.0868339 6.07103e-17
v 0.150476 0.164982 0.240284
vn 0.923964 -0.254876 5.65765e-17
v 0.151536 0.167615 0.187539
vn 0.991358 -0.0874196 6.07032e-17
v 0.151536 0.167615 0.240284
vn 0.991358 -0.0874196 6.07032e-17
v 0.192031 0.162 0.291077
vn -0.746617 0.443312 -4.57171e-17
v 0.19608 0.165029 0.285215
vn -0.799085 0.400639 -4.89299e-17
v 0.192031 0.162 0.285215
vn -0.746617 0.443312 -4.57171e-17
v -0.119269 0.250268 0.285215
vn 0.378142 -0.616899 2.31545e-17
v -0.0845225 0.257159 0.281308
vn 0.189608 -0.654291 1.16101e-17
v -0.0845225 0.257159 0.285215
vn 0.189608 -0.654291 1.16101e-17
v -0.119269 0.250268 0.281308
vn 0.378142 -0.616899 2.31545e-17
v 0.186789 0.165494 0.285215
vn -0.746617 0.443312 -4.57171e-17
v 0.190146 0.168004 0.281308
vn -0.799098 0.400628 -4.89306e-17
v 0.186789 0.165494 0.281308
vn -0.746617 0.443312 -4.57171e-17
v 0.186789 0.165494 0.285215
vn -0.664965 0.497701 -4.07174e-17
v 0.178509 0.173838 0.281308
vn -0.799095 0.40063 -4.89304e-17
v -0.0817605 0.247617 0.281308
vn 0.189789 -0.654268 1.16212e-17
v -0.0507205 0.264185 0.291077
vn 0.0916804 -0.663572 5.61381e-18
v 0.141999 0.178627 0.240284
vn 0.382479 0.61571 2.34201e-17
v 0.138048 0.179333 0.187539
vn 0.131186 0.66062 8.03282e-18
v 0.138048 0.179333 0.240284
vn 0.131186 0.66062 8.03282e-18
v 0.138048 0.179333 0.240284
vn 0.130307 0.660698 7.979e-18
v 0.133958 0.179334 0.187539
vn -0.129867 0.660736 -7.95205e-18
v 0.133958 0.179334 0.240284
vn -0.129867 0.660736 -7.95205e-18
v 0.133958 0.179334 0.187539
vn -0.130746 0.660659 -8.00589e-18
v 0.150476 0.164982 0.187539
vn 0.923964 -0.254876 5.65765e-17
v 0.151537 0.170341 0.187539
vn 0.991531 0.0865407 6.07138e-17
v 0.150476 0.164982 0.240284
vn 0.923625 -0.255422 5.65557e-17
v 0.148429 0.162622 0.187539
vn 0.793488 -0.405549 4.85871e-17
v 0.150476 0.164982 0.187539
vn 0.923625 -0.255422 5.65557e-17
v 0.148429 0.162622 0.187539
vn 0.792948 -0.406017 4.85541e-17
v 0.145537 0.160695 0.240284
vn 0.608938 -0.528584 3.72867e-17
v 0.145537 0.160695 0.187539
vn 0.608938 -0.528584 3.72867e-17
v 0.148429 0.162622 0.240284
vn 0.792948 -0.406017 4.85541e-17
v 0.145537 0.160695 0.187539
vn 0.608235 -0.528943 3.72436e-17
v 0.151537 0.170341 0.240284
vn 0.991416 0.0871264 6.07067e-17
v 0.150479 0.172975 0.187539
vn 0.924134 0.254603 5.65869e-17
v 0.150479 0.172975 0.240284
vn 0.924134 0.254603 5.65869e-17
v 0.148429 0.162622 0.240284
vn 0.793488 -0.405549 4.85871e-17
v 0.19608 0.165029 0.291077
vn -0.799085 0.400639 -4.89299e-17
v -0.0518645 0.259163 0.281308
vn 0.0916804 -0.663572 5.61381e-18
v -0.0845225 0.257159 0.285215
vn 0.189196 -0.654344 1.15849e-17
v -0.0845225 0.257159 0.281308
vn 0.189196 -0.654344 1.15849e-17
v 0.190146 0.168004 0.285215
vn -0.799098 0.400628 -4.89306e-17
v 0.178509 0.173838 0.281308
vn -0.799126 0.400603 -4.89323e-17
v 0.179599 0.17499 0.273494
vn -0.887325 0.307297 -5.4333e-17
v 0.178509 0.173838 0.273494
vn -0.799126 0.400603 -4.89323e-17
v -0.0541065 0.249314 0.273494
vn 0.0916804 -0.663572 5.61381e-18
v -0.0817605 0.247617 0.281308
vn 0.189061 -0.654361 1.15767e-17
v -0.0817605 0.247617 0.273494
vn 0.189061 -0.654361 1.15767e-17
v -0.0518645 0.259163 0.285215
vn 0.0916804 -0.663572 5.61381e-18
v 0.181196 0.20013 0.285215
vn -0.382888 -0.615598 -2.34452e-17
v -0.0507205 0.264185 0.291077
vn -0.382888 -0.615598 -2.34452e-17
v -0.0507205 0.264185 0.285215
vn -0.382888 -0.615598 -2.34452e-17
v 0.145542 0.177264 0.240284
vn 0.608586 0.528764 3.72651e-17
v 0.141999 0.178627 0.187539
vn 0.383297 0.615484 2.34702e-17
v 0.141999 0.178627 0.240284
vn 0.383297 0.615484 2.34702e-17
v 0.141999 0.178627 0.187539
vn 0.382479 0.61571 2.34201e-17
v 0.138048 0.179333 0.187539
vn 0.130307 0.660698 7.979e-18
v 0.151537 0.170341 0.187539
vn 0.991416 0.0871264 6.07067e-17
v 0.148435 0.175336 0.187539
vn 0.793758 0.405314 4.86036e-17
v 0.150479 0.172975 0.240284
vn 0.923795 0.255148 5.65661e-17
v 0.150479 0.172975 0.187539
vn 0.923795 0.255148 5.65661e-17
v 0.148435 0.175336 0.240284
vn 0.793758 0.405314 4.86036e-17
v 0.19608 0.165029 0.291077
vn -0.799139 0.400591 -4.89332e-17
v 0.19911 0.168234 0.285215
vn -0.887315 0.307311 -5.43323e-17
v 0.19608 0.165029 0.285215
vn -0.799139 0.400591 -4.89332e-17
v 0.190146 0.168004 0.285215
vn -0.799127 0.400602 -4.89324e-17
v 0.19252 0.170516 0.281308
vn -0.887324 0.307298 -5.43329e-17
v 0.190146 0.168004 0.281308
vn -0.799127 0.400602 -4.89324e-17
v 0.179599 0.17499 0.281308
vn -0.887325 0.307297 -5.4333e-17
v -0.0541065 0.249314 0.281308
vn 0.0916804 -0.663572 5.61381e-18
v 0.179599 0.17499 0.281308
vn -0.887344 0.307273 -5.43342e-17
v 0.180389 0.176247 0.273494
vn -0.951238 0.20555 -5.82465e-17
v 0.179599 0.17499 0.273494
vn -0.887344 0.307273 -5.43342e-17
v 0.178079 0.195654 0.281308
vn -0.382888 -0.615598 -2.34451e-17
v -0.0518645 0.259163 0.285215
vn -0.382888 -0.615598 -2.34451e-17
v -0.0518645 0.259163 0.281308
vn -0.382888 -0.615598 -2.34451e-17
v 0.181196 0.20013 0.291077
vn -0.382888 -0.615598 -2.34452e-17
v 0.202973 0.179196 0.285215
vn -0.999841 -0.0118839 -6.12226e-17
v 0.202604 0.175416 0.291077
vn -0.989099 0.0981277 -6.05648e-17
v 0.202973 0.179196 0.291077
vn -0.999841 -0.0118839 -6.12226e-17
v 0.202604 0.175416 0.291077
vn -0.989086 0.098185 -6.0564e-17
v 0.201305 0.171728 0.285215
vn -0.951258 0.205509 -5.82477e-17
v 0.201305 0.171728 0.291077
vn -0.951258 0.205509 -5.82477e-17
v 0.200905 0.186619 0.285215
vn -0.939625 -0.228038 -5.75355e-17
v 0.202402 0.182965 0.291077
vn -0.983186 -0.121684 -6.02028e-17
v 0.200905 0.186619 0.291077
vn -0.939625 -0.228038 -5.75355e-17
v 0.202402 0.182965 0.285215
vn -0.983202 -0.121628 -6.02038e-17
v 0.202973 0.179196 0.291077
vn -0.999839 -0.0119418 -6.12225e-17
v 0.202402 0.182965 0.291077
vn -0.983202 -0.121628 -6.02038e-17
v 0.201305 0.171728 0.285215
vn -0.951231 0.205565 -5.82461e-17
v 0.19911 0.168234 0.291077
vn -0.887355 0.307259 -5.43348e-17
v 0.201305 0.171728 0.291077
vn -0.951231 0.205565 -5.82461e-17
v 0.148435 0.175336 0.240284
vn 0.793218 0.405784 4.85706e-17
v 0.145542 0.177264 0.187539
vn 0.609289 0.528404 3.73082e-17
v 0.145542 0.177264 0.240284
vn 0.609289 0.528404 3.73082e-17
v 0.145542 0.177264 0.187539
vn 0.608586 0.528764 3.72651e-17
v 0.148435 0.175336 0.187539
vn 0.793218 0.405784 4.85706e-17
v 0.19911 0.168234 0.291077
vn -0.887315 0.307311 -5.43323e-17
v 0.19252 0.170516 0.285215
vn -0.887324 0.307298 -5.43329e-17
v 0.171967 0.186873 0.273494
vn -0.382888 -0.615598 -2.34452e-17
v -0.0541065 0.249314 0.281308
vn -0.382888 -0.615598 -2.34452e-17
v -0.0541065 0.249314 0.273494
vn -0.382888 -0.615598 -2.34452e-17
v 0.180389 0.176247 0.281308
vn -0.951251 0.205523 -5.82473e-17
v 0.180855 0.177574 0.273494
vn -0.989089 0.0981703 -6.05642e-17
v 0.180389 0.176247 0.273494
vn -0.951251 0.205523 -5.82473e-17
v 0.180389 0.176247 0.281308
vn -0.951238 0.20555 -5.82465e-17
v 0.178079 0.195654 0.285215
vn -0.382888 -0.615598 -2.34451e-17
v 0.186839 0.198193 0.285215
vn -0.529989 -0.565092 -3.24525e-17
v 0.181196 0.20013 0.291077
vn -0.458031 -0.592368 -2.80463e-17
v 0.181196 0.20013 0.285215
vn -0.458031 -0.592368 -2.80463e-17
v 0.191393 0.195927 0.285215
vn -0.662615 -0.499091 -4.05735e-17
v 0.186839 0.198193 0.291077
vn -0.530067 -0.56506 -3.24573e-17
v 0.186839 0.198193 0.285215
vn -0.530067 -0.56506 -3.24573e-17
v 0.202604 0.175416 0.285215
vn -0.989099 0.0981277 -6.05648e-17
v 0.202973 0.179196 0.285215
vn -0.999839 -0.0119418 -6.12225e-17
v 0.202604 0.175416 0.285215
vn -0.989086 0.098185 -6.0564e-17
v 0.198524 0.190059 0.291077
vn -0.870305 -0.3282 -5.32908e-17
v 0.200905 0.186619 0.285215
vn -0.939595 -0.228093 -5.75336e-17
v 0.200905 0.186619 0.291077
vn -0.939595 -0.228093 -5.75336e-17
v 0.202402 0.182965 0.285215
vn -0.983186 -0.121684 -6.02028e-17
v 0.19911 0.168234 0.285215
vn -0.887355 0.307259 -5.43348e-17
v 0.182903 0.193997 0.281308
vn -0.530007 -0.565085 -3.24536e-17
v 0.178079 0.195654 0.285215
vn -0.458031 -0.592368 -2.80463e-17
v 0.178079 0.195654 0.281308
vn -0.458031 -0.592368 -2.80463e-17
v 0.186473 0.19222 0.281308
vn -0.662631 -0.499082 -4.05744e-17
v 0.182903 0.193997 0.285215
vn -0.53005 -0.565068 -3.24562e-17
v 0.182903 0.193997 0.281308
vn -0.53005 -0.565068 -3.24562e-17
v 0.19252 0.170516 0.285215
vn -0.887345 0.307271 -5.43342e-17
v 0.194241 0.173255 0.281308
vn -0.951237 0.205551 -5.82465e-17
v 0.19252 0.170516 0.281308
vn -0.887345 0.307271 -5.43342e-17
v 0.171967 0.186873 0.281308
vn -0.382888 -0.615598 -2.34452e-17
v 0.175184 0.185769 0.273494
vn -0.529999 -0.565088 -3.24531e-17
v 0.171967 0.186873 0.281308
vn -0.458031 -0.592368 -2.80463e-17
v 0.171967 0.186873 0.273494
vn -0.458031 -0.592368 -2.80463e-17
v 0.176822 0.184953 0.273494
vn -0.662632 -0.499081 -4.05745e-17
v 0.175184 0.185769 0.281308
vn -0.530048 -0.565068 -3.24561e-17
v 0.175184 0.185769 0.273494
vn -0.530048 -0.565068 -3.24561e-17
v 0.180855 0.177574 0.273494
vn -0.989095 0.098143 -6.05646e-17
v 0.180989 0.178934 0.281308
vn -0.999841 -0.0118989 -6.12226e-17
v 0.180989 0.178934 0.273494
vn -0.999841 -0.0118989 -6.12226e-17
v 0.180855 0.177574 0.281308
vn -0.989089 0.0981703 -6.05642e-17
v 0.186839 0.198193 0.291077
vn -0.529989 -0.565092 -3.24525e-17
v 0.195324 0.19319 0.285215
vn -0.777084 -0.419417 -4.75827e-17
v 0.191393 0.195927 0.291077
vn -0.66268 -0.499053 -4.05775e-17
v 0.191393 0.195927 0.285215
vn -0.66268 -0.499053 -4.05775e-17
v 0.191393 0.195927 0.291077
vn -0.662615 -0.499091 -4.05735e-17
v 0.195324 0.19319 0.291077
vn -0.777139 -0.419372 -4.7586e-17
v 0.198524 0.190059 0.285215
vn -0.870262 -0.328251 -5.32882e-17
v 0.198524 0.190059 0.291077
vn -0.870262 -0.328251 -5.32882e-17
v 0.198524 0.190059 0.285215
vn -0.870305 -0.3282 -5.32908e-17
v 0.182903 0.193997 0.285215
vn -0.530007 -0.565085 -3.24536e-17
v 0.189553 0.190076 0.281308
vn -0.777097 -0.419406 -4.75835e-17
v 0.186473 0.19222 0.285215
vn -0.662665 -0.499062 -4.05765e-17
v 0.186473 0.19222 0.281308
vn -0.662665 -0.499062 -4.05765e-17
v 0.186473 0.19222 0.285215
vn -0.662631 -0.499082 -4.05744e-17
v 0.192061 0.187622 0.281308
vn -0.870272 -0.328239 -5.32888e-17
v 0.189553 0.190076 0.285215
vn -0.777126 -0.419382 -4.75852e-17
v 0.189553 0.190076 0.281308
vn -0.777126 -0.419382 -4.75852e-17
v 0.193928 0.184926 0.281308
vn -0.939603 -0.22808 -5.75341e-17
v 0.192061 0.187622 0.285215
vn -0.870295 -0.328212 -5.32902e-17
v 0.192061 0.187622 0.281308
vn -0.870295 -0.328212 -5.32902e-17
v 0.194241 0.173255 0.285215
vn -0.951237 0.205551 -5.82465e-17
v 0.175184 0.185769 0.281308
vn -0.529999 -0.565088 -3.24531e-17
v 0.178236 0.183969 0.273494
vn -0.777098 -0.419405 -4.75835e-17
v 0.176822 0.184953 0.281308
vn -0.662663 -0.499063 -4.05764e-17
v 0.176822 0.184953 0.273494
vn -0.662663 -0.499063 -4.05764e-17
v 0.176822 0.184953 0.281308
vn -0.662632 -0.499081 -4.05745e-17
v 0.180989 0.178934 0.281308
vn -0.99984 -0.0119269 -6.12225e-17
v 0.180783 0.18029 0.273494
vn -0.983198 -0.121642 -6.02035e-17
v 0.180989 0.178934 0.273494
vn -0.99984 -0.0119269 -6.12225e-17
v 0.180855 0.177574 0.281308
vn -0.989095 0.098143 -6.05646e-17
v 0.195324 0.19319 0.285215
vn -0.777139 -0.419372 -4.7586e-17
v 0.195324 0.19319 0.291077
vn -0.777084 -0.419417 -4.75827e-17
v 0.189553 0.190076 0.285215
vn -0.777097 -0.419406 -4.75835e-17
v 0.192061 0.187622 0.285215
vn -0.870272 -0.328239 -5.32888e-17
v 0.195101 0.182061 0.285215
vn -0.98319 -0.121671 -6.0203e-17
v 0.193928 0.184926 0.281308
vn -0.939618 -0.228052 -5.7535e-17
v 0.195101 0.182061 0.281308
vn -0.98319 -0.121671 -6.0203e-17
v 0.193928 0.184926 0.285215
vn -0.939603 -0.22808 -5.75341e-17
v 0.195258 0.176145 0.285215
vn -0.989089 0.0981716 -6.05642e-17
v 0.194241 0.173255 0.281308
vn -0.951251 0.205523 -5.82473e-17
v 0.194241 0.173255 0.285215
vn -0.951251 0.205523 -5.82473e-17
v 0.179388 0.182842 0.273494
vn -0.870273 -0.328238 -5.32889e-17
v 0.178236 0.183969 0.281308
vn -0.777125 -0.419384 -4.75852e-17
v 0.178236 0.183969 0.273494
vn -0.777125 -0.419384 -4.75852e-17
v 0.178236 0.183969 0.281308
vn -0.777098 -0.419405 -4.75835e-17
v 0.180783 0.18029 0.273494
vn -0.98319 -0.12167 -6.02031e-17
v 0.180244 0.181605 0.281308
vn -0.939617 -0.228053 -5.7535e-17
v 0.180244 0.181605 0.273494
vn -0.939617 -0.228053 -5.7535e-17
v 0.180783 0.18029 0.281308
vn -0.983198 -0.121642 -6.02035e-17
v 0.195101 0.182061 0.281308
vn -0.983198 -0.121641 -6.02035e-17
v 0.195549 0.179107 0.285215
vn -0.99984 -0.0119281 -6.12225e-17
v 0.195101 0.182061 0.285215
vn -0.983198 -0.121641 -6.02035e-17
v 0.195549 0.179107 0.285215
vn -0.999841 -0.0118977 -6.12226e-17
v 0.195258 0.176145 0.281308
vn -0.989095 0.0981416 -6.05646e-17
v 0.195258 0.176145 0.285215
vn -0.989095 0.0981416 -6.05646e-17
v 0.193928 0.184926 0.285215
vn -0.939618 -0.228052 -5.7535e-17
v 0.195258 0.176145 0.281308
vn -0.989089 0.0981716 -6.05642e-17
v 0.195549 0.179107 0.281308
vn -0.99984 -0.0119281 -6.12225e-17
v 0.180244 0.181605 0.273494
vn -0.939603 -0.228079 -5.75341e-17
v 0.179388 0.182842 0.281308
vn -0.870294 -0.328214 -5.32901e-17
v 0.179388 0.182842 0.273494
vn -0.870294 -0.328214 -5.32901e-17
v 0.179388 0.182842 0.281308
vn -0.870273 -0.328238 -5.32889e-17
v 0.180783 0.18029 0.281308
vn -0.98319 -0.12167 -6.02031e-17
v 0.180244 0.181605 0.281308
vn -0.939603 -0.228079 -5.75341e-17
v 0.195549 0.179107 0.281308
vn -0.999841 -0.0118977 -6.12226e-17
v -0.0150935 -0.248883 0.273494
vn -6.12323e-17 3.7494e-33 1
v -0.206029 -0.19618 0.273494
vn -6.12323e-17 3.7494e-33 1
v -0.0196285 -0.248192 0.273494
vn -6.12323e-17 3.7494e-33 1
v -0.204921 -0.196907 0.273494
vn -6.12323e-17 3.7494e-33 1
v -0.204337 -0.197176 0.273494
vn -6.12323e-17 3.7494e-33 1
v -0.0088085 -0.249491 0.273494
vn -6.12323e-17 3.7494e-33 1
v -0.208062 -0.193417 0.273494
vn -6.12323e-17 3.7494e-33 1
v -0.207622 -0.194411 0.273494
vn -6.12323e-17 3.7494e-33 1
v -0.206938 -0.195341 0.273494
vn -6.12323e-17 3.7494e-33 1
v -0.00246949 -0.249767 0.273494
vn -6.12323e-17 3.7494e-33 1
v -0.208241 -0.192391 0.273494
vn -6.12323e-17 3.7494e-33 1
v 0.00388151 -0.249705 0.273494
vn -6.12323e-17 3.7494e-33 1
v -0.207816 -0.190345 0.273494
vn -6.12323e-17 3.7494e-33 1
v -0.208159 -0.191355 0.273494
vn -6.12323e-17 3.7494e-33 1
v 0.0164625 -0.24858 0.273494
vn -6.12323e-17 3.7494e-33 1
v -0.201412 -0.185655 0.273494
vn -6.12323e-17 3.7494e-33 1
v -0.205357 -0.18774 0.273494
vn -6.12323e-17 3.7494e-33 1
v 0.0102065 -0.24931 0.273494
vn -6.12323e-17 3.7494e-33 1
v -0.206395 -0.18851 0.273494
vn -6.12323e-17 3.7494e-33 1
v -0.207222 -0.189388 0.273494
vn -6.12323e-17 3.7494e-33 1
v 0.0226135 -0.247521 0.273494
vn -6.12323e-17 3.7494e-33 1
v 0.0286175 -0.246139 0.273494
vn -6.12323e-17 3.7494e-33 1
v 0.0504185 -0.237581 0.273494
vn -6.12323e-17 3.7494e-33 1
v -0.167958 -0.167474 0.273494
vn -6.12323e-17 3.7494e-33 1
v 0.0344395 -0.244446 0.273494
vn -6.12323e-17 3.7494e-33 1
v 0.0745665 -0.222571 0.273494
vn -6.12323e-17 3.7494e-33 1
v 0.0428375 -0.241255 0.273494
vn -6.12323e-17 3.7494e-33 1
v -0.138292 -0.143477 0.273494
vn -6.12323e-17 3.7494e-33 1
v 0.0400415 -0.242449 0.273494
vn -6.12323e-17 3.7494e-33 1
v 0.0957925 -0.205715 0.273494
vn -6.12323e-17 3.7494e-33 1
v 0.11378 -0.187257 0.273494
vn -6.12323e-17 3.7494e-33 1
v -0.116267 -0.116071 0.273494
vn -6.12323e-17 3.7494e-33 1
v 0.128261 -0.16748 0.273494
vn -6.12323e-17 3.7494e-33 1
v -0.102739 -0.0863188 0.273494
vn -6.12323e-17 3.7494e-33 1
v 0.139021 -0.146674 0.273494
vn -6.12323e-17 3.7494e-33 1
v 0.1459 -0.125151 0.273494
vn -6.12323e-17 3.7494e-33 1
v -0.0982345 -0.0553728 0.273494
vn -6.12323e-17 3.7494e-33 1
v 0.147638 -0.111982 0.273494
vn -6.12323e-17 3.7494e-33 1
v 0.147937 -0.0991226 0.273494
vn -6.12323e-17 3.7494e-33 1
v -0.102926 -0.0244395 0.273494
vn -6.12323e-17 3.7494e-33 1
v 0.147954 -0.10796 0.273494
vn -6.12323e-17 3.7494e-33 1
v 0.147213 -0.090295 0.273494
vn -6.12323e-17 3.7494e-33 1
v 0.145783 -0.0815102 0.273494
vn -6.12323e-17 3.7494e-33 1
v 0.143655 -0.0727846 0.273494
vn -6.12323e-17 3.7494e-33 1
v -0.116634 0.00527772 0.273494
vn -6.12323e-17 3.7494e-33 1
v 0.14083 -0.064151 0.273494
vn -6.12323e-17 3.7494e-33 1
v 0.133131 -0.047239 0.273494
vn -6.12323e-17 3.7494e-33 1
v -0.138824 0.0326259 0.273494
vn -6.12323e-17 3.7494e-33 1
v 0.137319 -0.055626 0.273494
vn -6.12323e-17 3.7494e-33 1
v 0.128278 -0.0390132 0.273494
vn -6.12323e-17 3.7494e-33 1
v 0.122772 -0.0309753 0.273494
vn -6.12323e-17 3.7494e-33 1
v -0.16624 0.0546198 0.273494
vn -6.12323e-17 3.7494e-33 1
v 0.115611 -0.0218352 0.273494
vn -6.12323e-17 3.7494e-33 1
v -0.189962 0.0736515 0.273494
vn -6.12323e-17 3.7494e-33 1
v 0.0996925 0.00205711 0.273494
vn -6.12323e-17 3.7494e-33 1
v -0.205839 0.0932171 0.273494
vn -6.12323e-17 3.7494e-33 1
v 0.0899345 0.0288989 0.273494
vn -6.12323e-17 3.7494e-33 1
v -0.215645 0.114478 0.273494
vn -6.12323e-17 3.7494e-33 1
v -0.219003 0.136608 0.273494
vn -6.12323e-17 3.7494e-33 1
v 0.0875525 0.056471 0.273494
vn -6.12323e-17 3.7494e-33 1
v -0.215779 0.158747 0.273494
vn -6.12323e-17 3.7494e-33 1
v 0.0926235 0.0838811 0.273494
vn -6.12323e-17 3.7494e-33 1
v -0.2061 0.180034 0.273494
vn -6.12323e-17 3.7494e-33 1
v 0.104984 0.110242 0.273494
vn -6.12323e-17 3.7494e-33 1
v -0.190343 0.199642 0.273494
vn -6.12323e-17 3.7494e-33 1
v 0.124233 0.134701 0.273494
vn -6.12323e-17 3.7494e-33 1
v -0.169119 0.216809 0.273494
vn -6.12323e-17 3.7494e-33 1
v -0.143253 0.230868 0.273494
vn -6.12323e-17 3.7494e-33 1
v 0.149747 0.156464 0.273494
vn -6.12323e-17 3.7494e-33 1
v -0.113751 0.241272 0.273494
vn -6.12323e-17 3.7494e-33 1
v 0.176513 0.172345 0.273494
vn -6.12323e-17 3.7494e-33 1
v 0.178509 0.173838 0.273494
vn -6.12323e-17 3.7494e-33 1
v 0.179599 0.17499 0.273494
vn -6.12323e-17 3.7494e-33 1
v -0.0817605 0.247617 0.273494
vn -6.12323e-17 3.7494e-33 1
v 0.180389 0.176247 0.273494
vn -6.12323e-17 3.7494e-33 1
v 0.175184 0.185769 0.273494
vn -6.12323e-17 3.7494e-33 1
v -0.0541065 0.249314 0.273494
vn -6.12323e-17 3.7494e-33 1
v 0.180855 0.177574 0.273494
vn -6.12323e-17 3.7494e-33 1
v 0.171967 0.186873 0.273494
vn -6.12323e-17 3.7494e-33 1
v 0.176822 0.184953 0.273494
vn -6.12323e-17 3.7494e-33 1
v 0.180989 0.178934 0.273494
vn -6.12323e-17 3.7494e-33 1
v 0.178236 0.183969 0.273494
vn -6.12323e-17 3.7494e-33 1
v 0.180783 0.18029 0.273494
vn -6.12323e-17 3.7494e-33 1
v 0.179388 0.182842 0.273494
vn -6.12323e-17 3.7494e-33 1
v 0.180244 0.181605 0.273494
vn -6.12323e-17 3.7494e-33 1
f 1//1 2//2 3//3
f 2//2 1//1 4//4
f 5//5 6//6 7//7
f 8//8 7//7 6//6
f 9//9 10//10 11//11
f 12//12 13//13 14//14
f 15//15 16//16 17//17
f 18//18 19//19 20//20
f 21//21 22//22 23//23
f 24//24 25//25 26//26
f 27//27 28//28 29//29
f 30//30 31//31 32//32
f 9//9 33//33 10//10
f 13//13 34//34 14//14
f 11//11 10//10 35//35
f 36//36 13//13 12//12
f 16//16 15//15 37//37
f 38//38 20//20 19//19
f 39//39 23//23 40//40
f 41//41 24//24 42//42
f 43//43 22//22 21//21
f 26//26 25//25 44//44
f 21//21 23//23 39//39
f 42//42 24//24 26//26
f 28//28 27//27 45//45
f 46//46 32//32 31//31
f 47//47 33//33 9//9
f 14//14 34//34 48//48
f 49//49 50//50 51//51
f 52//52 53//53 54//54
f 55//55 56//56 57//57
f 58//58 59//59 60//60
f 11//11 35//35 61//61
f 62//62 36//36 12//12
f 63//63 64//64 65//65
f 66//66 67//67 68//68
f 39//39 40//40 69//69
f 70//70 41//41 42//42
f 43//43 71//71 22//22
f 25//25 72//72 44//44
f 50//50 49//49 73//73
f 74//74 54//54 53//53
f 56//56 55//55 75//75
f 76//76 60//60 59//59
f 77//77 78//78 79//79
f 80//80 81//81 82//82
f 47//47 83//83 33//33
f 34//34 84//84 48//48
f 85//85 86//86 87//87
f 88//88 89//89 90//90
f 61//61 35//35 91//91
f 92//92 36//36 62//62
f 64//64 63//63 93//93
f 94//94 68//68 67//67
f 69//69 40//40 95//95
f 96//96 41//41 70//70
f 97//97 98//98 99//99
f 100//100 101//101 102//102
f 103//103 71//71 43//43
f 44//44 72//72 104//104
f 98//98 97//97 105//105
f 106//106 102//102 101//101
f 78//78 77//77 107//107
f 108//108 82//82 81//81
f 109//109 83//83 47//47
f 48//48 84//84 110//110
f 86//86 85//85 111//111
f 112//112 90//90 89//89
f 61//61 91//91 113//113
f 114//114 92//92 62//62
f 115//115 116//116 117//117
f 118//118 119//119 120//120
f 69//69 95//95 121//121
f 122//122 96//96 70//70
f 123//123 124//124 125//125
f 126//126 127//127 128//128
f 103//103 129//129 71//71
f 72//72 130//130 104//104
f 131//131 132//132 133//133
f 134//134 135//135 136//136
f 109//109 137//137 83//83
f 84//84 138//138 110//110
f 139//139 140//140 141//141
f 142//142 143//143 144//144
f 113//113 91//91 145//145
f 146//146 92//92 114//114
f 116//116 115//115 147//147
f 148//148 120//120 119//119
f 113//113 145//145 149//149
f 150//150 146//146 114//114
f 121//121 95//95 151//151
f 152//152 96//96 122//122
f 124//124 123//123 153//153
f 154//154 128//128 127//127
f 155//155 129//129 103//103
f 104//104 130//130 156//156
f 132//132 131//131 157//157
f 158//158 136//136 135//135
f 129//129 155//155 159//159
f 160//160 156//156 130//130
f 137//137 109//109 161//161
f 162//162 110//110 138//138
f 140//140 139//139 163//163
f 164//164 144//144 143//143
f 165//165 166//166 167//167
f 168//168 169//169 170//170
f 149//149 145//145 171//171
f 172//172 146//146 150//150
f 121//121 151//151 173//173
f 174//174 152//152 122//122
f 175//175 176//176 177//177
f 178//178 179//179 180//180
f 181//181 182//182 183//183
f 184//184 185//185 186//186
f 182//182 181//181 187//187
f 188//188 186//186 185//185
f 166//166 165//165 189//189
f 190//190 170//170 169//169
f 171//171 145//145 191//191
f 192//192 146//146 172//172
f 121//121 173//173 193//193
f 194//194 174//174 122//122
f 176//176 175//175 195//195
f 196//196 180//180 179//179
f 197//197 198//198 199//199
f 200//200 201//201 202//202
f 171//171 191//191 203//203
f 204//204 192//192 172//172
f 193//193 173//173 205//205
f 206//206 174//174 194//194
f 207//207 208//208 209//209
f 210//210 211//211 212//212
f 198//198 197//197 213//213
f 214//214 202//202 201//201
f 203//203 191//191 215//215
f 216//216 192//192 204//204
f 193//193 205//205 217//217
f 218//218 206//206 194//194
f 208//208 207//207 219//219
f 220//220 212//212 211//211
f 221//221 222//222 223//223
f 224//224 225//225 226//226
f 203//203 215//215 227//227
f 228//228 216//216 204//204
f 217//217 205//205 229//229
f 230//230 206//206 218//218
f 231//231 232//232 233//233
f 234//234 235//235 236//236
f 222//222 221//221 237//237
f 238//238 226//226 225//225
f 227//227 215//215 239//239
f 240//240 216//216 228//228
f 217//217 229//229 241//241
f 242//242 230//230 218//218
f 232//232 231//231 243//243
f 244//244 236//236 235//235
f 245//245 246//246 247//247
f 248//248 249//249 250//250
f 227//227 239//239 251//251
f 252//252 240//240 228//228
f 241//241 229//229 253//253
f 254//254 230//230 242//242
f 255//255 256//256 257//257
f 258//258 259//259 260//260
f 246//246 245//245 261//261
f 262//262 250//250 249//249
f 251//251 239//239 263//263
f 264//264 240//240 252//252
f 241//241 253//253 265//265
f 266//266 254//254 242//242
f 256//256 255//255 267//267
f 268//268 260//260 259//259
f 269//269 270//270 271//271
f 272//272 273//273 274//274
f 251//251 263//263 275//275
f 276//276 264//264 252//252
f 265//265 253//253 277//277
f 278//278 254//254 266//266
f 279//279 280//280 281//281
f 282//282 283//283 284//284
f 270//270 269//269 285//285
f 286//286 274//274 273//273
f 280//280 279//279 287//287
f 288//288 284//284 283//283
f 289//289 290//290 291//291
f 290//290 289//289 292//292
f 293//293 294//294 295//295
f 296//296 295//295 294//294
f 297//297 298//298 299//299
f 300//300 301//301 302//302
f 303//303 304//304 305//305
f 306//306 307//307 308//308
f 309//309 310//310 311//311
f 312//312 313//313 314//314
f 315//315 316//316 317//317
f 318//318 319//319 320//320
f 298//298 297//297 321//321
f 322//322 302//302 301//301
f 317//317 323//323 324//324
f 325//325 326//326 318//318
f 327//327 304//304 303//303
f 308//308 307//307 328//328
f 303//303 305//305 329//329
f 330//330 306//306 308//308
f 310//310 309//309 331//331
f 332//332 314//314 313//313
f 333//333 334//334 304//304
f 307//307 335//335 336//336
f 315//315 337//337 316//316
f 319//319 338//338 320//320
f 317//317 316//316 323//323
f 326//326 319//319 318//318
f 339//339 340//340 341//341
f 342//342 343//343 344//344
f 329//329 305//305 345//345
f 346//346 306//306 330//330
f 324//324 323//323 347//347
f 348//348 326//326 325//325
f 333//333 304//304 327//327
f 328//328 307//307 336//336
f 349//349 350//350 351//351
f 352//352 353//353 354//354
f 355//355 356//356 357//357
f 358//358 359//359 360//360
f 361//361 362//362 363//363
f 364//364 365//365 366//366
f 367//367 368//368 315//315
f 320//320 369//369 370//370
f 371//371 334//334 333//333
f 336//336 335//335 372//372
f 315//315 368//368 337//337
f 338//338 369//369 320//320
f 350//350 349//349 373//373
f 374//374 354//354 353//353
f 356//356 355//355 375//375
f 376//376 360//360 359//359
f 340//340 339//339 377//377
f 378//378 344//344 343//343
f 324//324 347//347 379//379
f 380//380 348//348 325//325
f 329//329 345//345 381//381
f 382//382 346//346 330//330
f 383//383 384//384 385//385
f 386//386 387//387 388//388
f 389//389 390//390 391//391
f 392//392 393//393 394//394
f 390//390 389//389 395//395
f 396//396 394//394 393//393
f 362//362 361//361 397//397
f 398//398 366//366 365//365
f 399//399 400//400 367//367
f 370//370 401//401 402//402
f 367//367 400//400 368//368
f 369//369 401//401 370//370
f 371//371 403//403 334//334
f 335//335 404//404 372//372
f 405//405 406//406 407//407
f 408//408 409//409 410//410
f 384//384 383//383 411//411
f 412//412 388//388 387//387
f 413//413 414//414 415//415
f 416//416 417//417 418//418
f 381//381 345//345 419//419
f 420//420 346//346 382//382
f 379//379 347//347 421//421
f 422//422 348//348 380//380
f 423//423 424//424 425//425
f 426//426 427//427 428//428
f 429//429 430//430 431//431
f 432//432 433//433 434//434
f 399//399 435//435 400//400
f 401//401 436//436 402//402
f 406//406 405//405 437//437
f 438//438 410//410 409//409
f 439//439 403//403 371//371
f 372//372 404//404 440//440
f 414//414 413//413 441//441
f 442//442 418//418 417//417
f 379//379 421//421 443//443
f 444//444 422//422 380//380
f 381//381 419//419 445//445
f 446//446 420//420 382//382
f 424//424 423//423 447//447
f 448//448 428//428 427//427
f 430//430 429//429 449//449
f 450//450 434//434 433//433
f 451//451 435//435 399//399
f 402//402 436//436 452//452
f 453//453 454//454 455//455
f 456//456 457//457 458//458
f 454//454 453//453 459//459
f 460//460 458//458 457//457
f 439//439 461//461 403//403
f 404//404 462//462 440//440
f 463//463 464//464 465//465
f 466//466 467//467 468//468
f 445//445 419//419 469//469
f 470//470 420//420 446//446
f 443//443 421//421 471//471
f 472//472 422//422 444//444
f 473//473 474//474 475//475
f 476//476 477//477 478//478
f 479//479 480//480 481//481
f 482//482 483//483 484//484
f 451//451 485//485 435//435
f 436//436 486//486 452//452
f 487//487 488//488 489//489
f 490//490 491//491 492//492
f 493//493 461//461 439//439
f 440//440 462//462 494//494
f 464//464 463//463 495//495
f 496//496 468//468 467//467
f 445//445 469//469 497//497
f 498//498 470//470 446//446
f 474//474 473//473 499//499
f 500//500 478//478 477//477
f 480//480 479//479 501//501
f 502//502 484//484 483//483
f 503//503 485//485 451//451
f 452//452 486//486 504//504
f 488//488 487//487 505//505
f 506//506 492//492 491//491
f 493//493 507//507 461//461
f 462//462 508//508 494//494
f 509//509 510//510 511//511
f 512//512 513//513 514//514
f 503//503 515//515 485//485
f 486//486 516//516 504//504
f 517//517 518//518 519//519
f 520//520 521//521 522//522
f 523//523 507//507 493//493
f 494//494 508//508 524//524
f 510//510 509//509 525//525
f 526//526 514//514 513//513
f 523//523 527//527 507//507
f 508//508 528//528 524//524
f 529//529 515//515 503//503
f 504//504 516//516 530//530
f 518//518 517//517 531//531
f 532//532 522//522 521//521
f 533//533 534//534 535//535
f 536//536 537//537 538//538
f 539//539 527//527 523//523
f 524//524 528//528 540//540
f 529//529 541//541 515//515
f 516//516 542//542 530//530
f 543//543 544//544 545//545
f 546//546 547//547 548//548
f 534//534 533//533 549//549
f 550//550 538//538 537//537
f 539//539 551//551 527//527
f 528//528 552//552 540//540
f 553//553 541//541 529//529
f 530//530 542//542 554//554
f 544//544 543//543 555//555
f 556//556 548//548 547//547
f 557//557 558//558 559//559
f 560//560 561//561 562//562
f 551//551 539//539 563//563
f 564//564 540//540 552//552
f 541//541 553//553 565//565
f 566//566 554//554 542//542
f 567//567 568//568 569//569
f 570//570 571//571 572//572
f 558//558 557//557 573//573
f 574//574 562//562 561//561
f 568//568 567//567 575//575
f 576//576 572//572 571//571
f 577//577 578//578 579//579
f 578//578 577//577 580//580
f 581//581 582//582 583//583
f 584//584 585//585 586//586
f 587//587 588//588 589//589
f 590//590 591//591 592//592
f 582//582 581//581 593//593
f 594//594 595//595 584//584
f 584//584 596//596 585//585
f 586//586 585//585 597//597
f 588//588 587//587 598//598
f 586//586 599//599 600//600
f 601//601 591//591 590//590
f 590//590 592//592 602//602
f 603//603 604//604 591//591
f 605//605 606//606 607//607
f 594//594 608//608 595//595
f 584//584 595//595 596//596
f 609//609 610//610 611//611
f 612//612 613//613 614//614
f 586//586 597//597 615//615
f 616//616 617//617 618//618
f 602//602 592//592 619//619
f 620//620 599//599 586//586
f 600//600 599//599 621//621
f 622//622 591//591 601//601
f 623//623 624//624 625//625
f 626//626 627//627 628//628
f 629//629 604//604 603//603
f 603//603 591//591 630//630
f 606//606 605//605 631//631
f 632//632 633//633 594//594
f 594//594 633//633 608//608
f 634//634 635//635 636//636
f 637//637 638//638 639//639
f 610//610 609//609 640//640
f 638//638 637//637 641//641
f 613//613 612//612 642//642
f 643//643 644//644 645//645
f 644//644 643//643 646//646
f 586//586 615//615 647//647
f 617//617 616//616 648//648
f 600//600 621//621 649//649
f 602//602 619//619 650//650
f 651//651 599//599 620//620
f 586//586 652//652 620//620
f 653//653 654//654 655//655
f 656//656 591//591 622//622
f 601//601 657//657 622//622
f 624//624 623//623 658//658
f 659//659 660//660 661//661
f 627//627 626//626 662//662
f 663//663 604//604 629//629
f 630//630 591//591 656//656
f 663//663 664//664 604//604
f 665//665 666//666 667//667
f 632//632 668//668 633//633
f 669//669 670//670 671//671
f 635//635 634//634 672//672
f 670//670 669//669 673//673
f 674//674 675//675 676//676
f 677//677 678//678 674//674
f 676//676 679//679 680//680
f 680//680 681//681 682//682
f 683//683 684//684 685//685
f 684//684 683//683 686//686
f 586//586 647//647 652//652
f 687//687 688//688 689//689
f 650//650 619//619 690//690
f 649//649 621//621 691//691
f 654//654 653//653 692//692
f 651//651 693//693 599//599
f 694//694 695//695 696//696
f 697//697 698//698 699//699
f 700//700 701//701 702//702
f 601//601 703//703 657//657
f 704//704 705//705 693//693
f 660//660 659//659 706//706
f 707//707 708//708 705//705
f 709//709 664//664 663//663
f 666//666 665//665 710//710
f 711//711 712//712 632//632
f 632//632 713//713 668//668
f 714//714 715//715 716//716
f 715//715 714//714 717//717
f 718//718 719//719 677//677
f 720//720 721//721 718//718
f 674//674 678//678 675//675
f 676//676 675//675 679//679
f 677//677 719//719 678//678
f 680//680 679//679 681//681
f 682//682 681//681 722//722
f 723//723 724//724 725//725
f 726//726 652//652 647//647
f 688//688 687//687 727//727
f 649//649 691//691 728//728
f 650//650 690//690 729//729
f 701//701 700//700 730//730
f 731//731 693//693 651//651
f 695//695 694//694 732//732
f 733//733 734//734 735//735
f 698//698 697//697 736//736
f 737//737 703//703 601//601
f 707//707 705//705 704//704
f 704//704 693//693 738//738
f 739//739 740//740 741//741
f 742//742 708//708 707//707
f 743//743 744//744 745//745
f 746//746 747//747 744//744
f 748//748 745//745 749//749
f 750//750 664//664 709//709
f 750//750 751//751 664//664
f 752//752 753//753 754//754
f 712//712 711//711 755//755
f 632//632 712//712 756//756
f 632//632 756//756 713//713
f 757//757 758//758 759//759
f 758//758 757//757 760//760
f 761//761 762//762 720//720
f 718//718 721//721 719//719
f 720//720 762//762 721//721
f 763//763 764//764 765//765
f 766//766 767//767 768//768
f 769//769 770//770 771//771
f 772//772 773//773 774//774
f 724//724 723//723 775//775
f 726//726 776//776 652//652
f 777//777 778//778 779//779
f 729//729 690//690 780//780
f 728//728 691//691 781//781
f 782//782 783//783 784//784
f 738//738 693//693 731//731
f 734//734 733//733 785//785
f 786//786 787//787 788//788
f 789//789 790//790 787//787
f 791//791 792//792 793//793
f 794//794 749//749 795//795
f 737//737 796//796 703//703
f 748//748 749//749 794//794
f 797//797 798//798 799//799
f 800//800 801//801 802//802
f 740//740 739//739 803//803
f 804//804 805//805 708//708
f 804//804 708//708 742//742
f 806//806 807//807 808//808
f 809//809 744//744 743//743
f 743//743 745//745 748//748
f 810//810 747//747 746//746
f 746//746 744//744 811//811
f 812//812 751//751 750//750
f 753//753 752//752 813//813
f 814//814 815//815 711//711
f 711//711 816//816 755//755
f 817//817 818//818 819//819
f 820//820 821//821 822//822
f 823//823 824//824 825//825
f 826//826 827//827 761//761
f 761//761 827//827 762//762
f 828//828 829//829 830//830
f 831//831 832//832 833//833
f 764//764 763//763 834//834
f 770//770 769//769 835//835
f 767//767 766//766 836//836
f 773//773 772//772 837//837
f 838//838 776//776 726//726
f 778//778 777//777 839//839
f 729//729 780//780 840//840
f 783//783 782//782 841//841
f 842//842 843//843 844//844
f 843//843 842//842 845//845
f 789//789 787//787 786//786
f 846//846 790//790 789//789
f 792//792 791//791 847//847
f 737//737 848//848 796//796
f 798//798 797//797 849//849
f 801//801 800//800 850//850
f 851//851 852//852 853//853
f 854//854 848//848 737//737
f 855//855 805//805 804//804
f 856//856 857//857 858//858
f 807//807 806//806 859//859
f 860//860 861//861 747//747
f 862//862 744//744 809//809
f 860//860 747//747 810//810
f 811//811 744//744 862//862
f 812//812 863//863 751//751
f 864//864 865//865 866//866
f 814//814 867//867 815//815
f 711//711 815//815 816//816
f 755//755 816//816 868//868
f 818//818 817//817 869//869
f 821//821 820//820 870//870
f 824//824 823//823 871//871
f 826//826 872//872 827//827
f 873//873 874//874 875//875
f 829//829 828//828 876//876
f 832//832 831//831 877//877
f 878//878 879//879 880//880
f 881//881 882//882 878//878
f 880//880 883//883 838//838
f 838//838 883//883 776//776
f 846//846 884//884 790//790
f 885//885 886//886 887//887
f 886//886 885//885 888//888
f 889//889 890//890 891//891
f 892//892 891//891 884//884
f 852//852 851//851 893//893
f 805//805 894//894 816//816
f 854//854 895//895 848//848
f 896//896 805//805 855//855
f 897//897 898//898 899//899
f 857//857 856//856 900//900
f 901//901 902//902 890//890
f 903//903 861//861 860//860
f 809//809 904//904 862//862
f 905//905 906//906 861//861
f 907//907 863//863 812//812
f 865//865 864//864 908//908
f 909//909 910//910 814//814
f 814//814 910//910 867//867
f 911//911 912//912 913//913
f 914//914 915//915 916//916
f 868//868 816//816 917//917
f 918//918 919//919 920//920
f 921//921 922//922 923//923
f 922//922 924//924 925//925
f 925//925 872//872 826//826
f 926//926 927//927 928//928
f 874//874 873//873 929//929
f 930//930 931//931 881//881
f 932//932 933//933 930//930
f 878//878 882//882 879//879
f 880//880 879//879 883//883
f 881//881 931//931 882//882
f 892//892 884//884 846//846
f 934//934 935//935 936//936
f 901//901 890//890 889//889
f 889//889 891//891 892//892
f 915//915 914//914 937//937
f 938//938 895//895 854//854
f 894//894 805//805 939//939
f 940//940 816//816 894//894
f 941//941 805//805 896//896
f 942//942 943//943 944//944
f 898//898 897//897 945//945
f 946//946 947//947 902//902
f 946//946 902//902 901//901
f 905//905 861//861 903//903
f 948//948 904//904 809//809
f 949//949 950//950 951//951
f 952//952 953//953 950//950
f 954//954 951//951 955//955
f 956//956 906//906 905//905
f 957//957 863//863 907//907
f 956//956 958//958 906//906
f 957//957 959//959 863//863
f 960//960 961//961 962//962
f 963//963 910//910 909//909
f 964//964 965//965 966//966
f 912//912 911//911 967//967
f 965//965 964//964 968//968
f 917//917 816//816 940//940
f 969//969 970//970 971//971
f 919//919 918//918 972//972
f 922//922 921//921 924//924
f 925//925 924//924 872//872
f 927//927 926//926 973//973
f 974//974 975//975 976//976
f 977//977 978//978 932//932
f 930//930 933//933 931//931
f 932//932 978//978 933//933
f 979//979 980//980 981//981
f 935//935 934//934 982//982
f 983//983 984//984 985//985
f 984//984 983//983 986//986
f 980//980 979//979 987//987
f 988//988 989//989 938//938
f 938//938 990//990 895//895
f 939//939 805//805 941//941
f 991//991 992//992 993//993
f 940//940 894//894 994//994
f 995//995 996//996 997//997
f 943//943 942//942 998//998
f 996//996 995//995 999//999
f 1000//1000 1001//1001 947//947
f 1000//1000 947//947 946//946
f 1002//1002 1003//1003 1004//1004
f 948//948 1005//1005 904//904
f 1006//1006 1007//1007 953//953
f 952//952 950//950 949//949
f 949//949 951//951 954//954
f 1006//1006 953//953 952//952
f 1008//1008 958//958 956//956
f 1009//1009 959//959 957//957
f 961//961 960//960 1010//1010
f 963//963 1011//1011 910//910
f 1012//1012 1013//1013 1014//1014
f 1015//1015 1016//1016 988//988
f 1017//1017 1018//1018 1015//1015
f 975//975 974//974 1019//1019
f 970//970 969//969 1020//1020
f 940//940 1021//1021 977//977
f 977//977 1022//1022 978//978
f 1003//1003 1002//1002 1023//1023
f 1024//1024 1025//1025 1026//1026
f 988//988 1016//1016 989//989
f 938//938 989//989 990//990
f 1027//1027 1028//1028 1029//1029
f 992//992 991//991 1030//1030
f 1031//1031 1032//1032 1033//1033
f 1032//1032 1031//1031 1034//1034
f 940//940 994//994 1021//1021
f 1035//1035 1036//1036 948//948
f 1028//1028 1027//1027 1037//1037
f 1038//1038 1039//1039 1001//1001
f 1040//1040 1041//1041 1039//1039
f 1038//1038 1001//1001 1000//1000
f 1025//1025 1024//1024 1042//1042
f 948//948 1036//1036 1005//1005
f 1043//1043 1007//1007 1006//1006
f 1008//1008 1044//1044 958//958
f 1009//1009 1045//1045 959//959
f 1046//1046 1047//1047 1048//1048
f 1049//1049 1011//1011 963//963
f 1013//1013 1012//1012 1050//1050
f 1015//1015 1018//1018 1016//1016
f 1017//1017 1051//1051 1018//1018
f 977//977 1021//1021 1022//1022
f 1052//1052 1053//1053 1054//1054
f 1053//1053 1052//1052 1055//1055
f 1056//1056 1057//1057 1058//1058
f 1059//1059 1060//1060 1061//1061
f 1060//1060 1059//1059 1062//1062
f 1035//1035 1063//1063 1036//1036
f 1057//1057 1056//1056 1041//1041
f 1040//1040 1039//1039 1038//1038
f 1057//1057 1041//1041 1040//1040
f 1043//1043 1064//1064 1007//1007
f 1065//1065 1066//1066 1064//1064
f 1067//1067 1068//1068 1044//1044
f 1069//1069 1044//1044 1008//1008
f 1070//1070 1045//1045 1009//1009
f 1047//1047 1046//1046 1071//1071
f 1072//1072 1011//1011 1049//1049
f 1073//1073 1074//1074 1075//1075
f 1076//1076 1077//1077 1017//1017
f 1017//1017 1077//1077 1051//1051
f 1078//1078 1079//1079 1080//1080
f 1081//1081 1063//1063 1035//1035
f 1079//1079 1078//1078 1082//1082
f 1065//1065 1064//1064 1043//1043
f 1065//1065 1083//1083 1066//1066
f 1084//1084 1068//1068 1067//1067
f 1067//1067 1044//1044 1069//1069
f 1085//1085 1086//1086 1066//1066
f 1087//1087 1045//1045 1070//1070
f 1084//1084 1088//1088 1068//1068
f 1087//1087 1089//1089 1045//1045
f 1090//1090 1091//1091 1092//1092
f 1093//1093 1011//1011 1072//1072
f 1074//1074 1073//1073 1094//1094
f 1095//1095 1096//1096 1076//1076
f 1076//1076 1096//1096 1077//1077
f 1097//1097 1098//1098 1099//1099
f 1099//1099 1100//1100 1081//1081
f 1081//1081 1100//1100 1063//1063
f 1065//1065 1101//1101 1083//1083
f 1102//1102 1066//1066 1083//1083
f 1103//1103 1086//1086 1085//1085
f 1085//1085 1066//1066 1104//1104
f 1105//1105 1088//1088 1084//1084
f 1087//1087 1106//1106 1089//1089
f 1091//1091 1090//1090 1107//1107
f 1108//1108 1011//1011 1093//1093
f 1072//1072 1109//1109 1093//1093
f 1110//1110 1111//1111 1011//1011
f 1112//1112 1113//1113 1114//1114
f 1095//1095 1115//1115 1096//1096
f 1116//1116 1117//1117 1097//1097
f 1118//1118 1119//1119 1116//1116
f 1097//1097 1120//1120 1098//1098
f 1099//1099 1098//1098 1100//1100
f 1121//1121 1101//1101 1065//1065
f 1122//1122 1066//1066 1102//1102
f 1123//1123 1124//1124 1086//1086
f 1125//1125 1086//1086 1103//1103
f 1104//1104 1066//1066 1126//1126
f 1105//1105 1127//1127 1088//1088
f 1128//1128 1106//1106 1087//1087
f 1129//1129 1130//1130 1131//1131
f 1132//1132 1011//1011 1108//1108
f 1072//1072 1133//1133 1109//1109
f 1134//1134 1111//1111 1110//1110
f 1110//1110 1011//1011 1135//1135
f 1113//1113 1112//1112 1136//1136
f 1137//1137 1115//1115 1095//1095
f 1116//1116 1119//1119 1117//1117
f 1097//1097 1117//1117 1120//1120
f 1138//1138 1119//1119 1118//1118
f 1121//1121 1139//1139 1101//1101
f 1126//1126 1066//1066 1122//1122
f 1140//1140 1141//1141 1142//1142
f 1143//1143 1142//1142 1124//1124
f 1144//1144 1124//1124 1123//1123
f 1123//1123 1086//1086 1125//1125
f 1145//1145 1146//1146 1127//1127
f 1145//1145 1127//1127 1105//1105
f 1128//1128 1147//1147 1106//1106
f 1130//1130 1129//1129 1148//1148
f 1149//1149 1150//1150 1072//1072
f 1151//1151 1011//1011 1132//1132
f 1072//1072 1152//1152 1133//1133
f 1153//1153 1111//1111 1134//1134
f 1135//1135 1011//1011 1154//1154
f 1111//1111 1155//1155 1156//1156
f 1157//1157 1158//1158 1159//1159
f 1137//1137 1160//1160 1115//1115
f 1161//1161 1162//1162 1138//1138
f 1138//1138 1163//1163 1119//1119
f 1121//1121 1164//1164 1139//1139
f 1165//1165 1141//1141 1140//1140
f 1140//1140 1142//1142 1166//1166
f 1166//1166 1142//1142 1143//1143
f 1143//1143 1124//1124 1144//1144
f 1167//1167 1146//1146 1145//1145
f 1165//1165 1168//1168 1141//1141
f 1169//1169 1147//1147 1128//1128
f 1170//1170 1171//1171 1172//1172
f 1149//1149 1173//1173 1150//1150
f 1072//1072 1150//1150 1174//1174
f 1154//1154 1011//1011 1151//1151
f 1072//1072 1175//1175 1152//1152
f 1176//1176 1111//1111 1153//1153
f 1155//1155 1111//1111 1177//1177
f 1149//1149 1156//1156 1155//1155
f 1158//1158 1157//1157 1178//1178
f 1179//1179 1160//1160 1137//1137
f 1180//1180 1181//1181 1161//1161
f 1161//1161 1181//1181 1162//1162
f 1138//1138 1162//1162 1163//1163
f 1182//1182 1164//1164 1121//1121
f 1167//1167 1183//1183 1146//1146
f 1165//1165 1184//1184 1168//1168
f 1169//1169 1185//1185 1147//1147
f 1171//1171 1170//1170 1186//1186
f 1187//1187 1156//1156 1149//1149
f 1149//1149 1155//1155 1173//1173
f 1072//1072 1174//1174 1188//1188
f 1072//1072 1189//1189 1175//1175
f 1190//1190 1111//1111 1176//1176
f 1177//1177 1111//1111 1190//1190
f 1187//1187 1191//1191 1156//1156
f 1192//1192 1193//1193 1194//1194
f 1179//1179 1195//1195 1160//1160
f 1196//1196 1197//1197 1180//1180
f 1180//1180 1197//1197 1181//1181
f 1198//1198 1199//1199 1200//1200
f 1200//1200 1201//1201 1182//1182
f 1182//1182 1202//1202 1164//1164
f 1203//1203 1183//1183 1167//1167
f 1204//1204 1184//1184 1165//1165
f 1205//1205 1185//1185 1169//1169
f 1206//1206 1207//1207 1208//1208
f 1072//1072 1188//1188 1209//1209
f 1072//1072 1210//1210 1189//1189
f 1211//1211 1191//1191 1187//1187
f 1193//1193 1192//1192 1212//1212
f 1213//1213 1214//1214 1179//1179
f 1179//1179 1214//1214 1195//1195
f 1215//1215 1216//1216 1196//1196
f 1196//1196 1216//1216 1197//1197
f 1198//1198 1217//1217 1199//1199
f 1200//1200 1199//1199 1201//1201
f 1182//1182 1201//1201 1202//1202
f 1218//1218 1219//1219 1198//1198
f 1203//1203 1220//1220 1183//1183
f 1204//1204 1221//1221 1184//1184
f 1205//1205 1222//1222 1185//1185
f 1207//1207 1206//1206 1223//1223
f 1072//1072 1209//1209 1210//1210
f 1211//1211 1224//1224 1191//1191
f 1225//1225 1226//1226 1227//1227
f 1213//1213 1228//1228 1214//1214
f 1215//1215 1229//1229 1216//1216
f 1230//1230 1231//1231 1232//1232
f 1232//1232 1219//1219 1218//1218
f 1198//1198 1219//1219 1217//1217
f 1233//1233 1220//1220 1203//1203
f 1234//1234 1221//1221 1204//1204
f 1205//1205 1235//1235 1222//1222
f 1236//1236 1237//1237 1238//1238
f 1239//1239 1224//1224 1211//1211
f 1226//1226 1225//1225 1240//1240
f 1241//1241 1228//1228 1213//1213
f 1242//1242 1229//1229 1215//1215
f 1243//1243 1244//1244 1230//1230
f 1230//1230 1244//1244 1231//1231
f 1232//1232 1231//1231 1245//1245
f 1232//1232 1246//1246 1219//1219
f 1233//1233 1247//1247 1220//1220
f 1234//1234 1248//1248 1221//1221
f 1249//1249 1235//1235 1205//1205
f 1237//1237 1236//1236 1250//1250
f 1239//1239 1251//1251 1224//1224
f 1252//1252 1253//1253 1254//1254
f 1241//1241 1255//1255 1228//1228
f 1242//1242 1256//1256 1229//1229
f 1257//1257 1258//1258 1243//1243
f 1259//1259 1260//1260 1257//1257
f 1243//1243 1258//1258 1244//1244
f 1232//1232 1245//1245 1246//1246
f 1233//1233 1261//1261 1247//1247
f 1262//1262 1248//1248 1234//1234
f 1249//1249 1263//1263 1235//1235
f 1264//1264 1265//1265 1266//1266
f 1267//1267 1251//1251 1239//1239
f 1253//1253 1252//1252 1268//1268
f 1269//1269 1255//1255 1241//1241
f 1270//1270 1271//1271 1242//1242
f 1242//1242 1271//1271 1256//1256
f 1272//1272 1273//1273 1259//1259
f 1257//1257 1260//1260 1258//1258
f 1259//1259 1273//1273 1260//1260
f 1274//1274 1261//1261 1233//1233
f 1262//1262 1275//1275 1248//1248
f 1276//1276 1263//1263 1249//1249
f 1265//1265 1264//1264 1277//1277
f 1267//1267 1278//1278 1251//1251
f 1279//1279 1280//1280 1281//1281
f 1269//1269 1282//1282 1255//1255
f 1270//1270 1283//1283 1271//1271
f 1272//1272 1284//1284 1273//1273
f 1274//1274 1285//1285 1261//1261
f 1262//1262 1286//1286 1275//1275
f 1276//1276 1287//1287 1263//1263
f 1288//1288 1289//1289 1290//1290
f 1291//1291 1278//1278 1267//1267
f 1280//1280 1279//1279 1292//1292
f 1291//1291 1293//1293 1278//1278
f 1294//1294 1282//1282 1269//1269
f 1295//1295 1283//1283 1270//1270
f 1272//1272 1296//1296 1284//1284
f 1297//1297 1285//1285 1274//1274
f 1298//1298 1286//1286 1262//1262
f 1299//1299 1287//1287 1276//1276
f 1289//1289 1288//1288 1300//1300
f 1301//1301 1302//1302 1303//1303
f 1291//1291 1304//1304 1293//1293
f 1294//1294 1305//1305 1282//1282
f 1306//1306 1307//1307 1295//1295
f 1295//1295 1307//1307 1283//1283
f 1308//1308 1296//1296 1272//1272
f 1297//1297 1309//1309 1285//1285
f 1298//1298 1310//1310 1286//1286
f 1299//1299 1311//1311 1287//1287
f 1312//1312 1313//1313 1314//1314
f 1302//1302 1301//1301 1315//1315
f 1316//1316 1305//1305 1294//1294
f 1291//1291 1317//1317 1304//1304
f 1306//1306 1318//1318 1307//1307
f 1319//1319 1320//1320 1308//1308
f 1308//1308 1320//1320 1296//1296
f 1321//1321 1309//1309 1297//1297
f 1322//1322 1310//1310 1298//1298
f 1323//1323 1311//1311 1299//1299
f 1313//1313 1312//1312 1324//1324
f 1325//1325 1317//1317 1291//1291
f 1326//1326 1327//1327 1328//1328
f 1316//1316 1329//1329 1305//1305
f 1327//1327 1326//1326 1330//1330
f 1331//1331 1318//1318 1306//1306
f 1332//1332 1333//1333 1319//1319
f 1319//1319 1333//1333 1320//1320
f 1321//1321 1334//1334 1309//1309
f 1322//1322 1335//1335 1310//1310
f 1323//1323 1336//1336 1311//1311
f 1337//1337 1338//1338 1339//1339
f 1325//1325 1340//1340 1317//1317
f 1341//1341 1329//1329 1316//1316
f 1342//1342 1343//1343 1344//1344
f 1345//1345 1346//1346 1331//1331
f 1331//1331 1346//1346 1318//1318
f 1332//1332 1347//1347 1333//1333
f 1348//1348 1334//1334 1321//1321
f 1349//1349 1335//1335 1322//1322
f 1350//1350 1336//1336 1323//1323
f 1338//1338 1337//1337 1351//1351
f 1352//1352 1340//1340 1325//1325
f 1343//1343 1342//1342 1353//1353
f 1341//1341 1354//1354 1329//1329
f 1355//1355 1354//1354 1341//1341
f 1345//1345 1356//1356 1346//1346
f 1357//1357 1347//1347 1332//1332
f 1348//1348 1358//1358 1334//1334
f 1349//1349 1359//1359 1335//1335
f 1350//1350 1360//1360 1336//1336
f 1361//1361 1362//1362 1363//1363
f 1352//1352 1364//1364 1340//1340
f 1365//1365 1366//1366 1367//1367
f 1368//1368 1356//1356 1345//1345
f 1355//1355 1369//1369 1354//1354
f 1370//1370 1371//1371 1357//1357
f 1357//1357 1371//1371 1347//1347
f 1372//1372 1358//1358 1348//1348
f 1373//1373 1359//1359 1349//1349
f 1374//1374 1360//1360 1350//1350
f 1362//1362 1361//1361 1375//1375
f 1352//1352 1376//1376 1364//1364
f 1366//1366 1365//1365 1377//1377
f 1378//1378 1369//1369 1355//1355
f 1368//1368 1379//1379 1356//1356
f 1370//1370 1380//1380 1371//1371
f 1372//1372 1381//1381 1358//1358
f 1373//1373 1382//1382 1359//1359
f 1374//1374 1383//1383 1360//1360
f 1384//1384 1375//1375 1361//1361
f 1385//1385 1376//1376 1352//1352
f 1386//1386 1387//1387 1388//1388
f 1387//1387 1386//1386 1389//1389
f 1378//1378 1390//1390 1369//1369
f 1391//1391 1379//1379 1368//1368
f 1392//1392 1380//1380 1370//1370
f 1393//1393 1381//1381 1372//1372
f 1394//1394 1382//1382 1373//1373
f 1395//1395 1383//1383 1374//1374
f 1375//1375 1384//1384 1396//1396
f 1385//1385 1397//1397 1376//1376
f 1398//1398 1399//1399 1400//1400
f 1401//1401 1390//1390 1378//1378
f 1391//1391 1402//1402 1379//1379
f 1403//1403 1402//1402 1391//1391
f 1404//1404 1405//1405 1392//1392
f 1392//1392 1405//1405 1380//1380
f 1393//1393 1406//1406 1381//1381
f 1394//1394 1407//1407 1382//1382
f 1395//1395 1408//1408 1383//1383
f 1409//1409 1410//1410 1411//1411
f 1412//1412 1397//1397 1385//1385
f 1399//1399 1398//1398 1413//1413
f 1414//1414 1415//1415 1401//1401
f 1401//1401 1415//1415 1390//1390
f 1416//1416 1417//1417 1404//1404
f 1403//1403 1418//1418 1402//1402
f 1404//1404 1417//1417 1405//1405
f 1419//1419 1406//1406 1393//1393
f 1420//1420 1407//1407 1394//1394
f 1421//1421 1408//1408 1395//1395
f 1410//1410 1409//1409 1422//1422
f 1412//1412 1423//1423 1397//1397
f 1424//1424 1425//1425 1426//1426
f 1414//1414 1427//1427 1415//1415
f 1428//1428 1418//1418 1403//1403
f 1416//1416 1429//1429 1417//1417
f 1419//1419 1430//1430 1406//1406
f 1420//1420 1431//1431 1407//1407
f 1421//1421 1432//1432 1408//1408
f 1433//1433 1434//1434 1435//1435
f 1436//1436 1437//1437 1412//1412
f 1412//1412 1438//1438 1423//1423
f 1425//1425 1424//1424 1439//1439
f 1440//1440 1427//1427 1414//1414
f 1428//1428 1441//1441 1418//1418
f 1442//1442 1429//1429 1416//1416
f 1443//1443 1430//1430 1419//1419
f 1444//1444 1431//1431 1420//1420
f 1442//1442 1445//1445 1429//1429
f 1446//1446 1447//1447 1448//1448
f 1446//1446 1448//1448 1445//1445
f 1449//1449 1432//1432 1421//1421
f 1434//1434 1433//1433 1450//1450
f 1451//1451 1452//1452 1436//1436
f 1436//1436 1453//1453 1437//1437
f 1412//1412 1437//1437 1438//1438
f 1454//1454 1455//1455 1456//1456
f 1455//1455 1454//1454 1457//1457
f 1440//1440 1458//1458 1427//1427
f 1459//1459 1441//1441 1428//1428
f 1446//1446 1445//1445 1442//1442
f 1443//1443 1460//1460 1430//1430
f 1444//1444 1461//1461 1431//1431
f 1462//1462 1463//1463 1447//1447
f 1464//1464 1465//1465 1463//1463
f 1462//1462 1447//1447 1446//1446
f 1449//1449 1466//1466 1432//1432
f 1467//1467 1468//1468 1469//1469
f 1451//1451 1470//1470 1452//1452
f 1436//1436 1452//1452 1453//1453
f 1471//1471 1472//1472 1473//1473
f 1474//1474 1475//1475 1476//1476
f 1475//1475 1474//1474 1477//1477
f 1478//1478 1479//1479 1440//1440
f 1440//1440 1479//1479 1458//1458
f 1480//1480 1481//1481 1459//1459
f 1459//1459 1481//1481 1441//1441
f 1482//1482 1460//1460 1443//1443
f 1483//1483 1461//1461 1444//1444
f 1484//1484 1485//1485 1465//1465
f 1464//1464 1463//1463 1462//1462
f 1486//1486 1465//1465 1464//1464
f 1487//1487 1466//1466 1449//1449
f 1468//1468 1467//1467 1488//1488
f 1489//1489 1470//1470 1451//1451
f 1490//1490 1491//1491 1492//1492
f 1493//1493 1494//1494 1495//1495
f 1472//1472 1471//1471 1496//1496
f 1497//1497 1498//1498 1478//1478
f 1478//1478 1498//1498 1479//1479
f 1480//1480 1499//1499 1481//1481
f 1482//1482 1500//1500 1460//1460
f 1483//1483 1501//1501 1461//1461
f 1502//1502 1485//1485 1484//1484
f 1484//1484 1465//1465 1486//1486
f 1487//1487 1503//1503 1466//1466
f 1504//1504 1505//1505 1506//1506
f 1489//1489 1507//1507 1470//1470
f 1491//1491 1490//1490 1508//1508
f 1494//1494 1493//1493 1509//1509
f 1510//1510 1511//1511 1497//1497
f 1497//1497 1511//1511 1498//1498
f 1512//1512 1499//1499 1480//1480
f 1513//1513 1500//1500 1482//1482
f 1514//1514 1501//1501 1483//1483
f 1502//1502 1515//1515 1485//1485
f 1516//1516 1503//1503 1487//1487
f 1505//1505 1504//1504 1517//1517
f 1518//1518 1519//1519 1489//1489
f 1489//1489 1519//1519 1507//1507
f 1520//1520 1521//1521 1522//1522
f 1521//1521 1520//1520 1523//1523
f 1524//1524 1525//1525 1526//1526
f 1526//1526 1511//1511 1510//1510
f 1512//1512 1527//1527 1499//1499
f 1513//1513 1528//1528 1500//1500
f 1514//1514 1529//1529 1501//1501
f 1530//1530 1515//1515 1502//1502
f 1531//1531 1532//1532 1527//1527
f 1533//1533 1503//1503 1516//1516
f 1534//1534 1535//1535 1536//1536
f 1518//1518 1537//1537 1519//1519
f 1538//1538 1539//1539 1540//1540
f 1539//1539 1538//1538 1541//1541
f 1542//1542 1543//1543 1524//1524
f 1524//1524 1543//1543 1525//1525
f 1526//1526 1525//1525 1511//1511
f 1531//1531 1527//1527 1512//1512
f 1544//1544 1528//1528 1513//1513
f 1545//1545 1529//1529 1514//1514
f 1530//1530 1546//1546 1515//1515
f 1547//1547 1548//1548 1532//1532
f 1547//1547 1532//1532 1531//1531
f 1533//1533 1549//1549 1503//1503
f 1535//1535 1534//1534 1550//1550
f 1551//1551 1537//1537 1518//1518
f 1552//1552 1553//1553 1554//1554
f 1553//1553 1552//1552 1555//1555
f 1556//1556 1557//1557 1542//1542
f 1542//1542 1557//1557 1543//1543
f 1558//1558 1528//1528 1544//1544
f 1545//1545 1559//1559 1529//1529
f 1560//1560 1546//1546 1530//1530
f 1561//1561 1548//1548 1547//1547
f 1561//1561 1562//1562 1548//1548
f 1563//1563 1549//1549 1533//1533
f 1564//1564 1565//1565 1566//1566
f 1551//1551 1567//1567 1537//1537
f 1568//1568 1569//1569 1570//1570
f 1571//1571 1572//1572 1556//1556
f 1556//1556 1572//1572 1557//1557
f 1558//1558 1573//1573 1528//1528
f 1574//1574 1559//1559 1545//1545
f 1560//1560 1575//1575 1546//1546
f 1576//1576 1562//1562 1561//1561
f 1563//1563 1577//1577 1549//1549
f 1565//1565 1564//1564 1578//1578
f 1579//1579 1567//1567 1551//1551
f 1569//1569 1568//1568 1580//1580
f 1581//1581 1572//1572 1571//1571
f 1582//1582 1583//1583 1576//1576
f 1584//1584 1573//1573 1558//1558
f 1585//1585 1559//1559 1574//1574
f 1586//1586 1575//1575 1560//1560
f 1576//1576 1583//1583 1562//1562
f 1587//1587 1577//1577 1563//1563
f 1588//1588 1589//1589 1590//1590
f 1579//1579 1591//1591 1567//1567
f 1592//1592 1593//1593 1594//1594
f 1581//1581 1595//1595 1572//1572
f 1596//1596 1597//1597 1582//1582
f 1582//1582 1597//1597 1583//1583
f 1584//1584 1598//1598 1573//1573
f 1585//1585 1599//1599 1559//1559
f 1586//1586 1600//1600 1575//1575
f 1587//1587 1601//1601 1577//1577
f 1589//1589 1588//1588 1602//1602
f 1603//1603 1591//1591 1579//1579
f 1593//1593 1592//1592 1604//1604
f 1605//1605 1595//1595 1581//1581
f 1606//1606 1597//1597 1596//1596
f 1607//1607 1598//1598 1584//1584
f 1608//1608 1599//1599 1585//1585
f 1609//1609 1600//1600 1586//1586
f 1610//1610 1601//1601 1587//1587
f 1611//1611 1612//1612 1613//1613
f 1603//1603 1614//1614 1591//1591
f 1615//1615 1616//1616 1617//1617
f 1605//1605 1618//1618 1595//1595
f 1606//1606 1619//1619 1597//1597
f 1607//1607 1620//1620 1598//1598
f 1608//1608 1621//1621 1599//1599
f 1622//1622 1600//1600 1609//1609
f 1610//1610 1623//1623 1601//1601
f 1612//1612 1611//1611 1624//1624
f 1625//1625 1626//1626 1603//1603
f 1603//1603 1627//1627 1614//1614
f 1616//1616 1615//1615 1628//1628
f 1629//1629 1618//1618 1605//1605
f 1630//1630 1619//1619 1606//1606
f 1631//1631 1620//1620 1607//1607
f 1632//1632 1621//1621 1608//1608
f 1622//1622 1633//1633 1600//1600
f 1634//1634 1623//1623 1610//1610
f 1635//1635 1636//1636 1637//1637
f 1625//1625 1638//1638 1626//1626
f 1603//1603 1626//1626 1639//1639
f 1603//1603 1640//1640 1627//1627
f 1641//1641 1614//1614 1627//1627
f 1642//1642 1643//1643 1644//1644
f 1629//1629 1645//1645 1618//1618
f 1630//1630 1646//1646 1619//1619
f 1631//1631 1647//1647 1620//1620
f 1632//1632 1648//1648 1621//1621
f 1649//1649 1633//1633 1622//1622
f 1634//1634 1650//1650 1623//1623
f 1636//1636 1635//1635 1651//1651
f 1652//1652 1653//1653 1625//1625
f 1625//1625 1654//1654 1638//1638
f 1603//1603 1639//1639 1655//1655
f 1603//1603 1656//1656 1640//1640
f 1657//1657 1614//1614 1641//1641
f 1643//1643 1642//1642 1658//1658
f 1659//1659 1645//1645 1629//1629
f 1660//1660 1646//1646 1630//1630
f 1661//1661 1647//1647 1631//1631
f 1662//1662 1648//1648 1632//1632
f 1649//1649 1663//1663 1633//1633
f 1664//1664 1650//1650 1634//1634
f 1665//1665 1666//1666 1667//1667
f 1652//1652 1668//1668 1653//1653
f 1625//1625 1653//1653 1669//1669
f 1625//1625 1670//1670 1654//1654
f 1603//1603 1655//1655 1671//1671
f 1603//1603 1671//1671 1656//1656
f 1672//1672 1614//1614 1657//1657
f 1673//1673 1674//1674 1614//1614
f 1675//1675 1676//1676 1677//1677
f 1659//1659 1678//1678 1645//1645
f 1660//1660 1679//1679 1646//1646
f 1661//1661 1680//1680 1647//1647
f 1662//1662 1681//1681 1648//1648
f 1682//1682 1663//1663 1649//1649
f 1664//1664 1683//1683 1650//1650
f 1666//1666 1665//1665 1684//1684
f 1652//1652 1685//1685 1668//1668
f 1686//1686 1687//1687 1688//1688
f 1689//1689 1690//1690 1691//1691
f 1625//1625 1669//1669 1692//1692
f 1625//1625 1693//1693 1670//1670
f 1694//1694 1614//1614 1672//1672
f 1695//1695 1674//1674 1673//1673
f 1673//1673 1614//1614 1696//1696
f 1676//1676 1675//1675 1697//1697
f 1698//1698 1678//1678 1659//1659
f 1699//1699 1679//1679 1660//1660
f 1700//1700 1680//1680 1661//1661
f 1701//1701 1681//1681 1662//1662
f 1702//1702 1663//1663 1682//1682
f 1702//1702 1703//1703 1663//1663
f 1700//1700 1704//1704 1680//1680
f 1705//1705 1683//1683 1664//1664
f 1706//1706 1707//1707 1708//1708
f 1709//1709 1710//1710 1652//1652
f 1652//1652 1711//1711 1685//1685
f 1712//1712 1668//1668 1685//1685
f 1687//1687 1686//1686 1713//1713
f 1714//1714 1715//1715 1716//1716
f 1690//1690 1689//1689 1717//1717
f 1718//1718 1692//1692 1669//1669
f 1625//1625 1692//1692 1719//1719
f 1625//1625 1719//1719 1693//1693
f 1720//1720 1614//1614 1694//1694
f 1721//1721 1674//1674 1695//1695
f 1696//1696 1614//1614 1720//1720
f 1721//1721 1718//1718 1674//1674
f 1722//1722 1723//1723 1724//1724
f 1698//1698 1725//1725 1678//1678
f 1699//1699 1726//1726 1679//1679
f 1701//1701 1727//1727 1681//1681
f 1702//1702 1728//1728 1703//1703
f 1729//1729 1704//1704 1700//1700
f 1705//1705 1730//1730 1683//1683
f 1729//1729 1731//1731 1704//1704
f 1707//1707 1706//1706 1732//1732
f 1709//1709 1733//1733 1710//1710
f 1652//1652 1710//1710 1734//1734
f 1652//1652 1735//1735 1711//1711
f 1736//1736 1737//1737 1738//1738
f 1739//1739 1668//1668 1712//1712
f 1740//1740 1741//1741 1742//1742
f 1743//1743 1744//1744 1745//1745
f 1715//1715 1714//1714 1746//1746
f 1747//1747 1748//1748 1743//1743
f 1745//1745 1749//1749 1750//1750
f 1723//1723 1722//1722 1751//1751
f 1692//1692 1718//1718 1752//1752
f 1753//1753 1718//1718 1721//1721
f 1750//1750 1725//1725 1698//1698
f 1754//1754 1726//1726 1699//1699
f 1755//1755 1727//1727 1701//1701
f 1755//1755 1756//1756 1727//1727
f 1757//1757 1728//1728 1702//1702
f 1758//1758 1730//1730 1705//1705
f 1759//1759 1731//1731 1729//1729
f 1760//1760 1761//1761 1762//1762
f 1763//1763 1764//1764 1709//1709
f 1709//1709 1765//1765 1733//1733
f 1766//1766 1767//1767 1768//1768
f 1769//1769 1770//1770 1771//1771
f 1652//1652 1734//1734 1772//1772
f 1652//1652 1773//1773 1735//1735
f 1774//1774 1775//1775 1776//1776
f 1737//1737 1736//1736 1777//1777
f 1741//1741 1740//1740 1778//1778
f 1739//1739 1779//1779 1668//1668
f 1780//1780 1781//1781 1782//1782
f 1781//1781 1780//1780 1783//1783
f 1743//1743 1784//1784 1744//1744
f 1745//1745 1744//1744 1749//1749
f 1785//1785 1786//1786 1787//1787
f 1747//1747 1788//1788 1748//1748
f 1743//1743 1748//1748 1784//1784
f 1750//1750 1749//1749 1789//1789
f 1752//1752 1718//1718 1753//1753
f 1750//1750 1789//1789 1725//1725
f 1754//1754 1790//1790 1726//1726
f 1791//1791 1792//1792 1756//1756
f 1793//1793 1756//1756 1755//1755
f 1757//1757 1794//1794 1728//1728
f 1730//1730 1758//1758 1795//1795
f 1758//1758 1705//1705 1796//1796
f 1731//1731 1759//1759 1797//1797
f 1759//1759 1729//1729 1798//1798
f 1761//1761 1760//1760 1799//1799
f 1763//1763 1800//1800 1764//1764
f 1709//1709 1764//1764 1801//1801
f 1709//1709 1802//1802 1765//1765
f 1803//1803 1804//1804 1805//1805
f 1767//1767 1766//1766 1806//1806
f 1804//1804 1803//1803 1807//1807
f 1770//1770 1769//1769 1808//1808
f 1809//1809 1810//1810 1811//1811
f 1652//1652 1772//1772 1812//1812
f 1652//1652 1813//1813 1773//1773
f 1814//1814 1815//1815 1816//1816
f 1775//1775 1774//1774 1817//1817
f 1818//1818 1819//1819 1820//1820
f 1821//1821 1779//1779 1739//1739
f 1822//1822 1823//1823 1824//1824
f 1825//1825 1826//1826 1819//1819
f 1786//1786 1785//1785 1827//1827
f 1828//1828 1829//1829 1747//1747
f 1747//1747 1829//1829 1788//1788
f 1830//1830 1790//1790 1754//1754
f 1792//1792 1791//1791 1831//1831
f 1791//1791 1756//1756 1832//1832
f 1833//1833 1756//1756 1793//1793
f 1757//1757 1834//1834 1794//1794
f 1835//1835 1836//1836 1837//1837
f 1796//1796 1705//1705 1838//1838
f 1839//1839 1840//1840 1841//1841
f 1842//1842 1705//1705 1843//1843
f 1798//1798 1729//1729 1844//1844
f 1800//1800 1763//1763 1845//1845
f 1764//1764 1800//1800 1846//1846
f 1847//1847 1848//1848 1849//1849
f 1709//1709 1801//1801 1850//1850
f 1709//1709 1851//1851 1802//1802
f 1852//1852 1853//1853 1854//1854
f 1853//1853 1852//1852 1855//1855
f 1856//1856 1857//1857 1858//1858
f 1859//1859 1860//1860 1856//1856
f 1858//1858 1861//1861 1862//1862
f 1810//1810 1809//1809 1863//1863
f 1864//1864 1865//1865 1866//1866
f 1652//1652 1812//1812 1867//1867
f 1652//1652 1867//1867 1813//1813
f 1868//1868 1773//1773 1813//1813
f 1815//1815 1814//1814 1869//1869
f 1825//1825 1819//1819 1818//1818
f 1870//1870 1779//1779 1821//1821
f 1823//1823 1822//1822 1871//1871
f 1872//1872 1873//1873 1826//1826
f 1872//1872 1826//1826 1825//1825
f 1874//1874 1875//1875 1779//1779
f 1876//1876 1877//1877 1878//1878
f 1828//1828 1879//1879 1829//1829
f 1830//1830 1880//1880 1790//1790
f 1832//1832 1756//1756 1881//1881
f 1881//1881 1756//1756 1833//1833
f 1833//1833 1793//1793 1882//1882
f 1883//1883 1834//1834 1757//1757
f 1884//1884 1729//1729 1885//1885
f 1836//1836 1835//1835 1886//1886
f 1838//1838 1705//1705 1842//1842
f 1887//1887 1888//1888 1889//1889
f 1840//1840 1839//1839 1890//1890
f 1843//1843 1891//1891 1842//1842
f 1844//1844 1729//1729 1884//1884
f 1764//1764 1846//1846 1892//1892
f 1848//1848 1847//1847 1893//1893
f 1894//1894 1895//1895 1896//1896
f 1897//1897 1898//1898 1899//1899
f 1709//1709 1850//1850 1851//1851
f 1900//1900 1901//1901 1902//1902
f 1901//1901 1900//1900 1903//1903
f 1904//1904 1905//1905 1859//1859
f 1856//1856 1860//1860 1857//1857
f 1858//1858 1857//1857 1861//1861
f 1859//1859 1905//1905 1860//1860
f 1862//1862 1861//1861 1906//1906
f 1862//1862 1906//1906 1907//1907
f 1865//1865 1864//1864 1908//1908
f 1909//1909 1910//1910 1911//1911
f 1910//1910 1909//1909 1912//1912
f 1913//1913 1914//1914 1915//1915
f 1868//1868 1916//1916 1773//1773
f 1917//1917 1918//1918 1919//1919
f 1920//1920 1921//1921 1922//1922
f 1874//1874 1779//1779 1870//1870
f 1923//1923 1924//1924 1925//1925
f 1926//1926 1873//1873 1872//1872
f 1927//1927 1928//1928 1929//1929
f 1930//1930 1931//1931 1927//1927
f 1929//1929 1932//1932 1933//1933
f 1934//1934 1875//1875 1874//1874
f 1877//1877 1876//1876 1935//1935
f 1891//1891 1936//1936 1828//1828
f 1828//1828 1937//1937 1879//1879
f 1938//1938 1939//1939 1930//1930
f 1933//1933 1940//1940 1830//1830
f 1830//1830 1940//1940 1880//1880
f 1882//1882 1793//1793 1941//1941
f 1883//1883 1942//1942 1834//1834
f 1941//1941 1793//1793 1943//1943
f 1944//1944 1884//1884 1885//1885
f 1945//1945 1946//1946 1947//1947
f 1888//1888 1887//1887 1948//1948
f 1891//1891 1843//1843 1936//1936
f 1949//1949 1950//1950 1951//1951
f 1828//1828 1936//1936 1937//1937
f 1952//1952 1764//1764 1892//1892
f 1953//1953 1954//1954 1955//1955
f 1895//1895 1894//1894 1956//1956
f 1898//1898 1897//1897 1957//1957
f 1958//1958 1959//1959 1960//1960
f 1959//1959 1958//1958 1961//1961
f 1962//1962 1963//1963 1904//1904
f 1904//1904 1963//1963 1905//1905
f 1964//1964 1965//1965 1966//1966
f 1967//1967 1968//1968 1969//1969
f 1970//1970 1971//1971 1972//1972
f 1973//1973 1974//1974 1975//1975
f 1907//1907 1906//1906 1976//1976
f 1907//1907 1976//1976 1977//1977
f 1977//1977 1978//1978 1979//1979
f 1914//1914 1913//1913 1980//1980
f 1918//1918 1917//1917 1981//1981
f 1982//1982 1916//1916 1868//1868
f 1921//1921 1920//1920 1983//1983
f 1984//1984 1985//1985 1986//1986
f 1987//1987 1988//1988 1989//1989
f 1924//1924 1923//1923 1990//1990
f 1926//1926 1991//1991 1873//1873
f 1927//1927 1992//1992 1928//1928
f 1929//1929 1928//1928 1932//1932
f 1930//1930 1939//1939 1931//1931
f 1927//1927 1931//1931 1992//1992
f 1933//1933 1932//1932 1940//1940
f 1993//1993 1875//1875 1934//1934
f 1994//1994 1995//1995 1996//1996
f 1993//1993 1997//1997 1875//1875
f 1950//1950 1949//1949 1998//1998
f 1884//1884 1944//1944 1938//1938
f 1938//1938 1999//1999 1939//1939
f 1938//1938 1944//1944 2000//2000
f 1883//1883 2001//2001 1942//1942
f 1943//1943 2002//2002 1941//1941
f 2002//2002 1943//1943 2003//2003
f 2002//2002 2003//2003 2004//2004
f 1946//1946 1945//1945 2005//2005
f 1764//1764 1952//1952 2006//2006
f 1954//1954 1953//1953 2007//2007
f 2008//2008 2009//2009 2010//2010
f 1954//1954 2007//2007 2011//2011
f 2011//2011 2012//2012 1962//1962
f 1962//1962 2012//2012 1963//1963
f 2013//2013 2014//2014 2015//2015
f 1965//1965 1964//1964 2016//2016
f 1971//1971 1970//1970 2017//2017
f 1968//1968 1967//1967 2018//2018
f 2014//2014 2013//2013 2019//2019
f 1974//1974 1973//1973 2020//2020
f 2021//2021 2022//2022 2023//2023
f 1977//1977 1976//1976 1978//1978
f 1979//1979 1978//1978 2024//2024
f 2025//2025 1916//1916 1982//1982
f 1985//1985 1984//1984 2026//2026
f 2027//2027 2028//2028 2029//2029
f 1988//1988 1987//1987 2030//2030
f 1926//1926 2031//2031 1991//1991
f 2032//2032 2033//2033 2034//2034
f 1995//1995 1994//1994 2035//2035
f 2036//2036 1997//1997 1993//1993
f 2037//2037 1952//1952 1997//1997
f 1938//1938 2000//2000 1999//1999
f 2038//2038 2001//2001 1883//1883
f 2002//2002 2004//2004 2039//2039
f 2038//2038 2040//2040 2001//2001
f 2006//2006 1952//1952 2041//2041
f 2009//2009 2008//2008 2042//2042
f 2011//2011 2007//2007 2012//2012
f 2043//2043 2044//2044 2045//2045
f 2046//2046 2047//2047 2048//2048
f 2049//2049 2050//2050 2046//2046
f 2048//2048 2051//2051 2052//2052
f 2053//2053 2054//2054 2049//2049
f 2052//2052 2055//2055 2025//2025
f 2022//2022 2021//2021 2056//2056
f 2025//2025 2055//2055 1916//1916
f 2028//2028 2027//2027 2057//2057
f 2058//2058 2031//2031 1926//1926
f 2033//2033 2032//2032 2059//2059
f 2060//2060 2061//2061 2031//2031
f 2062//2062 1997//1997 2036//2036
f 2063//2063 2064//2064 2065//2065
f 2066//2066 1952//1952 2037//2037
f 2037//2037 1997//1997 2067//2067
f 2002//2002 2039//2039 2068//2068
f 2038//2038 2069//2069 2040//2040
f 2038//2038 2068//2068 2069//2069
f 2041//2041 1952//1952 2066//2066
f 2070//2070 2071//2071 2072//2072
f 2044//2044 2043//2043 2073//2073
f 2046//2046 2050//2050 2047//2047
f 2048//2048 2047//2047 2051//2051
f 2049//2049 2054//2054 2050//2050
f 2052//2052 2051//2051 2055//2055
f 2053//2053 2074//2074 2054//2054
f 2075//2075 2076//2076 2077//2077
f 2060//2060 2031//2031 2058//2058
f 2002//2002 2068//2068 2038//2038
f 2060//2060 2078//2078 2061//2061
f 2067//2067 1997//1997 2062//2062
f 2079//2079 2080//2080 2081//2081
f 2064//2064 2063//2063 2082//2082
f 2083//2083 2084//2084 2085//2085
f 2086//2086 2087//2087 2088//2088
f 2066//2066 2089//2089 2041//2041
f 2071//2071 2070//2070 2090//2090
f 2089//2089 2091//2091 2053//2053
f 2092//2092 2093//2093 2094//2094
f 2095//2095 2096//2096 2097//2097
f 2098//2098 2099//2099 2100//2100
f 2076//2076 2075//2075 2101//2101
f 2053//2053 2091//2091 2074//2074
f 2102//2102 2103//2103 2104//2104
f 2105//2105 2078//2078 2060//2060
f 2106//2106 2107//2107 2108//2108
f 2080//2080 2079//2079 2109//2109
f 2107//2107 2106//2106 2110//2110
f 2111//2111 2112//2112 2078//2078
f 2084//2084 2083//2083 2113//2113
f 2114//2114 2115//2115 2116//2116
f 2087//2087 2086//2086 2117//2117
f 2089//2089 2066//2066 2091//2091
f 2093//2093 2092//2092 2118//2118
f 2099//2099 2098//2098 2119//2119
f 2096//2096 2095//2095 2120//2120
f 2121//2121 2122//2122 2123//2123
f 2103//2103 2102//2102 2124//2124
f 2111//2111 2078//2078 2105//2105
f 2125//2125 2126//2126 2112//2112
f 2127//2127 2128//2128 2126//2126
f 2125//2125 2112//2112 2111//2111
f 2129//2129 2130//2130 2131//2131
f 2115//2115 2114//2114 2132//2132
f 2130//2130 2129//2129 2128//2128
f 2122//2122 2121//2121 2133//2133
f 2127//2127 2126//2126 2125//2125
f 2130//2130 2128//2128 2127//2127
f 2134//2134 2135//2135 2136//2136
f 2137//2137 2136//2136 2135//2135
f 2138//2138 2139//2139 2140//2140
f 2141//2141 2142//2142 2143//2143
f 2144//2144 2145//2145 2146//2146
f 2147//2147 2148//2148 2149//2149
f 2150//2150 2140//2140 2139//2139
f 2143//2143 2151//2151 2152//2152
f 2142//2142 2153//2153 2143//2143
f 2154//2154 2142//2142 2141//2141
f 2155//2155 2146//2146 2145//2145
f 2156//2156 2157//2157 2141//2141
f 2149//2149 2148//2148 2158//2158
f 2159//2159 2147//2147 2149//2149
f 2148//2148 2160//2160 2161//2161
f 2162//2162 2163//2163 2164//2164
f 2151//2151 2165//2165 2152//2152
f 2153//2153 2151//2151 2143//2143
f 2166//2166 2167//2167 2168//2168
f 2169//2169 2170//2170 2171//2171
f 2172//2172 2154//2154 2141//2141
f 2173//2173 2174//2174 2175//2175
f 2176//2176 2147//2147 2159//2159
f 2141//2141 2157//2157 2177//2177
f 2178//2178 2157//2157 2156//2156
f 2158//2158 2148//2148 2179//2179
f 2180//2180 2181//2181 2182//2182
f 2183//2183 2184//2184 2185//2185
f 2161//2161 2160//2160 2186//2186
f 2187//2187 2148//2148 2161//2161
f 2188//2188 2164//2164 2163//2163
f 2152//2152 2189//2189 2190//2190
f 2165//2165 2189//2189 2152//2152
f 2191//2191 2192//2192 2193//2193
f 2194//2194 2195//2195 2196//2196
f 2197//2197 2168//2168 2167//2167
f 2198//2198 2196//2196 2195//2195
f 2199//2199 2171//2171 2170//2170
f 2200//2200 2201//2201 2202//2202
f 2203//2203 2202//2202 2201//2201
f 2204//2204 2172//2172 2141//2141
f 2205//2205 2175//2175 2174//2174
f 2206//2206 2178//2178 2156//2156
f 2207//2207 2176//2176 2159//2159
f 2177//2177 2157//2157 2208//2208
f 2177//2177 2209//2209 2141//2141
f 2210//2210 2211//2211 2212//2212
f 2179//2179 2148//2148 2213//2213
f 2179//2179 2214//2214 2158//2158
f 2215//2215 2182//2182 2181//2181
f 2216//2216 2217//2217 2218//2218
f 2219//2219 2185//2185 2184//2184
f 2186//2186 2160//2160 2220//2220
f 2221//2221 2222//2222 2223//2223
f 2213//2213 2148//2148 2187//2187
f 2224//2224 2225//2225 2226//2226
f 2160//2160 2227//2227 2220//2220
f 2228//2228 2229//2229 2230//2230
f 2189//2189 2231//2231 2190//2190
f 2232//2232 2233//2233 2234//2234
f 2235//2235 2193//2193 2192//2192
f 2236//2236 2234//2234 2233//2233
f 2237//2237 2238//2238 2239//2239
f 2239//2239 2240//2240 2241//2241
f 2242//2242 2243//2243 2237//2237
f 2244//2244 2245//2245 2242//2242
f 2246//2246 2247//2247 2248//2248
f 2249//2249 2248//2248 2247//2247
f 2209//2209 2204//2204 2141//2141
f 2250//2250 2251//2251 2252//2252
f 2253//2253 2176//2176 2207//2207
f 2254//2254 2178//2178 2206//2206
f 2255//2255 2212//2212 2211//2211
f 2157//2157 2256//2256 2208//2208
f 2257//2257 2258//2258 2259//2259
f 2260//2260 2261//2261 2262//2262
f 2214//2214 2263//2263 2158//2158
f 2264//2264 2265//2265 2266//2266
f 2256//2256 2267//2267 2268//2268
f 2269//2269 2218//2218 2217//2217
f 2267//2267 2270//2270 2271//2271
f 2272//2272 2273//2273 2274//2274
f 2275//2275 2223//2223 2222//2222
f 2276//2276 2274//2274 2273//2273
f 2277//2277 2278//2278 2279//2279
f 2280//2280 2226//2226 2225//2225
f 2220//2220 2227//2227 2281//2281
f 2282//2282 2230//2230 2229//2229
f 2190//2190 2283//2283 2284//2284
f 2231//2231 2285//2285 2190//2190
f 2286//2286 2287//2287 2288//2288
f 2289//2289 2288//2288 2287//2287
f 2241//2241 2290//2290 2291//2291
f 2291//2291 2292//2292 2293//2293
f 2238//2238 2240//2240 2239//2239
f 2243//2243 2238//2238 2237//2237
f 2240//2240 2290//2290 2241//2241
f 2245//2245 2243//2243 2242//2242
f 2294//2294 2245//2245 2244//2244
f 2295//2295 2296//2296 2297//2297
f 2204//2204 2209//2209 2298//2298
f 2299//2299 2252//2252 2251//2251
f 2300//2300 2254//2254 2206//2206
f 2301//2301 2253//2253 2207//2207
f 2302//2302 2259//2259 2258//2258
f 2208//2208 2256//2256 2303//2303
f 2304//2304 2262//2262 2261//2261
f 2305//2305 2279//2279 2278//2278
f 2158//2158 2263//2263 2306//2306
f 2307//2307 2308//2308 2309//2309
f 2310//2310 2266//2266 2265//2265
f 2268//2268 2267//2267 2271//2271
f 2311//2311 2256//2256 2268//2268
f 2312//2312 2313//2313 2314//2314
f 2271//2271 2270//2270 2315//2315
f 2316//2316 2317//2317 2318//2318
f 2319//2319 2320//2320 2321//2321
f 2320//2320 2322//2322 2323//2323
f 2324//2324 2319//2319 2325//2325
f 2281//2281 2227//2227 2326//2326
f 2227//2227 2327//2327 2326//2326
f 2328//2328 2329//2329 2330//2330
f 2331//2331 2284//2284 2283//2283
f 2332//2332 2283//2283 2190//2190
f 2285//2285 2332//2332 2190//2190
f 2333//2333 2334//2334 2335//2335
f 2336//2336 2335//2335 2334//2334
f 2293//2293 2337//2337 2338//2338
f 2290//2290 2292//2292 2291//2291
f 2292//2292 2337//2337 2293//2293
f 2339//2339 2340//2340 2341//2341
f 2342//2342 2343//2343 2344//2344
f 2345//2345 2346//2346 2347//2347
f 2348//2348 2349//2349 2350//2350
f 2351//2351 2297//2297 2296//2296
f 2209//2209 2352//2352 2298//2298
f 2353//2353 2354//2354 2355//2355
f 2356//2356 2253//2253 2301//2301
f 2357//2357 2254//2254 2300//2300
f 2358//2358 2359//2359 2360//2360
f 2303//2303 2256//2256 2311//2311
f 2361//2361 2362//2362 2363//2363
f 2362//2362 2364//2364 2365//2365
f 2366//2366 2324//2324 2367//2367
f 2263//2263 2368//2368 2306//2306
f 2369//2369 2309//2309 2308//2308
f 2367//2367 2324//2324 2325//2325
f 2370//2370 2314//2314 2313//2313
f 2270//2270 2371//2371 2372//2372
f 2315//2315 2270//2270 2372//2372
f 2373//2373 2318//2318 2317//2317
f 2321//2321 2320//2320 2374//2374
f 2325//2325 2319//2319 2321//2321
f 2323//2323 2322//2322 2375//2375
f 2376//2376 2320//2320 2323//2323
f 2377//2377 2378//2378 2379//2379
f 2326//2326 2327//2327 2380//2380
f 2381//2381 2330//2330 2329//2329
f 2284//2284 2382//2382 2383//2383
f 2331//2331 2384//2384 2284//2284
f 2385//2385 2386//2386 2387//2387
f 2388//2388 2389//2389 2390//2390
f 2391//2391 2392//2392 2393//2393
f 2338//2338 2394//2394 2395//2395
f 2337//2337 2394//2394 2338//2338
f 2396//2396 2397//2397 2398//2398
f 2399//2399 2400//2400 2401//2401
f 2402//2402 2341//2341 2340//2340
f 2403//2403 2347//2347 2346//2346
f 2404//2404 2344//2344 2343//2343
f 2405//2405 2350//2350 2349//2349
f 2298//2298 2352//2352 2406//2406
f 2407//2407 2355//2355 2354//2354
f 2408//2408 2356//2356 2301//2301
f 2409//2409 2360//2360 2359//2359
f 2363//2363 2362//2362 2365//2365
f 2365//2365 2364//2364 2410//2410
f 2368//2368 2411//2411 2306//2306
f 2412//2412 2413//2413 2414//2414
f 2415//2415 2416//2416 2417//2417
f 2306//2306 2411//2411 2418//2418
f 2372//2372 2371//2371 2419//2419
f 2322//2322 2420//2420 2421//2421
f 2374//2374 2320//2320 2422//2422
f 2423//2423 2414//2414 2413//2413
f 2375//2375 2322//2322 2421//2421
f 2424//2424 2425//2425 2426//2426
f 2422//2422 2320//2320 2376//2376
f 2427//2427 2428//2428 2429//2429
f 2430//2430 2379//2379 2378//2378
f 2327//2327 2431//2431 2380//2380
f 2432//2432 2433//2433 2434//2434
f 2435//2435 2436//2436 2437//2437
f 2382//2382 2438//2438 2383//2383
f 2384//2384 2382//2382 2284//2284
f 2439//2439 2384//2384 2331//2331
f 2440//2440 2387//2387 2386//2386
f 2441//2441 2390//2390 2389//2389
f 2442//2442 2393//2393 2392//2392
f 2394//2394 2443//2443 2395//2395
f 2444//2444 2445//2445 2446//2446
f 2447//2447 2398//2398 2397//2397
f 2448//2448 2401//2401 2400//2400
f 2449//2449 2450//2450 2451//2451
f 2451//2451 2452//2452 2453//2453
f 2406//2406 2454//2454 2449//2449
f 2352//2352 2454//2454 2406//2406
f 2364//2364 2455//2455 2410//2410
f 2456//2456 2457//2457 2458//2458
f 2459//2459 2460//2460 2461//2461
f 2455//2455 2459//2459 2462//2462
f 2463//2463 2417//2417 2416//2416
f 2384//2384 2464//2464 2371//2371
f 2411//2411 2465//2465 2418//2418
f 2419//2419 2371//2371 2466//2466
f 2460//2460 2467//2467 2468//2468
f 2421//2421 2420//2420 2469//2469
f 2422//2422 2470//2470 2374//2374
f 2471//2471 2472//2472 2473//2473
f 2474//2474 2426//2426 2425//2425
f 2475//2475 2473//2473 2472//2472
f 2476//2476 2477//2477 2478//2478
f 2479//2479 2429//2429 2428//2428
f 2420//2420 2480//2480 2481//2481
f 2380//2380 2431//2431 2482//2482
f 2483//2483 2434//2434 2433//2433
f 2484//2484 2437//2437 2436//2436
f 2383//2383 2485//2485 2486//2486
f 2438//2438 2485//2485 2383//2383
f 2487//2487 2488//2488 2489//2489
f 2490//2490 2491//2491 2492//2492
f 2493//2493 2384//2384 2439//2439
f 2494//2494 2495//2495 2496//2496
f 2497//2497 2498//2498 2499//2499
f 2500//2500 2501//2501 2498//2498
f 2395//2395 2443//2443 2500//2500
f 2502//2502 2503//2503 2504//2504
f 2505//2505 2446//2446 2445//2445
f 2453//2453 2506//2506 2507//2507
f 2507//2507 2508//2508 2509//2509
f 2450//2450 2452//2452 2451//2451
f 2454//2454 2450//2450 2449//2449
f 2452//2452 2506//2506 2453//2453
f 2410//2410 2455//2455 2462//2462
f 2510//2510 2458//2458 2457//2457
f 2461//2461 2460//2460 2468//2468
f 2462//2462 2459//2459 2461//2461
f 2511//2511 2492//2492 2491//2491
f 2418//2418 2465//2465 2512//2512
f 2513//2513 2371//2371 2464//2464
f 2464//2464 2384//2384 2514//2514
f 2515//2515 2516//2516 2517//2517
f 2466//2466 2371//2371 2518//2518
f 2467//2467 2519//2519 2520//2520
f 2468//2468 2467//2467 2520//2520
f 2469//2469 2420//2420 2481//2481
f 2521//2521 2522//2522 2523//2523
f 2374//2374 2470//2470 2524//2524
f 2525//2525 2526//2526 2527//2527
f 2528//2528 2523//2523 2522//2522
f 2529//2529 2530//2530 2531//2531
f 2530//2530 2532//2532 2533//2533
f 2534//2534 2478//2478 2477//2477
f 2535//2535 2529//2529 2536//2536
f 2481//2481 2480//2480 2537//2537
f 2482//2482 2431//2431 2538//2538
f 2539//2539 2540//2540 2541//2541
f 2480//2480 2542//2542 2537//2537
f 2431//2431 2543//2543 2538//2538
f 2544//2544 2545//2545 2546//2546
f 2486//2486 2485//2485 2547//2547
f 2548//2548 2549//2549 2550//2550
f 2551//2551 2489//2489 2488//2488
f 2552//2552 2550//2550 2549//2549
f 2514//2514 2384//2384 2493//2493
f 2553//2553 2554//2554 2555//2555
f 2556//2556 2496//2496 2495//2495
f 2501//2501 2499//2499 2498//2498
f 2443//2443 2501//2501 2500//2500
f 2557//2557 2504//2504 2503//2503
f 2558//2558 2559//2559 2560//2560
f 2509//2509 2561//2561 2562//2562
f 2506//2506 2508//2508 2507//2507
f 2508//2508 2561//2561 2509//2509
f 2512//2512 2563//2563 2564//2564
f 2465//2465 2565//2565 2512//2512
f 2518//2518 2371//2371 2513//2513
f 2566//2566 2464//2464 2514//2514
f 2567//2567 2517//2517 2516//2516
f 2519//2519 2568//2568 2569//2569
f 2520//2520 2519//2519 2569//2569
f 2570//2570 2571//2571 2572//2572
f 2470//2470 2573//2573 2524//2524
f 2574//2574 2527//2527 2526//2526
f 2532//2532 2575//2575 2576//2576
f 2531//2531 2530//2530 2533//2533
f 2536//2536 2529//2529 2531//2531
f 2533//2533 2532//2532 2576//2576
f 2577//2577 2578//2578 2579//2579
f 2580//2580 2581//2581 2582//2582
f 2583//2583 2541//2541 2540//2540
f 2537//2537 2542//2542 2584//2584
f 2538//2538 2543//2543 2585//2585
f 2586//2586 2546//2546 2545//2545
f 2485//2485 2587//2587 2547//2547
f 2588//2588 2589//2589 2590//2590
f 2564//2564 2591//2591 2592//2592
f 2592//2592 2593//2593 2594//2594
f 2595//2595 2560//2560 2559//2559
f 2596//2596 2555//2555 2554//2554
f 2562//2562 2597//2597 2514//2514
f 2561//2561 2598//2598 2562//2562
f 2563//2563 2591//2591 2564//2564
f 2565//2565 2563//2563 2512//2512
f 2599//2599 2600//2600 2601//2601
f 2597//2597 2566//2566 2514//2514
f 2524//2524 2602//2602 2603//2603
f 2568//2568 2604//2604 2605//2605
f 2604//2604 2606//2606 2607//2607
f 2569//2569 2568//2568 2605//2605
f 2608//2608 2572//2572 2571//2571
f 2573//2573 2602//2602 2524//2524
f 2609//2609 2610//2610 2611//2611
f 2576//2576 2575//2575 2612//2612
f 2613//2613 2611//2611 2610//2610
f 2614//2614 2615//2615 2616//2616
f 2617//2617 2579//2579 2578//2578
f 2618//2618 2582//2582 2581//2581
f 2542//2542 2619//2619 2584//2584
f 2620//2620 2621//2621 2622//2622
f 2543//2543 2623//2623 2585//2585
f 2624//2624 2625//2625 2626//2626
f 2627//2627 2628//2628 2629//2629
f 2547//2547 2587//2587 2630//2630
f 2631//2631 2632//2632 2633//2633
f 2634//2634 2635//2635 2636//2636
f 2637//2637 2590//2590 2589//2589
f 2591//2591 2593//2593 2592//2592
f 2593//2593 2638//2638 2594//2594
f 2598//2598 2597//2597 2562//2562
f 2639//2639 2640//2640 2641//2641
f 2642//2642 2643//2643 2644//2644
f 2645//2645 2601//2601 2600//2600
f 2646//2646 2647//2647 2648//2648
f 2602//2602 2649//2649 2603//2603
f 2606//2606 2648//2648 2647//2647
f 2605//2605 2604//2604 2607//2607
f 2607//2607 2606//2606 2647//2647
f 2575//2575 2650//2650 2612//2612
f 2651//2651 2616//2616 2615//2615
f 2652//2652 2653//2653 2654//2654
f 2655//2655 2654//2654 2653//2653
f 2650//2650 2656//2656 2657//2657
f 2619//2619 2658//2658 2659//2659
f 2584//2584 2619//2619 2660//2660
f 2661//2661 2622//2622 2621//2621
f 2585//2585 2623//2623 2662//2662
f 2663//2663 2626//2626 2625//2625
f 2664//2664 2629//2629 2628//2628
f 2630//2630 2587//2587 2665//2665
f 2666//2666 2667//2667 2668//2668
f 2594//2594 2669//2669 2670//2670
f 2671//2671 2672//2672 2673//2673
f 2638//2638 2669//2669 2594//2594
f 2674//2674 2675//2675 2676//2676
f 2677//2677 2641//2641 2640//2640
f 2678//2678 2644//2644 2643//2643
f 2603//2603 2649//2649 2679//2679
f 2612//2612 2650//2650 2657//2657
f 2680//2680 2681//2681 2682//2682
f 2656//2656 2683//2683 2657//2657
f 2659//2659 2658//2658 2684//2684
f 2660//2660 2619//2619 2659//2659
f 2685//2685 2686//2686 2687//2687
f 2656//2656 2688//2688 2689//2689
f 2662//2662 2623//2623 2690//2690
f 2691//2691 2692//2692 2693//2693
f 2658//2658 2694//2694 2684//2684
f 2623//2623 2695//2695 2690//2690
f 2696//2696 2697//2697 2698//2698
f 2665//2665 2587//2587 2699//2699
f 2700//2700 2668//2668 2667//2667
f 2670//2670 2701//2701 2702//2702
f 2669//2669 2701//2701 2670//2670
f 2703//2703 2673//2673 2672//2672
f 2704//2704 2705//2705 2706//2706
f 2707//2707 2676//2676 2675//2675
f 2708//2708 2709//2709 2710//2710
f 2679//2679 2711//2711 2708//2708
f 2649//2649 2711//2711 2679//2679
f 2712//2712 2682//2682 2681//2681
f 2683//2683 2713//2713 2657//2657
f 2683//2683 2656//2656 2714//2714
f 2715//2715 2716//2716 2717//2717
f 2718//2718 2719//2719 2720//2720
f 2721//2721 2687//2687 2686//2686
f 2689//2689 2688//2688 2722//2722
f 2723//2723 2656//2656 2689//2689
f 2724//2724 2725//2725 2726//2726
f 2727//2727 2693//2693 2692//2692
f 2684//2684 2694//2694 2728//2728
f 2695//2695 2729//2729 2690//2690
f 2730//2730 2698//2698 2697//2697
f 2699//2699 2587//2587 2731//2731
f 2699//2699 2732//2732 2665//2665
f 2587//2587 2733//2733 2734//2734
f 2735//2735 2736//2736 2737//2737
f 2701//2701 2738//2738 2702//2702
f 2739//2739 2740//2740 2741//2741
f 2710//2710 2742//2742 2743//2743
f 2744//2744 2706//2706 2705//2705
f 2743//2743 2745//2745 2746//2746
f 2709//2709 2747//2747 2710//2710
f 2711//2711 2709//2709 2708//2708
f 2748//2748 2749//2749 2750//2750
f 2657//2657 2713//2713 2751//2751
f 2752//2752 2753//2753 2754//2754
f 2714//2714 2656//2656 2755//2755
f 2756//2756 2757//2757 2758//2758
f 2759//2759 2717//2717 2716//2716
f 2760//2760 2720//2720 2719//2719
f 2688//2688 2761//2761 2762//2762
f 2722//2722 2688//2688 2763//2763
f 2764//2764 2765//2765 2766//2766
f 2767//2767 2656//2656 2723//2723
f 2768//2768 2769//2769 2770//2770
f 2771//2771 2726//2726 2725//2725
f 2694//2694 2772//2772 2728//2728
f 2773//2773 2774//2774 2775//2775
f 2690//2690 2729//2729 2776//2776
f 2777//2777 2778//2778 2779//2779
f 2731//2731 2587//2587 2780//2780
f 2781//2781 2782//2782 2783//2783
f 2732//2732 2784//2784 2665//2665
f 2785//2785 2786//2786 2787//2787
f 2734//2734 2733//2733 2788//2788
f 2789//2789 2587//2587 2734//2734
f 2790//2790 2737//2737 2736//2736
f 2702//2702 2738//2738 2791//2791
f 2792//2792 2793//2793 2794//2794
f 2795//2795 2741//2741 2740//2740
f 2742//2742 2745//2745 2743//2743
f 2747//2747 2742//2742 2710//2710
f 2746//2746 2745//2745 2796//2796
f 2797//2797 2798//2798 2799//2799
f 2800//2800 2750//2750 2749//2749
f 2713//2713 2801//2801 2751//2751
f 2802//2802 2754//2754 2753//2753
f 2803//2803 2758//2758 2757//2757
f 2755//2755 2656//2656 2767//2767
f 2804//2804 2805//2805 2806//2806
f 2807//2807 2806//2806 2805//2805
f 2808//2808 2809//2809 2810//2810
f 2761//2761 2808//2808 2811//2811
f 2762//2762 2761//2761 2812//2812
f 2763//2763 2688//2688 2762//2762
f 2813//2813 2814//2814 2815//2815
f 2816//2816 2766//2766 2765//2765
f 2817//2817 2818//2818 2819//2819
f 2820//2820 2770//2770 2769//2769
f 2772//2772 2821//2821 2822//2822
f 2823//2823 2824//2824 2825//2825
f 2728//2728 2772//2772 2822//2822
f 2826//2826 2775//2775 2774//2774
f 2729//2729 2827//2827 2776//2776
f 2828//2828 2779//2779 2778//2778
f 2665//2665 2829//2829 2830//2830
f 2780//2780 2587//2587 2831//2831
f 2832//2832 2833//2833 2834//2834
f 2835//2835 2783//2783 2782//2782
f 2836//2836 2834//2834 2833//2833
f 2784//2784 2837//2837 2665//2665
f 2838//2838 2839//2839 2840//2840
f 2841//2841 2787//2787 2786//2786
f 2788//2788 2733//2733 2842//2842
f 2843//2843 2844//2844 2845//2845
f 2846//2846 2587//2587 2789//2789
f 2847//2847 2848//2848 2849//2849
f 2850//2850 2851//2851 2733//2733
f 2852//2852 2853//2853 2854//2854
f 2738//2738 2855//2855 2791//2791
f 2856//2856 2794//2794 2793//2793
f 2796//2796 2857//2857 2858//2858
f 2859//2859 2860//2860 2861//2861
f 2862//2862 2863//2863 2864//2864
f 2745//2745 2865//2865 2796//2796
f 2866//2866 2799//2799 2798//2798
f 2801//2801 2867//2867 2751//2751
f 2868//2868 2869//2869 2870//2870
f 2871//2871 2872//2872 2873//2873
f 2874//2874 2875//2875 2871//2871
f 2876//2876 2877//2877 2878//2878
f 2879//2879 2878//2878 2877//2877
f 2810//2810 2809//2809 2880//2880
f 2881//2881 2808//2808 2810//2810
f 2811//2811 2808//2808 2881//2881
f 2812//2812 2761//2761 2811//2811
f 2882//2882 2883//2883 2884//2884
f 2885//2885 2886//2886 2887//2887
f 2888//2888 2815//2815 2814//2814
f 2889//2889 2890//2890 2891//2891
f 2892//2892 2819//2819 2818//2818
f 2893//2893 2889//2889 2891//2891
f 2822//2822 2821//2821 2894//2894
f 2895//2895 2825//2825 2824//2824
f 2896//2896 2897//2897 2898//2898
f 2809//2809 2899//2899 2880//2880
f 2776//2776 2827//2827 2900//2900
f 2901//2901 2902//2902 2903//2903
f 2829//2829 2904//2904 2830//2830
f 2905//2905 2829//2829 2665//2665
f 2831//2831 2587//2587 2846//2846
f 2906//2906 2907//2907 2908//2908
f 2909//2909 2908//2908 2907//2907
f 2910//2910 2911//2911 2912//2912
f 2913//2913 2914//2914 2915//2915
f 2916//2916 2917//2917 2911//2911
f 2914//2914 2918//2918 2919//2919
f 2837//2837 2920//2920 2665//2665
f 2921//2921 2922//2922 2923//2923
f 2924//2924 2840//2840 2839//2839
f 2842//2842 2733//2733 2925//2925
f 2926//2926 2927//2927 2928//2928
f 2929//2929 2845//2845 2844//2844
f 2930//2930 2931//2931 2932//2932
f 2933//2933 2849//2849 2848//2848
f 2934//2934 2733//2733 2851//2851
f 2851//2851 2850//2850 2830//2830
f 2935//2935 2854//2854 2853//2853
f 2791//2791 2855//2855 2936//2936
f 2937//2937 2938//2938 2939//2939
f 2940//2940 2939//2939 2938//2938
f 2858//2858 2941//2941 2942//2942
f 2857//2857 2941//2941 2858//2858
f 2865//2865 2857//2857 2796//2796
f 2943//2943 2861//2861 2860//2860
f 2944//2944 2864//2864 2863//2863
f 2945//2945 2946//2946 2947//2947
f 2751//2751 2867//2867 2948//2948
f 2949//2949 2950//2950 2951//2951
f 2952//2952 2870//2870 2869//2869
f 2872//2872 2893//2893 2873//2873
f 2875//2875 2872//2872 2871//2871
f 2953//2953 2954//2954 2955//2955
f 2956//2956 2957//2957 2958//2958
f 2959//2959 2960//2960 2961//2961
f 2962//2962 2963//2963 2964//2964
f 2965//2965 2884//2884 2883//2883
f 2966//2966 2887//2887 2886//2886
f 2890//2890 2967//2967 2968//2968
f 2891//2891 2890//2890 2968//2968
f 2873//2873 2893//2893 2891//2891
f 2821//2821 2969//2969 2894//2894
f 2970//2970 2971//2971 2972//2972
f 2973//2973 2974//2974 2975//2975
f 2976//2976 2898//2898 2897//2897
f 2899//2899 2977//2977 2880//2880
f 2827//2827 2978//2978 2900//2900
f 2979//2979 2903//2903 2902//2902
f 2830//2830 2850//2850 2980//2980
f 2904//2904 2851//2851 2830//2830
f 2981//2981 2982//2982 2983//2983
f 2984//2984 2985//2985 2986//2986
f 2987//2987 2905//2905 2665//2665
f 2988//2988 2989//2989 2990//2990
f 2991//2991 2992//2992 2917//2917
f 2918//2918 2993//2993 2994//2994
f 2916//2916 2911//2911 2910//2910
f 2915//2915 2914//2914 2919//2919
f 2991//2991 2917//2917 2916//2916
f 2919//2919 2918//2918 2994//2994
f 2920//2920 2995//2995 2665//2665
f 2996//2996 2997//2997 2998//2998
f 2999//2999 2923//2923 2922//2922
f 2925//2925 2733//2733 3000//3000
f 3001//3001 3002//3002 3003//3003
f 3004//3004 2928//2928 2927//2927
f 3005//3005 3003//3003 3002//3002
f 3006//3006 3007//3007 3008//3008
f 3009//3009 3010//3010 3011//3011
f 3012//3012 2932//2932 2931//2931
f 3013//3013 2990//2990 2989//2989
f 3014//3014 3008//3008 3015//3015
f 3016//3016 3009//3009 3017//3017
f 3000//3000 2733//2733 2934//2934
f 3018//3018 3019//3019 3020//3020
f 2850//2850 3021//3021 2980//2980
f 3022//3022 3023//3023 3024//3024
f 2855//2855 3025//3025 2936//2936
f 3026//3026 3027//3027 3028//3028
f 2942//2942 3029//3029 3030//3030
f 2941//2941 3029//3029 2942//2942
f 3031//3031 3032//3032 3033//3033
f 3034//3034 3035//3035 3036//3036
f 3037//3037 3038//3038 3039//3039
f 2948//2948 3040//3040 3037//3037
f 3041//3041 2947//2947 2946//2946
f 2867//2867 3042//3042 2948//2948
f 3043//3043 2951//2951 2950//2950
f 3044//3044 2955//2955 2954//2954
f 3045//3045 2958//2958 2957//2957
f 3046//3046 2961//2961 2960//2960
f 3047//3047 2964//2964 2963//2963
f 3048//3048 3049//3049 3050//3050
f 2967//2967 3048//3048 2968//2968
f 2894//2894 2969//2969 3051//3051
f 3052//3052 2972//2972 2971//2971
f 3053//3053 2975//2975 2974//2974
f 2880//2880 2977//2977 3054//3054
f 2900//2900 2978//2978 3055//3055
f 3056//3056 3057//3057 3058//3058
f 3059//3059 3060//3060 3061//3061
f 3062//3062 2983//2983 2982//2982
f 3063//3063 2986//2986 2985//2985
f 3064//3064 3065//3065 3066//3066
f 3067//3067 2987//2987 2665//2665
f 3068//3068 2992//2992 2991//2991
f 2994//2994 2993//2993 3069//3069
f 2995//2995 3070//3070 2665//2665
f 3071//3071 3072//3072 3073//3073
f 3074//3074 2998//2998 2997//2997
f 3075//3075 3073//3073 3072//3072
f 3076//3076 3077//3077 3078//3078
f 3079//3079 3078//3078 3077//3077
f 3080//3080 3081//3081 3007//3007
f 3010//3010 3082//3082 3083//3083
f 3084//3084 3085//3085 3081//3081
f 3082//3082 3086//3086 3087//3087
f 3080//3080 3007//3007 3006//3006
f 3011//3011 3010//3010 3083//3083
f 3006//3006 3008//3008 3014//3014
f 3017//3017 3009//3009 3011//3011
f 3068//3068 3015//3015 3088//3088
f 3089//3089 3016//3016 3069//3069
f 3068//3068 3088//3088 2992//2992
f 2993//2993 3089//3089 3069//3069
f 3014//3014 3015//3015 3090//3090
f 3091//3091 3016//3016 3017//3017
f 3092//3092 3093//3093 3094//3094
f 3095//3095 3020//3020 3019//3019
f 3096//3096 3061//3061 3060//3060
f 2980//2980 3021//3021 3097//3097
f 3098//3098 3024//3024 3023//3023
f 2936//2936 3099//3099 3100//3100
f 3025//3025 3099//3099 2936//2936
f 3101//3101 3028//3028 3027//3027
f 3030//3030 3102//3102 3103//3103
f 3029//3029 3102//3102 3030//3030
f 3104//3104 3105//3105 3106//3106
f 3107//3107 3033//3033 3032//3032
f 3108//3108 3036//3036 3035//3035
f 3038//3038 3109//3109 3039//3039
f 3040//3040 3038//3038 3037//3037
f 3042//3042 3040//3040 2948//2948
f 3039//3039 3110//3110 3111//3111
f 3112//3112 3113//3113 3114//3114
f 3115//3115 3116//3116 3117//3117
f 3118//3118 3119//3119 3120//3120
f 3121//3121 3115//3115 3122//3122
f 3123//3123 3121//3121 3122//3122
f 3049//3049 3123//3123 3050//3050
f 2968//2968 3048//3048 3050//3050
f 2969//2969 3124//3124 3051//3051
f 3125//3125 3126//3126 3127//3127
f 2977//2977 3128//3128 3054//3054
f 3129//3129 3130//3130 3131//3131
f 2978//2978 3132//3132 3055//3055
f 3133//3133 3058//3058 3057//3057
f 3134//3134 3135//3135 3136//3136
f 3137//3137 3138//3138 3139//3139
f 3136//3136 3085//3085 3084//3084
f 3087//3087 3086//3086 3137//3137
f 3140//3140 3066//3066 3065//3065
f 3141//3141 3142//3142 3143//3143
f 3070//3070 3067//3067 2665//2665
f 3144//3144 3145//3145 3146//3146
f 3147//3147 3146//3146 3145//3145
f 3090//3090 3015//3015 3068//3068
f 3069//3069 3016//3016 3091//3091
f 3148//3148 3094//3094 3093//3093
f 3136//3136 3135//3135 3085//3085
f 3086//3086 3138//3138 3137//3137
f 3084//3084 3081//3081 3080//3080
f 3083//3083 3082//3082 3087//3087
f 3149//3149 3143//3143 3142//3142
f 3150//3150 3151//3151 3152//3152
f 3153//3153 3134//3134 3154//3154
f 3155//3155 3139//3139 3156//3156
f 3021//3021 3157//3157 3097//3097
f 3158//3158 3159//3159 3160//3160
f 3099//3099 3161//3161 3100//3100
f 3162//3162 3163//3163 3164//3164
f 3165//3165 3164//3164 3163//3163
f 3102//3102 3166//3166 3103//3103
f 3167//3167 3168//3168 3169//3169
f 3170//3170 3106//3106 3105//3105
f 3171//3171 3172//3172 3173//3173
f 3111//3111 3110//3110 3171//3171
f 3109//3109 3110//3110 3039//3039
f 3174//3174 3175//3175 3176//3176
f 3177//3177 3178//3178 3179//3179
f 3180//3180 3181//3181 3182//3182
f 3183//3183 3114//3114 3113//3113
f 3117//3117 3116//3116 3184//3184
f 3122//3122 3115//3115 3117//3117
f 3185//3185 3120//3120 3119//3119
f 3050//3050 3123//3123 3122//3122
f 3051//3051 3124//3124 3186//3186
f 3187//3187 3127//3127 3126//3126
f 3054//3054 3128//3128 3188//3188
f 3189//3189 3131//3131 3130//3130
f 3132//3132 3190//3190 3055//3055
f 3191//3191 3192//3192 3193//3193
f 3134//3134 3153//3153 3135//3135
f 3138//3138 3156//3156 3139//3139
f 3194//3194 3152//3152 3151//3151
f 3097//3097 3157//3157 3195//3195
f 3196//3196 3160//3160 3159//3159
f 3100//3100 3161//3161 3197//3197
f 3198//3198 3199//3199 3200//3200
f 3103//3103 3166//3166 3201//3201
f 3202//3202 3203//3203 3204//3204
f 3205//3205 3169//3169 3168//3168
f 3206//3206 3204//3204 3203//3203
f 3173//3173 3207//3207 3208//3208
f 3172//3172 3207//3207 3173//3173
f 3209//3209 3172//3172 3171//3171
f 3110//3110 3210//3210 3171//3171
f 3211//3211 3212//3212 3213//3213
f 3214//3214 3176//3176 3175//3175
f 3215//3215 3179//3179 3178//3178
f 3216//3216 3182//3182 3181//3181
f 3184//3184 3116//3116 3217//3217
f 3116//3116 3218//3218 3219//3219
f 3220//3220 3221//3221 3222//3222
f 3124//3124 3223//3223 3186//3186
f 3224//3224 3225//3225 3226//3226
f 3128//3128 3227//3227 3188//3188
f 3228//3228 3222//3222 3221//3221
f 3229//3229 3230//3230 3231//3231
f 3055//3055 3190//3190 3232//3232
f 3233//3233 3193//3193 3192//3192
f 3157//3157 3234//3234 3195//3195
f 3235//3235 3236//3236 3237//3237
f 3161//3161 3238//3238 3197//3197
f 3239//3239 3200//3200 3199//3199
f 3166//3166 3240//3240 3201//3201
f 3241//3241 3242//3242 3243//3243
f 3208//3208 3244//3244 3245//3245
f 3245//3245 3246//3246 3247//3247
f 3207//3207 3244//3244 3208//3208
f 3248//3248 3249//3249 3250//3250
f 3251//3251 3252//3252 3253//3253
f 3210//3210 3209//3209 3171//3171
f 3254//3254 3255//3255 3256//3256
f 3257//3257 3213//3213 3212//3212
f 3217//3217 3116//3116 3258//3258
f 3219//3219 3218//3218 3259//3259
f 3260//3260 3116//3116 3219//3219
f 3218//3218 3261//3261 3259//3259
f 3223//3223 3262//3262 3186//3186
f 3263//3263 3226//3226 3225//3225
f 3188//3188 3227//3227 3264//3264
f 3265//3265 3266//3266 3267//3267
f 3268//3268 3231//3231 3230//3230
f 3190//3190 3269//3269 3232//3232
f 3270//3270 3271//3271 3272//3272
f 3195//3195 3234//3234 3273//3273
f 3274//3274 3237//3237 3236//3236
f 3197//3197 3238//3238 3275//3275
f 3276//3276 3277//3277 3278//3278
f 3201//3201 3279//3279 3280//3280
f 3240//3240 3279//3279 3201//3201
f 3281//3281 3243//3243 3242//3242
f 3247//3247 3282//3282 3283//3283
f 3244//3244 3246//3246 3245//3245
f 3246//3246 3282//3282 3247//3247
f 3284//3284 3285//3285 3286//3286
f 3287//3287 3250//3250 3249//3249
f 3288//3288 3253//3253 3252//3252
f 3289//3289 3290//3290 3291//3291
f 3292//3292 3291//3291 3290//3290
f 3293//3293 3256//3256 3255//3255
f 3258//3258 3116//3116 3294//3294
f 3295//3295 3286//3286 3285//3285
f 3294//3294 3116//3116 3260//3260
f 3259//3259 3261//3261 3296//3296
f 3186//3186 3262//3262 3297//3297
f 3227//3227 3298//3298 3264//3264
f 3299//3299 3300//3300 3301//3301
f 3302//3302 3267//3267 3266//3266
f 3303//3303 3304//3304 3305//3305
f 3232//3232 3269//3269 3306//3306
f 3307//3307 3272//3272 3271//3271
f 3234//3234 3308//3308 3273//3273
f 3309//3309 3310//3310 3311//3311
f 3238//3238 3312//3312 3275//3275
f 3313//3313 3278//3278 3277//3277
f 3279//3279 3314//3314 3280//3280
f 3315//3315 3316//3316 3317//3317
f 3282//3282 3318//3318 3283//3283
f 3319//3319 3320//3320 3321//3321
f 3322//3322 3323//3323 3324//3324
f 3325//3325 3321//3321 3320//3320
f 3296//3296 3261//3261 3326//3326
f 3262//3262 3327//3327 3297//3297
f 3298//3298 3328//3328 3264//3264
f 3329//3329 3301//3301 3300//3300
f 3261//3261 3330//3330 3326//3326
f 3331//3331 3332//3332 3333//3333
f 3334//3334 3305//3305 3304//3304
f 3269//3269 3335//3335 3306//3306
f 3336//3336 3337//3337 3338//3338
f 3273//3273 3308//3308 3339//3339
f 3340//3340 3311//3311 3310//3310
f 3308//3308 3341//3341 3339//3339
f 3342//3342 3343//3343 3344//3344
f 3345//3345 3346//3346 3347//3347
f 3275//3275 3312//3312 3348//3348
f 3349//3349 3350//3350 3351//3351
f 3352//3352 3351//3351 3350//3350
f 3280//3280 3314//3314 3353//3353
f 3354//3354 3355//3355 3356//3356
f 3357//3357 3317//3317 3316//3316
f 3318//3318 3358//3358 3283//3283
f 3359//3359 3360//3360 3361//3361
f 3362//3362 3324//3324 3323//3323
f 3363//3363 3361//3361 3360//3360
f 3297//3297 3327//3327 3364//3364
f 3264//3264 3328//3328 3365//3365
f 3366//3366 3367//3367 3368//3368
f 3326//3326 3330//3330 3369//3369
f 3370//3370 3333//3333 3332//3332
f 3371//3371 3372//3372 3373//3373
f 3306//3306 3335//3335 3374//3374
f 3375//3375 3338//3338 3337//3337
f 3376//3376 3377//3377 3378//3378
f 3341//3341 3379//3379 3339//3339
f 3312//3312 3380//3380 3348//3348
f 3381//3381 3382//3382 3383//3383
f 3353//3353 3384//3384 3385//3385
f 3314//3314 3384//3384 3353//3353
f 3386//3386 3356//3356 3355//3355
f 3283//3283 3358//3358 3387//3387
f 3388//3388 3389//3389 3390//3390
f 3391//3391 3390//3390 3389//3389
f 3327//3327 3392//3392 3364//3364
f 3393//3393 3368//3368 3367//3367
f 3328//3328 3394//3394 3365//3365
f 3330//3330 3395//3395 3369//3369
f 3396//3396 3397//3397 3398//3398
f 3399//3399 3373//3373 3372//3372
f 3335//3335 3400//3400 3374//3374
f 3401//3401 3402//3402 3403//3403
f 3404//3404 3378//3378 3377//3377
f 3348//3348 3380//3380 3405//3405
f 3379//3379 3406//3406 3339//3339
f 3407//3407 3383//3383 3382//3382
f 3384//3384 3408//3408 3385//3385
f 3409//3409 3410//3410 3411//3411
f 3412//3412 3411//3411 3410//3410
f 3387//3387 3413//3413 3414//3414
f 3358//3358 3413//3413 3387//3387
f 3415//3415 3416//3416 3417//3417
f 3369//3369 3395//3395 3418//3418
f 3364//3364 3392//3392 3419//3419
f 3420//3420 3421//3421 3422//3422
f 3365//3365 3394//3394 3423//3423
f 3424//3424 3398//3398 3397//3397
f 3425//3425 3426//3426 3427//3427
f 3374//3374 3400//3400 3428//3428
f 3429//3429 3403//3403 3402//3402
f 3339//3339 3406//3406 3430//3430
f 3431//3431 3432//3432 3433//3433
f 3380//3380 3434//3434 3405//3405
f 3435//3435 3433//3433 3432//3432
f 3436//3436 3437//3437 3438//3438
f 3385//3385 3408//3408 3439//3439
f 3440//3440 3441//3441 3442//3442
f 3414//3414 3443//3443 3444//3444
f 3413//3413 3443//3443 3414//3414
f 3445//3445 3417//3417 3416//3416
f 3418//3418 3395//3395 3446//3446
f 3392//3392 3447//3447 3419//3419
f 3448//3448 3422//3422 3421//3421
f 3394//3394 3449//3449 3423//3423
f 3395//3395 3450//3450 3446//3446
f 3451//3451 3452//3452 3453//3453
f 3454//3454 3427//3427 3426//3426
f 3400//3400 3455//3455 3428//3428
f 3456//3456 3457//3457 3458//3458
f 3406//3406 3459//3459 3430//3430
f 3405//3405 3434//3434 3460//3460
f 3461//3461 3438//3438 3437//3437
f 3462//3462 3463//3463 3464//3464
f 3439//3439 3465//3465 3466//3466
f 3408//3408 3465//3465 3439//3439
f 3467//3467 3442//3442 3441//3441
f 3443//3443 3468//3468 3444//3444
f 3469//3469 3470//3470 3471//3471
f 3472//3472 3471//3471 3470//3470
f 3419//3419 3447//3447 3473//3473
f 3474//3474 3475//3475 3476//3476
f 3423//3423 3449//3449 3477//3477
f 3446//3446 3450//3450 3478//3478
f 3479//3479 3453//3453 3452//3452
f 3450//3450 3480//3480 3481//3481
f 3482//3482 3483//3483 3484//3484
f 3428//3428 3455//3455 3485//3485
f 3486//3486 3458//3458 3457//3457
f 3430//3430 3459//3459 3487//3487
f 3488//3488 3464//3464 3463//3463
f 3434//3434 3489//3489 3460//3460
f 3490//3490 3491//3491 3492//3492
f 3460//3460 3489//3489 3493//3493
f 3465//3465 3494//3494 3466//3466
f 3495//3495 3496//3496 3497//3497
f 3498//3498 3497//3497 3496//3496
f 3444//3444 3468//3468 3499//3499
f 3500//3500 3501//3501 3502//3502
f 3447//3447 3503//3503 3473//3473
f 3504//3504 3476//3476 3475//3475
f 3449//3449 3505//3505 3477//3477
f 3478//3478 3450//3450 3506//3506
f 3507//3507 3508//3508 3509//3509
f 3481//3481 3480//3480 3510//3510
f 3506//3506 3450//3450 3481//3481
f 3511//3511 3484//3484 3483//3483
f 3455//3455 3512//3512 3485//3485
f 3513//3513 3514//3514 3515//3515
f 3459//3459 3516//3516 3487//3487
f 3517//3517 3518//3518 3519//3519
f 3520//3520 3492//3492 3491//3491
f 3466//3466 3494//3494 3521//3521
f 3489//3489 3522//3522 3493//3493
f 3523//3523 3524//3524 3525//3525
f 3499//3499 3526//3526 3527//3527
f 3468//3468 3526//3526 3499//3499
f 3528//3528 3502//3502 3501//3501
f 3473//3473 3503//3503 3529//3529
f 3530//3530 3531//3531 3532//3532
f 3477//3477 3505//3505 3533//3533
f 3534//3534 3509//3509 3508//3508
f 3510//3510 3480//3480 3535//3535
f 3536//3536 3537//3537 3538//3538
f 3539//3539 3540//3540 3541//3541
f 3542//3542 3543//3543 3544//3544
f 3485//3485 3512//3512 3545//3545
f 3546//3546 3515//3515 3514//3514
f 3516//3516 3547//3547 3487//3487
f 3548//3548 3519//3519 3518//3518
f 3493//3493 3522//3522 3549//3549
f 3550//3550 3551//3551 3552//3552
f 3494//3494 3553//3553 3521//3521
f 3554//3554 3552//3552 3551//3551
f 3555//3555 3525//3525 3524//3524
f 3526//3526 3556//3556 3527//3527
f 3557//3557 3541//3541 3540//3540
f 3503//3503 3558//3558 3529//3529
f 3559//3559 3532//3532 3531//3531
f 3505//3505 3560//3560 3533//3533
f 3480//3480 3561//3561 3562//3562
f 3563//3563 3564//3564 3565//3565
f 3535//3535 3480//3480 3562//3562
f 3566//3566 3567//3567 3568//3568
f 3569//3569 3538//3538 3537//3537
f 3570//3570 3544//3544 3543//3543
f 3512//3512 3571//3571 3545//3545
f 3515//3515 3546//3546 3572//3572
f 3487//3487 3547//3547 3573//3573
f 3574//3574 3575//3575 3576//3576
f 3577//3577 3576//3576 3575//3575
f 3522//3522 3578//3578 3549//3549
f 3521//3521 3553//3553 3579//3579
f 3580//3580 3581//3581 3582//3582
f 3583//3583 3584//3584 3585//3585
f 3586//3586 3582//3582 3581//3581
f 3527//3527 3556//3556 3587//3587
f 3529//3529 3558//3558 3588//3588
f 3589//3589 3590//3590 3591//3591
f 3533//3533 3560//3560 3592//3592
f 3562//3562 3561//3561 3593//3593
f 3594//3594 3565//3565 3564//3564
f 3561//3561 3595//3595 3596//3596
f 3597//3597 3598//3598 3599//3599
f 3600//3600 3568//3568 3567//3567
f 3544//3544 3570//3570 3601//3601
f 3545//3545 3571//3571 3602//3602
f 3603//3603 3572//3572 3546//3546
f 3547//3547 3604//3604 3573//3573
f 3605//3605 3606//3606 3607//3607
f 3549//3549 3578//3578 3608//3608
f 3609//3609 3585//3585 3584//3584
f 3553//3553 3610//3610 3579//3579
f 3611//3611 3612//3612 3613//3613
f 3579//3579 3610//3610 3614//3614
f 3587//3587 3615//3615 3616//3616
f 3556//3556 3615//3615 3587//3587
f 3558//3558 3617//3617 3588//3588
f 3618//3618 3591//3591 3590//3590
f 3560//3560 3619//3619 3592//3592
f 3593//3593 3561//3561 3620//3620
f 3621//3621 3622//3622 3623//3623
f 3624//3624 3625//3625 3626//3626
f 3596//3596 3595//3595 3627//3627
f 3620//3620 3561//3561 3596//3596
f 3628//3628 3599//3599 3598//3598
f 3629//3629 3601//3601 3570//3570
f 3571//3571 3630//3630 3602//3602
f 3631//3631 3632//3632 3633//3633
f 3573//3573 3604//3604 3634//3634
f 3635//3635 3607//3607 3606//3606
f 3608//3608 3636//3636 3637//3637
f 3578//3578 3636//3636 3608//3608
f 3638//3638 3639//3639 3640//3640
f 3641//3641 3613//3613 3612//3612
f 3616//3616 3642//3642 3643//3643
f 3610//3610 3644//3644 3614//3614
f 3615//3615 3642//3642 3616//3616
f 3588//3588 3617//3617 3645//3645
f 3591//3591 3618//3618 3646//3646
f 3592//3592 3619//3619 3647//3647
f 3648//3648 3649//3649 3650//3650
f 3651//3651 3623//3623 3622//3622
f 3652//3652 3626//3626 3625//3625
f 3595//3595 3653//3653 3654//3654
f 3627//3627 3595//3595 3654//3654
f 3655//3655 3656//3656 3657//3657
f 3658//3658 3659//3659 3660//3660
f 3661//3661 3662//3662 3663//3663
f 3602//3602 3630//3630 3664//3664
f 3665//3665 3633//3633 3632//3632
f 3604//3604 3666//3666 3634//3634
f 3667//3667 3668//3668 3669//3669
f 3636//3636 3670//3670 3637//3637
f 3671//3671 3640//3640 3639//3639
f 3614//3614 3644//3644 3672//3672
f 3673//3673 3674//3674 3675//3675
f 3642//3642 3676//3676 3643//3643
f 3677//3677 3675//3675 3674//3674
f 3617//3617 3678//3678 3645//3645
f 3679//3679 3646//3646 3618//3618
f 3619//3619 3680//3680 3647//3647
f 3681//3681 3650//3650 3649//3649
f 3626//3626 3652//3652 3682//3682
f 3654//3654 3653//3653 3683//3683
f 3684//3684 3685//3685 3686//3686
f 3687//3687 3657//3657 3656//3656
f 3688//3688 3660//3660 3659//3659
f 3689//3689 3663//3663 3662//3662
f 3630//3630 3690//3690 3664//3664
f 3691//3691 3692//3692 3693//3693
f 3634//3634 3694//3694 3695//3695
f 3666//3666 3696//3696 3634//3634
f 3697//3697 3669//3669 3668//3668
f 3637//3637 3670//3670 3698//3698
f 3699//3699 3700//3700 3701//3701
f 3702//3702 3701//3701 3700//3700
f 3644//3644 3703//3703 3672//3672
f 3643//3643 3676//3676 3704//3704
f 3705//3705 3706//3706 3707//3707
f 3645//3645 3678//3678 3708//3708
f 3709//3709 3710//3710 3711//3711
f 3647//3647 3680//3680 3712//3712
f 3676//3676 3713//3713 3704//3704
f 3714//3714 3682//3682 3652//3652
f 3653//3653 3715//3715 3683//3683
f 3716//3716 3717//3717 3718//3718
f 3719//3719 3686//3686 3685//3685
f 3720//3720 3718//3718 3717//3717
f 3721//3721 3722//3722 3723//3723
f 3713//3713 3721//3721 3723//3723
f 3724//3724 3725//3725 3726//3726
f 3664//3664 3690//3690 3727//3727
f 3728//3728 3693//3693 3692//3692
f 3695//3695 3729//3729 3730//3730
f 3694//3694 3731//3731 3695//3695
f 3696//3696 3694//3694 3634//3634
f 3732//3732 3733//3733 3734//3734
f 3735//3735 3734//3734 3733//3733
f 3670//3670 3736//3736 3698//3698
f 3737//3737 3738//3738 3739//3739
f 3672//3672 3703//3703 3740//3740
f 3741//3741 3707//3707 3706//3706
f 3704//3704 3713//3713 3723//3723
f 3678//3678 3742//3742 3708//3708
f 3743//3743 3711//3711 3710//3710
f 3680//3680 3744//3744 3712//3712
f 3745//3745 3746//3746 3747//3747
f 3683//3683 3715//3715 3748//3748
f 3749//3749 3750//3750 3751//3751
f 3722//3722 3752//3752 3753//3753
f 3752//3752 3754//3754 3755//3755
f 3723//3723 3722//3722 3753//3753
f 3756//3756 3726//3726 3725//3725
f 3690//3690 3757//3757 3727//3727
f 3758//3758 3759//3759 3760//3760
f 3729//3729 3761//3761 3730//3730
f 3731//3731 3729//3729 3695//3695
f 3762//3762 3763//3763 3764//3764
f 3765//3765 3766//3766 3767//3767
f 3768//3768 3767//3767 3766//3766
f 3698//3698 3769//3769 3770//3770
f 3736//3736 3769//3769 3698//3698
f 3771//3771 3739//3739 3738//3738
f 3740//3740 3772//3772 3773//3773
f 3703//3703 3772//3772 3740//3740
f 3774//3774 3775//3775 3776//3776
f 3708//3708 3742//3742 3777//3777
f 3778//3778 3779//3779 3780//3780
f 3712//3712 3744//3744 3781//3781
f 3782//3782 3747//3747 3746//3746
f 3715//3715 3783//3783 3748//3748
f 3784//3784 3751//3751 3750//3750
f 3754//3754 3785//3785 3786//3786
f 3753//3753 3752//3752 3755//3755
f 3755//3755 3754//3754 3787//3787
f 3788//3788 3789//3789 3790//3790
f 3727//3727 3757//3757 3791//3791
f 3792//3792 3760//3760 3759//3759
f 3730//3730 3761//3761 3793//3793
f 3794//3794 3795//3795 3796//3796
f 3797//3797 3798//3798 3799//3799
f 3800//3800 3764//3764 3763//3763
f 3770//3770 3801//3801 3802//3802
f 3769//3769 3801//3801 3770//3770
f 3803//3803 3804//3804 3805//3805
f 3806//3806 3805//3805 3804//3804
f 3772//3772 3807//3807 3773//3773
f 3808//3808 3776//3776 3775//3775
f 3742//3742 3809//3809 3777//3777
f 3810//3810 3780//3780 3779//3779
f 3744//3744 3811//3811 3781//3781
f 3812//3812 3813//3813 3814//3814
f 3748//3748 3783//3783 3815//3815
f 3816//3816 3817//3817 3818//3818
f 3786//3786 3785//3785 3819//3819
f 3787//3787 3754//3754 3786//3786
f 3820//3820 3821//3821 3822//3822
f 3823//3823 3824//3824 3825//3825
f 3826//3826 3790//3790 3789//3789
f 3757//3757 3827//3827 3791//3791
f 3828//3828 3829//3829 3830//3830
f 3761//3761 3831//3831 3793//3793
f 3832//3832 3796//3796 3795//3795
f 3833//3833 3799//3799 3798//3798
f 3802//3802 3834//3834 3835//3835
f 3801//3801 3834//3834 3802//3802
f 3836//3836 3837//3837 3838//3838
f 3773//3773 3807//3807 3839//3839
f 3840//3840 3822//3822 3821//3821
f 3777//3777 3809//3809 3841//3841
f 3842//3842 3843//3843 3844//3844
f 3781//3781 3811//3811 3845//3845
f 3846//3846 3814//3814 3813//3813
f 3783//3783 3847//3847 3815//3815
f 3848//3848 3818//3818 3817//3817
f 3785//3785 3849//3849 3819//3819
f 3850//3850 3851//3851 3852//3852
f 3853//3853 3854//3854 3855//3855
f 3856//3856 3825//3825 3824//3824
f 3857//3857 3855//3855 3854//3854
f 3858//3858 3859//3859 3860//3860
f 3791//3791 3827//3827 3861//3861
f 3862//3862 3830//3830 3829//3829
f 3793//3793 3863//3863 3864//3864
f 3831//3831 3863//3863 3793//3793
f 3865//3865 3866//3866 3867//3867
f 3868//3868 3867//3867 3866//3866
f 3869//3869 3870//3870 3871//3871
f 3835//3835 3834//3834 3869//3869
f 3872//3872 3873//3873 3874//3874
f 3875//3875 3838//3838 3837//3837
f 3807//3807 3876//3876 3839//3839
f 3809//3809 3877//3877 3841//3841
f 3878//3878 3844//3844 3843//3843
f 3811//3811 3879//3879 3845//3845
f 3880//3880 3881//3881 3882//3882
f 3847//3847 3883//3883 3815//3815
f 3884//3884 3885//3885 3886//3886
f 3819//3819 3849//3849 3887//3887
f 3888//3888 3852//3852 3851//3851
f 3889//3889 3890//3890 3891//3891
f 3876//3876 3892//3892 3893//3893
f 3894//3894 3860//3860 3859//3859
f 3861//3861 3827//3827 3895//3895
f 3896//3896 3897//3897 3898//3898
f 3863//3863 3899//3899 3864//3864
f 3900//3900 3901//3901 3902//3902
f 3903//3903 3902//3902 3901//3901
f 3871//3871 3904//3904 3905//3905
f 3870//3870 3904//3904 3871//3871
f 3834//3834 3870//3870 3869//3869
f 3906//3906 3874//3874 3873//3873
f 3839//3839 3876//3876 3893//3893
f 3841//3841 3877//3877 3907//3907
f 3908//3908 3909//3909 3910//3910
f 3845//3845 3879//3879 3911//3911
f 3912//3912 3882//3882 3881//3881
f 3815//3815 3883//3883 3913//3913
f 3914//3914 3886//3886 3885//3885
f 3849//3849 3915//3915 3887//3887
f 3892//3892 3916//3916 3917//3917
f 3918//3918 3891//3891 3890//3890
f 3893//3893 3892//3892 3917//3917
f 3919//3919 3920//3920 3921//3921
f 3827//3827 3922//3922 3895//3895
f 3923//3923 3898//3898 3897//3897
f 3864//3864 3899//3899 3924//3924
f 3925//3925 3926//3926 3927//3927
f 3928//3928 3927//3927 3926//3926
f 3905//3905 3929//3929 3930//3930
f 3904//3904 3929//3929 3905//3905
f 3931//3931 3932//3932 3933//3933
f 3934//3934 3935//3935 3936//3936
f 3907//3907 3877//3877 3937//3937
f 3938//3938 3910//3910 3909//3909
f 3879//3879 3939//3939 3911//3911
f 3940//3940 3941//3941 3942//3942
f 3883//3883 3943//3943 3913//3913
f 3944//3944 3945//3945 3946//3946
f 3887//3887 3915//3915 3947//3947
f 3917//3917 3916//3916 3948//3948
f 3916//3916 3949//3949 3948//3948
f 3950//3950 3951//3951 3952//3952
f 3953//3953 3921//3921 3920//3920
f 3895//3895 3922//3922 3954//3954
f 3955//3955 3956//3956 3957//3957
f 3899//3899 3958//3958 3924//3924
f 3959//3959 3960//3960 3961//3961
f 3930//3930 3962//3962 3963//3963
f 3929//3929 3962//3962 3930//3930
f 3964//3964 3965//3965 3966//3966
f 3967//3967 3933//3933 3932//3932
f 3968//3968 3966//3966 3965//3965
f 3969//3969 3936//3936 3935//3935
f 3877//3877 3970//3970 3937//3937
f 3971//3971 3972//3972 3973//3973
f 3911//3911 3939//3939 3974//3974
f 3975//3975 3942//3942 3941//3941
f 3913//3913 3943//3943 3976//3976
f 3977//3977 3946//3946 3945//3945
f 3915//3915 3978//3978 3947//3947
f 3948//3948 3949//3949 3979//3979
f 3980//3980 3952//3952 3951//3951
f 3981//3981 3982//3982 3983//3983
f 3922//3922 3984//3984 3954//3954
f 3985//3985 3957//3957 3956//3956
f 3924//3924 3958//3958 3986//3986
f 3987//3987 3961//3961 3960//3960
f 3963//3963 3962//3962 3988//3988
f 3989//3989 3990//3990 3991//3991
f 3992//3992 3991//3991 3990//3990
f 3979//3979 3993//3993 3994//3994
f 3937//3937 3970//3970 3995//3995
f 3996//3996 3973//3973 3972//3972
f 3974//3974 3939//3939 3997//3997
f 3998//3998 3999//3999 4000//4000
f 3943//3943 4001//4001 3976//3976
f 4002//4002 4003//4003 4004//4004
f 3947//3947 3978//3978 4005//4005
f 3949//3949 3993//3993 3979//3979
f 4006//4006 4007//4007 4008//4008
f 4009//4009 3983//3983 3982//3982
f 3954//3954 3984//3984 4010//4010
f 4011//4011 4012//4012 4013//4013
f 3958//3958 4014//4014 3986//3986
f 4015//4015 4016//4016 4017//4017
f 3962//3962 4018//4018 3988//3988
f 4019//4019 4020//4020 4021//4021
f 3994//3994 4022//4022 4023//4023
f 3993//3993 4022//4022 3994//3994
f 3970//3970 4024//4024 3995//3995
f 4025//4025 4026//4026 4027//4027
f 3939//3939 4028//4028 3997//3997
f 4029//4029 4000//4000 3999//3999
f 3976//3976 4001//4001 4030//4030
f 4031//4031 4004//4004 4003//4003
f 3978//3978 4032//4032 4005//4005
f 4033//4033 4008//4008 4007//4007
f 4034//4034 4035//4035 4036//4036
f 3984//3984 4037//4037 4010//4010
f 4038//4038 4013//4013 4012//4012
f 3986//3986 4014//4014 4039//4039
f 4040//4040 4017//4017 4016//4016
f 3988//3988 4018//4018 4041//4041
f 4042//4042 4021//4021 4020//4020
f 4023//4023 4022//4022 4043//4043
f 3995//3995 4024//4024 4044//4044
f 4045//4045 4027//4027 4026//4026
f 3997//3997 4028//4028 4046//4046
f 4047//4047 4048//4048 4049//4049
f 4001//4001 4050//4050 4030//4030
f 4051//4051 4052//4052 4053//4053
f 4005//4005 4032//4032 4054//4054
f 4055//4055 4056//4056 4057//4057
f 4058//4058 4036//4036 4035//4035
f 4010//4010 4037//4037 4059//4059
f 4060//4060 4061//4061 4062//4062
f 4014//4014 4063//4063 4039//4039
f 4064//4064 4065//4065 4066//4066
f 4018//4018 4067//4067 4041//4041
f 4068//4068 4069//4069 4070//4070
f 4022//4022 4071//4071 4043//4043
f 4024//4024 4072//4072 4044//4044
f 4073//4073 4074//4074 4075//4075
f 4028//4028 4076//4076 4046//4046
f 4077//4077 4049//4049 4048//4048
f 4030//4030 4050//4050 4078//4078
f 4079//4079 4053//4053 4052//4052
f 4054//4054 4032//4032 4080//4080
f 4081//4081 4057//4057 4056//4056
f 4082//4082 4083//4083 4084//4084
f 4037//4037 4085//4085 4059//4059
f 4086//4086 4062//4062 4061//4061
f 4039//4039 4087//4087 4088//4088
f 4063//4063 4089//4089 4039//4039
f 4090//4090 4066//4066 4065//4065
f 4041//4041 4067//4067 4091//4091
f 4092//4092 4070//4070 4069//4069
f 4043//4043 4071//4071 4093//4093
f 4044//4044 4072//4072 4094//4094
f 4095//4095 4075//4075 4074//4074
f 4046//4046 4076//4076 4096//4096
f 4097//4097 4098//4098 4099//4099
f 4050//4050 4100//4100 4078//4078
f 4032//4032 4101//4101 4080//4080
f 4102//4102 4103//4103 4104//4104
f 4105//4105 4106//4106 4107//4107
f 4108//4108 4084//4084 4083//4083
f 4059//4059 4085//4085 4109//4109
f 4110//4110 4111//4111 4112//4112
f 4087//4087 4113//4113 4088//4088
f 4114//4114 4087//4087 4039//4039
f 4089//4089 4115//4115 4039//4039
f 4089//4089 4063//4063 4116//4116
f 4117//4117 4118//4118 4119//4119
f 4067//4067 4120//4120 4091//4091
f 4121//4121 4122//4122 4123//4123
f 4071//4071 4124//4124 4093//4093
f 4072//4072 4125//4125 4094//4094
f 4126//4126 4127//4127 4128//4128
f 4076//4076 4129//4129 4096//4096
f 4130//4130 4099//4099 4098//4098
f 4100//4100 4131//4131 4078//4078
f 4080//4080 4101//4101 4132//4132
f 4133//4133 4104//4104 4103//4103
f 4078//4078 4131//4131 4134//4134
f 4135//4135 4107//4107 4106//4106
f 4136//4136 4137//4137 4138//4138
f 4085//4085 4139//4139 4109//4109
f 4140//4140 4112//4112 4111//4111
f 4088//4088 4141//4141 4142//4142
f 4113//4113 4143//4143 4088//4088
f 4144//4144 4145//4145 4146//4146
f 4147//4147 4148//4148 4149//4149
f 4150//4150 4114//4114 4039//4039
f 4115//4115 4151//4151 4039//4039
f 4152//4152 4153//4153 4154//4154
f 4116//4116 4063//4063 4155//4155
f 4156//4156 4157//4157 4158//4158
f 4159//4159 4119//4119 4118//4118
f 4091//4091 4120//4120 4160//4160
f 4161//4161 4123//4123 4122//4122
f 4093//4093 4124//4124 4162//4162
f 4094//4094 4125//4125 4163//4163
f 4164//4164 4128//4128 4127//4127
f 4096//4096 4129//4129 4165//4165
f 4166//4166 4167//4167 4168//4168
f 4169//4169 4168//4168 4167//4167
f 4101//4101 4170//4170 4132//4132
f 4171//4171 4172//4172 4173//4173
f 4174//4174 4175//4175 4176//4176
f 4131//4131 4177//4177 4134//4134
f 4178//4178 4138//4138 4137//4137
f 4109//4109 4139//4139 4179//4179
f 4180//4180 4181//4181 4182//4182
f 4141//4141 4183//4183 4142//4142
f 4184//4184 4141//4141 4088//4088
f 4143//4143 4185//4185 4088//4088
f 4186//4186 4187//4187 4188//4188
f 4189//4189 4146//4146 4145//4145
f 4190//4190 4188//4188 4187//4187
f 4191//4191 4149//4149 4148//4148
f 4192//4192 4193//4193 4194//4194
f 4195//4195 4150//4150 4039//4039
f 4151//4151 4195//4195 4039//4039
f 4196//4196 4197//4197 4198//4198
f 4199//4199 4154//4154 4153//4153
f 4200//4200 4158//4158 4157//4157
f 4155//4155 4063//4063 4201//4201
f 4202//4202 4203//4203 4204//4204
f 4205//4205 4204//4204 4203//4203
f 4063//4063 4206//4206 4207//4207
f 4208//4208 4209//4209 4210//4210
f 4120//4120 4211//4211 4160//4160
f 4212//4212 4213//4213 4214//4214
f 4124//4124 4215//4215 4162//4162
f 4125//4125 4216//4216 4163//4163
f 4217//4217 4218//4218 4219//4219
f 4129//4129 4220//4220 4165//4165
f 4221//4221 4222//4222 4223//4223
f 4132//4132 4170//4170 4224//4224
f 4225//4225 4173//4173 4172//4172
f 4226//4226 4176//4176 4175//4175
f 4134//4134 4177//4177 4227//4227
f 4228//4228 4223//4223 4222//4222
f 4229//4229 4230//4230 4231//4231
f 4139//4139 4232//4232 4179//4179
f 4233//4233 4231//4231 4230//4230
f 4234//4234 4182//4182 4181//4181
f 4183//4183 4235//4235 4142//4142
f 4236//4236 4237//4237 4238//4238
f 4239//4239 4240//4240 4241//4241
f 4242//4242 4184//4184 4088//4088
f 4185//4185 4243//4243 4088//4088
f 4244//4244 4245//4245 4246//4246
f 4247//4247 4246//4246 4245//4245
f 4248//4248 4249//4249 4250//4250
f 4251//4251 4252//4252 4253//4253
f 4254//4254 4249//4249 4248//4248
f 4253//4253 4252//4252 4255//4255
f 4250//4250 4256//4256 4257//4257
f 4258//4258 4259//4259 4251//4251
f 4260//4260 4194//4194 4193//4193
f 4261//4261 4262//4262 4263//4263
f 4264//4264 4265//4265 4266//4266
f 4267//4267 4198//4198 4197//4197
f 4268//4268 4269//4269 4270//4270
f 4271//4271 4272//4272 4273//4273
f 4201//4201 4063//4063 4274//4274
f 4275//4275 4276//4276 4277//4277
f 4278//4278 4277//4277 4276//4276
f 4279//4279 4280//4280 4269//4269
f 4272//4272 4281//4281 4282//4282
f 4207//4207 4206//4206 4283//4283
f 4284//4284 4063//4063 4207//4207
f 4285//4285 4210//4210 4209//4209
f 4160//4160 4211//4211 4286//4286
f 4287//4287 4214//4214 4213//4213
f 4162//4162 4215//4215 4288//4288
f 4163//4163 4216//4216 4289//4289
f 4290//4290 4219//4219 4218//4218
f 4165//4165 4220//4220 4291//4291
f 4224//4224 4170//4170 4292//4292
f 4293//4293 4294//4294 4295//4295
f 4170//4170 4296//4296 4292//4292
f 4297//4297 4298//4298 4299//4299
f 4227//4227 4177//4177 4300//4300
f 4301//4301 4302//4302 4303//4303
f 4216//4216 4304//4304 4289//4289
f 4179//4179 4232//4232 4305//4305
f 4306//4306 4307//4307 4308//4308
f 4309//4309 4310//4310 4311//4311
f 4142//4142 4312//4312 4313//4313
f 4235//4235 4314//4314 4142//4142
f 4235//4235 4183//4183 4315//4315
f 4316//4316 4238//4238 4237//4237
f 4317//4317 4318//4318 4319//4319
f 4320//4320 4241//4241 4240//4240
f 4184//4184 4242//4242 4321//4321
f 4322//4322 4242//4242 4088//4088
f 4243//4243 4322//4322 4088//4088
f 4323//4323 4324//4324 4325//4325
f 4326//4326 4327//4327 4254//4254
f 4255//4255 4328//4328 4329//4329
f 4250//4250 4249//4249 4330//4330
f 4331//4331 4252//4252 4251//4251
f 4254//4254 4327//4327 4249//4249
f 4252//4252 4328//4328 4255//4255
f 4250//4250 4330//4330 4256//4256
f 4259//4259 4331//4331 4251//4251
f 4257//4257 4256//4256 4332//4332
f 4333//4333 4259//4259 4258//4258
f 4257//4257 4332//4332 4334//4334
f 4335//4335 4333//4333 4258//4258
f 4336//4336 4263//4263 4262//4262
f 4337//4337 4266//4266 4265//4265
f 4279//4279 4269//4269 4268//4268
f 4273//4273 4272//4272 4282//4282
f 4274//4274 4063//4063 4338//4338
f 4339//4339 4340//4340 4341//4341
f 4342//4342 4343//4343 4280//4280
f 4281//4281 4344//4344 4345//4345
f 4342//4342 4280//4280 4279//4279
f 4282//4282 4281//4281 4345//4345
f 4283//4283 4206//4206 4346//4346
f 4347//4347 4348//4348 4349//4349
f 4338//4338 4063//4063 4284//4284
f 4350//4350 4351//4351 4352//4352
f 4206//4206 4321//4321 4346//4346
f 4353//4353 4354//4354 4355//4355
f 4211//4211 4356//4356 4286//4286
f 4357//4357 4358//4358 4359//4359
f 4215//4215 4360//4360 4288//4288
f 4361//4361 4362//4362 4363//4363
f 4220//4220 4364//4364 4291//4291
f 4365//4365 4363//4363 4362//4362
f 4366//4366 4367//4367 4368//4368
f 4369//4369 4295//4295 4294//4294
f 4296//4296 4370//4370 4292//4292
f 4371//4371 4299//4299 4298//4298
f 4300//4300 4177//4177 4372//4372
f 4373//4373 4303//4303 4302//4302
f 4177//4177 4374//4374 4372//4372
f 4289//4289 4304//4304 4375//4375
f 4232//4232 4376//4376 4305//4305
f 4377//4377 4308//4308 4307//4307
f 4304//4304 4378//4378 4375//4375
f 4379//4379 4311//4311 4310//4310
f 4312//4312 4380//4380 4313//4313
f 4381//4381 4312//4312 4142//4142
f 4314//4314 4382//4382 4142//4142
f 4383//4383 4384//4384 4385//4385
f 4315//4315 4183//4183 4386//4386
f 4387//4387 4388//4388 4389//4389
f 4390//4390 4391//4391 4392//4392
f 4393//4393 4319//4319 4318//4318
f 4392//4392 4394//4394 4395//4395
f 4396//4396 4397//4397 4390//4390
f 4398//4398 4355//4355 4354//4354
f 4399//4399 4321//4321 4242//4242
f 4400//4400 4401//4401 4402//4402
f 4403//4403 4404//4404 4405//4405
f 4406//4406 4325//4325 4324//4324
f 4326//4326 4407//4407 4327//4327
f 4328//4328 4408//4408 4329//4329
f 4409//4409 4352//4352 4351//4351
f 4410//4410 4349//4349 4348//4348
f 4411//4411 4412//4412 4413//4413
f 4414//4414 4415//4415 4416//4416
f 4334//4334 4332//4332 4343//4343
f 4344//4344 4333//4333 4335//4335
f 4334//4334 4343//4343 4342//4342
f 4345//4345 4344//4344 4335//4335
f 4417//4417 4416//4416 4415//4415
f 4418//4418 4341//4341 4340//4340
f 4419//4419 4420//4420 4421//4421
f 4422//4422 4413//4413 4412//4412
f 4346//4346 4321//4321 4423//4423
f 4286//4286 4356//4356 4396//4396
f 4424//4424 4359//4359 4358//4358
f 4288//4288 4360//4360 4425//4425
f 4426//4426 4427//4427 4428//4428
f 4291//4291 4364//4364 4429//4429
f 4364//4364 4430//4430 4429//4429
f 4431//4431 4368//4368 4367//4367
f 4292//4292 4370//4370 4432//4432
f 4433//4433 4434//4434 4435//4435
f 4436//4436 4437//4437 4438//4438
f 4372//4372 4374//4374 4439//4439
f 4440//4440 4428//4428 4427//4427
f 4305//4305 4376//4376 4441//4441
f 4442//4442 4443//4443 4444//4444
f 4375//4375 4378//4378 4445//4445
f 4446//4446 4447//4447 4448//4448
f 4313//4313 4449//4449 4450//4450
f 4380//4380 4451//4451 4313//4313
f 4452//4452 4453//4453 4454//4454
f 4455//4455 4456//4456 4457//4457
f 4458//4458 4381//4381 4142//4142
f 4382//4382 4459//4459 4142//4142
f 4460//4460 4461//4461 4462//4462
f 4463//4463 4385//4385 4384//4384
f 4464//4464 4389//4389 4388//4388
f 4183//4183 4465//4465 4386//4386
f 4466//4466 4467//4467 4468//4468
f 4469//4469 4468//4468 4467//4467
f 4391//4391 4470//4470 4392//4392
f 4397//4397 4391//4391 4390//4390
f 4471//4471 4472//4472 4473//4473
f 4394//4394 4474//4474 4395//4395
f 4470//4470 4394//4394 4392//4392
f 4475//4475 4397//4397 4396//4396
f 4423//4423 4321//4321 4399//4399
f 4476//4476 4477//4477 4478//4478
f 4479//4479 4402//4402 4401//4401
f 4480//4480 4405//4405 4404//4404
f 4481//4481 4407//4407 4326//4326
f 4329//4329 4408//4408 4482//4482
f 4483//4483 4421//4421 4420//4420
f 4484//4484 4485//4485 4486//4486
f 4487//4487 4486//4486 4485//4485
f 4356//4356 4475//4475 4396//4396
f 4488//4488 4489//4489 4490//4490
f 4360//4360 4491//4491 4425//4425
f 4430//4430 4492//4492 4493//4493
f 4429//4429 4430//4430 4494//4494
f 4495//4495 4496//4496 4497//4497
f 4370//4370 4498//4498 4432//4432
f 4499//4499 4435//4435 4434//4434
f 4500//4500 4438//4438 4437//4437
f 4374//4374 4501//4501 4502//4502
f 4439//4439 4374//4374 4503//4503
f 4504//4504 4505//4505 4506//4506
f 4507//4507 4508//4508 4509//4509
f 4510//4510 4441//4441 4376//4376
f 4511//4511 4305//4305 4441//4441
f 4512//4512 4444//4444 4443//4443
f 4513//4513 4445//4445 4378//4378
f 4514//4514 4375//4375 4445//4445
f 4515//4515 4448//4448 4447//4447
f 4449//4449 4516//4516 4450//4450
f 4517//4517 4449//4449 4313//4313
f 4451//4451 4518//4518 4313//4313
f 4519//4519 4520//4520 4521//4521
f 4522//4522 4454//4454 4453//4453
f 4523//4523 4521//4521 4520//4520
f 4524//4524 4457//4457 4456//4456
f 4525//4525 4526//4526 4527//4527
f 4528//4528 4458//4458 4142//4142
f 4459//4459 4529//4529 4142//4142
f 4530//4530 4531//4531 4532//4532
f 4533//4533 4462//4462 4461//4461
f 4534//4534 4535//4535 4536//4536
f 4386//4386 4465//4465 4537//4537
f 4538//4538 4539//4539 4540//4540
f 4535//4535 4541//4541 4542//4542
f 4543//4543 4544//4544 4545//4545
f 4546//4546 4547//4547 4548//4548
f 4549//4549 4473//4473 4472//4472
f 4395//4395 4550//4550 4551//4551
f 4474//4474 4550//4550 4395//4395
f 4552//4552 4553//4553 4554//4554
f 4555//4555 4556//4556 4557//4557
f 4558//4558 4559//4559 4560//4560
f 4561//4561 4562//4562 4563//4563
f 4564//4564 4478//4478 4477//4477
f 4565//4565 4566//4566 4567//4567
f 4568//4568 4569//4569 4570//4570
f 4566//4566 4571//4571 4481//4481
f 4482//4482 4572//4572 4569//4569
f 4481//4481 4571//4571 4407//4407
f 4408//4408 4572//4572 4482//4482
f 4573//4573 4563//4563 4562//4562
f 4574//4574 4490//4490 4489//4489
f 4425//4425 4491//4491 4575//4575
f 4576//4576 4493//4493 4492//4492
f 4577//4577 4430//4430 4493//4493
f 4494//4494 4430//4430 4578//4578
f 4579//4579 4497//4497 4496//4496
f 4498//4498 4580//4580 4432//4432
f 4581//4581 4582//4582 4583//4583
f 4584//4584 4502//4502 4501//4501
f 4585//4585 4374//4374 4502//4502
f 4503//4503 4374//4374 4586//4586
f 4587//4587 4588//4588 4589//4589
f 4590//4590 4506//4506 4505//4505
f 4591//4591 4509//4509 4508//4508
f 4592//4592 4593//4593 4594//4594
f 4595//4595 4305//4305 4511//4511
f 4596//4596 4597//4597 4598//4598
f 4599//4599 4600//4600 4601//4601
f 4602//4602 4305//4305 4603//4603
f 4604//4604 4375//4375 4514//4514
f 4605//4605 4606//4606 4607//4607
f 4608//4608 4450//4450 4516//4516
f 4609//4609 4516//4516 4449//4449
f 4610//4610 4611//4611 4612//4612
f 4613//4613 4517//4517 4313//4313
f 4518//4518 4614//4614 4313//4313
f 4615//4615 4616//4616 4617//4617
f 4618//4618 4617//4617 4616//4616
f 4619//4619 4620//4620 4621//4621
f 4621//4621 4622//4622 4623//4623
f 4624//4624 4625//4625 4619//4619
f 4626//4626 4527//4527 4526//4526
f 4627//4627 4628//4628 4629//4629
f 4630//4630 4528//4528 4142//4142
f 4529//4529 4630//4630 4142//4142
f 4529//4529 4459//4459 4631//4631
f 4632//4632 4532//4532 4531//4531
f 4536//4536 4535//4535 4542//4542
f 4537//4537 4465//4465 4633//4633
f 4634//4634 4540//4540 4539//4539
f 4541//4541 4635//4635 4636//4636
f 4542//4542 4541//4541 4636//4636
f 4637//4637 4545//4545 4544//4544
f 4638//4638 4557//4557 4556//4556
f 4639//4639 4548//4548 4547//4547
f 4465//4465 4640//4640 4641//4641
f 4642//4642 4643//4643 4644//4644
f 4550//4550 4645//4645 4551//4551
f 4646//4646 4647//4647 4648//4648
f 4649//4649 4554//4554 4553//4553
f 4650//4650 4560//4560 4559//4559
f 4566//4566 4565//4565 4571//4571
f 4572//4572 4570//4570 4569//4569
f 4491//4491 4651//4651 4575//4575
f 4652//4652 4653//4653 4654//4654
f 4655//4655 4430//4430 4577//4577
f 4656//4656 4657//4657 4658//4658
f 4578//4578 4430//4430 4655//4655
f 4659//4659 4494//4494 4578//4578
f 4660//4660 4661//4661 4662//4662
f 4432//4432 4580//4580 4663//4663
f 4664//4664 4583//4583 4582//4582
f 4665//4665 4666//4666 4667//4667
f 4668//4668 4374//4374 4585//4585
f 4669//4669 4670//4670 4671//4671
f 4586//4586 4374//4374 4672//4672
f 4673//4673 4674//4674 4675//4675
f 4676//4676 4589//4589 4588//4588
f 4677//4677 4375//4375 4678//4678
f 4679//4679 4594//4594 4593//4593
f 4603//4603 4305//4305 4595//4595
f 4680//4680 4681//4681 4682//4682
f 4683//4683 4598//4598 4597//4597
f 4684//4684 4601//4601 4600//4600
f 4603//4603 4685//4685 4602//4602
f 4678//4678 4375//4375 4604//4604
f 4686//4686 4687//4687 4688//4688
f 4689//4689 4607//4607 4606//4606
f 4690//4690 4609//4609 4449//4449
f 4691//4691 4612//4612 4611//4611
f 4692//4692 4693//4693 4694//4694
f 4695//4695 4696//4696 4697//4697
f 4614//4614 4613//4613 4313//4313
f 4698//4698 4699//4699 4700//4700
f 4701//4701 4700//4700 4699//4699
f 4623//4623 4702//4702 4703//4703
f 4620//4620 4622//4622 4621//4621
f 4625//4625 4620//4620 4619//4619
f 4622//4622 4702//4702 4623//4623
f 4704//4704 4625//4625 4624//4624
f 4705//4705 4704//4704 4624//4624
f 4706//4706 4629//4629 4628//4628
f 4707//4707 4708//4708 4709//4709
f 4710//4710 4709//4709 4708//4708
f 4711//4711 4712//4712 4713//4713
f 4459//4459 4714//4714 4631//4631
f 4715//4715 4716//4716 4717//4717
f 4718//4718 4719//4719 4720//4720
f 4633//4633 4465//4465 4641//4641
f 4721//4721 4722//4722 4723//4723
f 4636//4636 4635//4635 4724//4724
f 4725//4725 4726//4726 4727//4727
f 4727//4727 4728//4728 4729//4729
f 4730//4730 4731//4731 4725//4725
f 4641//4641 4640//4640 4732//4732
f 4733//4733 4644//4644 4643//4643
f 4551//4551 4734//4734 4685//4685
f 4645//4645 4735//4735 4551//4551
f 4736//4736 4737//4737 4738//4738
f 4739//4739 4648//4648 4647//4647
f 4729//4729 4740//4740 4741//4741
f 4575//4575 4742//4742 4730//4730
f 4651//4651 4742//4742 4575//4575
f 4743//4743 4654//4654 4653//4653
f 4744//4744 4745//4745 4746//4746
f 4747//4747 4658//4658 4657//4657
f 4748//4748 4749//4749 4750//4750
f 4751//4751 4494//4494 4659//4659
f 4752//4752 4753//4753 4754//4754
f 4755//4755 4662//4662 4661//4661
f 4580//4580 4756//4756 4663//4663
f 4757//4757 4494//4494 4751//4751
f 4758//4758 4667//4667 4666//4666
f 4759//4759 4374//4374 4668//4668
f 4760//4760 4761//4761 4762//4762
f 4763//4763 4671//4671 4670//4670
f 4672//4672 4374//4374 4764//4764
f 4765//4765 4766//4766 4767//4767
f 4768//4768 4675//4675 4674//4674
f 4677//4677 4678//4678 4769//4769
f 4770//4770 4771//4771 4772//4772
f 4773//4773 4682//4682 4681//4681
f 4734//4734 4602//4602 4685//4685
f 4774//4774 4775//4775 4776//4776
f 4777//4777 4738//4738 4737//4737
f 4778//4778 4688//4688 4687//4687
f 4735//4735 4734//4734 4551//4551
f 4690//4690 4449//4449 4779//4779
f 4780//4780 4781//4781 4782//4782
f 4783//4783 4694//4694 4693//4693
f 4784//4784 4697//4697 4696//4696
f 4785//4785 4786//4786 4787//4787
f 4788//4788 4787//4787 4786//4786
f 4703//4703 4789//4789 4790//4790
f 4702//4702 4789//4789 4703//4703
f 4791//4791 4792//4792 4793//4793
f 4794//4794 4795//4795 4796//4796
f 4797//4797 4798//4798 4799//4799
f 4800//4800 4801//4801 4802//4802
f 4803//4803 4704//4704 4705//4705
f 4804//4804 4803//4803 4705//4705
f 4805//4805 4806//4806 4804//4804
f 4807//4807 4713//4713 4712//4712
f 4808//4808 4717//4717 4716//4716
f 4631//4631 4714//4714 4809//4809
f 4810//4810 4720//4720 4719//4719
f 4811//4811 4812//4812 4813//4813
f 4814//4814 4815//4815 4816//4816
f 4817//4817 4723//4723 4722//4722
f 4635//4635 4818//4818 4724//4724
f 4726//4726 4819//4819 4727//4727
f 4731//4731 4726//4726 4725//4725
f 4728//4728 4740//4740 4729//4729
f 4819//4819 4728//4728 4727//4727
f 4742//4742 4731//4731 4730//4730
f 4732//4732 4640//4640 4820//4820
f 4821//4821 4822//4822 4823//4823
f 4640//4640 4824//4824 4820//4820
f 4825//4825 4776//4776 4775//4775
f 4741//4741 4769//4769 4678//4678
f 4740//4740 4826//4826 4741//4741
f 4827//4827 4746//4746 4745//4745
f 4828//4828 4769//4769 4741//4741
f 4829//4829 4750//4750 4749//4749
f 4830//4830 4831//4831 4832//4832
f 4833//4833 4754//4754 4753//4753
f 4834//4834 4835//4835 4836//4836
f 4756//4756 4837//4837 4663//4663
f 4751//4751 4838//4838 4757//4757
f 4839//4839 4757//4757 4838//4838
f 4764//4764 4374//4374 4759//4759
f 4840//4840 4841//4841 4842//4842
f 4843//4843 4762//4762 4761//4761
f 4844//4844 4839//4839 4838//4838
f 4845//4845 4846//4846 4847//4847
f 4848//4848 4767//4767 4766//4766
f 4849//4849 4772//4772 4771//4771
f 4850//4850 4779//4779 4449//4449
f 4851//4851 4782//4782 4781//4781
f 4852//4852 4853//4853 4854//4854
f 4855//4855 4851//4851 4781//4781
f 4790//4790 4856//4856 4855//4855
f 4789//4789 4856//4856 4790//4790
f 4857//4857 4858//4858 4859//4859
f 4860//4860 4793//4793 4792//4792
f 4861//4861 4799//4799 4798//4798
f 4862//4862 4796//4796 4795//4795
f 4863//4863 4859//4859 4858//4858
f 4864//4864 4802//4802 4801//4801
f 4865//4865 4866//4866 4867//4867
f 4806//4806 4803//4803 4804//4804
f 4868//4868 4806//4806 4805//4805
f 4809//4809 4714//4714 4869//4869
f 4870//4870 4813//4813 4812//4812
f 4871//4871 4872//4872 4873//4873
f 4874//4874 4816//4816 4815//4815
f 4818//4818 4875//4875 4724//4724
f 4876//4876 4877//4877 4878//4878
f 4879//4879 4880//4880 4881//4881
f 4882//4882 4832//4832 4831//4831
f 4883//4883 4884//4884 4885//4885
f 4886//4886 4823//4823 4822//4822
f 4820//4820 4824//4824 4887//4887
f 4824//4824 4779//4779 4888//4888
f 4826//4826 4828//4828 4741//4741
f 4889//4889 4836//4836 4835//4835
f 4663//4663 4837//4837 4890//4890
f 4891//4891 4878//4878 4877//4877
f 4892//4892 4893//4893 4894//4894
f 4895//4895 4842//4842 4841//4841
f 4896//4896 4844//4844 4838//4838
f 4897//4897 4847//4847 4846//4846
f 4898//4898 4894//4894 4893//4893
f 4837//4837 4899//4899 4890//4890
f 4900//4900 4779//4779 4850//4850
f 4901//4901 4854//4854 4853//4853
f 4856//4856 4851//4851 4855//4855
f 4902//4902 4903//4903 4904//4904
f 4905//4905 4906//4906 4907//4907
f 4907//4907 4908//4908 4909//4909
f 4910//4910 4911//4911 4905//4905
f 4909//4909 4912//4912 4913//4913
f 4869//4869 4914//4914 4910//4910
f 4915//4915 4867//4867 4866//4866
f 4714//4714 4914//4914 4869//4869
f 4916//4916 4873//4873 4872//4872
f 4724//4724 4875//4875 4917//4917
f 4918//4918 4881//4881 4880//4880
f 4919//4919 4885//4885 4884//4884
f 4875//4875 4920//4920 4921//4921
f 4887//4887 4824//4824 4922//4922
f 4923//4923 4924//4924 4925//4925
f 4888//4888 4779//4779 4926//4926
f 4927//4927 4824//4824 4888//4888
f 4928//4928 4896//4896 4838//4838
f 4899//4899 4929//4929 4890//4890
f 4929//4929 4928//4928 4890//4890
f 4926//4926 4779//4779 4900//4900
f 4930//4930 4931//4931 4932//4932
f 4933//4933 4904//4904 4903//4903
f 4906//4906 4908//4908 4907//4907
f 4911//4911 4906//4906 4905//4905
f 4908//4908 4912//4912 4909//4909
f 4914//4914 4911//4911 4910//4910
f 4912//4912 4934//4934 4913//4913
f 4935//4935 4936//4936 4937//4937
f 4917//4917 4875//4875 4921//4921
f 4890//4890 4928//4928 4838//4838
f 4920//4920 4938//4938 4921//4921
f 4922//4922 4824//4824 4927//4927
f 4939//4939 4940//4940 4941//4941
f 4942//4942 4925//4925 4924//4924
f 4943//4943 4944//4944 4945//4945
f 4946//4946 4947//4947 4948//4948
f 4900//4900 4949//4949 4926//4926
f 4950//4950 4932//4932 4931//4931
f 4913//4913 4951//4951 4949//4949
f 4952//4952 4953//4953 4954//4954
f 4955//4955 4956//4956 4957//4957
f 4958//4958 4959//4959 4960//4960
f 4961//4961 4937//4937 4936//4936
f 4934//4934 4951//4951 4913//4913
f 4962//4962 4963//4963 4964//4964
f 4921//4921 4938//4938 4965//4965
f 4966//4966 4967//4967 4968//4968
f 4969//4969 4941//4941 4940//4940
f 4970//4970 4968//4968 4967//4967
f 4938//4938 4971//4971 4972//4972
f 4973//4973 4945//4945 4944//4944
f 4974//4974 4975//4975 4976//4976
f 4977//4977 4948//4948 4947//4947
f 4951//4951 4926//4926 4949//4949
f 4978//4978 4954//4954 4953//4953
f 4979//4979 4960//4960 4959//4959
f 4980//4980 4957//4957 4956//4956
f 4981//4981 4982//4982 4983//4983
f 4984//4984 4964//4964 4963//4963
f 4965//4965 4938//4938 4972//4972
f 4971//4971 4985//4985 4986//4986
f 4985//4985 4987//4987 4988//4988
f 4972//4972 4971//4971 4986//4986
f 4989//4989 4990//4990 4991//4991
f 4992//4992 4976//4976 4975//4975
f 4987//4987 4991//4991 4990//4990
f 4993//4993 4983//4983 4982//4982
f 4986//4986 4985//4985 4988//4988
f 4988//4988 4987//4987 4990//4990
f 4994//4994 4995//4995 4996//4996
f 4997//4997 4998//4998 4999//4999
f 5000//5000 4996//4996 4995//4995
f 5001//5001 5002//5002 5003//5003
f 5004//5004 4999//4999 4998//4998
f 5005//5005 5003//5003 5002//5002
f 5006//5006 5007//5007 5008//5008
f 5009//5009 5010//5010 5011//5011
f 5012//5012 5013//5013 5014//5014
f 5015//5015 5016//5016 5017//5017
f 5018//5018 5019//5019 5020//5020
f 5021//5021 5020//5020 5019//5019
f 5022//5022 5008//5008 5007//5007
f 5023//5023 5011//5011 5010//5010
f 5024//5024 5014//5014 5013//5013
f 5025//5025 5026//5026 5027//5027
f 5028//5028 5017//5017 5016//5016
f 5029//5029 5030//5030 5031//5031
f 5032//5032 5031//5031 5030//5030
f 5033//5033 5034//5034 5035//5035
f 5036//5036 5027//5027 5026//5026
f 5037//5037 5038//5038 5039//5039
f 5040//5040 5041//5041 5042//5042
f 5043//5043 5035//5035 5034//5034
f 5044//5044 5045//5045 5046//5046
f 5047//5047 5039//5039 5038//5038
f 5048//5048 5049//5049 5050//5050
f 5051//5051 5050//5050 5049//5049
f 5052//5052 5046//5046 5045//5045
f 5053//5053 5054//5054 5055//5055
f 5056//5056 5057//5057 5058//5058
f 5059//5059 5042//5042 5041//5041
f 5060//5060 5058//5058 5057//5057
f 5061//5061 5062//5062 5063//5063
f 5064//5064 5063//5063 5062//5062
f 5065//5065 5066//5066 5067//5067
f 5068//5068 5069//5069 5070//5070
f 5071//5071 5055//5055 5054//5054
f 5072//5072 5073//5073 5074//5074
f 5075//5075 5074//5074 5073//5073
f 5076//5076 5070//5070 5069//5069
f 5077//5077 5067//5067 5066//5066
f 5078//5078 5079//5079 5080//5080
f 5081//5081 5080//5080 5079//5079
f 5082//5082 5083//5083 5084//5084
f 5085//5085 5084//5084 5083//5083
f 5086//5086 5087//5087 5088//5088
f 5089//5089 5088//5088 5087//5087
f 5090//5090 5091//5091 5092//5092
f 5093//5093 5094//5094 5095//5095
f 5096//5096 5097//5097 5098//5098
f 5099//5099 5100//5100 5101//5101
f 5102//5102 5103//5103 5104//5104
f 5091//5091 5090//5090 5105//5105
f 5103//5103 5102//5102 5106//5106
f 5107//5107 5108//5108 5109//5109
f 5094//5094 5093//5093 5110//5110
f 5097//5097 5096//5096 5111//5111
f 5108//5108 5107//5107 5112//5112
f 5113//5113 5114//5114 5115//5115
f 5100//5100 5099//5099 5116//5116
f 5117//5117 5118//5118 5119//5119
f 5114//5114 5113//5113 5120//5120
f 5118//5118 5117//5117 5121//5121
f 5122//5122 5123//5123 5124//5124
f 5125//5125 5126//5126 5127//5127
f 5126//5126 5125//5125 5128//5128
f 5129//5129 5130//5130 5131//5131
f 5132//5132 5133//5133 5134//5134
f 5123//5123 5122//5122 5135//5135
f 5136//5136 5137//5137 5138//5138
f 5139//5139 5140//5140 5141//5141
f 5142//5142 5143//5143 5144//5144
f 5130//5130 5129//5129 5145//5145
f 5143//5143 5142//5142 5146//5146
f 5147//5147 5148//5148 5149//5149
f 5133//5133 5132//5132 5150//5150
f 5137//5137 5136//5136 5151//5151
f 5140//5140 5139//5139 5152//5152
f 5153//5153 5154//5154 5155//5155
f 5156//5156 5157//5157 5158//5158
f 5159//5159 5160//5160 5161//5161
f 5157//5157 5156//5156 5162//5162
f 5148//5148 5147//5147 5163//5163
f 5164//5164 5165//5165 5166//5166
f 5154//5154 5153//5153 5167//5167
f 5168//5168 5169//5169 5170//5170
f 5160//5160 5159//5159 5171//5171
f 5172//5172 5173//5173 5174//5174
f 5175//5175 5176//5176 5177//5177
f 5165//5165 5164//5164 5178//5178
f 5179//5179 5180//5180 5181//5181
f 5169//5169 5168//5168 5182//5182
f 5183//5183 5184//5184 5185//5185
f 5184//5184 5183//5183 5186//5186
f 5187//5187 5188//5188 5189//5189
f 5173//5173 5172//5172 5190//5190
f 5176//5176 5175//5175 5191//5191
f 5192//5192 5193//5193 5194//5194
f 5195//5195 5196//5196 5197//5197
f 5198//5198 5199//5199 5200//5200
f 5201//5201 5202//5202 5203//5203
f 5180//5180 5179//5179 5204//5204
f 5188//5188 5187//5187 5205//5205
f 5206//5206 5207//5207 5208//5208
f 5207//5207 5206//5206 5209//5209
f 5193//5193 5192//5192 5210//5210
f 5196//5196 5195//5195 5211//5211
f 5212//5212 5213//5213 5214//5214
f 5215//5215 5216//5216 5217//5217
f 5199//5199 5198//5198 5218//5218
f 5202//5202 5201//5201 5219//5219
f 5220//5220 5221//5221 5222//5222
f 5223//5223 5224//5224 5225//5225
f 5226//5226 5227//5227 5228//5228
f 5213//5213 5212//5212 5229//5229
f 5230//5230 5231//5231 5232//5232
f 5216//5216 5215//5215 5233//5233
f 5221//5221 5220//5220 5234//5234
f 5235//5235 5236//5236 5237//5237
f 5238//5238 5239//5239 5240//5240
f 5224//5224 5223//5223 5241//5241
f 5242//5242 5243//5243 5244//5244
f 5227//5227 5226//5226 5245//5245
f 5246//5246 5247//5247 5248//5248
f 5231//5231 5230//5230 5249//5249
f 5250//5250 5251//5251 5252//5252
f 5253//5253 5254//5254 5255//5255
f 5256//5256 5257//5257 5258//5258
f 5236//5236 5235//5235 5259//5259
f 5239//5239 5238//5238 5260//5260
f 5261//5261 5262//5262 5263//5263
f 5264//5264 5265//5265 5266//5266
f 5243//5243 5242//5242 5267//5267
f 5268//5268 5269//5269 5270//5270
f 5271//5271 5272//5272 5273//5273
f 5274//5274 5275//5275 5276//5276
f 5277//5277 5278//5278 5279//5279
f 5247//5247 5246//5246 5280//5280
f 5281//5281 5282//5282 5283//5283
f 5251//5251 5250//5250 5284//5284
f 5254//5254 5253//5253 5285//5285
f 5257//5257 5256//5256 5286//5286
f 5287//5287 5288//5288 5289//5289
f 5288//5288 5287//5287 5290//5290
f 5291//5291 5292//5292 5293//5293
f 5262//5262 5261//5261 5294//5294
f 5295//5295 5296//5296 5297//5297
f 5265//5265 5264//5264 5298//5298
f 5299//5299 5300//5300 5301//5301
f 5269//5269 5268//5268 5302//5302
f 5303//5303 5304//5304 5305//5305
f 5272//5272 5271//5271 5306//5306
f 5304//5304 5303//5303 5307//5307
f 5308//5308 5309//5309 5310//5310
f 5275//5275 5274//5274 5311//5311
f 5312//5312 5313//5313 5314//5314
f 5315//5315 5316//5316 5317//5317
f 5278//5278 5277//5277 5318//5318
f 5319//5319 5320//5320 5321//5321
f 5322//5322 5323//5323 5324//5324
f 5282//5282 5281//5281 5325//5325
f 5326//5326 5327//5327 5328//5328
f 5329//5329 5330//5330 5331//5331
f 5330//5330 5329//5329 5332//5332
f 5333//5333 5334//5334 5335//5335
f 5336//5336 5337//5337 5338//5338
f 5292//5292 5291//5291 5339//5339
f 5296//5296 5295//5295 5340//5340
f 5300//5300 5299//5299 5341//5341
f 5342//5342 5343//5343 5344//5344
f 5345//5345 5346//5346 5347//5347
f 5346//5346 5345//5345 5348//5348
f 5349//5349 5350//5350 5351//5351
f 5309//5309 5308//5308 5352//5352
f 5353//5353 5354//5354 5355//5355
f 5313//5313 5312//5312 5356//5356
f 5357//5357 5358//5358 5359//5359
f 5316//5316 5315//5315 5360//5360
f 5361//5361 5362//5362 5363//5363
f 5362//5362 5361//5361 5364//5364
f 5320//5320 5319//5319 5365//5365
f 5323//5323 5322//5322 5366//5366
f 5367//5367 5368//5368 5369//5369
f 5370//5370 5371//5371 5372//5372
f 5327//5327 5326//5326 5373//5373
f 5374//5374 5375//5375 5376//5376
f 5377//5377 5378//5378 5379//5379
f 5380//5380 5381//5381 5382//5382
f 5383//5383 5384//5384 5385//5385
f 5334//5334 5333//5333 5386//5386
f 5337//5337 5336//5336 5387//5387
f 5388//5388 5389//5389 5390//5390
f 5391//5391 5392//5392 5393//5393
f 5343//5343 5342//5342 5394//5394
f 5395//5395 5396//5396 5397//5397
f 5398//5398 5399//5399 5400//5400
f 5401//5401 5402//5402 5403//5403
f 5404//5404 5405//5405 5406//5406
f 5350//5350 5349//5349 5407//5407
f 5408//5408 5409//5409 5410//5410
f 5354//5354 5353//5353 5411//5411
f 5409//5409 5408//5408 5412//5412
f 5358//5358 5357//5357 5413//5413
f 5402//5402 5401//5401 5414//5414
f 5415//5415 5416//5416 5417//5417
f 5418//5418 5419//5419 5420//5420
f 5421//5421 5422//5422 5423//5423
f 5424//5424 5425//5425 5426//5426
f 5368//5368 5367//5367 5427//5427
f 5371//5371 5370//5370 5428//5428
f 5375//5375 5374//5374 5429//5429
f 5378//5378 5377//5377 5430//5430
f 5381//5381 5380//5380 5431//5431
f 5384//5384 5383//5383 5432//5432
f 5389//5389 5388//5388 5433//5433
f 5392//5392 5391//5391 5434//5434
f 5435//5435 5436//5436 5437//5437
f 5396//5396 5395//5395 5438//5438
f 5399//5399 5398//5398 5439//5439
f 5440//5440 5441//5441 5442//5442
f 5443//5443 5444//5444 5445//5445
f 5405//5405 5404//5404 5446//5446
f 5444//5444 5443//5443 5447//5447
f 5448//5448 5449//5449 5450//5450
f 5449//5449 5448//5448 5451//5451
f 5452//5452 5453//5453 5454//5454
f 5416//5416 5415//5415 5455//5455
f 5436//5436 5435//5435 5456//5456
f 5419//5419 5418//5418 5457//5457
f 5458//5458 5459//5459 5460//5460
f 5422//5422 5421//5421 5461//5461
f 5425//5425 5424//5424 5462//5462
f 5463//5463 5464//5464 5465//5465
f 5466//5466 5467//5467 5468//5468
f 5469//5469 5470//5470 5471//5471
f 5472//5472 5473//5473 5474//5474
f 5441//5441 5440//5440 5475//5475
f 5476//5476 5477//5477 5478//5478
f 5479//5479 5480//5480 5481//5481
f 5480//5480 5479//5479 5482//5482
f 5453//5453 5452//5452 5483//5483
f 5477//5477 5476//5476 5484//5484
f 5485//5485 5486//5486 5487//5487
f 5488//5488 5489//5489 5490//5490
f 5489//5489 5488//5488 5491//5491
f 5492//5492 5493//5493 5494//5494
f 5459//5459 5458//5458 5495//5495
f 5496//5496 5497//5497 5498//5498
f 5499//5499 5500//5500 5501//5501
f 5502//5502 5503//5503 5504//5504
f 5464//5464 5463//5463 5505//5505
f 5467//5467 5466//5466 5506//5506
f 5470//5470 5469//5469 5507//5507
f 5473//5473 5472//5472 5508//5508
f 5486//5486 5485//5485 5509//5509
f 5510//5510 5511//5511 5512//5512
f 5513//5513 5514//5514 5515//5515
f 5493//5493 5492//5492 5516//5516
f 5514//5514 5513//5513 5517//5517
f 5518//5518 5519//5519 5520//5520
f 5497//5497 5496//5496 5521//5521
f 5500//5500 5499//5499 5522//5522
f 5503//5503 5502//5502 5523//5523
f 5524//5524 5525//5525 5526//5526
f 5527//5527 5528//5528 5529//5529
f 5525//5525 5524//5524 5530//5530
f 5531//5531 5532//5532 5533//5533
f 5511//5511 5510//5510 5534//5534
f 5535//5535 5536//5536 5537//5537
f 5538//5538 5539//5539 5540//5540
f 5541//5541 5542//5542 5543//5543
f 5544//5544 5545//5545 5546//5546
f 5519//5519 5518//5518 5547//5547
f 5528//5528 5527//5527 5548//5548
f 5549//5549 5550//5550 5551//5551
f 5532//5532 5531//5531 5552//5552
f 5553//5553 5554//5554 5555//5555
f 5536//5536 5535//5535 5556//5556
f 5557//5557 5558//5558 5559//5559
f 5539//5539 5538//5538 5560//5560
f 5542//5542 5541//5541 5561//5561
f 5562//5562 5563//5563 5564//5564
f 5563//5563 5562//5562 5565//5565
f 5545//5545 5544//5544 5566//5566
f 5558//5558 5557//5557 5567//5567
f 5568//5568 5569//5569 5570//5570
f 5550//5550 5549//5549 5571//5571
f 5572//5572 5573//5573 5574//5574
f 5554//5554 5553//5553 5575//5575
f 5576//5576 5577//5577 5578//5578
f 5579//5579 5580//5580 5581//5581
f 5582//5582 5583//5583 5584//5584
f 5580//5580 5579//5579 5585//5585
f 5569//5569 5568//5568 5586//5586
f 5587//5587 5588//5588 5589//5589
f 5573//5573 5572//5572 5590//5590
f 5591//5591 5592//5592 5593//5593
f 5592//5592 5591//5591 5594//5594
f 5595//5595 5596//5596 5597//5597
f 5577//5577 5576//5576 5598//5598
f 5599//5599 5600//5600 5601//5601
f 5583//5583 5582//5582 5602//5602
f 5600//5600 5599//5599 5603//5603
f 5604//5604 5605//5605 5606//5606
f 5588//5588 5587//5587 5607//5607
f 5608//5608 5609//5609 5610//5610
f 5611//5611 5612//5612 5613//5613
f 5596//5596 5595//5595 5614//5614
f 5615//5615 5616//5616 5617//5617
f 5616//5616 5615//5615 5618//5618
f 5605//5605 5604//5604 5619//5619
f 5620//5620 5621//5621 5622//5622
f 5609//5609 5608//5608 5623//5623
f 5612//5612 5611//5611 5624//5624
f 5625//5625 5626//5626 5627//5627
f 5626//5626 5625//5625 5628//5628
f 5629//5629 5630//5630 5631//5631
f 5632//5632 5633//5633 5634//5634
f 5621//5621 5620//5620 5635//5635
f 5636//5636 5637//5637 5638//5638
f 5639//5639 5640//5640 5641//5641
f 5642//5642 5643//5643 5644//5644
f 5630//5630 5629//5629 5645//5645
f 5633//5633 5632//5632 5646//5646
f 5647//5647 5648//5648 5649//5649
f 5637//5637 5636//5636 5650//5650
f 5640//5640 5639//5639 5651//5651
f 5643//5643 5642//5642 5652//5652
f 5653//5653 5654//5654 5655//5655
f 5654//5654 5653//5653 5656//5656
f 5657//5657 5658//5658 5659//5659
f 5648//5648 5647//5647 5660//5660
f 5661//5661 5662//5662 5663//5663
f 5664//5664 5665//5665 5666//5666
f 5667//5667 5668//5668 5669//5669
f 5668//5668 5667//5667 5670//5670
f 5671//5671 5672//5672 5673//5673
f 5658//5658 5657//5657 5674//5674
f 5675//5675 5676//5676 5677//5677
f 5662//5662 5661//5661 5678//5678
f 5665//5665 5664//5664 5679//5679
f 5680//5680 5681//5681 5682//5682
f 5672//5672 5671//5671 5683//5683
f 5684//5684 5685//5685 5686//5686
f 5676//5676 5675//5675 5687//5687
f 5688//5688 5689//5689 5690//5690
f 5691//5691 5692//5692 5693//5693
f 5694//5694 5695//5695 5696//5696
f 5697//5697 5698//5698 5699//5699
f 5698//5698 5697//5697 5700//5700
f 5681//5681 5680//5680 5701//5701
f 5692//5692 5691//5691 5702//5702
f 5685//5685 5684//5684 5703//5703
f 5704//5704 5705//5705 5706//5706
f 5707//5707 5708//5708 5709//5709
f 5689//5689 5688//5688 5710//5710
f 5695//5695 5694//5694 5711//5711
f 5712//5712 5713//5713 5714//5714
f 5715//5715 5716//5716 5717//5717
f 5713//5713 5712//5712 5718//5718
f 5719//5719 5720//5720 5721//5721
f 5705//5705 5704//5704 5722//5722
f 5723//5723 5724//5724 5725//5725
f 5708//5708 5707//5707 5726//5726
f 5727//5727 5711//5711 5694//5694
f 5716//5716 5715//5715 5728//5728
f 5729//5729 5730//5730 5731//5731
f 5720//5720 5719//5719 5732//5732
f 5733//5733 5734//5734 5735//5735
f 5736//5736 5737//5737 5738//5738
f 5724//5724 5723//5723 5739//5739
f 5711//5711 5727//5727 5740//5740
f 5741//5741 5742//5742 5743//5743
f 5730//5730 5729//5729 5744//5744
f 5745//5745 5732//5732 5719//5719
f 5746//5746 5747//5747 5748//5748
f 5734//5734 5733//5733 5749//5749
f 5737//5737 5736//5736 5750//5750
f 5751//5751 5752//5752 5753//5753
f 5754//5754 5755//5755 5756//5756
f 5757//5757 5758//5758 5759//5759
f 5742//5742 5741//5741 5760//5760
f 5761//5761 5762//5762 5763//5763
f 5762//5762 5761//5761 5764//5764
f 5732//5732 5745//5745 5765//5765
f 5747//5747 5746//5746 5766//5766
f 5767//5767 5750//5750 5736//5736
f 5768//5768 5769//5769 5770//5770
f 5752//5752 5751//5751 5771//5771
f 5755//5755 5754//5754 5772//5772
f 5758//5758 5757//5757 5773//5773
f 5774//5774 5775//5775 5776//5776
f 5775//5775 5774//5774 5777//5777
f 5778//5778 5779//5779 5780//5780
f 5781//5781 5782//5782 5783//5783
f 5750//5750 5767//5767 5784//5784
f 5785//5785 5786//5786 5787//5787
f 5769//5769 5768//5768 5788//5788
f 5786//5786 5785//5785 5789//5789
f 5790//5790 5791//5791 5792//5792
f 5793//5793 5794//5794 5795//5795
f 5779//5779 5778//5778 5796//5796
f 5782//5782 5781//5781 5797//5797
f 5798//5798 5799//5799 5800//5800
f 5801//5801 5802//5802 5803//5803
f 5791//5791 5790//5790 5804//5804
f 5794//5794 5793//5793 5805//5805
f 5806//5806 5807//5807 5808//5808
f 5809//5809 5810//5810 5811//5811
f 5799//5799 5798//5798 5812//5812
f 5802//5802 5801//5801 5813//5813
f 5814//5814 5815//5815 5816//5816
f 5817//5817 5818//5818 5819//5819
f 5818//5818 5817//5817 5820//5820
f 5807//5807 5806//5806 5821//5821
f 5810//5810 5809//5809 5822//5822
f 5823//5823 5824//5824 5825//5825
f 5826//5826 5827//5827 5828//5828
f 5829//5829 5830//5830 5831//5831
f 5832//5832 5833//5833 5834//5834
f 5815//5815 5814//5814 5835//5835
f 5836//5836 5837//5837 5838//5838
f 5830//5830 5829//5829 5839//5839
f 5840//5840 5841//5841 5842//5842
f 5824//5824 5823//5823 5843//5843
f 5827//5827 5826//5826 5844//5844
f 5845//5845 5846//5846 5847//5847
f 5848//5848 5849//5849 5850//5850
f 5833//5833 5832//5832 5851//5851
f 5849//5849 5848//5848 5852//5852
f 5853//5853 5854//5854 5855//5855
f 5856//5856 5857//5857 5858//5858
f 5837//5837 5836//5836 5859//5859
f 5841//5841 5840//5840 5860//5860
f 5861//5861 5862//5862 5863//5863
f 5864//5864 5865//5865 5866//5866
f 5846//5846 5845//5845 5867//5867
f 5868//5868 5869//5869 5870//5870
f 5854//5854 5853//5853 5871//5871
f 5857//5857 5856//5856 5872//5872
f 5873//5873 5874//5874 5875//5875
f 5862//5862 5861//5861 5876//5876
f 5865//5865 5864//5864 5877//5877
f 5869//5869 5868//5868 5878//5878
f 5879//5879 5880//5880 5881//5881
f 5882//5882 5883//5883 5884//5884
f 5885//5885 5886//5886 5887//5887
f 5874//5874 5873//5873 5888//5888
f 5889//5889 5890//5890 5891//5891
f 5892//5892 5893//5893 5894//5894
f 5895//5895 5896//5896 5897//5897
f 5880//5880 5879//5879 5898//5898
f 5899//5899 5900//5900 5901//5901
f 5883//5883 5882//5882 5902//5902
f 5900//5900 5899//5899 5903//5903
f 5886//5886 5885//5885 5904//5904
f 5905//5905 5906//5906 5907//5907
f 5890//5890 5889//5889 5908//5908
f 5893//5893 5892//5892 5909//5909
f 5896//5896 5895//5895 5910//5910
f 5911//5911 5912//5912 5913//5913
f 5914//5914 5915//5915 5916//5916
f 5915//5915 5914//5914 5917//5917
f 5906//5906 5905//5905 5918//5918
f 5919//5919 5920//5920 5921//5921
f 5922//5922 5923//5923 5924//5924
f 5925//5925 5926//5926 5927//5927
f 5912//5912 5911//5911 5928//5928
f 5929//5929 5930//5930 5931//5931
f 5932//5932 5933//5933 5934//5934
f 5920//5920 5919//5919 5935//5935
f 5923//5923 5922//5922 5936//5936
f 5926//5926 5925//5925 5937//5937
f 5938//5938 5939//5939 5940//5940
f 5930//5930 5929//5929 5941//5941
f 5933//5933 5932//5932 5942//5942
f 5943//5943 5944//5944 5945//5945
f 5946//5946 5947//5947 5948//5948
f 5949//5949 5950//5950 5951//5951
f 5939//5939 5938//5938 5952//5952
f 5953//5953 5954//5954 5955//5955
f 5956//5956 5957//5957 5958//5958
f 5944//5944 5943//5943 5959//5959
f 5947//5947 5946//5946 5960//5960
f 5950//5950 5949//5949 5961//5961
f 5962//5962 5963//5963 5964//5964
f 5954//5954 5953//5953 5965//5965
f 5957//5957 5956//5956 5966//5966
f 5967//5967 5968//5968 5969//5969
f 5970//5970 5971//5971 5972//5972
f 5973//5973 5974//5974 5975//5975
f 5963//5963 5962//5962 5976//5976
f 5977//5977 5978//5978 5979//5979
f 5980//5980 5981//5981 5982//5982
f 5968//5968 5967//5967 5983//5983
f 5971//5971 5970//5970 5984//5984
f 5974//5974 5973//5973 5985//5985
f 5986//5986 5987//5987 5988//5988
f 5989//5989 5990//5990 5991//5991
f 5992//5992 5993//5993 5994//5994
f 5995//5995 5996//5996 5997//5997
f 5998//5998 5999//5999 6000//6000
f 5978//5978 5977//5977 6001//6001
f 5981//5981 5980//5980 6002//6002
f 6003//6003 6004//6004 6005//6005
f 6004//6004 6003//6003 6006//6006
f 6007//6007 6008//6008 6009//6009
f 6010//6010 6011//6011 6012//6012
f 5987//5987 5986//5986 6013//6013
f 6014//6014 6015//6015 6016//6016
f 5990//5990 5989//5989 6017//6017
f 6015//6015 6014//6014 6018//6018
f 5993//5993 5992//5992 6019//6019
f 6020//6020 6021//6021 6022//6022
f 6023//6023 6024//6024 6025//6025
f 5996//5996 5995//5995 6026//6026
f 5999//5999 5998//5998 6027//6027
f 6028//6028 6029//6029 6030//6030
f 6029//6029 6028//6028 6031//6031
f 6032//6032 6033//6033 6034//6034
f 6035//6035 6036//6036 6037//6037
f 6038//6038 6039//6039 6040//6040
f 6008//6008 6007//6007 6041//6041
f 6011//6011 6010//6010 6042//6042
f 6039//6039 6038//6038 6043//6043
f 6044//6044 6045//6045 6046//6046
f 6045//6045 6044//6044 6047//6047
f 6048//6048 6049//6049 6050//6050
f 6049//6049 6048//6048 6051//6051
f 6021//6021 6020//6020 6052//6052
f 6053//6053 6054//6054 6055//6055
f 6056//6056 6057//6057 6058//6058
f 6024//6024 6023//6023 6059//6059
f 6060//6060 6061//6061 6062//6062
f 6061//6061 6060//6060 6063//6063
f 6033//6033 6032//6032 6064//6064
f 6036//6036 6035//6035 6065//6065
f 6066//6066 6067//6067 6068//6068
f 6069//6069 6070//6070 6071//6071
f 6072//6072 6073//6073 6074//6074
f 6075//6075 6076//6076 6077//6077
f 6078//6078 6079//6079 6080//6080
f 6054//6054 6053//6053 6081//6081
f 6057//6057 6056//6056 6082//6082
f 6083//6083 6084//6084 6085//6085
f 6086//6086 6087//6087 6088//6088
f 6089//6089 6090//6090 6091//6091
f 6092//6092 6093//6093 6094//6094
f 6095//6095 6096//6096 6097//6097
f 6096//6096 6095//6095 6098//6098
f 6099//6099 6100//6100 6101//6101
f 6067//6067 6066//6066 6102//6102
f 6070//6070 6069//6069 6103//6103
f 6073//6073 6072//6072 6104//6104
f 6076//6076 6075//6075 6105//6105
f 6106//6106 6107//6107 6108//6108
f 6109//6109 6110//6110 6111//6111
f 6079//6079 6078//6078 6112//6112
f 6090//6090 6089//6089 6113//6113
f 6087//6087 6086//6086 6114//6114
f 6115//6115 6116//6116 6117//6117
f 6118//6118 6119//6119 6120//6120
f 6119//6119 6118//6118 6121//6121
f 6084//6084 6083//6083 6122//6122
f 6123//6123 6124//6124 6125//6125
f 6116//6116 6115//6115 6126//6126
f 6093//6093 6092//6092 6127//6127
f 6128//6128 6129//6129 6130//6130
f 6100//6100 6099//6099 6131//6131
f 6132//6132 6133//6133 6134//6134
f 6135//6135 6136//6136 6137//6137
f 6129//6129 6128//6128 6138//6138
f 6139//6139 6140//6140 6141//6141
f 6142//6142 6143//6143 6144//6144
f 6107//6107 6106//6106 6145//6145
f 6110//6110 6109//6109 6146//6146
f 6124//6124 6123//6123 6147//6147
f 6148//6148 6149//6149 6150//6150
f 6149//6149 6148//6148 6151//6151
f 6152//6152 6153//6153 6154//6154
f 6155//6155 6156//6156 6157//6157
f 6133//6133 6132//6132 6158//6158
f 6136//6136 6135//6135 6159//6159
f 6160//6160 6161//6161 6162//6162
f 6163//6163 6164//6164 6165//6165
f 6140//6140 6139//6139 6166//6166
f 6167//6167 6168//6168 6169//6169
f 6170//6170 6171//6171 6172//6172
f 6173//6173 6174//6174 6175//6175
f 6176//6176 6177//6177 6178//6178
f 6179//6179 6180//6180 6181//6181
f 6182//6182 6183//6183 6184//6184
f 6143//6143 6142//6142 6185//6185
f 6183//6183 6182//6182 6186//6186
f 6153//6153 6152//6152 6187//6187
f 6156//6156 6155//6155 6188//6188
f 6189//6189 6190//6190 6191//6191
f 6192//6192 6193//6193 6194//6194
f 6161//6161 6160//6160 6195//6195
f 6164//6164 6163//6163 6196//6196
f 6197//6197 6198//6198 6199//6199
f 6200//6200 6201//6201 6202//6202
f 6168//6168 6167//6167 6203//6203
f 6177//6177 6176//6176 6204//6204
f 6171//6171 6170//6170 6205//6205
f 6206//6206 6207//6207 6208//6208
f 6174//6174 6173//6173 6209//6209
f 6180//6180 6179//6179 6210//6210
f 6211//6211 6212//6212 6213//6213
f 6214//6214 6215//6215 6216//6216
f 6217//6217 6218//6218 6219//6219
f 6190//6190 6189//6189 6220//6220
f 6221//6221 6222//6222 6223//6223
f 6224//6224 6225//6225 6226//6226
f 6227//6227 6228//6228 6229//6229
f 6193//6193 6192//6192 6230//6230
f 6198//6198 6197//6197 6231//6231
f 6232//6232 6233//6233 6234//6234
f 6201//6201 6200//6200 6235//6235
f 6236//6236 6237//6237 6238//6238
f 6207//6207 6206//6206 6239//6239
f 6212//6212 6211//6211 6240//6240
f 6241//6241 6242//6242 6243//6243
f 6215//6215 6214//6214 6244//6244
f 6245//6245 6246//6246 6247//6247
f 6248//6248 6249//6249 6250//6250
f 6218//6218 6217//6217 6251//6251
f 6222//6222 6221//6221 6252//6252
f 6253//6253 6254//6254 6255//6255
f 6225//6225 6224//6224 6256//6256
f 6257//6257 6258//6258 6259//6259
f 6228//6228 6227//6227 6260//6260
f 6237//6237 6236//6236 6261//6261
f 6233//6233 6232//6232 6262//6262
f 6242//6242 6241//6241 6263//6263
f 6246//6246 6245//6245 6264//6264
f 6265//6265 6266//6266 6267//6267
f 6249//6249 6248//6248 6268//6268
f 6269//6269 6270//6270 6271//6271
f 6272//6272 6273//6273 6274//6274
f 6254//6254 6253//6253 6275//6275
f 6276//6276 6277//6277 6278//6278
f 6258//6258 6257//6257 6279//6279
f 6280//6280 6281//6281 6282//6282
f 6283//6283 6284//6284 6285//6285
f 6266//6266 6265//6265 6286//6286
f 6270//6270 6269//6269 6287//6287
f 6281//6281 6280//6280 6288//6288
f 6289//6289 6290//6290 6291//6291
f 6273//6273 6272//6272 6292//6292
f 6277//6277 6276//6276 6293//6293
f 6290//6290 6289//6289 6294//6294
f 6284//6284 6283//6283 6295//6295
f 6296//6296 6297//6297 6298//6298
f 6298//6298 6299//6299 6300//6300
f 6301//6301 6302//6302 6303//6303
f 6301//6301 6303//6303 6304//6304
f 6296//6296 6304//6304 6297//6297
f 6298//6298 6297//6297 6299//6299
f 6305//6305 6306//6306 6302//6302
f 6305//6305 6302//6302 6301//6301
f 6301//6301 6304//6304 6296//6296
f 6307//6307 6308//6308 6309//6309
f 6305//6305 6309//6309 6306//6306
f 6310//6310 6311//6311 6312//6312
f 6313//6313 6312//6312 6314//6314
f 6313//6313 6314//6314 6315//6315
f 6307//6307 6315//6315 6308//6308
f 6307//6307 6309//6309 6305//6305
f 6316//6316 6311//6311 6310//6310
f 6310//6310 6312//6312 6313//6313
f 6313//6313 6315//6315 6307//6307
f 6317//6317 6311//6311 6316//6316
f 6318//6318 6319//6319 6311//6311
f 6320//6320 6311//6311 6317//6317
f 6321//6321 6319//6319 6318//6318
f 6318//6318 6311//6311 6322//6322
f 6321//6321 6323//6323 6319//6319
f 6324//6324 6311//6311 6320//6320
f 6322//6322 6311//6311 6324//6324
f 6325//6325 6323//6323 6321//6321
f 6326//6326 6323//6323 6325//6325
f 6326//6326 6327//6327 6323//6323
f 6328//6328 6327//6327 6326//6326
f 6328//6328 6329//6329 6327//6327
f 6330//6330 6329//6329 6328//6328
f 6331//6331 6329//6329 6330//6330
f 6331//6331 6332//6332 6329//6329
f 6333//6333 6332//6332 6331//6331
f 6334//6334 6335//6335 6332//6332
f 6336//6336 6332//6332 6333//6333
f 6337//6337 6335//6335 6334//6334
f 6334//6334 6332//6332 6336//6336
f 6338//6338 6335//6335 6337//6337
f 6339//6339 6340//6340 6335//6335
f 6339//6339 6335//6335 6338//6338
f 6341//6341 6340//6340 6339//6339
f 6342//6342 6343//6343 6340//6340
f 6344//6344 6340//6340 6341//6341
f 6345//6345 6343//6343 6342//6342
f 6342//6342 6340//6340 6344//6344
f 6346//6346 6347//6347 6343//6343
f 6346//6346 6343//6343 6345//6345
f 6348//6348 6347//6347 6346//6346
f 6348//6348 6349//6349 6347//6347
f 6350//6350 6349//6349 6348//6348
f 6350//6350 6351//6351 6349//6349
f 6352//6352 6351//6351 6350//6350
f 6352//6352 6353//6353 6351//6351
f 6352//6352 6354//6354 6353//6353
f 6355//6355 6354//6354 6352//6352
f 6355//6355 6356//6356 6354//6354
f 6357//6357 6356//6356 6355//6355
f 6357//6357 6358//6358 6356//6356
f 6359//6359 6358//6358 6357//6357
f 6359//6359 6360//6360 6358//6358
f 6361//6361 6360//6360 6359//6359
f 6361//6361 6362//6362 6360//6360
f 6361//6361 6363//6363 6362//6362
f 6364//6364 6363//6363 6361//6361
f 6364//6364 6365//6365 6363//6363
f 6366//6366 6365//6365 6364//6364
f 6367//6367 6365//6365 6366//6366
f 6368//6368 6365//6365 6367//6367
f 6368//6368 6369//6369 6365//6365
f 6370//6370 6369//6369 6368//6368
f 6371//6371 6372//6372 6369//6369
f 6373//6373 6369//6369 6370//6370
f 6372//6372 6371//6371 6374//6374
f 6371//6371 6369//6369 6375//6375
f 6376//6376 6369//6369 6373//6373
f 6375//6375 6369//6369 6377//6377
f 6378//6378 6369//6369 6376//6376
f 6377//6377 6369//6369 6379//6379
f 6380//6380 6369//6369 6378//6378
f 6379//6379 6369//6369 6380//6380
