# Created by Open3D 
# object name: cb93c492c1c3c00a94c9842dcb05f464
# number of vertices: 4434
# number of triangles: 1478
mtllib cb93c492c1c3c00a94c9842dcb05f464.mtl
v -0.0361753 -0.347441 0.263972
vn 0.358197 -1.01036e-16 -0.933646
v -0.0386794 0.0869508 0.262514
vn 0.450849 -1.09869e-16 -0.8926
v -0.0361753 0.0869508 0.263972
vn 0.358197 -1.01036e-16 -0.933646
v -0.0386794 0.0869508 0.262514
vn 0.450849 -1.09869e-16 -0.8926
v -0.0361753 -0.347441 0.263972
vn 0.358197 -1.01036e-16 -0.933646
v -0.0386794 -0.347441 0.262514
vn 0.450849 -1.09869e-16 -0.8926
v -0.0361753 0.0869508 0.263972
vn -0.358197 1.01036e-16 0.933646
v -0.0386794 0.0869508 0.262514
vn -0.450849 1.09869e-16 0.8926
v -0.0361753 -0.347441 0.263972
vn -0.358197 1.01036e-16 0.933646
v -0.0386794 -0.347441 0.262514
vn -0.450849 1.09869e-16 0.8926
v -0.0361753 -0.347441 0.263972
vn -0.358197 1.01036e-16 0.933646
v -0.0386794 0.0869508 0.262514
vn -0.450849 1.09869e-16 0.8926
v -0.0386794 0.0869508 0.262514
vn -1.22465e-16 -1 6.12323e-17
v 0.0494337 0.0869508 0.229591
vn -1.22465e-16 -1 6.12323e-17
v -0.0361753 0.0869508 0.263972
vn -1.22465e-16 -1 6.12323e-17
v -0.0361753 0.0869508 0.263972
vn 1.22465e-16 1 -6.12323e-17
v 0.0494337 0.0869508 0.229591
vn 1.22465e-16 1 -6.12323e-17
v -0.0386794 0.0869508 0.262514
vn 1.22465e-16 1 -6.12323e-17
v -0.0361753 0.0869508 0.263972
vn 0.354982 -1.00717e-16 -0.934873
v -0.0334867 -0.347441 0.265132
vn 0.265778 -9.15785e-17 -0.964034
v -0.0361753 -0.347441 0.263972
vn 0.354982 -1.00717e-16 -0.934873
v -0.0361753 -0.347441 0.263972
vn -0.354982 1.00717e-16 0.934873
v -0.0334867 -0.347441 0.265132
vn -0.265778 9.15785e-17 0.964034
v -0.0361753 0.0869508 0.263972
vn -0.354982 1.00717e-16 0.934873
v 0.0494337 -0.347441 0.229591
vn 1.22465e-16 1 -6.12323e-17
v -0.0386794 -0.347441 0.262514
vn 1.22465e-16 1 -6.12323e-17
v -0.0361753 -0.347441 0.263972
vn 1.22465e-16 1 -6.12323e-17
v -0.0361753 -0.347441 0.263972
vn -1.22465e-16 -1 6.12323e-17
v -0.0386794 -0.347441 0.262514
vn -1.22465e-16 -1 6.12323e-17
v 0.0494337 -0.347441 0.229591
vn -1.22465e-16 -1 6.12323e-17
v -0.0386794 -0.347441 0.262514
vn 0.453921 -1.1015e-16 -0.891042
v -0.0409421 0.0869508 0.260784
vn 0.55003 -1.18497e-16 -0.835145
v -0.0386794 0.0869508 0.262514
vn 0.453921 -1.1015e-16 -0.891042
v -0.0386794 0.0869508 0.262514
vn -0.453921 1.1015e-16 0.891042
v -0.0409421 0.0869508 0.260784
vn -0.55003 1.18497e-16 0.835145
v -0.0386794 -0.347441 0.262514
vn -0.453921 1.1015e-16 0.891042
v -0.0409421 0.0869508 0.260784
vn -1.22465e-16 -1 6.12323e-17
v 0.0494337 0.0869508 0.229591
vn -1.22465e-16 -1 6.12323e-17
v -0.0386794 0.0869508 0.262514
vn -1.22465e-16 -1 6.12323e-17
v -0.0386794 0.0869508 0.262514
vn 1.22465e-16 1 -6.12323e-17
v 0.0494337 0.0869508 0.229591
vn 1.22465e-16 1 -6.12323e-17
v -0.0409421 0.0869508 0.260784
vn 1.22465e-16 1 -6.12323e-17
v -0.0361753 0.0869508 0.263972
vn -1.22465e-16 -1 6.12323e-17
v 0.0494337 0.0869508 0.229591
vn -1.22465e-16 -1 6.12323e-17
v -0.0334867 0.0869508 0.265132
vn -1.22465e-16 -1 6.12323e-17
v -0.0334867 0.0869508 0.265132
vn 1.22465e-16 1 -6.12323e-17
v 0.0494337 0.0869508 0.229591
vn 1.22465e-16 1 -6.12323e-17
v -0.0361753 0.0869508 0.263972
vn 1.22465e-16 1 -6.12323e-17
v -0.0334867 -0.347441 0.265132
vn 0.265778 -9.15785e-17 -0.964034
v -0.0361753 0.0869508 0.263972
vn 0.354982 -1.00717e-16 -0.934873
v -0.0334867 0.0869508 0.265132
vn 0.265778 -9.15785e-17 -0.964034
v -0.0334867 0.0869508 0.265132
vn -0.265778 9.15785e-17 0.964034
v -0.0361753 0.0869508 0.263972
vn -0.354982 1.00717e-16 0.934873
v -0.0334867 -0.347441 0.265132
vn -0.265778 9.15785e-17 0.964034
v 0.0494337 -0.347441 0.229591
vn 1.22465e-16 1 -6.12323e-17
v -0.0361753 -0.347441 0.263972
vn 1.22465e-16 1 -6.12323e-17
v -0.0334867 -0.347441 0.265132
vn 1.22465e-16 1 -6.12323e-17
v -0.0334867 -0.347441 0.265132
vn -1.22465e-16 -1 6.12323e-17
v -0.0361753 -0.347441 0.263972
vn -1.22465e-16 -1 6.12323e-17
v 0.0494337 -0.347441 0.229591
vn -1.22465e-16 -1 6.12323e-17
v 0.0494337 -0.347441 0.229591
vn 1.22465e-16 1 -6.12323e-17
v -0.0409421 -0.347441 0.260784
vn 1.22465e-16 1 -6.12323e-17
v -0.0386794 -0.347441 0.262514
vn 1.22465e-16 1 -6.12323e-17
v -0.0386794 -0.347441 0.262514
vn -1.22465e-16 -1 6.12323e-17
v -0.0409421 -0.347441 0.260784
vn -1.22465e-16 -1 6.12323e-17
v 0.0494337 -0.347441 0.229591
vn -1.22465e-16 -1 6.12323e-17
v -0.0409421 0.0869508 0.260784
vn 0.55003 -1.18497e-16 -0.835145
v -0.0386794 -0.347441 0.262514
vn 0.453921 -1.1015e-16 -0.891042
v -0.0409421 -0.347441 0.260784
vn 0.55003 -1.18497e-16 -0.835145
v -0.0409421 -0.347441 0.260784
vn -0.55003 1.18497e-16 0.835145
v -0.0386794 -0.347441 0.262514
vn -0.453921 1.1015e-16 0.891042
v -0.0409421 0.0869508 0.260784
vn -0.55003 1.18497e-16 0.835145
v -0.0429238 0.0869508 0.258811
vn -1.22465e-16 -1 6.12323e-17
v 0.0494337 0.0869508 0.229591
vn -1.22465e-16 -1 6.12323e-17
v -0.0409421 0.0869508 0.260784
vn -1.22465e-16 -1 6.12323e-17
v -0.0409421 0.0869508 0.260784
vn 1.22465e-16 1 -6.12323e-17
v 0.0494337 0.0869508 0.229591
vn 1.22465e-16 1 -6.12323e-17
v -0.0429238 0.0869508 0.258811
vn 1.22465e-16 1 -6.12323e-17
v -0.0334867 0.0869508 0.265132
vn -1.22465e-16 -1 6.12323e-17
v 0.0494337 0.0869508 0.229591
vn -1.22465e-16 -1 6.12323e-17
v -0.0306164 0.0869508 0.265977
vn -1.22465e-16 -1 6.12323e-17
v -0.0306164 0.0869508 0.265977
vn 1.22465e-16 1 -6.12323e-17
v 0.0494337 0.0869508 0.229591
vn 1.22465e-16 1 -6.12323e-17
v -0.0334867 0.0869508 0.265132
vn 1.22465e-16 1 -6.12323e-17
v -0.0334867 0.0869508 0.265132
vn 0.26242 -9.12236e-17 -0.964954
v -0.0306164 -0.347441 0.265977
vn 0.176118 -8.18435e-17 -0.984369
v -0.0334867 -0.347441 0.265132
vn 0.26242 -9.12236e-17 -0.964954
v -0.0334867 -0.347441 0.265132
vn -0.26242 9.12236e-17 0.964954
v -0.0306164 -0.347441 0.265977
vn -0.176118 8.18435e-17 0.984369
v -0.0334867 0.0869508 0.265132
vn -0.26242 9.12236e-17 0.964954
v 0.0494337 -0.347441 0.229591
vn 1.22465e-16 1 -6.12323e-17
v -0.0334867 -0.347441 0.265132
vn 1.22465e-16 1 -6.12323e-17
v -0.0306164 -0.347441 0.265977
vn 1.22465e-16 1 -6.12323e-17
v -0.0306164 -0.347441 0.265977
vn -1.22465e-16 -1 6.12323e-17
v -0.0334867 -0.347441 0.265132
vn -1.22465e-16 -1 6.12323e-17
v 0.0494337 -0.347441 0.229591
vn -1.22465e-16 -1 6.12323e-17
v 0.0494337 -0.347441 0.229591
vn 1.22465e-16 1 -6.12323e-17
v -0.0429238 -0.347441 0.258811
vn 1.22465e-16 1 -6.12323e-17
v -0.0409421 -0.347441 0.260784
vn 1.22465e-16 1 -6.12323e-17
v -0.0409421 -0.347441 0.260784
vn -1.22465e-16 -1 6.12323e-17
v -0.0429238 -0.347441 0.258811
vn -1.22465e-16 -1 6.12323e-17
v 0.0494337 -0.347441 0.229591
vn -1.22465e-16 -1 6.12323e-17
v -0.0429238 -0.347441 0.258811
vn 0.651415 -1.26234e-16 -0.758722
v -0.0409421 0.0869508 0.260784
vn 0.552908 -1.18733e-16 -0.833243
v -0.0409421 -0.347441 0.260784
vn 0.552908 -1.18733e-16 -0.833243
v -0.0409421 -0.347441 0.260784
vn -0.552908 1.18733e-16 0.833243
v -0.0409421 0.0869508 0.260784
vn -0.552908 1.18733e-16 0.833243
v -0.0429238 -0.347441 0.258811
vn -0.651415 1.26234e-16 0.758722
v -0.0446016 0.0869508 0.256627
vn -1.22465e-16 -1 6.12323e-17
v 0.0494337 0.0869508 0.229591
vn -1.22465e-16 -1 6.12323e-17
v -0.0429238 0.0869508 0.258811
vn -1.22465e-16 -1 6.12323e-17
v -0.0429238 0.0869508 0.258811
vn 1.22465e-16 1 -6.12323e-17
v 0.0494337 0.0869508 0.229591
vn 1.22465e-16 1 -6.12323e-17
v -0.0446016 0.0869508 0.256627
vn 1.22465e-16 1 -6.12323e-17
v -0.0409421 0.0869508 0.260784
vn 0.552908 -1.18733e-16 -0.833243
v -0.0429238 -0.347441 0.258811
vn 0.651415 -1.26234e-16 -0.758722
v -0.0429238 0.0869508 0.258811
vn 0.651415 -1.26234e-16 -0.758722
v -0.0429238 0.0869508 0.258811
vn -0.651415 1.26234e-16 0.758722
v -0.0429238 -0.347441 0.258811
vn -0.651415 1.26234e-16 0.758722
v -0.0409421 0.0869508 0.260784
vn -0.552908 1.18733e-16 0.833243
v -0.0306164 0.0869508 0.265977
vn -1.22465e-16 -1 6.12323e-17
v 0.0494337 0.0869508 0.229591
vn -1.22465e-16 -1 6.12323e-17
v -0.0276666 0.0869508 0.266488
vn -1.22465e-16 -1 6.12323e-17
v -0.0276666 0.0869508 0.266488
vn 1.22465e-16 1 -6.12323e-17
v 0.0494337 0.0869508 0.229591
vn 1.22465e-16 1 -6.12323e-17
v -0.0306164 0.0869508 0.265977
vn 1.22465e-16 1 -6.12323e-17
v -0.0306164 -0.347441 0.265977
vn 0.176118 -8.18435e-17 -0.984369
v -0.0334867 0.0869508 0.265132
vn 0.26242 -9.12236e-17 -0.964954
v -0.0306164 0.0869508 0.265977
vn 0.176118 -8.18435e-17 -0.984369
v -0.0306164 0.0869508 0.265977
vn -0.176118 8.18435e-17 0.984369
v -0.0334867 0.0869508 0.265132
vn -0.26242 9.12236e-17 0.964954
v -0.0306164 -0.347441 0.265977
vn -0.176118 8.18435e-17 0.984369
v 0.0494337 -0.347441 0.229591
vn 1.22465e-16 1 -6.12323e-17
v -0.0306164 -0.347441 0.265977
vn 1.22465e-16 1 -6.12323e-17
v -0.0276666 -0.347441 0.266488
vn 1.22465e-16 1 -6.12323e-17
v -0.0276666 -0.347441 0.266488
vn -1.22465e-16 -1 6.12323e-17
v -0.0306164 -0.347441 0.265977
vn -1.22465e-16 -1 6.12323e-17
v 0.0494337 -0.347441 0.229591
vn -1.22465e-16 -1 6.12323e-17
v 0.0494337 -0.347441 0.229591
vn 1.22465e-16 1 -6.12323e-17
v -0.0446016 -0.347441 0.256627
vn 1.22465e-16 1 -6.12323e-17
v -0.0429238 -0.347441 0.258811
vn 1.22465e-16 1 -6.12323e-17
v -0.0429238 -0.347441 0.258811
vn -1.22465e-16 -1 6.12323e-17
v -0.0446016 -0.347441 0.256627
vn -1.22465e-16 -1 6.12323e-17
v 0.0494337 -0.347441 0.229591
vn -1.22465e-16 -1 6.12323e-17
v -0.045936 0.0869508 0.254272
vn -1.22465e-16 -1 6.12323e-17
v 0.0494337 0.0869508 0.229591
vn -1.22465e-16 -1 6.12323e-17
v -0.0446016 0.0869508 0.256627
vn -1.22465e-16 -1 6.12323e-17
v -0.0446016 0.0869508 0.256627
vn 1.22465e-16 1 -6.12323e-17
v 0.0494337 0.0869508 0.229591
vn 1.22465e-16 1 -6.12323e-17
v -0.045936 0.0869508 0.254272
vn 1.22465e-16 1 -6.12323e-17
v -0.0429238 0.0869508 0.258811
vn 0.653996 -1.26414e-16 -0.756498
v -0.0446016 -0.347441 0.256627
vn 0.752056 -1.32459e-16 -0.659099
v -0.0446016 0.0869508 0.256627
vn 0.752056 -1.32459e-16 -0.659099
v -0.0446016 0.0869508 0.256627
vn -0.752056 1.32459e-16 0.659099
v -0.0446016 -0.347441 0.256627
vn -0.752056 1.32459e-16 0.659099
v -0.0429238 0.0869508 0.258811
vn -0.653996 1.26414e-16 0.756498
v -0.0446016 -0.347441 0.256627
vn 0.752056 -1.32459e-16 -0.659099
v -0.0429238 0.0869508 0.258811
vn 0.653996 -1.26414e-16 -0.756498
v -0.0429238 -0.347441 0.258811
vn 0.653996 -1.26414e-16 -0.756498
v -0.0429238 -0.347441 0.258811
vn -0.653996 1.26414e-16 0.756498
v -0.0429238 0.0869508 0.258811
vn -0.653996 1.26414e-16 0.756498
v -0.0446016 -0.347441 0.256627
vn -0.752056 1.32459e-16 0.659099
v -0.0276666 0.0869508 0.266488
vn -1.22465e-16 -1 6.12323e-17
v 0.0494337 0.0869508 0.229591
vn -1.22465e-16 -1 6.12323e-17
v -0.0246743 0.0869508 0.266659
vn -1.22465e-16 -1 6.12323e-17
v -0.0246743 0.0869508 0.266659
vn 1.22465e-16 1 -6.12323e-17
v 0.0494337 0.0869508 0.229591
vn 1.22465e-16 1 -6.12323e-17
v -0.0276666 0.0869508 0.266488
vn 1.22465e-16 1 -6.12323e-17
v -0.0276666 -0.347441 0.266488
vn 0.0884224 -7.18211e-17 -0.996083
v -0.0306164 0.0869508 0.265977
vn 0.17271 -8.1463e-17 -0.984973
v -0.0276666 0.0869508 0.266488
vn 0.0884224 -7.18211e-17 -0.996083
v -0.0276666 0.0869508 0.266488
vn -0.0884224 7.18211e-17 0.996083
v -0.0306164 0.0869508 0.265977
vn -0.17271 8.1463e-17 0.984973
v -0.0276666 -0.347441 0.266488
vn -0.0884224 7.18211e-17 0.996083
v -0.0306164 0.0869508 0.265977
vn 0.17271 -8.1463e-17 -0.984973
v -0.0276666 -0.347441 0.266488
vn 0.0884224 -7.18211e-17 -0.996083
v -0.0306164 -0.347441 0.265977
vn 0.17271 -8.1463e-17 -0.984973
v -0.0306164 -0.347441 0.265977
vn -0.17271 8.1463e-17 0.984973
v -0.0276666 -0.347441 0.266488
vn -0.0884224 7.18211e-17 0.996083
v -0.0306164 0.0869508 0.265977
vn -0.17271 8.1463e-17 0.984973
v 0.0494337 -0.347441 0.229591
vn 1.22465e-16 1 -6.12323e-17
v -0.0276666 -0.347441 0.266488
vn 1.22465e-16 1 -6.12323e-17
v -0.0246743 -0.347441 0.266659
vn 1.22465e-16 1 -6.12323e-17
v -0.0246743 -0.347441 0.266659
vn -1.22465e-16 -1 6.12323e-17
v -0.0276666 -0.347441 0.266488
vn -1.22465e-16 -1 6.12323e-17
v 0.0494337 -0.347441 0.229591
vn -1.22465e-16 -1 6.12323e-17
v 0.0494337 -0.347441 0.229591
vn 1.22465e-16 1 -6.12323e-17
v -0.045936 -0.347441 0.254272
vn 1.22465e-16 1 -6.12323e-17
v -0.0446016 -0.347441 0.256627
vn 1.22465e-16 1 -6.12323e-17
v -0.0446016 -0.347441 0.256627
vn -1.22465e-16 -1 6.12323e-17
v -0.045936 -0.347441 0.254272
vn -1.22465e-16 -1 6.12323e-17
v 0.0494337 -0.347441 0.229591
vn -1.22465e-16 -1 6.12323e-17
v -0.0469041 0.0869508 0.251787
vn -1.22465e-16 -1 6.12323e-17
v 0.0494337 0.0869508 0.229591
vn -1.22465e-16 -1 6.12323e-17
v -0.045936 0.0869508 0.254272
vn -1.22465e-16 -1 6.12323e-17
v -0.045936 0.0869508 0.254272
vn 1.22465e-16 1 -6.12323e-17
v 0.0494337 0.0869508 0.229591
vn 1.22465e-16 1 -6.12323e-17
v -0.0469041 0.0869508 0.251787
vn 1.22465e-16 1 -6.12323e-17
v -0.0446016 0.0869508 0.256627
vn 0.754309 -1.32576e-16 -0.656519
v -0.045936 -0.347441 0.254272
vn 0.846487 -1.36265e-16 -0.53241
v -0.045936 0.0869508 0.254272
vn 0.846487 -1.36265e-16 -0.53241
v -0.045936 0.0869508 0.254272
vn -0.846487 1.36265e-16 0.53241
v -0.045936 -0.347441 0.254272
vn -0.846487 1.36265e-16 0.53241
v -0.0446016 0.0869508 0.256627
vn -0.754309 1.32576e-16 0.656519
v -0.045936 -0.347441 0.254272
vn 0.846487 -1.36265e-16 -0.53241
v -0.0446016 0.0869508 0.256627
vn 0.754309 -1.32576e-16 -0.656519
v -0.0446016 -0.347441 0.256627
vn 0.754309 -1.32576e-16 -0.656519
v -0.0446016 -0.347441 0.256627
vn -0.754309 1.32576e-16 0.656519
v -0.0446016 0.0869508 0.256627
vn -0.754309 1.32576e-16 0.656519
v -0.045936 -0.347441 0.254272
vn -0.846487 1.36265e-16 0.53241
v -0.0246743 0.0869508 0.266659
vn -1.22465e-16 -1 6.12323e-17
v 0.0494337 0.0869508 0.229591
vn -1.22465e-16 -1 6.12323e-17
v 0.0260711 0.0869508 0.266659
vn -1.22465e-16 -1 6.12323e-17
v 0.0260711 0.0869508 0.266659
vn 1.22465e-16 1 -6.12323e-17
v 0.0494337 0.0869508 0.229591
vn 1.22465e-16 1 -6.12323e-17
v -0.0246743 0.0869508 0.266659
vn 1.22465e-16 1 -6.12323e-17
v -0.0246743 -0.347441 0.266659
vn 0.0224975 -6.3972e-17 -0.999747
v -0.0276666 0.0869508 0.266488
vn 0.0849773 -7.14176e-17 -0.996383
v -0.0246743 0.0869508 0.266659
vn 0.0224975 -6.3972e-17 -0.999747
v -0.0246743 0.0869508 0.266659
vn -0.0224975 6.3972e-17 0.999747
v -0.0276666 0.0869508 0.266488
vn -0.0849773 7.14176e-17 0.996383
v -0.0246743 -0.347441 0.266659
vn -0.0224975 6.3972e-17 0.999747
v -0.0276666 0.0869508 0.266488
vn 0.0849773 -7.14176e-17 -0.996383
v -0.0246743 -0.347441 0.266659
vn 0.0224975 -6.3972e-17 -0.999747
v -0.0276666 -0.347441 0.266488
vn 0.0849773 -7.14176e-17 -0.996383
v -0.0276666 -0.347441 0.266488
vn -0.0849773 7.14176e-17 0.996383
v -0.0246743 -0.347441 0.266659
vn -0.0224975 6.3972e-17 0.999747
v -0.0276666 0.0869508 0.266488
vn -0.0849773 7.14176e-17 0.996383
v 0.0494337 -0.347441 0.229591
vn 1.22465e-16 1 -6.12323e-17
v -0.0246743 -0.347441 0.266659
vn 1.22465e-16 1 -6.12323e-17
v 0.0260711 -0.347441 0.266659
vn 1.22465e-16 1 -6.12323e-17
v 0.0260711 -0.347441 0.266659
vn -1.22465e-16 -1 6.12323e-17
v -0.0246743 -0.347441 0.266659
vn -1.22465e-16 -1 6.12323e-17
v 0.0494337 -0.347441 0.229591
vn -1.22465e-16 -1 6.12323e-17
v 0.0494337 -0.347441 0.229591
vn 1.22465e-16 1 -6.12323e-17
v -0.0469041 -0.347441 0.251787
vn 1.22465e-16 1 -6.12323e-17
v -0.045936 -0.347441 0.254272
vn 1.22465e-16 1 -6.12323e-17
v -0.045936 -0.347441 0.254272
vn -1.22465e-16 -1 6.12323e-17
v -0.0469041 -0.347441 0.251787
vn -1.22465e-16 -1 6.12323e-17
v 0.0494337 -0.347441 0.229591
vn -1.22465e-16 -1 6.12323e-17
v -0.0474918 0.0869508 0.249213
vn -1.22465e-16 -1 6.12323e-17
v 0.0494337 0.0869508 0.229591
vn -1.22465e-16 -1 6.12323e-17
v -0.0469041 0.0869508 0.251787
vn -1.22465e-16 -1 6.12323e-17
v -0.0469041 0.0869508 0.251787
vn 1.22465e-16 1 -6.12323e-17
v 0.0494337 0.0869508 0.229591
vn 1.22465e-16 1 -6.12323e-17
v -0.0474918 0.0869508 0.249213
vn 1.22465e-16 1 -6.12323e-17
v -0.045936 0.0869508 0.254272
vn 0.848302 -1.3631e-16 -0.529513
v -0.0469041 -0.347441 0.251787
vn 0.926127 -1.36515e-16 -0.377213
v -0.0469041 0.0869508 0.251787
vn 0.926127 -1.36515e-16 -0.377213
v -0.0469041 0.0869508 0.251787
vn -0.926127 1.36515e-16 0.377213
v -0.0469041 -0.347441 0.251787
vn -0.926127 1.36515e-16 0.377213
v -0.045936 0.0869508 0.254272
vn -0.848302 1.3631e-16 0.529513
v -0.0469041 -0.347441 0.251787
vn 0.926127 -1.36515e-16 -0.377213
v -0.045936 0.0869508 0.254272
vn 0.848302 -1.3631e-16 -0.529513
v -0.045936 -0.347441 0.254272
vn 0.848302 -1.3631e-16 -0.529513
v -0.045936 -0.347441 0.254272
vn -0.848302 1.3631e-16 0.529513
v -0.045936 0.0869508 0.254272
vn -0.848302 1.3631e-16 0.529513
v -0.0469041 -0.347441 0.251787
vn -0.926127 1.36515e-16 0.377213
v 0.0260711 0.0869508 0.266659
vn -1.22465e-16 -1 6.12323e-17
v 0.0494337 0.0869508 0.229591
vn -1.22465e-16 -1 6.12323e-17
v 0.0291231 0.0869508 0.266487
vn -1.22465e-16 -1 6.12323e-17
v 0.0291231 0.0869508 0.266487
vn 1.22465e-16 1 -6.12323e-17
v 0.0494337 0.0869508 0.229591
vn 1.22465e-16 1 -6.12323e-17
v 0.0260711 0.0869508 0.266659
vn 1.22465e-16 1 -6.12323e-17
v 0.0260711 -0.347441 0.266659
vn -0.0163415 -5.92229e-17 -0.999866
v -0.0246743 0.0869508 0.266659
vn 0.0163415 -6.32254e-17 -0.999866
v 0.0260711 0.0869508 0.266659
vn -0.0163415 -5.92229e-17 -0.999866
v 0.0260711 0.0869508 0.266659
vn 0.0163415 5.92229e-17 0.999866
v -0.0246743 0.0869508 0.266659
vn -0.0163415 6.32254e-17 0.999866
v 0.0260711 -0.347441 0.266659
vn 0.0163415 5.92229e-17 0.999866
v -0.0246743 0.0869508 0.266659
vn 0.0163415 -6.32254e-17 -0.999866
v 0.0260711 -0.347441 0.266659
vn -0.0163415 -5.92229e-17 -0.999866
v -0.0246743 -0.347441 0.266659
vn 0.0163415 -6.32254e-17 -0.999866
v -0.0246743 -0.347441 0.266659
vn -0.0163415 6.32254e-17 0.999866
v 0.0260711 -0.347441 0.266659
vn 0.0163415 5.92229e-17 0.999866
v -0.0246743 0.0869508 0.266659
vn -0.0163415 6.32254e-17 0.999866
v 0.0494337 -0.347441 0.229591
vn 1.22465e-16 1 -6.12323e-17
v 0.0260711 -0.347441 0.266659
vn 1.22465e-16 1 -6.12323e-17
v 0.0291231 -0.347441 0.266487
vn 1.22465e-16 1 -6.12323e-17
v 0.0291231 -0.347441 0.266487
vn -1.22465e-16 -1 6.12323e-17
v 0.0260711 -0.347441 0.266659
vn -1.22465e-16 -1 6.12323e-17
v 0.0494337 -0.347441 0.229591
vn -1.22465e-16 -1 6.12323e-17
v 0.0494337 -0.347441 0.229591
vn 1.22465e-16 1 -6.12323e-17
v -0.0474918 -0.347441 0.249213
vn 1.22465e-16 1 -6.12323e-17
v -0.0469041 -0.347441 0.251787
vn 1.22465e-16 1 -6.12323e-17
v -0.0469041 -0.347441 0.251787
vn -1.22465e-16 -1 6.12323e-17
v -0.0474918 -0.347441 0.249213
vn -1.22465e-16 -1 6.12323e-17
v 0.0494337 -0.347441 0.229591
vn -1.22465e-16 -1 6.12323e-17
v -0.0476934 0.0869508 0.246593
vn -1.22465e-16 -1 6.12323e-17
v 0.0494337 0.0869508 0.229591
vn -1.22465e-16 -1 6.12323e-17
v -0.0474918 0.0869508 0.249213
vn -1.22465e-16 -1 6.12323e-17
v -0.0474918 0.0869508 0.249213
vn 1.22465e-16 1 -6.12323e-17
v 0.0494337 0.0869508 0.229591
vn 1.22465e-16 1 -6.12323e-17
v -0.0476934 0.0869508 0.246593
vn 1.22465e-16 1 -6.12323e-17
v -0.0469041 0.0869508 0.251787
vn 0.9274 -1.36479e-16 -0.374072
v -0.0474918 -0.347441 0.249213
vn 0.980408 -1.32127e-16 -0.196978
v -0.0474918 0.0869508 0.249213
vn 0.980408 -1.32127e-16 -0.196978
v -0.0474918 0.0869508 0.249213
vn -0.980408 1.32127e-16 0.196978
v -0.0474918 -0.347441 0.249213
vn -0.980408 1.32127e-16 0.196978
v -0.0469041 0.0869508 0.251787
vn -0.9274 1.36479e-16 0.374072
v -0.0474918 -0.347441 0.249213
vn 0.980408 -1.32127e-16 -0.196978
v -0.0469041 0.0869508 0.251787
vn 0.9274 -1.36479e-16 -0.374072
v -0.0469041 -0.347441 0.251787
vn 0.9274 -1.36479e-16 -0.374072
v -0.0469041 -0.347441 0.251787
vn -0.9274 1.36479e-16 0.374072
v -0.0469041 0.0869508 0.251787
vn -0.9274 1.36479e-16 0.374072
v -0.0474918 -0.347441 0.249213
vn -0.980408 1.32127e-16 0.196978
v 0.0291231 0.0869508 0.266487
vn -1.22465e-16 -1 6.12323e-17
v 0.0494337 0.0869508 0.229591
vn -1.22465e-16 -1 6.12323e-17
v 0.0321154 0.0869508 0.265966
vn -1.22465e-16 -1 6.12323e-17
v 0.0321154 0.0869508 0.265966
vn 1.22465e-16 1 -6.12323e-17
v 0.0494337 0.0869508 0.229591
vn 1.22465e-16 1 -6.12323e-17
v 0.0291231 0.0869508 0.266487
vn 1.22465e-16 1 -6.12323e-17
v 0.0291231 -0.347441 0.266487
vn -0.0849646 -5.06058e-17 -0.996384
v 0.0260711 0.0869508 0.266659
vn -0.022506 -5.84606e-17 -0.999747
v 0.0291231 0.0869508 0.266487
vn -0.0849646 -5.06058e-17 -0.996384
v 0.0291231 0.0869508 0.266487
vn 0.0849646 5.06058e-17 0.996384
v 0.0260711 0.0869508 0.266659
vn 0.022506 5.84606e-17 0.999747
v 0.0291231 -0.347441 0.266487
vn 0.0849646 5.06058e-17 0.996384
v 0.0260711 0.0869508 0.266659
vn -0.022506 -5.84606e-17 -0.999747
v 0.0291231 -0.347441 0.266487
vn -0.0849646 -5.06058e-17 -0.996384
v 0.0260711 -0.347441 0.266659
vn -0.022506 -5.84606e-17 -0.999747
v 0.0260711 -0.347441 0.266659
vn 0.022506 5.84606e-17 0.999747
v 0.0291231 -0.347441 0.266487
vn 0.0849646 5.06058e-17 0.996384
v 0.0260711 0.0869508 0.266659
vn 0.022506 5.84606e-17 0.999747
v 0.0494337 -0.347441 0.229591
vn 1.22465e-16 1 -6.12323e-17
v 0.0291231 -0.347441 0.266487
vn 1.22465e-16 1 -6.12323e-17
v 0.0321154 -0.347441 0.265966
vn 1.22465e-16 1 -6.12323e-17
v 0.0321154 -0.347441 0.265966
vn -1.22465e-16 -1 6.12323e-17
v 0.0291231 -0.347441 0.266487
vn -1.22465e-16 -1 6.12323e-17
v 0.0494337 -0.347441 0.229591
vn -1.22465e-16 -1 6.12323e-17
v -0.0476934 -0.347441 0.229591
vn 1.22465e-16 1 -6.12323e-17
v -0.0474918 -0.347441 0.249213
vn 1.22465e-16 1 -6.12323e-17
v 0.0494337 -0.347441 0.229591
vn 1.22465e-16 1 -6.12323e-17
v 0.0494337 -0.347441 0.229591
vn -1.22465e-16 -1 6.12323e-17
v -0.0474918 -0.347441 0.249213
vn -1.22465e-16 -1 6.12323e-17
v -0.0476934 -0.347441 0.229591
vn -1.22465e-16 -1 6.12323e-17
v 0.0494337 0.0869508 0.229591
vn -1.22465e-16 -1 6.12323e-17
v -0.0476934 0.0869508 0.246593
vn -1.22465e-16 -1 6.12323e-17
v -0.0476934 0.0869508 0.229591
vn -1.22465e-16 -1 6.12323e-17
v -0.0476934 0.0869508 0.229591
vn 1.22465e-16 1 -6.12323e-17
v -0.0476934 0.0869508 0.246593
vn 1.22465e-16 1 -6.12323e-17
v 0.0494337 0.0869508 0.229591
vn 1.22465e-16 1 -6.12323e-17
v -0.0474918 0.0869508 0.249213
vn 0.981063 -1.32006e-16 -0.193689
v -0.0476934 -0.347441 0.246593
vn 0.998732 -1.25392e-16 -0.0503417
v -0.0476934 0.0869508 0.246593
vn 0.998732 -1.25392e-16 -0.0503417
v -0.0476934 0.0869508 0.246593
vn -0.998732 1.25392e-16 0.0503417
v -0.0476934 -0.347441 0.246593
vn -0.998732 1.25392e-16 0.0503417
v -0.0474918 0.0869508 0.249213
vn -0.981063 1.32006e-16 0.193689
v -0.0476934 -0.347441 0.246593
vn 0.998732 -1.25392e-16 -0.0503417
v -0.0474918 0.0869508 0.249213
vn 0.981063 -1.32006e-16 -0.193689
v -0.0474918 -0.347441 0.249213
vn 0.981063 -1.32006e-16 -0.193689
v -0.0474918 -0.347441 0.249213
vn -0.981063 1.32006e-16 0.193689
v -0.0474918 0.0869508 0.249213
vn -0.981063 1.32006e-16 0.193689
v -0.0476934 -0.347441 0.246593
vn -0.998732 1.25392e-16 0.0503417
v 0.0321154 0.0869508 0.265966
vn -1.22465e-16 -1 6.12323e-17
v 0.0494337 0.0869508 0.229591
vn -1.22465e-16 -1 6.12323e-17
v 0.0350056 0.0869508 0.265111
vn -1.22465e-16 -1 6.12323e-17
v 0.0350056 0.0869508 0.265111
vn 1.22465e-16 1 -6.12323e-17
v 0.0494337 0.0869508 0.229591
vn 1.22465e-16 1 -6.12323e-17
v 0.0321154 0.0869508 0.265966
vn 1.22465e-16 1 -6.12323e-17
v 0.0321154 -0.347441 0.265966
vn -0.172763 -3.91542e-17 -0.984963
v 0.0291231 0.0869508 0.266487
vn -0.0884974 -5.01543e-17 -0.996076
v 0.0321154 0.0869508 0.265966
vn -0.172763 -3.91542e-17 -0.984963
v 0.0321154 0.0869508 0.265966
vn 0.172763 3.91542e-17 0.984963
v 0.0291231 0.0869508 0.266487
vn 0.0884974 5.01543e-17 0.996076
v 0.0321154 -0.347441 0.265966
vn 0.172763 3.91542e-17 0.984963
v 0.0291231 0.0869508 0.266487
vn -0.0884974 -5.01543e-17 -0.996076
v 0.0321154 -0.347441 0.265966
vn -0.172763 -3.91542e-17 -0.984963
v 0.0291231 -0.347441 0.266487
vn -0.0884974 -5.01543e-17 -0.996076
v 0.0291231 -0.347441 0.266487
vn 0.0884974 5.01543e-17 0.996076
v 0.0321154 -0.347441 0.265966
vn 0.172763 3.91542e-17 0.984963
v 0.0291231 0.0869508 0.266487
vn 0.0884974 5.01543e-17 0.996076
v 0.0494337 -0.347441 0.229591
vn 1.22465e-16 1 -6.12323e-17
v 0.0321154 -0.347441 0.265966
vn 1.22465e-16 1 -6.12323e-17
v 0.0350056 -0.347441 0.265111
vn 1.22465e-16 1 -6.12323e-17
v 0.0350056 -0.347441 0.265111
vn -1.22465e-16 -1 6.12323e-17
v 0.0321154 -0.347441 0.265966
vn -1.22465e-16 -1 6.12323e-17
v 0.0494337 -0.347441 0.229591
vn -1.22465e-16 -1 6.12323e-17
v -0.0474918 -0.347441 0.249213
vn 1.22465e-16 1 -6.12323e-17
v -0.0476934 -0.347441 0.229591
vn 1.22465e-16 1 -6.12323e-17
v -0.0476934 -0.347441 0.246593
vn 1.22465e-16 1 -6.12323e-17
v -0.0476934 -0.347441 0.246593
vn -1.22465e-16 -1 6.12323e-17
v -0.0476934 -0.347441 0.229591
vn -1.22465e-16 -1 6.12323e-17
v -0.0474918 -0.347441 0.249213
vn -1.22465e-16 -1 6.12323e-17
v 0.0494337 0.0869508 0.229591
vn 0 6.12323e-17 1
v -0.0476934 -0.347441 0.229591
vn 0 6.12323e-17 1
v 0.0494337 -0.347441 0.229591
vn 0 6.12323e-17 1
v 0.0494337 -0.347441 0.229591
vn 0 -6.12323e-17 -1
v -0.0476934 -0.347441 0.229591
vn 0 -6.12323e-17 -1
v 0.0494337 0.0869508 0.229591
vn 0 -6.12323e-17 -1
v -0.0476934 0.0869508 0.246593
vn 0.999205 -1.24809e-16 -0.0398767
v -0.0476934 -0.347441 0.229591
vn 1 -1.22465e-16 7.4988e-33
v -0.0476934 0.0869508 0.229591
vn 1 -1.22465e-16 7.4988e-33
v -0.0476934 0.0869508 0.229591
vn -1 1.22465e-16 -7.4988e-33
v -0.0476934 -0.347441 0.229591
vn -1 1.22465e-16 -7.4988e-33
v -0.0476934 0.0869508 0.246593
vn -0.999205 1.24809e-16 0.0398767
v -0.0476934 -0.347441 0.229591
vn 0 6.12323e-17 1
v 0.0494337 0.0869508 0.229591
vn 0 6.12323e-17 1
v -0.0476934 0.0869508 0.229591
vn 0 6.12323e-17 1
v -0.0476934 0.0869508 0.229591
vn 0 -6.12323e-17 -1
v 0.0494337 0.0869508 0.229591
vn 0 -6.12323e-17 -1
v -0.0476934 -0.347441 0.229591
vn 0 -6.12323e-17 -1
v -0.0476934 -0.347441 0.229591
vn 1 -1.22465e-16 7.4988e-33
v -0.0476934 0.0869508 0.246593
vn 0.999205 -1.24809e-16 -0.0398767
v -0.0476934 -0.347441 0.246593
vn 0.999205 -1.24809e-16 -0.0398767
v -0.0476934 -0.347441 0.246593
vn -0.999205 1.24809e-16 0.0398767
v -0.0476934 0.0869508 0.246593
vn -0.999205 1.24809e-16 0.0398767
v -0.0476934 -0.347441 0.229591
vn -1 1.22465e-16 -7.4988e-33
v 0.0350056 0.0869508 0.265111
vn -1.22465e-16 -1 6.12323e-17
v 0.0494337 0.0869508 0.229591
vn -1.22465e-16 -1 6.12323e-17
v 0.0377538 0.0869508 0.263932
vn -1.22465e-16 -1 6.12323e-17
v 0.0377538 0.0869508 0.263932
vn 1.22465e-16 1 -6.12323e-17
v 0.0494337 0.0869508 0.229591
vn 1.22465e-16 1 -6.12323e-17
v 0.0350056 0.0869508 0.265111
vn 1.22465e-16 1 -6.12323e-17
v 0.0350056 -0.347441 0.265111
vn -0.262484 -2.69403e-17 -0.964936
v 0.0321154 0.0869508 0.265966
vn -0.176194 -3.86969e-17 -0.984356
v 0.0350056 0.0869508 0.265111
vn -0.262484 -2.69403e-17 -0.964936
v 0.0350056 0.0869508 0.265111
vn 0.262484 2.69403e-17 0.964936
v 0.0321154 0.0869508 0.265966
vn 0.176194 3.86969e-17 0.984356
v 0.0350056 -0.347441 0.265111
vn 0.262484 2.69403e-17 0.964936
v 0.0321154 0.0869508 0.265966
vn -0.176194 -3.86969e-17 -0.984356
v 0.0350056 -0.347441 0.265111
vn -0.262484 -2.69403e-17 -0.964936
v 0.0321154 -0.347441 0.265966
vn -0.176194 -3.86969e-17 -0.984356
v 0.0321154 -0.347441 0.265966
vn 0.176194 3.86969e-17 0.984356
v 0.0350056 -0.347441 0.265111
vn 0.262484 2.69403e-17 0.964936
v 0.0321154 0.0869508 0.265966
vn 0.176194 3.86969e-17 0.984356
v 0.0494337 -0.347441 0.229591
vn 1.22465e-16 1 -6.12323e-17
v 0.0350056 -0.347441 0.265111
vn 1.22465e-16 1 -6.12323e-17
v 0.0377538 -0.347441 0.263932
vn 1.22465e-16 1 -6.12323e-17
v 0.0377538 -0.347441 0.263932
vn -1.22465e-16 -1 6.12323e-17
v 0.0350056 -0.347441 0.265111
vn -1.22465e-16 -1 6.12323e-17
v 0.0494337 -0.347441 0.229591
vn -1.22465e-16 -1 6.12323e-17
v 0.0494337 -0.347441 0.246301
vn -0.999199 1.19916e-16 -0.0400229
v 0.0494337 0.0869508 0.229591
vn -1 1.22465e-16 -7.4988e-33
v 0.0494337 -0.347441 0.229591
vn -1 1.22465e-16 -7.4988e-33
v 0.0494337 -0.347441 0.229591
vn 1 -1.22465e-16 7.4988e-33
v 0.0494337 0.0869508 0.229591
vn 1 -1.22465e-16 7.4988e-33
v 0.0494337 -0.347441 0.246301
vn 0.999199 -1.19916e-16 0.0400229
v 0.0377538 0.0869508 0.263932
vn -1.22465e-16 -1 6.12323e-17
v 0.0494337 0.0869508 0.229591
vn -1.22465e-16 -1 6.12323e-17
v 0.0403004 0.0869508 0.262453
vn -1.22465e-16 -1 6.12323e-17
v 0.0403004 0.0869508 0.262453
vn 1.22465e-16 1 -6.12323e-17
v 0.0494337 0.0869508 0.229591
vn 1.22465e-16 1 -6.12323e-17
v 0.0377538 0.0869508 0.263932
vn 1.22465e-16 1 -6.12323e-17
v 0.0377538 -0.347441 0.263932
vn -0.355043 -1.37628e-17 -0.93485
v 0.0350056 0.0869508 0.265111
vn -0.265875 -2.64681e-17 -0.964007
v 0.0377538 0.0869508 0.263932
vn -0.355043 -1.37628e-17 -0.93485
v 0.0377538 0.0869508 0.263932
vn 0.355043 1.37628e-17 0.93485
v 0.0350056 0.0869508 0.265111
vn 0.265875 2.64681e-17 0.964007
v 0.0377538 -0.347441 0.263932
vn 0.355043 1.37628e-17 0.93485
v 0.0350056 0.0869508 0.265111
vn -0.265875 -2.64681e-17 -0.964007
v 0.0377538 -0.347441 0.263932
vn -0.355043 -1.37628e-17 -0.93485
v 0.0350056 -0.347441 0.265111
vn -0.265875 -2.64681e-17 -0.964007
v 0.0350056 -0.347441 0.265111
vn 0.265875 2.64681e-17 0.964007
v 0.0377538 -0.347441 0.263932
vn 0.355043 1.37628e-17 0.93485
v 0.0350056 0.0869508 0.265111
vn 0.265875 2.64681e-17 0.964007
v 0.0494337 -0.347441 0.229591
vn 1.22465e-16 1 -6.12323e-17
v 0.0377538 -0.347441 0.263932
vn 1.22465e-16 1 -6.12323e-17
v 0.0403004 -0.347441 0.262453
vn 1.22465e-16 1 -6.12323e-17
v 0.0403004 -0.347441 0.262453
vn -1.22465e-16 -1 6.12323e-17
v 0.0377538 -0.347441 0.263932
vn -1.22465e-16 -1 6.12323e-17
v 0.0494337 -0.347441 0.229591
vn -1.22465e-16 -1 6.12323e-17
v 0.0494337 0.0869508 0.229591
vn -1 1.22465e-16 -7.4988e-33
v 0.0494337 -0.347441 0.246301
vn -0.999199 1.19916e-16 -0.0400229
v 0.0494337 0.0869508 0.246301
vn -0.999199 1.19916e-16 -0.0400229
v 0.0494337 0.0869508 0.246301
vn 0.999199 -1.19916e-16 0.0400229
v 0.0494337 -0.347441 0.246301
vn 0.999199 -1.19916e-16 0.0400229
v 0.0494337 0.0869508 0.229591
vn 1 -1.22465e-16 7.4988e-33
v 0.0494337 -0.347441 0.229591
vn 1.22465e-16 1 -6.12323e-17
v 0.0492321 -0.347441 0.248957
vn 1.22465e-16 1 -6.12323e-17
v 0.0494337 -0.347441 0.246301
vn 1.22465e-16 1 -6.12323e-17
v 0.0494337 -0.347441 0.246301
vn -1.22465e-16 -1 6.12323e-17
v 0.0492321 -0.347441 0.248957
vn -1.22465e-16 -1 6.12323e-17
v 0.0494337 -0.347441 0.229591
vn -1.22465e-16 -1 6.12323e-17
v 0.0403004 0.0869508 0.262453
vn -1.22465e-16 -1 6.12323e-17
v 0.0494337 0.0869508 0.229591
vn -1.22465e-16 -1 6.12323e-17
v 0.042583 0.0869508 0.260697
vn -1.22465e-16 -1 6.12323e-17
v 0.042583 0.0869508 0.260697
vn 1.22465e-16 1 -6.12323e-17
v 0.0494337 0.0869508 0.229591
vn 1.22465e-16 1 -6.12323e-17
v 0.0403004 0.0869508 0.262453
vn 1.22465e-16 1 -6.12323e-17
v 0.0403004 -0.347441 0.262453
vn -0.450927 5.69117e-19 -0.892561
v 0.0377538 0.0869508 0.263932
vn -0.358307 -1.32868e-17 -0.933604
v 0.0403004 0.0869508 0.262453
vn -0.450927 5.69117e-19 -0.892561
v 0.0403004 0.0869508 0.262453
vn 0.450927 -5.69117e-19 0.892561
v 0.0377538 0.0869508 0.263932
vn 0.358307 1.32868e-17 0.933604
v 0.0403004 -0.347441 0.262453
vn 0.450927 -5.69117e-19 0.892561
v 0.0377538 0.0869508 0.263932
vn -0.358307 -1.32868e-17 -0.933604
v 0.0403004 -0.347441 0.262453
vn -0.450927 5.69117e-19 -0.892561
v 0.0377538 -0.347441 0.263932
vn -0.358307 -1.32868e-17 -0.933604
v 0.0377538 -0.347441 0.263932
vn 0.358307 1.32868e-17 0.933604
v 0.0403004 -0.347441 0.262453
vn 0.450927 -5.69117e-19 0.892561
v 0.0377538 0.0869508 0.263932
vn 0.358307 1.32868e-17 0.933604
v 0.0494337 -0.347441 0.229591
vn 1.22465e-16 1 -6.12323e-17
v 0.0403004 -0.347441 0.262453
vn 1.22465e-16 1 -6.12323e-17
v 0.042583 -0.347441 0.260697
vn 1.22465e-16 1 -6.12323e-17
v 0.042583 -0.347441 0.260697
vn -1.22465e-16 -1 6.12323e-17
v 0.0403004 -0.347441 0.262453
vn -1.22465e-16 -1 6.12323e-17
v 0.0494337 -0.347441 0.229591
vn -1.22465e-16 -1 6.12323e-17
v 0.0492321 -0.347441 0.248957
vn -0.981084 1.08295e-16 -0.193584
v 0.0494337 0.0869508 0.246301
vn -0.998733 1.19229e-16 -0.0503135
v 0.0494337 -0.347441 0.246301
vn -0.998733 1.19229e-16 -0.0503135
v 0.0494337 -0.347441 0.246301
vn 0.998733 -1.19229e-16 0.0503135
v 0.0494337 0.0869508 0.246301
vn 0.998733 -1.19229e-16 0.0503135
v 0.0492321 -0.347441 0.248957
vn 0.981084 -1.08295e-16 0.193584
v 0.0492321 0.0869508 0.248957
vn -1.22465e-16 -1 6.12323e-17
v 0.0494337 0.0869508 0.229591
vn -1.22465e-16 -1 6.12323e-17
v 0.0494337 0.0869508 0.246301
vn -1.22465e-16 -1 6.12323e-17
v 0.0494337 0.0869508 0.246301
vn 1.22465e-16 1 -6.12323e-17
v 0.0494337 0.0869508 0.229591
vn 1.22465e-16 1 -6.12323e-17
v 0.0492321 0.0869508 0.248957
vn 1.22465e-16 1 -6.12323e-17
v 0.0494337 -0.347441 0.229591
vn 1.22465e-16 1 -6.12323e-17
v 0.0486246 -0.347441 0.251569
vn 1.22465e-16 1 -6.12323e-17
v 0.0492321 -0.347441 0.248957
vn 1.22465e-16 1 -6.12323e-17
v 0.0492321 -0.347441 0.248957
vn -1.22465e-16 -1 6.12323e-17
v 0.0486246 -0.347441 0.251569
vn -1.22465e-16 -1 6.12323e-17
v 0.0494337 -0.347441 0.229591
vn -1.22465e-16 -1 6.12323e-17
v 0.042583 0.0869508 0.260697
vn -1.22465e-16 -1 6.12323e-17
v 0.0494337 0.0869508 0.229591
vn -1.22465e-16 -1 6.12323e-17
v 0.0446045 0.0869508 0.258696
vn -1.22465e-16 -1 6.12323e-17
v 0.0446045 0.0869508 0.258696
vn 1.22465e-16 1 -6.12323e-17
v 0.0494337 0.0869508 0.229591
vn 1.22465e-16 1 -6.12323e-17
v 0.042583 0.0869508 0.260697
vn 1.22465e-16 1 -6.12323e-17
v 0.042583 -0.347441 0.260697
vn -0.550181 1.6246e-17 -0.835045
v 0.0403004 0.0869508 0.262453
vn -0.454099 1.05611e-18 -0.890951
v 0.042583 0.0869508 0.260697
vn -0.550181 1.6246e-17 -0.835045
v 0.042583 0.0869508 0.260697
vn 0.550181 -1.6246e-17 0.835045
v 0.0403004 0.0869508 0.262453
vn 0.454099 -1.05611e-18 0.890951
v 0.042583 -0.347441 0.260697
vn 0.550181 -1.6246e-17 0.835045
v 0.0403004 0.0869508 0.262453
vn -0.454099 1.05611e-18 -0.890951
v 0.042583 -0.347441 0.260697
vn -0.550181 1.6246e-17 -0.835045
v 0.0403004 -0.347441 0.262453
vn -0.454099 1.05611e-18 -0.890951
v 0.0403004 -0.347441 0.262453
vn 0.454099 -1.05611e-18 0.890951
v 0.042583 -0.347441 0.260697
vn 0.550181 -1.6246e-17 0.835045
v 0.0403004 0.0869508 0.262453
vn 0.454099 -1.05611e-18 0.890951
v 0.0494337 -0.347441 0.229591
vn 1.22465e-16 1 -6.12323e-17
v 0.042583 -0.347441 0.260697
vn 1.22465e-16 1 -6.12323e-17
v 0.0446045 -0.347441 0.258696
vn 1.22465e-16 1 -6.12323e-17
v 0.0446045 -0.347441 0.258696
vn -1.22465e-16 -1 6.12323e-17
v 0.042583 -0.347441 0.260697
vn -1.22465e-16 -1 6.12323e-17
v 0.0494337 -0.347441 0.229591
vn -1.22465e-16 -1 6.12323e-17
v 0.0494337 0.0869508 0.246301
vn -0.998733 1.19229e-16 -0.0503135
v 0.0492321 -0.347441 0.248957
vn -0.981084 1.08295e-16 -0.193584
v 0.0492321 0.0869508 0.248957
vn -0.981084 1.08295e-16 -0.193584
v 0.0492321 0.0869508 0.248957
vn 0.981084 -1.08295e-16 0.193584
v 0.0492321 -0.347441 0.248957
vn 0.981084 -1.08295e-16 0.193584
v 0.0494337 0.0869508 0.246301
vn 0.998733 -1.19229e-16 0.0503135
v 0.0486246 0.0869508 0.251569
vn -1.22465e-16 -1 6.12323e-17
v 0.0494337 0.0869508 0.229591
vn -1.22465e-16 -1 6.12323e-17
v 0.0492321 0.0869508 0.248957
vn -1.22465e-16 -1 6.12323e-17
v 0.0492321 0.0869508 0.248957
vn 1.22465e-16 1 -6.12323e-17
v 0.0494337 0.0869508 0.229591
vn 1.22465e-16 1 -6.12323e-17
v 0.0486246 0.0869508 0.251569
vn 1.22465e-16 1 -6.12323e-17
v 0.0494337 -0.347441 0.229591
vn 1.22465e-16 1 -6.12323e-17
v 0.0476564 -0.347441 0.254092
vn 1.22465e-16 1 -6.12323e-17
v 0.0486246 -0.347441 0.251569
vn 1.22465e-16 1 -6.12323e-17
v 0.0486246 -0.347441 0.251569
vn -1.22465e-16 -1 6.12323e-17
v 0.0476564 -0.347441 0.254092
vn -1.22465e-16 -1 6.12323e-17
v 0.0494337 -0.347441 0.229591
vn -1.22465e-16 -1 6.12323e-17
v 0.0486246 -0.347441 0.251569
vn -0.927421 9.06743e-17 -0.374018
v 0.0492321 0.0869508 0.248957
vn -0.980398 1.08e-16 -0.197029
v 0.0492321 -0.347441 0.248957
vn -0.980398 1.08e-16 -0.197029
v 0.0492321 -0.347441 0.248957
vn 0.980398 -1.08e-16 0.197029
v 0.0492321 0.0869508 0.248957
vn 0.980398 -1.08e-16 0.197029
v 0.0486246 -0.347441 0.251569
vn 0.927421 -9.06743e-17 0.374018
v 0.0446045 0.0869508 0.258696
vn -1.22465e-16 -1 6.12323e-17
v 0.0494337 0.0869508 0.229591
vn -1.22465e-16 -1 6.12323e-17
v 0.0463022 0.0869508 0.25648
vn -1.22465e-16 -1 6.12323e-17
v 0.0463022 0.0869508 0.25648
vn 1.22465e-16 1 -6.12323e-17
v 0.0494337 0.0869508 0.229591
vn 1.22465e-16 1 -6.12323e-17
v 0.0446045 0.0869508 0.258696
vn 1.22465e-16 1 -6.12323e-17
v 0.0446045 0.0869508 0.258696
vn -0.651484 3.33291e-17 -0.758662
v 0.042583 -0.347441 0.260697
vn -0.553023 1.6709e-17 -0.833166
v 0.042583 0.0869508 0.260697
vn -0.553023 1.6709e-17 -0.833166
v 0.042583 0.0869508 0.260697
vn 0.553023 -1.6709e-17 0.833166
v 0.042583 -0.347441 0.260697
vn 0.553023 -1.6709e-17 0.833166
v 0.0446045 0.0869508 0.258696
vn 0.651484 -3.33291e-17 0.758662
v 0.042583 -0.347441 0.260697
vn -0.553023 1.6709e-17 -0.833166
v 0.0446045 0.0869508 0.258696
vn -0.651484 3.33291e-17 -0.758662
v 0.0446045 -0.347441 0.258696
vn -0.651484 3.33291e-17 -0.758662
v 0.0446045 -0.347441 0.258696
vn 0.651484 -3.33291e-17 0.758662
v 0.0446045 0.0869508 0.258696
vn 0.651484 -3.33291e-17 0.758662
v 0.042583 -0.347441 0.260697
vn 0.553023 -1.6709e-17 0.833166
v 0.0494337 -0.347441 0.229591
vn 1.22465e-16 1 -6.12323e-17
v 0.0446045 -0.347441 0.258696
vn 1.22465e-16 1 -6.12323e-17
v 0.0463022 -0.347441 0.25648
vn 1.22465e-16 1 -6.12323e-17
v 0.0463022 -0.347441 0.25648
vn -1.22465e-16 -1 6.12323e-17
v 0.0446045 -0.347441 0.258696
vn -1.22465e-16 -1 6.12323e-17
v 0.0494337 -0.347441 0.229591
vn -1.22465e-16 -1 6.12323e-17
v 0.0476564 0.0869508 0.254092
vn -1.22465e-16 -1 6.12323e-17
v 0.0494337 0.0869508 0.229591
vn -1.22465e-16 -1 6.12323e-17
v 0.0486246 0.0869508 0.251569
vn -1.22465e-16 -1 6.12323e-17
v 0.0486246 0.0869508 0.251569
vn 1.22465e-16 1 -6.12323e-17
v 0.0494337 0.0869508 0.229591
vn 1.22465e-16 1 -6.12323e-17
v 0.0476564 0.0869508 0.254092
vn 1.22465e-16 1 -6.12323e-17
v 0.0492321 0.0869508 0.248957
vn -0.980398 1.08e-16 -0.197029
v 0.0486246 -0.347441 0.251569
vn -0.927421 9.06743e-17 -0.374018
v 0.0486246 0.0869508 0.251569
vn -0.927421 9.06743e-17 -0.374018
v 0.0486246 0.0869508 0.251569
vn 0.927421 -9.06743e-17 0.374018
v 0.0486246 -0.347441 0.251569
vn 0.927421 -9.06743e-17 0.374018
v 0.0492321 0.0869508 0.248957
vn 0.980398 -1.08e-16 0.197029
v 0.0494337 -0.347441 0.229591
vn 1.22465e-16 1 -6.12323e-17
v 0.0463022 -0.347441 0.25648
vn 1.22465e-16 1 -6.12323e-17
v 0.0476564 -0.347441 0.254092
vn 1.22465e-16 1 -6.12323e-17
v 0.0476564 -0.347441 0.254092
vn -1.22465e-16 -1 6.12323e-17
v 0.0463022 -0.347441 0.25648
vn -1.22465e-16 -1 6.12323e-17
v 0.0494337 -0.347441 0.229591
vn -1.22465e-16 -1 6.12323e-17
v 0.0476564 -0.347441 0.254092
vn -0.848446 7.14955e-17 -0.529282
v 0.0486246 0.0869508 0.251569
vn -0.926203 9.03411e-17 -0.377025
v 0.0486246 -0.347441 0.251569
vn -0.926203 9.03411e-17 -0.377025
v 0.0486246 -0.347441 0.251569
vn 0.926203 -9.03411e-17 0.377025
v 0.0486246 0.0869508 0.251569
vn 0.926203 -9.03411e-17 0.377025
v 0.0476564 -0.347441 0.254092
vn 0.848446 -7.14955e-17 0.529282
v 0.0463022 0.0869508 0.25648
vn -1.22465e-16 -1 6.12323e-17
v 0.0494337 0.0869508 0.229591
vn -1.22465e-16 -1 6.12323e-17
v 0.0476564 0.0869508 0.254092
vn -1.22465e-16 -1 6.12323e-17
v 0.0476564 0.0869508 0.254092
vn 1.22465e-16 1 -6.12323e-17
v 0.0494337 0.0869508 0.229591
vn 1.22465e-16 1 -6.12323e-17
v 0.0463022 0.0869508 0.25648
vn 1.22465e-16 1 -6.12323e-17
v 0.0463022 0.0869508 0.25648
vn -0.752167 5.17635e-17 -0.658973
v 0.0446045 -0.347441 0.258696
vn -0.654156 3.37974e-17 -0.756359
v 0.0446045 0.0869508 0.258696
vn -0.654156 3.37974e-17 -0.756359
v 0.0446045 0.0869508 0.258696
vn 0.654156 -3.37974e-17 0.756359
v 0.0446045 -0.347441 0.258696
vn 0.654156 -3.37974e-17 0.756359
v 0.0463022 0.0869508 0.25648
vn 0.752167 -5.17635e-17 0.658973
v 0.0446045 -0.347441 0.258696
vn -0.654156 3.37974e-17 -0.756359
v 0.0463022 0.0869508 0.25648
vn -0.752167 5.17635e-17 -0.658973
v 0.0463022 -0.347441 0.25648
vn -0.752167 5.17635e-17 -0.658973
v 0.0463022 -0.347441 0.25648
vn 0.752167 -5.17635e-17 0.658973
v 0.0463022 0.0869508 0.25648
vn 0.752167 -5.17635e-17 0.658973
v 0.0446045 -0.347441 0.258696
vn 0.654156 -3.37974e-17 0.756359
v 0.0486246 0.0869508 0.251569
vn -0.926203 9.03411e-17 -0.377025
v 0.0476564 -0.347441 0.254092
vn -0.848446 7.14955e-17 -0.529282
v 0.0476564 0.0869508 0.254092
vn -0.848446 7.14955e-17 -0.529282
v 0.0476564 0.0869508 0.254092
vn 0.848446 -7.14955e-17 0.529282
v 0.0476564 -0.347441 0.254092
vn 0.848446 -7.14955e-17 0.529282
v 0.0486246 0.0869508 0.251569
vn 0.926203 -9.03411e-17 0.377025
v 0.0463022 -0.347441 0.25648
vn -0.754428 5.21989e-17 -0.656383
v 0.0476564 0.0869508 0.254092
vn -0.846549 7.10778e-17 -0.53231
v 0.0476564 -0.347441 0.254092
vn -0.846549 7.10778e-17 -0.53231
v 0.0476564 -0.347441 0.254092
vn 0.846549 -7.10778e-17 0.53231
v 0.0476564 0.0869508 0.254092
vn 0.846549 -7.10778e-17 0.53231
v 0.0463022 -0.347441 0.25648
vn 0.754428 -5.21989e-17 0.656383
v 0.0476564 0.0869508 0.254092
vn -0.846549 7.10778e-17 -0.53231
v 0.0463022 -0.347441 0.25648
vn -0.754428 5.21989e-17 -0.656383
v 0.0463022 0.0869508 0.25648
vn -0.754428 5.21989e-17 -0.656383
v 0.0463022 0.0869508 0.25648
vn 0.754428 -5.21989e-17 0.656383
v 0.0463022 -0.347441 0.25648
vn 0.754428 -5.21989e-17 0.656383
v 0.0476564 0.0869508 0.254092
vn 0.846549 -7.10778e-17 0.53231
v 0.227076 -0.0217472 0.229591
vn 0 -6.12323e-17 -1
v 0.0728162 0.0869508 0.229591
vn 4.77006e-17 0.389505 -0.921024
v 0.243123 0.0869508 0.229591
vn 4.77006e-17 0.389505 -0.921024
v 0.0728162 0.0869508 0.229591
vn 4.77006e-17 0.389505 -0.921024
v 0.227076 -0.0217472 0.229591
vn 0 -6.12323e-17 -1
v 0.0567698 -0.0217472 0.229591
vn 0 -6.12323e-17 -1
v 0.243123 0.0869508 0.229591
vn -4.77006e-17 -0.389505 0.921024
v 0.0728162 0.0869508 0.229591
vn -4.77006e-17 -0.389505 0.921024
v 0.227076 -0.0217472 0.229591
vn 0 6.12323e-17 1
v 0.0567698 -0.0217472 0.229591
vn 0 6.12323e-17 1
v 0.227076 -0.0217472 0.229591
vn 0 6.12323e-17 1
v 0.0728162 0.0869508 0.229591
vn -4.77006e-17 -0.389505 0.921024
v 0.0728162 0.0869508 0.229591
vn 6.04409e-17 0.493537 -0.869725
v 0.0767767 0.0869508 0.270407
vn 1.22465e-16 1 -6.12323e-17
v 0.243123 0.0869508 0.229591
vn 6.04409e-17 0.493537 -0.869725
v 0.243123 0.0869508 0.229591
vn -6.04409e-17 -0.493537 0.869725
v 0.0767767 0.0869508 0.270407
vn -1.22465e-16 -1 6.12323e-17
v 0.0728162 0.0869508 0.229591
vn -6.04409e-17 -0.493537 0.869725
v 0.243123 0.0869508 0.229591
vn 4.57e-17 0.373169 -0.927764
v 0.454173 -0.0217472 0.229591
vn 0 -6.12323e-17 -1
v 0.227076 -0.0217472 0.229591
vn 0 -6.12323e-17 -1
v 0.227076 -0.0217472 0.229591
vn 0 6.12323e-17 1
v 0.454173 -0.0217472 0.229591
vn 0 6.12323e-17 1
v 0.243123 0.0869508 0.229591
vn -4.57e-17 -0.373169 0.927764
v 0.227076 -0.130436 0.229591
vn 0 -6.12323e-17 -1
v 0.0567698 -0.0217472 0.229591
vn 0 -6.12323e-17 -1
v 0.227076 -0.0217472 0.229591
vn 0 -6.12323e-17 -1
v 0.227076 -0.0217472 0.229591
vn 0 6.12323e-17 1
v 0.0567698 -0.0217472 0.229591
vn 0 6.12323e-17 1
v 0.227076 -0.130436 0.229591
vn 0 6.12323e-17 1
v 0.0567698 -0.0217472 0.229591
vn 0 -6.12323e-17 -1
v 0.0494337 0.0869508 0.229591
vn 8.52358e-17 0.696003 -0.718039
v 0.0728162 0.0869508 0.229591
vn 5.36902e-17 0.438414 -0.898773
v 0.0728162 0.0869508 0.229591
vn -5.36902e-17 -0.438414 0.898773
v 0.0494337 0.0869508 0.229591
vn -8.52358e-17 -0.696003 0.718039
v 0.0567698 -0.0217472 0.229591
vn 0 6.12323e-17 1
v 0.0728162 0.0869508 0.229591
vn 5.51652e-17 0.450458 -0.892798
v 0.0649548 0.0869508 0.266853
vn 1.22465e-16 1 -6.12323e-17
v 0.0767767 0.0869508 0.270407
vn 1.22465e-16 1 -6.12323e-17
v 0.0767767 0.0869508 0.270407
vn -1.22465e-16 -1 6.12323e-17
v 0.0649548 0.0869508 0.266853
vn -1.22465e-16 -1 6.12323e-17
v 0.0728162 0.0869508 0.229591
vn -5.51652e-17 -0.450458 0.892798
v 0.243123 0.0869508 0.229591
vn 5.57415e-17 0.455164 -0.890408
v 0.0767767 0.0869508 0.270407
vn 1.22465e-16 1 -6.12323e-17
v 0.0915909 0.0869508 0.273701
vn 1.22465e-16 1 -6.12323e-17
v 0.0915909 0.0869508 0.273701
vn -1.22465e-16 -1 6.12323e-17
v 0.0767767 0.0869508 0.270407
vn -1.22465e-16 -1 6.12323e-17
v 0.243123 0.0869508 0.229591
vn -5.57415e-17 -0.455164 0.890408
v 0.454173 -0.0217472 0.229591
vn 0 -6.12323e-17 -1
v 0.243123 0.0869508 0.229591
vn 4.57e-17 0.373169 -0.927764
v 0.470219 0.0869508 0.229591
vn 4.57e-17 0.373169 -0.927764
v 0.470219 0.0869508 0.229591
vn -4.57e-17 -0.373169 0.927764
v 0.243123 0.0869508 0.229591
vn -4.57e-17 -0.373169 0.927764
v 0.454173 -0.0217472 0.229591
vn 0 6.12323e-17 1
v 0.454173 -0.130436 0.229591
vn 0 -6.12323e-17 -1
v 0.227076 -0.0217472 0.229591
vn 0 -6.12323e-17 -1
v 0.454173 -0.0217472 0.229591
vn 0 -6.12323e-17 -1
v 0.454173 -0.0217472 0.229591
vn 0 6.12323e-17 1
v 0.227076 -0.0217472 0.229591
vn 0 6.12323e-17 1
v 0.454173 -0.130436 0.229591
vn 0 6.12323e-17 1
v 0.0567698 -0.0217472 0.229591
vn 0 -6.12323e-17 -1
v 0.227076 -0.130436 0.229591
vn 0 -6.12323e-17 -1
v 0.0567698 -0.130436 0.229591
vn 0 -6.12323e-17 -1
v 0.0567698 -0.130436 0.229591
vn 0 6.12323e-17 1
v 0.227076 -0.130436 0.229591
vn 0 6.12323e-17 1
v 0.0567698 -0.0217472 0.229591
vn 0 6.12323e-17 1
v 0.227076 -0.0217472 0.229591
vn 0 -6.12323e-17 -1
v 0.454173 -0.130436 0.229591
vn 0 -6.12323e-17 -1
v 0.227076 -0.130436 0.229591
vn 0 -6.12323e-17 -1
v 0.227076 -0.130436 0.229591
vn 0 6.12323e-17 1
v 0.454173 -0.130436 0.229591
vn 0 6.12323e-17 1
v 0.227076 -0.0217472 0.229591
vn 0 6.12323e-17 1
v 0.0494337 0.0869508 0.229591
vn 8.57398e-17 0.700119 -0.714027
v 0.0567698 -0.0217472 0.229591
vn 0 -6.12323e-17 -1
v 0.0494337 -0.130436 0.229591
vn 0 -6.12323e-17 -1
v 0.0494337 -0.130436 0.229591
vn 0 6.12323e-17 1
v 0.0567698 -0.0217472 0.229591
vn 0 6.12323e-17 1
v 0.0494337 0.0869508 0.229591
vn -8.57398e-17 -0.700119 0.714027
v 0.0494337 0.0869508 0.229591
vn 8.69614e-17 0.710094 -0.704107
v 0.0511712 0.0869508 0.259213
vn 1.22465e-16 1 -6.12323e-17
v 0.0728162 0.0869508 0.229591
vn 5.53546e-17 0.452004 -0.892016
v 0.0728162 0.0869508 0.229591
vn -5.53546e-17 -0.452004 0.892016
v 0.0511712 0.0869508 0.259213
vn -1.22465e-16 -1 6.12323e-17
v 0.0494337 0.0869508 0.229591
vn -8.69614e-17 -0.710094 0.704107
v 0.0728162 0.0869508 0.229591
vn 5.50639e-17 0.449631 -0.893215
v 0.0563866 0.0869508 0.2631
vn 1.22465e-16 1 -6.12323e-17
v 0.0649548 0.0869508 0.266853
vn 1.22465e-16 1 -6.12323e-17
v 0.0649548 0.0869508 0.266853
vn -1.22465e-16 -1 6.12323e-17
v 0.0563866 0.0869508 0.2631
vn -1.22465e-16 -1 6.12323e-17
v 0.0728162 0.0869508 0.229591
vn -5.50639e-17 -0.449631 0.893215
v -0.0476934 0.0869508 0.254817
vn 1.22465e-16 1 -6.12323e-17
v 0.0767767 0.0869508 0.270407
vn 1.22465e-16 1 -6.12323e-17
v 0.0649548 0.0869508 0.266853
vn 1.22465e-16 1 -6.12323e-17
v 0.0649548 0.0869508 0.266853
vn -1.22465e-16 -1 6.12323e-17
v 0.0767767 0.0869508 0.270407
vn -1.22465e-16 -1 6.12323e-17
v -0.0476934 0.0869508 0.254817
vn -1.22465e-16 -1 6.12323e-17
v 0.0767767 -0.347822 0.270407
vn 0.382305 0.428083 -0.818894
v 0.0649548 0.0869508 0.266853
vn 0.541189 -1.17767e-16 -0.840901
v 0.0767767 0.0869508 0.270407
vn 0.422743 -1.07263e-16 -0.90625
v 0.0767767 0.0869508 0.270407
vn -0.422743 1.07263e-16 0.90625
v 0.0649548 0.0869508 0.266853
vn -0.541189 1.17767e-16 0.840901
v 0.0767767 -0.347822 0.270407
vn -0.382305 -0.428083 0.818894
v -0.0476934 0.0869508 0.254817
vn 1.22465e-16 1 -6.12323e-17
v 0.0915909 0.0869508 0.273701
vn 1.22465e-16 1 -6.12323e-17
v 0.0767767 0.0869508 0.270407
vn 1.22465e-16 1 -6.12323e-17
v 0.0767767 0.0869508 0.270407
vn -1.22465e-16 -1 6.12323e-17
v 0.0915909 0.0869508 0.273701
vn -1.22465e-16 -1 6.12323e-17
v -0.0476934 0.0869508 0.254817
vn -1.22465e-16 -1 6.12323e-17
v 0.0915909 -0.347822 0.273701
vn 0.299306 0.424254 -0.854649
v 0.0767767 0.0869508 0.270407
vn 0.417225 -1.06743e-16 -0.908803
v 0.0915909 0.0869508 0.273701
vn 0.330273 -9.82431e-17 -0.943885
v 0.0915909 0.0869508 0.273701
vn -0.330273 9.82431e-17 0.943885
v 0.0767767 0.0869508 0.270407
vn -0.417225 1.06743e-16 0.908803
v 0.0915909 -0.347822 0.273701
vn -0.299306 -0.424254 0.854649
v 0.243123 0.0869508 0.229591
vn 5.58047e-17 0.45568 -0.890144
v 0.0915909 0.0869508 0.273701
vn 1.22465e-16 1 -6.12323e-17
v 0.109193 0.0869508 0.276681
vn 1.22465e-16 1 -6.12323e-17
v 0.109193 0.0869508 0.276681
vn -1.22465e-16 -1 6.12323e-17
v 0.0915909 0.0869508 0.273701
vn -1.22465e-16 -1 6.12323e-17
v 0.243123 0.0869508 0.229591
vn -5.58047e-17 -0.45568 0.890144
v 0.243123 0.0869508 0.229591
vn 6.47824e-17 0.528989 -0.848629
v 0.253471 0.0869508 0.285555
vn 1.22465e-16 1 -6.12323e-17
v 0.470219 0.0869508 0.229591
vn 6.47824e-17 0.528989 -0.848629
v 0.470219 0.0869508 0.229591
vn -6.47824e-17 -0.528989 0.848629
v 0.253471 0.0869508 0.285555
vn -1.22465e-16 -1 6.12323e-17
v 0.243123 0.0869508 0.229591
vn -6.47824e-17 -0.528989 0.848629
v 0.503607 0.0869508 0.229591
vn 8.46609e-17 0.691308 -0.72256
v 0.454173 -0.0217472 0.229591
vn 0 -6.12323e-17 -1
v 0.470219 0.0869508 0.229591
vn 5.32404e-17 0.434741 -0.900556
v 0.470219 0.0869508 0.229591
vn -5.32404e-17 -0.434741 0.900556
v 0.454173 -0.0217472 0.229591
vn 0 6.12323e-17 1
v 0.503607 0.0869508 0.229591
vn -8.46609e-17 -0.691308 0.72256
v 0.454173 -0.0217472 0.229591
vn 0 -6.12323e-17 -1
v 0.681249 -0.130436 0.229591
vn 0 -6.12323e-17 -1
v 0.454173 -0.130436 0.229591
vn 0 -6.12323e-17 -1
v 0.454173 -0.130436 0.229591
vn 0 6.12323e-17 1
v 0.681249 -0.130436 0.229591
vn 0 6.12323e-17 1
v 0.454173 -0.0217472 0.229591
vn 0 6.12323e-17 1
v 0.227076 -0.239134 0.229591
vn 0 -6.12323e-17 -1
v 0.0567698 -0.130436 0.229591
vn 0 -6.12323e-17 -1
v 0.227076 -0.130436 0.229591
vn 0 -6.12323e-17 -1
v 0.227076 -0.130436 0.229591
vn 0 6.12323e-17 1
v 0.0567698 -0.130436 0.229591
vn 0 6.12323e-17 1
v 0.227076 -0.239134 0.229591
vn 0 6.12323e-17 1
v 0.0494337 -0.130436 0.229591
vn 0 -6.12323e-17 -1
v 0.0567698 -0.0217472 0.229591
vn 0 -6.12323e-17 -1
v 0.0567698 -0.130436 0.229591
vn 0 -6.12323e-17 -1
v 0.0567698 -0.130436 0.229591
vn 0 6.12323e-17 1
v 0.0567698 -0.0217472 0.229591
vn 0 6.12323e-17 1
v 0.0494337 -0.130436 0.229591
vn 0 6.12323e-17 1
v 0.454173 -0.239134 0.229591
vn 0 -6.12323e-17 -1
v 0.227076 -0.130436 0.229591
vn 0 -6.12323e-17 -1
v 0.454173 -0.130436 0.229591
vn 0 -6.12323e-17 -1
v 0.454173 -0.130436 0.229591
vn 0 6.12323e-17 1
v 0.227076 -0.130436 0.229591
vn 0 6.12323e-17 1
v 0.454173 -0.239134 0.229591
vn 0 6.12323e-17 1
v 0.0494337 -0.130436 0.229591
vn -1 1.22465e-16 -7.4988e-33
v 0.0494337 -0.347822 0.25526
vn -0.115283 0.965666 -0.232806
v 0.0494337 0.0869508 0.229591
vn -1 1.22465e-16 -7.4988e-33
v 0.0494337 0.0869508 0.229591
vn 1 -1.22465e-16 7.4988e-33
v 0.0494337 -0.347822 0.25526
vn 0.115283 -0.965666 0.232806
v 0.0494337 -0.130436 0.229591
vn 1 -1.22465e-16 7.4988e-33
v -0.0476934 -0.130436 0.229591
vn 0 -6.12323e-17 -1
v 0.0494337 0.0869508 0.229591
vn 7.60198e-17 0.620749 -0.784009
v 0.0494337 -0.130436 0.229591
vn 0 -6.12323e-17 -1
v 0.0494337 -0.130436 0.229591
vn 0 6.12323e-17 1
v 0.0494337 0.0869508 0.229591
vn -7.60198e-17 -0.620749 0.784009
v -0.0476934 -0.130436 0.229591
vn 0 6.12323e-17 1
v 0.0511712 0.0869508 0.259213
vn 1.22465e-16 1 -6.12323e-17
v 0.0494337 0.0869508 0.229591
vn 8.66193e-17 0.7073 -0.706913
v 0.0494337 0.0869508 0.25526
vn 1.22465e-16 1 -6.12323e-17
v 0.0494337 0.0869508 0.25526
vn -1.22465e-16 -1 6.12323e-17
v 0.0494337 0.0869508 0.229591
vn -8.66193e-17 -0.7073 0.706913
v 0.0511712 0.0869508 0.259213
vn -1.22465e-16 -1 6.12323e-17
v 0.0728162 0.0869508 0.229591
vn 5.49705e-17 0.448868 -0.893598
v 0.0511712 0.0869508 0.259213
vn 1.22465e-16 1 -6.12323e-17
v 0.0563866 0.0869508 0.2631
vn 1.22465e-16 1 -6.12323e-17
v 0.0563866 0.0869508 0.2631
vn -1.22465e-16 -1 6.12323e-17
v 0.0511712 0.0869508 0.259213
vn -1.22465e-16 -1 6.12323e-17
v 0.0728162 0.0869508 0.229591
vn -5.49705e-17 -0.448868 0.893598
v -0.0476934 0.0869508 0.229591
vn 8.66505e-17 0.707555 -0.706658
v 0.0649548 0.0869508 0.266853
vn 1.22465e-16 1 -6.12323e-17
v 0.0563866 0.0869508 0.2631
vn 1.22465e-16 1 -6.12323e-17
v 0.0563866 0.0869508 0.2631
vn -1.22465e-16 -1 6.12323e-17
v 0.0649548 0.0869508 0.266853
vn -1.22465e-16 -1 6.12323e-17
v -0.0476934 0.0869508 0.229591
vn -8.66505e-17 -0.707555 0.706658
v 0.0649548 -0.347822 0.266853
vn 0.49399 0.432415 -0.754315
v 0.0563866 0.0869508 0.2631
vn 0.708622 -1.29986e-16 -0.705588
v 0.0649548 0.0869508 0.266853
vn 0.547534 -1.18292e-16 -0.836784
v 0.0649548 0.0869508 0.266853
vn -0.547534 1.18292e-16 0.836784
v 0.0563866 0.0869508 0.2631
vn -0.708622 1.29986e-16 0.705588
v 0.0649548 -0.347822 0.266853
vn -0.49399 -0.432415 0.754315
v -0.0476934 0.0869508 0.254817
vn 1.22465e-16 1 -6.12323e-17
v 0.0649548 0.0869508 0.266853
vn 1.22465e-16 1 -6.12323e-17
v -0.0476934 0.0869508 0.229591
vn 8.80672e-17 0.719123 -0.694882
v -0.0476934 0.0869508 0.229591
vn -8.80672e-17 -0.719123 0.694882
v 0.0649548 0.0869508 0.266853
vn -1.22465e-16 -1 6.12323e-17
v -0.0476934 0.0869508 0.254817
vn -1.22465e-16 -1 6.12323e-17
v 0.0649548 0.0869508 0.266853
vn 0.541189 -1.17767e-16 -0.840901
v 0.0767767 -0.347822 0.270407
vn 0.382305 0.428083 -0.818894
v 0.0649548 -0.347822 0.266853
vn 0.488558 0.428789 -0.759902
v 0.0649548 -0.347822 0.266853
vn -0.488558 -0.428789 0.759902
v 0.0767767 -0.347822 0.270407
vn -0.382305 -0.428083 0.818894
v 0.0649548 0.0869508 0.266853
vn -0.541189 1.17767e-16 0.840901
v 0.0767767 0.0869508 0.270407
vn 0.417225 -1.06743e-16 -0.908803
v 0.0915909 -0.347822 0.273701
vn 0.299306 0.424254 -0.854649
v 0.0767767 -0.347822 0.270407
vn 0.37746 0.424538 -0.822977
v 0.0767767 -0.347822 0.270407
vn -0.37746 -0.424538 0.822977
v 0.0915909 -0.347822 0.273701
vn -0.299306 -0.424254 0.854649
v 0.0767767 0.0869508 0.270407
vn -0.417225 1.06743e-16 0.908803
v -0.0476934 0.0869508 0.254817
vn 1.22465e-16 1 -6.12323e-17
v 0.908343 0.0869508 0.420948
vn 1.00599e-16 0.821454 -0.570275
v 0.0915909 0.0869508 0.273701
vn 1.22465e-16 1 -6.12323e-17
v 0.0915909 0.0869508 0.273701
vn -1.22465e-16 -1 6.12323e-17
v 0.908343 0.0869508 0.420948
vn -1.00599e-16 -0.821454 0.570275
v -0.0476934 0.0869508 0.254817
vn -1.22465e-16 -1 6.12323e-17
v 0.0915909 0.0869508 0.273701
vn 0.325376 -9.77475e-17 -0.945585
v 0.109193 -0.347822 0.276681
vn 0.235133 0.420732 -0.876183
v 0.0915909 -0.347822 0.273701
vn 0.294898 0.42086 -0.857853
v 0.0915909 -0.347822 0.273701
vn -0.294898 -0.42086 0.857853
v 0.109193 -0.347822 0.276681
vn -0.235133 -0.420732 0.876183
v 0.0915909 0.0869508 0.273701
vn -0.325376 9.77475e-17 0.945585
v 0.0915909 0.0869508 0.273701
vn 1.22465e-16 1 -6.12323e-17
v 0.908343 0.0869508 0.420948
vn 9.88677e-17 0.807316 -0.590119
v 0.109193 0.0869508 0.276681
vn 1.22465e-16 1 -6.12323e-17
v 0.109193 0.0869508 0.276681
vn -1.22465e-16 -1 6.12323e-17
v 0.908343 0.0869508 0.420948
vn -9.88677e-17 -0.807316 0.590119
v 0.0915909 0.0869508 0.273701
vn -1.22465e-16 -1 6.12323e-17
v 0.109193 -0.347822 0.276681
vn 0.235133 0.420732 -0.876183
v 0.0915909 0.0869508 0.273701
vn 0.325376 -9.77475e-17 -0.945585
v 0.109193 0.0869508 0.276681
vn 0.258964 -9.08574e-17 -0.965887
v 0.109193 0.0869508 0.276681
vn -0.258964 9.08574e-17 0.965887
v 0.0915909 0.0869508 0.273701
vn -0.325376 9.77475e-17 0.945585
v 0.109193 -0.347822 0.276681
vn -0.235133 -0.420732 0.876183
v 0.243123 0.0869508 0.229591
vn 5.58608e-17 0.456138 -0.889909
v 0.109193 0.0869508 0.276681
vn 1.22465e-16 1 -6.12323e-17
v 0.129262 0.0869508 0.279292
vn 1.22465e-16 1 -6.12323e-17
v 0.129262 0.0869508 0.279292
vn -1.22465e-16 -1 6.12323e-17
v 0.109193 0.0869508 0.276681
vn -1.22465e-16 -1 6.12323e-17
v 0.243123 0.0869508 0.229591
vn -5.58608e-17 -0.456138 0.889909
v 0.243123 0.0869508 0.229591
vn 5.60223e-17 0.457457 -0.889232
v 0.226835 0.0869508 0.285294
vn 1.22465e-16 1 -6.12323e-17
v 0.253471 0.0869508 0.285555
vn 1.22465e-16 1 -6.12323e-17
v 0.253471 0.0869508 0.285555
vn -1.22465e-16 -1 6.12323e-17
v 0.226835 0.0869508 0.285294
vn -1.22465e-16 -1 6.12323e-17
v 0.243123 0.0869508 0.229591
vn -5.60223e-17 -0.457457 0.889232
v 0.470219 0.0869508 0.229591
vn 7.31128e-17 0.597011 -0.802233
v 0.253471 0.0869508 0.285555
vn 1.22465e-16 1 -6.12323e-17
v 0.703053 0.0869508 0.285555
vn 1.22465e-16 1 -6.12323e-17
v 0.703053 0.0869508 0.285555
vn -1.22465e-16 -1 6.12323e-17
v 0.253471 0.0869508 0.285555
vn -1.22465e-16 -1 6.12323e-17
v 0.470219 0.0869508 0.229591
vn -7.31128e-17 -0.597011 0.802233
v 0.454173 -0.0217472 0.229591
vn 0 -6.12323e-17 -1
v 0.503607 0.0869508 0.229591
vn 7.43996e-17 0.607519 -0.794305
v 0.681249 -0.0217472 0.229591
vn 0 -6.12323e-17 -1
v 0.681249 -0.0217472 0.229591
vn 0 6.12323e-17 1
v 0.503607 0.0869508 0.229591
vn -7.43996e-17 -0.607519 0.794305
v 0.454173 -0.0217472 0.229591
vn 0 6.12323e-17 1
v 0.470219 0.0869508 0.229591
vn 5.63396e-17 0.460048 -0.887894
v 0.703053 0.0869508 0.285555
vn 1.22465e-16 1 -6.12323e-17
v 0.503607 0.0869508 0.229591
vn 8.75719e-17 0.715079 -0.699044
v 0.503607 0.0869508 0.229591
vn -8.75719e-17 -0.715079 0.699044
v 0.703053 0.0869508 0.285555
vn -1.22465e-16 -1 6.12323e-17
v 0.470219 0.0869508 0.229591
vn -5.63396e-17 -0.460048 0.887894
v 0.681249 -0.130436 0.229591
vn 0 -6.12323e-17 -1
v 0.454173 -0.0217472 0.229591
vn 0 -6.12323e-17 -1
v 0.681249 -0.0217472 0.229591
vn 0 -6.12323e-17 -1
v 0.681249 -0.0217472 0.229591
vn 0 6.12323e-17 1
v 0.454173 -0.0217472 0.229591
vn 0 6.12323e-17 1
v 0.681249 -0.130436 0.229591
vn 0 6.12323e-17 1
v 0.681249 -0.239134 0.229591
vn 0 -6.12323e-17 -1
v 0.454173 -0.130436 0.229591
vn 0 -6.12323e-17 -1
v 0.681249 -0.130436 0.229591
vn 0 -6.12323e-17 -1
v 0.681249 -0.130436 0.229591
vn 0 6.12323e-17 1
v 0.454173 -0.130436 0.229591
vn 0 6.12323e-17 1
v 0.681249 -0.239134 0.229591
vn 0 6.12323e-17 1
v 0.0567698 -0.130436 0.229591
vn 0 -6.12323e-17 -1
v 0.227076 -0.239134 0.229591
vn 0 -6.12323e-17 -1
v 0.0567698 -0.239134 0.229591
vn 0 -6.12323e-17 -1
v 0.0567698 -0.239134 0.229591
vn 0 6.12323e-17 1
v 0.227076 -0.239134 0.229591
vn 0 6.12323e-17 1
v 0.0567698 -0.130436 0.229591
vn 0 6.12323e-17 1
v 0.227076 -0.130436 0.229591
vn 0 -6.12323e-17 -1
v 0.454173 -0.239134 0.229591
vn 0 -6.12323e-17 -1
v 0.227076 -0.239134 0.229591
vn 0 -6.12323e-17 -1
v 0.227076 -0.239134 0.229591
vn 0 6.12323e-17 1
v 0.454173 -0.239134 0.229591
vn 0 6.12323e-17 1
v 0.227076 -0.130436 0.229591
vn 0 6.12323e-17 1
v 0.0494337 -0.130436 0.229591
vn 0 -6.12323e-17 -1
v 0.0567698 -0.130436 0.229591
vn 0 -6.12323e-17 -1
v 0.0567698 -0.239134 0.229591
vn 0 -6.12323e-17 -1
v 0.0567698 -0.239134 0.229591
vn 0 6.12323e-17 1
v 0.0567698 -0.130436 0.229591
vn 0 6.12323e-17 1
v 0.0494337 -0.130436 0.229591
vn 0 6.12323e-17 1
v 0.454173 -0.130436 0.229591
vn 0 -6.12323e-17 -1
v 0.681249 -0.239134 0.229591
vn 0 -6.12323e-17 -1
v 0.454173 -0.239134 0.229591
vn 0 -6.12323e-17 -1
v 0.454173 -0.239134 0.229591
vn 0 6.12323e-17 1
v 0.681249 -0.239134 0.229591
vn 0 6.12323e-17 1
v 0.454173 -0.130436 0.229591
vn 0 6.12323e-17 1
v 0.0494337 -0.239134 0.229591
vn -1 1.22465e-16 -7.4988e-33
v 0.0494337 -0.347822 0.25526
vn -0.0721782 0.969612 -0.233757
v 0.0494337 -0.130436 0.229591
vn -1 1.22465e-16 -7.4988e-33
v 0.0494337 -0.130436 0.229591
vn 1 -1.22465e-16 7.4988e-33
v 0.0494337 -0.347822 0.25526
vn 0.0721782 -0.969612 0.233757
v 0.0494337 -0.239134 0.229591
vn 1 -1.22465e-16 7.4988e-33
v 0.0494337 0.0869508 0.229591
vn -1 1.22465e-16 -7.4988e-33
v 0.0494337 -0.347822 0.25526
vn -0.199355 0.952634 -0.229664
v 0.0494337 0.0869508 0.25526
vn -0.28589 -2.36653e-17 -0.958263
v 0.0494337 0.0869508 0.25526
vn 0.28589 2.36653e-17 0.958263
v 0.0494337 -0.347822 0.25526
vn 0.199355 -0.952634 0.229664
v 0.0494337 0.0869508 0.229591
vn 1 -1.22465e-16 7.4988e-33
v 0.0494337 0.0869508 0.229591
vn 7.60198e-17 0.620749 -0.784009
v -0.0476934 -0.130436 0.229591
vn 0 -6.12323e-17 -1
v -0.0476934 0.0869508 0.229591
vn 7.60198e-17 0.620749 -0.784009
v -0.0476934 0.0869508 0.229591
vn -7.60198e-17 -0.620749 0.784009
v -0.0476934 -0.130436 0.229591
vn 0 6.12323e-17 1
v 0.0494337 0.0869508 0.229591
vn -7.60198e-17 -0.620749 0.784009
v -0.0476934 -0.130436 0.229591
vn 0 -6.12323e-17 -1
v 0.0494337 -0.130436 0.229591
vn 0 -6.12323e-17 -1
v -0.0476934 -0.239134 0.229591
vn 0 -6.12323e-17 -1
v -0.0476934 -0.239134 0.229591
vn 0 6.12323e-17 1
v 0.0494337 -0.130436 0.229591
vn 0 6.12323e-17 1
v -0.0476934 -0.130436 0.229591
vn 0 6.12323e-17 1
v 0.0494337 0.0869508 0.229591
vn 8.78908e-17 0.717683 -0.69637
v -0.0476934 0.0869508 0.229591
vn 8.78908e-17 0.717683 -0.69637
v 0.0494337 0.0869508 0.25526
vn 1.22465e-16 1 -6.12323e-17
v 0.0494337 0.0869508 0.25526
vn -1.22465e-16 -1 6.12323e-17
v -0.0476934 0.0869508 0.229591
vn -8.78908e-17 -0.717683 0.69637
v 0.0494337 0.0869508 0.229591
vn -8.78908e-17 -0.717683 0.69637
v -0.0476934 0.0869508 0.229591
vn 8.67755e-17 0.708575 -0.705635
v 0.0511712 0.0869508 0.259213
vn 1.22465e-16 1 -6.12323e-17
v 0.0494337 0.0869508 0.25526
vn 1.22465e-16 1 -6.12323e-17
v 0.0494337 0.0869508 0.25526
vn -1.22465e-16 -1 6.12323e-17
v 0.0511712 0.0869508 0.259213
vn -1.22465e-16 -1 6.12323e-17
v -0.0476934 0.0869508 0.229591
vn -8.67755e-17 -0.708575 0.705635
v 0.0511712 0.0869508 0.259213
vn 0.905047 -1.36879e-16 -0.425311
v 0.0494337 -0.347822 0.25526
vn -0.00175146 0.970612 -0.240644
v 0.0494337 0.0869508 0.25526
vn -0.0941819 -4.94262e-17 -0.995555
v 0.0494337 0.0869508 0.25526
vn 0.0941819 4.94262e-17 0.995555
v 0.0494337 -0.347822 0.25526
vn 0.00175146 -0.970612 0.240644
v 0.0511712 0.0869508 0.259213
vn -0.905047 1.36879e-16 0.425311
v -0.0476934 0.0869508 0.229591
vn 8.67175e-17 0.708102 -0.70611
v 0.0563866 0.0869508 0.2631
vn 1.22465e-16 1 -6.12323e-17
v 0.0511712 0.0869508 0.259213
vn 1.22465e-16 1 -6.12323e-17
v 0.0511712 0.0869508 0.259213
vn -1.22465e-16 -1 6.12323e-17
v 0.0563866 0.0869508 0.2631
vn -1.22465e-16 -1 6.12323e-17
v -0.0476934 0.0869508 0.229591
vn -8.67175e-17 -0.708102 0.70611
v 0.0563866 0.0869508 0.2631
vn 0.715247 -1.30386e-16 -0.698872
v 0.0511712 -0.347822 0.259213
vn 0.80709 0.441705 -0.391795
v 0.0511712 0.0869508 0.259213
vn 0.899938 -1.36909e-16 -0.436017
v 0.0511712 0.0869508 0.259213
vn -0.899938 1.36909e-16 0.436017
v 0.0511712 -0.347822 0.259213
vn -0.80709 -0.441705 0.391795
v 0.0563866 0.0869508 0.2631
vn -0.715247 1.30386e-16 0.698872
v 0.0563866 0.0869508 0.2631
vn 0.708622 -1.29986e-16 -0.705588
v 0.0649548 -0.347822 0.266853
vn 0.49399 0.432415 -0.754315
v 0.0563866 -0.347822 0.2631
vn 0.63793 0.434285 -0.635957
v 0.0563866 -0.347822 0.2631
vn -0.63793 -0.434285 0.635957
v 0.0649548 -0.347822 0.266853
vn -0.49399 -0.432415 0.754315
v 0.0563866 0.0869508 0.2631
vn -0.708622 1.29986e-16 0.705588
v -0.0476934 0.0869508 0.229591
vn 1.22465e-16 1 -6.12323e-17
v -0.0494507 0.0869508 0.25883
vn 1.22465e-16 1 -6.12323e-17
v -0.0476934 0.0869508 0.254817
vn 1.22465e-16 1 -6.12323e-17
v -0.0476934 0.0869508 0.254817
vn -1.22465e-16 -1 6.12323e-17
v -0.0494507 0.0869508 0.25883
vn -1.22465e-16 -1 6.12323e-17
v -0.0476934 0.0869508 0.229591
vn -1.22465e-16 -1 6.12323e-17
v -0.0476934 0.0869508 0.229591
vn -1 1.22465e-16 -7.4988e-33
v -0.0476934 -0.347822 0.254817
vn -0.916215 0.389526 -0.0939082
v -0.0476934 0.0869508 0.254817
vn -0.994604 1.15452e-16 -0.103742
v -0.0476934 0.0869508 0.254817
vn 0.994604 -1.15452e-16 0.103742
v -0.0476934 -0.347822 0.254817
vn 0.916215 -0.389526 0.0939082
v -0.0476934 0.0869508 0.229591
vn 1 -1.22465e-16 7.4988e-33
v 0.0728162 -0.347822 0.229591
vn 1.22465e-16 1 -6.12323e-17
v 0.0649548 -0.347822 0.266853
vn 0.485938 0.45174 -0.748195
v 0.0767767 -0.347822 0.270407
vn 0.375044 0.451049 -0.809874
v 0.0767767 -0.347822 0.270407
vn -0.375044 -0.451049 0.809874
v 0.0649548 -0.347822 0.266853
vn -0.485938 -0.45174 0.748195
v 0.0728162 -0.347822 0.229591
vn -1.22465e-16 -1 6.12323e-17
v 0.243123 -0.347822 0.229591
vn 1.22465e-16 1 -6.12323e-17
v 0.0767767 -0.347822 0.270407
vn 0.374039 0.455752 -0.807703
v 0.0915909 -0.347822 0.273701
vn 0.291988 0.455475 -0.841003
v 0.0915909 -0.347822 0.273701
vn -0.291988 -0.455475 0.841003
v 0.0767767 -0.347822 0.270407
vn -0.374039 -0.455752 0.807703
v 0.243123 -0.347822 0.229591
vn -1.22465e-16 -1 6.12323e-17
v -0.0494507 0.0869508 0.25883
vn 1.22465e-16 1 -6.12323e-17
v 0.908343 0.0869508 0.420948
vn 1.00277e-16 0.81882 -0.574051
v -0.0476934 0.0869508 0.254817
vn 1.22465e-16 1 -6.12323e-17
v -0.0476934 0.0869508 0.254817
vn -1.22465e-16 -1 6.12323e-17
v 0.908343 0.0869508 0.420948
vn -1.00277e-16 -0.81882 0.574051
v -0.0494507 0.0869508 0.25883
vn -1.22465e-16 -1 6.12323e-17
v 0.243123 -0.347822 0.229591
vn 1.22465e-16 1 -6.12323e-17
v 0.0915909 -0.347822 0.273701
vn 0.291901 0.45599 -0.840754
v 0.109193 -0.347822 0.276681
vn 0.22866 0.455866 -0.860175
v 0.109193 -0.347822 0.276681
vn -0.22866 -0.455866 0.860175
v 0.0915909 -0.347822 0.273701
vn -0.291901 -0.45599 0.840754
v 0.243123 -0.347822 0.229591
vn -1.22465e-16 -1 6.12323e-17
v 0.109193 0.0869508 0.276681
vn 1.22465e-16 1 -6.12323e-17
v 0.908343 0.0869508 0.420948
vn 9.91063e-17 0.809264 -0.587445
v 0.129262 0.0869508 0.279292
vn 1.22465e-16 1 -6.12323e-17
v 0.129262 0.0869508 0.279292
vn -1.22465e-16 -1 6.12323e-17
v 0.908343 0.0869508 0.420948
vn -9.91063e-17 -0.809264 0.587445
v 0.109193 0.0869508 0.276681
vn -1.22465e-16 -1 6.12323e-17
v 0.109193 0.0869508 0.276681
vn 0.254608 -9.03949e-17 -0.967044
v 0.129262 -0.347822 0.279292
vn 0.183259 0.417641 -0.889939
v 0.109193 -0.347822 0.276681
vn 0.231107 0.417705 -0.878699
v 0.109193 -0.347822 0.276681
vn -0.231107 -0.417705 0.878699
v 0.129262 -0.347822 0.279292
vn -0.183259 -0.417641 0.889939
v 0.109193 0.0869508 0.276681
vn -0.254608 9.03949e-17 0.967044
v 0.129262 -0.347822 0.279292
vn 0.183259 0.417641 -0.889939
v 0.109193 0.0869508 0.276681
vn 0.254608 -9.03949e-17 -0.967044
v 0.129262 0.0869508 0.279292
vn 0.201486 -8.46514e-17 -0.979491
v 0.129262 0.0869508 0.279292
vn -0.201486 8.46514e-17 0.979491
v 0.109193 0.0869508 0.276681
vn -0.254608 9.03949e-17 0.967044
v 0.129262 -0.347822 0.279292
vn -0.183259 -0.417641 0.889939
v 0.243123 0.0869508 0.229591
vn 5.59099e-17 0.456539 -0.889703
v 0.129262 0.0869508 0.279292
vn 1.22465e-16 1 -6.12323e-17
v 0.151452 0.0869508 0.281494
vn 1.22465e-16 1 -6.12323e-17
v 0.151452 0.0869508 0.281494
vn -1.22465e-16 -1 6.12323e-17
v 0.129262 0.0869508 0.279292
vn -1.22465e-16 -1 6.12323e-17
v 0.243123 0.0869508 0.229591
vn -5.59099e-17 -0.456539 0.889703
v 0.243123 0.0869508 0.229591
vn 5.60078e-17 0.457338 -0.889293
v 0.200662 0.0869508 0.284521
vn 1.22465e-16 1 -6.12323e-17
v 0.226835 0.0869508 0.285294
vn 1.22465e-16 1 -6.12323e-17
v 0.226835 0.0869508 0.285294
vn -1.22465e-16 -1 6.12323e-17
v 0.200662 0.0869508 0.284521
vn -1.22465e-16 -1 6.12323e-17
v 0.243123 0.0869508 0.229591
vn -5.60078e-17 -0.457338 0.889293
v 0.226835 0.0869508 0.285294
vn 1.22465e-16 1 -6.12323e-17
v 0.908343 0.0869508 0.420948
vn 1.00039e-16 0.816881 -0.576807
v 0.253471 0.0869508 0.285555
vn 1.22465e-16 1 -6.12323e-17
v 0.253471 0.0869508 0.285555
vn -1.22465e-16 -1 6.12323e-17
v 0.908343 0.0869508 0.420948
vn -1.00039e-16 -0.816881 0.576807
v 0.226835 0.0869508 0.285294
vn -1.22465e-16 -1 6.12323e-17
v 0.253471 -0.347822 0.285555
vn 0.00870279 0.409476 -0.912279
v 0.226835 0.0869508 0.285294
vn 0.0332387 -6.52691e-17 -0.999447
v 0.253471 0.0869508 0.285555
vn 0.00945371 -6.23873e-17 -0.999955
v 0.253471 0.0869508 0.285555
vn -0.00945371 6.23873e-17 0.999955
v 0.226835 0.0869508 0.285294
vn -0.0332387 6.52691e-17 0.999447
v 0.253471 -0.347822 0.285555
vn -0.00870279 -0.409476 0.912279
v 0.253471 0.0869508 0.285555
vn 1.22465e-16 1 -6.12323e-17
v 0.908343 0.0869508 0.420948
vn 1.11992e-16 0.914486 -0.404617
v 0.703053 0.0869508 0.285555
vn 1.22465e-16 1 -6.12323e-17
v 0.703053 0.0869508 0.285555
vn -1.22465e-16 -1 6.12323e-17
v 0.908343 0.0869508 0.420948
vn -1.11992e-16 -0.914486 0.404617
v 0.253471 0.0869508 0.285555
vn -1.22465e-16 -1 6.12323e-17
v 0.703053 -0.347822 0.285555
vn -0.00291369 0.16851 -0.985696
v 0.253471 0.0869508 0.285555
vn 0.00317675 -6.16211e-17 -0.999995
v 0.703053 0.0869508 0.285555
vn -0.00317675 -6.0843e-17 -0.999995
v 0.703053 0.0869508 0.285555
vn 0.00317675 6.0843e-17 0.999995
v 0.253471 0.0869508 0.285555
vn -0.00317675 6.16211e-17 0.999995
v 0.703053 -0.347822 0.285555
vn 0.00291369 -0.16851 0.985696
v 0.681249 -0.0217472 0.229591
vn 0 -6.12323e-17 -1
v 0.503607 0.0869508 0.229591
vn 7.60477e-17 0.620977 -0.783829
v 0.697296 0.0869508 0.229591
vn 4.68578e-17 0.382623 -0.923904
v 0.697296 0.0869508 0.229591
vn -4.68578e-17 -0.382623 0.923904
v 0.503607 0.0869508 0.229591
vn -7.60477e-17 -0.620977 0.783829
v 0.681249 -0.0217472 0.229591
vn 0 6.12323e-17 1
v 0.503607 0.0869508 0.229591
vn 9.18193e-17 0.749761 -0.661708
v 0.703053 0.0869508 0.285555
vn 1.22465e-16 1 -6.12323e-17
v 0.697296 0.0869508 0.229591
vn 6.34077e-17 0.517763 -0.855524
v 0.697296 0.0869508 0.229591
vn -6.34077e-17 -0.517763 0.855524
v 0.703053 0.0869508 0.285555
vn -1.22465e-16 -1 6.12323e-17
v 0.503607 0.0869508 0.229591
vn -9.18193e-17 -0.749761 0.661708
v 0.681249 -0.0217472 0.229591
vn 0 -6.12323e-17 -1
v 0.908343 -0.130436 0.229591
vn 0 -6.12323e-17 -1
v 0.681249 -0.130436 0.229591
vn 0 -6.12323e-17 -1
v 0.681249 -0.130436 0.229591
vn 0 6.12323e-17 1
v 0.908343 -0.130436 0.229591
vn 0 6.12323e-17 1
v 0.681249 -0.0217472 0.229591
vn 0 6.12323e-17 1
v 0.681249 -0.130436 0.229591
vn 0 -6.12323e-17 -1
v 0.908343 -0.239134 0.229591
vn 0 -6.12323e-17 -1
v 0.681249 -0.239134 0.229591
vn 0 -6.12323e-17 -1
v 0.681249 -0.239134 0.229591
vn 0 6.12323e-17 1
v 0.908343 -0.239134 0.229591
vn 0 6.12323e-17 1
v 0.681249 -0.130436 0.229591
vn 0 6.12323e-17 1
v 0.243123 -0.347822 0.229591
vn 0 -6.12323e-17 -1
v 0.0567698 -0.239134 0.229591
vn 0 -6.12323e-17 -1
v 0.227076 -0.239134 0.229591
vn 0 -6.12323e-17 -1
v 0.227076 -0.239134 0.229591
vn 0 6.12323e-17 1
v 0.0567698 -0.239134 0.229591
vn 0 6.12323e-17 1
v 0.243123 -0.347822 0.229591
vn 0 6.12323e-17 1
v 0.470219 -0.347822 0.229591
vn 0 -6.12323e-17 -1
v 0.227076 -0.239134 0.229591
vn 0 -6.12323e-17 -1
v 0.454173 -0.239134 0.229591
vn 0 -6.12323e-17 -1
v 0.454173 -0.239134 0.229591
vn 0 6.12323e-17 1
v 0.227076 -0.239134 0.229591
vn 0 6.12323e-17 1
v 0.470219 -0.347822 0.229591
vn 0 6.12323e-17 1
v 0.0494337 -0.130436 0.229591
vn 0 -6.12323e-17 -1
v 0.0567698 -0.239134 0.229591
vn 0 -6.12323e-17 -1
v 0.0494337 -0.239134 0.229591
vn 0 -6.12323e-17 -1
v 0.0494337 -0.239134 0.229591
vn 0 6.12323e-17 1
v 0.0567698 -0.239134 0.229591
vn 0 6.12323e-17 1
v 0.0494337 -0.130436 0.229591
vn 0 6.12323e-17 1
v 0.697296 -0.347822 0.229591
vn 0 -6.12323e-17 -1
v 0.454173 -0.239134 0.229591
vn 0 -6.12323e-17 -1
v 0.681249 -0.239134 0.229591
vn 0 -6.12323e-17 -1
v 0.681249 -0.239134 0.229591
vn 0 6.12323e-17 1
v 0.454173 -0.239134 0.229591
vn 0 6.12323e-17 1
v 0.697296 -0.347822 0.229591
vn 0 6.12323e-17 1
v 0.0494337 -0.347822 0.25526
vn -0.0721745 0.969613 -0.233757
v 0.0494337 -0.239134 0.229591
vn -1 1.22465e-16 -7.4988e-33
v 0.0494337 -0.347822 0.229591
vn -0.727962 0.685618 -4.1982e-17
v 0.0494337 -0.347822 0.229591
vn 0.727962 -0.685618 4.1982e-17
v 0.0494337 -0.239134 0.229591
vn 1 -1.22465e-16 7.4988e-33
v 0.0494337 -0.347822 0.25526
vn 0.0721745 -0.969613 0.233757
v -0.0476934 -0.239134 0.229591
vn 0 -6.12323e-17 -1
v 0.0494337 -0.130436 0.229591
vn 0 -6.12323e-17 -1
v 0.0494337 -0.239134 0.229591
vn 0 -6.12323e-17 -1
v 0.0494337 -0.239134 0.229591
vn 0 6.12323e-17 1
v 0.0494337 -0.130436 0.229591
vn 0 6.12323e-17 1
v -0.0476934 -0.239134 0.229591
vn 0 6.12323e-17 1
v -0.0476934 -0.130436 0.229591
vn 0 -6.12323e-17 -1
v -0.056767 0.0853827 0.229591
vn 0 -6.12323e-17 -1
v -0.0476934 0.0869508 0.229591
vn 1.22446e-16 0.999849 -0.017371
v -0.0476934 0.0869508 0.229591
vn -1.22446e-16 -0.999849 0.017371
v -0.056767 0.0853827 0.229591
vn 0 6.12323e-17 1
v -0.0476934 -0.130436 0.229591
vn 0 6.12323e-17 1
v -0.0476934 -0.130436 0.229591
vn -1 1.22465e-16 -7.4988e-33
v -0.0476934 -0.347822 0.254817
vn -0.90295 0.417777 -0.100719
v -0.0476934 0.0869508 0.229591
vn -1 1.22465e-16 -7.4988e-33
v -0.0476934 0.0869508 0.229591
vn 1 -1.22465e-16 7.4988e-33
v -0.0476934 -0.347822 0.254817
vn 0.90295 -0.417777 0.100719
v -0.0476934 -0.130436 0.229591
vn 1 -1.22465e-16 7.4988e-33
v -0.0476934 -0.239134 0.229591
vn 0 -6.12323e-17 -1
v -0.0549699 -0.130436 0.229591
vn 0 -6.12323e-17 -1
v -0.0476934 -0.130436 0.229591
vn 0 -6.12323e-17 -1
v -0.0476934 -0.130436 0.229591
vn 0 6.12323e-17 1
v -0.0549699 -0.130436 0.229591
vn 0 6.12323e-17 1
v -0.0476934 -0.239134 0.229591
vn 0 6.12323e-17 1
v -0.0476934 -0.239134 0.229591
vn -1 1.22465e-16 -7.4988e-33
v -0.0476934 -0.347822 0.254817
vn -0.895173 0.433305 -0.104463
v -0.0476934 -0.130436 0.229591
vn -1 1.22465e-16 -7.4988e-33
v -0.0476934 -0.130436 0.229591
vn 1 -1.22465e-16 7.4988e-33
v -0.0476934 -0.347822 0.254817
vn 0.895173 -0.433305 0.104463
v -0.0476934 -0.239134 0.229591
vn 1 -1.22465e-16 7.4988e-33
v 0.0494337 -0.347822 0.25526
vn -0.00175146 0.970612 -0.240644
v 0.0511712 0.0869508 0.259213
vn 0.905047 -1.36879e-16 -0.425311
v 0.0511712 -0.347822 0.259213
vn 0.811298 0.443763 -0.380618
v 0.0511712 -0.347822 0.259213
vn -0.811298 -0.443763 0.380618
v 0.0511712 0.0869508 0.259213
vn -0.905047 1.36879e-16 0.425311
v 0.0494337 -0.347822 0.25526
vn 0.00175146 -0.970612 0.240644
v 0.0511712 -0.347822 0.259213
vn 0.80709 0.441705 -0.391795
v 0.0563866 0.0869508 0.2631
vn 0.715247 -1.30386e-16 -0.698872
v 0.0563866 -0.347822 0.2631
vn 0.643484 0.437462 -0.628137
v 0.0563866 -0.347822 0.2631
vn -0.643484 -0.437462 0.628137
v 0.0563866 0.0869508 0.2631
vn -0.715247 1.30386e-16 0.698872
v 0.0511712 -0.347822 0.259213
vn -0.80709 -0.441705 0.391795
v 0.0728162 -0.347822 0.229591
vn 1.22465e-16 1 -6.12323e-17
v 0.0563866 -0.347822 0.2631
vn 0.635117 0.452756 -0.625811
v 0.0649548 -0.347822 0.266853
vn 0.486166 0.450914 -0.748545
v 0.0649548 -0.347822 0.266853
vn -0.486166 -0.450914 0.748545
v 0.0563866 -0.347822 0.2631
vn -0.635117 -0.452756 0.625811
v 0.0728162 -0.347822 0.229591
vn -1.22465e-16 -1 6.12323e-17
v -0.0476934 0.0869508 0.229591
vn 1.22465e-16 1 -6.12323e-17
v -0.0547456 0.0869508 0.262773
vn 1.22465e-16 1 -6.12323e-17
v -0.0494507 0.0869508 0.25883
vn 1.22465e-16 1 -6.12323e-17
v -0.0494507 0.0869508 0.25883
vn -1.22465e-16 -1 6.12323e-17
v -0.0547456 0.0869508 0.262773
vn -1.22465e-16 -1 6.12323e-17
v -0.0476934 0.0869508 0.229591
vn -1.22465e-16 -1 6.12323e-17
v -0.0476934 0.0869508 0.254817
vn -0.992196 1.13874e-16 -0.124687
v -0.0494507 -0.347822 0.25883
vn -0.811409 0.443609 -0.380561
v -0.0494507 0.0869508 0.25883
vn -0.90509 8.48042e-17 -0.425221
v -0.0494507 0.0869508 0.25883
vn 0.90509 -8.48042e-17 0.425221
v -0.0494507 -0.347822 0.25883
vn 0.811409 -0.443609 0.380561
v -0.0476934 0.0869508 0.254817
vn 0.992196 -1.13874e-16 0.124687
v -0.0494507 -0.347822 0.25883
vn -0.811409 0.443609 -0.380561
v -0.0476934 0.0869508 0.254817
vn -0.992196 1.13874e-16 -0.124687
v -0.0476934 -0.347822 0.254817
vn -0.891485 0.438892 -0.112375
v -0.0476934 -0.347822 0.254817
vn 0.891485 -0.438892 0.112375
v -0.0476934 0.0869508 0.254817
vn 0.992196 -1.13874e-16 0.124687
v -0.0494507 -0.347822 0.25883
vn 0.811409 -0.443609 0.380561
v 0.0728162 -0.347822 0.229591
vn 1.22465e-16 1 -6.12323e-17
v 0.0767767 -0.347822 0.270407
vn 0.365341 0.494097 -0.788919
v 0.243123 -0.347822 0.229591
vn 1.22465e-16 1 -6.12323e-17
v 0.243123 -0.347822 0.229591
vn -1.22465e-16 -1 6.12323e-17
v 0.0767767 -0.347822 0.270407
vn -0.365341 -0.494097 0.788919
v 0.0728162 -0.347822 0.229591
vn -1.22465e-16 -1 6.12323e-17
v -0.0547456 0.0869508 0.262773
vn 1.22465e-16 1 -6.12323e-17
v 0.908343 0.0869508 0.420948
vn 1.00448e-16 0.820219 -0.572049
v -0.0494507 0.0869508 0.25883
vn 1.22465e-16 1 -6.12323e-17
v -0.0494507 0.0869508 0.25883
vn -1.22465e-16 -1 6.12323e-17
v 0.908343 0.0869508 0.420948
vn -1.00448e-16 -0.820219 0.572049
v -0.0547456 0.0869508 0.262773
vn -1.22465e-16 -1 6.12323e-17
v 0.243123 -0.347822 0.229591
vn 1.22465e-16 1 -6.12323e-17
v 0.109193 -0.347822 0.276681
vn 0.2286 0.456324 -0.859948
v 0.129262 -0.347822 0.279292
vn 0.177612 0.456262 -0.871939
v 0.129262 -0.347822 0.279292
vn -0.177612 -0.456262 0.871939
v 0.109193 -0.347822 0.276681
vn -0.2286 -0.456324 0.859948
v 0.243123 -0.347822 0.229591
vn -1.22465e-16 -1 6.12323e-17
v 0.129262 0.0869508 0.279292
vn 1.22465e-16 1 -6.12323e-17
v 0.908343 0.0869508 0.420948
vn 9.93311e-17 0.8111 -0.584908
v 0.151452 0.0869508 0.281494
vn 1.22465e-16 1 -6.12323e-17
v 0.151452 0.0869508 0.281494
vn -1.22465e-16 -1 6.12323e-17
v 0.908343 0.0869508 0.420948
vn -9.93311e-17 -0.8111 0.584908
v 0.129262 0.0869508 0.279292
vn -1.22465e-16 -1 6.12323e-17
v 0.129262 0.0869508 0.279292
vn 0.197541 -8.42175e-17 -0.980295
v 0.151452 -0.347822 0.281494
vn 0.1395 0.414997 -0.899065
v 0.129262 -0.347822 0.279292
vn 0.179523 0.415034 -0.891919
v 0.129262 -0.347822 0.279292
vn -0.179523 -0.415034 0.891919
v 0.151452 -0.347822 0.281494
vn -0.1395 -0.414997 0.899065
v 0.129262 0.0869508 0.279292
vn -0.197541 8.42175e-17 0.980295
v 0.151452 -0.347822 0.281494
vn 0.1395 0.414997 -0.899065
v 0.129262 0.0869508 0.279292
vn 0.197541 -8.42175e-17 -0.980295
v 0.151452 0.0869508 0.281494
vn 0.153136 -7.92639e-17 -0.988205
v 0.151452 0.0869508 0.281494
vn -0.153136 7.92639e-17 0.988205
v 0.129262 0.0869508 0.279292
vn -0.197541 8.42175e-17 0.980295
v 0.151452 -0.347822 0.281494
vn -0.1395 -0.414997 0.899065
v 0.243123 0.0869508 0.229591
vn 5.59519e-17 0.456882 -0.889527
v 0.151452 0.0869508 0.281494
vn 1.22465e-16 1 -6.12323e-17
v 0.1754 0.0869508 0.283248
vn 1.22465e-16 1 -6.12323e-17
v 0.1754 0.0869508 0.283248
vn -1.22465e-16 -1 6.12323e-17
v 0.151452 0.0869508 0.281494
vn -1.22465e-16 -1 6.12323e-17
v 0.243123 0.0869508 0.229591
vn -5.59519e-17 -0.456882 0.889527
v 0.243123 0.0869508 0.229591
vn 5.59837e-17 0.457141 -0.889394
v 0.1754 0.0869508 0.283248
vn 1.22465e-16 1 -6.12323e-17
v 0.200662 0.0869508 0.284521
vn 1.22465e-16 1 -6.12323e-17
v 0.200662 0.0869508 0.284521
vn -1.22465e-16 -1 6.12323e-17
v 0.1754 0.0869508 0.283248
vn -1.22465e-16 -1 6.12323e-17
v 0.243123 0.0869508 0.229591
vn -5.59837e-17 -0.457141 0.889394
v 0.200662 0.0869508 0.284521
vn 1.22465e-16 1 -6.12323e-17
v 0.908343 0.0869508 0.420948
vn 9.98961e-17 0.815713 -0.578457
v 0.226835 0.0869508 0.285294
vn 1.22465e-16 1 -6.12323e-17
v 0.226835 0.0869508 0.285294
vn -1.22465e-16 -1 6.12323e-17
v 0.908343 0.0869508 0.420948
vn -9.98961e-17 -0.815713 0.578457
v 0.200662 0.0869508 0.284521
vn -1.22465e-16 -1 6.12323e-17
v 0.226835 -0.347822 0.285294
vn 0.0334086 0.410082 -0.911437
v 0.200662 0.0869508 0.284521
vn 0.0691453 -6.95536e-17 -0.997607
v 0.226835 0.0869508 0.285294
vn 0.0364601 -6.56567e-17 -0.999335
v 0.226835 0.0869508 0.285294
vn -0.0364601 6.56567e-17 0.999335
v 0.200662 0.0869508 0.284521
vn -0.0691453 6.95536e-17 0.997607
v 0.226835 -0.347822 0.285294
vn -0.0334086 -0.410082 0.911437
v 0.226835 0.0869508 0.285294
vn 0.0332387 -6.52691e-17 -0.999447
v 0.253471 -0.347822 0.285555
vn 0.00870279 0.409476 -0.912279
v 0.226835 -0.347822 0.285294
vn 0.0301672 0.409517 -0.911804
v 0.226835 -0.347822 0.285294
vn -0.0301672 -0.409517 0.911804
v 0.253471 -0.347822 0.285555
vn -0.00870279 -0.409476 0.912279
v 0.226835 0.0869508 0.285294
vn -0.0332387 6.52691e-17 0.999447
v 0.253471 0.0869508 0.285555
vn 0.00317675 -6.16211e-17 -0.999995
v 0.703053 -0.347822 0.285555
vn -0.00291369 0.16851 -0.985696
v 0.253471 -0.347822 0.285555
vn 0.00291369 0.16851 -0.985696
v 0.253471 -0.347822 0.285555
vn -0.00291369 -0.16851 0.985696
v 0.703053 -0.347822 0.285555
vn 0.00291369 -0.16851 0.985696
v 0.253471 0.0869508 0.285555
vn -0.00317675 6.16211e-17 0.999995
v 0.703053 0.0869508 0.285555
vn 1.22465e-16 1 -6.12323e-17
v 0.908343 0.0869508 0.420948
vn 1.00134e-16 0.817659 -0.575702
v 0.730076 0.0869508 0.285291
vn 1.22465e-16 1 -6.12323e-17
v 0.730076 0.0869508 0.285291
vn -1.22465e-16 -1 6.12323e-17
v 0.908343 0.0869508 0.420948
vn -1.00134e-16 -0.817659 0.575702
v 0.703053 0.0869508 0.285555
vn -1.22465e-16 -1 6.12323e-17
v 0.703053 0.0869508 0.285555
vn -0.00946075 -6.0071e-17 -0.999955
v 0.730076 -0.347822 0.285291
vn -0.0301499 0.409012 -0.912031
v 0.703053 -0.347822 0.285555
vn -0.00871193 0.408971 -0.912506
v 0.703053 -0.347822 0.285555
vn 0.00871193 -0.408971 0.912506
v 0.730076 -0.347822 0.285291
vn 0.0301499 -0.409012 0.912031
v 0.703053 0.0869508 0.285555
vn 0.00946075 6.0071e-17 0.999955
v 0.73068 0.0869508 0.229591
vn 8.4661e-17 0.69131 -0.722558
v 0.681249 -0.0217472 0.229591
vn 0 -6.12323e-17 -1
v 0.697296 0.0869508 0.229591
vn 5.32405e-17 0.434742 -0.900555
v 0.697296 0.0869508 0.229591
vn -5.32405e-17 -0.434742 0.900555
v 0.681249 -0.0217472 0.229591
vn 0 6.12323e-17 1
v 0.73068 0.0869508 0.229591
vn -8.4661e-17 -0.69131 0.722558
v 0.697296 0.0869508 0.229591
vn 5.63395e-17 0.460047 -0.887895
v 0.703053 0.0869508 0.285555
vn 1.22465e-16 1 -6.12323e-17
v 0.73068 0.0869508 0.229591
vn 8.75718e-17 0.715078 -0.699045
v 0.73068 0.0869508 0.229591
vn -8.75718e-17 -0.715078 0.699045
v 0.703053 0.0869508 0.285555
vn -1.22465e-16 -1 6.12323e-17
v 0.697296 0.0869508 0.229591
vn -5.63395e-17 -0.460047 0.887895
v 0.908343 -0.130436 0.229591
vn 0 -6.12323e-17 -1
v 0.681249 -0.0217472 0.229591
vn 0 -6.12323e-17 -1
v 0.908343 -0.0217472 0.229591
vn 0 -6.12323e-17 -1
v 0.908343 -0.0217472 0.229591
vn 0 6.12323e-17 1
v 0.681249 -0.0217472 0.229591
vn 0 6.12323e-17 1
v 0.908343 -0.130436 0.229591
vn 0 6.12323e-17 1
v 0.908343 -0.239134 0.229591
vn 0 -6.12323e-17 -1
v 0.681249 -0.130436 0.229591
vn 0 -6.12323e-17 -1
v 0.908343 -0.130436 0.229591
vn 0 -6.12323e-17 -1
v 0.908343 -0.130436 0.229591
vn 0 6.12323e-17 1
v 0.681249 -0.130436 0.229591
vn 0 6.12323e-17 1
v 0.908343 -0.239134 0.229591
vn 0 6.12323e-17 1
v 0.908343 -0.347822 0.229591
vn 0 -6.12323e-17 -1
v 0.681249 -0.239134 0.229591
vn 0 -6.12323e-17 -1
v 0.908343 -0.239134 0.229591
vn 0 -6.12323e-17 -1
v 0.908343 -0.239134 0.229591
vn 0 6.12323e-17 1
v 0.681249 -0.239134 0.229591
vn 0 6.12323e-17 1
v 0.908343 -0.347822 0.229591
vn 0 6.12323e-17 1
v 0.0567698 -0.239134 0.229591
vn 0 -6.12323e-17 -1
v 0.243123 -0.347822 0.229591
vn 0 -6.12323e-17 -1
v 0.0728162 -0.347822 0.229591
vn 0 -6.12323e-17 -1
v 0.0728162 -0.347822 0.229591
vn 0 6.12323e-17 1
v 0.243123 -0.347822 0.229591
vn 0 6.12323e-17 1
v 0.0567698 -0.239134 0.229591
vn 0 6.12323e-17 1
v 0.227076 -0.239134 0.229591
vn 0 -6.12323e-17 -1
v 0.470219 -0.347822 0.229591
vn 0 -6.12323e-17 -1
v 0.243123 -0.347822 0.229591
vn 0 -6.12323e-17 -1
v 0.243123 -0.347822 0.229591
vn 0 6.12323e-17 1
v 0.470219 -0.347822 0.229591
vn 0 6.12323e-17 1
v 0.227076 -0.239134 0.229591
vn 0 6.12323e-17 1
v 0.454173 -0.239134 0.229591
vn 0 -6.12323e-17 -1
v 0.697296 -0.347822 0.229591
vn 0 -6.12323e-17 -1
v 0.470219 -0.347822 0.229591
vn 0 -6.12323e-17 -1
v 0.470219 -0.347822 0.229591
vn 0 6.12323e-17 1
v 0.697296 -0.347822 0.229591
vn 0 6.12323e-17 1
v 0.454173 -0.239134 0.229591
vn 0 6.12323e-17 1
v 0.0494337 -0.239134 0.229591
vn 0 -6.12323e-17 -1
v 0.0567698 -0.239134 0.229591
vn 0 -6.12323e-17 -1
v 0.0728162 -0.347822 0.229591
vn 0 -6.12323e-17 -1
v 0.0728162 -0.347822 0.229591
vn 0 6.12323e-17 1
v 0.0567698 -0.239134 0.229591
vn 0 6.12323e-17 1
v 0.0494337 -0.239134 0.229591
vn 0 6.12323e-17 1
v 0.681249 -0.239134 0.229591
vn 0 -6.12323e-17 -1
v 0.908343 -0.347822 0.229591
vn 0 -6.12323e-17 -1
v 0.697296 -0.347822 0.229591
vn 0 -6.12323e-17 -1
v 0.697296 -0.347822 0.229591
vn 0 6.12323e-17 1
v 0.908343 -0.347822 0.229591
vn 0 6.12323e-17 1
v 0.681249 -0.239134 0.229591
vn 0 6.12323e-17 1
v 0.0494337 -0.239134 0.229591
vn 0 -6.12323e-17 -1
v 0.0728162 -0.347822 0.229591
vn 0 -6.12323e-17 -1
v 0.0494337 -0.347822 0.229591
vn 0 -6.12323e-17 -1
v 0.0494337 -0.347822 0.229591
vn 0 6.12323e-17 1
v 0.0728162 -0.347822 0.229591
vn 0 6.12323e-17 1
v 0.0494337 -0.239134 0.229591
vn 0 6.12323e-17 1
v -0.0476934 -0.347822 0.229591
vn 8.10991e-17 0.662225 -0.749305
v 0.0494337 -0.239134 0.229591
vn 0 -6.12323e-17 -1
v 0.0494337 -0.347822 0.229591
vn 8.10991e-17 0.662225 -0.749305
v 0.0494337 -0.347822 0.229591
vn -8.10991e-17 -0.662225 0.749305
v 0.0494337 -0.239134 0.229591
vn 0 6.12323e-17 1
v -0.0476934 -0.347822 0.229591
vn -8.10991e-17 -0.662225 0.749305
v 0.0511712 -0.347822 0.259213
vn 0.803942 0.454843 -0.383137
v 0.0494337 -0.347822 0.229591
vn -0.706913 0.7073 -4.33097e-17
v 0.0494337 -0.347822 0.25526
vn -0.0286512 0.97177 -0.234184
v 0.0494337 -0.347822 0.25526
vn 0.0286512 -0.97177 0.234184
v 0.0494337 -0.347822 0.229591
vn 0.706913 -0.7073 4.33097e-17
v 0.0511712 -0.347822 0.259213
vn -0.803942 -0.454843 0.383137
v -0.0476934 -0.239134 0.229591
vn 0 -6.12323e-17 -1
v 0.0494337 -0.239134 0.229591
vn 0 -6.12323e-17 -1
v -0.0476934 -0.347822 0.229591
vn 8.10991e-17 0.662225 -0.749305
v -0.0476934 -0.347822 0.229591
vn -8.10991e-17 -0.662225 0.749305
v 0.0494337 -0.239134 0.229591
vn 0 6.12323e-17 1
v -0.0476934 -0.239134 0.229591
vn 0 6.12323e-17 1
v -0.056767 0.0853827 0.229591
vn 0 -6.12323e-17 -1
v -0.0476934 -0.130436 0.229591
vn 0 -6.12323e-17 -1
v -0.0558784 -0.0217472 0.229591
vn 0 -6.12323e-17 -1
v -0.0558784 -0.0217472 0.229591
vn 0 6.12323e-17 1
v -0.0476934 -0.130436 0.229591
vn 0 6.12323e-17 1
v -0.056767 0.0853827 0.229591
vn 0 6.12323e-17 1
v -0.056767 0.0853827 0.229591
vn 0 -6.12323e-17 -1
v -0.0476934 0.0869508 0.229591
vn 1.22465e-16 1 0.000125325
v -0.056767 0.0869508 0.229591
vn 1.22465e-16 1 0.000125325
v -0.056767 0.0869508 0.229591
vn -1.22465e-16 -1 -0.000125325
v -0.0476934 0.0869508 0.229591
vn -1.22465e-16 -1 -0.000125325
v -0.056767 0.0853827 0.229591
vn 0 6.12323e-17 1
v -0.0549699 -0.130436 0.229591
vn 0 -6.12323e-17 -1
v -0.0476934 -0.239134 0.229591
vn 0 -6.12323e-17 -1
v -0.0540784 -0.239134 0.229591
vn 0 -6.12323e-17 -1
v -0.0540784 -0.239134 0.229591
vn 0 6.12323e-17 1
v -0.0476934 -0.239134 0.229591
vn 0 6.12323e-17 1
v -0.0549699 -0.130436 0.229591
vn 0 6.12323e-17 1
v -0.0558784 -0.0217472 0.229591
vn 0 -6.12323e-17 -1
v -0.0476934 -0.130436 0.229591
vn 0 -6.12323e-17 -1
v -0.0549699 -0.130436 0.229591
vn 0 -6.12323e-17 -1
v -0.0549699 -0.130436 0.229591
vn 0 6.12323e-17 1
v -0.0476934 -0.130436 0.229591
vn 0 6.12323e-17 1
v -0.0558784 -0.0217472 0.229591
vn 0 6.12323e-17 1
v -0.0476934 -0.347822 0.254817
vn -0.895172 0.433307 -0.104463
v -0.0476934 -0.239134 0.229591
vn -1 1.22465e-16 -7.4988e-33
v -0.0476934 -0.347822 0.229591
vn -0.727618 0.685982 -4.20043e-17
v -0.0476934 -0.347822 0.229591
vn 0.727618 -0.685982 4.20043e-17
v -0.0476934 -0.239134 0.229591
vn 1 -1.22465e-16 7.4988e-33
v -0.0476934 -0.347822 0.254817
vn 0.895172 -0.433307 0.104463
v 0.0728162 -0.347822 0.229591
vn 1.22465e-16 1 -6.12323e-17
v 0.0511712 -0.347822 0.259213
vn 0.803326 0.456177 -0.382843
v 0.0563866 -0.347822 0.2631
vn 0.635391 0.451996 -0.626081
v 0.0563866 -0.347822 0.2631
vn -0.635391 -0.451996 0.626081
v 0.0511712 -0.347822 0.259213
vn -0.803326 -0.456177 0.382843
v 0.0728162 -0.347822 0.229591
vn -1.22465e-16 -1 6.12323e-17
v -0.056767 0.0869508 0.229591
vn 1.22465e-16 1 -6.12323e-17
v -0.0547456 0.0869508 0.262773
vn 1.22465e-16 1 -6.12323e-17
v -0.0476934 0.0869508 0.229591
vn 1.22465e-16 1 -6.12323e-17
v -0.0476934 0.0869508 0.229591
vn -1.22465e-16 -1 6.12323e-17
v -0.0547456 0.0869508 0.262773
vn -1.22465e-16 -1 6.12323e-17
v -0.056767 0.0869508 0.229591
vn -1.22465e-16 -1 6.12323e-17
v -0.0494507 0.0869508 0.25883
vn -0.899893 8.3501e-17 -0.436111
v -0.0547456 -0.347822 0.262773
vn -0.643581 0.437277 -0.628166
v -0.0547456 0.0869508 0.262773
vn -0.715279 4.48049e-17 -0.698839
v -0.0547456 0.0869508 0.262773
vn 0.715279 -4.48049e-17 0.698839
v -0.0547456 -0.347822 0.262773
vn 0.643581 -0.437277 0.628166
v -0.0494507 0.0869508 0.25883
vn 0.899893 -8.3501e-17 0.436111
v -0.0547456 -0.347822 0.262773
vn -0.643581 0.437277 -0.628166
v -0.0494507 0.0869508 0.25883
vn -0.899893 8.3501e-17 -0.436111
v -0.0494507 -0.347822 0.25883
vn -0.807125 0.441522 -0.391928
v -0.0494507 -0.347822 0.25883
vn 0.807125 -0.441522 0.391928
v -0.0494507 0.0869508 0.25883
vn 0.899893 -8.3501e-17 0.436111
v -0.0547456 -0.347822 0.262773
vn 0.643581 -0.437277 0.628166
v -0.0476934 -0.347822 0.229591
vn -0.706914 0.707299 -4.33096e-17
v -0.0494507 -0.347822 0.25883
vn -0.803943 0.454841 -0.383138
v -0.0476934 -0.347822 0.254817
vn -0.886328 0.450182 -0.108438
v -0.0476934 -0.347822 0.254817
vn 0.886328 -0.450182 0.108438
v -0.0494507 -0.347822 0.25883
vn 0.803943 -0.454841 0.383138
v -0.0476934 -0.347822 0.229591
vn 0.706914 -0.707299 4.33096e-17
v 0.908343 -0.347822 0.133911
vn 1.22465e-16 1 -6.12323e-17
v 0.0728162 -0.347822 0.229591
vn 1.22465e-16 1 -6.12323e-17
v 0.243123 -0.347822 0.229591
vn 1.22465e-16 1 -6.12323e-17
v 0.243123 -0.347822 0.229591
vn -1.22465e-16 -1 6.12323e-17
v 0.0728162 -0.347822 0.229591
vn -1.22465e-16 -1 6.12323e-17
v 0.908343 -0.347822 0.133911
vn -1.22465e-16 -1 6.12323e-17
v -0.0634558 0.0869508 0.26658
vn 1.22465e-16 1 -6.12323e-17
v 0.908343 0.0869508 0.420948
vn 1.00585e-16 0.821341 -0.570438
v -0.0547456 0.0869508 0.262773
vn 1.22465e-16 1 -6.12323e-17
v -0.0547456 0.0869508 0.262773
vn -1.22465e-16 -1 6.12323e-17
v 0.908343 0.0869508 0.420948
vn -1.00585e-16 -0.821341 0.570438
v -0.0634558 0.0869508 0.26658
vn -1.22465e-16 -1 6.12323e-17
v 0.243123 -0.347822 0.229591
vn 1.22465e-16 1 -6.12323e-17
v 0.129262 -0.347822 0.279292
vn 0.177571 0.456663 -0.871738
v 0.151452 -0.347822 0.281494
vn 0.134663 0.456627 -0.879408
v 0.151452 -0.347822 0.281494
vn -0.134663 -0.456627 0.879408
v 0.129262 -0.347822 0.279292
vn -0.177571 -0.456663 0.871738
v 0.243123 -0.347822 0.229591
vn -1.22465e-16 -1 6.12323e-17
v 0.151452 0.0869508 0.281494
vn 1.22465e-16 1 -6.12323e-17
v 0.908343 0.0869508 0.420948
vn 9.954e-17 0.812806 -0.582535
v 0.1754 0.0869508 0.283248
vn 1.22465e-16 1 -6.12323e-17
v 0.1754 0.0869508 0.283248
vn -1.22465e-16 -1 6.12323e-17
v 0.908343 0.0869508 0.420948
vn -9.954e-17 -0.812806 0.582535
v 0.151452 0.0869508 0.281494
vn -1.22465e-16 -1 6.12323e-17
v 0.151452 0.0869508 0.281494
vn 0.149482 -7.88506e-17 -0.988764
v 0.1754 -0.347822 0.283248
vn 0.101111 0.412819 -0.905183
v 0.151452 -0.347822 0.281494
vn 0.135965 0.412838 -0.900599
v 0.151452 -0.347822 0.281494
vn -0.135965 -0.412838 0.900599
v 0.1754 -0.347822 0.283248
vn -0.101111 -0.412819 0.905183
v 0.151452 0.0869508 0.281494
vn -0.149482 7.88506e-17 0.988764
v 0.1754 -0.347822 0.283248
vn 0.101111 0.412819 -0.905183
v 0.151452 0.0869508 0.281494
vn 0.149482 -7.88506e-17 -0.988764
v 0.1754 0.0869508 0.283248
vn 0.110831 -7.44279e-17 -0.993839
v 0.1754 0.0869508 0.283248
vn -0.110831 7.44279e-17 0.993839
v 0.151452 0.0869508 0.281494
vn -0.149482 7.88506e-17 0.988764
v 0.1754 -0.347822 0.283248
vn -0.101111 -0.412819 0.905183
v 0.1754 0.0869508 0.283248
vn 1.22465e-16 1 -6.12323e-17
v 0.908343 0.0869508 0.420948
vn 9.97287e-17 0.814346 -0.580379
v 0.200662 0.0869508 0.284521
vn 1.22465e-16 1 -6.12323e-17
v 0.200662 0.0869508 0.284521
vn -1.22465e-16 -1 6.12323e-17
v 0.908343 0.0869508 0.420948
vn -9.97287e-17 -0.814346 0.580379
v 0.1754 0.0869508 0.283248
vn -1.22465e-16 -1 6.12323e-17
v 0.200662 -0.347822 0.284521
vn 0.0662006 0.411203 -0.909137
v 0.1754 0.0869508 0.283248
vn 0.107378 -7.40284e-17 -0.994218
v 0.200662 0.0869508 0.284521
vn 0.0724513 -6.99441e-17 -0.997372
v 0.200662 0.0869508 0.284521
vn -0.0724513 6.99441e-17 0.997372
v 0.1754 0.0869508 0.283248
vn -0.107378 7.40284e-17 0.994218
v 0.200662 -0.347822 0.284521
vn -0.0662006 -0.411203 0.909137
v 0.200662 0.0869508 0.284521
vn 0.0691453 -6.95536e-17 -0.997607
v 0.226835 -0.347822 0.285294
vn 0.0334086 0.410082 -0.911437
v 0.200662 -0.347822 0.284521
vn 0.0629012 0.410089 -0.909874
v 0.200662 -0.347822 0.284521
vn -0.0629012 -0.410089 0.909874
v 0.226835 -0.347822 0.285294
vn -0.0334086 -0.410082 0.911437
v 0.200662 0.0869508 0.284521
vn -0.0691453 6.95536e-17 0.997607
v 0.243123 -0.347822 0.229591
vn 1.22465e-16 1 -6.12323e-17
v 0.226835 -0.347822 0.285294
vn 0.0309949 0.457512 -0.888663
v 0.253471 -0.347822 0.285555
vn 0.00768808 0.457472 -0.889191
v 0.253471 -0.347822 0.285555
vn -0.00768808 -0.457472 0.889191
v 0.226835 -0.347822 0.285294
vn -0.0309949 -0.457512 0.888663
v 0.243123 -0.347822 0.229591
vn -1.22465e-16 -1 6.12323e-17
v 0.290879 -0.347822 0.229591
vn 1.22465e-16 1 -6.12323e-17
v 0.253471 -0.347822 0.285555
vn 0.00693589 0.597023 -0.802194
v 0.703053 -0.347822 0.285555
vn -0.00693589 0.597023 -0.802194
v 0.703053 -0.347822 0.285555
vn 0.00693589 -0.597023 0.802194
v 0.253471 -0.347822 0.285555
vn -0.00693589 -0.597023 0.802194
v 0.290879 -0.347822 0.229591
vn -1.22465e-16 -1 6.12323e-17
v 0.730076 0.0869508 0.285291
vn 1.22465e-16 1 -6.12323e-17
v 0.908343 0.0869508 0.420948
vn 1.00145e-16 0.81775 -0.575574
v 0.756649 0.0869508 0.284505
vn 1.22465e-16 1 -6.12323e-17
v 0.756649 0.0869508 0.284505
vn -1.22465e-16 -1 6.12323e-17
v 0.908343 0.0869508 0.420948
vn -1.00145e-16 -0.81775 0.575574
v 0.730076 0.0869508 0.285291
vn -1.22465e-16 -1 6.12323e-17
v 0.73068 0.0869508 0.229591
vn 8.73846e-17 0.713549 -0.700605
v 0.703053 0.0869508 0.285555
vn 1.22465e-16 1 -6.12323e-17
v 0.730076 0.0869508 0.285291
vn 1.22465e-16 1 -6.12323e-17
v 0.730076 0.0869508 0.285291
vn -1.22465e-16 -1 6.12323e-17
v 0.703053 0.0869508 0.285555
vn -1.22465e-16 -1 6.12323e-17
v 0.73068 0.0869508 0.229591
vn -8.73846e-17 -0.713549 0.700605
v 0.730076 -0.347822 0.285291
vn -0.0301499 0.409012 -0.912031
v 0.703053 0.0869508 0.285555
vn -0.00946075 -6.0071e-17 -0.999955
v 0.730076 0.0869508 0.285291
vn -0.0332138 -5.7131e-17 -0.999448
v 0.730076 0.0869508 0.285291
vn 0.0332138 5.7131e-17 0.999448
v 0.703053 0.0869508 0.285555
vn 0.00946075 6.0071e-17 0.999955
v 0.730076 -0.347822 0.285291
vn 0.0301499 -0.409012 0.912031
v 0.745049 -0.347822 0.229591
vn 1.22465e-16 1 -6.12323e-17
v 0.703053 -0.347822 0.285555
vn -0.00768767 0.457562 -0.889144
v 0.730076 -0.347822 0.285291
vn -0.0309933 0.457602 -0.888617
v 0.730076 -0.347822 0.285291
vn 0.0309933 -0.457602 0.888617
v 0.703053 -0.347822 0.285555
vn 0.00768767 -0.457562 0.889144
v 0.745049 -0.347822 0.229591
vn -1.22465e-16 -1 6.12323e-17
v 0.681249 -0.0217472 0.229591
vn 0 -6.12323e-17 -1
v 0.73068 0.0869508 0.229591
vn 7.43988e-17 0.607512 -0.794311
v 0.908343 -0.0217472 0.229591
vn 0 -6.12323e-17 -1
v 0.908343 -0.0217472 0.229591
vn 0 6.12323e-17 1
v 0.73068 0.0869508 0.229591
vn -7.43988e-17 -0.607512 0.794311
v 0.681249 -0.0217472 0.229591
vn 0 6.12323e-17 1
v 0.908343 -0.0217472 0.229591
vn 0 -6.12323e-17 -1
v 0.91008 -0.130436 0.229591
vn -0.446549 -1.01699e-19 -0.894759
v 0.908343 -0.130436 0.229591
vn 0 -6.12323e-17 -1
v 0.908343 -0.130436 0.229591
vn 0 6.12323e-17 1
v 0.91008 -0.130436 0.229591
vn 0.446549 1.01699e-19 0.894759
v 0.908343 -0.0217472 0.229591
vn 0 6.12323e-17 1
v 0.908343 -0.0217472 0.229591
vn 1 -1.2245e-16 0.000232459
v 0.908343 0.0869508 0.258771
vn 1 -1.2245e-16 0.000232459
v 0.908343 -0.130436 0.229591
vn 1 -1.2245e-16 0.000232459
v 0.908343 -0.130436 0.229591
vn -1 1.2245e-16 -0.000232459
v 0.908343 0.0869508 0.258771
vn -1 1.2245e-16 -0.000232459
v 0.908343 -0.0217472 0.229591
vn -1 1.2245e-16 -0.000232459
v 0.91008 -0.130436 0.229591
vn -0.446549 -1.01708e-19 -0.894759
v 0.908343 -0.239134 0.229591
vn 0 -6.12323e-17 -1
v 0.908343 -0.130436 0.229591
vn 0 -6.12323e-17 -1
v 0.908343 -0.130436 0.229591
vn 0 6.12323e-17 1
v 0.908343 -0.239134 0.229591
vn 0 6.12323e-17 1
v 0.91008 -0.130436 0.229591
vn 0.446549 1.01708e-19 0.894759
v 0.908343 -0.130436 0.229591
vn 1 -1.2245e-16 0.000232458
v 0.908343 0.0869508 0.258771
vn 1 -1.2245e-16 0.000232458
v 0.908343 -0.239134 0.229591
vn 1 -1.2245e-16 0.000232458
v 0.908343 -0.239134 0.229591
vn -1 1.2245e-16 -0.000232458
v 0.908343 0.0869508 0.258771
vn -1 1.2245e-16 -0.000232458
v 0.908343 -0.130436 0.229591
vn -1 1.2245e-16 -0.000232458
v 0.91008 -0.239134 0.229591
vn -0.446549 -1.01699e-19 -0.894759
v 0.908343 -0.347822 0.229591
vn 0 -6.12323e-17 -1
v 0.908343 -0.239134 0.229591
vn 0 -6.12323e-17 -1
v 0.908343 -0.239134 0.229591
vn 0 6.12323e-17 1
v 0.908343 -0.347822 0.229591
vn 0 6.12323e-17 1
v 0.91008 -0.239134 0.229591
vn 0.446549 1.01699e-19 0.894759
v 0.908343 -0.239134 0.229591
vn 1 -1.2245e-16 0.000232459
v 0.908343 0.0869508 0.258771
vn 1 -1.2245e-16 0.000232459
v 0.908343 -0.347822 0.229591
vn 1 -1.2245e-16 0.000232459
v 0.908343 -0.347822 0.229591
vn -1 1.2245e-16 -0.000232459
v 0.908343 0.0869508 0.258771
vn -1 1.2245e-16 -0.000232459
v 0.908343 -0.239134 0.229591
vn -1 1.2245e-16 -0.000232459
v 0.243123 -0.347822 0.229591
vn 0 -6.12323e-17 -1
v 0.470219 -0.347822 0.229591
vn 0 -6.12323e-17 -1
v 0.290879 -0.347822 0.229591
vn 0 -6.12323e-17 -1
v 0.290879 -0.347822 0.229591
vn 0 6.12323e-17 1
v 0.470219 -0.347822 0.229591
vn 0 6.12323e-17 1
v 0.243123 -0.347822 0.229591
vn 0 6.12323e-17 1
v 0.470219 -0.347822 0.229591
vn 0 -6.12323e-17 -1
v 0.697296 -0.347822 0.229591
vn 0 -6.12323e-17 -1
v 0.532344 -0.347822 0.229591
vn 0 -6.12323e-17 -1
v 0.532344 -0.347822 0.229591
vn 0 6.12323e-17 1
v 0.697296 -0.347822 0.229591
vn 0 6.12323e-17 1
v 0.470219 -0.347822 0.229591
vn 0 6.12323e-17 1
v 0.697296 -0.347822 0.229591
vn 0 -6.12323e-17 -1
v 0.908343 -0.347822 0.229591
vn 0 -6.12323e-17 -1
v 0.904604 -0.347822 0.229591
vn 0 -6.12323e-17 -1
v 0.904604 -0.347822 0.229591
vn 0 6.12323e-17 1
v 0.908343 -0.347822 0.229591
vn 0 6.12323e-17 1
v 0.697296 -0.347822 0.229591
vn 0 6.12323e-17 1
v 0.0494337 -0.347822 0.229591
vn -0.704107 0.710094 -4.34807e-17
v 0.0511712 -0.347822 0.259213
vn 0.801881 0.459287 -0.382155
v 0.0728162 -0.347822 0.229591
vn 1.22465e-16 1 -6.12323e-17
v 0.0728162 -0.347822 0.229591
vn -1.22465e-16 -1 6.12323e-17
v 0.0511712 -0.347822 0.259213
vn -0.801881 -0.459287 0.382155
v 0.0494337 -0.347822 0.229591
vn 0.704107 -0.710094 4.34807e-17
v 0.908343 -0.347822 0.133911
vn 1.22465e-16 1 -6.12323e-17
v 0.0494337 -0.347822 0.229591
vn 8.77606e-17 0.71662 -0.697464
v 0.0728162 -0.347822 0.229591
vn 1.22465e-16 1 -6.12323e-17
v 0.0728162 -0.347822 0.229591
vn -1.22465e-16 -1 6.12323e-17
v 0.0494337 -0.347822 0.229591
vn -8.77606e-17 -0.71662 0.697464
v 0.908343 -0.347822 0.133911
vn -1.22465e-16 -1 6.12323e-17
v 0.908343 -0.347822 0.133911
vn 1.22465e-16 1 -6.12323e-17
v -0.0476934 -0.347822 0.229591
vn 9.1136e-17 0.744182 -0.667977
v 0.0494337 -0.347822 0.229591
vn 9.1136e-17 0.744182 -0.667977
v 0.0494337 -0.347822 0.229591
vn -9.1136e-17 -0.744182 0.667977
v -0.0476934 -0.347822 0.229591
vn -9.1136e-17 -0.744182 0.667977
v 0.908343 -0.347822 0.133911
vn -1.22465e-16 -1 6.12323e-17
v -0.0476934 -0.239134 0.229591
vn 0 6.12323e-17 1
v -0.0531898 -0.346881 0.229591
vn 0 6.12323e-17 1
v -0.0476934 -0.347822 0.229591
vn 0 6.12323e-17 1
v -0.0476934 -0.347822 0.229591
vn 0 -6.12323e-17 -1
v -0.0531898 -0.346881 0.229591
vn 0 -6.12323e-17 -1
v -0.0476934 -0.239134 0.229591
vn 0 -6.12323e-17 -1
v -0.0558784 -0.0217472 0.229591
vn 0 -6.12323e-17 -1
v -0.226063 0.056176 0.229591
vn 0 -6.12323e-17 -1
v -0.056767 0.0853827 0.229591
vn 0 -6.12323e-17 -1
v -0.056767 0.0853827 0.229591
vn 0 6.12323e-17 1
v -0.226063 0.056176 0.229591
vn 0 6.12323e-17 1
v -0.0558784 -0.0217472 0.229591
vn 0 6.12323e-17 1
v -0.0558784 -0.0217472 0.229591
vn 0 -6.12323e-17 -1
v -0.226063 0.056176 0.229591
vn 0 -6.12323e-17 -1
v -0.056767 0.0853827 0.229591
vn 0 -6.12323e-17 -1
v -0.056767 0.0853827 0.229591
vn 0 6.12323e-17 1
v -0.226063 0.056176 0.229591
vn 0 6.12323e-17 1
v -0.0558784 -0.0217472 0.229591
vn 0 6.12323e-17 1
v -0.056767 0.0853827 0.229591
vn 0 -6.12323e-17 -1
v -0.227094 0.0869508 0.229591
vn 1.22464e-16 0.999997 -0.00235253
v -0.056767 0.0869508 0.229591
vn 1.22464e-16 0.999997 -0.00235253
v -0.056767 0.0869508 0.229591
vn -1.22464e-16 -0.999997 0.00235253
v -0.227094 0.0869508 0.229591
vn -1.22464e-16 -0.999997 0.00235253
v -0.056767 0.0853827 0.229591
vn 0 6.12323e-17 1
v -0.0531898 -0.346881 0.229591
vn 0 6.12323e-17 1
v -0.0476934 -0.239134 0.229591
vn 0 6.12323e-17 1
v -0.0540784 -0.239134 0.229591
vn 0 6.12323e-17 1
v -0.0540784 -0.239134 0.229591
vn 0 -6.12323e-17 -1
v -0.0476934 -0.239134 0.229591
vn 0 -6.12323e-17 -1
v -0.0531898 -0.346881 0.229591
vn 0 -6.12323e-17 -1
v -0.0540784 -0.239134 0.229591
vn 0 -6.12323e-17 -1
v -0.219899 -0.130436 0.229591
vn 0 -6.12323e-17 -1
v -0.0549699 -0.130436 0.229591
vn 0 -6.12323e-17 -1
v -0.0549699 -0.130436 0.229591
vn 0 6.12323e-17 1
v -0.219899 -0.130436 0.229591
vn 0 6.12323e-17 1
v -0.0540784 -0.239134 0.229591
vn 0 6.12323e-17 1
v -0.0549699 -0.130436 0.229591
vn 0 -6.12323e-17 -1
v -0.223496 -0.0217472 0.229591
vn 0 -6.12323e-17 -1
v -0.0558784 -0.0217472 0.229591
vn 0 -6.12323e-17 -1
v -0.0558784 -0.0217472 0.229591
vn 0 6.12323e-17 1
v -0.223496 -0.0217472 0.229591
vn 0 6.12323e-17 1
v -0.0549699 -0.130436 0.229591
vn 0 6.12323e-17 1
v -0.056767 0.0869508 0.229591
vn 1.22465e-16 1 -6.12323e-17
v -0.0634558 0.0869508 0.26658
vn 1.22465e-16 1 -6.12323e-17
v -0.0547456 0.0869508 0.262773
vn 1.22465e-16 1 -6.12323e-17
v -0.0547456 0.0869508 0.262773
vn -1.22465e-16 -1 6.12323e-17
v -0.0634558 0.0869508 0.26658
vn -1.22465e-16 -1 6.12323e-17
v -0.056767 0.0869508 0.229591
vn -1.22465e-16 -1 6.12323e-17
v -0.0547456 -0.347822 0.262773
vn -0.637929 0.434042 -0.636125
v -0.0634558 0.0869508 0.26658
vn -0.547543 1.58169e-17 -0.836777
v -0.0547456 0.0869508 0.262773
vn -0.708538 4.35609e-17 -0.705673
v -0.0547456 0.0869508 0.262773
vn 0.708538 -4.35609e-17 0.705673
v -0.0634558 0.0869508 0.26658
vn 0.547543 -1.58169e-17 0.836777
v -0.0547456 -0.347822 0.262773
vn 0.637929 -0.434042 0.636125
v -0.0531898 -0.347822 0.229591
vn 1.22465e-16 1 -6.12323e-17
v -0.0547456 -0.347822 0.262773
vn -0.635563 0.451519 -0.626251
v -0.0494507 -0.347822 0.25883
vn -0.803546 0.455703 -0.382948
v -0.0494507 -0.347822 0.25883
vn 0.803546 -0.455703 0.382948
v -0.0547456 -0.347822 0.262773
vn 0.635563 -0.451519 0.626251
v -0.0531898 -0.347822 0.229591
vn -1.22465e-16 -1 6.12323e-17
v -0.0531898 -0.347822 0.229591
vn 1.22465e-16 1 -6.12323e-17
v -0.0494507 -0.347822 0.25883
vn -0.803574 0.455642 -0.382961
v -0.0476934 -0.347822 0.229591
vn -0.70641 0.707803 -4.33405e-17
v -0.0476934 -0.347822 0.229591
vn 0.70641 -0.707803 4.33405e-17
v -0.0494507 -0.347822 0.25883
vn 0.803574 -0.455642 0.382961
v -0.0531898 -0.347822 0.229591
vn -1.22465e-16 -1 6.12323e-17
v 0.908343 -0.347822 0.133911
vn 1.22465e-16 1 -6.12323e-17
v 0.243123 -0.347822 0.229591
vn 1.22465e-16 1 -6.12323e-17
v 0.290879 -0.347822 0.229591
vn 1.22465e-16 1 -6.12323e-17
v 0.290879 -0.347822 0.229591
vn -1.22465e-16 -1 6.12323e-17
v 0.243123 -0.347822 0.229591
vn -1.22465e-16 -1 6.12323e-17
v 0.908343 -0.347822 0.133911
vn -1.22465e-16 -1 6.12323e-17
v -0.0754225 0.0869508 0.270185
vn 1.22465e-16 1 -6.12323e-17
v 0.908343 0.0869508 0.420948
vn 1.00687e-16 0.822176 -0.569234
v -0.0634558 0.0869508 0.26658
vn 1.22465e-16 1 -6.12323e-17
v -0.0634558 0.0869508 0.26658
vn -1.22465e-16 -1 6.12323e-17
v 0.908343 0.0869508 0.420948
vn -1.00687e-16 -0.822176 0.569234
v -0.0754225 0.0869508 0.270185
vn -1.22465e-16 -1 6.12323e-17
v 0.243123 -0.347822 0.229591
vn 1.22465e-16 1 -6.12323e-17
v 0.151452 -0.347822 0.281494
vn 0.134636 0.45697 -0.879233
v 0.1754 -0.347822 0.283248
vn 0.0970803 0.456952 -0.884178
v 0.1754 -0.347822 0.283248
vn -0.0970803 -0.456952 0.884178
v 0.151452 -0.347822 0.281494
vn -0.134636 -0.45697 0.879233
v 0.243123 -0.347822 0.229591
vn -1.22465e-16 -1 6.12323e-17
v 0.1754 0.0869508 0.283248
vn 0.107378 -7.40284e-17 -0.994218
v 0.200662 -0.347822 0.284521
vn 0.0662006 0.411203 -0.909137
v 0.1754 -0.347822 0.283248
vn 0.097709 0.411212 -0.906288
v 0.1754 -0.347822 0.283248
vn -0.097709 -0.411212 0.906288
v 0.200662 -0.347822 0.284521
vn -0.0662006 -0.411203 0.909137
v 0.1754 0.0869508 0.283248
vn -0.107378 7.40284e-17 0.994218
v 0.243123 -0.347822 0.229591
vn 1.22465e-16 1 -6.12323e-17
v 0.200662 -0.347822 0.284521
vn 0.0629793 0.4574 -0.887028
v 0.226835 -0.347822 0.285294
vn 0.0309971 0.457393 -0.888724
v 0.226835 -0.347822 0.285294
vn -0.0309971 -0.457393 0.888724
v 0.200662 -0.347822 0.284521
vn -0.0629793 -0.4574 0.887028
v 0.243123 -0.347822 0.229591
vn -1.22465e-16 -1 6.12323e-17
v 0.243123 -0.347822 0.229591
vn 1.22465e-16 1 -6.12323e-17
v 0.253471 -0.347822 0.285555
vn 0.00765197 0.465499 -0.885015
v 0.290879 -0.347822 0.229591
vn 1.22465e-16 1 -6.12323e-17
v 0.290879 -0.347822 0.229591
vn -1.22465e-16 -1 6.12323e-17
v 0.253471 -0.347822 0.285555
vn -0.00765197 -0.465499 0.885015
v 0.243123 -0.347822 0.229591
vn -1.22465e-16 -1 6.12323e-17
v 0.290879 -0.347822 0.229591
vn 1.22465e-16 1 -6.12323e-17
v 0.703053 -0.347822 0.285555
vn -0.00742214 0.512872 -0.858433
v 0.470219 -0.347822 0.229591
vn 1.22465e-16 1 -6.12323e-17
v 0.470219 -0.347822 0.229591
vn -1.22465e-16 -1 6.12323e-17
v 0.703053 -0.347822 0.285555
vn 0.00742214 -0.512872 0.858433
v 0.290879 -0.347822 0.229591
vn -1.22465e-16 -1 6.12323e-17
v 0.756649 0.0869508 0.284505
vn 1.22465e-16 1 -6.12323e-17
v 0.908343 0.0869508 0.420948
vn 1.00128e-16 0.81761 -0.575772
v 0.782297 0.0869508 0.283214
vn 1.22465e-16 1 -6.12323e-17
v 0.782297 0.0869508 0.283214
vn -1.22465e-16 -1 6.12323e-17
v 0.908343 0.0869508 0.420948
vn -1.00128e-16 -0.81761 0.575772
v 0.756649 0.0869508 0.284505
vn -1.22465e-16 -1 6.12323e-17
v 0.73068 0.0869508 0.229591
vn 8.73715e-17 0.713442 -0.700714
v 0.730076 0.0869508 0.285291
vn 1.22465e-16 1 -6.12323e-17
v 0.756649 0.0869508 0.284505
vn 1.22465e-16 1 -6.12323e-17
v 0.756649 0.0869508 0.284505
vn -1.22465e-16 -1 6.12323e-17
v 0.730076 0.0869508 0.285291
vn -1.22465e-16 -1 6.12323e-17
v 0.73068 0.0869508 0.229591
vn -8.73715e-17 -0.713442 0.700714
v 0.756649 -0.347822 0.284505
vn -0.0629002 0.409563 -0.910111
v 0.730076 0.0869508 0.285291
vn -0.0364883 -5.6723e-17 -0.999334
v 0.756649 0.0869508 0.284505
vn -0.0691279 -5.26201e-17 -0.997608
v 0.756649 0.0869508 0.284505
vn 0.0691279 5.26201e-17 0.997608
v 0.730076 0.0869508 0.285291
vn 0.0364883 5.6723e-17 0.999334
v 0.756649 -0.347822 0.284505
vn 0.0629002 -0.409563 0.910111
v 0.730076 0.0869508 0.285291
vn -0.0364883 -5.6723e-17 -0.999334
v 0.756649 -0.347822 0.284505
vn -0.0629002 0.409563 -0.910111
v 0.730076 -0.347822 0.285291
vn -0.0334455 0.409556 -0.911672
v 0.730076 -0.347822 0.285291
vn 0.0334455 -0.409556 0.911672
v 0.756649 -0.347822 0.284505
vn 0.0629002 -0.409563 0.910111
v 0.730076 0.0869508 0.285291
vn 0.0364883 5.6723e-17 0.999334
v 0.697296 -0.347822 0.229591
vn 1.22465e-16 1 -6.12323e-17
v 0.703053 -0.347822 0.285555
vn -0.00765198 0.465498 -0.885016
v 0.745049 -0.347822 0.229591
vn 1.22465e-16 1 -6.12323e-17
v 0.745049 -0.347822 0.229591
vn -1.22465e-16 -1 6.12323e-17
v 0.703053 -0.347822 0.285555
vn 0.00765198 -0.465498 0.885016
v 0.697296 -0.347822 0.229591
vn -1.22465e-16 -1 6.12323e-17
v 0.745049 -0.347822 0.229591
vn 1.22465e-16 1 -6.12323e-17
v 0.730076 -0.347822 0.285291
vn -0.0309973 0.457378 -0.888732
v 0.756649 -0.347822 0.284505
vn -0.0629798 0.457385 -0.887036
v 0.756649 -0.347822 0.284505
vn 0.0629798 -0.457385 0.887036
v 0.730076 -0.347822 0.285291
vn 0.0309973 -0.457378 0.888732
v 0.745049 -0.347822 0.229591
vn -1.22465e-16 -1 6.12323e-17
v 0.901007 0.0869508 0.229591
vn 7.7231e-17 0.630639 -0.776077
v 0.908343 -0.0217472 0.229591
vn 0 -6.12323e-17 -1
v 0.73068 0.0869508 0.229591
vn 7.7231e-17 0.630639 -0.776077
v 0.73068 0.0869508 0.229591
vn -7.7231e-17 -0.630639 0.776077
v 0.908343 -0.0217472 0.229591
vn 0 6.12323e-17 1
v 0.901007 0.0869508 0.229591
vn -7.7231e-17 -0.630639 0.776077
v 0.91008 -0.130436 0.229591
vn -0.446549 -1.01699e-19 -0.894759
v 0.908343 -0.0217472 0.229591
vn 0 -6.12323e-17 -1
v 0.91008 -0.0217472 0.229591
vn -0.446549 -1.01699e-19 -0.894759
v 0.91008 -0.0217472 0.229591
vn 0.446549 1.01699e-19 0.894759
v 0.908343 -0.0217472 0.229591
vn 0 6.12323e-17 1
v 0.91008 -0.130436 0.229591
vn 0.446549 1.01699e-19 0.894759
v 0.908343 0.0869508 0.258771
vn 1 -1.2245e-16 0.000232458
v 0.908343 -0.0217472 0.229591
vn 1 -1.2245e-16 0.000232458
v 0.908343 0.0869508 0.229591
vn 1 -1.2245e-16 0.000232458
v 0.908343 0.0869508 0.229591
vn -1 1.2245e-16 -0.000232458
v 0.908343 -0.0217472 0.229591
vn -1 1.2245e-16 -0.000232458
v 0.908343 0.0869508 0.258771
vn -1 1.2245e-16 -0.000232458
v 0.908343 -0.239134 0.229591
vn 0 -6.12323e-17 -1
v 0.91008 -0.130436 0.229591
vn -0.446549 -1.01708e-19 -0.894759
v 0.91008 -0.239134 0.229591
vn -0.446549 -1.01708e-19 -0.894759
v 0.91008 -0.239134 0.229591
vn 0.446549 1.01708e-19 0.894759
v 0.91008 -0.130436 0.229591
vn 0.446549 1.01708e-19 0.894759
v 0.908343 -0.239134 0.229591
vn 0 6.12323e-17 1
v 0.908343 -0.347822 0.229591
vn 0 -6.12323e-17 -1
v 0.91008 -0.239134 0.229591
vn -0.446549 -1.01699e-19 -0.894759
v 0.91008 -0.347822 0.229591
vn -0.706276 4.31452e-17 -0.707937
v 0.91008 -0.347822 0.229591
vn 0.706276 -4.31452e-17 0.707937
v 0.91008 -0.239134 0.229591
vn 0.446549 1.01699e-19 0.894759
v 0.908343 -0.347822 0.229591
vn 0 6.12323e-17 1
v 0.908343 -0.347822 0.229591
vn 1 -1.22452e-16 0.000203572
v 0.908343 0.0869508 0.258771
vn 1 -1.22452e-16 0.000203572
v 0.908343 -0.347822 0.258771
vn 1 -1.22452e-16 0.000203572
v 0.908343 -0.347822 0.258771
vn -1 1.22452e-16 -0.000203572
v 0.908343 0.0869508 0.258771
vn -1 1.22452e-16 -0.000203572
v 0.908343 -0.347822 0.229591
vn -1 1.22452e-16 -0.000203572
v 0.908343 -0.347822 0.133911
vn 1.22465e-16 1 -6.12323e-17
v 0.290879 -0.347822 0.229591
vn 1.22465e-16 1 -6.12323e-17
v 0.470219 -0.347822 0.229591
vn 1.22465e-16 1 -6.12323e-17
v 0.470219 -0.347822 0.229591
vn -1.22465e-16 -1 6.12323e-17
v 0.290879 -0.347822 0.229591
vn -1.22465e-16 -1 6.12323e-17
v 0.908343 -0.347822 0.133911
vn -1.22465e-16 -1 6.12323e-17
v 0.532344 -0.347822 0.229591
vn 1.22465e-16 1 -6.12323e-17
v 0.703053 -0.347822 0.285555
vn -0.00744764 0.507902 -0.861383
v 0.697296 -0.347822 0.229591
vn 1.22465e-16 1 -6.12323e-17
v 0.697296 -0.347822 0.229591
vn -1.22465e-16 -1 6.12323e-17
v 0.703053 -0.347822 0.285555
vn 0.00744764 -0.507902 0.861383
v 0.532344 -0.347822 0.229591
vn -1.22465e-16 -1 6.12323e-17
v 0.908343 -0.347822 0.133911
vn 1.22465e-16 1 -6.12323e-17
v 0.532344 -0.347822 0.229591
vn 1.22465e-16 1 -6.12323e-17
v 0.697296 -0.347822 0.229591
vn 1.22465e-16 1 -6.12323e-17
v 0.697296 -0.347822 0.229591
vn -1.22465e-16 -1 6.12323e-17
v 0.532344 -0.347822 0.229591
vn -1.22465e-16 -1 6.12323e-17
v 0.908343 -0.347822 0.133911
vn -1.22465e-16 -1 6.12323e-17
v 0.470219 -0.347822 0.229591
vn 1.22465e-16 1 -6.12323e-17
v 0.703053 -0.347822 0.285555
vn -0.00762731 0.470884 -0.882162
v 0.532344 -0.347822 0.229591
vn 1.22465e-16 1 -6.12323e-17
v 0.532344 -0.347822 0.229591
vn -1.22465e-16 -1 6.12323e-17
v 0.703053 -0.347822 0.285555
vn 0.00762731 -0.470884 0.882162
v 0.470219 -0.347822 0.229591
vn -1.22465e-16 -1 6.12323e-17
v 0.908343 -0.347822 0.133911
vn 1.22465e-16 1 -6.12323e-17
v 0.470219 -0.347822 0.229591
vn 1.22465e-16 1 -6.12323e-17
v 0.532344 -0.347822 0.229591
vn 1.22465e-16 1 -6.12323e-17
v 0.532344 -0.347822 0.229591
vn -1.22465e-16 -1 6.12323e-17
v 0.470219 -0.347822 0.229591
vn -1.22465e-16 -1 6.12323e-17
v 0.908343 -0.347822 0.133911
vn -1.22465e-16 -1 6.12323e-17
v 0.904604 -0.347822 0.229591
vn 1.22465e-16 1 -6.12323e-17
v 0.908323 -0.347822 0.25883
vn -0.564255 0.70758 -0.425379
v 0.908343 -0.347822 0.229591
vn 1.22465e-16 1 -6.12323e-17
v 0.908343 -0.347822 0.229591
vn -1.22465e-16 -1 6.12323e-17
v 0.908323 -0.347822 0.25883
vn 0.564255 -0.70758 0.425379
v 0.904604 -0.347822 0.229591
vn -1.22465e-16 -1 6.12323e-17
v 0.908343 -0.347822 0.133911
vn 1.22465e-16 1 -6.12323e-17
v 0.904604 -0.347822 0.229591
vn 1.22465e-16 1 -6.12323e-17
v 0.908343 -0.347822 0.229591
vn 1.22465e-16 1 -6.12323e-17
v 0.908343 -0.347822 0.229591
vn -1.22465e-16 -1 6.12323e-17
v 0.904604 -0.347822 0.229591
vn -1.22465e-16 -1 6.12323e-17
v 0.908343 -0.347822 0.133911
vn -1.22465e-16 -1 6.12323e-17
v 0.697296 -0.347822 0.229591
vn 0 -6.12323e-17 -1
v 0.904604 -0.347822 0.229591
vn 0 -6.12323e-17 -1
v 0.745049 -0.347822 0.229591
vn 0 -6.12323e-17 -1
v 0.745049 -0.347822 0.229591
vn 0 6.12323e-17 1
v 0.904604 -0.347822 0.229591
vn 0 6.12323e-17 1
v 0.697296 -0.347822 0.229591
vn 0 6.12323e-17 1
v 0.908343 -0.347822 0.133911
vn 1.22465e-16 1 -6.12323e-17
v -0.0531898 -0.347822 0.229591
vn 1.22465e-16 1 -6.12323e-17
v -0.0476934 -0.347822 0.229591
vn 8.68738e-17 0.709378 -0.704828
v -0.0476934 -0.347822 0.229591
vn -8.68738e-17 -0.709378 0.704828
v -0.0531898 -0.347822 0.229591
vn -1.22465e-16 -1 6.12323e-17
v 0.908343 -0.347822 0.133911
vn -1.22465e-16 -1 6.12323e-17
v -0.0476934 -0.347822 0.229591
vn 0 6.12323e-17 1
v -0.0531898 -0.346881 0.229591
vn 0 6.12323e-17 1
v -0.0531898 -0.347822 0.229591
vn 0 6.12323e-17 1
v -0.0531898 -0.347822 0.229591
vn 0 -6.12323e-17 -1
v -0.0531898 -0.346881 0.229591
vn 0 -6.12323e-17 -1
v -0.0476934 -0.347822 0.229591
vn 0 -6.12323e-17 -1
v -0.226063 0.056176 0.229591
vn 0 -6.12323e-17 -1
v -0.0558784 -0.0217472 0.229591
vn 0 -6.12323e-17 -1
v -0.449582 0.0176128 0.229591
vn 0 -6.12323e-17 -1
v -0.449582 0.0176128 0.229591
vn 0 6.12323e-17 1
v -0.0558784 -0.0217472 0.229591
vn 0 6.12323e-17 1
v -0.226063 0.056176 0.229591
vn 0 6.12323e-17 1
v -0.226063 0.056176 0.229591
vn 0 -6.12323e-17 -1
v -0.0558784 -0.0217472 0.229591
vn 0 -6.12323e-17 -1
v -0.223496 -0.0217472 0.229591
vn 0 -6.12323e-17 -1
v -0.223496 -0.0217472 0.229591
vn 0 6.12323e-17 1
v -0.0558784 -0.0217472 0.229591
vn 0 6.12323e-17 1
v -0.226063 0.056176 0.229591
vn 0 6.12323e-17 1
v -0.227094 0.0869508 0.229591
vn 1.22334e-16 0.998937 -0.0461061
v -0.056767 0.0853827 0.229591
vn 0 -6.12323e-17 -1
v -0.226063 0.056176 0.229591
vn 0 -6.12323e-17 -1
v -0.226063 0.056176 0.229591
vn 0 6.12323e-17 1
v -0.056767 0.0853827 0.229591
vn 0 6.12323e-17 1
v -0.227094 0.0869508 0.229591
vn -1.22334e-16 -0.998937 0.0461061
v -0.227094 0.0869508 0.229591
vn 1.22465e-16 1 -6.12323e-17
v -0.201125 0.0869508 0.284505
vn 1.22465e-16 1 -6.12323e-17
v -0.056767 0.0869508 0.229591
vn 1.22465e-16 1 -6.12323e-17
v -0.056767 0.0869508 0.229591
vn -1.22465e-16 -1 6.12323e-17
v -0.201125 0.0869508 0.284505
vn -1.22465e-16 -1 6.12323e-17
v -0.227094 0.0869508 0.229591
vn -1.22465e-16 -1 6.12323e-17
v -0.0540784 -0.239134 0.229591
vn 0 6.12323e-17 1
v -0.213656 -0.3193 0.229591
vn 0 6.12323e-17 1
v -0.0531898 -0.346881 0.229591
vn 0 6.12323e-17 1
v -0.0531898 -0.346881 0.229591
vn 0 -6.12323e-17 -1
v -0.213656 -0.3193 0.229591
vn 0 -6.12323e-17 -1
v -0.0540784 -0.239134 0.229591
vn 0 -6.12323e-17 -1
v -0.219899 -0.130436 0.229591
vn 0 -6.12323e-17 -1
v -0.0540784 -0.239134 0.229591
vn 0 -6.12323e-17 -1
v -0.216322 -0.239134 0.229591
vn 0 -6.12323e-17 -1
v -0.216322 -0.239134 0.229591
vn 0 6.12323e-17 1
v -0.0540784 -0.239134 0.229591
vn 0 6.12323e-17 1
v -0.219899 -0.130436 0.229591
vn 0 6.12323e-17 1
v -0.223496 -0.0217472 0.229591
vn 0 -6.12323e-17 -1
v -0.0549699 -0.130436 0.229591
vn 0 -6.12323e-17 -1
v -0.219899 -0.130436 0.229591
vn 0 -6.12323e-17 -1
v -0.219899 -0.130436 0.229591
vn 0 6.12323e-17 1
v -0.0549699 -0.130436 0.229591
vn 0 6.12323e-17 1
v -0.223496 -0.0217472 0.229591
vn 0 6.12323e-17 1
v -0.446996 -0.0217472 0.229591
vn 0 -6.12323e-17 -1
v -0.0558784 -0.0217472 0.229591
vn 0 -6.12323e-17 -1
v -0.223496 -0.0217472 0.229591
vn 0 -6.12323e-17 -1
v -0.223496 -0.0217472 0.229591
vn 0 6.12323e-17 1
v -0.0558784 -0.0217472 0.229591
vn 0 6.12323e-17 1
v -0.446996 -0.0217472 0.229591
vn 0 6.12323e-17 1
v -0.056767 0.0869508 0.229591
vn 1.22465e-16 1 -6.12323e-17
v -0.0754225 0.0869508 0.270185
vn 1.22465e-16 1 -6.12323e-17
v -0.0634558 0.0869508 0.26658
vn 1.22465e-16 1 -6.12323e-17
v -0.0634558 0.0869508 0.26658
vn -1.22465e-16 -1 6.12323e-17
v -0.0754225 0.0869508 0.270185
vn -1.22465e-16 -1 6.12323e-17
v -0.056767 0.0869508 0.229591
vn -1.22465e-16 -1 6.12323e-17
v -0.0634558 0.0869508 0.26658
vn -0.547543 1.58169e-17 -0.836777
v -0.0547456 -0.347822 0.262773
vn -0.637929 0.434042 -0.636125
v -0.0634558 -0.347822 0.26658
vn -0.494064 0.432168 -0.754408
v -0.0634558 -0.347822 0.26658
vn 0.494064 -0.432168 0.754408
v -0.0547456 -0.347822 0.262773
vn 0.637929 -0.434042 0.636125
v -0.0634558 0.0869508 0.26658
vn 0.547543 -1.58169e-17 0.836777
v -0.0531898 -0.347822 0.229591
vn 1.22465e-16 1 -6.12323e-17
v -0.0634558 -0.347822 0.26658
vn -0.48629 0.45046 -0.748737
v -0.0547456 -0.347822 0.262773
vn -0.635281 0.452303 -0.625972
v -0.0547456 -0.347822 0.262773
vn 0.635281 -0.452303 0.625972
v -0.0634558 -0.347822 0.26658
vn 0.48629 -0.45046 0.748737
v -0.0531898 -0.347822 0.229591
vn -1.22465e-16 -1 6.12323e-17
v -0.090478 0.0869508 0.273529
vn 1.22465e-16 1 -6.12323e-17
v 0.908343 0.0869508 0.420948
vn 1.00756e-16 0.822738 -0.568421
v -0.0754225 0.0869508 0.270185
vn 1.22465e-16 1 -6.12323e-17
v -0.0754225 0.0869508 0.270185
vn -1.22465e-16 -1 6.12323e-17
v 0.908343 0.0869508 0.420948
vn -1.00756e-16 -0.822738 0.568421
v -0.090478 0.0869508 0.273529
vn -1.22465e-16 -1 6.12323e-17
v -0.0634558 -0.347822 0.26658
vn -0.488615 0.428546 -0.760002
v -0.0754225 0.0869508 0.270185
vn -0.422812 -3.71024e-18 -0.906217
v -0.0634558 0.0869508 0.26658
vn -0.541183 1.47853e-17 -0.840905
v -0.0634558 0.0869508 0.26658
vn 0.541183 -1.47853e-17 0.840905
v -0.0754225 0.0869508 0.270185
vn 0.422812 3.71024e-18 0.906217
v -0.0634558 -0.347822 0.26658
vn 0.488615 -0.428546 0.760002
v 0.243123 -0.347822 0.229591
vn 1.22465e-16 1 -6.12323e-17
v 0.1754 -0.347822 0.283248
vn 0.0970658 0.457211 -0.884045
v 0.200662 -0.347822 0.284521
vn 0.0629865 0.457203 -0.887129
v 0.200662 -0.347822 0.284521
vn -0.0629865 -0.457203 0.887129
v 0.1754 -0.347822 0.283248
vn -0.0970658 -0.457211 0.884045
v 0.243123 -0.347822 0.229591
vn -1.22465e-16 -1 6.12323e-17
v 0.782297 0.0869508 0.283214
vn 1.22465e-16 1 -6.12323e-17
v 0.908343 0.0869508 0.420948
vn 1.00084e-16 0.817251 -0.576282
v 0.806568 0.0869508 0.281435
vn 1.22465e-16 1 -6.12323e-17
v 0.806568 0.0869508 0.281435
vn -1.22465e-16 -1 6.12323e-17
v 0.908343 0.0869508 0.420948
vn -1.00084e-16 -0.817251 0.576282
v 0.782297 0.0869508 0.283214
vn -1.22465e-16 -1 6.12323e-17
v 0.901007 0.0869508 0.229591
vn 8.72379e-17 0.712352 -0.701822
v 0.756649 0.0869508 0.284505
vn 1.22465e-16 1 -6.12323e-17
v 0.782297 0.0869508 0.283214
vn 1.22465e-16 1 -6.12323e-17
v 0.782297 0.0869508 0.283214
vn -1.22465e-16 -1 6.12323e-17
v 0.756649 0.0869508 0.284505
vn -1.22465e-16 -1 6.12323e-17
v 0.901007 0.0869508 0.229591
vn -8.72379e-17 -0.712352 0.701822
v 0.782297 -0.347822 0.283214
vn -0.0976975 0.410701 -0.906521
v 0.756649 0.0869508 0.284505
vn -0.0724623 -5.21973e-17 -0.997371
v 0.782297 0.0869508 0.283214
vn -0.107342 -4.77329e-17 -0.994222
v 0.782297 0.0869508 0.283214
vn 0.107342 4.77329e-17 0.994222
v 0.756649 0.0869508 0.284505
vn 0.0724623 5.21973e-17 0.997371
v 0.782297 -0.347822 0.283214
vn 0.0976975 -0.410701 0.906521
v 0.73068 0.0869508 0.229591
vn 9.1163e-17 0.744403 -0.667731
v 0.756649 0.0869508 0.284505
vn 1.22465e-16 1 -6.12323e-17
v 0.901007 0.0869508 0.229591
vn 9.1163e-17 0.744403 -0.667731
v 0.901007 0.0869508 0.229591
vn -9.1163e-17 -0.744403 0.667731
v 0.756649 0.0869508 0.284505
vn -1.22465e-16 -1 6.12323e-17
v 0.73068 0.0869508 0.229591
vn -9.1163e-17 -0.744403 0.667731
v 0.756649 0.0869508 0.284505
vn -0.0724623 -5.21973e-17 -0.997371
v 0.782297 -0.347822 0.283214
vn -0.0976975 0.410701 -0.906521
v 0.756649 -0.347822 0.284505
vn -0.0662282 0.410693 -0.909365
v 0.756649 -0.347822 0.284505
vn 0.0662282 -0.410693 0.909365
v 0.782297 -0.347822 0.283214
vn 0.0976975 -0.410701 0.906521
v 0.756649 0.0869508 0.284505
vn 0.0724623 5.21973e-17 0.997371
v 0.908343 -0.347822 0.133911
vn 1.22465e-16 1 -6.12323e-17
v 0.697296 -0.347822 0.229591
vn 1.22465e-16 1 -6.12323e-17
v 0.745049 -0.347822 0.229591
vn 1.22465e-16 1 -6.12323e-17
v 0.745049 -0.347822 0.229591
vn -1.22465e-16 -1 6.12323e-17
v 0.697296 -0.347822 0.229591
vn -1.22465e-16 -1 6.12323e-17
v 0.908343 -0.347822 0.133911
vn -1.22465e-16 -1 6.12323e-17
v 0.745049 -0.347822 0.229591
vn 1.22465e-16 1 -6.12323e-17
v 0.756649 -0.347822 0.284505
vn -0.0611269 0.505025 -0.860938
v 0.904604 -0.347822 0.229591
vn 1.22465e-16 1 -6.12323e-17
v 0.904604 -0.347822 0.229591
vn -1.22465e-16 -1 6.12323e-17
v 0.756649 -0.347822 0.284505
vn 0.0611269 -0.505025 0.860938
v 0.745049 -0.347822 0.229591
vn -1.22465e-16 -1 6.12323e-17
v 0.908343 -0.0217472 0.229591
vn 0 -6.12323e-17 -1
v 0.901007 0.0869508 0.229591
vn 8.61666e-17 0.703604 -0.710593
v 0.908343 0.0869508 0.229591
vn 8.61666e-17 0.703604 -0.710593
v 0.908343 0.0869508 0.229591
vn -8.61666e-17 -0.703604 0.710593
v 0.901007 0.0869508 0.229591
vn -8.61666e-17 -0.703604 0.710593
v 0.908343 -0.0217472 0.229591
vn 0 6.12323e-17 1
v 0.908343 -0.0217472 0.229591
vn 0 -6.12323e-17 -1
v 0.91008 0.0869508 0.229591
vn -0.576796 0.576796 -0.578458
v 0.91008 -0.0217472 0.229591
vn -0.446549 -1.01708e-19 -0.894759
v 0.91008 -0.0217472 0.229591
vn 0.446549 1.01708e-19 0.894759
v 0.91008 0.0869508 0.229591
vn 0.576796 -0.576796 0.578458
v 0.908343 -0.0217472 0.229591
vn 0 6.12323e-17 1
v 0.91008 -0.130436 0.229591
vn -0.480561 5.15338e-18 -0.876961
v 0.91008 -0.347822 0.254817
vn -0.993193 1.14499e-16 -0.116477
v 0.91008 -0.0217472 0.229591
vn -0.480561 5.15338e-18 -0.876961
v 0.91008 -0.0217472 0.229591
vn 0.480561 -5.15338e-18 0.876961
v 0.91008 -0.347822 0.254817
vn 0.993193 -1.14499e-16 0.116477
v 0.91008 -0.130436 0.229591
vn 0.480561 -5.15338e-18 0.876961
v 0.91008 0.0869508 0.229591
vn -0.576796 0.576796 -0.578458
v 0.908343 -0.0217472 0.229591
vn 0 -6.12323e-17 -1
v 0.908343 0.0869508 0.229591
vn 8.64938e-17 0.706276 -0.707937
v 0.908343 0.0869508 0.229591
vn -8.64938e-17 -0.706276 0.707937
v 0.908343 -0.0217472 0.229591
vn 0 6.12323e-17 1
v 0.91008 0.0869508 0.229591
vn 0.576796 -0.576796 0.578458
v 0.91008 0.0869508 0.254817
vn -0.886306 0.450226 -0.108436
v 0.908343 0.0869508 0.229591
vn 8.66225e-17 0.707327 -0.706887
v 0.908343 0.0869508 0.258771
vn -0.686036 0.707328 -0.170418
v 0.908343 0.0869508 0.258771
vn 0.686036 -0.707328 0.170418
v 0.908343 0.0869508 0.229591
vn -8.66225e-17 -0.707327 0.706887
v 0.91008 0.0869508 0.254817
vn 0.886306 -0.450226 0.108436
v 0.908343 0.0869508 0.229591
vn 8.65959e-17 0.707109 -0.707104
v 0.908323 0.0869508 0.25883
vn 1.22465e-16 1 -6.12323e-17
v 0.908343 0.0869508 0.258771
vn 1.22465e-16 1 -6.12323e-17
v 0.908343 0.0869508 0.258771
vn -1.22465e-16 -1 6.12323e-17
v 0.908323 0.0869508 0.25883
vn -1.22465e-16 -1 6.12323e-17
v 0.908343 0.0869508 0.229591
vn -8.65959e-17 -0.707109 0.707104
v 0.91008 -0.239134 0.229591
vn -0.480564 5.15382e-18 -0.87696
v 0.91008 -0.347822 0.254817
vn -0.993193 1.14499e-16 -0.116476
v 0.91008 -0.130436 0.229591
vn -0.480564 5.15382e-18 -0.87696
v 0.91008 -0.130436 0.229591
vn 0.480564 -5.15382e-18 0.87696
v 0.91008 -0.347822 0.254817
vn 0.993193 -1.14499e-16 0.116476
v 0.91008 -0.239134 0.229591
vn 0.480564 -5.15382e-18 0.87696
v 0.91008 -0.347822 0.254817
vn -0.993193 1.14499e-16 -0.116477
v 0.91008 -0.239134 0.229591
vn -0.480561 5.15338e-18 -0.876961
v 0.91008 -0.347822 0.229591
vn -0.727618 4.71033e-17 -0.685982
v 0.91008 -0.347822 0.229591
vn 0.727618 -4.71033e-17 0.685982
v 0.91008 -0.239134 0.229591
vn 0.480561 -5.15338e-18 0.876961
v 0.91008 -0.347822 0.254817
vn 0.993193 -1.14499e-16 0.116477
v 0.91008 -0.347822 0.229591
vn 1.22465e-16 1 -6.12323e-17
v 0.908343 -0.347822 0.133911
vn 1.22465e-16 1 -6.12323e-17
v 0.908343 -0.347822 0.229591
vn 1.22465e-16 1 -6.12323e-17
v 0.908343 -0.347822 0.229591
vn -1.22465e-16 -1 6.12323e-17
v 0.908343 -0.347822 0.133911
vn -1.22465e-16 -1 6.12323e-17
v 0.91008 -0.347822 0.229591
vn -1.22465e-16 -1 6.12323e-17
v 0.908343 -0.347822 0.229591
vn 1.22465e-16 1 -6.12323e-17
v 0.91008 -0.347822 0.254817
vn 1.22465e-16 1 -6.12323e-17
v 0.91008 -0.347822 0.229591
vn 1.22465e-16 1 -6.12323e-17
v 0.91008 -0.347822 0.229591
vn -1.22465e-16 -1 6.12323e-17
v 0.91008 -0.347822 0.254817
vn -1.22465e-16 -1 6.12323e-17
v 0.908343 -0.347822 0.229591
vn -1.22465e-16 -1 6.12323e-17
v 0.91008 0.0869508 0.254817
vn -0.891412 0.43905 -0.112341
v 0.908343 -0.347822 0.258771
vn -0.970511 1.04093e-16 -0.241055
v 0.908343 0.0869508 0.258771
vn -0.699319 0.693387 -0.173688
v 0.908343 0.0869508 0.258771
vn -0.686453 0.706903 -0.170498
v 0.908343 -0.347822 0.258771
vn -0.97051 1.04092e-16 -0.241061
v 0.908323 -0.347822 0.25883
vn -0.97051 1.04092e-16 -0.241061
v 0.908343 0.0869508 0.258771
vn 0.699319 -0.693387 0.173688
v 0.908343 -0.347822 0.258771
vn 0.970511 -1.04093e-16 0.241055
v 0.91008 0.0869508 0.254817
vn 0.891412 -0.43905 0.112341
v 0.908323 -0.347822 0.25883
vn 0.97051 -1.04092e-16 0.241061
v 0.908343 -0.347822 0.258771
vn 0.97051 -1.04092e-16 0.241061
v 0.908343 0.0869508 0.258771
vn 0.686453 -0.706903 0.170498
v 0.908343 -0.347822 0.258771
vn 1 -1.22445e-16 0.000320015
v 0.908343 0.0869508 0.258771
vn 1 -1.22445e-16 0.000320015
v 0.908323 0.0869508 0.25883
vn 1 -1.22445e-16 0.000320015
v 0.908323 0.0869508 0.25883
vn -1 1.22445e-16 -0.000320015
v 0.908343 0.0869508 0.258771
vn -1 1.22445e-16 -0.000320015
v 0.908343 -0.347822 0.258771
vn -1 1.22445e-16 -0.000320015
v 0.908343 -0.347822 0.229591
vn 1.22465e-16 1 -6.12323e-17
v 0.908323 -0.347822 0.25883
vn -0.564631 0.707108 -0.425663
v 0.908343 -0.347822 0.258771
vn 1.22465e-16 1 -6.12323e-17
v 0.908343 -0.347822 0.258771
vn -1.22465e-16 -1 6.12323e-17
v 0.908323 -0.347822 0.25883
vn 0.564631 -0.707108 0.425663
v 0.908343 -0.347822 0.229591
vn -1.22465e-16 -1 6.12323e-17
v 0.91008 -0.347822 0.254817
vn 1.22465e-16 1 -6.12323e-17
v 0.908343 -0.347822 0.229591
vn 1.22465e-16 1 -6.12323e-17
v 0.908343 -0.347822 0.258771
vn 1.22465e-16 1 -6.12323e-17
v 0.908343 -0.347822 0.258771
vn -1.22465e-16 -1 6.12323e-17
v 0.908343 -0.347822 0.229591
vn -1.22465e-16 -1 6.12323e-17
v 0.91008 -0.347822 0.254817
vn -1.22465e-16 -1 6.12323e-17
v 0.904604 -0.347822 0.229591
vn 1.22465e-16 1 -6.12323e-17
v 0.903028 -0.347822 0.262773
vn -0.635563 0.451519 -0.626251
v 0.908323 -0.347822 0.25883
vn -0.564046 0.70784 -0.425222
v 0.908323 -0.347822 0.25883
vn 0.564046 -0.70784 0.425222
v 0.903028 -0.347822 0.262773
vn 0.635563 -0.451519 0.626251
v 0.904604 -0.347822 0.229591
vn -1.22465e-16 -1 6.12323e-17
v 0.908343 -0.347822 0.133911
vn 1.22465e-16 1 -6.12323e-17
v 0.745049 -0.347822 0.229591
vn 1.22465e-16 1 -6.12323e-17
v 0.904604 -0.347822 0.229591
vn 1.22465e-16 1 -6.12323e-17
v 0.904604 -0.347822 0.229591
vn -1.22465e-16 -1 6.12323e-17
v 0.745049 -0.347822 0.229591
vn -1.22465e-16 -1 6.12323e-17
v 0.908343 -0.347822 0.133911
vn -1.22465e-16 -1 6.12323e-17
v 0.908343 -0.347822 0.133911
vn 1.22465e-16 1 -6.12323e-17
v -0.212725 -0.347822 0.229591
vn 1.22465e-16 1 -6.12323e-17
v -0.0531898 -0.347822 0.229591
vn 1.22465e-16 1 -6.12323e-17
v -0.0531898 -0.347822 0.229591
vn -1.22465e-16 -1 6.12323e-17
v -0.212725 -0.347822 0.229591
vn -1.22465e-16 -1 6.12323e-17
v 0.908343 -0.347822 0.133911
vn -1.22465e-16 -1 6.12323e-17
v -0.0531898 -0.346881 0.229591
vn 0 6.12323e-17 1
v -0.212725 -0.347822 0.229591
vn 0 6.12323e-17 1
v -0.0531898 -0.347822 0.229591
vn 0 6.12323e-17 1
v -0.0531898 -0.347822 0.229591
vn 0 -6.12323e-17 -1
v -0.212725 -0.347822 0.229591
vn 0 -6.12323e-17 -1
v -0.0531898 -0.346881 0.229591
vn 0 -6.12323e-17 -1
v -0.449582 0.0176128 0.229591
vn 0 -6.12323e-17 -1
v -0.0558784 -0.0217472 0.229591
vn 0 -6.12323e-17 -1
v -0.446996 -0.0217472 0.229591
vn 0 -6.12323e-17 -1
v -0.446996 -0.0217472 0.229591
vn 0 6.12323e-17 1
v -0.0558784 -0.0217472 0.229591
vn 0 6.12323e-17 1
v -0.449582 0.0176128 0.229591
vn 0 6.12323e-17 1
v -0.227094 0.0869508 0.229591
vn 1.22238e-16 0.998148 0.0608252
v -0.449582 0.0176128 0.229591
vn 0 6.12323e-17 1
v -0.226063 0.056176 0.229591
vn 0 6.12323e-17 1
v -0.226063 0.056176 0.229591
vn 0 -6.12323e-17 -1
v -0.449582 0.0176128 0.229591
vn 0 -6.12323e-17 -1
v -0.227094 0.0869508 0.229591
vn -1.22238e-16 -0.998148 -0.0608252
v -0.223496 -0.0217472 0.229591
vn 0 -6.12323e-17 -1
v -0.449582 0.0176128 0.229591
vn 0 -6.12323e-17 -1
v -0.226063 0.056176 0.229591
vn 0 -6.12323e-17 -1
v -0.226063 0.056176 0.229591
vn 0 6.12323e-17 1
v -0.449582 0.0176128 0.229591
vn 0 6.12323e-17 1
v -0.223496 -0.0217472 0.229591
vn 0 6.12323e-17 1
v -0.227094 0.0869508 0.229591
vn 1.22465e-16 1 -6.12323e-17
v -0.227701 0.0869508 0.285291
vn 1.22465e-16 1 -6.12323e-17
v -0.201125 0.0869508 0.284505
vn 1.22465e-16 1 -6.12323e-17
v -0.201125 0.0869508 0.284505
vn -1.22465e-16 -1 6.12323e-17
v -0.227701 0.0869508 0.285291
vn -1.22465e-16 -1 6.12323e-17
v -0.227094 0.0869508 0.229591
vn -1.22465e-16 -1 6.12323e-17
v -0.056767 0.0869508 0.229591
vn 1.22465e-16 1 -6.12323e-17
v -0.201125 0.0869508 0.284505
vn 1.22465e-16 1 -6.12323e-17
v -0.175499 0.0869508 0.283214
vn 1.22465e-16 1 -6.12323e-17
v -0.175499 0.0869508 0.283214
vn -1.22465e-16 -1 6.12323e-17
v -0.201125 0.0869508 0.284505
vn -1.22465e-16 -1 6.12323e-17
v -0.056767 0.0869508 0.229591
vn -1.22465e-16 -1 6.12323e-17
v -0.213656 -0.3193 0.229591
vn 0 6.12323e-17 1
v -0.0540784 -0.239134 0.229591
vn 0 6.12323e-17 1
v -0.216322 -0.239134 0.229591
vn 0 6.12323e-17 1
v -0.216322 -0.239134 0.229591
vn 0 -6.12323e-17 -1
v -0.0540784 -0.239134 0.229591
vn 0 -6.12323e-17 -1
v -0.213656 -0.3193 0.229591
vn 0 -6.12323e-17 -1
v -0.212725 -0.347822 0.229591
vn 0 6.12323e-17 1
v -0.0531898 -0.346881 0.229591
vn 0 6.12323e-17 1
v -0.213656 -0.3193 0.229591
vn 0 6.12323e-17 1
v -0.213656 -0.3193 0.229591
vn 0 -6.12323e-17 -1
v -0.0531898 -0.346881 0.229591
vn 0 -6.12323e-17 -1
v -0.212725 -0.347822 0.229591
vn 0 -6.12323e-17 -1
v -0.216322 -0.239134 0.229591
vn 0 -6.12323e-17 -1
v -0.439802 -0.130436 0.229591
vn 0 -6.12323e-17 -1
v -0.219899 -0.130436 0.229591
vn 0 -6.12323e-17 -1
v -0.219899 -0.130436 0.229591
vn 0 6.12323e-17 1
v -0.439802 -0.130436 0.229591
vn 0 6.12323e-17 1
v -0.216322 -0.239134 0.229591
vn 0 6.12323e-17 1
v -0.219899 -0.130436 0.229591
vn 0 -6.12323e-17 -1
v -0.446996 -0.0217472 0.229591
vn 0 -6.12323e-17 -1
v -0.223496 -0.0217472 0.229591
vn 0 -6.12323e-17 -1
v -0.223496 -0.0217472 0.229591
vn 0 6.12323e-17 1
v -0.446996 -0.0217472 0.229591
vn 0 6.12323e-17 1
v -0.219899 -0.130436 0.229591
vn 0 6.12323e-17 1
v -0.449582 0.0176128 0.229591
vn 0 -6.12323e-17 -1
v -0.223496 -0.0217472 0.229591
vn 0 -6.12323e-17 -1
v -0.446996 -0.0217472 0.229591
vn 0 -6.12323e-17 -1
v -0.446996 -0.0217472 0.229591
vn 0 6.12323e-17 1
v -0.223496 -0.0217472 0.229591
vn 0 6.12323e-17 1
v -0.449582 0.0176128 0.229591
vn 0 6.12323e-17 1
v -0.056767 0.0869508 0.229591
vn 1.22465e-16 1 -6.12323e-17
v -0.090478 0.0869508 0.273529
vn 1.22465e-16 1 -6.12323e-17
v -0.0754225 0.0869508 0.270185
vn 1.22465e-16 1 -6.12323e-17
v -0.0754225 0.0869508 0.270185
vn -1.22465e-16 -1 6.12323e-17
v -0.090478 0.0869508 0.273529
vn -1.22465e-16 -1 6.12323e-17
v -0.056767 0.0869508 0.229591
vn -1.22465e-16 -1 6.12323e-17
v -0.0531898 -0.347822 0.229591
vn 1.22465e-16 1 -6.12323e-17
v -0.0754225 -0.347822 0.270185
vn -0.375137 0.450615 -0.810073
v -0.0634558 -0.347822 0.26658
vn -0.486057 0.451307 -0.748379
v -0.0634558 -0.347822 0.26658
vn 0.486057 -0.451307 0.748379
v -0.0754225 -0.347822 0.270185
vn 0.375137 -0.450615 0.810073
v -0.0531898 -0.347822 0.229591
vn -1.22465e-16 -1 6.12323e-17
v -0.108321 0.0869508 0.276551
vn 1.22465e-16 1 -6.12323e-17
v 0.908343 0.0869508 0.420948
vn 1.00786e-16 0.822982 -0.568068
v -0.090478 0.0869508 0.273529
vn 1.22465e-16 1 -6.12323e-17
v -0.090478 0.0869508 0.273529
vn -1.22465e-16 -1 6.12323e-17
v 0.908343 0.0869508 0.420948
vn -1.00786e-16 -0.822982 0.568068
v -0.108321 0.0869508 0.276551
vn -1.22465e-16 -1 6.12323e-17
v -0.0754225 -0.347822 0.270185
vn -0.377461 0.424181 -0.823161
v -0.090478 0.0869508 0.273529
vn -0.330285 -1.73479e-17 -0.943881
v -0.0754225 0.0869508 0.270185
vn -0.417157 -4.56308e-18 -0.908834
v -0.0754225 0.0869508 0.270185
vn 0.417157 4.56308e-18 0.908834
v -0.090478 0.0869508 0.273529
vn 0.330285 1.73479e-17 0.943881
v -0.0754225 -0.347822 0.270185
vn 0.377461 -0.424181 0.823161
v -0.0754225 0.0869508 0.270185
vn -0.422812 -3.71024e-18 -0.906217
v -0.0634558 -0.347822 0.26658
vn -0.488615 0.428546 -0.760002
v -0.0754225 -0.347822 0.270185
vn -0.382423 0.427843 -0.818965
v -0.0754225 -0.347822 0.270185
vn 0.382423 -0.427843 0.818965
v -0.0634558 -0.347822 0.26658
vn 0.488615 -0.428546 0.760002
v -0.0754225 0.0869508 0.270185
vn 0.422812 3.71024e-18 0.906217
v 0.806568 0.0869508 0.281435
vn 1.22465e-16 1 -6.12323e-17
v 0.908343 0.0869508 0.420948
vn 1.00016e-16 0.81669 -0.577077
v 0.829082 0.0869508 0.279201
vn 1.22465e-16 1 -6.12323e-17
v 0.829082 0.0869508 0.279201
vn -1.22465e-16 -1 6.12323e-17
v 0.908343 0.0869508 0.420948
vn -1.00016e-16 -0.81669 0.577077
v 0.806568 0.0869508 0.281435
vn -1.22465e-16 -1 6.12323e-17
v 0.901007 0.0869508 0.229591
vn 8.71693e-17 0.711792 -0.702391
v 0.782297 0.0869508 0.283214
vn 1.22465e-16 1 -6.12323e-17
v 0.806568 0.0869508 0.281435
vn 1.22465e-16 1 -6.12323e-17
v 0.806568 0.0869508 0.281435
vn -1.22465e-16 -1 6.12323e-17
v 0.782297 0.0869508 0.283214
vn -1.22465e-16 -1 6.12323e-17
v 0.901007 0.0869508 0.229591
vn -8.71693e-17 -0.711792 0.702391
v 0.806568 -0.347822 0.281435
vn -0.135982 0.412404 -0.900795
v 0.782297 0.0869508 0.283214
vn -0.110863 -4.72781e-17 -0.993836
v 0.806568 0.0869508 0.281435
vn -0.14947 -4.22397e-17 -0.988766
v 0.806568 0.0869508 0.281435
vn 0.14947 4.22397e-17 0.988766
v 0.782297 0.0869508 0.283214
vn 0.110863 4.72781e-17 0.993836
v 0.806568 -0.347822 0.281435
vn 0.135982 -0.412404 0.900795
v 0.782297 0.0869508 0.283214
vn -0.110863 -4.72781e-17 -0.993836
v 0.806568 -0.347822 0.281435
vn -0.135982 0.412404 -0.900795
v 0.782297 -0.347822 0.283214
vn -0.101165 0.412385 -0.905375
v 0.782297 -0.347822 0.283214
vn 0.101165 -0.412385 0.905375
v 0.806568 -0.347822 0.281435
vn 0.135982 -0.412404 0.900795
v 0.782297 0.0869508 0.283214
vn 0.110863 4.72781e-17 0.993836
v 0.904604 -0.347822 0.229591
vn 1.22465e-16 1 -6.12323e-17
v 0.756649 -0.347822 0.284505
vn -0.0630422 0.45567 -0.887914
v 0.782297 -0.347822 0.283214
vn -0.0971516 0.455678 -0.884827
v 0.782297 -0.347822 0.283214
vn 0.0971516 -0.455678 0.884827
v 0.756649 -0.347822 0.284505
vn 0.0630422 -0.45567 0.887914
v 0.904604 -0.347822 0.229591
vn -1.22465e-16 -1 6.12323e-17
v 0.901007 0.0869508 0.229591
vn 8.67247e-17 0.708161 -0.706051
v 0.903028 0.0869508 0.262773
vn 1.22465e-16 1 -6.12323e-17
v 0.908343 0.0869508 0.229591
vn 8.67247e-17 0.708161 -0.706051
v 0.908343 0.0869508 0.229591
vn -8.67247e-17 -0.708161 0.706051
v 0.903028 0.0869508 0.262773
vn -1.22465e-16 -1 6.12323e-17
v 0.901007 0.0869508 0.229591
vn -8.67247e-17 -0.708161 0.706051
v 0.91008 -0.0217472 0.229591
vn -0.480564 5.15382e-18 -0.87696
v 0.91008 -0.347822 0.254817
vn -0.993193 1.14499e-16 -0.116476
v 0.91008 0.0869508 0.229591
vn -0.60492 0.56306 -0.56306
v 0.91008 0.0869508 0.229591
vn 0.60492 -0.56306 0.56306
v 0.91008 -0.347822 0.254817
vn 0.993193 -1.14499e-16 0.116476
v 0.91008 -0.0217472 0.229591
vn 0.480564 -5.15382e-18 0.87696
v 0.908343 0.0869508 0.229591
vn 8.66189e-17 0.707297 -0.706917
v 0.91008 0.0869508 0.254817
vn -0.88633 0.450178 -0.108439
v 0.91008 0.0869508 0.229591
vn -0.577223 0.577604 -0.577223
v 0.91008 0.0869508 0.229591
vn 0.577223 -0.577604 0.577223
v 0.91008 0.0869508 0.254817
vn 0.88633 -0.450178 0.108439
v 0.908343 0.0869508 0.229591
vn -8.66189e-17 -0.707297 0.706917
v 0.908343 0.0869508 0.229591
vn 8.66777e-17 0.707777 -0.706435
v 0.903028 0.0869508 0.262773
vn 1.22465e-16 1 -6.12323e-17
v 0.908323 0.0869508 0.25883
vn 1.22465e-16 1 -6.12323e-17
v 0.908323 0.0869508 0.25883
vn -1.22465e-16 -1 6.12323e-17
v 0.903028 0.0869508 0.262773
vn -1.22465e-16 -1 6.12323e-17
v 0.908343 0.0869508 0.229591
vn -8.66777e-17 -0.707777 0.706435
v 0.908343 0.0869508 0.258771
vn -0.686453 0.706903 -0.170498
v 0.908323 -0.347822 0.25883
vn -0.97051 1.04092e-16 -0.241061
v 0.908323 0.0869508 0.25883
vn -0.97051 1.04092e-16 -0.241061
v 0.908323 0.0869508 0.25883
vn 0.97051 -1.04092e-16 0.241061
v 0.908323 -0.347822 0.25883
vn 0.97051 -1.04092e-16 0.241061
v 0.908343 0.0869508 0.258771
vn 0.686453 -0.706903 0.170498
v 0.91008 -0.347822 0.254817
vn 1.22465e-16 1 -6.12323e-17
v 1.18085 -0.347822 0.36055
vn -0.424751 0.904881 -0.0278658
v 0.91008 -0.347822 0.229591
vn 1.22465e-16 1 -6.12323e-17
v 0.91008 -0.347822 0.229591
vn -1.22465e-16 -1 6.12323e-17
v 1.18085 -0.347822 0.36055
vn 0.424751 -0.904881 0.0278658
v 0.91008 -0.347822 0.254817
vn -1.22465e-16 -1 6.12323e-17
v 0.908343 -0.347822 0.133911
vn 1.22465e-16 1 -6.12323e-17
v 0.91008 -0.347822 0.229591
vn 1.22465e-16 1 -6.12323e-17
v 0.908343 -0.347822 4.43398e-17
vn 1.09585e-16 0.89483 -0.446407
v 0.908343 -0.347822 4.43398e-17
vn -1.09585e-16 -0.89483 0.446407
v 0.91008 -0.347822 0.229591
vn -1.22465e-16 -1 6.12323e-17
v 0.908343 -0.347822 0.133911
vn -1.22465e-16 -1 6.12323e-17
v 0.908343 -0.347822 0.258771
vn -0.970511 1.04093e-16 -0.241055
v 0.91008 0.0869508 0.254817
vn -0.891412 0.43905 -0.112341
v 0.91008 -0.347822 0.254817
vn -0.992199 1.13876e-16 -0.124663
v 0.91008 -0.347822 0.254817
vn 0.992199 -1.13876e-16 0.124663
v 0.91008 0.0869508 0.254817
vn 0.891412 -0.43905 0.112341
v 0.908343 -0.347822 0.258771
vn 0.970511 -1.04093e-16 0.241055
v 0.908343 -0.347822 0.36055
vn 0.447398 0.893852 -0.0293885
v 0.908343 -0.347822 0.258771
vn 1.22465e-16 1 -6.12323e-17
v 0.908323 -0.347822 0.25883
vn 0.707096 0.707118 -5.79992e-05
v 0.908323 -0.347822 0.25883
vn -0.707096 -0.707118 5.79992e-05
v 0.908343 -0.347822 0.258771
vn -1.22465e-16 -1 6.12323e-17
v 0.908343 -0.347822 0.36055
vn -0.447398 -0.893852 0.0293885
v 0.908343 -0.347822 0.258771
vn 1 -1.22445e-16 0.000320015
v 0.908323 0.0869508 0.25883
vn 1 -1.22445e-16 0.000320015
v 0.908323 -0.347822 0.25883
vn 1 -1.22445e-16 0.000320015
v 0.908323 -0.347822 0.25883
vn -1 1.22445e-16 -0.000320015
v 0.908323 0.0869508 0.25883
vn -1 1.22445e-16 -0.000320015
v 0.908343 -0.347822 0.258771
vn -1 1.22445e-16 -0.000320015
v 0.908343 -0.347822 0.258771
vn 1.22465e-16 1 -6.12323e-17
v 1.18085 -0.347822 0.36055
vn -0.443088 0.896007 -0.0290687
v 0.91008 -0.347822 0.254817
vn 1.22465e-16 1 -6.12323e-17
v 0.91008 -0.347822 0.254817
vn -1.22465e-16 -1 6.12323e-17
v 1.18085 -0.347822 0.36055
vn 0.443088 -0.896007 0.0290687
v 0.908343 -0.347822 0.258771
vn -1.22465e-16 -1 6.12323e-17
v 0.904604 -0.347822 0.229591
vn 1.22465e-16 1 -6.12323e-17
v 0.894338 -0.347822 0.26658
vn -0.486292 0.450455 -0.748739
v 0.903028 -0.347822 0.262773
vn -0.635282 0.452298 -0.625974
v 0.903028 -0.347822 0.262773
vn 0.635282 -0.452298 0.625974
v 0.894338 -0.347822 0.26658
vn 0.486292 -0.450455 0.748739
v 0.904604 -0.347822 0.229591
vn -1.22465e-16 -1 6.12323e-17
v 0.903028 -0.347822 0.262773
vn -0.643581 0.437277 -0.628166
v 0.908323 0.0869508 0.25883
vn -0.798489 6.09242e-17 -0.60201
v 0.908323 -0.347822 0.25883
vn -0.577571 0.690494 -0.435465
v 0.908323 -0.347822 0.25883
vn 0.577571 -0.690494 0.435465
v 0.908323 0.0869508 0.25883
vn 0.798489 -6.09242e-17 0.60201
v 0.903028 -0.347822 0.262773
vn 0.643581 -0.437277 0.628166
v 0.908343 -0.347822 0.133911
vn 1.22465e-16 1 -6.12323e-17
v -0.425433 -0.347822 0.229591
vn 1.22465e-16 1 -6.12323e-17
v -0.212725 -0.347822 0.229591
vn 1.22465e-16 1 -6.12323e-17
v -0.212725 -0.347822 0.229591
vn -1.22465e-16 -1 6.12323e-17
v -0.425433 -0.347822 0.229591
vn -1.22465e-16 -1 6.12323e-17
v 0.908343 -0.347822 0.133911
vn -1.22465e-16 -1 6.12323e-17
v -0.212725 -0.347822 0.229591
vn 1.22465e-16 1 -6.12323e-17
v -0.201125 -0.347822 0.284505
vn -0.0611271 0.505018 -0.860942
v -0.0531898 -0.347822 0.229591
vn 1.22465e-16 1 -6.12323e-17
v -0.0531898 -0.347822 0.229591
vn -1.22465e-16 -1 6.12323e-17
v -0.201125 -0.347822 0.284505
vn 0.0611271 -0.505018 0.860942
v -0.212725 -0.347822 0.229591
vn -1.22465e-16 -1 6.12323e-17
v -0.677669 -0.0217472 0.229591
vn 0 -6.12323e-17 -1
v -0.449582 0.0176128 0.229591
vn 0 -6.12323e-17 -1
v -0.446996 -0.0217472 0.229591
vn 0 -6.12323e-17 -1
v -0.446996 -0.0217472 0.229591
vn 0 6.12323e-17 1
v -0.449582 0.0176128 0.229591
vn 0 6.12323e-17 1
v -0.677669 -0.0217472 0.229591
vn 0 6.12323e-17 1
v -0.449582 0.0176128 0.229591
vn 0 6.12323e-17 1
v -0.227094 0.0869508 0.229591
vn 1.21304e-16 0.99052 0.137368
v -0.45417 0.0869508 0.229591
vn 1.21304e-16 0.99052 0.137368
v -0.45417 0.0869508 0.229591
vn -1.21304e-16 -0.99052 -0.137368
v -0.227094 0.0869508 0.229591
vn -1.21304e-16 -0.99052 -0.137368
v -0.449582 0.0176128 0.229591
vn 0 -6.12323e-17 -1
v -0.227094 0.0869508 0.229591
vn 1.22465e-16 1 -6.12323e-17
v -0.25472 0.0869508 0.285555
vn 1.22465e-16 1 -6.12323e-17
v -0.227701 0.0869508 0.285291
vn 1.22465e-16 1 -6.12323e-17
v -0.227701 0.0869508 0.285291
vn -1.22465e-16 -1 6.12323e-17
v -0.25472 0.0869508 0.285555
vn -1.22465e-16 -1 6.12323e-17
v -0.227094 0.0869508 0.229591
vn -1.22465e-16 -1 6.12323e-17
v -0.227701 0.0869508 0.285291
vn 1.22465e-16 1 -6.12323e-17
v 0.908343 0.0869508 0.420948
vn 1.00402e-16 0.819844 -0.572588
v -0.201125 0.0869508 0.284505
vn 1.22465e-16 1 -6.12323e-17
v -0.201125 0.0869508 0.284505
vn -1.22465e-16 -1 6.12323e-17
v 0.908343 0.0869508 0.420948
vn -1.00402e-16 -0.819844 0.572588
v -0.227701 0.0869508 0.285291
vn -1.22465e-16 -1 6.12323e-17
v -0.201125 -0.347822 0.284505
vn -0.0628996 0.40956 -0.910112
v -0.227701 0.0869508 0.285291
vn -0.0364879 -5.67231e-17 -0.999334
v -0.201125 0.0869508 0.284505
vn -0.0691272 -5.26202e-17 -0.997608
v -0.201125 0.0869508 0.284505
vn 0.0691272 5.26202e-17 0.997608
v -0.227701 0.0869508 0.285291
vn 0.0364879 5.67231e-17 0.999334
v -0.201125 -0.347822 0.284505
vn 0.0628996 -0.40956 0.910112
v -0.201125 0.0869508 0.284505
vn 1.22465e-16 1 -6.12323e-17
v 0.908343 0.0869508 0.420948
vn 1.00547e-16 0.821025 -0.570892
v -0.175499 0.0869508 0.283214
vn 1.22465e-16 1 -6.12323e-17
v -0.175499 0.0869508 0.283214
vn -1.22465e-16 -1 6.12323e-17
v 0.908343 0.0869508 0.420948
vn -1.00547e-16 -0.821025 0.570892
v -0.201125 0.0869508 0.284505
vn -1.22465e-16 -1 6.12323e-17
v -0.175499 -0.347822 0.283214
vn -0.0977046 0.410731 -0.906506
v -0.201125 0.0869508 0.284505
vn -0.072468 -5.21966e-17 -0.997371
v -0.175499 0.0869508 0.283214
vn -0.107351 -4.77318e-17 -0.994221
v -0.175499 0.0869508 0.283214
vn 0.107351 4.77318e-17 0.994221
v -0.201125 0.0869508 0.284505
vn 0.072468 5.21966e-17 0.997371
v -0.175499 -0.347822 0.283214
vn 0.0977046 -0.410731 0.906506
v -0.056767 0.0869508 0.229591
vn 1.22465e-16 1 -6.12323e-17
v -0.175499 0.0869508 0.283214
vn 1.22465e-16 1 -6.12323e-17
v -0.151208 0.0869508 0.281435
vn 1.22465e-16 1 -6.12323e-17
v -0.151208 0.0869508 0.281435
vn -1.22465e-16 -1 6.12323e-17
v -0.175499 0.0869508 0.283214
vn -1.22465e-16 -1 6.12323e-17
v -0.056767 0.0869508 0.229591
vn -1.22465e-16 -1 6.12323e-17
v -0.216322 -0.239134 0.229591
vn 0 6.12323e-17 1
v -0.429777 -0.282148 0.229591
vn 0 6.12323e-17 1
v -0.213656 -0.3193 0.229591
vn 0 6.12323e-17 1
v -0.213656 -0.3193 0.229591
vn 0 -6.12323e-17 -1
v -0.429777 -0.282148 0.229591
vn 0 -6.12323e-17 -1
v -0.216322 -0.239134 0.229591
vn 0 -6.12323e-17 -1
v -0.213656 -0.3193 0.229591
vn 0 6.12323e-17 1
v -0.425433 -0.347822 0.229591
vn 0 6.12323e-17 1
v -0.212725 -0.347822 0.229591
vn 0 6.12323e-17 1
v -0.212725 -0.347822 0.229591
vn 0 -6.12323e-17 -1
v -0.425433 -0.347822 0.229591
vn 0 -6.12323e-17 -1
v -0.213656 -0.3193 0.229591
vn 0 -6.12323e-17 -1
v -0.439802 -0.130436 0.229591
vn 0 -6.12323e-17 -1
v -0.216322 -0.239134 0.229591
vn 0 -6.12323e-17 -1
v -0.432627 -0.239134 0.229591
vn 0 -6.12323e-17 -1
v -0.432627 -0.239134 0.229591
vn 0 6.12323e-17 1
v -0.216322 -0.239134 0.229591
vn 0 6.12323e-17 1
v -0.439802 -0.130436 0.229591
vn 0 6.12323e-17 1
v -0.446996 -0.0217472 0.229591
vn 0 -6.12323e-17 -1
v -0.219899 -0.130436 0.229591
vn 0 -6.12323e-17 -1
v -0.439802 -0.130436 0.229591
vn 0 -6.12323e-17 -1
v -0.439802 -0.130436 0.229591
vn 0 6.12323e-17 1
v -0.219899 -0.130436 0.229591
vn 0 6.12323e-17 1
v -0.446996 -0.0217472 0.229591
vn 0 6.12323e-17 1
v -0.056767 0.0869508 0.229591
vn 1.22465e-16 1 -6.12323e-17
v -0.108321 0.0869508 0.276551
vn 1.22465e-16 1 -6.12323e-17
v -0.090478 0.0869508 0.273529
vn 1.22465e-16 1 -6.12323e-17
v -0.090478 0.0869508 0.273529
vn -1.22465e-16 -1 6.12323e-17
v -0.108321 0.0869508 0.276551
vn -1.22465e-16 -1 6.12323e-17
v -0.056767 0.0869508 0.229591
vn -1.22465e-16 -1 6.12323e-17
v -0.0531898 -0.347822 0.229591
vn 1.22465e-16 1 -6.12323e-17
v -0.090478 -0.347822 0.273529
vn -0.292694 0.451242 -0.843037
v -0.0754225 -0.347822 0.270185
vn -0.374944 0.451521 -0.809658
v -0.0754225 -0.347822 0.270185
vn 0.374944 -0.451521 0.809658
v -0.090478 -0.347822 0.273529
vn 0.292694 -0.451242 0.843037
v -0.0531898 -0.347822 0.229591
vn -1.22465e-16 -1 6.12323e-17
v -0.128695 0.0869508 0.279201
vn 1.22465e-16 1 -6.12323e-17
v 0.908343 0.0869508 0.420948
vn 1.00782e-16 0.822946 -0.568119
v -0.108321 0.0869508 0.276551
vn 1.22465e-16 1 -6.12323e-17
v -0.108321 0.0869508 0.276551
vn -1.22465e-16 -1 6.12323e-17
v 0.908343 0.0869508 0.420948
vn -1.00782e-16 -0.822946 0.568119
v -0.128695 0.0869508 0.279201
vn -1.22465e-16 -1 6.12323e-17
v -0.090478 -0.347822 0.273529
vn -0.29493 0.420512 -0.858013
v -0.108321 0.0869508 0.276551
vn -0.259004 -2.74241e-17 -0.965876
v -0.090478 0.0869508 0.273529
vn -0.325356 -1.80562e-17 -0.945592
v -0.090478 0.0869508 0.273529
vn 0.325356 1.80562e-17 0.945592
v -0.108321 0.0869508 0.276551
vn 0.259004 2.74241e-17 0.965876
v -0.090478 -0.347822 0.273529
vn 0.29493 -0.420512 0.858013
v -0.090478 0.0869508 0.273529
vn -0.330285 -1.73479e-17 -0.943881
v -0.0754225 -0.347822 0.270185
vn -0.377461 0.424181 -0.823161
v -0.090478 -0.347822 0.273529
vn -0.299373 0.423896 -0.854803
v -0.090478 -0.347822 0.273529
vn 0.299373 -0.423896 0.854803
v -0.0754225 -0.347822 0.270185
vn 0.377461 -0.424181 0.823161
v -0.090478 0.0869508 0.273529
vn 0.330285 1.73479e-17 0.943881
v 0.829082 0.0869508 0.279201
vn 1.22465e-16 1 -6.12323e-17
v 0.908343 0.0869508 0.420948
vn 9.99218e-17 0.815923 -0.57816
v 0.849452 0.0869508 0.276551
vn 1.22465e-16 1 -6.12323e-17
v 0.849452 0.0869508 0.276551
vn -1.22465e-16 -1 6.12323e-17
v 0.908343 0.0869508 0.420948
vn -9.99218e-17 -0.815923 0.57816
v 0.829082 0.0869508 0.279201
vn -1.22465e-16 -1 6.12323e-17
v 0.901007 0.0869508 0.229591
vn 8.70995e-17 0.711221 -0.702968
v 0.806568 0.0869508 0.281435
vn 1.22465e-16 1 -6.12323e-17
v 0.829082 0.0869508 0.279201
vn 1.22465e-16 1 -6.12323e-17
v 0.829082 0.0869508 0.279201
vn -1.22465e-16 -1 6.12323e-17
v 0.806568 0.0869508 0.281435
vn -1.22465e-16 -1 6.12323e-17
v 0.901007 0.0869508 0.229591
vn -8.70995e-17 -0.711221 0.702968
v 0.829082 -0.347822 0.279201
vn -0.179534 0.414593 -0.892121
v 0.806568 0.0869508 0.281435
vn -0.153159 -4.17533e-17 -0.988202
v 0.829082 0.0869508 0.279201
vn -0.197512 -3.58378e-17 -0.9803
v 0.829082 0.0869508 0.279201
vn 0.197512 3.58378e-17 0.9803
v 0.806568 0.0869508 0.281435
vn 0.153159 4.17533e-17 0.988202
v 0.829082 -0.347822 0.279201
vn 0.179534 -0.414593 0.892121
v 0.806568 0.0869508 0.281435
vn -0.153159 -4.17533e-17 -0.988202
v 0.829082 -0.347822 0.279201
vn -0.179534 0.414593 -0.892121
v 0.806568 -0.347822 0.281435
vn -0.139553 0.414556 -0.89926
v 0.806568 -0.347822 0.281435
vn 0.139553 -0.414556 0.89926
v 0.829082 -0.347822 0.279201
vn 0.179534 -0.414593 0.892121
v 0.806568 0.0869508 0.281435
vn 0.153159 4.17533e-17 0.988202
v 0.904604 -0.347822 0.229591
vn 1.22465e-16 1 -6.12323e-17
v 0.782297 -0.347822 0.283214
vn -0.0972027 0.454763 -0.885292
v 0.806568 -0.347822 0.281435
vn -0.134806 0.454781 -0.880342
v 0.806568 -0.347822 0.281435
vn 0.134806 -0.454781 0.880342
v 0.782297 -0.347822 0.283214
vn 0.0972027 -0.454763 0.885292
v 0.904604 -0.347822 0.229591
vn -1.22465e-16 -1 6.12323e-17
v 0.901007 0.0869508 0.229591
vn 8.67525e-17 0.708388 -0.705823
v 0.894338 0.0869508 0.26658
vn 1.22465e-16 1 -6.12323e-17
v 0.903028 0.0869508 0.262773
vn 1.22465e-16 1 -6.12323e-17
v 0.903028 0.0869508 0.262773
vn -1.22465e-16 -1 6.12323e-17
v 0.894338 0.0869508 0.26658
vn -1.22465e-16 -1 6.12323e-17
v 0.901007 0.0869508 0.229591
vn -8.67525e-17 -0.708388 0.705823
v 0.91008 0.0869508 0.229591
vn -0.676007 0.521063 -0.521063
v 0.91008 -0.347822 0.254817
vn -0.994604 1.15452e-16 -0.103742
v 0.91008 0.0869508 0.254817
vn -0.916215 0.389526 -0.0939082
v 0.91008 0.0869508 0.254817
vn 0.916215 -0.389526 0.0939082
v 0.91008 -0.347822 0.254817
vn 0.994604 -1.15452e-16 0.103742
v 0.91008 0.0869508 0.229591
vn 0.676007 -0.521063 0.521063
v 0.903028 0.0869508 0.262773
vn 1.22465e-16 1 -6.12323e-17
v 0.908343 0.0869508 0.420948
vn 9.91247e-17 0.809414 -0.587238
v 0.908323 0.0869508 0.25883
vn 0.703389 0.710805 -5.76951e-05
v 0.908323 0.0869508 0.25883
vn -0.703389 -0.710805 5.76951e-05
v 0.908343 0.0869508 0.420948
vn -9.91247e-17 -0.809414 0.587238
v 0.903028 0.0869508 0.262773
vn -1.22465e-16 -1 6.12323e-17
v 0.908323 0.0869508 0.25883
vn -0.798489 6.09242e-17 -0.60201
v 0.903028 -0.347822 0.262773
vn -0.643581 0.437277 -0.628166
v 0.903028 0.0869508 0.262773
vn -0.715279 4.48049e-17 -0.698839
v 0.903028 0.0869508 0.262773
vn 0.715279 -4.48049e-17 0.698839
v 0.903028 -0.347822 0.262773
vn 0.643581 -0.437277 0.628166
v 0.908323 0.0869508 0.25883
vn 0.798489 -6.09242e-17 0.60201
v 0.908343 0.0869508 0.420948
vn 0.740934 0.541829 -0.396784
v 0.908323 -0.347822 0.25883
vn 0.931473 0.363811 -6.90172e-05
v 0.908323 0.0869508 0.25883
vn 0.931473 0.363811 -6.90172e-05
v 0.908323 0.0869508 0.25883
vn -0.931473 -0.363811 6.90172e-05
v 0.908323 -0.347822 0.25883
vn -0.931473 -0.363811 6.90172e-05
v 0.908343 0.0869508 0.420948
vn -0.740934 -0.541829 0.396784
v 1.18085 -0.347822 4.43398e-17
vn -0.351578 0.867632 -0.351578
v 0.91008 -0.347822 0.229591
vn 1.22465e-16 1 -6.12323e-17
v 1.18085 -0.347822 0.36055
vn -0.248821 0.968412 -0.0163239
v 1.18085 -0.347822 0.36055
vn 0.248821 -0.968412 0.0163239
v 0.91008 -0.347822 0.229591
vn -1.22465e-16 -1 6.12323e-17
v 1.18085 -0.347822 4.43398e-17
vn 0.351578 -0.867632 0.351578
v 0.908343 -0.347822 4.43398e-17
vn 1.16937e-16 0.95486 -0.297056
v 0.91008 -0.347822 0.229591
vn 1.22465e-16 1 -6.12323e-17
v 1.18085 -0.347822 4.43398e-17
vn -0.416441 0.808179 -0.416441
v 1.18085 -0.347822 4.43398e-17
vn 0.416441 -0.808179 0.416441
v 0.91008 -0.347822 0.229591
vn -1.22465e-16 -1 6.12323e-17
v 0.908343 -0.347822 4.43398e-17
vn -1.16937e-16 -0.95486 0.297056
v -0.908349 -0.347822 4.43398e-17
vn 1.21132e-16 0.989115 -0.147144
v 0.908343 -0.347822 0.133911
vn 1.22465e-16 1 -6.12323e-17
v 0.908343 -0.347822 4.43398e-17
vn 1.21132e-16 0.989115 -0.147144
v 0.908343 -0.347822 4.43398e-17
vn -1.21132e-16 -0.989115 0.147144
v 0.908343 -0.347822 0.133911
vn -1.22465e-16 -1 6.12323e-17
v -0.908349 -0.347822 4.43398e-17
vn -1.21132e-16 -0.989115 0.147144
v 0.908343 -0.347822 0.258771
vn 1.22465e-16 1 -6.12323e-17
v 0.908343 -0.347822 0.36055
vn 0.366729 0.930016 -0.0240896
v 1.18085 -0.347822 0.36055
vn -0.366729 0.930017 -0.0240592
v 1.18085 -0.347822 0.36055
vn 0.366729 -0.930017 0.0240592
v 0.908343 -0.347822 0.36055
vn -0.366729 -0.930016 0.0240896
v 0.908343 -0.347822 0.258771
vn -1.22465e-16 -1 6.12323e-17
v 0.908323 -0.347822 0.25883
vn 0.892523 0.451002 -8.55567e-05
v 0.908343 0.0869508 0.420948
vn 0.569169 0.663371 -0.485784
v 0.908343 -0.347822 0.36055
vn 0.786692 0.617011 -0.0203391
v 0.908343 -0.347822 0.36055
vn -0.786692 -0.617011 0.0203391
v 0.908343 0.0869508 0.420948
vn -0.569169 -0.663371 0.485784
v 0.908323 -0.347822 0.25883
vn -0.892523 -0.451002 8.55567e-05
v 0.904604 -0.347822 0.229591
vn 1.22465e-16 1 -6.12323e-17
v 0.882354 -0.347822 0.270185
vn -0.375136 0.45062 -0.810071
v 0.894338 -0.347822 0.26658
vn -0.486056 0.451311 -0.748377
v 0.894338 -0.347822 0.26658
vn 0.486056 -0.451311 0.748377
v 0.882354 -0.347822 0.270185
vn 0.375136 -0.45062 0.810071
v 0.904604 -0.347822 0.229591
vn -1.22465e-16 -1 6.12323e-17
v 0.894338 0.0869508 0.26658
vn -0.547577 1.58223e-17 -0.836755
v 0.903028 -0.347822 0.262773
vn -0.637958 0.434062 -0.636081
v 0.894338 -0.347822 0.26658
vn -0.494091 0.432192 -0.754377
v 0.894338 -0.347822 0.26658
vn 0.494091 -0.432192 0.754377
v 0.903028 -0.347822 0.262773
vn 0.637958 -0.434062 0.636081
v 0.894338 0.0869508 0.26658
vn 0.547577 -1.58223e-17 0.836755
v 0.908343 -0.347822 0.133911
vn 1.22465e-16 1 -6.12323e-17
v -0.666898 -0.347822 0.229591
vn 1.22465e-16 1 -6.12323e-17
v -0.425433 -0.347822 0.229591
vn 1.22465e-16 1 -6.12323e-17
v -0.425433 -0.347822 0.229591
vn -1.22465e-16 -1 6.12323e-17
v -0.666898 -0.347822 0.229591
vn -1.22465e-16 -1 6.12323e-17
v 0.908343 -0.347822 0.133911
vn -1.22465e-16 -1 6.12323e-17
v -0.425433 -0.347822 0.229591
vn 1.22465e-16 1 -6.12323e-17
v -0.25472 -0.347822 0.285555
vn -0.00736274 0.524201 -0.851563
v -0.212725 -0.347822 0.229591
vn 1.22465e-16 1 -6.12323e-17
v -0.212725 -0.347822 0.229591
vn -1.22465e-16 -1 6.12323e-17
v -0.25472 -0.347822 0.285555
vn 0.00736274 -0.524201 0.851563
v -0.425433 -0.347822 0.229591
vn -1.22465e-16 -1 6.12323e-17
v -0.212725 -0.347822 0.229591
vn 1.22465e-16 1 -6.12323e-17
v -0.227701 -0.347822 0.285291
vn -0.0309973 0.457379 -0.888731
v -0.201125 -0.347822 0.284505
vn -0.0629798 0.457386 -0.887035
v -0.201125 -0.347822 0.284505
vn 0.0629798 -0.457386 0.887035
v -0.227701 -0.347822 0.285291
vn 0.0309973 -0.457379 0.888731
v -0.212725 -0.347822 0.229591
vn -1.22465e-16 -1 6.12323e-17
v -0.0531898 -0.347822 0.229591
vn 1.22465e-16 1 -6.12323e-17
v -0.201125 -0.347822 0.284505
vn -0.0630425 0.455662 -0.887918
v -0.175499 -0.347822 0.283214
vn -0.0971521 0.45567 -0.884831
v -0.175499 -0.347822 0.283214
vn 0.0971521 -0.45567 0.884831
v -0.201125 -0.347822 0.284505
vn 0.0630425 -0.455662 0.887918
v -0.0531898 -0.347822 0.229591
vn -1.22465e-16 -1 6.12323e-17
v -0.908349 0.0869508 0.229591
vn -0.482213 0.482213 -0.731397
v -0.449582 0.0176128 0.229591
vn 0 -6.12323e-17 -1
v -0.677669 -0.0217472 0.229591
vn 0 -6.12323e-17 -1
v -0.677669 -0.0217472 0.229591
vn 0 6.12323e-17 1
v -0.449582 0.0176128 0.229591
vn 0 6.12323e-17 1
v -0.908349 0.0869508 0.229591
vn 0.482213 -0.482213 0.731397
v -0.439802 -0.130436 0.229591
vn 0 -6.12323e-17 -1
v -0.677669 -0.0217472 0.229591
vn 0 -6.12323e-17 -1
v -0.446996 -0.0217472 0.229591
vn 0 -6.12323e-17 -1
v -0.446996 -0.0217472 0.229591
vn 0 6.12323e-17 1
v -0.677669 -0.0217472 0.229591
vn 0 6.12323e-17 1
v -0.439802 -0.130436 0.229591
vn 0 6.12323e-17 1
v -0.45417 0.0869508 0.229591
vn 1.22465e-16 1 -6.12323e-17
v -0.25472 0.0869508 0.285555
vn 1.22465e-16 1 -6.12323e-17
v -0.227094 0.0869508 0.229591
vn 1.22465e-16 1 -6.12323e-17
v -0.227094 0.0869508 0.229591
vn -1.22465e-16 -1 6.12323e-17
v -0.25472 0.0869508 0.285555
vn -1.22465e-16 -1 6.12323e-17
v -0.45417 0.0869508 0.229591
vn -1.22465e-16 -1 6.12323e-17
v -0.449582 0.0176128 0.229591
vn 0 -6.12323e-17 -1
v -0.908349 0.0869508 0.229591
vn -0.488433 0.488433 -0.723095
v -0.45417 0.0869508 0.229591
vn 1.18009e-16 0.963617 -0.267288
v -0.45417 0.0869508 0.229591
vn -1.18009e-16 -0.963617 0.267288
v -0.908349 0.0869508 0.229591
vn 0.488433 -0.488433 0.723095
v -0.449582 0.0176128 0.229591
vn 0 6.12323e-17 1
v -0.25472 0.0869508 0.285555
vn 1.22465e-16 1 -6.12323e-17
v 0.908343 0.0869508 0.420948
vn 1.00221e-16 0.818364 -0.5747
v -0.227701 0.0869508 0.285291
vn 1.22465e-16 1 -6.12323e-17
v -0.227701 0.0869508 0.285291
vn -1.22465e-16 -1 6.12323e-17
v 0.908343 0.0869508 0.420948
vn -1.00221e-16 -0.818364 0.5747
v -0.25472 0.0869508 0.285555
vn -1.22465e-16 -1 6.12323e-17
v -0.227701 -0.347822 0.285291
vn -0.0301502 0.409016 -0.912029
v -0.25472 0.0869508 0.285555
vn -0.00946084 -6.0071e-17 -0.999955
v -0.227701 0.0869508 0.285291
vn -0.0332142 -5.7131e-17 -0.999448
v -0.227701 0.0869508 0.285291
vn 0.0332142 5.7131e-17 0.999448
v -0.25472 0.0869508 0.285555
vn 0.00946084 6.0071e-17 0.999955
v -0.227701 -0.347822 0.285291
vn 0.0301502 -0.409016 0.912029
v -0.227701 0.0869508 0.285291
vn -0.0364879 -5.67231e-17 -0.999334
v -0.201125 -0.347822 0.284505
vn -0.0628996 0.40956 -0.910112
v -0.227701 -0.347822 0.285291
vn -0.0334451 0.409552 -0.911673
v -0.227701 -0.347822 0.285291
vn 0.0334451 -0.409552 0.911673
v -0.201125 -0.347822 0.284505
vn 0.0628996 -0.40956 0.910112
v -0.227701 0.0869508 0.285291
vn 0.0364879 5.67231e-17 0.999334
v -0.201125 0.0869508 0.284505
vn -0.072468 -5.21966e-17 -0.997371
v -0.175499 -0.347822 0.283214
vn -0.0977046 0.410731 -0.906506
v -0.201125 -0.347822 0.284505
vn -0.066233 0.410722 -0.909352
v -0.201125 -0.347822 0.284505
vn 0.066233 -0.410722 0.909352
v -0.175499 -0.347822 0.283214
vn 0.0977046 -0.410731 0.906506
v -0.201125 0.0869508 0.284505
vn 0.072468 5.21966e-17 0.997371
v -0.175499 0.0869508 0.283214
vn 1.22465e-16 1 -6.12323e-17
v 0.908343 0.0869508 0.420948
vn 1.00662e-16 0.821968 -0.569534
v -0.151208 0.0869508 0.281435
vn 1.22465e-16 1 -6.12323e-17
v -0.151208 0.0869508 0.281435
vn -1.22465e-16 -1 6.12323e-17
v 0.908343 0.0869508 0.420948
vn -1.00662e-16 -0.821968 0.569534
v -0.175499 0.0869508 0.283214
vn -1.22465e-16 -1 6.12323e-17
v -0.175499 0.0869508 0.283214
vn -0.110855 -4.72791e-17 -0.993837
v -0.151208 -0.347822 0.281435
vn -0.135974 0.412378 -0.900808
v -0.175499 -0.347822 0.283214
vn -0.101159 0.412359 -0.905388
v -0.175499 -0.347822 0.283214
vn 0.101159 -0.412359 0.905388
v -0.151208 -0.347822 0.281435
vn 0.135974 -0.412378 0.900808
v -0.175499 0.0869508 0.283214
vn 0.110855 4.72791e-17 0.993837
v -0.151208 -0.347822 0.281435
vn -0.135974 0.412378 -0.900808
v -0.175499 0.0869508 0.283214
vn -0.110855 -4.72791e-17 -0.993837
v -0.151208 0.0869508 0.281435
vn -0.14946 -4.2241e-17 -0.988768
v -0.151208 0.0869508 0.281435
vn 0.14946 4.2241e-17 0.988768
v -0.175499 0.0869508 0.283214
vn 0.110855 4.72791e-17 0.993837
v -0.151208 -0.347822 0.281435
vn 0.135974 -0.412378 0.900808
v -0.056767 0.0869508 0.229591
vn 1.22465e-16 1 -6.12323e-17
v -0.151208 0.0869508 0.281435
vn 1.22465e-16 1 -6.12323e-17
v -0.128695 0.0869508 0.279201
vn 1.22465e-16 1 -6.12323e-17
v -0.128695 0.0869508 0.279201
vn -1.22465e-16 -1 6.12323e-17
v -0.151208 0.0869508 0.281435
vn -1.22465e-16 -1 6.12323e-17
v -0.056767 0.0869508 0.229591
vn -1.22465e-16 -1 6.12323e-17
v -0.429777 -0.282148 0.229591
vn 0 6.12323e-17 1
v -0.216322 -0.239134 0.229591
vn 0 6.12323e-17 1
v -0.432627 -0.239134 0.229591
vn 0 6.12323e-17 1
v -0.432627 -0.239134 0.229591
vn 0 -6.12323e-17 -1
v -0.216322 -0.239134 0.229591
vn 0 -6.12323e-17 -1
v -0.429777 -0.282148 0.229591
vn 0 -6.12323e-17 -1
v -0.425433 -0.347822 0.229591
vn 0 6.12323e-17 1
v -0.213656 -0.3193 0.229591
vn 0 6.12323e-17 1
v -0.429777 -0.282148 0.229591
vn 0 6.12323e-17 1
v -0.429777 -0.282148 0.229591
vn 0 -6.12323e-17 -1
v -0.213656 -0.3193 0.229591
vn 0 -6.12323e-17 -1
v -0.425433 -0.347822 0.229591
vn 0 -6.12323e-17 -1
v -0.432627 -0.239134 0.229591
vn 0 -6.12323e-17 -1
v -0.674072 -0.130436 0.229591
vn 0 -6.12323e-17 -1
v -0.439802 -0.130436 0.229591
vn 0 -6.12323e-17 -1
v -0.439802 -0.130436 0.229591
vn 0 6.12323e-17 1
v -0.674072 -0.130436 0.229591
vn 0 6.12323e-17 1
v -0.432627 -0.239134 0.229591
vn 0 6.12323e-17 1
v -0.056767 0.0869508 0.229591
vn 1.22465e-16 1 -6.12323e-17
v -0.128695 0.0869508 0.279201
vn 1.22465e-16 1 -6.12323e-17
v -0.108321 0.0869508 0.276551
vn 1.22465e-16 1 -6.12323e-17
v -0.108321 0.0869508 0.276551
vn -1.22465e-16 -1 6.12323e-17
v -0.128695 0.0869508 0.279201
vn -1.22465e-16 -1 6.12323e-17
v -0.056767 0.0869508 0.229591
vn -1.22465e-16 -1 6.12323e-17
v -0.0531898 -0.347822 0.229591
vn 1.22465e-16 1 -6.12323e-17
v -0.108321 -0.347822 0.276551
vn -0.229161 0.452045 -0.862056
v -0.090478 -0.347822 0.273529
vn -0.29254 0.452169 -0.842593
v -0.090478 -0.347822 0.273529
vn 0.29254 -0.452169 0.842593
v -0.108321 -0.347822 0.276551
vn 0.229161 -0.452045 0.862056
v -0.0531898 -0.347822 0.229591
vn -1.22465e-16 -1 6.12323e-17
v -0.151208 0.0869508 0.281435
vn 1.22465e-16 1 -6.12323e-17
v 0.908343 0.0869508 0.420948
vn 1.00739e-16 0.822598 -0.568623
v -0.128695 0.0869508 0.279201
vn 1.22465e-16 1 -6.12323e-17
v -0.128695 0.0869508 0.279201
vn -1.22465e-16 -1 6.12323e-17
v 0.908343 0.0869508 0.420948
vn -1.00739e-16 -0.822598 0.568623
v -0.151208 0.0869508 0.281435
vn -1.22465e-16 -1 6.12323e-17
v -0.108321 -0.347822 0.276551
vn -0.231117 0.417283 -0.878897
v -0.128695 0.0869508 0.279201
vn -0.201505 -3.52991e-17 -0.979487
v -0.108321 0.0869508 0.276551
vn -0.254569 -2.80393e-17 -0.967055
v -0.108321 0.0869508 0.276551
vn 0.254569 2.80393e-17 0.967055
v -0.128695 0.0869508 0.279201
vn 0.201505 3.52991e-17 0.979487
v -0.108321 -0.347822 0.276551
vn 0.231117 -0.417283 0.878897
v -0.108321 0.0869508 0.276551
vn -0.259004 -2.74241e-17 -0.965876
v -0.090478 -0.347822 0.273529
vn -0.29493 0.420512 -0.858013
v -0.108321 -0.347822 0.276551
vn -0.235215 0.420385 -0.876328
v -0.108321 -0.347822 0.276551
vn 0.235215 -0.420385 0.876328
v -0.090478 -0.347822 0.273529
vn 0.29493 -0.420512 0.858013
v -0.108321 0.0869508 0.276551
vn 0.259004 2.74241e-17 0.965876
v 0.849452 0.0869508 0.276551
vn 1.22465e-16 1 -6.12323e-17
v 0.908343 0.0869508 0.420948
vn 9.98022e-17 0.814947 -0.579535
v 0.867299 0.0869508 0.273529
vn 1.22465e-16 1 -6.12323e-17
v 0.867299 0.0869508 0.273529
vn -1.22465e-16 -1 6.12323e-17
v 0.908343 0.0869508 0.420948
vn -9.98022e-17 -0.814947 0.579535
v 0.849452 0.0869508 0.276551
vn -1.22465e-16 -1 6.12323e-17
v 0.901007 0.0869508 0.229591
vn 8.70282e-17 0.710639 -0.703557
v 0.829082 0.0869508 0.279201
vn 1.22465e-16 1 -6.12323e-17
v 0.849452 0.0869508 0.276551
vn 1.22465e-16 1 -6.12323e-17
v 0.849452 0.0869508 0.276551
vn -1.22465e-16 -1 6.12323e-17
v 0.829082 0.0869508 0.279201
vn -1.22465e-16 -1 6.12323e-17
v 0.901007 0.0869508 0.229591
vn -8.70282e-17 -0.710639 0.703557
v 0.849452 -0.347822 0.276551
vn -0.231119 0.417287 -0.878895
v 0.829082 0.0869508 0.279201
vn -0.201507 -3.52988e-17 -0.979487
v 0.849452 0.0869508 0.276551
vn -0.254571 -2.8039e-17 -0.967054
v 0.849452 0.0869508 0.276551
vn 0.254571 2.8039e-17 0.967054
v 0.829082 0.0869508 0.279201
vn 0.201507 3.52988e-17 0.979487
v 0.849452 -0.347822 0.276551
vn 0.231119 -0.417287 0.878895
v 0.829082 0.0869508 0.279201
vn -0.201507 -3.52988e-17 -0.979487
v 0.849452 -0.347822 0.276551
vn -0.231119 0.417287 -0.878895
v 0.829082 -0.347822 0.279201
vn -0.183319 0.417223 -0.890123
v 0.829082 -0.347822 0.279201
vn 0.183319 -0.417223 0.890123
v 0.849452 -0.347822 0.276551
vn 0.231119 -0.417287 0.878895
v 0.829082 0.0869508 0.279201
vn 0.201507 3.52988e-17 0.979487
v 0.904604 -0.347822 0.229591
vn 1.22465e-16 1 -6.12323e-17
v 0.806568 -0.347822 0.281435
vn -0.134878 0.453851 -0.880811
v 0.829082 -0.347822 0.279201
vn -0.177855 0.453887 -0.873129
v 0.829082 -0.347822 0.279201
vn 0.177855 -0.453887 0.873129
v 0.806568 -0.347822 0.281435
vn 0.134878 -0.453851 0.880811
v 0.904604 -0.347822 0.229591
vn -1.22465e-16 -1 6.12323e-17
v 0.901007 0.0869508 0.229591
vn 8.68176e-17 0.708919 -0.70529
v 0.882354 0.0869508 0.270185
vn 1.22465e-16 1 -6.12323e-17
v 0.894338 0.0869508 0.26658
vn 1.22465e-16 1 -6.12323e-17
v 0.894338 0.0869508 0.26658
vn -1.22465e-16 -1 6.12323e-17
v 0.882354 0.0869508 0.270185
vn -1.22465e-16 -1 6.12323e-17
v 0.901007 0.0869508 0.229591
vn -8.68176e-17 -0.708919 0.70529
v 0.894338 0.0869508 0.26658
vn 1.22465e-16 1 -6.12323e-17
v 0.908343 0.0869508 0.420948
vn 9.9319e-17 0.811001 -0.585044
v 0.903028 0.0869508 0.262773
vn 1.22465e-16 1 -6.12323e-17
v 0.903028 0.0869508 0.262773
vn -1.22465e-16 -1 6.12323e-17
v 0.908343 0.0869508 0.420948
vn -9.9319e-17 -0.811001 0.585044
v 0.894338 0.0869508 0.26658
vn -1.22465e-16 -1 6.12323e-17
v 0.903028 -0.347822 0.262773
vn -0.637958 0.434062 -0.636081
v 0.894338 0.0869508 0.26658
vn -0.547577 1.58223e-17 -0.836755
v 0.903028 0.0869508 0.262773
vn -0.708575 4.35676e-17 -0.705636
v 0.903028 0.0869508 0.262773
vn 0.708575 -4.35676e-17 0.705636
v 0.894338 0.0869508 0.26658
vn 0.547577 -1.58223e-17 0.836755
v 0.903028 -0.347822 0.262773
vn 0.637958 -0.434062 0.636081
v 1.18085 -0.347822 0.36055
vn -0.979726 0.200235 -0.00657526
v 1.18085 0.347822 0
vn -0.983959 -0.126145 -0.126145
v 1.18085 -0.347822 4.43398e-17
vn -0.983959 0.126145 -0.126145
v 1.18085 -0.347822 4.43398e-17
vn 0.983959 -0.126145 0.126145
v 1.18085 0.347822 0
vn 0.983959 0.126145 0.126145
v 1.18085 -0.347822 0.36055
vn 0.979726 -0.200235 0.00657526
v -1.18085 0.347822 0
vn 0.241487 -0.241487 -0.939876
v 1.18085 -0.347822 4.43398e-17
vn -0.241487 0.241487 -0.939876
v 0.908343 -0.347822 4.43398e-17
vn 4.7663e-17 0.389198 -0.921154
v 0.908343 -0.347822 4.43398e-17
vn -4.7663e-17 -0.389198 0.921154
v 1.18085 -0.347822 4.43398e-17
vn 0.241487 -0.241487 0.939876
v -1.18085 0.347822 0
vn -0.241487 0.241487 0.939876
v 0.908343 -0.347822 0.133911
vn 1.22465e-16 1 -6.12323e-17
v -0.908349 -0.347822 4.43398e-17
vn 1.21132e-16 0.989115 -0.147144
v -0.908349 -0.347822 0.133911
vn 1.22465e-16 1 -6.12323e-17
v -0.908349 -0.347822 0.133911
vn -1.22465e-16 -1 6.12323e-17
v -0.908349 -0.347822 4.43398e-17
vn -1.21132e-16 -0.989115 0.147144
v 0.908343 -0.347822 0.133911
vn -1.22465e-16 -1 6.12323e-17
v -1.18085 -0.347822 4.43398e-17
vn 0.57735 0.57735 -0.57735
v 0.908343 -0.347822 4.43398e-17
vn 1.09536e-16 0.894427 -0.447214
v -0.908349 -0.347822 4.43398e-17
vn 1.09536e-16 0.894427 -0.447214
v -0.908349 -0.347822 4.43398e-17
vn -1.09536e-16 -0.894427 0.447214
v 0.908343 -0.347822 4.43398e-17
vn -1.09536e-16 -0.894427 0.447214
v -1.18085 -0.347822 4.43398e-17
vn -0.57735 -0.57735 0.57735
v 0.908343 -0.347822 0.36055
vn 0.440017 0.897485 -0.030093
v 1.18085 -0.347318 0.368457
vn -0.440601 0.890136 -0.116314
v 1.18085 -0.347822 0.36055
vn -0.440017 0.897486 -0.0300566
v 1.18085 -0.347822 0.36055
vn 0.440017 -0.897486 0.0300566
v 1.18085 -0.347318 0.368457
vn 0.440601 -0.890136 0.116314
v 0.908343 -0.347822 0.36055
vn -0.440017 -0.897485 0.030093
v 0.908343 -0.347822 0.36055
vn 0.488544 0.872068 -0.0286728
v 0.908343 0.0869508 0.420948
vn 0.0532649 0.805691 -0.589936
v 0.908343 -0.347318 0.368457
vn 0.489094 0.864718 -0.114233
v 0.908343 -0.347318 0.368457
vn -0.489094 -0.864718 0.114233
v 0.908343 0.0869508 0.420948
vn -0.0532649 -0.805691 0.589936
v 0.908343 -0.347822 0.36055
vn -0.488544 -0.872068 0.0286728
v 0.904604 -0.347822 0.229591
vn 1.22465e-16 1 -6.12323e-17
v 0.867299 -0.347822 0.273529
vn -0.292694 0.451242 -0.843037
v 0.882354 -0.347822 0.270185
vn -0.374944 0.451521 -0.809658
v 0.882354 -0.347822 0.270185
vn 0.374944 -0.451521 0.809658
v 0.867299 -0.347822 0.273529
vn 0.292694 -0.451242 0.843037
v 0.904604 -0.347822 0.229591
vn -1.22465e-16 -1 6.12323e-17
v 0.882354 0.0869508 0.270185
vn -0.422788 -3.71383e-18 -0.906228
v 0.894338 -0.347822 0.26658
vn -0.488592 0.428526 -0.760029
v 0.882354 -0.347822 0.270185
vn -0.382404 0.427821 -0.818985
v 0.882354 -0.347822 0.270185
vn 0.382404 -0.427821 0.818985
v 0.894338 -0.347822 0.26658
vn 0.488592 -0.428526 0.760029
v 0.882354 0.0869508 0.270185
vn 0.422788 3.71383e-18 0.906228
v 0.894338 -0.347822 0.26658
vn -0.488592 0.428526 -0.760029
v 0.882354 0.0869508 0.270185
vn -0.422788 -3.71383e-18 -0.906228
v 0.894338 0.0869508 0.26658
vn -0.541155 1.47807e-17 -0.840923
v 0.894338 0.0869508 0.26658
vn 0.541155 -1.47807e-17 0.840923
v 0.882354 0.0869508 0.270185
vn 0.422788 3.71383e-18 0.906228
v 0.894338 -0.347822 0.26658
vn 0.488592 -0.428526 0.760029
v 0.908343 -0.347822 0.133911
vn 1.22465e-16 1 -6.12323e-17
v -0.908349 -0.347822 0.229591
vn 1.22465e-16 1 -6.12323e-17
v -0.666898 -0.347822 0.229591
vn 1.22465e-16 1 -6.12323e-17
v -0.666898 -0.347822 0.229591
vn -1.22465e-16 -1 6.12323e-17
v -0.908349 -0.347822 0.229591
vn -1.22465e-16 -1 6.12323e-17
v 0.908343 -0.347822 0.133911
vn -1.22465e-16 -1 6.12323e-17
v -0.429777 -0.282148 0.229591
vn 0 6.12323e-17 1
v -0.666898 -0.347822 0.229591
vn 0 6.12323e-17 1
v -0.425433 -0.347822 0.229591
vn 0 6.12323e-17 1
v -0.425433 -0.347822 0.229591
vn 0 -6.12323e-17 -1
v -0.666898 -0.347822 0.229591
vn 0 -6.12323e-17 -1
v -0.429777 -0.282148 0.229591
vn 0 -6.12323e-17 -1
v -0.666898 -0.347822 0.229591
vn 1.22465e-16 1 -6.12323e-17
v -0.25472 -0.347822 0.285555
vn -0.00731129 0.533747 -0.845613
v -0.425433 -0.347822 0.229591
vn 1.22465e-16 1 -6.12323e-17
v -0.425433 -0.347822 0.229591
vn -1.22465e-16 -1 6.12323e-17
v -0.25472 -0.347822 0.285555
vn 0.00731129 -0.533747 0.845613
v -0.666898 -0.347822 0.229591
vn -1.22465e-16 -1 6.12323e-17
v -0.212725 -0.347822 0.229591
vn 1.22465e-16 1 -6.12323e-17
v -0.25472 -0.347822 0.285555
vn -0.00768768 0.457561 -0.889145
v -0.227701 -0.347822 0.285291
vn -0.0309933 0.457601 -0.888617
v -0.227701 -0.347822 0.285291
vn 0.0309933 -0.457601 0.888617
v -0.25472 -0.347822 0.285555
vn 0.00768768 -0.457561 0.889145
v -0.212725 -0.347822 0.229591
vn -1.22465e-16 -1 6.12323e-17
v -0.0531898 -0.347822 0.229591
vn 1.22465e-16 1 -6.12323e-17
v -0.175499 -0.347822 0.283214
vn -0.0972023 0.45477 -0.885289
v -0.151208 -0.347822 0.281435
vn -0.134805 0.454788 -0.880338
v -0.151208 -0.347822 0.281435
vn 0.134805 -0.454788 0.880338
v -0.175499 -0.347822 0.283214
vn 0.0972023 -0.45477 0.885289
v -0.0531898 -0.347822 0.229591
vn -1.22465e-16 -1 6.12323e-17
v -0.908349 0.0869508 0.229591
vn -0.442143 0.442143 -0.780397
v -0.677669 -0.0217472 0.229591
vn 0 -6.12323e-17 -1
v -0.908349 -0.130436 0.229591
vn -0.317403 -1.91954e-17 -0.948291
v -0.908349 -0.130436 0.229591
vn 0.317403 1.91954e-17 0.948291
v -0.677669 -0.0217472 0.229591
vn 0 6.12323e-17 1
v -0.908349 0.0869508 0.229591
vn 0.442143 -0.442143 0.780397
v -0.677669 -0.0217472 0.229591
vn 0 -6.12323e-17 -1
v -0.439802 -0.130436 0.229591
vn 0 -6.12323e-17 -1
v -0.674072 -0.130436 0.229591
vn 0 -6.12323e-17 -1
v -0.674072 -0.130436 0.229591
vn 0 6.12323e-17 1
v -0.439802 -0.130436 0.229591
vn 0 6.12323e-17 1
v -0.677669 -0.0217472 0.229591
vn 0 6.12323e-17 1
v -0.45417 0.0869508 0.229591
vn 1.22465e-16 1 -6.12323e-17
v -0.7043 0.0869508 0.285555
vn 1.22465e-16 1 -6.12323e-17
v -0.25472 0.0869508 0.285555
vn 1.22465e-16 1 -6.12323e-17
v -0.25472 0.0869508 0.285555
vn -1.22465e-16 -1 6.12323e-17
v -0.7043 0.0869508 0.285555
vn -1.22465e-16 -1 6.12323e-17
v -0.45417 0.0869508 0.229591
vn -1.22465e-16 -1 6.12323e-17
v -0.908349 0.0869508 0.229591
vn -0.538735 0.647711 -0.538735
v -0.9066 0.0869508 0.259213
vn 1.22465e-16 1 -6.12323e-17
v -0.45417 0.0869508 0.229591
vn 1.22465e-16 1 -6.12323e-17
v -0.45417 0.0869508 0.229591
vn -1.22465e-16 -1 6.12323e-17
v -0.9066 0.0869508 0.259213
vn -1.22465e-16 -1 6.12323e-17
v -0.908349 0.0869508 0.229591
vn 0.538735 -0.647711 0.538735
v -0.7043 0.0869508 0.285555
vn 1.22465e-16 1 -6.12323e-17
v 0.908343 0.0869508 0.420948
vn 1.11992e-16 0.914486 -0.404617
v -0.25472 0.0869508 0.285555
vn 1.22465e-16 1 -6.12323e-17
v -0.25472 0.0869508 0.285555
vn -1.22465e-16 -1 6.12323e-17
v 0.908343 0.0869508 0.420948
vn -1.11992e-16 -0.914486 0.404617
v -0.7043 0.0869508 0.285555
vn -1.22465e-16 -1 6.12323e-17
v -0.25472 0.0869508 0.285555
vn -0.00946084 -6.0071e-17 -0.999955
v -0.227701 -0.347822 0.285291
vn -0.0301502 0.409016 -0.912029
v -0.25472 -0.347822 0.285555
vn -0.00871201 0.408975 -0.912504
v -0.25472 -0.347822 0.285555
vn 0.00871201 -0.408975 0.912504
v -0.227701 -0.347822 0.285291
vn 0.0301502 -0.409016 0.912029
v -0.25472 0.0869508 0.285555
vn 0.00946084 6.0071e-17 0.999955
v -0.151208 0.0869508 0.281435
vn -0.153159 -4.17533e-17 -0.988202
v -0.128695 -0.347822 0.279201
vn -0.179534 0.414593 -0.892121
v -0.151208 -0.347822 0.281435
vn -0.139553 0.414556 -0.89926
v -0.151208 -0.347822 0.281435
vn 0.139553 -0.414556 0.89926
v -0.128695 -0.347822 0.279201
vn 0.179534 -0.414593 0.892121
v -0.151208 0.0869508 0.281435
vn 0.153159 4.17533e-17 0.988202
v -0.128695 -0.347822 0.279201
vn -0.179534 0.414593 -0.892121
v -0.151208 0.0869508 0.281435
vn -0.153159 -4.17533e-17 -0.988202
v -0.128695 0.0869508 0.279201
vn -0.197512 -3.58378e-17 -0.9803
v -0.128695 0.0869508 0.279201
vn 0.197512 3.58378e-17 0.9803
v -0.151208 0.0869508 0.281435
vn 0.153159 4.17533e-17 0.988202
v -0.128695 -0.347822 0.279201
vn 0.179534 -0.414593 0.892121
v -0.432627 -0.239134 0.229591
vn 0 6.12323e-17 1
v -0.670433 -0.240793 0.229591
vn 0 6.12323e-17 1
v -0.429777 -0.282148 0.229591
vn 0 6.12323e-17 1
v -0.429777 -0.282148 0.229591
vn 0 -6.12323e-17 -1
v -0.670433 -0.240793 0.229591
vn 0 -6.12323e-17 -1
v -0.432627 -0.239134 0.229591
vn 0 -6.12323e-17 -1
v -0.674072 -0.130436 0.229591
vn 0 -6.12323e-17 -1
v -0.432627 -0.239134 0.229591
vn 0 -6.12323e-17 -1
v -0.670495 -0.239134 0.229591
vn 0 -6.12323e-17 -1
v -0.670495 -0.239134 0.229591
vn 0 6.12323e-17 1
v -0.432627 -0.239134 0.229591
vn 0 6.12323e-17 1
v -0.674072 -0.130436 0.229591
vn 0 6.12323e-17 1
v -0.0531898 -0.347822 0.229591
vn 1.22465e-16 1 -6.12323e-17
v -0.128695 -0.347822 0.279201
vn -0.177951 0.452941 -0.8736
v -0.108321 -0.347822 0.276551
vn -0.229036 0.453003 -0.861586
v -0.108321 -0.347822 0.276551
vn 0.229036 -0.453003 0.861586
v -0.128695 -0.347822 0.279201
vn 0.177951 -0.452941 0.8736
v -0.0531898 -0.347822 0.229591
vn -1.22465e-16 -1 6.12323e-17
v -0.128695 0.0869508 0.279201
vn -0.201505 -3.52991e-17 -0.979487
v -0.108321 -0.347822 0.276551
vn -0.231117 0.417283 -0.878897
v -0.128695 -0.347822 0.279201
vn -0.183317 0.417219 -0.890125
v -0.128695 -0.347822 0.279201
vn 0.183317 -0.417219 0.890125
v -0.108321 -0.347822 0.276551
vn 0.231117 -0.417283 0.878897
v -0.128695 0.0869508 0.279201
vn 0.201505 3.52991e-17 0.979487
v 0.867299 0.0869508 0.273529
vn 1.22465e-16 1 -6.12323e-17
v 0.908343 0.0869508 0.420948
vn 9.96622e-17 0.813803 -0.58114
v 0.882354 0.0869508 0.270185
vn 1.22465e-16 1 -6.12323e-17
v 0.882354 0.0869508 0.270185
vn -1.22465e-16 -1 6.12323e-17
v 0.908343 0.0869508 0.420948
vn -9.96622e-17 -0.813803 0.58114
v 0.867299 0.0869508 0.273529
vn -1.22465e-16 -1 6.12323e-17
v 0.901007 0.0869508 0.229591
vn 8.6956e-17 0.710049 -0.704152
v 0.849452 0.0869508 0.276551
vn 1.22465e-16 1 -6.12323e-17
v 0.867299 0.0869508 0.273529
vn 1.22465e-16 1 -6.12323e-17
v 0.867299 0.0869508 0.273529
vn -1.22465e-16 -1 6.12323e-17
v 0.849452 0.0869508 0.276551
vn -1.22465e-16 -1 6.12323e-17
v 0.901007 0.0869508 0.229591
vn -8.6956e-17 -0.710049 0.704152
v 0.867299 -0.347822 0.273529
vn -0.294927 0.420509 -0.858015
v 0.849452 0.0869508 0.276551
vn -0.259001 -2.74244e-17 -0.965877
v 0.867299 0.0869508 0.273529
vn -0.325353 -1.80566e-17 -0.945593
v 0.867299 0.0869508 0.273529
vn 0.325353 1.80566e-17 0.945593
v 0.849452 0.0869508 0.276551
vn 0.259001 2.74244e-17 0.965877
v 0.867299 -0.347822 0.273529
vn 0.294927 -0.420509 0.858015
v 0.849452 0.0869508 0.276551
vn -0.259001 -2.74244e-17 -0.965877
v 0.867299 -0.347822 0.273529
vn -0.294927 0.420509 -0.858015
v 0.849452 -0.347822 0.276551
vn -0.235213 0.420381 -0.87633
v 0.849452 -0.347822 0.276551
vn 0.235213 -0.420381 0.87633
v 0.867299 -0.347822 0.273529
vn 0.294927 -0.420509 0.858015
v 0.849452 0.0869508 0.276551
vn 0.259001 2.74244e-17 0.965877
v 0.904604 -0.347822 0.229591
vn 1.22465e-16 1 -6.12323e-17
v 0.829082 -0.347822 0.279201
vn -0.177951 0.45294 -0.873601
v 0.849452 -0.347822 0.276551
vn -0.229036 0.453002 -0.861587
v 0.849452 -0.347822 0.276551
vn 0.229036 -0.453002 0.861587
v 0.829082 -0.347822 0.279201
vn 0.177951 -0.45294 0.873601
v 0.904604 -0.347822 0.229591
vn -1.22465e-16 -1 6.12323e-17
v 0.901007 0.0869508 0.229591
vn 8.68858e-17 0.709477 -0.704729
v 0.867299 0.0869508 0.273529
vn 1.22465e-16 1 -6.12323e-17
v 0.882354 0.0869508 0.270185
vn 1.22465e-16 1 -6.12323e-17
v 0.882354 0.0869508 0.270185
vn -1.22465e-16 -1 6.12323e-17
v 0.867299 0.0869508 0.273529
vn -1.22465e-16 -1 6.12323e-17
v 0.901007 0.0869508 0.229591
vn -8.68858e-17 -0.709477 0.704729
v 0.882354 0.0869508 0.270185
vn 1.22465e-16 1 -6.12323e-17
v 0.908343 0.0869508 0.420948
vn 9.95002e-17 0.812481 -0.582987
v 0.894338 0.0869508 0.26658
vn 1.22465e-16 1 -6.12323e-17
v 0.894338 0.0869508 0.26658
vn -1.22465e-16 -1 6.12323e-17
v 0.908343 0.0869508 0.420948
vn -9.95002e-17 -0.812481 0.582987
v 0.882354 0.0869508 0.270185
vn -1.22465e-16 -1 6.12323e-17
v 1.18085 0.347822 0
vn -0.987716 -0.110491 -0.110491
v 1.18085 -0.347822 0.36055
vn -0.984566 0.17492 -0.00574396
v 1.18085 0.347822 0.420948
vn -0.987716 -0.110491 -0.110491
v 1.18085 0.347822 0.420948
vn 0.987716 0.110491 0.110491
v 1.18085 -0.347822 0.36055
vn 0.984566 -0.17492 0.00574396
v 1.18085 0.347822 0
vn 0.987716 0.110491 0.110491
v 1.18085 -0.347822 4.43398e-17
vn -0.0383108 0.0383108 -0.998531
v -1.18085 0.347822 0
vn 0.0383108 -0.0383108 -0.998531
v 1.18085 0.347822 0
vn -0.0383108 -0.0383108 -0.998531
v 1.18085 0.347822 0
vn 0.0383108 0.0383108 0.998531
v -1.18085 0.347822 0
vn -0.0383108 0.0383108 0.998531
v 1.18085 -0.347822 4.43398e-17
vn 0.0383108 -0.0383108 0.998531
v -1.18085 0.347822 0
vn 0.0430755 -0.0430755 -0.998143
v 0.908343 -0.347822 4.43398e-17
vn 8.24918e-18 0.0673597 -0.997729
v -1.18085 -0.347822 4.43398e-17
vn 0.0430755 0.0430755 -0.998143
v -1.18085 -0.347822 4.43398e-17
vn -0.0430755 -0.0430755 0.998143
v 0.908343 -0.347822 4.43398e-17
vn -8.24918e-18 -0.0673597 0.997729
v -1.18085 0.347822 0
vn -0.0430755 0.0430755 0.998143
v -0.908349 -0.347822 4.43398e-17
vn 1.09536e-16 0.894427 -0.447214
v -0.908349 -0.347822 0.359769
vn -0.44737 0.893961 -0.026343
v -0.908349 -0.347822 0.133911
vn 1.22465e-16 1 -6.12323e-17
v -0.908349 -0.347822 0.133911
vn -1.22465e-16 -1 6.12323e-17
v -0.908349 -0.347822 0.359769
vn 0.44737 -0.893961 0.026343
v -0.908349 -0.347822 4.43398e-17
vn -1.09536e-16 -0.894427 0.447214
v -0.908349 -0.347822 0.229591
vn 1.22465e-16 1 -6.12323e-17
v 0.908343 -0.347822 0.133911
vn 1.22465e-16 1 -6.12323e-17
v -0.908349 -0.347822 0.133911
vn 1.22465e-16 1 -6.12323e-17
v -0.908349 -0.347822 0.133911
vn -1.22465e-16 -1 6.12323e-17
v 0.908343 -0.347822 0.133911
vn -1.22465e-16 -1 6.12323e-17
v -0.908349 -0.347822 0.229591
vn -1.22465e-16 -1 6.12323e-17
v -1.18085 -0.347822 4.43398e-17
vn 0.350915 0.868169 -0.350915
v -0.908349 -0.347822 0.359769
vn -0.248317 0.968568 -0.0146219
v -0.908349 -0.347822 4.43398e-17
vn 1.18633e-16 0.968709 -0.248199
v -0.908349 -0.347822 4.43398e-17
vn -1.18633e-16 -0.968709 0.248199
v -0.908349 -0.347822 0.359769
vn 0.248317 -0.968568 0.0146219
v -1.18085 -0.347822 4.43398e-17
vn -0.350915 -0.868169 0.350915
v 1.18085 -0.347318 0.368457
vn -0.440601 0.890136 -0.116314
v 0.908343 -0.347822 0.36055
vn 0.440017 0.897485 -0.030093
v 0.908343 -0.347318 0.368457
vn 0.440601 0.890131 -0.11635
v 0.908343 -0.347318 0.368457
vn -0.440601 -0.890131 0.11635
v 0.908343 -0.347822 0.36055
vn -0.440017 -0.897485 0.030093
v 1.18085 -0.347318 0.368457
vn 0.440601 -0.890136 0.116314
v 1.18085 0.347822 0.420948
vn -0.630351 -0.548934 -0.548934
v 1.18085 -0.347822 0.36055
vn -0.511978 0.858536 -0.0281924
v 1.18085 -0.347318 0.368457
vn -0.51251 0.85129 -0.112424
v 1.18085 -0.347318 0.368457
vn 0.51251 -0.85129 0.112424
v 1.18085 -0.347822 0.36055
vn 0.511978 -0.858536 0.0281924
v 1.18085 0.347822 0.420948
vn 0.630351 0.548934 0.548934
v 0.908343 -0.347318 0.368457
vn 0.487777 0.865449 -0.11433
v 0.908343 0.0869508 0.420948
vn 0.0515005 0.805766 -0.58999
v 0.908343 -0.345782 0.376229
vn 0.487775 0.843032 -0.226657
v 0.908343 -0.345782 0.376229
vn -0.487775 -0.843032 0.226657
v 0.908343 0.0869508 0.420948
vn -0.0515005 -0.805766 0.58999
v 0.908343 -0.347318 0.368457
vn -0.487777 -0.865449 0.11433
v 0.904604 -0.347822 0.229591
vn 1.22465e-16 1 -6.12323e-17
v 0.849452 -0.347822 0.276551
vn -0.229161 0.452045 -0.862056
v 0.867299 -0.347822 0.273529
vn -0.29254 0.45217 -0.842593
v 0.867299 -0.347822 0.273529
vn 0.29254 -0.45217 0.842593
v 0.849452 -0.347822 0.276551
vn 0.229161 -0.452045 0.862056
v 0.904604 -0.347822 0.229591
vn -1.22465e-16 -1 6.12323e-17
v 0.867299 0.0869508 0.273529
vn -0.330285 -1.73479e-17 -0.943881
v 0.882354 -0.347822 0.270185
vn -0.377461 0.424181 -0.823161
v 0.867299 -0.347822 0.273529
vn -0.299373 0.423896 -0.854803
v 0.867299 -0.347822 0.273529
vn 0.299373 -0.423896 0.854803
v 0.882354 -0.347822 0.270185
vn 0.377461 -0.424181 0.823161
v 0.867299 0.0869508 0.273529
vn 0.330285 1.73479e-17 0.943881
v 0.882354 -0.347822 0.270185
vn -0.377461 0.424181 -0.823161
v 0.867299 0.0869508 0.273529
vn -0.330285 -1.73479e-17 -0.943881
v 0.882354 0.0869508 0.270185
vn -0.417157 -4.56308e-18 -0.908834
v 0.882354 0.0869508 0.270185
vn 0.417157 4.56308e-18 0.908834
v 0.867299 0.0869508 0.273529
vn 0.330285 1.73479e-17 0.943881
v 0.882354 -0.347822 0.270185
vn 0.377461 -0.424181 0.823161
v -0.670433 -0.240793 0.229591
vn 0 6.12323e-17 1
v -0.908349 -0.347822 0.229591
vn -0.603305 1.22717e-16 0.79751
v -0.666898 -0.347822 0.229591
vn 0 6.12323e-17 1
v -0.666898 -0.347822 0.229591
vn 0 -6.12323e-17 -1
v -0.908349 -0.347822 0.229591
vn 0.603305 -1.22717e-16 -0.79751
v -0.670433 -0.240793 0.229591
vn 0 -6.12323e-17 -1
v -0.908349 -0.347822 0.229591
vn 1.22465e-16 1 -6.12323e-17
v -0.9066 -0.347822 0.259213
vn 0.780886 0.501719 -0.372149
v -0.666898 -0.347822 0.229591
vn 1.22465e-16 1 -6.12323e-17
v -0.666898 -0.347822 0.229591
vn -1.22465e-16 -1 6.12323e-17
v -0.9066 -0.347822 0.259213
vn -0.780886 -0.501719 0.372149
v -0.908349 -0.347822 0.229591
vn -1.22465e-16 -1 6.12323e-17
v -0.666898 -0.347822 0.229591
vn 0 6.12323e-17 1
v -0.429777 -0.282148 0.229591
vn 0 6.12323e-17 1
v -0.670433 -0.240793 0.229591
vn 0 6.12323e-17 1
v -0.670433 -0.240793 0.229591
vn 0 -6.12323e-17 -1
v -0.429777 -0.282148 0.229591
vn 0 -6.12323e-17 -1
v -0.666898 -0.347822 0.229591
vn 0 -6.12323e-17 -1
v -0.666898 -0.347822 0.229591
vn 1.22465e-16 1 -6.12323e-17
v -0.7043 -0.347822 0.285555
vn 0.0069359 0.597022 -0.802195
v -0.25472 -0.347822 0.285555
vn -0.0069359 0.597022 -0.802195
v -0.25472 -0.347822 0.285555
vn 0.0069359 -0.597022 0.802195
v -0.7043 -0.347822 0.285555
vn -0.0069359 -0.597022 0.802195
v -0.666898 -0.347822 0.229591
vn -1.22465e-16 -1 6.12323e-17
v -0.0531898 -0.347822 0.229591
vn 1.22465e-16 1 -6.12323e-17
v -0.151208 -0.347822 0.281435
vn -0.134878 0.453851 -0.880811
v -0.128695 -0.347822 0.279201
vn -0.177855 0.453887 -0.873129
v -0.128695 -0.347822 0.279201
vn 0.177855 -0.453887 0.873129
v -0.151208 -0.347822 0.281435
vn 0.134878 -0.453851 0.880811
v -0.0531898 -0.347822 0.229591
vn -1.22465e-16 -1 6.12323e-17
v -0.908349 -0.130436 0.229591
vn -0.372514 -1.12054e-17 -0.928027
v -0.677669 -0.0217472 0.229591
vn 0 -6.12323e-17 -1
v -0.678862 -0.130436 0.229591
vn 0 -6.12323e-17 -1
v -0.678862 -0.130436 0.229591
vn 0 6.12323e-17 1
v -0.677669 -0.0217472 0.229591
vn 0 6.12323e-17 1
v -0.908349 -0.130436 0.229591
vn 0.372514 1.12054e-17 0.928027
v -0.908349 -0.130436 0.229591
vn -0.513016 1.02658e-17 -0.858379
v -0.908349 -0.347822 0.25526
vn -1 1.22465e-16 -7.4988e-33
v -0.908349 0.0869508 0.229591
vn -0.631332 0.54837 -0.54837
v -0.908349 0.0869508 0.229591
vn 0.631332 -0.54837 0.54837
v -0.908349 -0.347822 0.25526
vn 1 -1.22465e-16 7.4988e-33
v -0.908349 -0.130436 0.229591
vn 0.513016 -1.02658e-17 0.858379
v -0.678862 -0.130436 0.229591
vn 0 -6.12323e-17 -1
v -0.677669 -0.0217472 0.229591
vn 0 -6.12323e-17 -1
v -0.674072 -0.130436 0.229591
vn 0 -6.12323e-17 -1
v -0.674072 -0.130436 0.229591
vn 0 6.12323e-17 1
v -0.677669 -0.0217472 0.229591
vn 0 6.12323e-17 1
v -0.678862 -0.130436 0.229591
vn 0 6.12323e-17 1
v -0.45417 0.0869508 0.229591
vn 1.22465e-16 1 -6.12323e-17
v -0.730936 0.0869508 0.285294
vn 1.22465e-16 1 -6.12323e-17
v -0.7043 0.0869508 0.285555
vn 1.22465e-16 1 -6.12323e-17
v -0.7043 0.0869508 0.285555
vn -1.22465e-16 -1 6.12323e-17
v -0.730936 0.0869508 0.285294
vn -1.22465e-16 -1 6.12323e-17
v -0.45417 0.0869508 0.229591
vn -1.22465e-16 -1 6.12323e-17
v -0.25472 -0.347822 0.285555
vn -0.00291371 0.168511 -0.985696
v -0.7043 0.0869508 0.285555
vn 0.00317676 -6.16211e-17 -0.999995
v -0.25472 0.0869508 0.285555
vn -0.00317676 -6.0843e-17 -0.999995
v -0.25472 0.0869508 0.285555
vn 0.00317676 6.0843e-17 0.999995
v -0.7043 0.0869508 0.285555
vn -0.00317676 6.16211e-17 0.999995
v -0.25472 -0.347822 0.285555
vn 0.00291371 -0.168511 0.985696
v -0.9066 0.0869508 0.259213
vn 1.22465e-16 1 -6.12323e-17
v -0.908349 0.0869508 0.229591
vn -0.57722 0.57761 -0.57722
v -0.908349 0.0869508 0.25526
vn -0.706912 0.707302 -4.33097e-17
v -0.908349 0.0869508 0.25526
vn 0.706912 -0.707302 4.33097e-17
v -0.908349 0.0869508 0.229591
vn 0.57722 -0.57761 0.57722
v -0.9066 0.0869508 0.259213
vn -1.22465e-16 -1 6.12323e-17
v -0.45417 0.0869508 0.229591
vn 1.22465e-16 1 -6.12323e-17
v -0.9066 0.0869508 0.259213
vn 1.22465e-16 1 -6.12323e-17
v -0.901396 0.0869508 0.2631
vn 1.22465e-16 1 -6.12323e-17
v -0.901396 0.0869508 0.2631
vn -1.22465e-16 -1 6.12323e-17
v -0.9066 0.0869508 0.259213
vn -1.22465e-16 -1 6.12323e-17
v -0.45417 0.0869508 0.229591
vn -1.22465e-16 -1 6.12323e-17
v -0.730936 0.0869508 0.285294
vn 1.22465e-16 1 -6.12323e-17
v 0.908343 0.0869508 0.420948
vn 9.99527e-17 0.816176 -0.577804
v -0.7043 0.0869508 0.285555
vn 1.22465e-16 1 -6.12323e-17
v -0.7043 0.0869508 0.285555
vn -1.22465e-16 -1 6.12323e-17
v 0.908343 0.0869508 0.420948
vn -9.99527e-17 -0.816176 0.577804
v -0.730936 0.0869508 0.285294
vn -1.22465e-16 -1 6.12323e-17
v -0.670433 -0.240793 0.229591
vn 0 6.12323e-17 1
v -0.432627 -0.239134 0.229591
vn 0 6.12323e-17 1
v -0.670495 -0.239134 0.229591
vn 0 -6.12323e-17 -1
v -0.670495 -0.239134 0.229591
vn 0 6.12323e-17 1
v -0.432627 -0.239134 0.229591
vn 0 -6.12323e-17 -1
v -0.670433 -0.240793 0.229591
vn 0 -6.12323e-17 -1
v -0.670495 -0.239134 0.229591
vn 0 -6.12323e-17 -1
v -0.678862 -0.130436 0.229591
vn 0 -6.12323e-17 -1
v -0.674072 -0.130436 0.229591
vn 0 -6.12323e-17 -1
v -0.674072 -0.130436 0.229591
vn 0 6.12323e-17 1
v -0.678862 -0.130436 0.229591
vn 0 6.12323e-17 1
v -0.670495 -0.239134 0.229591
vn 0 6.12323e-17 1
v 0.908343 0.347822 0.420948
vn -0.325748 -0.887568 -0.325748
v 1.18085 0.347822 0
vn -0.325748 -0.887568 -0.325748
v 1.18085 0.347822 0.420948
vn -0.325748 -0.887568 -0.325748
v 1.18085 0.347822 0.420948
vn 0.325748 0.887568 0.325748
v 1.18085 0.347822 0
vn 0.325748 0.887568 0.325748
v 0.908343 0.347822 0.420948
vn 0.325748 0.887568 0.325748
v 1.18085 0.347822 0
vn -0.0624614 -0.996091 -0.0624614
v -1.18085 0.347822 0.420948
vn 0.0624614 -0.996091 -0.0624614
v -1.18085 0.347822 0
vn 0.0624614 -0.996091 -0.0624614
v -1.18085 0.347822 0
vn -0.0624614 0.996091 0.0624614
v -1.18085 0.347822 0.420948
vn -0.0624614 0.996091 0.0624614
v 1.18085 0.347822 0
vn 0.0624614 0.996091 0.0624614
v -1.18085 0.347822 0.420948
vn 0.987716 -0.110491 -0.110491
v -1.18085 -0.347822 4.43398e-17
vn 0.987716 0.110491 -0.110491
v -1.18085 0.347822 0
vn 0.987716 -0.110491 -0.110491
v -1.18085 0.347822 0
vn -0.987716 0.110491 0.110491
v -1.18085 -0.347822 4.43398e-17
vn -0.987716 -0.110491 0.110491
v -1.18085 0.347822 0.420948
vn -0.987716 0.110491 0.110491
v -0.908349 -0.347822 0.25526
vn -0.707107 0.707107 -4.32978e-17
v -0.908349 -0.347822 0.133911
vn 1.22465e-16 1 -6.12323e-17
v -0.908349 -0.347822 0.359769
vn -0.44737 0.893961 -0.026343
v -0.908349 -0.347822 0.359769
vn 0.44737 -0.893961 0.026343
v -0.908349 -0.347822 0.133911
vn -1.22465e-16 -1 6.12323e-17
v -0.908349 -0.347822 0.25526
vn 0.707107 -0.707107 4.32978e-17
v -0.908349 -0.347822 0.133911
vn 1.22465e-16 1 -6.12323e-17
v -0.908349 -0.347822 0.25526
vn -0.707107 0.707107 -4.32978e-17
v -0.908349 -0.347822 0.229591
vn 1.22465e-16 1 -6.12323e-17
v -0.908349 -0.347822 0.229591
vn -1.22465e-16 -1 6.12323e-17
v -0.908349 -0.347822 0.25526
vn 0.707107 -0.707107 4.32978e-17
v -0.908349 -0.347822 0.133911
vn -1.22465e-16 -1 6.12323e-17
v -0.908349 -0.347822 0.359769
vn -0.248317 0.968568 -0.0146219
v -1.18085 -0.347822 4.43398e-17
vn 0.350915 0.868169 -0.350915
v -1.18085 -0.347822 0.359769
vn 0.248317 0.968568 -0.0146219
v -1.18085 -0.347822 0.359769
vn -0.248317 -0.968568 0.0146219
v -1.18085 -0.347822 4.43398e-17
vn -0.350915 -0.868169 0.350915
v -0.908349 -0.347822 0.359769
vn 0.248317 -0.968568 0.0146219
v 0.908343 -0.347318 0.368457
vn 0.440598 0.889811 -0.118787
v 1.18085 -0.345782 0.376229
vn -0.440598 0.867236 -0.231894
v 1.18085 -0.347318 0.368457
vn -0.440599 0.889815 -0.118752
v 1.18085 -0.347318 0.368457
vn 0.440599 -0.889815 0.118752
v 1.18085 -0.345782 0.376229
vn 0.440598 -0.867236 0.231894
v 0.908343 -0.347318 0.368457
vn -0.440598 -0.889811 0.118787
v 1.18085 0.347822 0.420948
vn -0.629016 -0.5497 -0.5497
v 1.18085 -0.347318 0.368457
vn -0.51086 0.852264 -0.112553
v 1.18085 -0.345782 0.376229
vn -0.510861 0.830191 -0.223169
v 1.18085 -0.345782 0.376229
vn 0.510861 -0.830191 0.223169
v 1.18085 -0.347318 0.368457
vn 0.51086 -0.852264 0.112553
v 1.18085 0.347822 0.420948
vn 0.629016 0.5497 0.5497
v 0.908343 -0.345782 0.376229
vn 0.485904 0.844039 -0.226927
v 0.908343 0.0869508 0.420948
vn 0.0490001 0.805868 -0.590065
v 0.908343 -0.343272 0.383731
vn 0.485904 0.807063 -0.33548
v 0.908343 -0.343272 0.383731
vn -0.485904 -0.807063 0.33548
v 0.908343 0.0869508 0.420948
vn -0.0490001 -0.805868 0.590065
v 0.908343 -0.345782 0.376229
vn -0.485904 -0.844039 0.226927
v 1.18085 -0.345782 0.376229
vn -0.440598 0.867236 -0.231894
v 0.908343 -0.347318 0.368457
vn 0.440598 0.889811 -0.118787
v 0.908343 -0.345782 0.376229
vn 0.440594 0.867229 -0.231928
v 0.908343 -0.345782 0.376229
vn -0.440594 -0.867229 0.231928
v 0.908343 -0.347318 0.368457
vn -0.440598 -0.889811 0.118787
v 1.18085 -0.345782 0.376229
vn 0.440598 -0.867236 0.231894
v -0.680074 -0.239134 0.229591
vn 0 -6.12323e-17 -1
v -0.908349 -0.347822 0.229591
vn -0.700852 1.29507e-16 0.713307
v -0.670433 -0.240793 0.229591
vn 0 6.12323e-17 1
v -0.670433 -0.240793 0.229591
vn 0 -6.12323e-17 -1
v -0.908349 -0.347822 0.229591
vn 0.700852 -1.29507e-16 -0.713307
v -0.680074 -0.239134 0.229591
vn 0 6.12323e-17 1
v -0.9066 -0.347822 0.259213
vn 0.803942 0.454845 -0.383137
v -0.908349 -0.347822 0.229591
vn 1.22465e-16 1 -6.12323e-17
v -0.908349 -0.347822 0.25526
vn 0.68606 0.707302 -0.170424
v -0.908349 -0.347822 0.25526
vn -0.68606 -0.707302 0.170424
v -0.908349 -0.347822 0.229591
vn -1.22465e-16 -1 6.12323e-17
v -0.9066 -0.347822 0.259213
vn -0.803942 -0.454845 0.383137
v -0.666898 -0.347822 0.229591
vn 1.22465e-16 1 -6.12323e-17
v -0.9066 -0.347822 0.259213
vn 0.800626 0.461966 -0.381557
v -0.901396 -0.347822 0.2631
vn 0.633275 0.457813 -0.623995
v -0.901396 -0.347822 0.2631
vn -0.633275 -0.457813 0.623995
v -0.9066 -0.347822 0.259213
vn -0.800626 -0.461966 0.381557
v -0.666898 -0.347822 0.229591
vn -1.22465e-16 -1 6.12323e-17
v -0.666898 -0.347822 0.229591
vn 1.22465e-16 1 -6.12323e-17
v -0.730936 -0.347822 0.285294
vn 0.0309934 0.457596 -0.88862
v -0.7043 -0.347822 0.285555
vn 0.0076877 0.457557 -0.889147
v -0.7043 -0.347822 0.285555
vn -0.0076877 -0.457557 0.889147
v -0.730936 -0.347822 0.285294
vn -0.0309934 -0.457596 0.88862
v -0.666898 -0.347822 0.229591
vn -1.22465e-16 -1 6.12323e-17
v -0.7043 0.0869508 0.285555
vn 0.00317676 -6.16211e-17 -0.999995
v -0.25472 -0.347822 0.285555
vn -0.00291371 0.168511 -0.985696
v -0.7043 -0.347822 0.285555
vn 0.00291371 0.168511 -0.985696
v -0.7043 -0.347822 0.285555
vn -0.00291371 -0.168511 0.985696
v -0.25472 -0.347822 0.285555
vn 0.00291371 -0.168511 0.985696
v -0.7043 0.0869508 0.285555
vn -0.00317676 6.16211e-17 0.999995
v -0.680074 -0.239134 0.229591
vn 0 -6.12323e-17 -1
v -0.908349 -0.130436 0.229591
vn -0.372509 -1.12062e-17 -0.928029
v -0.678862 -0.130436 0.229591
vn 0 -6.12323e-17 -1
v -0.678862 -0.130436 0.229591
vn 0 6.12323e-17 1
v -0.908349 -0.130436 0.229591
vn 0.372509 1.12062e-17 0.928029
v -0.680074 -0.239134 0.229591
vn 0 6.12323e-17 1
v -0.908349 -0.239134 0.229591
vn -1 1.22465e-16 -7.4988e-33
v -0.908349 -0.347822 0.25526
vn -1 1.22465e-16 -7.4988e-33
v -0.908349 -0.130436 0.229591
vn -0.481131 5.24237e-18 -0.876648
v -0.908349 -0.130436 0.229591
vn 0.481131 -5.24237e-18 0.876648
v -0.908349 -0.347822 0.25526
vn 1 -1.22465e-16 7.4988e-33
v -0.908349 -0.239134 0.229591
vn 1 -1.22465e-16 7.4988e-33
v -0.908349 0.0869508 0.229591
vn -0.677479 0.520107 -0.520107
v -0.908349 -0.347822 0.25526
vn -1 1.22465e-16 -7.4988e-33
v -0.908349 0.0869508 0.25526
vn -0.780149 0.625594 -3.83066e-17
v -0.908349 0.0869508 0.25526
vn 0.780149 -0.625594 3.83066e-17
v -0.908349 -0.347822 0.25526
vn 1 -1.22465e-16 7.4988e-33
v -0.908349 0.0869508 0.229591
vn 0.677479 -0.520107 0.520107
v -0.45417 0.0869508 0.229591
vn 1.22465e-16 1 -6.12323e-17
v -0.757112 0.0869508 0.284521
vn 1.22465e-16 1 -6.12323e-17
v -0.730936 0.0869508 0.285294
vn 1.22465e-16 1 -6.12323e-17
v -0.730936 0.0869508 0.285294
vn -1.22465e-16 -1 6.12323e-17
v -0.757112 0.0869508 0.284521
vn -1.22465e-16 -1 6.12323e-17
v -0.45417 0.0869508 0.229591
vn -1.22465e-16 -1 6.12323e-17
v -0.7043 -0.347822 0.285555
vn 0.00870278 0.409476 -0.912279
v -0.730936 0.0869508 0.285294
vn 0.0332387 -6.52691e-17 -0.999447
v -0.7043 0.0869508 0.285555
vn 0.00945371 -6.23873e-17 -0.999955
v -0.7043 0.0869508 0.285555
vn -0.00945371 6.23873e-17 0.999955
v -0.730936 0.0869508 0.285294
vn -0.0332387 6.52691e-17 0.999447
v -0.7043 -0.347822 0.285555
vn -0.00870278 -0.409476 0.912279
v -0.908349 0.0869508 0.420948
vn 9.89182e-17 0.807729 -0.589554
v -0.9066 0.0869508 0.259213
vn 1.22465e-16 1 -6.12323e-17
v -0.908349 0.0869508 0.25526
vn -0.70585 0.708361 -4.33746e-17
v -0.908349 0.0869508 0.25526
vn 0.70585 -0.708361 4.33746e-17
v -0.9066 0.0869508 0.259213
vn -1.22465e-16 -1 6.12323e-17
v -0.908349 0.0869508 0.420948
vn -9.89182e-17 -0.807729 0.589554
v -0.9066 0.0869508 0.259213
vn 0.905031 -1.36879e-16 -0.425345
v -0.908349 -0.347822 0.25526
vn 0.699314 0.693381 -0.173729
v -0.908349 0.0869508 0.25526
vn 0.970502 -1.33615e-16 -0.241095
v -0.908349 0.0869508 0.25526
vn -0.970502 1.33615e-16 0.241095
v -0.908349 -0.347822 0.25526
vn -0.699314 -0.693381 0.173729
v -0.9066 0.0869508 0.259213
vn -0.905031 1.36879e-16 0.425345
v -0.9066 0.0869508 0.259213
vn 1.22465e-16 1 -6.12323e-17
v -0.908349 0.0869508 0.420948
vn 9.91231e-17 0.809401 -0.587256
v -0.901396 0.0869508 0.2631
vn 1.22465e-16 1 -6.12323e-17
v -0.901396 0.0869508 0.2631
vn -1.22465e-16 -1 6.12323e-17
v -0.908349 0.0869508 0.420948
vn -9.91231e-17 -0.809401 0.587256
v -0.9066 0.0869508 0.259213
vn -1.22465e-16 -1 6.12323e-17
v -0.901396 0.0869508 0.2631
vn 0.715268 -1.30387e-16 -0.69885
v -0.9066 -0.347822 0.259213
vn 0.807103 0.441712 -0.391759
v -0.9066 0.0869508 0.259213
vn 0.899955 -1.36909e-16 -0.435983
v -0.9066 0.0869508 0.259213
vn -0.899955 1.36909e-16 0.435983
v -0.9066 -0.347822 0.259213
vn -0.807103 -0.441712 0.391759
v -0.901396 0.0869508 0.2631
vn -0.715268 1.30387e-16 0.69885
v -0.45417 0.0869508 0.229591
vn 1.22465e-16 1 -6.12323e-17
v -0.901396 0.0869508 0.2631
vn 1.22465e-16 1 -6.12323e-17
v -0.892813 0.0869508 0.266853
vn 1.22465e-16 1 -6.12323e-17
v -0.892813 0.0869508 0.266853
vn -1.22465e-16 -1 6.12323e-17
v -0.901396 0.0869508 0.2631
vn -1.22465e-16 -1 6.12323e-17
v -0.45417 0.0869508 0.229591
vn -1.22465e-16 -1 6.12323e-17
v -0.757112 0.0869508 0.284521
vn 1.22465e-16 1 -6.12323e-17
v 0.908343 0.0869508 0.420948
vn 9.96363e-17 0.813592 -0.581436
v -0.730936 0.0869508 0.285294
vn 1.22465e-16 1 -6.12323e-17
v -0.730936 0.0869508 0.285294
vn -1.22465e-16 -1 6.12323e-17
v 0.908343 0.0869508 0.420948
vn -9.96363e-17 -0.813592 0.581436
v -0.757112 0.0869508 0.284521
vn -1.22465e-16 -1 6.12323e-17
v -0.670433 -0.240793 0.229591
vn 0 6.12323e-17 1
v -0.670495 -0.239134 0.229591
vn 0 6.12323e-17 1
v -0.680074 -0.239134 0.229591
vn 0 6.12323e-17 1
v -0.680074 -0.239134 0.229591
vn 0 -6.12323e-17 -1
v -0.670495 -0.239134 0.229591
vn 0 -6.12323e-17 -1
v -0.670433 -0.240793 0.229591
vn 0 -6.12323e-17 -1
v -0.678862 -0.130436 0.229591
vn 0 -6.12323e-17 -1
v -0.670495 -0.239134 0.229591
vn 0 -6.12323e-17 -1
v -0.680074 -0.239134 0.229591
vn 0 -6.12323e-17 -1
v -0.680074 -0.239134 0.229591
vn 0 6.12323e-17 1
v -0.670495 -0.239134 0.229591
vn 0 6.12323e-17 1
v -0.678862 -0.130436 0.229591
vn 0 6.12323e-17 1
v -0.908349 0.347822 0.536485
vn 0.082594 -0.993155 -0.082594
v 1.18085 0.347822 0
vn -0.082594 -0.993155 -0.082594
v 0.908343 0.347822 0.420948
vn -0.082594 -0.993155 -0.082594
v 0.908343 0.347822 0.420948
vn 0.082594 0.993155 0.082594
v 1.18085 0.347822 0
vn 0.082594 0.993155 0.082594
v -0.908349 0.347822 0.536485
vn -0.082594 0.993155 0.082594
v 1.18085 -0.288009 0.420948
vn -0.18177 0.0110445 -0.983279
v 0.908343 0.347822 0.420948
vn -0.255871 -0.255871 -0.932234
v 1.18085 0.347822 0.420948
vn -0.255871 -0.255871 -0.932234
v 1.18085 0.347822 0.420948
vn 0.255871 0.255871 0.932234
v 0.908343 0.347822 0.420948
vn 0.255871 0.255871 0.932234
v 1.18085 -0.288009 0.420948
vn 0.18177 -0.0110445 0.983279
v -1.18085 0.347822 0.420948
vn 0.325751 -0.887565 -0.325751
v 1.18085 0.347822 0
vn -0.325751 -0.887565 -0.325751
v -0.908349 0.347822 0.420948
vn 0.325751 -0.887565 -0.325751
v -0.908349 0.347822 0.420948
vn -0.325751 0.887565 0.325751
v 1.18085 0.347822 0
vn 0.325751 0.887565 0.325751
v -1.18085 0.347822 0.420948
vn -0.325751 0.887565 0.325751
v -1.18085 -0.347822 4.43398e-17
vn 0.983899 0.126376 -0.126376
v -1.18085 0.347822 0.420948
vn 0.983899 -0.126376 -0.126376
v -1.18085 -0.347822 0.359769
vn 0.979648 0.200636 -0.00591228
v -1.18085 -0.347822 0.359769
vn -0.979648 -0.200636 0.00591228
v -1.18085 0.347822 0.420948
vn -0.983899 0.126376 0.126376
v -1.18085 -0.347822 4.43398e-17
vn -0.983899 -0.126376 0.126376
v -0.908349 -0.347822 0.359769
vn -0.7916 0.610775 -0.0179982
v -0.908349 0.0869508 0.25526
vn -0.89495 0.446166 -2.73198e-17
v -0.908349 -0.347822 0.25526
vn -0.89495 0.446166 -2.73198e-17
v -0.908349 -0.347822 0.25526
vn 0.89495 -0.446166 2.73198e-17
v -0.908349 0.0869508 0.25526
vn 0.89495 -0.446166 2.73198e-17
v -0.908349 -0.347822 0.359769
vn 0.7916 -0.610775 0.0179982
v -0.908349 -0.347822 0.25526
vn -1 1.22465e-16 -7.4988e-33
v -0.908349 -0.239134 0.229591
vn -1 1.22465e-16 -7.4988e-33
v -0.908349 -0.347822 0.229591
vn -0.727962 1.31132e-16 0.685618
v -0.908349 -0.347822 0.229591
vn 0.727962 -1.31132e-16 -0.685618
v -0.908349 -0.239134 0.229591
vn 1 -1.22465e-16 7.4988e-33
v -0.908349 -0.347822 0.25526
vn 1 -1.22465e-16 7.4988e-33
v -1.18085 -0.347822 0.359769
vn 0.439928 0.897628 -0.0269898
v -0.908349 -0.347362 0.367739
vn -0.440551 0.890914 -0.110396
v -0.908349 -0.347822 0.359769
vn -0.439928 0.897628 -0.0269898
v -0.908349 -0.347822 0.359769
vn 0.439928 -0.897628 0.0269898
v -0.908349 -0.347362 0.367739
vn 0.440551 -0.890914 0.110396
v -1.18085 -0.347822 0.359769
vn -0.439928 -0.897628 0.0269898
v 1.18085 0.347822 0.420948
vn -0.62693 -0.550889 -0.550889
v 1.18085 -0.345782 0.376229
vn -0.508287 0.831663 -0.223564
v 1.18085 -0.343272 0.383731
vn -0.508287 0.795233 -0.330528
v 1.18085 -0.343272 0.383731
vn 0.508287 -0.795233 0.330528
v 1.18085 -0.345782 0.376229
vn 0.508287 -0.831663 0.223564
v 1.18085 0.347822 0.420948
vn 0.62693 0.550889 0.550889
v 0.908343 -0.343272 0.383731
vn 0.483474 0.808306 -0.335997
v 0.908343 0.0869508 0.420948
vn 0.0457657 0.805991 -0.590155
v 0.908343 -0.339808 0.390834
vn 0.48347 0.757362 -0.43893
v 0.908343 -0.339808 0.390834
vn -0.48347 -0.757362 0.43893
v 0.908343 0.0869508 0.420948
vn -0.0457657 -0.805991 0.590155
v 0.908343 -0.343272 0.383731
vn -0.483474 -0.808306 0.335997
v 1.18085 -0.343272 0.383731
vn -0.440603 0.829422 -0.343408
v 0.908343 -0.345782 0.376229
vn 0.440599 0.866609 -0.234227
v 0.908343 -0.343272 0.383731
vn 0.440599 0.829411 -0.343439
v 0.908343 -0.343272 0.383731
vn -0.440599 -0.829411 0.343439
v 0.908343 -0.345782 0.376229
vn -0.440599 -0.866609 0.234227
v 1.18085 -0.343272 0.383731
vn 0.440603 -0.829422 0.343408
v 0.908343 -0.345782 0.376229
vn 0.440599 0.866609 -0.234227
v 1.18085 -0.343272 0.383731
vn -0.440603 0.829422 -0.343408
v 1.18085 -0.345782 0.376229
vn -0.440602 0.866616 -0.234193
v 1.18085 -0.345782 0.376229
vn 0.440602 -0.866616 0.234193
v 1.18085 -0.343272 0.383731
vn 0.440603 -0.829422 0.343408
v 0.908343 -0.345782 0.376229
vn -0.440599 -0.866609 0.234227
v -0.908349 -0.347822 0.229591
vn -0.607051 1.23001e-16 0.794663
v -0.680074 -0.239134 0.229591
vn 0 -6.12323e-17 -1
v -0.908349 -0.239134 0.229591
vn -0.976944 1.32714e-16 0.213495
v -0.908349 -0.239134 0.229591
vn 0.976944 -1.32714e-16 -0.213495
v -0.680074 -0.239134 0.229591
vn 0 6.12323e-17 1
v -0.908349 -0.347822 0.229591
vn 0.607051 -1.23001e-16 -0.794663
v -0.908349 -0.347822 0.25526
vn 0.699314 0.693381 -0.173729
v -0.9066 0.0869508 0.259213
vn 0.905031 -1.36879e-16 -0.425345
v -0.9066 -0.347822 0.259213
vn 0.811284 0.443756 -0.380655
v -0.9066 -0.347822 0.259213
vn -0.811284 -0.443756 0.380655
v -0.9066 0.0869508 0.259213
vn -0.905031 1.36879e-16 0.425345
v -0.908349 -0.347822 0.25526
vn -0.699314 -0.693381 0.173729
v -0.9066 -0.347822 0.259213
vn 0.807103 0.441712 -0.391759
v -0.901396 0.0869508 0.2631
vn 0.715268 -1.30387e-16 -0.69885
v -0.901396 -0.347822 0.2631
vn 0.643501 0.437474 -0.628111
v -0.901396 -0.347822 0.2631
vn -0.643501 -0.437474 0.628111
v -0.901396 0.0869508 0.2631
vn -0.715268 1.30387e-16 0.69885
v -0.9066 -0.347822 0.259213
vn -0.807103 -0.441712 0.391759
v -0.666898 -0.347822 0.229591
vn 1.22465e-16 1 -6.12323e-17
v -0.901396 -0.347822 0.2631
vn 0.63307 0.458371 -0.623794
v -0.892813 -0.347822 0.266853
vn 0.484605 0.456542 -0.746142
v -0.892813 -0.347822 0.266853
vn -0.484605 -0.456542 0.746142
v -0.901396 -0.347822 0.2631
vn -0.63307 -0.458371 0.623794
v -0.666898 -0.347822 0.229591
vn -1.22465e-16 -1 6.12323e-17
v -0.666898 -0.347822 0.229591
vn 1.22465e-16 1 -6.12323e-17
v -0.757112 -0.347822 0.284521
vn 0.0629701 0.457653 -0.886898
v -0.730936 -0.347822 0.285294
vn 0.0309925 0.457646 -0.888594
v -0.730936 -0.347822 0.285294
vn -0.0309925 -0.457646 0.888594
v -0.757112 -0.347822 0.284521
vn -0.0629701 -0.457653 0.886898
v -0.666898 -0.347822 0.229591
vn -1.22465e-16 -1 6.12323e-17
v -0.730936 0.0869508 0.285294
vn 0.0332387 -6.52691e-17 -0.999447
v -0.7043 -0.347822 0.285555
vn 0.00870278 0.409476 -0.912279
v -0.730936 -0.347822 0.285294
vn 0.0301672 0.409517 -0.911804
v -0.730936 -0.347822 0.285294
vn -0.0301672 -0.409517 0.911804
v -0.7043 -0.347822 0.285555
vn -0.00870278 -0.409476 0.912279
v -0.730936 0.0869508 0.285294
vn -0.0332387 6.52691e-17 0.999447
v -0.908349 -0.130436 0.229591
vn -0.372843 -1.1157e-17 -0.927894
v -0.680074 -0.239134 0.229591
vn 0 -6.12323e-17 -1
v -0.908349 -0.239134 0.229591
vn -0.97694 1.06567e-16 -0.213513
v -0.908349 -0.239134 0.229591
vn 0.97694 -1.06567e-16 0.213513
v -0.680074 -0.239134 0.229591
vn 0 6.12323e-17 1
v -0.908349 -0.130436 0.229591
vn 0.372843 1.1157e-17 0.927894
v -0.45417 0.0869508 0.229591
vn 1.22465e-16 1 -6.12323e-17
v -0.782385 0.0869508 0.283248
vn 1.22465e-16 1 -6.12323e-17
v -0.757112 0.0869508 0.284521
vn 1.22465e-16 1 -6.12323e-17
v -0.757112 0.0869508 0.284521
vn -1.22465e-16 -1 6.12323e-17
v -0.782385 0.0869508 0.283248
vn -1.22465e-16 -1 6.12323e-17
v -0.45417 0.0869508 0.229591
vn -1.22465e-16 -1 6.12323e-17
v -0.730936 -0.347822 0.285294
vn 0.0334083 0.410078 -0.911438
v -0.757112 0.0869508 0.284521
vn 0.0691446 -6.95536e-17 -0.997607
v -0.730936 0.0869508 0.285294
vn 0.0364598 -6.56567e-17 -0.999335
v -0.730936 0.0869508 0.285294
vn -0.0364598 6.56567e-17 0.999335
v -0.757112 0.0869508 0.284521
vn -0.0691446 6.95536e-17 0.997607
v -0.730936 -0.347822 0.285294
vn -0.0334083 -0.410078 0.911438
v -0.908349 0.0869508 0.25526
vn -0.9331 0.359617 -2.20202e-17
v -0.908349 -0.347822 0.359769
vn -0.869583 0.493572 -0.0145444
v -0.908349 0.0869508 0.420948
vn -0.748177 0.535347 -0.391963
v -0.908349 0.0869508 0.420948
vn 0.748177 -0.535347 0.391963
v -0.908349 -0.347822 0.359769
vn 0.869583 -0.493572 0.0145444
v -0.908349 0.0869508 0.25526
vn 0.9331 -0.359617 2.20202e-17
v -0.901396 0.0869508 0.2631
vn 1.22465e-16 1 -6.12323e-17
v -0.908349 0.0869508 0.420948
vn 9.9316e-17 0.810977 -0.585079
v -0.892813 0.0869508 0.266853
vn 1.22465e-16 1 -6.12323e-17
v -0.892813 0.0869508 0.266853
vn -1.22465e-16 -1 6.12323e-17
v -0.908349 0.0869508 0.420948
vn -9.9316e-17 -0.810977 0.585079
v -0.901396 0.0869508 0.2631
vn -1.22465e-16 -1 6.12323e-17
v -0.892813 -0.347822 0.266853
vn 0.49397 0.432398 -0.754338
v -0.901396 0.0869508 0.2631
vn 0.708596 -1.29984e-16 -0.705614
v -0.892813 0.0869508 0.266853
vn 0.54751 -1.1829e-16 -0.836799
v -0.892813 0.0869508 0.266853
vn -0.54751 1.1829e-16 0.836799
v -0.901396 0.0869508 0.2631
vn -0.708596 1.29984e-16 0.705614
v -0.892813 -0.347822 0.266853
vn -0.49397 -0.432398 0.754338
v -0.45417 0.0869508 0.229591
vn 1.22465e-16 1 -6.12323e-17
v -0.892813 0.0869508 0.266853
vn 1.22465e-16 1 -6.12323e-17
v -0.881008 0.0869508 0.270407
vn 1.22465e-16 1 -6.12323e-17
v -0.881008 0.0869508 0.270407
vn -1.22465e-16 -1 6.12323e-17
v -0.892813 0.0869508 0.266853
vn -1.22465e-16 -1 6.12323e-17
v -0.45417 0.0869508 0.229591
vn -1.22465e-16 -1 6.12323e-17
v -0.782385 0.0869508 0.283248
vn 1.22465e-16 1 -6.12323e-17
v 0.908343 0.0869508 0.420948
vn 9.92947e-17 0.810803 -0.585319
v -0.757112 0.0869508 0.284521
vn 1.22465e-16 1 -6.12323e-17
v -0.757112 0.0869508 0.284521
vn -1.22465e-16 -1 6.12323e-17
v 0.908343 0.0869508 0.420948
vn -9.92947e-17 -0.810803 0.585319
v -0.782385 0.0869508 0.283248
vn -1.22465e-16 -1 6.12323e-17
v -0.908349 0.347822 0.420948
vn 0.206595 -0.956366 -0.206595
v 1.18085 0.347822 0
vn -0.206595 -0.956366 -0.206595
v -0.908349 0.347822 0.536485
vn 0.206595 -0.956366 -0.206595
v -0.908349 0.347822 0.536485
vn -0.206595 0.956366 0.206595
v 1.18085 0.347822 0
vn 0.206595 0.956366 0.206595
v -0.908349 0.347822 0.420948
vn -0.206595 0.956366 0.206595
v 0.908343 0.347822 0.536485
vn -0.227799 -0.946687 -0.227799
v -0.908349 0.347822 0.536485
vn 0.227799 -0.946687 -0.227799
v 0.908343 0.347822 0.420948
vn -0.227799 -0.946687 -0.227799
v 0.908343 0.347822 0.420948
vn 0.227799 0.946687 0.227799
v -0.908349 0.347822 0.536485
vn -0.227799 0.946687 0.227799
v 0.908343 0.347822 0.536485
vn 0.227799 0.946687 0.227799
v 0.908343 0.347822 0.420948
vn -0.396986 -0.396986 -0.827529
v 1.18085 -0.288009 0.420948
vn -0.282296 0.0171525 -0.959174
v 0.908343 0.0869508 0.420948
vn 6.76727e-17 0.552589 -0.833454
v 0.908343 0.0869508 0.420948
vn -6.76727e-17 -0.552589 0.833454
v 1.18085 -0.288009 0.420948
vn 0.282296 -0.0171525 0.959174
v 0.908343 0.347822 0.420948
vn 0.396986 0.396986 0.827529
v 1.18085 0.347822 0.420948
vn -0.580528 -0.575755 -0.575755
v 1.18085 -0.295809 0.420468
vn -0.451798 0.112509 -0.884997
v 1.18085 -0.288009 0.420948
vn -0.451195 0.0271247 -0.892013
v 1.18085 -0.288009 0.420948
vn 0.451195 -0.0271247 0.892013
v 1.18085 -0.295809 0.420468
vn 0.451798 -0.112509 0.884997
v 1.18085 0.347822 0.420948
vn 0.580528 0.575755 0.575755
v -0.908349 0.0869508 0.420948
vn 6.7675e-17 0.552608 -0.833441
v -1.18085 0.347822 0.420948
vn 0.396989 -0.396989 -0.827526
v -0.908349 0.347822 0.420948
vn 0.396989 -0.396989 -0.827526
v -0.908349 0.347822 0.420948
vn -0.396989 0.396989 0.827526
v -1.18085 0.347822 0.420948
vn -0.396989 0.396989 0.827526
v -0.908349 0.0869508 0.420948
vn -6.7675e-17 -0.552608 0.833441
v -1.18085 -0.347822 0.359769
vn 0.512452 0.858343 -0.0252934
v -1.18085 0.347822 0.420948
vn 0.63076 -0.548699 -0.548699
v -1.18085 -0.347362 0.367739
vn 0.51302 0.851716 -0.106722
v -1.18085 -0.347362 0.367739
vn -0.51302 -0.851716 0.106722
v -1.18085 0.347822 0.420948
vn -0.63076 0.548699 0.548699
v -1.18085 -0.347822 0.359769
vn -0.512452 -0.858343 0.0252934
v -0.908349 -0.347362 0.367739
vn -0.440551 0.890914 -0.110396
v -1.18085 -0.347822 0.359769
vn 0.439928 0.897628 -0.0269898
v -1.18085 -0.347362 0.367739
vn 0.440551 0.890914 -0.110396
v -1.18085 -0.347362 0.367739
vn -0.440551 -0.890914 0.110396
v -1.18085 -0.347822 0.359769
vn -0.439928 -0.897628 0.0269898
v -0.908349 -0.347362 0.367739
vn 0.440551 -0.890914 0.110396
v -0.908349 0.0869508 0.420948
vn -0.053723 0.805688 -0.589898
v -0.908349 -0.347822 0.359769
vn -0.488853 0.871988 -0.0256955
v -0.908349 -0.347362 0.367739
vn -0.48944 0.865271 -0.10842
v -0.908349 -0.347362 0.367739
vn 0.48944 -0.865271 0.10842
v -0.908349 -0.347822 0.359769
vn 0.488853 -0.871988 0.0256955
v -0.908349 0.0869508 0.420948
vn 0.053723 -0.805688 0.589898
v 1.18085 0.347822 0.420948
vn -0.624094 -0.552497 -0.552497
v 1.18085 -0.343272 0.383731
vn -0.504791 0.79713 -0.331316
v 1.18085 -0.339808 0.390834
vn -0.504791 0.746891 -0.432829
v 1.18085 -0.339808 0.390834
vn 0.504791 -0.746891 0.432829
v 1.18085 -0.343272 0.383731
vn 0.504791 -0.79713 0.331316
v 1.18085 0.347822 0.420948
vn 0.624094 0.552497 0.552497
v 0.908343 -0.339808 0.390834
vn 0.480535 0.758759 -0.43974
v 0.908343 0.0869508 0.420948
vn 0.0418756 0.806129 -0.590256
v 0.908343 -0.335449 0.397415
vn 0.480536 0.694652 -0.535297
v 0.908343 -0.335449 0.397415
vn -0.480536 -0.694652 0.535297
v 0.908343 0.0869508 0.420948
vn -0.0418756 -0.806129 0.590256
v 0.908343 -0.339808 0.390834
vn -0.480535 -0.758759 0.43974
v 1.18085 -0.339808 0.390834
vn -0.4406 0.777314 -0.44906
v 0.908343 -0.343272 0.383731
vn 0.440597 0.828477 -0.345689
v 0.908343 -0.339808 0.390834
vn 0.440593 0.777302 -0.449087
v 0.908343 -0.339808 0.390834
vn -0.440593 -0.777302 0.449087
v 0.908343 -0.343272 0.383731
vn -0.440597 -0.828477 0.345689
v 1.18085 -0.339808 0.390834
vn 0.4406 -0.777314 0.44906
v 0.908343 -0.343272 0.383731
vn 0.440597 0.828477 -0.345689
v 1.18085 -0.339808 0.390834
vn -0.4406 0.777314 -0.44906
v 1.18085 -0.343272 0.383731
vn -0.4406 0.828488 -0.345658
v 1.18085 -0.343272 0.383731
vn 0.4406 -0.828488 0.345658
v 1.18085 -0.339808 0.390834
vn 0.4406 -0.777314 0.44906
v 0.908343 -0.343272 0.383731
vn -0.440597 -0.828477 0.345689
v -0.901396 0.0869508 0.2631
vn 0.708596 -1.29984e-16 -0.705614
v -0.892813 -0.347822 0.266853
vn 0.49397 0.432398 -0.754338
v -0.901396 -0.347822 0.2631
vn 0.637909 0.434271 -0.635989
v -0.901396 -0.347822 0.2631
vn -0.637909 -0.434271 0.635989
v -0.892813 -0.347822 0.266853
vn -0.49397 -0.432398 0.754338
v -0.901396 0.0869508 0.2631
vn -0.708596 1.29984e-16 0.705614
v -0.666898 -0.347822 0.229591
vn 1.22465e-16 1 -6.12323e-17
v -0.892813 -0.347822 0.266853
vn 0.484461 0.457057 -0.74592
v -0.881008 -0.347822 0.270407
vn 0.373906 0.45637 -0.807416
v -0.881008 -0.347822 0.270407
vn -0.373906 -0.45637 0.807416
v -0.892813 -0.347822 0.266853
vn -0.484461 -0.457057 0.74592
v -0.666898 -0.347822 0.229591
vn -1.22465e-16 -1 6.12323e-17
v -0.666898 -0.347822 0.229591
vn 1.22465e-16 1 -6.12323e-17
v -0.782385 -0.347822 0.283248
vn 0.0970422 0.457631 -0.883831
v -0.757112 -0.347822 0.284521
vn 0.0629712 0.457622 -0.886914
v -0.757112 -0.347822 0.284521
vn -0.0629712 -0.457622 0.886914
v -0.782385 -0.347822 0.283248
vn -0.0970422 -0.457631 0.883831
v -0.666898 -0.347822 0.229591
vn -1.22465e-16 -1 6.12323e-17
v -0.757112 0.0869508 0.284521
vn 0.0691446 -6.95536e-17 -0.997607
v -0.730936 -0.347822 0.285294
vn 0.0334083 0.410078 -0.911438
v -0.757112 -0.347822 0.284521
vn 0.0629007 0.410086 -0.909875
v -0.757112 -0.347822 0.284521
vn -0.0629007 -0.410086 0.909875
v -0.730936 -0.347822 0.285294
vn -0.0334083 -0.410078 0.911438
v -0.757112 0.0869508 0.284521
vn -0.0691446 6.95536e-17 0.997607
v -0.45417 0.0869508 0.229591
vn 1.22465e-16 1 -6.12323e-17
v -0.806324 0.0869508 0.281494
vn 1.22465e-16 1 -6.12323e-17
v -0.782385 0.0869508 0.283248
vn 1.22465e-16 1 -6.12323e-17
v -0.782385 0.0869508 0.283248
vn -1.22465e-16 -1 6.12323e-17
v -0.806324 0.0869508 0.281494
vn -1.22465e-16 -1 6.12323e-17
v -0.45417 0.0869508 0.229591
vn -1.22465e-16 -1 6.12323e-17
v -0.757112 -0.347822 0.284521
vn 0.0661982 0.411188 -0.909144
v -0.782385 0.0869508 0.283248
vn 0.107374 -7.40279e-17 -0.994219
v -0.757112 0.0869508 0.284521
vn 0.0724484 -6.99438e-17 -0.997372
v -0.757112 0.0869508 0.284521
vn -0.0724484 6.99438e-17 0.997372
v -0.782385 0.0869508 0.283248
vn -0.107374 7.40279e-17 0.994219
v -0.757112 -0.347822 0.284521
vn -0.0661982 -0.411188 0.909144
v -0.892813 0.0869508 0.266853
vn 1.22465e-16 1 -6.12323e-17
v -0.908349 0.0869508 0.420948
vn 9.94929e-17 0.812421 -0.583071
v -0.881008 0.0869508 0.270407
vn 1.22465e-16 1 -6.12323e-17
v -0.881008 0.0869508 0.270407
vn -1.22465e-16 -1 6.12323e-17
v -0.908349 0.0869508 0.420948
vn -9.94929e-17 -0.812421 0.583071
v -0.892813 0.0869508 0.266853
vn -1.22465e-16 -1 6.12323e-17
v -0.892813 0.0869508 0.266853
vn 0.541218 -1.17769e-16 -0.840883
v -0.881008 -0.347822 0.270407
vn 0.382325 0.428104 -0.818874
v -0.892813 -0.347822 0.266853
vn 0.488581 0.428809 -0.759876
v -0.892813 -0.347822 0.266853
vn -0.488581 -0.428809 0.759876
v -0.881008 -0.347822 0.270407
vn -0.382325 -0.428104 0.818874
v -0.892813 0.0869508 0.266853
vn -0.541218 1.17769e-16 0.840883
v -0.881008 -0.347822 0.270407
vn 0.382325 0.428104 -0.818874
v -0.892813 0.0869508 0.266853
vn 0.541218 -1.17769e-16 -0.840883
v -0.881008 0.0869508 0.270407
vn 0.422766 -1.07265e-16 -0.906239
v -0.881008 0.0869508 0.270407
vn -0.422766 1.07265e-16 0.906239
v -0.892813 0.0869508 0.266853
vn -0.541218 1.17769e-16 0.840883
v -0.881008 -0.347822 0.270407
vn -0.382325 -0.428104 0.818874
v -0.45417 0.0869508 0.229591
vn 1.22465e-16 1 -6.12323e-17
v -0.881008 0.0869508 0.270407
vn 1.22465e-16 1 -6.12323e-17
v -0.866183 0.0869508 0.273701
vn 1.22465e-16 1 -6.12323e-17
v -0.866183 0.0869508 0.273701
vn -1.22465e-16 -1 6.12323e-17
v -0.881008 0.0869508 0.270407
vn -1.22465e-16 -1 6.12323e-17
v -0.45417 0.0869508 0.229591
vn -1.22465e-16 -1 6.12323e-17
v -0.806324 0.0869508 0.281494
vn 1.22465e-16 1 -6.12323e-17
v 0.908343 0.0869508 0.420948
vn 9.89313e-17 0.807835 -0.589408
v -0.782385 0.0869508 0.283248
vn 1.22465e-16 1 -6.12323e-17
v -0.782385 0.0869508 0.283248
vn -1.22465e-16 -1 6.12323e-17
v 0.908343 0.0869508 0.420948
vn -9.89313e-17 -0.807835 0.589408
v -0.806324 0.0869508 0.281494
vn -1.22465e-16 -1 6.12323e-17
v -0.908349 0.347822 0.536485
vn 0.789172 -0.434285 -0.434285
v -0.908349 0.0869508 0.420948
vn 0.426691 0.729716 -0.534274
v -0.908349 0.347822 0.420948
vn 0.789172 -0.434285 -0.434285
v -0.908349 0.347822 0.420948
vn -0.789172 0.434285 0.434285
v -0.908349 0.0869508 0.420948
vn -0.426691 -0.729716 0.534274
v -0.908349 0.347822 0.536485
vn -0.789172 0.434285 0.434285
v 0.908343 0.205412 0.536485
vn -0.142127 0.0520097 -0.988481
v -0.908349 0.347822 0.536485
vn 0.194359 -0.194359 -0.961483
v 0.908343 0.347822 0.536485
vn -0.194359 -0.194359 -0.961483
v 0.908343 0.347822 0.536485
vn 0.194359 0.194359 0.961483
v -0.908349 0.347822 0.536485
vn -0.194359 0.194359 0.961483
v 0.908343 0.205412 0.536485
vn 0.142127 -0.0520097 0.988481
v 0.908343 0.347822 0.420948
vn -0.78623 -0.436946 -0.436946
v 0.908343 0.0926328 0.434059
vn -0.712826 0.631606 -0.30488
v 0.908343 0.347822 0.536485
vn -0.78623 -0.436946 -0.436946
v 0.908343 0.347822 0.536485
vn 0.78623 0.436946 0.436946
v 0.908343 0.0926328 0.434059
vn 0.712826 -0.631606 0.30488
v 0.908343 0.347822 0.420948
vn 0.78623 0.436946 0.436946
v 0.908343 0.0869508 0.420948
vn 5.82909e-17 0.475981 -0.879456
v 1.18085 -0.288009 0.420948
vn -0.241948 0.0147009 -0.970178
v 0.908343 -0.288009 0.420948
vn 0.241938 0.0147019 -0.97018
v 0.908343 -0.288009 0.420948
vn -0.241938 -0.0147019 0.97018
v 1.18085 -0.288009 0.420948
vn 0.241948 -0.0147009 0.970178
v 0.908343 0.0869508 0.420948
vn -5.82909e-17 -0.475981 0.879456
v 0.908343 0.0926328 0.434059
vn -0.488724 0.785692 -0.379258
v 0.908343 0.347822 0.420948
vn -0.611423 -0.559537 -0.559537
v 0.908343 0.0869508 0.420948
vn -0.0534614 0.805683 -0.589929
v 0.908343 0.0869508 0.420948
vn 0.0534614 -0.805683 0.589929
v 0.908343 0.347822 0.420948
vn 0.611423 0.559537 0.559537
v 0.908343 0.0926328 0.434059
vn 0.488724 -0.785692 0.379258
v 1.18085 0.347822 0.420948
vn -0.587341 -0.57229 -0.57229
v 1.18085 -0.303474 0.418955
vn -0.459997 0.226339 -0.858588
v 1.18085 -0.295809 0.420468
vn -0.459998 0.111979 -0.880831
v 1.18085 -0.295809 0.420468
vn 0.459998 -0.111979 0.880831
v 1.18085 -0.303474 0.418955
vn 0.459997 -0.226339 0.858588
v 1.18085 0.347822 0.420948
vn 0.587341 0.57229 0.57229
v 1.18085 -0.295809 0.420468
vn -0.440597 0.112011 -0.890689
v 0.908343 -0.288009 0.420948
vn 0.43997 0.0278544 -0.897581
v 1.18085 -0.288009 0.420948
vn -0.439987 0.0278526 -0.897572
v 1.18085 -0.288009 0.420948
vn 0.439987 -0.0278526 0.897572
v 0.908343 -0.288009 0.420948
vn -0.43997 -0.0278544 0.897581
v 1.18085 -0.295809 0.420468
vn 0.440597 -0.112011 0.890689
v -1.18085 0.347822 0.420948
vn 0.255892 -0.255892 -0.932222
v -0.908349 0.0869508 0.420948
vn 4.362e-17 0.356184 -0.934416
v -1.18085 -0.287941 0.420948
vn 0.181799 0.0119419 -0.983263
v -1.18085 -0.287941 0.420948
vn -0.181799 -0.0119419 0.983263
v -0.908349 0.0869508 0.420948
vn -4.362e-17 -0.356184 0.934416
v -1.18085 0.347822 0.420948
vn -0.255892 0.255892 0.932222
v -1.18085 -0.347362 0.367739
vn 0.511389 0.852682 -0.106843
v -1.18085 0.347822 0.420948
vn 0.62944 -0.549456 -0.549456
v -1.18085 -0.345871 0.375576
vn 0.51139 0.831317 -0.217698
v -1.18085 -0.345871 0.375576
vn -0.51139 -0.831317 0.217698
v -1.18085 0.347822 0.420948
vn -0.62944 0.549456 0.549456
v -1.18085 -0.347362 0.367739
vn -0.511389 -0.852682 0.106843
v -1.18085 -0.347362 0.367739
vn 0.440552 0.890608 -0.11283
v -0.908349 -0.345871 0.375576
vn -0.440552 0.86875 -0.226246
v -0.908349 -0.347362 0.367739
vn -0.440552 0.890608 -0.11283
v -0.908349 -0.347362 0.367739
vn 0.440552 -0.890608 0.11283
v -0.908349 -0.345871 0.375576
vn 0.440552 -0.86875 0.226246
v -1.18085 -0.347362 0.367739
vn -0.440552 -0.890608 0.11283
v -0.908349 0.0869508 0.420948
vn -0.05197 0.805763 -0.589953
v -0.908349 -0.347362 0.367739
vn -0.488133 0.865998 -0.108511
v -0.908349 -0.345871 0.375576
vn -0.488133 0.844299 -0.221098
v -0.908349 -0.345871 0.375576
vn 0.488133 -0.844299 0.221098
v -0.908349 -0.347362 0.367739
vn 0.488133 -0.865998 0.108511
v -0.908349 0.0869508 0.420948
vn 0.05197 -0.805763 0.589953
v 1.18085 0.347822 0.420948
vn -0.620553 -0.554488 -0.554488
v 1.18085 -0.339808 0.390834
vn -0.500434 0.749082 -0.434098
v 1.18085 -0.335449 0.397415
vn -0.500434 0.685797 -0.528439
v 1.18085 -0.335449 0.397415
vn 0.500434 -0.685797 0.528439
v 1.18085 -0.339808 0.390834
vn 0.500434 -0.749082 0.434098
v 1.18085 0.347822 0.420948
vn 0.620553 0.554488 0.554488
v 0.908343 -0.335449 0.397415
vn 0.477141 0.696119 -0.536428
v 0.908343 0.0869508 0.420948
vn 0.0374 0.806272 -0.590361
v 0.908343 -0.330294 0.403363
vn 0.477136 0.619899 -0.622949
v 0.908343 -0.330294 0.403363
vn -0.477136 -0.619899 0.622949
v 0.908343 0.0869508 0.420948
vn -0.0374 -0.806272 0.590361
v 0.908343 -0.335449 0.397415
vn -0.477141 -0.696119 0.536428
v 1.18085 -0.335449 0.397415
vn -0.440594 0.711819 -0.546983
v 0.908343 -0.339808 0.390834
vn 0.440588 0.776082 -0.451197
v 0.908343 -0.335449 0.397415
vn 0.440587 0.711805 -0.547007
v 0.908343 -0.335449 0.397415
vn -0.440587 -0.711805 0.547007
v 0.908343 -0.339808 0.390834
vn -0.440588 -0.776082 0.451197
v 1.18085 -0.335449 0.397415
vn 0.440594 -0.711819 0.546983
v 0.908343 -0.339808 0.390834
vn 0.440588 0.776082 -0.451197
v 1.18085 -0.335449 0.397415
vn -0.440594 0.711819 -0.546983
v 1.18085 -0.339808 0.390834
vn -0.440596 0.776094 -0.45117
v 1.18085 -0.339808 0.390834
vn 0.440596 -0.776094 0.45117
v 1.18085 -0.335449 0.397415
vn 0.440594 -0.711819 0.546983
v 0.908343 -0.339808 0.390834
vn -0.440588 -0.776082 0.451197
v -0.666898 -0.347822 0.229591
vn 1.22465e-16 1 -6.12323e-17
v -0.881008 -0.347822 0.270407
vn 0.373807 0.456832 -0.807201
v -0.866183 -0.347822 0.273701
vn 0.291806 0.456555 -0.84048
v -0.866183 -0.347822 0.273701
vn -0.291806 -0.456555 0.84048
v -0.881008 -0.347822 0.270407
vn -0.373807 -0.456832 0.807201
v -0.666898 -0.347822 0.229591
vn -1.22465e-16 -1 6.12323e-17
v -0.666898 -0.347822 0.229591
vn 1.22465e-16 1 -6.12323e-17
v -0.806324 -0.347822 0.281494
vn 0.134592 0.457539 -0.878944
v -0.782385 -0.347822 0.283248
vn 0.0970484 0.457521 -0.883887
v -0.782385 -0.347822 0.283248
vn -0.0970484 -0.457521 0.883887
v -0.806324 -0.347822 0.281494
vn -0.134592 -0.457539 0.878944
v -0.666898 -0.347822 0.229591
vn -1.22465e-16 -1 6.12323e-17
v -0.782385 0.0869508 0.283248
vn 0.107374 -7.40279e-17 -0.994219
v -0.757112 -0.347822 0.284521
vn 0.0661982 0.411188 -0.909144
v -0.782385 -0.347822 0.283248
vn 0.0977055 0.411197 -0.906295
v -0.782385 -0.347822 0.283248
vn -0.0977055 -0.411197 0.906295
v -0.757112 -0.347822 0.284521
vn -0.0661982 -0.411188 0.909144
v -0.782385 0.0869508 0.283248
vn -0.107374 7.40279e-17 0.994219
v -0.45417 0.0869508 0.229591
vn 1.22465e-16 1 -6.12323e-17
v -0.828517 0.0869508 0.279292
vn 1.22465e-16 1 -6.12323e-17
v -0.806324 0.0869508 0.281494
vn 1.22465e-16 1 -6.12323e-17
v -0.806324 0.0869508 0.281494
vn -1.22465e-16 -1 6.12323e-17
v -0.828517 0.0869508 0.279292
vn -1.22465e-16 -1 6.12323e-17
v -0.45417 0.0869508 0.229591
vn -1.22465e-16 -1 6.12323e-17
v -0.782385 -0.347822 0.283248
vn 0.101114 0.41283 -0.905178
v -0.806324 0.0869508 0.281494
vn 0.149486 -7.88511e-17 -0.988764
v -0.782385 0.0869508 0.283248
vn 0.110834 -7.44283e-17 -0.993839
v -0.782385 0.0869508 0.283248
vn -0.110834 7.44283e-17 0.993839
v -0.806324 0.0869508 0.281494
vn -0.149486 7.88511e-17 0.988764
v -0.782385 -0.347822 0.283248
vn -0.101114 -0.41283 0.905178
v -0.881008 0.0869508 0.270407
vn 1.22465e-16 1 -6.12323e-17
v -0.908349 0.0869508 0.420948
vn 9.96519e-17 0.813719 -0.581258
v -0.866183 0.0869508 0.273701
vn 1.22465e-16 1 -6.12323e-17
v -0.866183 0.0869508 0.273701
vn -1.22465e-16 -1 6.12323e-17
v -0.908349 0.0869508 0.420948
vn -9.96519e-17 -0.813719 0.581258
v -0.881008 0.0869508 0.270407
vn -1.22465e-16 -1 6.12323e-17
v -0.881008 0.0869508 0.270407
vn 0.417209 -1.06742e-16 -0.90881
v -0.866183 -0.347822 0.273701
vn 0.299295 0.424239 -0.85466
v -0.881008 -0.347822 0.270407
vn 0.377447 0.424524 -0.822991
v -0.881008 -0.347822 0.270407
vn -0.377447 -0.424524 0.822991
v -0.866183 -0.347822 0.273701
vn -0.299295 -0.424239 0.85466
v -0.881008 0.0869508 0.270407
vn -0.417209 1.06742e-16 0.90881
v -0.866183 -0.347822 0.273701
vn 0.299295 0.424239 -0.85466
v -0.881008 0.0869508 0.270407
vn 0.417209 -1.06742e-16 -0.90881
v -0.866183 0.0869508 0.273701
vn 0.33026 -9.82418e-17 -0.94389
v -0.866183 0.0869508 0.273701
vn -0.33026 9.82418e-17 0.94389
v -0.881008 0.0869508 0.270407
vn -0.417209 1.06742e-16 0.90881
v -0.866183 -0.347822 0.273701
vn -0.299295 -0.424239 0.85466
v -0.45417 0.0869508 0.229591
vn 1.22465e-16 1 -6.12323e-17
v -0.866183 0.0869508 0.273701
vn 1.22465e-16 1 -6.12323e-17
v -0.848584 0.0869508 0.276681
vn 1.22465e-16 1 -6.12323e-17
v -0.848584 0.0869508 0.276681
vn -1.22465e-16 -1 6.12323e-17
v -0.866183 0.0869508 0.273701
vn -1.22465e-16 -1 6.12323e-17
v -0.45417 0.0869508 0.229591
vn -1.22465e-16 -1 6.12323e-17
v -0.806324 0.0869508 0.281494
vn 1.22465e-16 1 -6.12323e-17
v -0.908349 0.0869508 0.420948
vn 1.20166e-16 0.981232 -0.192833
v 0.908343 0.0869508 0.420948
vn 1.20166e-16 0.98123 -0.192842
v 0.908343 0.0869508 0.420948
vn -1.20166e-16 -0.98123 0.192842
v -0.908349 0.0869508 0.420948
vn -1.20166e-16 -0.981232 0.192833
v -0.806324 0.0869508 0.281494
vn -1.22465e-16 -1 6.12323e-17
v -0.908349 0.0869508 0.420948
vn 0.0432215 0.8061 -0.590199
v -0.908349 0.347822 0.536485
vn 0.60513 -0.562947 -0.562947
v -0.908349 0.0926328 0.434059
vn 0.481038 0.78953 -0.381111
v -0.908349 0.0926328 0.434059
vn -0.481038 -0.78953 0.381111
v -0.908349 0.347822 0.536485
vn -0.60513 0.562947 0.562947
v -0.908349 0.0869508 0.420948
vn -0.0432215 -0.8061 0.590199
v -0.908349 0.347822 0.536485
vn 0.194359 -0.194359 -0.961483
v 0.908343 0.205412 0.536485
vn -0.142127 0.0520097 -0.988481
v -0.908349 0.205412 0.536485
vn 0.142127 0.0520097 -0.988481
v -0.908349 0.205412 0.536485
vn -0.142127 -0.0520097 0.988481
v 0.908343 0.205412 0.536485
vn 0.142127 -0.0520097 0.988481
v -0.908349 0.347822 0.536485
vn -0.194359 0.194359 0.961483
v 0.908343 0.347822 0.536485
vn -0.585059 -0.573457 -0.573457
v 0.908343 0.192276 0.531245
vn -0.45671 0.354763 -0.815818
v 0.908343 0.205412 0.536485
vn -0.462754 0.165088 -0.870979
v 0.908343 0.205412 0.536485
vn 0.462754 -0.165088 0.870979
v 0.908343 0.192276 0.531245
vn 0.45671 -0.354763 0.815818
v 0.908343 0.347822 0.536485
vn 0.585059 0.573457 0.573457
v 0.908343 0.347822 0.536485
vn -0.603138 -0.564014 -0.564014
v 0.908343 0.0926328 0.434059
vn -0.478611 0.790725 -0.381687
v 0.908343 0.0992122 0.446726
vn -0.478612 0.761616 -0.436888
v 0.908343 0.0992122 0.446726
vn 0.478612 -0.761616 0.436888
v 0.908343 0.0926328 0.434059
vn 0.478611 -0.790725 0.381687
v 0.908343 0.347822 0.536485
vn 0.603138 0.564014 0.564014
v 0.908343 -0.295809 0.420468
vn 0.450224 0.112607 -0.885787
v 0.908343 0.0869508 0.420948
vn 0.00282225 0.806834 -0.590772
v 0.908343 -0.288009 0.420948
vn 0.449615 0.0271506 -0.89281
v 0.908343 -0.288009 0.420948
vn -0.449615 -0.0271506 0.89281
v 0.908343 0.0869508 0.420948
vn -0.00282225 -0.806834 0.590772
v 0.908343 -0.295809 0.420468
vn -0.450224 -0.112607 0.885787
v -0.908349 0.0869508 0.420948
vn 1.01621e-16 0.829802 -0.558058
v 0.908343 0.0926328 0.434059
vn -0.370972 0.839171 -0.397708
v 0.908343 0.0869508 0.420948
vn 1.0162e-16 0.829789 -0.558077
v 0.908343 0.0869508 0.420948
vn -1.0162e-16 -0.829789 0.558077
v 0.908343 0.0926328 0.434059
vn 0.370972 -0.839171 0.397708
v -0.908349 0.0869508 0.420948
vn -1.01621e-16 -0.829802 0.558058
v 1.18085 0.347822 0.420948
vn -0.593949 -0.56887 -0.56887
v 1.18085 -0.310884 0.416435
vn -0.467982 0.335218 -0.817693
v 1.18085 -0.303474 0.418955
vn -0.467981 0.225273 -0.854544
v 1.18085 -0.303474 0.418955
vn 0.467981 -0.225273 0.854544
v 1.18085 -0.310884 0.416435
vn 0.467982 -0.335218 0.817693
v 1.18085 0.347822 0.420948
vn 0.593949 0.56887 0.56887
v 1.18085 -0.303474 0.418955
vn -0.4406 0.227663 -0.868355
v 0.908343 -0.295809 0.420468
vn 0.440589 0.114411 -0.890388
v 1.18085 -0.295809 0.420468
vn -0.440602 0.114413 -0.890382
v 1.18085 -0.295809 0.420468
vn 0.440602 -0.114413 0.890382
v 0.908343 -0.295809 0.420468
vn -0.440589 -0.114411 0.890388
v 1.18085 -0.303474 0.418955
vn 0.4406 -0.227663 0.868355
v 0.908343 -0.288009 0.420948
vn 0.43997 0.0278544 -0.897581
v 1.18085 -0.295809 0.420468
vn -0.440597 0.112011 -0.890689
v 0.908343 -0.295809 0.420468
vn 0.440585 0.112009 -0.890696
v 0.908343 -0.295809 0.420468
vn -0.440585 -0.112009 0.890696
v 1.18085 -0.295809 0.420468
vn 0.440597 -0.112011 0.890689
v 0.908343 -0.288009 0.420948
vn -0.43997 -0.0278544 0.897581
v -1.18085 -0.287941 0.420948
vn 0.241991 0.0158958 -0.970148
v -0.908349 0.0869508 0.420948
vn 5.82979e-17 0.476039 -0.879424
v -0.908349 -0.287941 0.420948
vn -0.241991 0.0158958 -0.970148
v -0.908349 -0.287941 0.420948
vn 0.241991 -0.0158958 0.970148
v -0.908349 0.0869508 0.420948
vn -5.82979e-17 -0.476039 0.879424
v -1.18085 -0.287941 0.420948
vn -0.241991 -0.0158958 0.970148
v -1.18085 -0.295787 0.420424
vn 0.452141 0.116924 -0.88425
v -1.18085 0.347822 0.420948
vn 0.580811 -0.575612 -0.575612
v -1.18085 -0.287941 0.420948
vn 0.451562 0.0293203 -0.891758
v -1.18085 -0.287941 0.420948
vn -0.451562 -0.0293203 0.891758
v -1.18085 0.347822 0.420948
vn -0.580811 0.575612 0.575612
v -1.18085 -0.295787 0.420424
vn -0.452141 -0.116924 0.88425
v -1.18085 -0.345871 0.375576
vn 0.508849 0.832775 -0.21808
v -1.18085 0.347822 0.420948
vn 0.627382 -0.550632 -0.550632
v -1.18085 -0.343384 0.38315
vn 0.508848 0.797001 -0.325366
v -1.18085 -0.343384 0.38315
vn -0.508848 -0.797001 0.325366
v -1.18085 0.347822 0.420948
vn -0.627382 0.550632 0.550632
v -1.18085 -0.345871 0.375576
vn -0.508849 -0.832775 0.21808
v -0.908349 -0.345871 0.375576
vn -0.440552 0.86875 -0.226246
v -1.18085 -0.347362 0.367739
vn 0.440552 0.890608 -0.11283
v -1.18085 -0.345871 0.375576
vn 0.440552 0.86875 -0.226246
v -1.18085 -0.345871 0.375576
vn -0.440552 -0.86875 0.226246
v -1.18085 -0.347362 0.367739
vn -0.440552 -0.890608 0.11283
v -0.908349 -0.345871 0.375576
vn 0.440552 -0.86875 0.226246
v -0.908349 0.0869508 0.420948
vn -0.049486 0.805865 -0.590028
v -0.908349 -0.345871 0.375576
vn -0.486276 0.845302 -0.22136
v -0.908349 -0.343384 0.38315
vn -0.486274 0.808991 -0.33026
v -0.908349 -0.343384 0.38315
vn 0.486274 -0.808991 0.33026
v -0.908349 -0.345871 0.375576
vn 0.486276 -0.845302 0.22136
v -0.908349 0.0869508 0.420948
vn 0.049486 -0.805865 0.590028
v 1.18085 0.347822 0.420948
vn -0.616348 -0.556828 -0.556828
v 1.18085 -0.335449 0.397415
vn -0.495271 0.688145 -0.530248
v 1.18085 -0.330294 0.403363
vn -0.495272 0.612797 -0.615781
v 1.18085 -0.330294 0.403363
vn 0.495272 -0.612797 0.615781
v 1.18085 -0.335449 0.397415
vn 0.495271 -0.688145 0.530248
v 1.18085 0.347822 0.420948
vn 0.616348 0.556828 0.556828
v 0.908343 -0.330294 0.403363
vn 0.4733 0.621361 -0.624418
v 0.908343 0.0869508 0.420948
vn 0.0323742 0.806414 -0.590465
v 0.908343 -0.324398 0.408571
vn 0.4733 0.534263 -0.700393
v 0.908343 -0.324398 0.408571
vn -0.4733 -0.534263 0.700393
v 0.908343 0.0869508 0.420948
vn -0.0323742 -0.806414 0.590465
v 0.908343 -0.330294 0.403363
vn -0.4733 -0.621361 0.624418
v 1.18085 -0.330294 0.403363
vn -0.440605 0.634095 -0.635446
v 0.908343 -0.335449 0.397415
vn 0.440597 0.710344 -0.548895
v 0.908343 -0.330294 0.403363
vn 0.440593 0.634083 -0.635465
v 0.908343 -0.330294 0.403363
vn -0.440593 -0.634083 0.635465
v 0.908343 -0.335449 0.397415
vn -0.440597 -0.710344 0.548895
v 1.18085 -0.330294 0.403363
vn 0.440605 -0.634095 0.635446
v 0.908343 -0.335449 0.397415
vn 0.440597 0.710344 -0.548895
v 1.18085 -0.330294 0.403363
vn -0.440605 0.634095 -0.635446
v 1.18085 -0.335449 0.397415
vn -0.440604 0.710359 -0.548871
v 1.18085 -0.335449 0.397415
vn 0.440604 -0.710359 0.548871
v 1.18085 -0.330294 0.403363
vn 0.440605 -0.634095 0.635446
v 0.908343 -0.335449 0.397415
vn -0.440597 -0.710344 0.548895
v -0.666898 -0.347822 0.229591
vn 1.22465e-16 1 -6.12323e-17
v -0.866183 -0.347822 0.273701
vn 0.291738 0.456962 -0.840283
v -0.848584 -0.347822 0.276681
vn 0.228532 0.456838 -0.859693
v -0.848584 -0.347822 0.276681
vn -0.228532 -0.456838 0.859693
v -0.866183 -0.347822 0.273701
vn -0.291738 -0.456962 0.840283
v -0.666898 -0.347822 0.229591
vn -1.22465e-16 -1 6.12323e-17
v -0.666898 -0.347822 0.229591
vn 1.22465e-16 1 -6.12323e-17
v -0.828517 -0.347822 0.279292
vn 0.177498 0.457382 -0.871376
v -0.806324 -0.347822 0.281494
vn 0.134607 0.457346 -0.879042
v -0.806324 -0.347822 0.281494
vn -0.134607 -0.457346 0.879042
v -0.828517 -0.347822 0.279292
vn -0.177498 -0.457382 0.871376
v -0.666898 -0.347822 0.229591
vn -1.22465e-16 -1 6.12323e-17
v -0.806324 0.0869508 0.281494
vn 0.149486 -7.88511e-17 -0.988764
v -0.782385 -0.347822 0.283248
vn 0.101114 0.41283 -0.905178
v -0.806324 -0.347822 0.281494
vn 0.135968 0.412849 -0.900593
v -0.806324 -0.347822 0.281494
vn -0.135968 -0.412849 0.900593
v -0.782385 -0.347822 0.283248
vn -0.101114 -0.41283 0.905178
v -0.806324 0.0869508 0.281494
vn -0.149486 7.88511e-17 0.988764
v -0.45417 0.0869508 0.229591
vn 1.22465e-16 1 -6.12323e-17
v -0.848584 0.0869508 0.276681
vn 1.22465e-16 1 -6.12323e-17
v -0.828517 0.0869508 0.279292
vn 1.22465e-16 1 -6.12323e-17
v -0.828517 0.0869508 0.279292
vn -1.22465e-16 -1 6.12323e-17
v -0.848584 0.0869508 0.276681
vn -1.22465e-16 -1 6.12323e-17
v -0.45417 0.0869508 0.229591
vn -1.22465e-16 -1 6.12323e-17
v -0.828517 0.0869508 0.279292
vn 1.22465e-16 1 -6.12323e-17
v -0.908349 0.0869508 0.420948
vn 1.00001e-16 0.816568 -0.577249
v -0.806324 0.0869508 0.281494
vn 1.22465e-16 1 -6.12323e-17
v -0.806324 0.0869508 0.281494
vn -1.22465e-16 -1 6.12323e-17
v -0.908349 0.0869508 0.420948
vn -1.00001e-16 -0.816568 0.577249
v -0.828517 0.0869508 0.279292
vn -1.22465e-16 -1 6.12323e-17
v -0.806324 -0.347822 0.281494
vn 0.139499 0.414993 -0.899067
v -0.828517 0.0869508 0.279292
vn 0.197539 -8.42173e-17 -0.980295
v -0.806324 0.0869508 0.281494
vn 0.153135 -7.92637e-17 -0.988205
v -0.806324 0.0869508 0.281494
vn -0.153135 7.92637e-17 0.988205
v -0.828517 0.0869508 0.279292
vn -0.197539 8.42173e-17 0.980295
v -0.806324 -0.347822 0.281494
vn -0.139499 -0.414993 0.899067
v -0.866183 0.0869508 0.273701
vn 1.22465e-16 1 -6.12323e-17
v -0.908349 0.0869508 0.420948
vn 9.97909e-17 0.814855 -0.579665
v -0.848584 0.0869508 0.276681
vn 1.22465e-16 1 -6.12323e-17
v -0.848584 0.0869508 0.276681
vn -1.22465e-16 -1 6.12323e-17
v -0.908349 0.0869508 0.420948
vn -9.97909e-17 -0.814855 0.579665
v -0.866183 0.0869508 0.273701
vn -1.22465e-16 -1 6.12323e-17
v -0.866183 0.0869508 0.273701
vn 0.32538 -9.77478e-17 -0.945584
v -0.848584 -0.347822 0.276681
vn 0.235135 0.420736 -0.876181
v -0.866183 -0.347822 0.273701
vn 0.2949 0.420864 -0.857851
v -0.866183 -0.347822 0.273701
vn -0.2949 -0.420864 0.857851
v -0.848584 -0.347822 0.276681
vn -0.235135 -0.420736 0.876181
v -0.866183 0.0869508 0.273701
vn -0.32538 9.77478e-17 0.945584
v -0.848584 -0.347822 0.276681
vn 0.235135 0.420736 -0.876181
v -0.866183 0.0869508 0.273701
vn 0.32538 -9.77478e-17 -0.945584
v -0.848584 0.0869508 0.276681
vn 0.258966 -9.08577e-17 -0.965886
v -0.848584 0.0869508 0.276681
vn -0.258966 9.08577e-17 0.965886
v -0.866183 0.0869508 0.273701
vn -0.32538 9.77478e-17 0.945584
v -0.848584 -0.347822 0.276681
vn -0.235135 -0.420736 0.876181
v -0.908349 0.0926328 0.434059
vn 0.478611 0.790725 -0.381687
v -0.908349 0.347822 0.536485
vn 0.603138 -0.564014 -0.564014
v -0.908349 0.0992122 0.446726
vn 0.478612 0.761616 -0.436888
v -0.908349 0.0992122 0.446726
vn -0.478612 -0.761616 0.436888
v -0.908349 0.347822 0.536485
vn -0.603138 0.564014 0.564014
v -0.908349 0.0926328 0.434059
vn -0.478611 -0.790725 0.381687
v 0.908343 0.0926328 0.434059
vn -0.370972 0.839171 -0.397708
v -0.908349 0.0869508 0.420948
vn 1.01621e-16 0.829802 -0.558058
v -0.908349 0.0926328 0.434059
vn 0.370972 0.839171 -0.397708
v -0.908349 0.0926328 0.434059
vn -0.370972 -0.839171 0.397708
v -0.908349 0.0869508 0.420948
vn -1.01621e-16 -0.829802 0.558058
v 0.908343 0.0926328 0.434059
vn 0.370972 -0.839171 0.397708
v 0.908343 0.192276 0.531245
vn -0.37098 0.364203 -0.854243
v -0.908349 0.205412 0.536485
vn 0.377106 0.206702 -0.90281
v 0.908343 0.205412 0.536485
vn -0.377106 0.206702 -0.90281
v 0.908343 0.205412 0.536485
vn 0.377106 -0.206702 0.90281
v -0.908349 0.205412 0.536485
vn -0.377106 -0.206702 0.90281
v 0.908343 0.192276 0.531245
vn 0.37098 -0.364203 0.854243
v -0.908349 0.192276 0.531245
vn 0.45671 0.354763 -0.815818
v -0.908349 0.347822 0.536485
vn 0.585059 -0.573457 -0.573457
v -0.908349 0.205412 0.536485
vn 0.462754 0.165088 -0.870979
v -0.908349 0.205412 0.536485
vn -0.462754 -0.165088 0.870979
v -0.908349 0.347822 0.536485
vn -0.585059 0.573457 0.573457
v -0.908349 0.192276 0.531245
vn -0.45671 -0.354763 0.815818
v 0.908343 0.347822 0.536485
vn -0.586564 -0.572688 -0.572688
v 0.908343 0.179546 0.525071
vn -0.458524 0.411381 -0.787732
v 0.908343 0.192276 0.531245
vn -0.458525 0.35439 -0.814962
v 0.908343 0.192276 0.531245
vn 0.458525 -0.35439 0.814962
v 0.908343 0.179546 0.525071
vn 0.458524 -0.411381 0.787732
v 0.908343 0.347822 0.536485
vn 0.586564 0.572688 0.572688
v -0.908349 0.0926328 0.434059
vn 0.370991 0.833406 -0.409635
v 0.908343 0.0992122 0.446726
vn -0.370992 0.808825 -0.456254
v 0.908343 0.0926328 0.434059
vn -0.370991 0.833406 -0.409635
v 0.908343 0.0926328 0.434059
vn 0.370991 -0.833406 0.409635
v 0.908343 0.0992122 0.446726
vn 0.370992 -0.808825 0.456254
v -0.908349 0.0926328 0.434059
vn -0.370991 -0.833406 0.409635
v 0.908343 0.347822 0.536485
vn -0.601149 -0.565075 -0.565075
v 0.908343 0.0992122 0.446726
vn -0.47619 0.762758 -0.437543
v 0.908343 0.106665 0.458888
vn -0.47619 0.729753 -0.490616
v 0.908343 0.106665 0.458888
vn 0.47619 -0.729753 0.490616
v 0.908343 0.0992122 0.446726
vn 0.47619 -0.762758 0.437543
v 0.908343 0.347822 0.536485
vn 0.601149 0.565075 0.565075
v 0.908343 -0.303474 0.418955
vn 0.455127 0.226971 -0.861013
v 0.908343 0.0869508 0.420948
vn 0.00900607 0.806804 -0.59075
v 0.908343 -0.295809 0.420468
vn 0.455128 0.112293 -0.883317
v 0.908343 -0.295809 0.420468
vn -0.455128 -0.112293 0.883317
v 0.908343 0.0869508 0.420948
vn -0.00900607 -0.806804 0.59075
v 0.908343 -0.303474 0.418955
vn -0.455127 -0.226971 0.861013
v 1.18085 0.347822 0.420948
vn -0.600235 -0.565561 -0.565561
v 1.18085 -0.317899 0.412954
vn -0.475605 0.437361 -0.763227
v 1.18085 -0.310884 0.416435
vn -0.475606 0.33367 -0.813919
v 1.18085 -0.310884 0.416435
vn 0.475606 -0.33367 0.813919
v 1.18085 -0.317899 0.412954
vn 0.475605 -0.437361 0.763227
v 1.18085 0.347822 0.420948
vn 0.600235 0.565561 0.565561
v 1.18085 -0.310884 0.416435
vn -0.440597 0.339395 -0.831075
v 0.908343 -0.303474 0.418955
vn 0.440584 0.229997 -0.867748
v 1.18085 -0.303474 0.418955
vn -0.440596 0.230003 -0.867741
v 1.18085 -0.303474 0.418955
vn 0.440596 -0.230003 0.867741
v 0.908343 -0.303474 0.418955
vn -0.440584 -0.229997 0.867748
v 1.18085 -0.310884 0.416435
vn 0.440597 -0.339395 0.831075
v 0.908343 -0.295809 0.420468
vn 0.440589 0.114411 -0.890388
v 1.18085 -0.303474 0.418955
vn -0.4406 0.227663 -0.868355
v 0.908343 -0.303474 0.418955
vn 0.440589 0.227658 -0.868362
v 0.908343 -0.303474 0.418955
vn -0.440589 -0.227658 0.868362
v 1.18085 -0.303474 0.418955
vn 0.4406 -0.227663 0.868355
v 0.908343 -0.295809 0.420468
vn -0.440589 -0.114411 0.890388
v -0.908349 0.0869508 0.420948
vn -0.00307486 0.80685 -0.590749
v -0.908349 -0.295787 0.420424
vn -0.45044 0.117037 -0.885102
v -0.908349 -0.287941 0.420948
vn -0.449861 0.0293486 -0.892616
v -0.908349 -0.287941 0.420948
vn 0.449861 -0.0293486 0.892616
v -0.908349 -0.295787 0.420424
vn 0.45044 -0.117037 0.885102
v -0.908349 0.0869508 0.420948
vn 0.00307486 -0.80685 0.590749
v -0.908349 -0.295787 0.420424
vn -0.440555 0.116473 -0.890138
v -1.18085 -0.287941 0.420948
vn 0.439969 0.0301194 -0.897507
v -0.908349 -0.287941 0.420948
vn -0.439969 0.0301194 -0.897507
v -0.908349 -0.287941 0.420948
vn 0.439969 -0.0301194 0.897507
v -1.18085 -0.287941 0.420948
vn -0.439969 -0.0301194 0.897507
v -0.908349 -0.295787 0.420424
vn 0.440555 -0.116473 0.890138
v -1.18085 -0.303509 0.41886
vn 0.460399 0.23073 -0.857203
v -1.18085 0.347822 0.420948
vn 0.587671 -0.57212 -0.57212
v -1.18085 -0.295787 0.420424
vn 0.460399 0.116369 -0.880052
v -1.18085 -0.295787 0.420424
vn -0.460399 -0.116369 0.880052
v -1.18085 0.347822 0.420948
vn -0.587671 0.57212 0.57212
v -1.18085 -0.303509 0.41886
vn -0.460399 -0.23073 0.857203
v -1.18085 -0.287941 0.420948
vn 0.439969 0.0301194 -0.897507
v -0.908349 -0.295787 0.420424
vn -0.440555 0.116473 -0.890138
v -1.18085 -0.295787 0.420424
vn 0.440555 0.116473 -0.890138
v -1.18085 -0.295787 0.420424
vn -0.440555 -0.116473 0.890138
v -0.908349 -0.295787 0.420424
vn 0.440555 -0.116473 0.890138
v -1.18085 -0.287941 0.420948
vn -0.439969 -0.0301194 0.897507
v -1.18085 -0.343384 0.38315
vn 0.505374 0.798893 -0.326138
v -1.18085 0.347822 0.420948
vn 0.624565 -0.552231 -0.552231
v -1.18085 -0.339944 0.390327
vn 0.505375 0.749246 -0.428049
v -1.18085 -0.339944 0.390327
vn -0.505375 -0.749246 0.428049
v -1.18085 0.347822 0.420948
vn -0.624565 0.552231 0.552231
v -1.18085 -0.343384 0.38315
vn -0.505374 -0.798893 0.326138
v -0.908349 -0.343384 0.38315
vn -0.44055 0.831599 -0.338169
v -1.18085 -0.345871 0.375576
vn 0.440551 0.868135 -0.228597
v -1.18085 -0.343384 0.38315
vn 0.44055 0.831599 -0.338169
v -1.18085 -0.343384 0.38315
vn -0.44055 -0.831599 0.338169
v -1.18085 -0.345871 0.375576
vn -0.440551 -0.868135 0.228597
v -0.908349 -0.343384 0.38315
vn 0.44055 -0.831599 0.338169
v -1.18085 -0.345871 0.375576
vn 0.440551 0.868135 -0.228597
v -0.908349 -0.343384 0.38315
vn -0.44055 0.831599 -0.338169
v -0.908349 -0.345871 0.375576
vn -0.440551 0.868135 -0.228597
v -0.908349 -0.345871 0.375576
vn 0.440551 -0.868135 0.228597
v -0.908349 -0.343384 0.38315
vn 0.44055 -0.831599 0.338169
v -1.18085 -0.345871 0.375576
vn -0.440551 -0.868135 0.228597
v -0.908349 0.0869508 0.420948
vn -0.0462647 0.80599 -0.590119
v -0.908349 -0.343384 0.38315
vn -0.483857 0.810232 -0.330767
v -0.908349 -0.339944 0.390327
vn -0.483858 0.75988 -0.434125
v -0.908349 -0.339944 0.390327
vn 0.483858 -0.75988 0.434125
v -0.908349 -0.343384 0.38315
vn 0.483857 -0.810232 0.330767
v -0.908349 0.0869508 0.420948
vn 0.0462647 -0.80599 0.590119
v 1.18085 0.347822 0.420948
vn -0.611495 -0.559497 -0.559497
v 1.18085 -0.330294 0.403363
vn -0.48933 0.615167 -0.618163
v 1.18085 -0.324398 0.408571
vn -0.489331 0.52894 -0.693382
v 1.18085 -0.324398 0.408571
vn 0.489331 -0.52894 0.693382
v 1.18085 -0.330294 0.403363
vn 0.48933 -0.615167 0.618163
v 1.18085 0.347822 0.420948
vn 0.611495 0.559497 0.559497
v 0.908343 -0.324398 0.408571
vn 0.469137 0.535612 -0.702162
v 0.908343 0.0869508 0.420948
vn 0.0269567 0.806544 -0.59056
v 0.908343 -0.317899 0.412954
vn 0.469137 0.439074 -0.76624
v 0.908343 -0.317899 0.412954
vn -0.469137 -0.439074 0.76624
v 0.908343 0.0869508 0.420948
vn -0.0269567 -0.806544 0.59056
v 0.908343 -0.324398 0.408571
vn -0.469137 -0.535612 0.702162
v 0.908343 -0.324398 0.408571
vn 0.440581 0.545406 -0.713036
v 1.18085 -0.330294 0.403363
vn -0.440594 0.632358 -0.637181
v 0.908343 -0.330294 0.403363
vn 0.440583 0.632347 -0.637201
v 0.908343 -0.330294 0.403363
vn -0.440583 -0.632347 0.637201
v 1.18085 -0.330294 0.403363
vn 0.440594 -0.632358 0.637181
v 0.908343 -0.324398 0.408571
vn -0.440581 -0.545406 0.713036
v -0.666898 -0.347822 0.229591
vn 1.22465e-16 1 -6.12323e-17
v -0.848584 -0.347822 0.276681
vn 0.228488 0.457176 -0.859525
v -0.828517 -0.347822 0.279292
vn 0.177525 0.457114 -0.871511
v -0.828517 -0.347822 0.279292
vn -0.177525 -0.457114 0.871511
v -0.848584 -0.347822 0.276681
vn -0.228488 -0.457176 0.859525
v -0.666898 -0.347822 0.229591
vn -1.22465e-16 -1 6.12323e-17
v -0.828517 0.0869508 0.279292
vn 0.197539 -8.42173e-17 -0.980295
v -0.806324 -0.347822 0.281494
vn 0.139499 0.414993 -0.899067
v -0.828517 -0.347822 0.279292
vn 0.179521 0.41503 -0.891921
v -0.828517 -0.347822 0.279292
vn -0.179521 -0.41503 0.891921
v -0.806324 -0.347822 0.281494
vn -0.139499 -0.414993 0.899067
v -0.828517 0.0869508 0.279292
vn -0.197539 8.42173e-17 0.980295
v -0.848584 0.0869508 0.276681
vn 1.22465e-16 1 -6.12323e-17
v -0.908349 0.0869508 0.420948
vn 9.99076e-17 0.815807 -0.578324
v -0.828517 0.0869508 0.279292
vn 1.22465e-16 1 -6.12323e-17
v -0.828517 0.0869508 0.279292
vn -1.22465e-16 -1 6.12323e-17
v -0.908349 0.0869508 0.420948
vn -9.99076e-17 -0.815807 0.578324
v -0.848584 0.0869508 0.276681
vn -1.22465e-16 -1 6.12323e-17
v -0.828517 -0.347822 0.279292
vn 0.183261 0.417645 -0.889937
v -0.848584 0.0869508 0.276681
vn 0.254611 -9.03952e-17 -0.967044
v -0.828517 0.0869508 0.279292
vn 0.201488 -8.46517e-17 -0.979491
v -0.828517 0.0869508 0.279292
vn -0.201488 8.46517e-17 0.979491
v -0.848584 0.0869508 0.276681
vn -0.254611 9.03952e-17 0.967044
v -0.828517 -0.347822 0.279292
vn -0.183261 -0.417645 0.889937
v -0.848584 0.0869508 0.276681
vn 0.254611 -9.03952e-17 -0.967044
v -0.828517 -0.347822 0.279292
vn 0.183261 0.417645 -0.889937
v -0.848584 -0.347822 0.276681
vn 0.231109 0.417709 -0.878697
v -0.848584 -0.347822 0.276681
vn -0.231109 -0.417709 0.878697
v -0.828517 -0.347822 0.279292
vn -0.183261 -0.417645 0.889937
v -0.848584 0.0869508 0.276681
vn -0.254611 9.03952e-17 0.967044
v -0.908349 0.0992122 0.446726
vn 0.47619 0.762758 -0.437543
v -0.908349 0.347822 0.536485
vn 0.601149 -0.565075 -0.565075
v -0.908349 0.106665 0.458888
vn 0.47619 0.729753 -0.490616
v -0.908349 0.106665 0.458888
vn -0.47619 -0.729753 0.490616
v -0.908349 0.347822 0.536485
vn -0.601149 0.565075 0.565075
v -0.908349 0.0992122 0.446726
vn -0.47619 -0.762758 0.437543
v 0.908343 0.0992122 0.446726
vn -0.370992 0.808825 -0.456254
v -0.908349 0.0926328 0.434059
vn 0.370991 0.833406 -0.409635
v -0.908349 0.0992122 0.446726
vn 0.370992 0.808825 -0.456254
v -0.908349 0.0992122 0.446726
vn -0.370992 -0.808825 0.456254
v -0.908349 0.0926328 0.434059
vn -0.370991 -0.833406 0.409635
v 0.908343 0.0992122 0.446726
vn 0.370992 -0.808825 0.456254
v -0.908349 0.205412 0.536485
vn 0.377106 0.206702 -0.90281
v 0.908343 0.192276 0.531245
vn -0.37098 0.364203 -0.854243
v -0.908349 0.192276 0.531245
vn 0.37098 0.364203 -0.854243
v -0.908349 0.192276 0.531245
vn -0.37098 -0.364203 0.854243
v 0.908343 0.192276 0.531245
vn 0.37098 -0.364203 0.854243
v -0.908349 0.205412 0.536485
vn -0.377106 -0.206702 0.90281
v -0.908349 0.179546 0.525071
vn 0.458524 0.411381 -0.787732
v -0.908349 0.347822 0.536485
vn 0.586564 -0.572688 -0.572688
v -0.908349 0.192276 0.531245
vn 0.458525 0.35439 -0.814962
v -0.908349 0.192276 0.531245
vn -0.458525 -0.35439 0.814962
v -0.908349 0.347822 0.536485
vn -0.586564 0.572688 0.572688
v -0.908349 0.179546 0.525071
vn -0.458524 -0.411381 0.787732
v 0.908343 0.347822 0.536485
vn -0.588158 -0.57187 -0.57187
v 0.908343 0.167273 0.517995
vn -0.460449 0.465771 -0.755675
v 0.908343 0.179546 0.525071
vn -0.460448 0.41092 -0.78685
v 0.908343 0.179546 0.525071
vn 0.460448 -0.41092 0.78685
v 0.908343 0.167273 0.517995
vn 0.460449 -0.465771 0.755675
v 0.908343 0.347822 0.536485
vn 0.588158 0.57187 0.57187
v 0.908343 0.179546 0.525071
vn -0.370996 0.423992 -0.826192
v -0.908349 0.192276 0.531245
vn 0.370997 0.37644 -0.848914
v 0.908343 0.192276 0.531245
vn -0.370997 0.37644 -0.848914
v 0.908343 0.192276 0.531245
vn 0.370997 -0.37644 0.848914
v -0.908349 0.192276 0.531245
vn -0.370997 -0.37644 0.848914
v 0.908343 0.179546 0.525071
vn 0.370996 -0.423992 0.826192
v -0.908349 0.0992122 0.446726
vn 0.370977 0.802192 -0.467828
v 0.908343 0.106665 0.458888
vn -0.370978 0.774362 -0.512581
v 0.908343 0.0992122 0.446726
vn -0.370977 0.802192 -0.467828
v 0.908343 0.0992122 0.446726
vn 0.370977 -0.802192 0.467828
v 0.908343 0.106665 0.458888
vn 0.370978 -0.774362 0.512581
v -0.908349 0.0992122 0.446726
vn -0.370977 -0.802192 0.467828
v 0.908343 0.347822 0.536485
vn -0.599164 -0.566128 -0.566128
v 0.908343 0.106665 0.458888
vn -0.473778 0.730833 -0.491342
v 0.908343 0.114958 0.470481
vn -0.473777 0.694088 -0.542012
v 0.908343 0.114958 0.470481
vn 0.473777 -0.694088 0.542012
v 0.908343 0.106665 0.458888
vn 0.473778 -0.730833 0.491342
v 0.908343 0.347822 0.536485
vn 0.599164 0.566128 0.566128
v 0.908343 -0.310884 0.416435
vn 0.459971 0.336798 -0.82158
v 0.908343 0.0869508 0.420948
vn 0.0151635 0.806744 -0.590706
v 0.908343 -0.303474 0.418955
vn 0.45997 0.226336 -0.858603
v 0.908343 -0.303474 0.418955
vn -0.45997 -0.226336 0.858603
v 0.908343 0.0869508 0.420948
vn -0.0151635 -0.806744 0.590706
v 0.908343 -0.310884 0.416435
vn -0.459971 -0.336798 0.82158
v 1.18085 0.347822 0.420948
vn -0.60612 -0.562414 -0.562414
v 1.18085 -0.324398 0.408571
vn -0.482768 0.531154 -0.696284
v 1.18085 -0.317899 0.412954
vn -0.482767 0.435417 -0.759834
v 1.18085 -0.317899 0.412954
vn 0.482767 -0.435417 0.759834
v 1.18085 -0.324398 0.408571
vn 0.482768 -0.531154 0.696284
v 1.18085 0.347822 0.420948
vn 0.60612 0.562414 0.562414
v 1.18085 -0.317899 0.412954
vn -0.440601 0.445285 -0.779482
v 0.908343 -0.310884 0.416435
vn 0.440589 0.341627 -0.830164
v 1.18085 -0.310884 0.416435
vn -0.440602 0.341635 -0.830154
v 1.18085 -0.310884 0.416435
vn 0.440602 -0.341635 0.830154
v 0.908343 -0.310884 0.416435
vn -0.440589 -0.341627 0.830164
v 1.18085 -0.317899 0.412954
vn 0.440601 -0.445285 0.779482
v 0.908343 -0.303474 0.418955
vn 0.440584 0.229997 -0.867748
v 1.18085 -0.310884 0.416435
vn -0.440597 0.339395 -0.831075
v 0.908343 -0.310884 0.416435
vn 0.440585 0.339386 -0.831085
v 0.908343 -0.310884 0.416435
vn -0.440585 -0.339386 0.831085
v 1.18085 -0.310884 0.416435
vn 0.440597 -0.339395 0.831075
v 0.908343 -0.303474 0.418955
vn -0.440584 -0.229997 0.867748
v -0.908349 0.0869508 0.420948
vn -0.00930615 0.806819 -0.590726
v -0.908349 -0.303509 0.41886
vn -0.45538 0.231402 -0.859699
v -0.908349 -0.295787 0.420424
vn -0.45538 0.116708 -0.882615
v -0.908349 -0.295787 0.420424
vn 0.45538 -0.116708 0.882615
v -0.908349 -0.303509 0.41886
vn 0.45538 -0.231402 0.859699
v -0.908349 0.0869508 0.420948
vn 0.00930615 -0.806819 0.590726
v -1.18085 -0.31095 0.416284
vn 0.468429 0.339491 -0.815672
v -1.18085 0.347822 0.420948
vn 0.594315 -0.568678 -0.568678
v -1.18085 -0.303509 0.41886
vn 0.468428 0.229635 -0.853137
v -1.18085 -0.303509 0.41886
vn -0.468428 -0.229635 0.853137
v -1.18085 0.347822 0.420948
vn -0.594315 0.568678 0.568678
v -1.18085 -0.31095 0.416284
vn -0.468429 -0.339491 0.815672
v -1.18085 -0.295787 0.420424
vn 0.440543 0.118889 -0.889824
v -0.908349 -0.303509 0.41886
vn -0.440543 0.232151 -0.867195
v -1.18085 -0.303509 0.41886
vn 0.440543 0.232151 -0.867195
v -1.18085 -0.303509 0.41886
vn -0.440543 -0.232151 0.867195
v -0.908349 -0.303509 0.41886
vn 0.440543 -0.232151 0.867195
v -1.18085 -0.295787 0.420424
vn -0.440543 -0.118889 0.889824
v -0.908349 -0.303509 0.41886
vn -0.440543 0.232151 -0.867195
v -1.18085 -0.295787 0.420424
vn 0.440543 0.118889 -0.889824
v -0.908349 -0.295787 0.420424
vn -0.440543 0.118889 -0.889824
v -0.908349 -0.295787 0.420424
vn 0.440543 -0.118889 0.889824
v -1.18085 -0.295787 0.420424
vn -0.440543 -0.118889 0.889824
v -0.908349 -0.303509 0.41886
vn 0.440543 -0.232151 0.867195
v -1.18085 -0.339944 0.390327
vn 0.501001 0.751457 -0.429313
v -1.18085 0.347822 0.420948
vn 0.621011 -0.554232 -0.554232
v -1.18085 -0.335595 0.396983
vn 0.501 0.688695 -0.524117
v -1.18085 -0.335595 0.396983
vn -0.501 -0.688695 0.524117
v -1.18085 0.347822 0.420948
vn -0.621011 0.554232 0.554232
v -1.18085 -0.339944 0.390327
vn -0.501001 -0.751457 0.429313
v -0.908349 -0.339944 0.390327
vn -0.440553 0.780096 -0.444255
v -1.18085 -0.343384 0.38315
vn 0.440551 0.83068 -0.340418
v -1.18085 -0.339944 0.390327
vn 0.440553 0.780096 -0.444255
v -1.18085 -0.339944 0.390327
vn -0.440553 -0.780096 0.444255
v -1.18085 -0.343384 0.38315
vn -0.440551 -0.83068 0.340418
v -0.908349 -0.339944 0.390327
vn 0.440553 -0.780096 0.444255
v -1.18085 -0.343384 0.38315
vn 0.440551 0.83068 -0.340418
v -0.908349 -0.339944 0.390327
vn -0.440553 0.780096 -0.444255
v -0.908349 -0.343384 0.38315
vn -0.440551 0.83068 -0.340418
v -0.908349 -0.343384 0.38315
vn 0.440551 -0.83068 0.340418
v -0.908349 -0.339944 0.390327
vn 0.440553 -0.780096 0.444255
v -1.18085 -0.343384 0.38315
vn -0.440551 -0.83068 0.340418
v -0.908349 0.0869508 0.420948
vn -0.0423501 0.80613 -0.590221
v -0.908349 -0.339944 0.390327
vn -0.480906 0.761291 -0.434931
v -0.908349 -0.335595 0.396983
vn -0.480905 0.697707 -0.530975
v -0.908349 -0.335595 0.396983
vn 0.480905 -0.697707 0.530975
v -0.908349 -0.339944 0.390327
vn 0.480906 -0.761291 0.434931
v -0.908349 0.0869508 0.420948
vn 0.0423501 -0.80613 0.590221
v 1.18085 -0.330294 0.403363
vn -0.440594 0.632358 -0.637181
v 0.908343 -0.324398 0.408571
vn 0.440581 0.545406 -0.713036
v 1.18085 -0.324398 0.408571
vn -0.440594 0.545419 -0.713019
v 1.18085 -0.324398 0.408571
vn 0.440594 -0.545419 0.713019
v 0.908343 -0.324398 0.408571
vn -0.440581 -0.545406 0.713036
v 1.18085 -0.330294 0.403363
vn 0.440594 -0.632358 0.637181
v 0.908343 -0.317899 0.412954
vn 0.464663 0.440248 -0.76829
v 0.908343 0.0869508 0.420948
vn 0.0211772 0.806656 -0.590642
v 0.908343 -0.310884 0.416435
vn 0.464663 0.33587 -0.819317
v 0.908343 -0.310884 0.416435
vn -0.464663 -0.33587 0.819317
v 0.908343 0.0869508 0.420948
vn -0.0211772 -0.806656 0.590642
v 0.908343 -0.317899 0.412954
vn -0.464663 -0.440248 0.76829
v 0.908343 -0.317899 0.412954
vn 0.440595 0.447382 -0.778284
v 1.18085 -0.324398 0.408571
vn -0.440606 0.543516 -0.714462
v 0.908343 -0.324398 0.408571
vn 0.440593 0.543503 -0.71448
v 0.908343 -0.324398 0.408571
vn -0.440593 -0.543503 0.71448
v 1.18085 -0.324398 0.408571
vn 0.440606 -0.543516 0.714462
v 0.908343 -0.317899 0.412954
vn -0.440595 -0.447382 0.778284
v -0.908349 0.106665 0.458888
vn 0.473778 0.730833 -0.491342
v -0.908349 0.347822 0.536485
vn 0.599164 -0.566128 -0.566128
v -0.908349 0.114958 0.470481
vn 0.473777 0.694088 -0.542012
v -0.908349 0.114958 0.470481
vn -0.473777 -0.694088 0.542012
v -0.908349 0.347822 0.536485
vn -0.599164 0.566128 0.566128
v -0.908349 0.106665 0.458888
vn -0.473778 -0.730833 0.491342
v 0.908343 0.106665 0.458888
vn -0.370978 0.774362 -0.512581
v -0.908349 0.0992122 0.446726
vn 0.370977 0.802192 -0.467828
v -0.908349 0.106665 0.458888
vn 0.370978 0.774362 -0.512581
v -0.908349 0.106665 0.458888
vn -0.370978 -0.774362 0.512581
v -0.908349 0.0992122 0.446726
vn -0.370977 -0.802192 0.467828
v 0.908343 0.106665 0.458888
vn 0.370978 -0.774362 0.512581
v -0.908349 0.167273 0.517995
vn 0.460449 0.465771 -0.755675
v -0.908349 0.347822 0.536485
vn 0.588158 -0.57187 -0.57187
v -0.908349 0.179546 0.525071
vn 0.460448 0.41092 -0.78685
v -0.908349 0.179546 0.525071
vn -0.460448 -0.41092 0.78685
v -0.908349 0.347822 0.536485
vn -0.588158 0.57187 0.57187
v -0.908349 0.167273 0.517995
vn -0.460449 -0.465771 0.755675
v -0.908349 0.192276 0.531245
vn 0.370997 0.37644 -0.848914
v 0.908343 0.179546 0.525071
vn -0.370996 0.423992 -0.826192
v -0.908349 0.179546 0.525071
vn 0.370996 0.423992 -0.826192
v -0.908349 0.179546 0.525071
vn -0.370996 -0.423992 0.826192
v 0.908343 0.179546 0.525071
vn 0.370996 -0.423992 0.826192
v -0.908349 0.192276 0.531245
vn -0.370997 -0.37644 0.848914
v 0.908343 0.347822 0.536485
vn -0.589841 -0.571002 -0.571002
v 0.908343 0.155528 0.510053
vn -0.462481 0.517654 -0.719823
v 0.908343 0.167273 0.517995
vn -0.462482 0.465217 -0.754774
v 0.908343 0.167273 0.517995
vn 0.462482 -0.465217 0.754774
v 0.908343 0.155528 0.510053
vn 0.462481 -0.517654 0.719823
v 0.908343 0.347822 0.536485
vn 0.589841 0.571002 0.571002
v 0.908343 0.167273 0.517995
vn -0.370974 0.481564 -0.794024
v -0.908349 0.179546 0.525071
vn 0.370973 0.435747 -0.820063
v 0.908343 0.179546 0.525071
vn -0.370973 0.435747 -0.820063
v 0.908343 0.179546 0.525071
vn 0.370973 -0.435747 0.820063
v -0.908349 0.179546 0.525071
vn -0.370973 -0.435747 0.820063
v 0.908343 0.167273 0.517995
vn 0.370974 -0.481564 0.794024
v -0.908349 0.106665 0.458888
vn 0.370963 0.766897 -0.523694
v 0.908343 0.114958 0.470481
vn -0.370962 0.735957 -0.566353
v 0.908343 0.106665 0.458888
vn -0.370963 0.766897 -0.523694
v 0.908343 0.106665 0.458888
vn 0.370963 -0.766897 0.523694
v 0.908343 0.114958 0.470481
vn 0.370962 -0.735957 0.566353
v -0.908349 0.106665 0.458888
vn -0.370963 -0.766897 0.523694
v 0.908343 0.347822 0.536485
vn -0.597214 -0.567158 -0.567158
v 0.908343 0.114958 0.470481
vn -0.471409 0.695089 -0.542793
v 0.908343 0.124036 0.481448
vn -0.471409 0.654778 -0.590796
v 0.908343 0.124036 0.481448
vn 0.471409 -0.654778 0.590796
v 0.908343 0.114958 0.470481
vn 0.471409 -0.695089 0.542793
v 0.908343 0.347822 0.536485
vn 0.597214 0.567158 0.567158
v 1.18085 -0.324398 0.408571
vn -0.440606 0.543516 -0.714462
v 0.908343 -0.317899 0.412954
vn 0.440595 0.447382 -0.778284
v 1.18085 -0.317899 0.412954
vn -0.440607 0.44739 -0.778273
v 1.18085 -0.317899 0.412954
vn 0.440607 -0.44739 0.778273
v 0.908343 -0.317899 0.412954
vn -0.440595 -0.447382 0.778284
v 1.18085 -0.324398 0.408571
vn 0.440606 -0.543516 0.714462
v 0.908343 -0.310884 0.416435
vn 0.440589 0.341627 -0.830164
v 1.18085 -0.317899 0.412954
vn -0.440601 0.445285 -0.779482
v 0.908343 -0.317899 0.412954
vn 0.440589 0.445277 -0.779493
v 0.908343 -0.317899 0.412954
vn -0.440589 -0.445277 0.779493
v 1.18085 -0.317899 0.412954
vn 0.440601 -0.445285 0.779482
v 0.908343 -0.310884 0.416435
vn -0.440589 -0.341627 0.830164
v -0.908349 0.0869508 0.420948
vn -0.0155043 0.806757 -0.59068
v -0.908349 -0.31095 0.416284
vn -0.460253 0.341138 -0.819629
v -0.908349 -0.303509 0.41886
vn -0.460252 0.230749 -0.857276
v -0.908349 -0.303509 0.41886
vn 0.460252 -0.230749 0.857276
v -0.908349 -0.31095 0.416284
vn 0.460253 -0.341138 0.819629
v -0.908349 0.0869508 0.420948
vn 0.0155043 -0.806757 0.59068
v -1.18085 -0.318 0.412739
vn 0.476098 0.441426 -0.760575
v -1.18085 0.347822 0.420948
vn 0.600638 -0.565347 -0.565347
v -1.18085 -0.31095 0.416284
vn 0.476098 0.337912 -0.811878
v -1.18085 -0.31095 0.416284
vn -0.476098 -0.337912 0.811878
v -1.18085 0.347822 0.420948
vn -0.600638 0.565347 0.565347
v -1.18085 -0.318 0.412739
vn -0.476098 -0.441426 0.760575
v -1.18085 -0.303509 0.41886
vn 0.440555 0.234513 -0.866553
v -0.908349 -0.31095 0.416284
vn -0.440555 0.343835 -0.82927
v -1.18085 -0.31095 0.416284
vn 0.440555 0.343835 -0.82927
v -1.18085 -0.31095 0.416284
vn -0.440555 -0.343835 0.82927
v -0.908349 -0.31095 0.416284
vn 0.440555 -0.343835 0.82927
v -1.18085 -0.303509 0.41886
vn -0.440555 -0.234513 0.866553
v -0.908349 -0.31095 0.416284
vn -0.440555 0.343835 -0.82927
v -1.18085 -0.303509 0.41886
vn 0.440555 0.234513 -0.866553
v -0.908349 -0.303509 0.41886
vn -0.440555 0.234513 -0.866553
v -0.908349 -0.303509 0.41886
vn 0.440555 -0.234513 0.866553
v -1.18085 -0.303509 0.41886
vn -0.440555 -0.234513 0.866553
v -0.908349 -0.31095 0.416284
vn 0.440555 -0.343835 0.82927
v -1.18085 -0.335595 0.396983
vn 0.495832 0.691059 -0.525916
v -1.18085 0.347822 0.420948
vn 0.616802 -0.556577 -0.556577
v -1.18085 -0.330428 0.403004
vn 0.495833 0.616152 -0.611969
v -1.18085 -0.330428 0.403004
vn -0.495833 -0.616152 0.611969
v -1.18085 0.347822 0.420948
vn -0.616802 0.556577 0.556577
v -1.18085 -0.335595 0.396983
vn -0.495832 -0.691059 0.525916
v -0.908349 -0.335595 0.396983
vn -0.440548 0.715115 -0.542705
v -1.18085 -0.339944 0.390327
vn 0.44055 0.778875 -0.446396
v -1.18085 -0.335595 0.396983
vn 0.440548 0.715115 -0.542705
v -1.18085 -0.335595 0.396983
vn -0.440548 -0.715115 0.542705
v -1.18085 -0.339944 0.390327
vn -0.44055 -0.778875 0.446396
v -0.908349 -0.335595 0.396983
vn 0.440548 -0.715115 0.542705
v -1.18085 -0.339944 0.390327
vn 0.44055 0.778875 -0.446396
v -0.908349 -0.335595 0.396983
vn -0.440548 0.715115 -0.542705
v -0.908349 -0.339944 0.390327
vn -0.44055 0.778875 -0.446396
v -0.908349 -0.339944 0.390327
vn 0.44055 -0.778875 0.446396
v -0.908349 -0.335595 0.396983
vn 0.440548 -0.715115 0.542705
v -1.18085 -0.339944 0.390327
vn -0.44055 -0.778875 0.446396
v -0.908349 0.0869508 0.420948
vn -0.0378591 0.806275 -0.590328
v -0.908349 -0.335595 0.396983
vn -0.4775 0.699187 -0.532101
v -0.908349 -0.330428 0.403004
vn -0.477501 0.623399 -0.619166
v -0.908349 -0.330428 0.403004
vn 0.477501 -0.623399 0.619166
v -0.908349 -0.335595 0.396983
vn 0.4775 -0.699187 0.532101
v -0.908349 0.0869508 0.420948
vn 0.0378591 -0.806275 0.590328
v -0.908349 0.114958 0.470481
vn 0.471409 0.695089 -0.542793
v -0.908349 0.347822 0.536485
vn 0.597214 -0.567158 -0.567158
v -0.908349 0.124036 0.481448
vn 0.471409 0.654778 -0.590796
v -0.908349 0.124036 0.481448
vn -0.471409 -0.654778 0.590796
v -0.908349 0.347822 0.536485
vn -0.597214 0.567158 0.567158
v -0.908349 0.114958 0.470481
vn -0.471409 -0.695089 0.542793
v 0.908343 0.114958 0.470481
vn -0.370962 0.735957 -0.566353
v -0.908349 0.106665 0.458888
vn 0.370963 0.766897 -0.523694
v -0.908349 0.114958 0.470481
vn 0.370962 0.735957 -0.566353
v -0.908349 0.114958 0.470481
vn -0.370962 -0.735957 0.566353
v -0.908349 0.106665 0.458888
vn -0.370963 -0.766897 0.523694
v 0.908343 0.114958 0.470481
vn 0.370962 -0.735957 0.566353
v -0.908349 0.155528 0.510053
vn 0.462481 0.517654 -0.719823
v -0.908349 0.347822 0.536485
vn 0.589841 -0.571002 -0.571002
v -0.908349 0.167273 0.517995
vn 0.462482 0.465217 -0.754774
v -0.908349 0.167273 0.517995
vn -0.462482 -0.465217 0.754774
v -0.908349 0.347822 0.536485
vn -0.589841 0.571002 0.571002
v -0.908349 0.155528 0.510053
vn -0.462481 -0.517654 0.719823
v -0.908349 0.179546 0.525071
vn 0.370973 0.435747 -0.820063
v 0.908343 0.167273 0.517995
vn -0.370974 0.481564 -0.794024
v -0.908349 0.167273 0.517995
vn 0.370974 0.481564 -0.794024
v -0.908349 0.167273 0.517995
vn -0.370974 -0.481564 0.794024
v 0.908343 0.167273 0.517995
vn 0.370974 -0.481564 0.794024
v -0.908349 0.179546 0.525071
vn -0.370973 -0.435747 0.820063
v 0.908343 0.347822 0.536485
vn -0.591596 -0.570094 -0.570094
v 0.908343 0.144366 0.501284
vn -0.464602 0.566765 -0.680384
v 0.908343 0.155528 0.510053
vn -0.464602 0.517007 -0.718922
v 0.908343 0.155528 0.510053
vn 0.464602 -0.517007 0.718922
v 0.908343 0.144366 0.501284
vn 0.464602 -0.566765 0.680384
v 0.908343 0.347822 0.536485
vn 0.591596 0.570094 0.570094
v 0.908343 0.155528 0.510053
vn -0.370976 0.536762 -0.757802
v -0.908349 0.167273 0.517995
vn 0.370976 0.492909 -0.787031
v 0.908343 0.167273 0.517995
vn -0.370976 0.492909 -0.787031
v 0.908343 0.167273 0.517995
vn 0.370976 -0.492909 0.787031
v -0.908349 0.167273 0.517995
vn -0.370976 -0.492909 0.787031
v 0.908343 0.155528 0.510053
vn 0.370976 -0.536762 0.757802
v -0.908349 0.114958 0.470481
vn 0.370975 0.727795 -0.576795
v 0.908343 0.124036 0.481448
vn -0.370974 0.693902 -0.617153
v 0.908343 0.114958 0.470481
vn -0.370975 0.727795 -0.576795
v 0.908343 0.114958 0.470481
vn 0.370975 -0.727795 0.576795
v 0.908343 0.124036 0.481448
vn 0.370974 -0.693902 0.617153
v -0.908349 0.114958 0.470481
vn -0.370975 -0.727795 0.576795
v 0.908343 0.347822 0.536485
vn -0.595296 -0.568165 -0.568165
v 0.908343 0.124036 0.481448
vn -0.469083 0.655698 -0.591626
v 0.908343 0.133854 0.491732
vn -0.469083 0.612022 -0.636702
v 0.908343 0.133854 0.491732
vn 0.469083 -0.612022 0.636702
v 0.908343 0.124036 0.481448
vn 0.469083 -0.655698 0.591626
v 0.908343 0.347822 0.536485
vn 0.595296 0.568165 0.568165
v -0.908349 0.0869508 0.420948
vn -0.0215594 0.806666 -0.590614
v -0.908349 -0.318 0.412739
vn -0.464974 0.444404 -0.765705
v -0.908349 -0.31095 0.416284
vn -0.464975 0.340192 -0.817354
v -0.908349 -0.31095 0.416284
vn 0.464975 -0.340192 0.817354
v -0.908349 -0.318 0.412739
vn 0.464974 -0.444404 0.765705
v -0.908349 0.0869508 0.420948
vn 0.0215594 -0.806666 0.590614
v -1.18085 -0.324534 0.408287
vn 0.483294 0.534915 -0.693031
v -1.18085 0.347822 0.420948
vn 0.606549 -0.562183 -0.562183
v -1.18085 -0.318 0.412739
vn 0.483293 0.439452 -0.757172
v -1.18085 -0.318 0.412739
vn -0.483293 -0.439452 0.757172
v -1.18085 0.347822 0.420948
vn -0.606549 0.562183 0.562183
v -1.18085 -0.324534 0.408287
vn -0.483294 -0.534915 0.693031
v -1.18085 -0.31095 0.416284
vn 0.44055 0.346083 -0.828337
v -0.908349 -0.318 0.412739
vn -0.44055 0.449574 -0.777045
v -1.18085 -0.318 0.412739
vn 0.44055 0.449574 -0.777045
v -1.18085 -0.318 0.412739
vn -0.44055 -0.449574 0.777045
v -0.908349 -0.318 0.412739
vn 0.44055 -0.449574 0.777045
v -1.18085 -0.31095 0.416284
vn -0.44055 -0.346083 0.828337
v -0.908349 -0.318 0.412739
vn -0.44055 0.449574 -0.777045
v -1.18085 -0.31095 0.416284
vn 0.44055 0.346083 -0.828337
v -0.908349 -0.31095 0.416284
vn -0.44055 0.346083 -0.828337
v -0.908349 -0.31095 0.416284
vn 0.44055 -0.346083 0.828337
v -1.18085 -0.31095 0.416284
vn -0.44055 -0.346083 0.828337
v -0.908349 -0.318 0.412739
vn 0.44055 -0.449574 0.777045
v -1.18085 -0.330428 0.403004
vn 0.489909 0.618533 -0.614334
v -1.18085 0.347822 0.420948
vn 0.611965 -0.55924 -0.55924
v -1.18085 -0.324534 0.408287
vn 0.489909 0.532664 -0.690115
v -1.18085 -0.324534 0.408287
vn -0.489909 -0.532664 0.690115
v -1.18085 0.347822 0.420948
vn -0.611965 0.55924 0.55924
v -1.18085 -0.330428 0.403004
vn -0.489909 -0.618533 0.614334
v -0.908349 -0.330428 0.403004
vn -0.44055 0.637805 -0.63176
v -1.18085 -0.335595 0.396983
vn 0.44055 0.713642 -0.544639
v -1.18085 -0.330428 0.403004
vn 0.44055 0.637805 -0.63176
v -1.18085 -0.330428 0.403004
vn -0.44055 -0.637805 0.63176
v -1.18085 -0.335595 0.396983
vn -0.44055 -0.713642 0.544639
v -0.908349 -0.330428 0.403004
vn 0.44055 -0.637805 0.63176
v -1.18085 -0.335595 0.396983
vn 0.44055 0.713642 -0.544639
v -0.908349 -0.330428 0.403004
vn -0.44055 0.637805 -0.63176
v -0.908349 -0.335595 0.396983
vn -0.44055 0.713642 -0.544639
v -0.908349 -0.335595 0.396983
vn 0.44055 -0.713642 0.544639
v -0.908349 -0.330428 0.403004
vn 0.44055 -0.637805 0.63176
v -1.18085 -0.335595 0.396983
vn -0.44055 -0.713642 0.544639
v -0.908349 0.0869508 0.420948
vn -0.0328422 0.806418 -0.590433
v -0.908349 -0.330428 0.403004
vn -0.473674 0.624867 -0.620624
v -0.908349 -0.324534 0.408287
vn -0.473674 0.538118 -0.697181
v -0.908349 -0.324534 0.408287
vn 0.473674 -0.538118 0.697181
v -0.908349 -0.330428 0.403004
vn 0.473674 -0.624867 0.620624
v -0.908349 0.0869508 0.420948
vn 0.0328422 -0.806418 0.590433
v -0.908349 0.124036 0.481448
vn 0.469083 0.655698 -0.591626
v -0.908349 0.347822 0.536485
vn 0.595296 -0.568165 -0.568165
v -0.908349 0.133854 0.491732
vn 0.469083 0.612022 -0.636702
v -0.908349 0.133854 0.491732
vn -0.469083 -0.612022 0.636702
v -0.908349 0.347822 0.536485
vn -0.595296 0.568165 0.568165
v -0.908349 0.124036 0.481448
vn -0.469083 -0.655698 0.591626
v 0.908343 0.124036 0.481448
vn -0.370974 0.693902 -0.617153
v -0.908349 0.114958 0.470481
vn 0.370975 0.727795 -0.576795
v -0.908349 0.124036 0.481448
vn 0.370974 0.693902 -0.617153
v -0.908349 0.124036 0.481448
vn -0.370974 -0.693902 0.617153
v -0.908349 0.114958 0.470481
vn -0.370975 -0.727795 0.576795
v 0.908343 0.124036 0.481448
vn 0.370974 -0.693902 0.617153
v -0.908349 0.144366 0.501284
vn 0.464602 0.566765 -0.680384
v -0.908349 0.347822 0.536485
vn 0.591596 -0.570094 -0.570094
v -0.908349 0.155528 0.510053
vn 0.464602 0.517007 -0.718922
v -0.908349 0.155528 0.510053
vn -0.464602 -0.517007 0.718922
v -0.908349 0.347822 0.536485
vn -0.591596 0.570094 0.570094
v -0.908349 0.144366 0.501284
vn -0.464602 -0.566765 0.680384
v -0.908349 0.167273 0.517995
vn 0.370976 0.492909 -0.787031
v 0.908343 0.155528 0.510053
vn -0.370976 0.536762 -0.757802
v -0.908349 0.155528 0.510053
vn 0.370976 0.536762 -0.757802
v -0.908349 0.155528 0.510053
vn -0.370976 -0.536762 0.757802
v 0.908343 0.155528 0.510053
vn 0.370976 -0.536762 0.757802
v -0.908349 0.167273 0.517995
vn -0.370976 -0.492909 0.787031
v 0.908343 0.347822 0.536485
vn -0.593421 -0.569145 -0.569145
v 0.908343 0.133854 0.491732
vn -0.466812 0.612856 -0.637569
v 0.908343 0.144366 0.501284
vn -0.466812 0.56602 -0.679491
v 0.908343 0.144366 0.501284
vn 0.466812 -0.56602 0.679491
v 0.908343 0.133854 0.491732
vn 0.466812 -0.612856 0.637569
v 0.908343 0.347822 0.536485
vn 0.593421 0.569145 0.569145
v 0.908343 0.144366 0.501284
vn -0.370966 0.58921 -0.717785
v -0.908349 0.155528 0.510053
vn 0.370965 0.547546 -0.750052
v 0.908343 0.155528 0.510053
vn -0.370965 0.547546 -0.750052
v 0.908343 0.155528 0.510053
vn 0.370965 -0.547546 0.750052
v -0.908349 0.155528 0.510053
vn -0.370965 -0.547546 0.750052
v 0.908343 0.144366 0.501284
vn 0.370966 -0.58921 0.717785
v -0.908349 0.124036 0.481448
vn 0.37099 0.685012 -0.626997
v 0.908343 0.133854 0.491732
vn -0.370991 0.648342 -0.664845
v 0.908343 0.124036 0.481448
vn -0.37099 0.685012 -0.626997
v 0.908343 0.124036 0.481448
vn 0.37099 -0.685012 0.626997
v 0.908343 0.133854 0.491732
vn 0.370991 -0.648342 0.664845
v -0.908349 0.124036 0.481448
vn -0.37099 -0.685012 0.626997
v -0.908349 0.0869508 0.420948
vn -0.0273723 0.806551 -0.59053
v -0.908349 -0.324534 0.408287
vn -0.469473 0.539491 -0.69896
v -0.908349 -0.318 0.412739
vn -0.469472 0.443211 -0.763649
v -0.908349 -0.318 0.412739
vn 0.469472 -0.443211 0.763649
v -0.908349 -0.324534 0.408287
vn 0.469473 -0.539491 0.69896
v -0.908349 0.0869508 0.420948
vn 0.0273723 -0.806551 0.59053
v -1.18085 -0.318 0.412739
vn 0.440547 0.451682 -0.775823
v -0.908349 -0.324534 0.408287
vn -0.440549 0.547553 -0.711409
v -1.18085 -0.324534 0.408287
vn 0.440549 0.547553 -0.711409
v -1.18085 -0.324534 0.408287
vn -0.440549 -0.547553 0.711409
v -0.908349 -0.324534 0.408287
vn 0.440549 -0.547553 0.711409
v -1.18085 -0.318 0.412739
vn -0.440547 -0.451682 0.775823
v -0.908349 -0.324534 0.408287
vn -0.440549 0.547553 -0.711409
v -1.18085 -0.318 0.412739
vn 0.440547 0.451682 -0.775823
v -0.908349 -0.318 0.412739
vn -0.440547 0.451682 -0.775823
v -0.908349 -0.318 0.412739
vn 0.440547 -0.451682 0.775823
v -1.18085 -0.318 0.412739
vn -0.440547 -0.451682 0.775823
v -0.908349 -0.324534 0.408287
vn 0.440549 -0.547553 0.711409
v -1.18085 -0.324534 0.408287
vn 0.440554 0.549492 -0.709909
v -0.908349 -0.330428 0.403004
vn -0.440554 0.636093 -0.633481
v -1.18085 -0.330428 0.403004
vn 0.440554 0.636093 -0.633481
v -1.18085 -0.330428 0.403004
vn -0.440554 -0.636093 0.633481
v -0.908349 -0.330428 0.403004
vn 0.440554 -0.636093 0.633481
v -1.18085 -0.324534 0.408287
vn -0.440554 -0.549492 0.709909
v -0.908349 -0.330428 0.403004
vn -0.440554 0.636093 -0.633481
v -1.18085 -0.324534 0.408287
vn 0.440554 0.549492 -0.709909
v -0.908349 -0.324534 0.408287
vn -0.440554 0.549492 -0.709909
v -0.908349 -0.324534 0.408287
vn 0.440554 -0.549492 0.709909
v -1.18085 -0.324534 0.408287
vn -0.440554 -0.549492 0.709909
v -0.908349 -0.330428 0.403004
vn 0.440554 -0.636093 0.633481
v -0.908349 0.133854 0.491732
vn 0.466812 0.612856 -0.637569
v -0.908349 0.347822 0.536485
vn 0.593421 -0.569145 -0.569145
v -0.908349 0.144366 0.501284
vn 0.466812 0.56602 -0.679491
v -0.908349 0.144366 0.501284
vn -0.466812 -0.56602 0.679491
v -0.908349 0.347822 0.536485
vn -0.593421 0.569145 0.569145
v -0.908349 0.133854 0.491732
vn -0.466812 -0.612856 0.637569
v 0.908343 0.133854 0.491732
vn -0.370991 0.648342 -0.664845
v -0.908349 0.124036 0.481448
vn 0.37099 0.685012 -0.626997
v -0.908349 0.133854 0.491732
vn 0.370991 0.648342 -0.664845
v -0.908349 0.133854 0.491732
vn -0.370991 -0.648342 0.664845
v -0.908349 0.124036 0.481448
vn -0.37099 -0.685012 0.626997
v 0.908343 0.133854 0.491732
vn 0.370991 -0.648342 0.664845
v -0.908349 0.155528 0.510053
vn 0.370965 0.547546 -0.750052
v 0.908343 0.144366 0.501284
vn -0.370966 0.58921 -0.717785
v -0.908349 0.144366 0.501284
vn 0.370966 0.58921 -0.717785
v -0.908349 0.144366 0.501284
vn -0.370966 -0.58921 0.717785
v 0.908343 0.144366 0.501284
vn 0.370966 -0.58921 0.717785
v -0.908349 0.155528 0.510053
vn -0.370965 -0.547546 0.750052
v 0.908343 0.133854 0.491732
vn -0.370992 0.638756 -0.674059
v -0.908349 0.144366 0.501284
vn 0.370993 0.599487 -0.70921
v 0.908343 0.144366 0.501284
vn -0.370993 0.599487 -0.70921
v 0.908343 0.144366 0.501284
vn 0.370993 -0.599487 0.70921
v -0.908349 0.144366 0.501284
vn -0.370993 -0.599487 0.70921
v 0.908343 0.133854 0.491732
vn 0.370992 -0.638756 0.674059
v -0.908349 0.144366 0.501284
vn 0.370993 0.599487 -0.70921
v 0.908343 0.133854 0.491732
vn -0.370992 0.638756 -0.674059
v -0.908349 0.133854 0.491732
vn 0.370992 0.638756 -0.674059
v -0.908349 0.133854 0.491732
vn -0.370992 -0.638756 0.674059
v 0.908343 0.133854 0.491732
vn 0.370992 -0.638756 0.674059
v -0.908349 0.144366 0.501284
vn -0.370993 -0.599487 0.70921
vt -0.254557 0.095625
vt 0.088031 0.086479
vt 0.088031 0.095625
vt 0.088031 0.086479
vt -0.254557 0.095625
vt -0.254557 0.086479
vt 0.088031 0.095625
vt 0.088031 0.086479
vt -0.254557 0.095625
vt -0.254557 0.086479
vt -0.254557 0.095625
vt 0.088031 0.086479
vt 0.027356 0.114718
vt 0.294922 0
vt 0.03496 0.119799
vt 0.03496 0.119799
vt 0.294922 0
vt 0.027356 0.114718
vt 0.088031 0.084341
vt -0.254557 0.093487
vt -0.254557 0.084341
vt -0.254557 0.084341
vt -0.254557 0.093487
vt 0.088031 0.084341
vt -0.294922 0
vt -0.027356 0.114718
vt -0.03496 0.119799
vt -0.03496 0.119799
vt -0.027356 0.114718
vt -0.294922 0
vt -0.254557 0.096206
vt 0.088031 0.08706
vt 0.088031 0.096206
vt 0.088031 0.096206
vt 0.088031 0.08706
vt -0.254557 0.096206
vt 0.020479 0.108687
vt 0.294922 0
vt 0.027356 0.114718
vt 0.027356 0.114718
vt 0.294922 0
vt 0.020479 0.108687
vt 0.03496 0.119799
vt 0.294922 0
vt 0.043163 0.123844
vt 0.043163 0.123844
vt 0.294922 0
vt 0.03496 0.119799
vt -0.254557 0.093487
vt 0.088031 0.084341
vt 0.088031 0.093487
vt 0.088031 0.093487
vt 0.088031 0.084341
vt -0.254557 0.093487
vt -0.294922 0
vt -0.03496 0.119799
vt -0.043163 0.123844
vt -0.043163 0.123844
vt -0.03496 0.119799
vt -0.294922 0
vt -0.294922 0
vt -0.020479 0.108687
vt -0.027356 0.114718
vt -0.027356 0.114718
vt -0.020479 0.108687
vt -0.294922 0
vt 0.088031 0.08706
vt -0.254557 0.096206
vt -0.254557 0.08706
vt -0.254557 0.08706
vt -0.254557 0.096206
vt 0.088031 0.08706
vt 0.014449 0.101811
vt 0.294922 0
vt 0.020479 0.108687
vt 0.020479 0.108687
vt 0.294922 0
vt 0.014449 0.101811
vt 0.043163 0.123844
vt 0.294922 0
vt 0.051824 0.126784
vt 0.051824 0.126784
vt 0.294922 0
vt 0.043163 0.123844
vt 0.088031 0.080681
vt -0.254557 0.089827
vt -0.254557 0.080681
vt -0.254557 0.080681
vt -0.254557 0.089827
vt 0.088031 0.080681
vt -0.294922 0
vt -0.043163 0.123844
vt -0.051824 0.126784
vt -0.051824 0.126784
vt -0.043163 0.123844
vt -0.294922 0
vt -0.294922 0
vt -0.014449 0.101811
vt -0.020479 0.108687
vt -0.020479 0.108687
vt -0.014449 0.101811
vt -0.294922 0
vt -0.254557 0.086072
vt 0.088031 0.095218
vt -0.254557 0.095218
vt -0.254557 0.095218
vt 0.088031 0.095218
vt -0.254557 0.086072
vt 0.009368 0.094206
vt 0.294922 0
vt 0.014449 0.101811
vt 0.014449 0.101811
vt 0.294922 0
vt 0.009368 0.094206
vt 0.088031 0.095218
vt -0.254557 0.086072
vt 0.088031 0.086072
vt 0.088031 0.086072
vt -0.254557 0.086072
vt 0.088031 0.095218
vt 0.051824 0.126784
vt 0.294922 0
vt 0.060794 0.128568
vt 0.060794 0.128568
vt 0.294922 0
vt 0.051824 0.126784
vt -0.254557 0.089827
vt 0.088031 0.080681
vt 0.088031 0.089827
vt 0.088031 0.089827
vt 0.088031 0.080681
vt -0.254557 0.089827
vt -0.294922 0
vt -0.051824 0.126784
vt -0.060794 0.128568
vt -0.060794 0.128568
vt -0.051824 0.126784
vt -0.294922 0
vt -0.294922 0
vt -0.009368 0.094206
vt -0.014449 0.101811
vt -0.014449 0.101811
vt -0.009368 0.094206
vt -0.294922 0
vt 0.005322 0.086004
vt 0.294922 0
vt 0.009368 0.094206
vt 0.009368 0.094206
vt 0.294922 0
vt 0.005322 0.086004
vt 0.088031 0.09268
vt -0.254557 0.083534
vt 0.088031 0.083534
vt 0.088031 0.083534
vt -0.254557 0.083534
vt 0.088031 0.09268
vt -0.254557 0.083534
vt 0.088031 0.09268
vt -0.254557 0.09268
vt -0.254557 0.09268
vt 0.088031 0.09268
vt -0.254557 0.083534
vt 0.060794 0.128568
vt 0.294922 0
vt 0.06992 0.129167
vt 0.06992 0.129167
vt 0.294922 0
vt 0.060794 0.128568
vt -0.254557 0.084708
vt 0.088031 0.075562
vt 0.088031 0.084708
vt 0.088031 0.084708
vt 0.088031 0.075562
vt -0.254557 0.084708
vt 0.088031 0.075562
vt -0.254557 0.084708
vt -0.254557 0.075562
vt -0.254557 0.075562
vt -0.254557 0.084708
vt 0.088031 0.075562
vt -0.294922 0
vt -0.060794 0.128568
vt -0.06992 0.129167
vt -0.06992 0.129167
vt -0.060794 0.128568
vt -0.294922 0
vt -0.294922 0
vt -0.005322 0.086004
vt -0.009368 0.094206
vt -0.009368 0.094206
vt -0.005322 0.086004
vt -0.294922 0
vt 0.002382 0.077343
vt 0.294922 0
vt 0.005322 0.086004
vt 0.005322 0.086004
vt 0.294922 0
vt 0.002382 0.077343
vt 0.088031 0.088634
vt -0.254557 0.079488
vt 0.088031 0.079488
vt 0.088031 0.079488
vt -0.254557 0.079488
vt 0.088031 0.088634
vt -0.254557 0.079488
vt 0.088031 0.088634
vt -0.254557 0.088634
vt -0.254557 0.088634
vt 0.088031 0.088634
vt -0.254557 0.079488
vt 0.06992 0.129167
vt 0.294922 0
vt 0.22398 0.129167
vt 0.22398 0.129167
vt 0.294922 0
vt 0.06992 0.129167
vt -0.254557 0.078219
vt 0.088031 0.069073
vt 0.088031 0.078219
vt 0.088031 0.078219
vt 0.088031 0.069073
vt -0.254557 0.078219
vt 0.088031 0.069073
vt -0.254557 0.078219
vt -0.254557 0.069073
vt -0.254557 0.069073
vt -0.254557 0.078219
vt 0.088031 0.069073
vt -0.294922 0
vt -0.06992 0.129167
vt -0.22398 0.129167
vt -0.22398 0.129167
vt -0.06992 0.129167
vt -0.294922 0
vt -0.294922 0
vt -0.002382 0.077343
vt -0.005322 0.086004
vt -0.005322 0.086004
vt -0.002382 0.077343
vt -0.294922 0
vt 0.000598 0.068373
vt 0.294922 0
vt 0.002382 0.077343
vt 0.002382 0.077343
vt 0.294922 0
vt 0.000598 0.068373
vt 0.088031 0.08315
vt -0.254557 0.074004
vt 0.088031 0.074004
vt 0.088031 0.074004
vt -0.254557 0.074004
vt 0.088031 0.08315
vt -0.254557 0.074004
vt 0.088031 0.08315
vt -0.254557 0.08315
vt -0.254557 0.08315
vt 0.088031 0.08315
vt -0.254557 0.074004
vt 0.22398 0.129167
vt 0.294922 0
vt 0.23324 0.12856
vt 0.23324 0.12856
vt 0.294922 0
vt 0.22398 0.129167
vt -0.254557 0.22398
vt 0.088031 0.06992
vt 0.088031 0.22398
vt 0.088031 0.22398
vt 0.088031 0.06992
vt -0.254557 0.22398
vt 0.088031 0.06992
vt -0.254557 0.22398
vt -0.254557 0.06992
vt -0.254557 0.06992
vt -0.254557 0.22398
vt 0.088031 0.06992
vt -0.294922 0
vt -0.22398 0.129167
vt -0.23324 0.12856
vt -0.23324 0.12856
vt -0.22398 0.129167
vt -0.294922 0
vt -0.294922 0
vt -0.000598 0.068373
vt -0.002382 0.077343
vt -0.002382 0.077343
vt -0.000598 0.068373
vt -0.294922 0
vt 0 0.059246
vt 0.294922 0
vt 0.000598 0.068373
vt 0.000598 0.068373
vt 0.294922 0
vt 0 0.059246
vt 0.088031 0.076322
vt -0.254557 0.067176
vt 0.088031 0.067176
vt 0.088031 0.067176
vt -0.254557 0.067176
vt 0.088031 0.076322
vt -0.254557 0.067176
vt 0.088031 0.076322
vt -0.254557 0.076322
vt -0.254557 0.076322
vt 0.088031 0.076322
vt -0.254557 0.067176
vt 0.23324 0.12856
vt 0.294922 0
vt 0.242341 0.126749
vt 0.242341 0.126749
vt 0.294922 0
vt 0.23324 0.12856
vt 0.254557 -0.224332
vt -0.088031 -0.215053
vt -0.088031 -0.224332
vt -0.088031 -0.224332
vt -0.088031 -0.215053
vt 0.254557 -0.224332
vt -0.088031 -0.215053
vt 0.254557 -0.224332
vt 0.254557 -0.215053
vt 0.254557 -0.215053
vt 0.254557 -0.224332
vt -0.088031 -0.215053
vt -0.294922 0
vt -0.23324 0.12856
vt -0.242341 0.126749
vt -0.242341 0.126749
vt -0.23324 0.12856
vt -0.294922 0
vt 0 0
vt -0.000598 0.068373
vt -0.294922 0
vt -0.294922 0
vt -0.000598 0.068373
vt 0 0
vt 0.294922 0
vt 0 0.059246
vt 0 0
vt 0 0
vt 0 0.059246
vt 0.294922 0
vt 0.088031 0.068265
vt -0.254557 0.059119
vt 0.088031 0.059119
vt 0.088031 0.059119
vt -0.254557 0.059119
vt 0.088031 0.068265
vt -0.254557 0.059119
vt 0.088031 0.068265
vt -0.254557 0.068265
vt -0.254557 0.068265
vt 0.088031 0.068265
vt -0.254557 0.059119
vt 0.242341 0.126749
vt 0.294922 0
vt 0.251128 0.123767
vt 0.251128 0.123767
vt 0.294922 0
vt 0.242341 0.126749
vt 0.254557 -0.212957
vt -0.088031 -0.203678
vt -0.088031 -0.212957
vt -0.088031 -0.212957
vt -0.088031 -0.203678
vt 0.254557 -0.212957
vt -0.088031 -0.203678
vt 0.254557 -0.212957
vt 0.254557 -0.203678
vt 0.254557 -0.203678
vt 0.254557 -0.212957
vt -0.088031 -0.203678
vt -0.294922 0
vt -0.242341 0.126749
vt -0.251128 0.123767
vt -0.251128 0.123767
vt -0.242341 0.126749
vt -0.294922 0
vt -0.000598 0.068373
vt 0 0
vt 0 0.059246
vt 0 0.059246
vt 0 0
vt -0.000598 0.068373
vt -0.088031 0.294922
vt 0.254557 0
vt 0.254557 0.294922
vt 0.254557 0.294922
vt 0.254557 0
vt -0.088031 0.294922
vt 0.088031 0.059246
vt -0.254557 0
vt 0.088031 0
vt 0.088031 0
vt -0.254557 0
vt 0.088031 0.059246
vt 0.254557 0
vt -0.088031 0.294922
vt -0.088031 0
vt -0.088031 0
vt -0.088031 0.294922
vt 0.254557 0
vt -0.254557 0
vt 0.088031 0.059246
vt -0.254557 0.059246
vt -0.254557 0.059246
vt 0.088031 0.059246
vt -0.254557 0
vt 0.251128 0.123767
vt 0.294922 0
vt 0.259451 0.119662
vt 0.259451 0.119662
vt 0.294922 0
vt 0.251128 0.123767
vt 0.254557 -0.198018
vt -0.088031 -0.188738
vt -0.088031 -0.198018
vt -0.088031 -0.198018
vt -0.088031 -0.188738
vt 0.254557 -0.198018
vt -0.088031 -0.188738
vt 0.254557 -0.198018
vt 0.254557 -0.188738
vt 0.254557 -0.188738
vt 0.254557 -0.198018
vt -0.088031 -0.188738
vt -0.294922 0
vt -0.251128 0.123767
vt -0.259451 0.119662
vt -0.259451 0.119662
vt -0.251128 0.123767
vt -0.294922 0
vt 0.254557 0.058225
vt -0.088031 0
vt 0.254557 0
vt 0.254557 0
vt -0.088031 0
vt 0.254557 0.058225
vt 0.259451 0.119662
vt 0.294922 0
vt 0.267167 0.114507
vt 0.267167 0.114507
vt 0.294922 0
vt 0.259451 0.119662
vt 0.254557 -0.179769
vt -0.088031 -0.17049
vt -0.088031 -0.179769
vt -0.088031 -0.179769
vt -0.088031 -0.17049
vt 0.254557 -0.179769
vt -0.088031 -0.17049
vt 0.254557 -0.179769
vt 0.254557 -0.17049
vt 0.254557 -0.17049
vt 0.254557 -0.179769
vt -0.088031 -0.17049
vt -0.294922 0
vt -0.259451 0.119662
vt -0.267167 0.114507
vt -0.267167 0.114507
vt -0.259451 0.119662
vt -0.294922 0
vt -0.088031 0
vt 0.254557 0.058225
vt -0.088031 0.058225
vt -0.088031 0.058225
vt 0.254557 0.058225
vt -0.088031 0
vt -0.294922 0
vt -0.294315 0.067485
vt -0.294922 0.058225
vt -0.294922 0.058225
vt -0.294315 0.067485
vt -0.294922 0
vt 0.267167 0.114507
vt 0.294922 0
vt 0.274144 0.108388
vt 0.274144 0.108388
vt 0.294922 0
vt 0.267167 0.114507
vt 0.254557 -0.158524
vt -0.088031 -0.149245
vt -0.088031 -0.158524
vt -0.088031 -0.158524
vt -0.088031 -0.149245
vt 0.254557 -0.158524
vt -0.088031 -0.149245
vt 0.254557 -0.158524
vt 0.254557 -0.149245
vt 0.254557 -0.149245
vt 0.254557 -0.158524
vt -0.088031 -0.149245
vt -0.294922 0
vt -0.267167 0.114507
vt -0.274144 0.108388
vt -0.274144 0.108388
vt -0.267167 0.114507
vt -0.294922 0
vt 0.254557 0.048091
vt -0.088031 0.038812
vt 0.254557 0.038812
vt 0.254557 0.038812
vt -0.088031 0.038812
vt 0.254557 0.048091
vt 0.294315 0.067485
vt 0.294922 0
vt 0.294922 0.058225
vt 0.294922 0.058225
vt 0.294922 0
vt 0.294315 0.067485
vt -0.294922 0
vt -0.292505 0.076586
vt -0.294315 0.067485
vt -0.294315 0.067485
vt -0.292505 0.076586
vt -0.294922 0
vt 0.274144 0.108388
vt 0.294922 0
vt 0.280262 0.101412
vt 0.280262 0.101412
vt 0.294922 0
vt 0.274144 0.108388
vt 0.254557 -0.134647
vt -0.088031 -0.125367
vt -0.088031 -0.134647
vt -0.088031 -0.134647
vt -0.088031 -0.125367
vt 0.254557 -0.134647
vt -0.088031 -0.125367
vt 0.254557 -0.134647
vt 0.254557 -0.125367
vt 0.254557 -0.125367
vt 0.254557 -0.134647
vt -0.088031 -0.125367
vt -0.294922 0
vt -0.274144 0.108388
vt -0.280262 0.101412
vt -0.280262 0.101412
vt -0.274144 0.108388
vt -0.294922 0
vt -0.088031 0.038812
vt 0.254557 0.048091
vt -0.088031 0.048091
vt -0.088031 0.048091
vt 0.254557 0.048091
vt -0.088031 0.038812
vt 0.292505 0.076586
vt 0.294922 0
vt 0.294315 0.067485
vt 0.294315 0.067485
vt 0.294922 0
vt 0.292505 0.076586
vt -0.294922 0
vt -0.289522 0.085373
vt -0.292505 0.076586
vt -0.292505 0.076586
vt -0.289522 0.085373
vt -0.294922 0
vt 0.254557 0.01805
vt -0.088031 0.00877
vt 0.254557 0.00877
vt 0.254557 0.00877
vt -0.088031 0.00877
vt 0.254557 0.01805
vt 0.280262 0.101412
vt 0.294922 0
vt 0.285418 0.093696
vt 0.285418 0.093696
vt 0.294922 0
vt 0.280262 0.101412
vt -0.088031 -0.108544
vt 0.254557 -0.099265
vt -0.088031 -0.099265
vt -0.088031 -0.099265
vt 0.254557 -0.099265
vt -0.088031 -0.108544
vt 0.254557 -0.099265
vt -0.088031 -0.108544
vt 0.254557 -0.108544
vt 0.254557 -0.108544
vt -0.088031 -0.108544
vt 0.254557 -0.099265
vt -0.294922 0
vt -0.280262 0.101412
vt -0.285418 0.093696
vt -0.285418 0.093696
vt -0.280262 0.101412
vt -0.294922 0
vt 0.289522 0.085373
vt 0.294922 0
vt 0.292505 0.076586
vt 0.292505 0.076586
vt 0.294922 0
vt 0.289522 0.085373
vt -0.088031 0.00877
vt 0.254557 0.01805
vt -0.088031 0.01805
vt -0.088031 0.01805
vt 0.254557 0.01805
vt -0.088031 0.00877
vt -0.294922 0
vt -0.285418 0.093696
vt -0.289522 0.085373
vt -0.289522 0.085373
vt -0.285418 0.093696
vt -0.294922 0
vt 0.254557 -0.012221
vt -0.088031 -0.021501
vt 0.254557 -0.021501
vt 0.254557 -0.021501
vt -0.088031 -0.021501
vt 0.254557 -0.012221
vt 0.285418 0.093696
vt 0.294922 0
vt 0.289522 0.085373
vt 0.289522 0.085373
vt 0.294922 0
vt 0.285418 0.093696
vt -0.088031 -0.080664
vt 0.254557 -0.071385
vt -0.088031 -0.071385
vt -0.088031 -0.071385
vt 0.254557 -0.071385
vt -0.088031 -0.080664
vt 0.254557 -0.071385
vt -0.088031 -0.080664
vt 0.254557 -0.080664
vt 0.254557 -0.080664
vt -0.088031 -0.080664
vt 0.254557 -0.071385
vt -0.088031 -0.021501
vt 0.254557 -0.012221
vt -0.088031 -0.012221
vt -0.088031 -0.012221
vt 0.254557 -0.012221
vt -0.088031 -0.021501
vt 0.254557 -0.042204
vt -0.088031 -0.051483
vt 0.254557 -0.051483
vt 0.254557 -0.051483
vt -0.088031 -0.051483
vt 0.254557 -0.042204
vt -0.088031 -0.051483
vt 0.254557 -0.042204
vt -0.088031 -0.042204
vt -0.088031 -0.042204
vt 0.254557 -0.042204
vt -0.088031 -0.051483
vt -0.865495 1.82852
vt -0.610938 1.62816
vt -0.610938 1.84935
vt -0.610938 1.62816
vt -0.865495 1.82852
vt -0.865495 1.60732
vt -0.610938 1.84935
vt -0.610938 1.62816
vt -0.865495 1.82852
vt -0.865495 1.60732
vt -0.865495 1.82852
vt -0.610938 1.62816
vt -1.62816 0.529908
vt -1.6333 0.624114
vt -1.84935 0.529908
vt -1.84935 0.529908
vt -1.6333 0.624114
vt -1.62816 0.529908
vt -0.610938 1.84935
vt -0.865495 2.12344
vt -0.865495 1.82852
vt -0.865495 1.82852
vt -0.865495 2.12344
vt -0.610938 1.84935
vt -1.12005 1.82852
vt -0.865495 1.60732
vt -0.865495 1.82852
vt -0.865495 1.82852
vt -0.865495 1.60732
vt -1.12005 1.82852
vt -0.865495 1.60732
vt -0.610938 1.5978
vt -0.610938 1.62816
vt -0.610938 1.62816
vt -0.610938 1.5978
vt -0.865495 1.60732
vt -1.62816 0.529908
vt -1.61797 0.615912
vt -1.6333 0.624114
vt -1.6333 0.624114
vt -1.61797 0.615912
vt -1.62816 0.529908
vt -1.84935 0.529908
vt -1.6333 0.624114
vt -1.65256 0.631719
vt -1.65256 0.631719
vt -1.6333 0.624114
vt -1.84935 0.529908
vt -0.865495 2.12344
vt -0.610938 1.84935
vt -0.610938 2.14427
vt -0.610938 2.14427
vt -0.610938 1.84935
vt -0.865495 2.12344
vt -1.12005 2.12344
vt -0.865495 1.82852
vt -0.865495 2.12344
vt -0.865495 2.12344
vt -0.865495 1.82852
vt -1.12005 2.12344
vt -0.865495 1.60732
vt -1.12005 1.82852
vt -1.12005 1.60732
vt -1.12005 1.60732
vt -1.12005 1.82852
vt -0.865495 1.60732
vt -0.865495 1.82852
vt -1.12005 2.12344
vt -1.12005 1.82852
vt -1.12005 1.82852
vt -1.12005 2.12344
vt -0.865495 1.82852
vt -0.610938 1.5978
vt -0.865495 1.60732
vt -1.12005 1.5978
vt -1.12005 1.5978
vt -0.865495 1.60732
vt -0.610938 1.5978
vt -1.5978 0.529908
vt -1.60006 0.598281
vt -1.62816 0.529908
vt -1.62816 0.529908
vt -1.60006 0.598281
vt -1.5978 0.529908
vt -1.62816 0.529908
vt -1.60682 0.607251
vt -1.61797 0.615912
vt -1.61797 0.615912
vt -1.60682 0.607251
vt -1.62816 0.529908
vt -1.47166 0.588133
vt -1.6333 0.624114
vt -1.61797 0.615912
vt -1.61797 0.615912
vt -1.6333 0.624114
vt -1.47166 0.588133
vt -1.62917 1.73456
vt -0.610938 1.71717
vt -0.610938 1.73456
vt -0.610938 1.73456
vt -0.610938 1.71717
vt -1.62917 1.73456
vt -1.47166 0.588133
vt -1.65256 0.631719
vt -1.6333 0.624114
vt -1.6333 0.624114
vt -1.65256 0.631719
vt -1.47166 0.588133
vt -1.62917 1.76908
vt -0.610938 1.74837
vt -0.610938 1.76908
vt -0.610938 1.76908
vt -0.610938 1.74837
vt -1.62917 1.76908
vt -1.84935 0.529908
vt -1.65256 0.631719
vt -1.67541 0.638595
vt -1.67541 0.638595
vt -1.65256 0.631719
vt -1.84935 0.529908
vt -1.84935 0.529908
vt -1.86279 0.659075
vt -2.14427 0.529908
vt -2.14427 0.529908
vt -1.86279 0.659075
vt -1.84935 0.529908
vt -0.610938 2.18764
vt -0.865495 2.12344
vt -0.610938 2.14427
vt -0.610938 2.14427
vt -0.865495 2.12344
vt -0.610938 2.18764
vt -0.865495 2.12344
vt -1.12005 2.41836
vt -1.12005 2.12344
vt -1.12005 2.12344
vt -1.12005 2.41836
vt -0.865495 2.12344
vt -1.37461 1.82852
vt -1.12005 1.60732
vt -1.12005 1.82852
vt -1.12005 1.82852
vt -1.12005 1.60732
vt -1.37461 1.82852
vt -1.12005 1.5978
vt -0.865495 1.60732
vt -1.12005 1.60732
vt -1.12005 1.60732
vt -0.865495 1.60732
vt -1.12005 1.5978
vt -1.37461 2.12344
vt -1.12005 1.82852
vt -1.12005 2.12344
vt -1.12005 2.12344
vt -1.12005 1.82852
vt -1.37461 2.12344
vt 1.12005 0.529908
vt 1.62917 0.589154
vt 0.610938 0.529908
vt 0.610938 0.529908
vt 1.62917 0.589154
vt 1.12005 0.529908
vt -1.12005 1.47166
vt -0.610938 1.5978
vt -1.12005 1.5978
vt -1.12005 1.5978
vt -0.610938 1.5978
vt -1.12005 1.47166
vt -1.60006 0.598281
vt -1.5978 0.529908
vt -1.5978 0.589154
vt -1.5978 0.589154
vt -1.5978 0.529908
vt -1.60006 0.598281
vt -1.62816 0.529908
vt -1.60006 0.598281
vt -1.60682 0.607251
vt -1.60682 0.607251
vt -1.60006 0.598281
vt -1.62816 0.529908
vt -1.47166 0.529908
vt -1.61797 0.615912
vt -1.60682 0.607251
vt -1.60682 0.607251
vt -1.61797 0.615912
vt -1.47166 0.529908
vt -1.62917 1.65544
vt -0.610938 1.64132
vt -0.610938 1.65544
vt -0.610938 1.65544
vt -0.610938 1.64132
vt -1.62917 1.65544
vt -1.47166 0.588133
vt -1.61797 0.615912
vt -1.47166 0.529908
vt -1.47166 0.529908
vt -1.61797 0.615912
vt -1.47166 0.588133
vt -0.610938 1.71717
vt -1.62917 1.73456
vt -1.62917 1.71717
vt -1.62917 1.71717
vt -1.62917 1.73456
vt -0.610938 1.71717
vt -0.610938 1.74837
vt -1.62917 1.76908
vt -1.62917 1.74837
vt -1.62917 1.74837
vt -1.62917 1.76908
vt -0.610938 1.74837
vt -1.47166 0.588133
vt -2.71328 0.971575
vt -1.65256 0.631719
vt -1.65256 0.631719
vt -2.71328 0.971575
vt -1.47166 0.588133
vt -0.610938 1.76449
vt -1.62917 1.78835
vt -1.62917 1.76449
vt -1.62917 1.76449
vt -1.62917 1.78835
vt -0.610938 1.76449
vt -1.65256 0.631719
vt -2.71328 0.971575
vt -1.67541 0.638595
vt -1.67541 0.638595
vt -2.71328 0.971575
vt -1.65256 0.631719
vt -1.62917 1.78835
vt -0.610938 1.76449
vt -0.610938 1.78835
vt -0.610938 1.78835
vt -0.610938 1.76449
vt -1.62917 1.78835
vt -1.84935 0.529908
vt -1.67541 0.638595
vt -1.70147 0.644626
vt -1.70147 0.644626
vt -1.67541 0.638595
vt -1.84935 0.529908
vt -1.84935 0.529908
vt -1.8282 0.658476
vt -1.86279 0.659075
vt -1.86279 0.659075
vt -1.8282 0.658476
vt -1.84935 0.529908
vt -2.14427 0.529908
vt -1.86279 0.659075
vt -2.44668 0.659075
vt -2.44668 0.659075
vt -1.86279 0.659075
vt -2.14427 0.529908
vt -0.865495 2.12344
vt -0.610938 2.18764
vt -0.865495 2.41836
vt -0.865495 2.41836
vt -0.610938 2.18764
vt -0.865495 2.12344
vt -2.14427 0.529908
vt -2.44668 0.659075
vt -2.18764 0.529908
vt -2.18764 0.529908
vt -2.44668 0.659075
vt -2.14427 0.529908
vt -1.12005 2.41836
vt -0.865495 2.12344
vt -0.865495 2.41836
vt -0.865495 2.41836
vt -0.865495 2.12344
vt -1.12005 2.41836
vt -1.37461 2.41836
vt -1.12005 2.12344
vt -1.12005 2.41836
vt -1.12005 2.41836
vt -1.12005 2.12344
vt -1.37461 2.41836
vt -1.12005 1.60732
vt -1.37461 1.82852
vt -1.37461 1.60732
vt -1.37461 1.60732
vt -1.37461 1.82852
vt -1.12005 1.60732
vt -1.12005 1.82852
vt -1.37461 2.12344
vt -1.37461 1.82852
vt -1.37461 1.82852
vt -1.37461 2.12344
vt -1.12005 1.82852
vt -1.12005 1.5978
vt -1.12005 1.60732
vt -1.37461 1.60732
vt -1.37461 1.60732
vt -1.12005 1.60732
vt -1.12005 1.5978
vt -1.12005 2.12344
vt -1.37461 2.41836
vt -1.37461 2.12344
vt -1.37461 2.12344
vt -1.37461 2.41836
vt -1.12005 2.12344
vt 1.37461 0.529908
vt 1.62917 0.589154
vt 1.12005 0.529908
vt 1.12005 0.529908
vt 1.62917 0.589154
vt 1.37461 0.529908
vt 0.610938 0.529908
vt 1.62917 0.589154
vt 0.610938 0.589154
vt 0.610938 0.589154
vt 1.62917 0.589154
vt 0.610938 0.529908
vt -0.610938 1.5978
vt -1.12005 1.47166
vt -0.610938 1.47166
vt -0.610938 1.47166
vt -1.12005 1.47166
vt -0.610938 1.5978
vt -1.12005 1.47166
vt -1.12005 1.5978
vt -1.37461 1.47166
vt -1.37461 1.47166
vt -1.12005 1.5978
vt -1.12005 1.47166
vt -1.5978 0.529908
vt -1.47166 0.529908
vt -1.5978 0.589154
vt -1.5978 0.589154
vt -1.47166 0.529908
vt -1.5978 0.529908
vt -1.47166 0.529908
vt -1.60006 0.598281
vt -1.5978 0.589154
vt -1.5978 0.589154
vt -1.60006 0.598281
vt -1.47166 0.529908
vt -0.610938 0.966381
vt -1.62917 0.956978
vt -0.610938 0.956978
vt -0.610938 0.956978
vt -1.62917 0.956978
vt -0.610938 0.966381
vt -1.47166 0.529908
vt -1.60682 0.607251
vt -1.60006 0.598281
vt -1.60006 0.598281
vt -1.60682 0.607251
vt -1.47166 0.529908
vt -0.610938 1.45217
vt -1.62917 1.44094
vt -0.610938 1.44094
vt -0.610938 1.44094
vt -1.62917 1.44094
vt -0.610938 1.45217
vt -0.610938 1.64132
vt -1.62917 1.65544
vt -1.62917 1.64132
vt -1.62917 1.64132
vt -1.62917 1.65544
vt -0.610938 1.64132
vt -1.47166 0.529908
vt -1.46936 0.597393
vt -1.47166 0.588133
vt -1.47166 0.588133
vt -1.46936 0.597393
vt -1.47166 0.529908
vt 0.610938 0.529908
vt 1.62917 0.588133
vt 0.610938 0.588133
vt 0.610938 0.588133
vt 1.62917 0.588133
vt 0.610938 0.529908
vt -1.62816 0.529908
vt -1.61797 0.615912
vt -1.6333 0.624114
vt -1.6333 0.624114
vt -1.61797 0.615912
vt -1.62816 0.529908
vt -1.84935 0.529908
vt -1.6333 0.624114
vt -1.65256 0.631719
vt -1.65256 0.631719
vt -1.6333 0.624114
vt -1.84935 0.529908
vt -1.46936 0.597393
vt -2.71328 0.971575
vt -1.47166 0.588133
vt -1.47166 0.588133
vt -2.71328 0.971575
vt -1.46936 0.597393
vt -1.84935 0.529908
vt -1.65256 0.631719
vt -1.67541 0.638595
vt -1.67541 0.638595
vt -1.65256 0.631719
vt -1.84935 0.529908
vt -1.67541 0.638595
vt -2.71328 0.971575
vt -1.70147 0.644626
vt -1.70147 0.644626
vt -2.71328 0.971575
vt -1.67541 0.638595
vt -0.610938 1.77624
vt -1.62917 1.80299
vt -1.62917 1.77624
vt -1.62917 1.77624
vt -1.62917 1.80299
vt -0.610938 1.77624
vt -1.62917 1.80299
vt -0.610938 1.77624
vt -0.610938 1.80299
vt -0.610938 1.80299
vt -0.610938 1.77624
vt -1.62917 1.80299
vt -1.84935 0.529908
vt -1.70147 0.644626
vt -1.73029 0.649707
vt -1.73029 0.649707
vt -1.70147 0.644626
vt -1.84935 0.529908
vt -1.84935 0.529908
vt -1.79421 0.656692
vt -1.8282 0.658476
vt -1.8282 0.658476
vt -1.79421 0.656692
vt -1.84935 0.529908
vt -1.8282 0.658476
vt -2.71328 0.971575
vt -1.86279 0.659075
vt -1.86279 0.659075
vt -2.71328 0.971575
vt -1.8282 0.658476
vt -1.62917 1.87391
vt -0.610938 1.83932
vt -0.610938 1.87391
vt -0.610938 1.87391
vt -0.610938 1.83932
vt -1.62917 1.87391
vt -1.86279 0.659075
vt -2.71328 0.971575
vt -2.44668 0.659075
vt -2.44668 0.659075
vt -2.71328 0.971575
vt -1.86279 0.659075
vt -1.62917 2.44668
vt -0.610938 1.86279
vt -0.610938 2.44668
vt -0.610938 2.44668
vt -0.610938 1.86279
vt -1.62917 2.44668
vt -0.865495 2.41836
vt -0.610938 2.18764
vt -0.610938 2.43919
vt -0.610938 2.43919
vt -0.610938 2.18764
vt -0.865495 2.41836
vt -2.18764 0.529908
vt -2.44668 0.659075
vt -2.43919 0.529908
vt -2.43919 0.529908
vt -2.44668 0.659075
vt -2.18764 0.529908
vt -0.865495 2.41836
vt -1.12005 2.71328
vt -1.12005 2.41836
vt -1.12005 2.41836
vt -1.12005 2.71328
vt -0.865495 2.41836
vt -1.12005 2.41836
vt -1.37461 2.71328
vt -1.37461 2.41836
vt -1.37461 2.41836
vt -1.37461 2.71328
vt -1.12005 2.41836
vt -1.62917 1.84935
vt -1.37461 1.60732
vt -1.37461 1.82852
vt -1.37461 1.82852
vt -1.37461 1.60732
vt -1.62917 1.84935
vt -1.62917 2.14427
vt -1.37461 1.82852
vt -1.37461 2.12344
vt -1.37461 2.12344
vt -1.37461 1.82852
vt -1.62917 2.14427
vt -1.12005 1.5978
vt -1.37461 1.60732
vt -1.37461 1.5978
vt -1.37461 1.5978
vt -1.37461 1.60732
vt -1.12005 1.5978
vt -1.62917 2.43919
vt -1.37461 2.12344
vt -1.37461 2.41836
vt -1.37461 2.41836
vt -1.37461 2.12344
vt -1.62917 2.43919
vt 1.62917 0.589154
vt 1.37461 0.529908
vt 1.62917 0.529908
vt 1.62917 0.529908
vt 1.37461 0.529908
vt 1.62917 0.589154
vt -1.37461 1.47166
vt -1.12005 1.5978
vt -1.37461 1.5978
vt -1.37461 1.5978
vt -1.12005 1.5978
vt -1.37461 1.47166
vt -1.12005 1.47166
vt -0.614603 1.45988
vt -0.610938 1.47166
vt -0.610938 1.47166
vt -0.614603 1.45988
vt -1.12005 1.47166
vt 1.12005 0.529908
vt 1.62917 0.588133
vt 0.610938 0.529908
vt 0.610938 0.529908
vt 1.62917 0.588133
vt 1.12005 0.529908
vt -1.37461 1.47166
vt -1.12005 1.4622
vt -1.12005 1.47166
vt -1.12005 1.47166
vt -1.12005 1.4622
vt -1.37461 1.47166
vt 1.37461 0.529908
vt 1.62917 0.588133
vt 1.12005 0.529908
vt 1.12005 0.529908
vt 1.62917 0.588133
vt 1.37461 0.529908
vt -1.62917 0.956978
vt -0.610938 0.966381
vt -1.62917 0.966381
vt -1.62917 0.966381
vt -0.610938 0.966381
vt -1.62917 0.956978
vt -1.62917 1.44094
vt -0.610938 1.45217
vt -1.62917 1.45217
vt -1.62917 1.45217
vt -0.610938 1.45217
vt -1.62917 1.44094
vt -1.62816 0.529908
vt -1.60682 0.607251
vt -1.61797 0.615912
vt -1.61797 0.615912
vt -1.60682 0.607251
vt -1.62816 0.529908
vt -1.47166 0.529908
vt -1.4625 0.606494
vt -1.46936 0.597393
vt -1.46936 0.597393
vt -1.4625 0.606494
vt -1.47166 0.529908
vt 0.610938 0.215994
vt 1.62917 0.225535
vt 0.610938 0.225535
vt 0.610938 0.225535
vt 1.62917 0.225535
vt 0.610938 0.215994
vt 1.62917 0.225535
vt 0.610938 0.215994
vt 1.62917 0.215994
vt 1.62917 0.215994
vt 0.610938 0.215994
vt 1.62917 0.225535
vt -1.62816 0.529908
vt -1.6333 0.624114
vt -1.84935 0.529908
vt -1.84935 0.529908
vt -1.6333 0.624114
vt -1.62816 0.529908
vt -1.4625 0.606494
vt -2.71328 0.971575
vt -1.46936 0.597393
vt -1.46936 0.597393
vt -2.71328 0.971575
vt -1.4625 0.606494
vt -1.84935 0.529908
vt -1.67541 0.638595
vt -1.70147 0.644626
vt -1.70147 0.644626
vt -1.67541 0.638595
vt -1.84935 0.529908
vt -1.70147 0.644626
vt -2.71328 0.971575
vt -1.73029 0.649707
vt -1.73029 0.649707
vt -2.71328 0.971575
vt -1.70147 0.644626
vt -0.610938 1.78755
vt -1.62917 1.81682
vt -1.62917 1.78755
vt -1.62917 1.78755
vt -1.62917 1.81682
vt -0.610938 1.78755
vt -1.62917 1.81682
vt -0.610938 1.78755
vt -0.610938 1.81682
vt -0.610938 1.81682
vt -0.610938 1.78755
vt -1.62917 1.81682
vt -1.84935 0.529908
vt -1.73029 0.649707
vt -1.76138 0.653752
vt -1.76138 0.653752
vt -1.73029 0.649707
vt -1.84935 0.529908
vt -1.84935 0.529908
vt -1.76138 0.653752
vt -1.79421 0.656692
vt -1.79421 0.656692
vt -1.76138 0.653752
vt -1.84935 0.529908
vt -1.79421 0.656692
vt -2.71328 0.971575
vt -1.8282 0.658476
vt -1.8282 0.658476
vt -2.71328 0.971575
vt -1.79421 0.656692
vt -1.62917 1.8602
vt -0.610938 1.82616
vt -0.610938 1.8602
vt -0.610938 1.8602
vt -0.610938 1.82616
vt -1.62917 1.8602
vt -0.610938 1.83932
vt -1.62917 1.87391
vt -1.62917 1.83932
vt -1.62917 1.83932
vt -1.62917 1.87391
vt -0.610938 1.83932
vt -0.610938 1.86279
vt -1.62917 2.44668
vt -1.62917 1.86279
vt -1.62917 1.86279
vt -1.62917 2.44668
vt -0.610938 1.86279
vt -2.44668 0.659075
vt -2.71328 0.971575
vt -2.48177 0.658468
vt -2.48177 0.658468
vt -2.71328 0.971575
vt -2.44668 0.659075
vt 0.610938 -2.43492
vt 1.62917 -2.47002
vt 1.62917 -2.43492
vt 1.62917 -2.43492
vt 1.62917 -2.47002
vt 0.610938 -2.43492
vt -0.610938 2.48256
vt -0.865495 2.41836
vt -0.610938 2.43919
vt -0.610938 2.43919
vt -0.865495 2.41836
vt -0.610938 2.48256
vt -2.43919 0.529908
vt -2.44668 0.659075
vt -2.48256 0.529908
vt -2.48256 0.529908
vt -2.44668 0.659075
vt -2.43919 0.529908
vt -1.12005 2.71328
vt -0.865495 2.41836
vt -0.865495 2.71328
vt -0.865495 2.71328
vt -0.865495 2.41836
vt -1.12005 2.71328
vt -1.37461 2.71328
vt -1.12005 2.41836
vt -1.12005 2.71328
vt -1.12005 2.71328
vt -1.12005 2.41836
vt -1.37461 2.71328
vt -1.62917 2.71328
vt -1.37461 2.41836
vt -1.37461 2.71328
vt -1.37461 2.71328
vt -1.37461 2.41836
vt -1.62917 2.71328
vt -1.37461 1.60732
vt -1.62917 1.84935
vt -1.62917 1.62816
vt -1.62917 1.62816
vt -1.62917 1.84935
vt -1.37461 1.60732
vt -1.37461 1.82852
vt -1.62917 2.14427
vt -1.62917 1.84935
vt -1.62917 1.84935
vt -1.62917 2.14427
vt -1.37461 1.82852
vt -1.37461 2.12344
vt -1.62917 2.43919
vt -1.62917 2.14427
vt -1.62917 2.14427
vt -1.62917 2.43919
vt -1.37461 2.12344
vt -1.37461 1.5978
vt -1.37461 1.60732
vt -1.62917 1.62816
vt -1.62917 1.62816
vt -1.37461 1.60732
vt -1.37461 1.5978
vt -1.37461 2.41836
vt -1.62917 2.71328
vt -1.62917 2.43919
vt -1.62917 2.43919
vt -1.62917 2.71328
vt -1.37461 2.41836
vt -1.37461 1.5978
vt -1.62917 1.62816
vt -1.62917 1.5978
vt -1.62917 1.5978
vt -1.62917 1.62816
vt -1.37461 1.5978
vt -1.62917 1.47166
vt -1.37461 1.5978
vt -1.62917 1.5978
vt -1.62917 1.5978
vt -1.37461 1.5978
vt -1.62917 1.47166
vt -1.60006 0.598281
vt -1.5978 0.529908
vt -1.5978 0.589154
vt -1.5978 0.589154
vt -1.5978 0.529908
vt -1.60006 0.598281
vt -1.37461 1.47166
vt -1.37461 1.5978
vt -1.62917 1.47166
vt -1.62917 1.47166
vt -1.37461 1.5978
vt -1.37461 1.47166
vt -0.614603 1.45988
vt -1.12005 1.47166
vt -0.865495 1.46103
vt -0.865495 1.46103
vt -1.12005 1.47166
vt -0.614603 1.45988
vt 0.614603 1.45988
vt 0.610938 1.47166
vt 0.610938 1.45986
vt 0.610938 1.45986
vt 0.610938 1.47166
vt 0.614603 1.45988
vt -1.12005 1.4622
vt -1.37461 1.47166
vt -1.37461 1.46336
vt -1.37461 1.46336
vt -1.37461 1.47166
vt -1.12005 1.4622
vt -0.865495 1.46103
vt -1.12005 1.47166
vt -1.12005 1.4622
vt -1.12005 1.4622
vt -1.12005 1.47166
vt -0.865495 1.46103
vt 1.62917 0.588133
vt 1.37461 0.529908
vt 1.62917 0.529908
vt 1.62917 0.529908
vt 1.37461 0.529908
vt 1.62917 0.588133
vt -1.62816 0.529908
vt -1.60006 0.598281
vt -1.60682 0.607251
vt -1.60682 0.607251
vt -1.60006 0.598281
vt -1.62816 0.529908
vt -1.45986 0.529908
vt -1.4625 0.606494
vt -1.47166 0.529908
vt -1.47166 0.529908
vt -1.4625 0.606494
vt -1.45986 0.529908
vt 0.610938 -0.4075
vt 1.62917 -0.396103
vt 0.610938 -0.396103
vt 0.610938 -0.396103
vt 1.62917 -0.396103
vt 0.610938 -0.4075
vt 1.62917 -0.396103
vt 0.610938 -0.4075
vt 1.62917 -0.4075
vt 1.62917 -0.4075
vt 0.610938 -0.4075
vt 1.62917 -0.396103
vt -1.47166 0.529908
vt -1.46936 0.597393
vt -1.47166 0.588133
vt -1.47166 0.588133
vt -1.46936 0.597393
vt -1.47166 0.529908
vt -2.71328 0.309075
vt -1.62816 0.529908
vt -1.84935 0.529908
vt -1.84935 0.529908
vt -1.62816 0.529908
vt -2.71328 0.309075
vt -1.45119 0.615281
vt -2.71328 0.971575
vt -1.4625 0.606494
vt -1.4625 0.606494
vt -2.71328 0.971575
vt -1.45119 0.615281
vt -1.84935 0.529908
vt -1.70147 0.644626
vt -1.73029 0.649707
vt -1.73029 0.649707
vt -1.70147 0.644626
vt -1.84935 0.529908
vt -1.73029 0.649707
vt -2.71328 0.971575
vt -1.76138 0.653752
vt -1.76138 0.653752
vt -2.71328 0.971575
vt -1.73029 0.649707
vt -0.610938 1.79966
vt -1.62917 1.83101
vt -1.62917 1.79966
vt -1.62917 1.79966
vt -1.62917 1.83101
vt -0.610938 1.79966
vt -1.62917 1.83101
vt -0.610938 1.79966
vt -0.610938 1.83101
vt -0.610938 1.83101
vt -0.610938 1.79966
vt -1.62917 1.83101
vt -1.76138 0.653752
vt -2.71328 0.971575
vt -1.79421 0.656692
vt -1.79421 0.656692
vt -2.71328 0.971575
vt -1.76138 0.653752
vt -1.62917 1.84563
vt -0.610938 1.81268
vt -0.610938 1.84563
vt -0.610938 1.84563
vt -0.610938 1.81268
vt -1.62917 1.84563
vt -0.610938 1.82616
vt -1.62917 1.8602
vt -1.62917 1.82616
vt -1.62917 1.82616
vt -1.62917 1.8602
vt -0.610938 1.82616
vt -1.84935 0.529908
vt -1.8282 0.658476
vt -1.86279 0.659075
vt -1.86279 0.659075
vt -1.8282 0.658476
vt -1.84935 0.529908
vt -1.91138 0.529908
vt -1.86279 0.659075
vt -2.44668 0.659075
vt -2.44668 0.659075
vt -1.86279 0.659075
vt -1.91138 0.529908
vt -2.48177 0.658468
vt -2.71328 0.971575
vt -2.51627 0.656657
vt -2.51627 0.656657
vt -2.71328 0.971575
vt -2.48177 0.658468
vt -2.48256 0.529908
vt -2.44668 0.659075
vt -2.48177 0.658468
vt -2.48177 0.658468
vt -2.44668 0.659075
vt -2.48256 0.529908
vt 1.62917 -2.47002
vt 0.610938 -2.43492
vt 0.610938 -2.47002
vt 0.610938 -2.47002
vt 0.610938 -2.43492
vt 1.62917 -2.47002
vt -2.50122 0.529908
vt -2.44668 0.659075
vt -2.48177 0.658468
vt -2.48177 0.658468
vt -2.44668 0.659075
vt -2.50122 0.529908
vt -0.865495 2.41836
vt -0.610938 2.48256
vt -0.865495 2.71328
vt -0.865495 2.71328
vt -0.610938 2.48256
vt -0.865495 2.41836
vt -0.865495 2.71328
vt -1.12005 2.71555
vt -1.12005 2.71328
vt -1.12005 2.71328
vt -1.12005 2.71555
vt -0.865495 2.71328
vt -0.865495 0.529246
vt -0.610938 0.596599
vt -1.12005 0.529246
vt -1.12005 0.529246
vt -0.610938 0.596599
vt -0.865495 0.529246
vt -1.12005 2.71555
vt -1.37461 2.71328
vt -1.12005 2.71328
vt -1.12005 2.71328
vt -1.37461 2.71328
vt -1.12005 2.71555
vt -1.12005 0.529246
vt -0.610938 0.596599
vt -1.37461 0.529246
vt -1.37461 0.529246
vt -0.610938 0.596599
vt -1.12005 0.529246
vt -1.37461 2.71555
vt -1.62917 2.71328
vt -1.37461 2.71328
vt -1.37461 2.71328
vt -1.62917 2.71328
vt -1.37461 2.71555
vt -1.37461 0.529246
vt -0.610938 0.596599
vt -1.62917 0.529246
vt -1.62917 0.529246
vt -0.610938 0.596599
vt -1.37461 0.529246
vt -1.62917 1.84935
vt -1.62917 2.14427
vt -1.62917 1.91138
vt -1.62917 1.91138
vt -1.62917 2.14427
vt -1.62917 1.84935
vt -1.62917 2.14427
vt -1.62917 2.43919
vt -1.62917 2.22496
vt -1.62917 2.22496
vt -1.62917 2.43919
vt -1.62917 2.14427
vt -1.62917 2.43919
vt -1.62917 2.71328
vt -1.62917 2.70842
vt -1.62917 2.70842
vt -1.62917 2.71328
vt -1.62917 2.43919
vt -1.5978 0.529908
vt -1.60006 0.598281
vt -1.62816 0.529908
vt -1.62816 0.529908
vt -1.60006 0.598281
vt -1.5978 0.529908
vt -2.71328 0.309075
vt -1.5978 0.529908
vt -1.62816 0.529908
vt -1.62816 0.529908
vt -1.5978 0.529908
vt -2.71328 0.309075
vt -2.71328 0.309075
vt -1.47166 0.529908
vt -1.5978 0.529908
vt -1.5978 0.529908
vt -1.47166 0.529908
vt -2.71328 0.309075
vt 1.37461 1.47166
vt 1.62695 1.46452
vt 1.62917 1.47166
vt 1.62917 1.47166
vt 1.62695 1.46452
vt 1.37461 1.47166
vt -0.865495 1.46103
vt -0.683016 1.23999
vt -0.614603 1.45988
vt -0.614603 1.45988
vt -0.683016 1.23999
vt -0.865495 1.46103
vt -0.865495 1.46103
vt -0.683016 1.23999
vt -0.614603 1.45988
vt -0.614603 1.45988
vt -0.683016 1.23999
vt -0.865495 1.46103
vt -0.614603 1.45988
vt -0.610938 1.23867
vt -0.610938 1.45986
vt -0.610938 1.45986
vt -0.610938 1.23867
vt -0.614603 1.45988
vt 1.62695 1.46452
vt 1.37461 1.47166
vt 1.37461 1.46336
vt 1.37461 1.46336
vt 1.37461 1.47166
vt 1.62695 1.46452
vt -1.37461 1.46336
vt -1.12005 1.248
vt -1.12005 1.4622
vt -1.12005 1.4622
vt -1.12005 1.248
vt -1.37461 1.46336
vt -1.12005 1.4622
vt -0.865495 1.24334
vt -0.865495 1.46103
vt -0.865495 1.46103
vt -0.865495 1.24334
vt -1.12005 1.4622
vt -1.45986 0.529908
vt -1.45119 0.615281
vt -1.4625 0.606494
vt -1.4625 0.606494
vt -1.45119 0.615281
vt -1.45986 0.529908
vt 1.62917 -0.782499
vt 0.610938 -0.768181
vt 0.610938 -0.782499
vt 0.610938 -0.782499
vt 0.610938 -0.768181
vt 1.62917 -0.782499
vt -1.46453 0.529908
vt -1.4625 0.606494
vt -1.46936 0.597393
vt -1.46936 0.597393
vt -1.4625 0.606494
vt -1.46453 0.529908
vt -1.46453 0.529908
vt -1.46936 0.597393
vt -1.47166 0.529908
vt -1.47166 0.529908
vt -1.46936 0.597393
vt -1.46453 0.529908
vt -2.71328 0.309075
vt -1.84935 0.529908
vt -1.91138 0.529908
vt -1.91138 0.529908
vt -1.84935 0.529908
vt -2.71328 0.309075
vt -1.43564 0.623604
vt -2.71328 0.971575
vt -1.45119 0.615281
vt -1.45119 0.615281
vt -2.71328 0.971575
vt -1.43564 0.623604
vt -1.84935 0.529908
vt -1.73029 0.649707
vt -1.76138 0.653752
vt -1.76138 0.653752
vt -1.73029 0.649707
vt -1.84935 0.529908
vt -0.610938 1.81268
vt -1.62917 1.84563
vt -1.62917 1.81268
vt -1.62917 1.81268
vt -1.62917 1.84563
vt -0.610938 1.81268
vt -1.84935 0.529908
vt -1.79421 0.656692
vt -1.8282 0.658476
vt -1.8282 0.658476
vt -1.79421 0.656692
vt -1.84935 0.529908
vt -1.84935 0.529908
vt -1.86279 0.659075
vt -1.91138 0.529908
vt -1.91138 0.529908
vt -1.86279 0.659075
vt -1.84935 0.529908
vt -1.91138 0.529908
vt -2.44668 0.659075
vt -2.14427 0.529908
vt -2.14427 0.529908
vt -2.44668 0.659075
vt -1.91138 0.529908
vt -2.51627 0.656657
vt -2.71328 0.971575
vt -2.54957 0.653674
vt -2.54957 0.653674
vt -2.71328 0.971575
vt -2.51627 0.656657
vt -2.48256 0.529908
vt -2.48177 0.658468
vt -2.51627 0.656657
vt -2.51627 0.656657
vt -2.48177 0.658468
vt -2.48256 0.529908
vt 1.62917 -2.47839
vt 0.610938 -2.44385
vt 0.610938 -2.47839
vt 0.610938 -2.47839
vt 0.610938 -2.44385
vt 1.62917 -2.47839
vt 0.610938 -2.44385
vt 1.62917 -2.47839
vt 1.62917 -2.44385
vt 1.62917 -2.44385
vt 1.62917 -2.47839
vt 0.610938 -2.44385
vt -2.43919 0.529908
vt -2.44668 0.659075
vt -2.50122 0.529908
vt -2.50122 0.529908
vt -2.44668 0.659075
vt -2.43919 0.529908
vt -2.50122 0.529908
vt -2.48177 0.658468
vt -2.51627 0.656657
vt -2.51627 0.656657
vt -2.48177 0.658468
vt -2.50122 0.529908
vt -0.610938 2.70375
vt -0.865495 2.71328
vt -0.610938 2.48256
vt -0.610938 2.48256
vt -0.865495 2.71328
vt -0.610938 2.70375
vt -1.12005 2.71555
vt -0.865495 2.71328
vt -0.865495 2.71555
vt -0.865495 2.71555
vt -0.865495 2.71328
vt -1.12005 2.71555
vt -0.610938 0.596599
vt -0.865495 0.529246
vt -0.610938 0.529246
vt -0.610938 0.529246
vt -0.865495 0.529246
vt -0.610938 0.596599
vt -1.37461 2.71328
vt -1.12005 2.71555
vt -1.37461 2.71555
vt -1.37461 2.71555
vt -1.12005 2.71555
vt -1.37461 2.71328
vt -1.62917 2.71328
vt -1.37461 2.71555
vt -1.62917 2.71555
vt -1.62917 2.71555
vt -1.37461 2.71555
vt -1.62917 2.71328
vt -1.62917 0.529246
vt -0.610938 0.596599
vt -1.62917 0.596599
vt -1.62917 0.596599
vt -0.610938 0.596599
vt -1.62917 0.529246
vt -2.71328 0.309075
vt -1.91138 0.529908
vt -2.14427 0.529908
vt -2.14427 0.529908
vt -1.91138 0.529908
vt -2.71328 0.309075
vt -2.22496 0.529908
vt -2.44668 0.659075
vt -2.43919 0.529908
vt -2.43919 0.529908
vt -2.44668 0.659075
vt -2.22496 0.529908
vt -2.71328 0.309075
vt -2.22496 0.529908
vt -2.43919 0.529908
vt -2.43919 0.529908
vt -2.22496 0.529908
vt -2.71328 0.309075
vt -2.14427 0.529908
vt -2.44668 0.659075
vt -2.22496 0.529908
vt -2.22496 0.529908
vt -2.44668 0.659075
vt -2.14427 0.529908
vt -2.71328 0.309075
vt -2.14427 0.529908
vt -2.22496 0.529908
vt -2.22496 0.529908
vt -2.14427 0.529908
vt -2.71328 0.309075
vt -2.70842 0.529908
vt -2.71325 0.597393
vt -2.71328 0.529908
vt -2.71328 0.529908
vt -2.71325 0.597393
vt -2.70842 0.529908
vt -2.71328 0.309075
vt -2.70842 0.529908
vt -2.71328 0.529908
vt -2.71328 0.529908
vt -2.70842 0.529908
vt -2.71328 0.309075
vt -1.62917 2.43919
vt -1.62917 2.70842
vt -1.62917 2.50122
vt -1.62917 2.50122
vt -1.62917 2.70842
vt -1.62917 2.43919
vt -2.71328 0.309075
vt -1.46453 0.529908
vt -1.47166 0.529908
vt -1.47166 0.529908
vt -1.46453 0.529908
vt -2.71328 0.309075
vt 1.62917 1.47166
vt 1.62695 1.46452
vt 1.62917 1.46453
vt 1.62917 1.46453
vt 1.62695 1.46452
vt 1.62917 1.47166
vt -0.683016 1.23999
vt -0.865495 1.46103
vt -0.773335 0.949702
vt -0.773335 0.949702
vt -0.865495 1.46103
vt -0.683016 1.23999
vt -0.683016 1.23999
vt -0.865495 1.46103
vt -0.865495 1.24334
vt -0.865495 1.24334
vt -0.865495 1.46103
vt -0.683016 1.23999
vt -0.610938 1.23867
vt -0.614603 1.45988
vt -0.683016 1.23999
vt -0.683016 1.23999
vt -0.614603 1.45988
vt -0.610938 1.23867
vt -1.23867 0.529908
vt -1.27238 0.656657
vt -1.45986 0.529908
vt -1.45986 0.529908
vt -1.27238 0.656657
vt -1.23867 0.529908
vt 1.37461 1.46336
vt 1.56236 1.25611
vt 1.62695 1.46452
vt 1.62695 1.46452
vt 1.56236 1.25611
vt 1.37461 1.46336
vt -1.12005 1.248
vt -1.37461 1.46336
vt -1.37461 1.25267
vt -1.37461 1.25267
vt -1.37461 1.46336
vt -1.12005 1.248
vt -0.865495 1.24334
vt -1.12005 1.4622
vt -1.12005 1.248
vt -1.12005 1.248
vt -1.12005 1.4622
vt -0.865495 1.24334
vt -0.865495 0.953079
vt -0.865495 1.46103
vt -0.865495 1.24334
vt -0.865495 1.24334
vt -0.865495 1.46103
vt -0.865495 0.953079
vt -1.45986 0.529908
vt -1.43564 0.623604
vt -1.45119 0.615281
vt -1.45119 0.615281
vt -1.43564 0.623604
vt -1.45986 0.529908
vt 0.610938 -0.768181
vt 1.62917 -0.782499
vt 1.62917 -0.768181
vt 1.62917 -0.768181
vt 1.62917 -0.782499
vt 0.610938 -0.768181
vt -1.46453 0.529908
vt -1.45119 0.615281
vt -1.4625 0.606494
vt -1.4625 0.606494
vt -1.45119 0.615281
vt -1.46453 0.529908
vt -1.4161 0.631319
vt -2.71328 0.971575
vt -1.43564 0.623604
vt -1.43564 0.623604
vt -2.71328 0.971575
vt -1.4161 0.631319
vt 1.62917 -0.989293
vt 0.610938 -0.971651
vt 0.610938 -0.989293
vt 0.610938 -0.989293
vt 0.610938 -0.971651
vt 1.62917 -0.989293
vt -1.84935 0.529908
vt -1.76138 0.653752
vt -1.79421 0.656692
vt -1.79421 0.656692
vt -1.76138 0.653752
vt -1.84935 0.529908
vt -2.54957 0.653674
vt -2.71328 0.971575
vt -2.58111 0.64957
vt -2.58111 0.64957
vt -2.71328 0.971575
vt -2.54957 0.653674
vt -2.70375 0.529908
vt -2.51627 0.656657
vt -2.54957 0.653674
vt -2.54957 0.653674
vt -2.51627 0.656657
vt -2.70375 0.529908
vt 1.62917 -2.48109
vt 0.610938 -2.44766
vt 0.610938 -2.48109
vt 0.610938 -2.48109
vt 0.610938 -2.44766
vt 1.62917 -2.48109
vt -2.48256 0.529908
vt -2.51627 0.656657
vt -2.70375 0.529908
vt -2.70375 0.529908
vt -2.51627 0.656657
vt -2.48256 0.529908
vt 0.610938 -2.44766
vt 1.62917 -2.48109
vt 1.62917 -2.44766
vt 1.62917 -2.44766
vt 1.62917 -2.48109
vt 0.610938 -2.44766
vt -2.71328 0.309075
vt -2.43919 0.529908
vt -2.50122 0.529908
vt -2.50122 0.529908
vt -2.43919 0.529908
vt -2.71328 0.309075
vt -2.50122 0.529908
vt -2.51627 0.656657
vt -2.70842 0.529908
vt -2.70842 0.529908
vt -2.51627 0.656657
vt -2.50122 0.529908
vt -0.865495 2.71328
vt -0.610938 2.70375
vt -0.610938 2.71328
vt -0.610938 2.71328
vt -0.610938 2.70375
vt -0.865495 2.71328
vt -0.865495 2.71328
vt -0.610938 2.71555
vt -0.865495 2.71555
vt -0.865495 2.71555
vt -0.610938 2.71555
vt -0.865495 2.71328
vt 1.12005 0.529908
vt 1.62917 0.588133
vt 0.865495 0.529908
vt 0.865495 0.529908
vt 1.62917 0.588133
vt 1.12005 0.529908
vt -0.610938 2.71555
vt -0.865495 2.71328
vt -0.610938 2.71328
vt -0.610938 2.71328
vt -0.865495 2.71328
vt -0.610938 2.71555
vt -2.71555 0.588133
vt -2.71328 0.529908
vt -2.71328 0.597261
vt -2.71328 0.597261
vt -2.71328 0.529908
vt -2.71555 0.588133
vt -2.71328 0.529908
vt -2.71325 0.597393
vt -2.71328 0.597261
vt -2.71328 0.597261
vt -2.71325 0.597393
vt -2.71328 0.529908
vt 1.37461 0.529908
vt 1.62917 0.588133
vt 1.12005 0.529908
vt 1.12005 0.529908
vt 1.62917 0.588133
vt 1.37461 0.529908
vt 1.62917 0.588133
vt 1.37461 0.529908
vt 1.62917 0.529908
vt 1.62917 0.529908
vt 1.37461 0.529908
vt 1.62917 0.588133
vt -2.71555 0.529908
vt -2.71328 0.309075
vt -2.71328 0.529908
vt -2.71328 0.529908
vt -2.71328 0.309075
vt -2.71555 0.529908
vt -2.71328 0.529908
vt -2.71555 0.588133
vt -2.71555 0.529908
vt -2.71555 0.529908
vt -2.71555 0.588133
vt -2.71328 0.529908
vt 0.610938 -0.083886
vt 1.62917 -0.074481
vt 0.610938 -0.074481
vt 0.610938 -0.074481
vt 1.62917 -0.074481
vt 1.62917 -0.074345
vt 0.610938 -0.074481
vt 1.62917 -0.074481
vt 0.610938 -0.083886
vt 1.62917 -0.074345
vt 1.62917 -0.074481
vt 0.610938 -0.074481
vt -1.62917 0.596599
vt -0.610938 0.596599
vt -0.610938 0.596731
vt -0.610938 0.596731
vt -0.610938 0.596599
vt -1.62917 0.596599
vt -2.71328 0.529908
vt -2.71325 0.597393
vt -2.71328 0.597261
vt -2.71328 0.597261
vt -2.71325 0.597393
vt -2.71328 0.529908
vt -2.71555 0.588133
vt -2.71328 0.529908
vt -2.71328 0.597261
vt -2.71328 0.597261
vt -2.71328 0.529908
vt -2.71555 0.588133
vt -2.70842 0.529908
vt -2.70639 0.606494
vt -2.71325 0.597393
vt -2.71325 0.597393
vt -2.70639 0.606494
vt -2.70842 0.529908
vt -2.71328 0.309075
vt -2.50122 0.529908
vt -2.70842 0.529908
vt -2.70842 0.529908
vt -2.50122 0.529908
vt -2.71328 0.309075
vt -2.71328 0.309075
vt -1.25733 0.529908
vt -1.46453 0.529908
vt -1.46453 0.529908
vt -1.25733 0.529908
vt -2.71328 0.309075
vt 1.62695 1.46452
vt 1.62917 1.25733
vt 1.62917 1.46453
vt 1.62917 1.46453
vt 1.62917 1.25733
vt 1.62695 1.46452
vt -0.773335 0.949702
vt -0.865495 1.46103
vt -0.865495 0.953079
vt -0.865495 0.953079
vt -0.865495 1.46103
vt -0.773335 0.949702
vt 0.610938 1.23867
vt 0.773335 0.949702
vt 0.683016 1.23999
vt 0.683016 1.23999
vt 0.773335 0.949702
vt 0.610938 1.23867
vt -0.865495 1.24334
vt -0.773335 0.949702
vt -0.683016 1.23999
vt -0.683016 1.23999
vt -0.773335 0.949702
vt -0.865495 1.24334
vt -1.23867 0.529908
vt -1.23789 0.658468
vt -1.27238 0.656657
vt -1.27238 0.656657
vt -1.23789 0.658468
vt -1.23867 0.529908
vt -1.45986 0.529908
vt -1.27238 0.656657
vt -1.30568 0.653674
vt -1.30568 0.653674
vt -1.27238 0.656657
vt -1.45986 0.529908
vt 1.56236 1.25611
vt 1.37461 1.46336
vt 1.37461 1.25267
vt 1.37461 1.25267
vt 1.37461 1.46336
vt 1.56236 1.25611
vt 1.62917 1.25733
vt 1.62695 1.46452
vt 1.56236 1.25611
vt 1.56236 1.25611
vt 1.62695 1.46452
vt 1.62917 1.25733
vt -1.37461 1.25267
vt -1.12005 0.962409
vt -1.12005 1.248
vt -1.12005 1.248
vt -1.12005 0.962409
vt -1.37461 1.25267
vt -1.12005 1.248
vt -0.865495 0.953079
vt -0.865495 1.24334
vt -0.865495 1.24334
vt -0.865495 0.953079
vt -1.12005 1.248
vt -0.773335 0.949702
vt -0.865495 1.24334
vt -0.865495 0.953079
vt -0.865495 0.953079
vt -0.865495 1.24334
vt -0.773335 0.949702
vt -1.45986 0.529908
vt -1.4161 0.631319
vt -1.43564 0.623604
vt -1.43564 0.623604
vt -1.4161 0.631319
vt -1.45986 0.529908
vt -1.46453 0.529908
vt -1.43564 0.623604
vt -1.45119 0.615281
vt -1.45119 0.615281
vt -1.43564 0.623604
vt -1.46453 0.529908
vt -1.39291 0.638296
vt -2.71328 0.971575
vt -1.4161 0.631319
vt -1.4161 0.631319
vt -2.71328 0.971575
vt -1.39291 0.638296
vt 1.62917 -1.10626
vt 0.610938 -1.08525
vt 0.610938 -1.10626
vt 0.610938 -1.10626
vt 0.610938 -1.08525
vt 1.62917 -1.10626
vt 0.610938 -0.971651
vt 1.62917 -0.989293
vt 1.62917 -0.971651
vt 1.62917 -0.971651
vt 1.62917 -0.989293
vt 0.610938 -0.971651
vt -2.58111 0.64957
vt -2.71328 0.971575
vt -2.61036 0.644415
vt -2.61036 0.644415
vt -2.71328 0.971575
vt -2.58111 0.64957
vt -2.70375 0.529908
vt -2.54957 0.653674
vt -2.58111 0.64957
vt -2.58111 0.64957
vt -2.54957 0.653674
vt -2.70375 0.529908
vt 1.62917 -2.47572
vt 0.610938 -2.44391
vt 0.610938 -2.47572
vt 0.610938 -2.47572
vt 0.610938 -2.44391
vt 1.62917 -2.47572
vt 0.610938 -2.44391
vt 1.62917 -2.47572
vt 1.62917 -2.44391
vt 1.62917 -2.44391
vt 1.62917 -2.47572
vt 0.610938 -2.44391
vt -2.70842 0.529908
vt -2.51627 0.656657
vt -2.54957 0.653674
vt -2.54957 0.653674
vt -2.51627 0.656657
vt -2.70842 0.529908
vt -2.70375 0.529908
vt -2.70639 0.606494
vt -2.71328 0.529908
vt -2.71328 0.529908
vt -2.70639 0.606494
vt -2.70375 0.529908
vt 0.865495 0.529908
vt 1.62917 0.588133
vt 0.610938 0.529908
vt 0.610938 0.529908
vt 1.62917 0.588133
vt 0.865495 0.529908
vt -2.71328 0.529908
vt -2.71555 0.588133
vt -2.71555 0.529908
vt -2.71555 0.529908
vt -2.71555 0.588133
vt -2.71328 0.529908
vt -2.71328 0.529908
vt -2.70639 0.606494
vt -2.71325 0.597393
vt -2.71325 0.597393
vt -2.70639 0.606494
vt -2.71328 0.529908
vt 0.610938 -0.074481
vt 1.62917 -0.074345
vt 0.610938 -0.074345
vt 0.610938 -0.074345
vt 1.62917 -0.074345
vt 0.610938 -0.074481
vt -2.71555 0.588133
vt -3.06719 0.832169
vt -2.71555 0.529908
vt -2.71555 0.529908
vt -3.06719 0.832169
vt -2.71555 0.588133
vt -2.71328 0.309075
vt -2.71555 0.529908
vt -2.71328 0
vt -2.71328 0
vt -2.71555 0.529908
vt -2.71328 0.309075
vt 1.62917 -0.074481
vt 0.610938 -0.083886
vt 1.62917 -0.083886
vt 1.62917 -0.083886
vt 0.610938 -0.083886
vt 1.62917 -0.074481
vt -2.71328 0.832169
vt -2.71328 0.597261
vt -2.71325 0.597393
vt -2.71325 0.597393
vt -2.71328 0.597261
vt -2.71328 0.832169
vt -1.62917 0.596599
vt -0.610938 0.596731
vt -1.62917 0.596731
vt -1.62917 0.596731
vt -0.610938 0.596731
vt -1.62917 0.596599
vt -2.71328 0.597261
vt -3.06719 0.832169
vt -2.71555 0.588133
vt -2.71555 0.588133
vt -3.06719 0.832169
vt -2.71328 0.597261
vt -2.70842 0.529908
vt -2.69508 0.615281
vt -2.70639 0.606494
vt -2.70639 0.606494
vt -2.69508 0.615281
vt -2.70842 0.529908
vt 1.62917 -1.1449
vt 0.610938 -1.1563
vt 1.62917 -1.1563
vt 1.62917 -1.1563
vt 0.610938 -1.1563
vt 1.62917 -1.1449
vt -2.71328 0.309075
vt -0.981068 0.529908
vt -1.25733 0.529908
vt -1.25733 0.529908
vt -0.981068 0.529908
vt -2.71328 0.309075
vt -1.25733 0.529908
vt -1.27238 0.656657
vt -1.46453 0.529908
vt -1.46453 0.529908
vt -1.27238 0.656657
vt -1.25733 0.529908
vt -0.865495 0.653493
vt -0.773335 0.949702
vt -0.865495 0.953079
vt -0.865495 0.953079
vt -0.773335 0.949702
vt -0.865495 0.653493
vt 0.773335 0.949702
vt 0.610938 1.23867
vt 0.610938 0.94375
vt 0.610938 0.94375
vt 0.610938 1.23867
vt 0.773335 0.949702
vt -1.23867 0.529908
vt -1.20279 0.659075
vt -1.23789 0.658468
vt -1.23789 0.658468
vt -1.20279 0.659075
vt -1.23867 0.529908
vt -1.23789 0.658468
vt -2.71328 0.971575
vt -1.27238 0.656657
vt -1.27238 0.656657
vt -2.71328 0.971575
vt -1.23789 0.658468
vt 1.62917 -1.23621
vt 0.610938 -1.20167
vt 0.610938 -1.23621
vt 0.610938 -1.23621
vt 0.610938 -1.20167
vt 1.62917 -1.23621
vt -1.27238 0.656657
vt -2.71328 0.971575
vt -1.30568 0.653674
vt -1.30568 0.653674
vt -2.71328 0.971575
vt -1.27238 0.656657
vt 1.62917 -1.24216
vt 0.610938 -1.20873
vt 0.610938 -1.24216
vt 0.610938 -1.24216
vt 0.610938 -1.20873
vt 1.62917 -1.24216
vt -1.45986 0.529908
vt -1.30568 0.653674
vt -1.33723 0.64957
vt -1.33723 0.64957
vt -1.30568 0.653674
vt -1.45986 0.529908
vt 1.37461 1.25267
vt 1.47536 0.975431
vt 1.56236 1.25611
vt 1.56236 1.25611
vt 1.47536 0.975431
vt 1.37461 1.25267
vt 1.56236 1.25611
vt 1.62917 0.981068
vt 1.62917 1.25733
vt 1.62917 1.25733
vt 1.62917 0.981068
vt 1.56236 1.25611
vt -1.12005 0.962409
vt -1.37461 1.25267
vt -1.37461 0.971738
vt -1.37461 0.971738
vt -1.37461 1.25267
vt -1.12005 0.962409
vt -0.865495 0.953079
vt -1.12005 1.248
vt -1.12005 0.962409
vt -1.12005 0.962409
vt -1.12005 1.248
vt -0.865495 0.953079
vt -1.45986 0.529908
vt -1.39291 0.638296
vt -1.4161 0.631319
vt -1.4161 0.631319
vt -1.39291 0.638296
vt -1.45986 0.529908
vt -1.46453 0.529908
vt -1.4161 0.631319
vt -1.43564 0.623604
vt -1.43564 0.623604
vt -1.4161 0.631319
vt -1.46453 0.529908
vt -1.36647 0.644415
vt -2.71328 0.971575
vt -1.39291 0.638296
vt -1.39291 0.638296
vt -2.71328 0.971575
vt -1.36647 0.644415
vt 1.62917 -1.17417
vt 0.610938 -1.14995
vt 0.610938 -1.17417
vt 0.610938 -1.17417
vt 0.610938 -1.14995
vt 1.62917 -1.17417
vt 0.610938 -1.08525
vt 1.62917 -1.10626
vt 1.62917 -1.08525
vt 1.62917 -1.08525
vt 1.62917 -1.10626
vt 0.610938 -1.08525
vt -2.61036 0.644415
vt -2.71328 0.971575
vt -2.6368 0.638296
vt -2.6368 0.638296
vt -2.71328 0.971575
vt -2.61036 0.644415
vt -2.70375 0.529908
vt -2.58111 0.64957
vt -2.61036 0.644415
vt -2.61036 0.644415
vt -2.58111 0.64957
vt -2.70375 0.529908
vt 1.62917 -2.45883
vt 0.610938 -2.42913
vt 0.610938 -2.45883
vt 0.610938 -2.45883
vt 0.610938 -2.42913
vt 1.62917 -2.45883
vt 0.610938 -2.42913
vt 1.62917 -2.45883
vt 1.62917 -2.42913
vt 1.62917 -2.42913
vt 1.62917 -2.45883
vt 0.610938 -2.42913
vt -2.70842 0.529908
vt -2.54957 0.653674
vt -2.58111 0.64957
vt -2.58111 0.64957
vt -2.54957 0.653674
vt -2.70842 0.529908
vt -2.70375 0.529908
vt -2.69508 0.615281
vt -2.70639 0.606494
vt -2.70639 0.606494
vt -2.69508 0.615281
vt -2.70375 0.529908
vt 0.610938 0.529908
vt 1.62917 0.588133
vt 0.610938 0.588133
vt 0.610938 0.588133
vt 1.62917 0.588133
vt 0.610938 0.529908
vt -2.70639 0.606494
vt -2.71328 0.971575
vt -2.71325 0.597393
vt -2.71325 0.597393
vt -2.71328 0.971575
vt -2.70639 0.606494
vt 0.610938 -1.1563
vt 1.62917 -1.1449
vt 0.610938 -1.1449
vt 0.610938 -1.1449
vt 1.62917 -1.1449
vt 0.610938 -1.1563
vt -0.610954 0.971799
vt -1.62918 0.597617
vt -0.610954 0.597617
vt -0.610954 0.597617
vt -1.62918 0.597617
vt -0.610954 0.971799
vt -3.06719 0
vt -2.71555 0.529908
vt -3.06719 0.832169
vt -3.06719 0.832169
vt -2.71555 0.529908
vt -3.06719 0
vt -2.71328 0
vt -2.71555 0.529908
vt -3.06719 0
vt -3.06719 0
vt -2.71555 0.529908
vt -2.71328 0
vt -0.353906 0
vt -2.71328 0.309075
vt -2.71328 0
vt -2.71328 0
vt -2.71328 0.309075
vt -0.353906 0
vt -2.71328 0.597261
vt -2.71328 0.832169
vt -3.06719 0.832169
vt -3.06719 0.832169
vt -2.71328 0.832169
vt -2.71328 0.597261
vt -1.62918 0.597617
vt -0.610954 0.971799
vt -1.62918 0.832393
vt -1.62918 0.832393
vt -0.610954 0.971799
vt -1.62918 0.597617
vt -2.70842 0.529908
vt -2.67953 0.623604
vt -2.69508 0.615281
vt -2.69508 0.615281
vt -2.67953 0.623604
vt -2.70842 0.529908
vt 0.610938 -1.75028
vt 1.62917 -1.7646
vt 1.62917 -1.75028
vt 1.62917 -1.75028
vt 1.62917 -1.7646
vt 0.610938 -1.75028
vt -2.71328 0.309075
vt -0.667487 0.529908
vt -0.981068 0.529908
vt -0.981068 0.529908
vt -0.667487 0.529908
vt -2.71328 0.309075
vt -0.981068 0.529908
vt -1.20279 0.659075
vt -1.25733 0.529908
vt -1.25733 0.529908
vt -1.20279 0.659075
vt -0.981068 0.529908
vt -1.25733 0.529908
vt -1.23789 0.658468
vt -1.27238 0.656657
vt -1.27238 0.656657
vt -1.23789 0.658468
vt -1.25733 0.529908
vt -1.46453 0.529908
vt -1.27238 0.656657
vt -1.30568 0.653674
vt -1.30568 0.653674
vt -1.27238 0.656657
vt -1.46453 0.529908
vt -0.610938 0.353906
vt -0.773335 0.949702
vt -0.865495 0.653493
vt -0.865495 0.653493
vt -0.773335 0.949702
vt -0.610938 0.353906
vt -1.12005 0.962409
vt -0.865495 0.653493
vt -0.865495 0.953079
vt -0.865495 0.953079
vt -0.865495 0.653493
vt -1.12005 0.962409
vt -0.94375 0.529908
vt -1.20279 0.659075
vt -1.23867 0.529908
vt -1.23867 0.529908
vt -1.20279 0.659075
vt -0.94375 0.529908
vt -0.773335 0.949702
vt -0.610938 0.353906
vt -0.610938 0.94375
vt -0.610938 0.94375
vt -0.610938 0.353906
vt -0.773335 0.949702
vt -1.20279 0.659075
vt -2.71328 0.971575
vt -1.23789 0.658468
vt -1.23789 0.658468
vt -2.71328 0.971575
vt -1.20279 0.659075
vt 1.62917 -1.22632
vt 0.610938 -1.19122
vt 0.610938 -1.22632
vt 0.610938 -1.22632
vt 0.610938 -1.19122
vt 1.62917 -1.22632
vt 0.610938 -1.20167
vt 1.62917 -1.23621
vt 1.62917 -1.20167
vt 1.62917 -1.20167
vt 1.62917 -1.23621
vt 0.610938 -1.20167
vt 0.610938 -1.20873
vt 1.62917 -1.24216
vt 1.62917 -1.20873
vt 1.62917 -1.20873
vt 1.62917 -1.24216
vt 0.610938 -1.20873
vt -1.30568 0.653674
vt -2.71328 0.971575
vt -1.33723 0.64957
vt -1.33723 0.64957
vt -2.71328 0.971575
vt -1.30568 0.653674
vt 0.610938 -1.21043
vt 1.62917 -1.24223
vt 1.62917 -1.21043
vt 1.62917 -1.21043
vt 1.62917 -1.24223
vt 0.610938 -1.21043
vt 1.62917 -1.24223
vt 0.610938 -1.21043
vt 0.610938 -1.24223
vt 0.610938 -1.24223
vt 0.610938 -1.21043
vt 1.62917 -1.24223
vt -1.45986 0.529908
vt -1.33723 0.64957
vt -1.36647 0.644415
vt -1.36647 0.644415
vt -1.33723 0.64957
vt -1.45986 0.529908
vt 1.47536 0.975431
vt 1.37461 1.25267
vt 1.37461 0.971738
vt 1.37461 0.971738
vt 1.37461 1.25267
vt 1.47536 0.975431
vt 1.62917 0.981068
vt 1.56236 1.25611
vt 1.47536 0.975431
vt 1.47536 0.975431
vt 1.56236 1.25611
vt 1.62917 0.981068
vt -1.37461 0.971738
vt -1.12005 0.658158
vt -1.12005 0.962409
vt -1.12005 0.962409
vt -1.12005 0.658158
vt -1.37461 0.971738
vt -1.45986 0.529908
vt -1.36647 0.644415
vt -1.39291 0.638296
vt -1.39291 0.638296
vt -1.36647 0.644415
vt -1.45986 0.529908
vt -1.46453 0.529908
vt -1.39291 0.638296
vt -1.4161 0.631319
vt -1.4161 0.631319
vt -1.39291 0.638296
vt -1.46453 0.529908
vt -1.33723 0.64957
vt -2.71328 0.971575
vt -1.36647 0.644415
vt -1.36647 0.644415
vt -2.71328 0.971575
vt -1.33723 0.64957
vt 1.62917 -1.21316
vt 0.610938 -1.18602
vt 0.610938 -1.21316
vt 0.610938 -1.21316
vt 0.610938 -1.18602
vt 1.62917 -1.21316
vt 0.610938 -1.14995
vt 1.62917 -1.17417
vt 1.62917 -1.14995
vt 1.62917 -1.14995
vt 1.62917 -1.17417
vt 0.610938 -1.14995
vt -2.6368 0.638296
vt -2.71328 0.971575
vt -2.65999 0.631319
vt -2.65999 0.631319
vt -2.71328 0.971575
vt -2.6368 0.638296
vt -2.70375 0.529908
vt -2.61036 0.644415
vt -2.6368 0.638296
vt -2.6368 0.638296
vt -2.61036 0.644415
vt -2.70375 0.529908
vt 1.62917 -2.42503
vt 0.610938 -2.39789
vt 0.610938 -2.42503
vt 0.610938 -2.42503
vt 0.610938 -2.39789
vt 1.62917 -2.42503
vt 0.610938 -2.39789
vt 1.62917 -2.42503
vt 1.62917 -2.39789
vt 1.62917 -2.39789
vt 1.62917 -2.42503
vt 0.610938 -2.39789
vt -2.70842 0.529908
vt -2.58111 0.64957
vt -2.61036 0.644415
vt -2.61036 0.644415
vt -2.58111 0.64957
vt -2.70842 0.529908
vt -2.70375 0.529908
vt -2.67953 0.623604
vt -2.69508 0.615281
vt -2.69508 0.615281
vt -2.67953 0.623604
vt -2.70375 0.529908
vt -2.69508 0.615281
vt -2.71328 0.971575
vt -2.70639 0.606494
vt -2.70639 0.606494
vt -2.71328 0.971575
vt -2.69508 0.615281
vt 1.62917 -1.7646
vt 0.610938 -1.75028
vt 0.610938 -1.7646
vt 0.610938 -1.7646
vt 0.610938 -1.75028
vt 1.62917 -1.7646
vt 1.62917 0.832169
vt 0 0
vt 1.62917 0
vt 1.62917 0
vt 0 0
vt 1.62917 0.832169
vt 0 0
vt -1.62917 3.06719
vt -1.62917 2.71328
vt -1.62917 2.71328
vt -1.62917 3.06719
vt 0 0
vt -2.71328 0.309075
vt -0.353906 0
vt -0.353906 0.309075
vt -0.353906 0.309075
vt -0.353906 0
vt -2.71328 0.309075
vt -1.62917 0
vt -1.62917 2.71328
vt -1.62917 0.353906
vt -1.62917 0.353906
vt -1.62917 2.71328
vt -1.62917 0
vt -2.71328 0.723495
vt -3.06719 0.741787
vt -3.06719 0.723495
vt -3.06719 0.723495
vt -3.06719 0.741787
vt -2.71328 0.723495
vt -1.62918 0.832393
vt -0.610954 0.971799
vt -1.62798 0.850645
vt -1.62798 0.850645
vt -0.610954 0.971799
vt -1.62918 0.832393
vt -2.70842 0.529908
vt -2.65999 0.631319
vt -2.67953 0.623604
vt -2.67953 0.623604
vt -2.65999 0.631319
vt -2.70842 0.529908
vt 0.610938 -2.06842
vt 1.62917 -2.08606
vt 1.62917 -2.06842
vt 1.62917 -2.06842
vt 1.62917 -2.08606
vt 0.610938 -2.06842
vt 1.62917 -2.08606
vt 0.610938 -2.06842
vt 0.610938 -2.08606
vt 0.610938 -2.08606
vt 0.610938 -2.06842
vt 1.62917 -2.08606
vt -2.71328 0.309075
vt -0.353906 0.529908
vt -0.667487 0.529908
vt -0.667487 0.529908
vt -0.353906 0.529908
vt -2.71328 0.309075
vt 1.47536 0.975431
vt 1.62917 0.667487
vt 1.62917 0.981068
vt 1.62917 0.981068
vt 1.62917 0.667487
vt 1.47536 0.975431
vt -0.667487 0.529908
vt -1.20279 0.659075
vt -0.981068 0.529908
vt -0.981068 0.529908
vt -1.20279 0.659075
vt -0.667487 0.529908
vt -1.25733 0.529908
vt -1.20279 0.659075
vt -1.23789 0.658468
vt -1.23789 0.658468
vt -1.20279 0.659075
vt -1.25733 0.529908
vt -1.46453 0.529908
vt -1.30568 0.653674
vt -1.33723 0.64957
vt -1.33723 0.64957
vt -1.30568 0.653674
vt -1.46453 0.529908
vt -0.610938 0.353906
vt -0.865495 0.653493
vt -1.12005 0.353906
vt -1.12005 0.353906
vt -0.865495 0.653493
vt -0.610938 0.353906
vt -0.865495 0.653493
vt -1.12005 0.962409
vt -1.12005 0.658158
vt -1.12005 0.658158
vt -1.12005 0.962409
vt -0.865495 0.653493
vt -0.94375 0.529908
vt -0.618904 0.659075
vt -1.20279 0.659075
vt -1.20279 0.659075
vt -0.618904 0.659075
vt -0.94375 0.529908
vt -0.353906 0.529908
vt -0.356173 0.598281
vt -0.94375 0.529908
vt -0.94375 0.529908
vt -0.356173 0.598281
vt -0.353906 0.529908
vt -0.618904 0.659075
vt -2.71328 0.971575
vt -1.20279 0.659075
vt -1.20279 0.659075
vt -2.71328 0.971575
vt -0.618904 0.659075
vt 0.610938 -1.19122
vt 1.62917 -1.22632
vt 1.62917 -1.19122
vt 1.62917 -1.19122
vt 1.62917 -1.22632
vt 0.610938 -1.19122
vt 0.610938 -1.20414
vt 1.62917 -1.23383
vt 1.62917 -1.20414
vt 1.62917 -1.20414
vt 1.62917 -1.23383
vt 0.610938 -1.20414
vt 1.62917 -1.23383
vt 0.610938 -1.20414
vt 0.610938 -1.23383
vt 0.610938 -1.23383
vt 0.610938 -1.20414
vt 1.62917 -1.23383
vt 1.37461 0.971738
vt 1.37849 0.662893
vt 1.47536 0.975431
vt 1.47536 0.975431
vt 1.37849 0.662893
vt 1.37461 0.971738
vt -1.12005 0.658158
vt -1.37461 0.971738
vt -1.37461 0.662822
vt -1.37461 0.662822
vt -1.37461 0.971738
vt -1.12005 0.658158
vt -1.46453 0.529908
vt -1.36647 0.644415
vt -1.39291 0.638296
vt -1.39291 0.638296
vt -1.36647 0.644415
vt -1.46453 0.529908
vt 0.610938 -1.18602
vt 1.62917 -1.21316
vt 1.62917 -1.18602
vt 1.62917 -1.18602
vt 1.62917 -1.21316
vt 0.610938 -1.18602
vt -2.65999 0.631319
vt -2.71328 0.971575
vt -2.67953 0.623604
vt -2.67953 0.623604
vt -2.71328 0.971575
vt -2.65999 0.631319
vt -2.70375 0.529908
vt -2.6368 0.638296
vt -2.65999 0.631319
vt -2.65999 0.631319
vt -2.6368 0.638296
vt -2.70375 0.529908
vt 1.62917 -2.36531
vt 0.610938 -2.34109
vt 0.610938 -2.36531
vt 0.610938 -2.36531
vt 0.610938 -2.34109
vt 1.62917 -2.36531
vt 0.610938 -2.34109
vt 1.62917 -2.36531
vt 1.62917 -2.34109
vt 1.62917 -2.34109
vt 1.62917 -2.36531
vt 0.610938 -2.34109
vt -2.70842 0.529908
vt -2.61036 0.644415
vt -2.6368 0.638296
vt -2.6368 0.638296
vt -2.61036 0.644415
vt -2.70842 0.529908
vt -2.70375 0.529908
vt -2.65999 0.631319
vt -2.67953 0.623604
vt -2.67953 0.623604
vt -2.65999 0.631319
vt -2.70375 0.529908
vt -2.67953 0.623604
vt -2.71328 0.971575
vt -2.69508 0.615281
vt -2.69508 0.615281
vt -2.71328 0.971575
vt -2.67953 0.623604
vt 0 0
vt 1.62917 0.832169
vt 0 0.971575
vt 0 0.971575
vt 1.62917 0.832169
vt 0 0
vt -1.62917 3.06719
vt 0 0
vt 0 3.06719
vt 0 3.06719
vt 0 0
vt -1.62917 3.06719
vt 0 0
vt -1.62917 2.71328
vt -1.62917 0
vt -1.62917 0
vt -1.62917 2.71328
vt 0 0
vt -0.353906 0
vt -0.353906 0.830367
vt -0.353906 0.309075
vt -0.353906 0.309075
vt -0.353906 0.830367
vt -0.353906 0
vt -0.353906 0.529908
vt -2.71328 0.309075
vt -0.353906 0.309075
vt -0.353906 0.309075
vt -2.71328 0.309075
vt -0.353906 0.529908
vt 0 0
vt -0.353906 0.830367
vt -0.353906 0
vt -0.353906 0
vt -0.353906 0.830367
vt 0 0
vt -3.06719 0.741787
vt -2.71328 0.723495
vt -2.71328 0.741787
vt -2.71328 0.741787
vt -2.71328 0.723495
vt -3.06719 0.741787
vt 0 0.971575
vt 1.62917 0.832169
vt 1.62797 0.850421
vt 1.62797 0.850421
vt 1.62917 0.832169
vt 0 0.971575
vt -1.62798 0.850645
vt -0.610954 0.971799
vt -1.6244 0.868583
vt -1.6244 0.868583
vt -0.610954 0.971799
vt -1.62798 0.850645
vt -2.70842 0.529908
vt -2.6368 0.638296
vt -2.65999 0.631319
vt -2.65999 0.631319
vt -2.6368 0.638296
vt -2.70842 0.529908
vt 0.610938 -2.2422
vt 1.62917 -2.26321
vt 1.62917 -2.2422
vt 1.62917 -2.2422
vt 1.62917 -2.26321
vt 0.610938 -2.2422
vt 1.62917 -2.26321
vt 0.610938 -2.2422
vt 0.610938 -2.26321
vt 0.610938 -2.26321
vt 0.610938 -2.2422
vt 1.62917 -2.26321
vt 1.37849 0.662893
vt 1.62917 0.353906
vt 1.62917 0.667487
vt 1.62917 0.667487
vt 1.62917 0.353906
vt 1.37849 0.662893
vt -0.353906 0.529908
vt -0.356173 0.598281
vt -0.667487 0.529908
vt -0.667487 0.529908
vt -0.356173 0.598281
vt -0.353906 0.529908
vt 1.62917 0.667487
vt 1.47536 0.975431
vt 1.37849 0.662893
vt 1.37849 0.662893
vt 1.47536 0.975431
vt 1.62917 0.667487
vt -0.667487 0.529908
vt -0.618904 0.659075
vt -1.20279 0.659075
vt -1.20279 0.659075
vt -0.618904 0.659075
vt -0.667487 0.529908
vt -1.46453 0.529908
vt -1.33723 0.64957
vt -1.36647 0.644415
vt -1.36647 0.644415
vt -1.33723 0.64957
vt -1.46453 0.529908
vt -1.12005 0.353906
vt -0.865495 0.653493
vt -1.12005 0.651938
vt -1.12005 0.651938
vt -0.865495 0.653493
vt -1.12005 0.353906
vt 1.12005 0.529908
vt 1.62917 0.589154
vt 0.610938 0.529908
vt 0.610938 0.529908
vt 1.62917 0.589154
vt 1.12005 0.529908
vt -1.12005 0.651938
vt -0.865495 0.653493
vt -1.12005 0.658158
vt -1.12005 0.658158
vt -0.865495 0.653493
vt -1.12005 0.651938
vt -0.94375 0.529908
vt -0.584315 0.658476
vt -0.618904 0.659075
vt -0.618904 0.659075
vt -0.584315 0.658476
vt -0.94375 0.529908
vt -1.62917 1.20279
vt -0.610938 0.618904
vt -0.610938 1.20279
vt -0.610938 1.20279
vt -0.610938 0.618904
vt -1.62917 1.20279
vt -0.356173 0.598281
vt -0.353906 0.529908
vt -0.353906 0.589154
vt -0.353906 0.589154
vt -0.353906 0.529908
vt -0.356173 0.598281
vt -0.94375 0.529908
vt -0.356173 0.598281
vt -0.362936 0.607251
vt -0.362936 0.607251
vt -0.356173 0.598281
vt -0.94375 0.529908
vt -0.584315 0.658476
vt -2.71328 0.971575
vt -0.618904 0.659075
vt -0.618904 0.659075
vt -2.71328 0.971575
vt -0.584315 0.658476
vt 1.37849 0.662893
vt 1.37461 0.971738
vt 1.37461 0.662822
vt 1.37461 0.662822
vt 1.37461 0.971738
vt 1.37849 0.662893
vt -1.37461 0.662822
vt -1.12005 0.651938
vt -1.12005 0.658158
vt -1.12005 0.658158
vt -1.12005 0.651938
vt -1.37461 0.662822
vt 2.71328 0.971575
vt 3.06719 0
vt 3.06719 0.971575
vt 3.06719 0.971575
vt 3.06719 0
vt 2.71328 0.971575
vt 3.06719 0
vt 0 0.971575
vt 0 0
vt 0 0
vt 0 0.971575
vt 3.06719 0
vt 0 0.971575
vt -1.62917 0
vt 0 0
vt 0 0
vt -1.62917 0
vt 0 0.971575
vt -0.353906 0.589154
vt -0.353906 0.309075
vt -0.353906 0.830367
vt -0.353906 0.830367
vt -0.353906 0.309075
vt -0.353906 0.589154
vt -0.353906 0.309075
vt -0.353906 0.589154
vt -0.353906 0.529908
vt -0.353906 0.529908
vt -0.353906 0.589154
vt -0.353906 0.309075
vt -0.353906 0.830367
vt 0 0
vt -0 0.830367
vt -0 0.830367
vt 0 0
vt -0.353906 0.830367
vt -2.71328 0.515411
vt -3.06719 0.533702
vt -3.06719 0.515411
vt -3.06719 0.515411
vt -3.06719 0.533702
vt -2.71328 0.515411
vt 0 0.971575
vt 1.62797 0.850421
vt 1.62439 0.868359
vt 1.62439 0.868359
vt 1.62797 0.850421
vt 0 0.971575
vt -1.6244 0.868583
vt -0.610954 0.971799
vt -1.61851 0.885898
vt -1.61851 0.885898
vt -0.610954 0.971799
vt -1.6244 0.868583
vt -3.06719 0.533702
vt -2.71328 0.515411
vt -2.71328 0.533702
vt -2.71328 0.533702
vt -2.71328 0.515411
vt -3.06719 0.533702
vt 1.37461 0.650383
vt 1.62917 0.353906
vt 1.37849 0.662893
vt 1.37849 0.662893
vt 1.62917 0.353906
vt 1.37461 0.650383
vt -0.356173 0.598281
vt -0.353906 0.529908
vt -0.353906 0.589154
vt -0.353906 0.589154
vt -0.353906 0.529908
vt -0.356173 0.598281
vt -0.667487 0.529908
vt -0.356173 0.598281
vt -0.362936 0.607251
vt -0.362936 0.607251
vt -0.356173 0.598281
vt -0.667487 0.529908
vt -0.667487 0.529908
vt -0.584315 0.658476
vt -0.618904 0.659075
vt -0.618904 0.659075
vt -0.584315 0.658476
vt -0.667487 0.529908
vt -0.610938 0.618904
vt -1.62917 1.20279
vt -1.62917 0.618904
vt -1.62917 0.618904
vt -1.62917 1.20279
vt -0.610938 0.618904
vt -1.37461 0.650383
vt -1.12005 0.353906
vt -1.12005 0.651938
vt -1.12005 0.651938
vt -1.12005 0.353906
vt -1.37461 0.650383
vt 1.37461 0.529908
vt 1.62917 0.589154
vt 1.12005 0.529908
vt 1.12005 0.529908
vt 1.62917 0.589154
vt 1.37461 0.529908
vt 0.610938 0.529908
vt 1.62917 0.589154
vt 0.610938 0.589154
vt 0.610938 0.589154
vt 1.62917 0.589154
vt 0.610938 0.529908
vt -0.94375 0.529908
vt -0.550318 0.656692
vt -0.584315 0.658476
vt -0.584315 0.658476
vt -0.550318 0.656692
vt -0.94375 0.529908
vt -1.62917 0.630208
vt -0.610938 0.595614
vt -0.610938 0.630208
vt -0.610938 0.630208
vt -0.610938 0.595614
vt -1.62917 0.630208
vt -0.353906 0.971575
vt -0.356173 0.598281
vt -0.353906 0.589154
vt -0.353906 0.589154
vt -0.356173 0.598281
vt -0.353906 0.971575
vt -0.610938 0.666501
vt -1.62917 0.657097
vt -0.610938 0.657097
vt -0.610938 0.657097
vt -1.62917 0.657097
vt -0.610938 0.666501
vt -0.356173 0.598281
vt -0.353906 0.971575
vt -0.362936 0.607251
vt -0.362936 0.607251
vt -0.353906 0.971575
vt -0.356173 0.598281
vt -0.610938 0.703377
vt -1.62917 0.692143
vt -0.610938 0.692143
vt -0.610938 0.692143
vt -1.62917 0.692143
vt -0.610938 0.703377
vt -0.94375 0.529908
vt -0.362936 0.607251
vt -0.374078 0.615912
vt -0.374078 0.615912
vt -0.362936 0.607251
vt -0.94375 0.529908
vt -0.550318 0.656692
vt -2.71328 0.971575
vt -0.584315 0.658476
vt -0.584315 0.658476
vt -2.71328 0.971575
vt -0.550318 0.656692
vt 1.37849 0.662893
vt 1.37461 0.662822
vt 1.37461 0.650383
vt 1.37461 0.650383
vt 1.37461 0.662822
vt 1.37849 0.662893
vt -1.12005 0.651938
vt -1.37461 0.662822
vt -1.37461 0.650383
vt -1.37461 0.650383
vt -1.37461 0.662822
vt -1.12005 0.651938
vt 0.353906 1.23824
vt 3.06719 0
vt 2.71328 0.971575
vt 2.71328 0.971575
vt 3.06719 0
vt 0.353906 1.23824
vt -1.48908 3.06719
vt 0 2.71328
vt 0 3.06719
vt 0 3.06719
vt 0 2.71328
vt -1.48908 3.06719
vt 0 0.971575
vt 3.06719 0
vt 0.353906 0.971575
vt 0.353906 0.971575
vt 3.06719 0
vt 0 0.971575
vt -1.62917 0
vt 0 0.971575
vt -1.62917 0.830367
vt -1.62917 0.830367
vt 0 0.971575
vt -1.62917 0
vt 1.62917 0.830367
vt 0.610938 0.589154
vt 1.62917 0.589154
vt 1.62917 0.589154
vt 0.610938 0.589154
vt 1.62917 0.830367
vt 1.62917 0.589154
vt 1.37461 0.529908
vt 1.62917 0.529908
vt 1.62917 0.529908
vt 1.37461 0.529908
vt 1.62917 0.589154
vt 0 0.732994
vt -0.353906 0.751419
vt -0.353906 0.732994
vt -0.353906 0.732994
vt -0.353906 0.751419
vt 0 0.732994
vt 0 0.971575
vt 1.62439 0.868359
vt 1.61849 0.885674
vt 1.61849 0.885674
vt 1.62439 0.868359
vt 0 0.971575
vt -1.61851 0.885898
vt -0.610954 0.971799
vt -1.61039 0.902292
vt -1.61039 0.902292
vt -0.610954 0.971799
vt -1.61851 0.885898
vt -3.06719 0.316587
vt -2.71328 0.298296
vt -2.71328 0.316587
vt -2.71328 0.316587
vt -2.71328 0.298296
vt -3.06719 0.316587
vt -2.71328 0.298296
vt -3.06719 0.316587
vt -3.06719 0.298296
vt -3.06719 0.298296
vt -3.06719 0.316587
vt -2.71328 0.298296
vt 1.62917 0.353906
vt 1.37461 0.650383
vt 1.37461 0.353906
vt 1.37461 0.353906
vt 1.37461 0.650383
vt 1.62917 0.353906
vt -1.62917 0.657097
vt -0.610938 0.666501
vt -1.62917 0.666501
vt -1.62917 0.666501
vt -0.610938 0.666501
vt -1.62917 0.657097
vt -1.62917 0.692143
vt -0.610938 0.703377
vt -1.62917 0.703377
vt -1.62917 0.703377
vt -0.610938 0.703377
vt -1.62917 0.692143
vt -0.667487 0.529908
vt -0.362936 0.607251
vt -0.374078 0.615912
vt -0.374078 0.615912
vt -0.362936 0.607251
vt -0.667487 0.529908
vt -0.667487 0.529908
vt -0.550318 0.656692
vt -0.584315 0.658476
vt -0.584315 0.658476
vt -0.550318 0.656692
vt -0.667487 0.529908
vt -0.610938 0.595614
vt -1.62917 0.630208
vt -1.62917 0.595614
vt -1.62917 0.595614
vt -1.62917 0.630208
vt -0.610938 0.595614
vt -1.12005 0.353906
vt -1.37461 0.650383
vt -1.37461 0.353906
vt -1.37461 0.353906
vt -1.37461 0.650383
vt -1.12005 0.353906
vt -0.94375 0.529908
vt -0.517494 0.653752
vt -0.550318 0.656692
vt -0.550318 0.656692
vt -0.517494 0.653752
vt -0.94375 0.529908
vt -1.62917 0.618024
vt -0.610938 0.58398
vt -0.610938 0.618024
vt -0.610938 0.618024
vt -0.610938 0.58398
vt -1.62917 0.618024
vt 0.610938 0.589154
vt 1.62917 0.830367
vt 0.610938 0.971575
vt 0.610938 0.971575
vt 1.62917 0.830367
vt 0.610938 0.589154
vt -0.362936 0.607251
vt -0.353906 0.971575
vt -0.374078 0.615912
vt -0.374078 0.615912
vt -0.353906 0.971575
vt -0.362936 0.607251
vt -1.62917 0.673333
vt -0.610938 0.659221
vt -0.610938 0.673333
vt -0.610938 0.673333
vt -0.610938 0.659221
vt -1.62917 0.673333
vt -0.94375 0.529908
vt -0.374078 0.615912
vt -0.389409 0.624114
vt -0.389409 0.624114
vt -0.374078 0.615912
vt -0.94375 0.529908
vt -0.517494 0.653752
vt -2.71328 0.971575
vt -0.550318 0.656692
vt -0.550318 0.656692
vt -2.71328 0.971575
vt -0.517494 0.653752
vt 0.353906 0.971575
vt 3.06719 0
vt 0.353906 1.23824
vt 0.353906 1.23824
vt 3.06719 0
vt 0.353906 0.971575
vt 2.71328 1.23824
vt 0.353906 1.23824
vt 2.71328 0.971575
vt 2.71328 0.971575
vt 0.353906 1.23824
vt 2.71328 1.23824
vt 0 2.71328
vt -1.48908 3.06719
vt -0.610938 2.71328
vt -0.610938 2.71328
vt -1.48908 3.06719
vt 0 2.71328
vt 0 0.971575
vt 1.50734 0.970463
vt 1.48908 0.971575
vt 1.48908 0.971575
vt 1.50734 0.970463
vt 0 0.971575
vt -0.610938 0.353906
vt 0 0
vt 0 0.353906
vt 0 0.353906
vt 0 0
vt -0.610938 0.353906
vt -1.62917 0.830367
vt 0 0.971575
vt -1.62808 0.848761
vt -1.62808 0.848761
vt 0 0.971575
vt -1.62917 0.830367
vt -0.353906 0.751419
vt 0 0.732994
vt 0 0.751419
vt 0 0.751419
vt 0 0.732994
vt -0.353906 0.751419
vt 0.610938 0.971575
vt 1.62917 0.830367
vt 1.62808 0.848761
vt 1.62808 0.848761
vt 1.62917 0.830367
vt 0.610938 0.971575
vt 0 0.971575
vt 1.61849 0.885674
vt 1.61038 0.902068
vt 1.61038 0.902068
vt 1.61849 0.885674
vt 0 0.971575
vt -1.61039 0.902292
vt -0.610954 0.971799
vt -1.6002 0.917482
vt -1.6002 0.917482
vt -0.610954 0.971799
vt -1.61039 0.902292
vt -3.06719 0.094179
vt -2.71328 0.075887
vt -2.71328 0.094179
vt -2.71328 0.094179
vt -2.71328 0.075887
vt -3.06719 0.094179
vt -2.71328 0.075887
vt -3.06719 0.094179
vt -3.06719 0.075887
vt -3.06719 0.075887
vt -3.06719 0.094179
vt -2.71328 0.075887
vt -0.610938 0.659221
vt -1.62917 0.673333
vt -1.62917 0.659221
vt -1.62917 0.659221
vt -1.62917 0.673333
vt -0.610938 0.659221
vt -0.667487 0.529908
vt -0.374078 0.615912
vt -0.389409 0.624114
vt -0.389409 0.624114
vt -0.374078 0.615912
vt -0.667487 0.529908
vt -0.667487 0.529908
vt -0.517494 0.653752
vt -0.550318 0.656692
vt -0.550318 0.656692
vt -0.517494 0.653752
vt -0.667487 0.529908
vt -0.610938 0.58398
vt -1.62917 0.618024
vt -1.62917 0.58398
vt -1.62917 0.58398
vt -1.62917 0.618024
vt -0.610938 0.58398
vt -0.94375 0.529908
vt -0.486405 0.649707
vt -0.517494 0.653752
vt -0.517494 0.653752
vt -0.486405 0.649707
vt -0.94375 0.529908
vt -1.62917 0.606706
vt -0.610938 0.573751
vt -0.610938 0.606706
vt -0.610938 0.606706
vt -0.610938 0.573751
vt -1.62917 0.606706
vt -0.374078 0.615912
vt -0.353906 0.971575
vt -0.389409 0.624114
vt -0.389409 0.624114
vt -0.353906 0.971575
vt -0.374078 0.615912
vt -0.610938 0.620397
vt -1.62917 0.637784
vt -1.62917 0.620397
vt -1.62917 0.620397
vt -1.62917 0.637784
vt -0.610938 0.620397
vt -1.62917 0.637784
vt -0.610938 0.620397
vt -0.610938 0.637784
vt -0.610938 0.637784
vt -0.610938 0.620397
vt -1.62917 0.637784
vt -0.94375 0.529908
vt -0.389409 0.624114
vt -0.408667 0.631719
vt -0.408667 0.631719
vt -0.389409 0.624114
vt -0.94375 0.529908
vt -0.486405 0.649707
vt -2.71328 0.971575
vt -0.517494 0.653752
vt -0.517494 0.653752
vt -2.71328 0.971575
vt -0.486405 0.649707
vt 0 1.23824
vt -0.610938 0.971575
vt 0 0.971575
vt 0 0.971575
vt -0.610938 0.971575
vt 0 1.23824
vt -0.333516 2.71328
vt 0 0.353906
vt 0 2.71328
vt 0 2.71328
vt 0 0.353906
vt -0.333516 2.71328
vt 0 0.971575
vt 0.597636 1.00183
vt 0 1.23824
vt 0 1.23824
vt 0.597636 1.00183
vt 0 0.971575
vt -0.610938 2.71328
vt -1.48908 3.06719
vt -1.48908 2.71328
vt -1.48908 2.71328
vt -1.48908 3.06719
vt -0.610938 2.71328
vt 0.597636 1.00183
vt 0 0.971575
vt 0.610938 0.971575
vt 0.610938 0.971575
vt 0 0.971575
vt 0.597636 1.00183
vt 0 0.971575
vt 1.5253 0.966971
vt 1.50734 0.970463
vt 1.50734 0.970463
vt 1.5253 0.966971
vt 0 0.971575
vt -3.06719 -1.44559
vt -2.71328 -1.4273
vt -3.06719 -1.4273
vt -3.06719 -1.4273
vt -2.71328 -1.4273
vt -3.06719 -1.44559
vt 0 0
vt -0.610938 0.353906
vt -1.48892 0
vt -1.48892 0
vt -0.610938 0.353906
vt 0 0
vt -1.62808 0.848761
vt 0 0.971575
vt -1.62459 0.866853
vt -1.62459 0.866853
vt 0 0.971575
vt -1.62808 0.848761
vt 0 0.525329
vt -0.353906 0.543754
vt -0.353906 0.525329
vt -0.353906 0.525329
vt -0.353906 0.543754
vt 0 0.525329
vt 0.610938 0.971575
vt 1.62808 0.848761
vt 1.62459 0.866853
vt 1.62459 0.866853
vt 1.62808 0.848761
vt 0.610938 0.971575
vt 0 0.971575
vt 1.61038 0.902068
vt 1.60019 0.917258
vt 1.60019 0.917258
vt 1.61038 0.902068
vt 0 0.971575
vt -1.6002 0.917482
vt -0.610954 0.971799
vt -1.58811 0.931208
vt -1.58811 0.931208
vt -0.610954 0.971799
vt -1.6002 0.917482
vt -3.06719 -0.129693
vt -2.71328 -0.147985
vt -2.71328 -0.129693
vt -2.71328 -0.129693
vt -2.71328 -0.147985
vt -3.06719 -0.129693
vt -2.71328 -0.147985
vt -3.06719 -0.129693
vt -3.06719 -0.147985
vt -3.06719 -0.147985
vt -3.06719 -0.129693
vt -2.71328 -0.147985
vt -0.667487 0.529908
vt -0.389409 0.624114
vt -0.408667 0.631719
vt -0.408667 0.631719
vt -0.389409 0.624114
vt -0.667487 0.529908
vt -0.667487 0.529908
vt -0.486405 0.649707
vt -0.517494 0.653752
vt -0.517494 0.653752
vt -0.486405 0.649707
vt -0.667487 0.529908
vt -0.610938 0.573751
vt -1.62917 0.606706
vt -1.62917 0.573751
vt -1.62917 0.573751
vt -1.62917 0.606706
vt -0.610938 0.573751
vt -0.94375 0.529908
vt -0.457584 0.644626
vt -0.486405 0.649707
vt -0.486405 0.649707
vt -0.457584 0.644626
vt -0.94375 0.529908
vt -1.62917 0.597522
vt -0.610938 0.566171
vt -0.610938 0.597522
vt -0.610938 0.597522
vt -0.610938 0.566171
vt -1.62917 0.597522
vt -0.389409 0.624114
vt -0.353906 0.971575
vt -0.408667 0.631719
vt -0.408667 0.631719
vt -0.353906 0.971575
vt -0.389409 0.624114
vt -0.610938 0.59142
vt -1.62917 0.612125
vt -1.62917 0.59142
vt -1.62917 0.59142
vt -1.62917 0.612125
vt -0.610938 0.59142
vt -1.62917 0.612125
vt -0.610938 0.59142
vt -0.610938 0.612125
vt -0.610938 0.612125
vt -0.610938 0.59142
vt -1.62917 0.612125
vt -0.94375 0.529908
vt -0.408667 0.631719
vt -0.431522 0.638595
vt -0.431522 0.638595
vt -0.408667 0.631719
vt -0.94375 0.529908
vt -0.486405 0.649707
vt -0.353906 0.971575
vt -2.71328 0.971575
vt -2.71328 0.971575
vt -0.353906 0.971575
vt -0.486405 0.649707
vt -0.610938 0.971575
vt 0 1.23824
vt -0.597636 1.00183
vt -0.597636 1.00183
vt 0 1.23824
vt -0.610938 0.971575
vt 0 0.353906
vt -0.333516 2.71328
vt -0.333516 0.353906
vt -0.333516 0.353906
vt -0.333516 2.71328
vt 0 0.353906
vt 0 1.23824
vt 0.364277 1.22615
vt 0.333516 1.23824
vt 0.333516 1.23824
vt 0.364277 1.22615
vt 0 1.23824
vt 0 1.23824
vt 0.597636 1.00183
vt 0.582218 1.03107
vt 0.582218 1.03107
vt 0.597636 1.00183
vt 0 1.23824
vt -1.50736 0.970687
vt -0.610954 0.971799
vt -1.4891 0.971799
vt -1.4891 0.971799
vt -0.610954 0.971799
vt -1.50736 0.970687
vt -0.353906 0.643566
vt -2.71328 0.67662
vt -2.71328 0.643566
vt -2.71328 0.643566
vt -2.71328 0.67662
vt -0.353906 0.643566
vt 0 0.971575
vt 1.54264 0.961158
vt 1.5253 0.966971
vt 1.5253 0.966971
vt 1.54264 0.961158
vt 0 0.971575
vt -3.06719 -1.31262
vt -2.71328 -1.29433
vt -3.06719 -1.29433
vt -3.06719 -1.29433
vt -2.71328 -1.29433
vt -3.06719 -1.31262
vt -2.71328 -1.4273
vt -3.06719 -1.44559
vt -2.71328 -1.44559
vt -2.71328 -1.44559
vt -3.06719 -1.44559
vt -2.71328 -1.4273
vt -1.48892 0
vt -0.610938 0.353906
vt -1.48892 0.353906
vt -1.48892 0.353906
vt -0.610938 0.353906
vt -1.48892 0
vt -1.5073 0.970364
vt 0 0.971575
vt -1.48892 0.971575
vt -1.48892 0.971575
vt 0 0.971575
vt -1.5073 0.970364
vt -1.62459 0.866853
vt 0 0.971575
vt -1.61877 0.884332
vt -1.61877 0.884332
vt 0 0.971575
vt -1.62459 0.866853
vt -0.353906 0.543754
vt 0 0.525329
vt 0 0.543754
vt 0 0.543754
vt 0 0.525329
vt -0.353906 0.543754
vt 0.610938 0.971575
vt 1.62459 0.866853
vt 1.61877 0.884332
vt 1.61877 0.884332
vt 1.62459 0.866853
vt 0.610938 0.971575
vt 0 0.971575
vt 1.60019 0.917258
vt 1.5881 0.930984
vt 1.5881 0.930984
vt 1.60019 0.917258
vt 0 0.971575
vt -1.58811 0.931208
vt -0.610954 0.971799
vt -1.57433 0.943232
vt -1.57433 0.943232
vt -0.610954 0.971799
vt -1.58811 0.931208
vt -3.06719 -0.351175
vt -2.71328 -0.369466
vt -2.71328 -0.351175
vt -2.71328 -0.351175
vt -2.71328 -0.369466
vt -3.06719 -0.351175
vt -2.71328 -0.369466
vt -3.06719 -0.351175
vt -3.06719 -0.369466
vt -3.06719 -0.369466
vt -3.06719 -0.351175
vt -2.71328 -0.369466
vt -0.667487 0.529908
vt -0.408667 0.631719
vt -0.431522 0.638595
vt -0.431522 0.638595
vt -0.408667 0.631719
vt -0.667487 0.529908
vt -0.667487 0.529908
vt -0.457584 0.644626
vt -0.486405 0.649707
vt -0.486405 0.649707
vt -0.457584 0.644626
vt -0.667487 0.529908
vt -0.610938 0.566171
vt -1.62917 0.597522
vt -1.62917 0.566171
vt -1.62917 0.566171
vt -1.62917 0.597522
vt -0.610938 0.566171
vt -0.94375 0.529908
vt -0.431522 0.638595
vt -0.457584 0.644626
vt -0.457584 0.644626
vt -0.431522 0.638595
vt -0.94375 0.529908
vt -0.457584 0.644626
vt -0.353906 0.971575
vt -0.486405 0.649707
vt -0.486405 0.649707
vt -0.353906 0.971575
vt -0.457584 0.644626
vt -1.62917 0.591822
vt -0.610938 0.562556
vt -0.610938 0.591822
vt -0.610938 0.591822
vt -0.610938 0.562556
vt -1.62917 0.591822
vt -0.408667 0.631719
vt -0.353906 0.971575
vt -0.431522 0.638595
vt -0.431522 0.638595
vt -0.353906 0.971575
vt -0.408667 0.631719
vt -0.610938 0.573342
vt -1.62917 0.59721
vt -1.62917 0.573342
vt -1.62917 0.573342
vt -1.62917 0.59721
vt -0.610938 0.573342
vt -1.62917 0.59721
vt -0.610938 0.573342
vt -0.610938 0.59721
vt -0.610938 0.59721
vt -0.610938 0.573342
vt -1.62917 0.59721
vt -0.597636 1.00183
vt 0 1.23824
vt -0.582218 1.03107
vt -0.582218 1.03107
vt 0 1.23824
vt -0.597636 1.00183
vt -2.71328 0.67662
vt -0.353906 0.643566
vt -0.353906 0.67662
vt -0.353906 0.67662
vt -0.353906 0.643566
vt -2.71328 0.67662
vt -2.71328 0.109687
vt -0.353906 0.14274
vt -2.71328 0.14274
vt -2.71328 0.14274
vt -0.353906 0.14274
vt -2.71328 0.109687
vt -0.364277 1.22615
vt 0 1.23824
vt -0.333516 1.23824
vt -0.333516 1.23824
vt 0 1.23824
vt -0.364277 1.22615
vt 0 1.23824
vt 0.3941 1.2119
vt 0.364277 1.22615
vt 0.364277 1.22615
vt 0.3941 1.2119
vt 0 1.23824
vt -0.353906 0.607413
vt -2.71328 0.640467
vt -2.71328 0.607413
vt -2.71328 0.607413
vt -2.71328 0.640467
vt -0.353906 0.607413
vt 0 1.23824
vt 0.582218 1.03107
vt 0.564763 1.05914
vt 0.564763 1.05914
vt 0.582218 1.03107
vt 0 1.23824
vt -1.52531 0.967195
vt -0.610954 0.971799
vt -1.50736 0.970687
vt -1.50736 0.970687
vt -0.610954 0.971799
vt -1.52531 0.967195
vt 0 0.971575
vt 1.55907 0.953124
vt 1.54264 0.961158
vt 1.54264 0.961158
vt 1.55907 0.953124
vt 0 0.971575
vt -3.06719 -1.15721
vt -2.71328 -1.13892
vt -3.06719 -1.13892
vt -3.06719 -1.13892
vt -2.71328 -1.13892
vt -3.06719 -1.15721
vt -2.71328 -1.29433
vt -3.06719 -1.31262
vt -2.71328 -1.31262
vt -2.71328 -1.31262
vt -3.06719 -1.31262
vt -2.71328 -1.29433
vt 0.610938 0.971575
vt 1.5073 0.970364
vt 1.48892 0.971575
vt 1.48892 0.971575
vt 1.5073 0.970364
vt 0.610938 0.971575
vt -0.353906 -1.44031
vt 0 -1.42188
vt -0.353906 -1.42188
vt -0.353906 -1.42188
vt 0 -1.42188
vt -0.353906 -1.44031
vt -1.52537 0.966754
vt 0 0.971575
vt -1.5073 0.970364
vt -1.5073 0.970364
vt 0 0.971575
vt -1.52537 0.966754
vt 0 -1.42188
vt -0.353906 -1.44031
vt 0 -1.44031
vt 0 -1.44031
vt -0.353906 -1.44031
vt 0 -1.42188
vt -1.61877 0.884332
vt 0 0.971575
vt -1.6107 0.900896
vt -1.6107 0.900896
vt 0 0.971575
vt -1.61877 0.884332
vt -0.353906 0.326864
vt 0 0.308439
vt 0 0.326864
vt 0 0.326864
vt 0 0.308439
vt -0.353906 0.326864
vt 0 0.308439
vt -0.353906 0.326864
vt -0.353906 0.308439
vt -0.353906 0.308439
vt -0.353906 0.326864
vt 0 0.308439
vt 0.610938 0.971575
vt 1.61877 0.884332
vt 1.6107 0.900896
vt 1.6107 0.900896
vt 1.61877 0.884332
vt 0.610938 0.971575
vt 0 0.971575
vt 1.5881 0.930984
vt 1.57431 0.943008
vt 1.57431 0.943008
vt 1.5881 0.930984
vt 0 0.971575
vt -1.57433 0.943232
vt -0.610954 0.971799
vt -1.55909 0.953348
vt -1.55909 0.953348
vt -0.610954 0.971799
vt -1.57433 0.943232
vt -2.71328 -0.566453
vt -3.06719 -0.584745
vt -2.71328 -0.584745
vt -2.71328 -0.584745
vt -3.06719 -0.584745
vt -2.71328 -0.566453
vt -0.667487 0.529908
vt -0.431522 0.638595
vt -0.457584 0.644626
vt -0.457584 0.644626
vt -0.431522 0.638595
vt -0.667487 0.529908
vt -0.610938 0.562556
vt -1.62917 0.591822
vt -1.62917 0.562556
vt -1.62917 0.562556
vt -1.62917 0.591822
vt -0.610938 0.562556
vt -0.431522 0.638595
vt -0.353906 0.971575
vt -0.457584 0.644626
vt -0.457584 0.644626
vt -0.353906 0.971575
vt -0.431522 0.638595
vt -1.62917 0.591126
vt -0.610938 0.564376
vt -0.610938 0.591126
vt -0.610938 0.591126
vt -0.610938 0.564376
vt -1.62917 0.591126
vt -0.610938 0.564376
vt -1.62917 0.591126
vt -1.62917 0.564376
vt -1.62917 0.564376
vt -1.62917 0.591126
vt -0.610938 0.564376
vt -0.582218 1.03107
vt 0 1.23824
vt -0.564763 1.05914
vt -0.564763 1.05914
vt 0 1.23824
vt -0.582218 1.03107
vt -2.71328 0.640467
vt -0.353906 0.607413
vt -0.353906 0.640467
vt -0.353906 0.640467
vt -0.353906 0.607413
vt -2.71328 0.640467
vt -0.353906 0.14274
vt -2.71328 0.109687
vt -0.353906 0.109687
vt -0.353906 0.109687
vt -2.71328 0.109687
vt -0.353906 0.14274
vt -0.3941 1.2119
vt 0 1.23824
vt -0.364277 1.22615
vt -0.364277 1.22615
vt 0 1.23824
vt -0.3941 1.2119
vt 0 1.23824
vt 0.422837 1.19556
vt 0.3941 1.2119
vt 0.3941 1.2119
vt 0.422837 1.19556
vt 0 1.23824
vt -2.71328 0.166876
vt -0.353906 0.19993
vt -2.71328 0.19993
vt -2.71328 0.19993
vt -0.353906 0.19993
vt -2.71328 0.166876
vt -0.353906 0.568109
vt -2.71328 0.601162
vt -2.71328 0.568109
vt -2.71328 0.568109
vt -2.71328 0.601162
vt -0.353906 0.568109
vt 0 1.23824
vt 0.564763 1.05914
vt 0.545358 1.0859
vt 0.545358 1.0859
vt 0.564763 1.05914
vt 0 1.23824
vt -1.54265 0.961382
vt -0.610954 0.971799
vt -1.52531 0.967195
vt -1.52531 0.967195
vt -0.610954 0.971799
vt -1.54265 0.961382
vt 0 0.971575
vt 1.57431 0.943008
vt 1.55907 0.953124
vt 1.55907 0.953124
vt 1.57431 0.943008
vt 0 0.971575
vt -3.06719 -0.982037
vt -2.71328 -0.963746
vt -3.06719 -0.963746
vt -3.06719 -0.963746
vt -2.71328 -0.963746
vt -3.06719 -0.982037
vt -2.71328 -1.13892
vt -3.06719 -1.15721
vt -2.71328 -1.15721
vt -2.71328 -1.15721
vt -3.06719 -1.15721
vt -2.71328 -1.13892
vt 0.610938 0.971575
vt 1.52537 0.966754
vt 1.5073 0.970364
vt 1.5073 0.970364
vt 1.52537 0.966754
vt 0.610938 0.971575
vt -1.54281 0.960807
vt 0 0.971575
vt -1.52537 0.966754
vt -1.52537 0.966754
vt 0 0.971575
vt -1.54281 0.960807
vt 0 -1.28797
vt -0.353906 -1.3064
vt 0 -1.3064
vt 0 -1.3064
vt -0.353906 -1.3064
vt 0 -1.28797
vt -0.353906 -1.3064
vt 0 -1.28797
vt -0.353906 -1.28797
vt -0.353906 -1.28797
vt 0 -1.28797
vt -0.353906 -1.3064
vt -1.6107 0.900896
vt 0 0.971575
vt -1.60053 0.91626
vt -1.60053 0.91626
vt 0 0.971575
vt -1.6107 0.900896
vt -0.353906 0.104492
vt 0 0.086067
vt 0 0.104492
vt 0 0.104492
vt 0 0.086067
vt -0.353906 0.104492
vt 0 0.086067
vt -0.353906 0.104492
vt -0.353906 0.086067
vt -0.353906 0.086067
vt -0.353906 0.104492
vt 0 0.086067
vt 0.610938 0.971575
vt 1.6107 0.900896
vt 1.60053 0.91626
vt 1.60053 0.91626
vt 1.6107 0.900896
vt 0.610938 0.971575
vt -3.06719 -0.584745
vt -2.71328 -0.566453
vt -3.06719 -0.566453
vt -3.06719 -0.566453
vt -2.71328 -0.566453
vt -3.06719 -0.584745
vt -1.55909 0.953348
vt -0.610954 0.971799
vt -1.54265 0.961382
vt -1.54265 0.961382
vt -0.610954 0.971799
vt -1.55909 0.953348
vt -2.71328 -0.771822
vt -3.06719 -0.790114
vt -2.71328 -0.790114
vt -2.71328 -0.790114
vt -3.06719 -0.790114
vt -2.71328 -0.771822
vt -0.564763 1.05914
vt 0 1.23824
vt -0.545358 1.0859
vt -0.545358 1.0859
vt 0 1.23824
vt -0.564763 1.05914
vt -2.71328 0.601162
vt -0.353906 0.568109
vt -0.353906 0.601162
vt -0.353906 0.601162
vt -0.353906 0.568109
vt -2.71328 0.601162
vt -0.422837 1.19556
vt 0 1.23824
vt -0.3941 1.2119
vt -0.3941 1.2119
vt 0 1.23824
vt -0.422837 1.19556
vt -0.353906 0.19993
vt -2.71328 0.166876
vt -0.353906 0.166876
vt -0.353906 0.166876
vt -2.71328 0.166876
vt -0.353906 0.19993
vt 0 1.23824
vt 0.450341 1.17723
vt 0.422837 1.19556
vt 0.422837 1.19556
vt 0.450341 1.17723
vt 0 1.23824
vt -2.71328 0.223139
vt -0.353906 0.256193
vt -2.71328 0.256193
vt -2.71328 0.256193
vt -0.353906 0.256193
vt -2.71328 0.223139
vt -0.353906 0.52585
vt -2.71328 0.558904
vt -2.71328 0.52585
vt -2.71328 0.52585
vt -2.71328 0.558904
vt -0.353906 0.52585
vt 0 1.23824
vt 0.545358 1.0859
vt 0.524102 1.11121
vt 0.524102 1.11121
vt 0.545358 1.0859
vt 0 1.23824
vt -3.06719 -0.790114
vt -2.71328 -0.771822
vt -3.06719 -0.771822
vt -3.06719 -0.771822
vt -2.71328 -0.771822
vt -3.06719 -0.790114
vt -2.71328 -0.963746
vt -3.06719 -0.982037
vt -2.71328 -0.982037
vt -2.71328 -0.982037
vt -3.06719 -0.982037
vt -2.71328 -0.963746
vt 0.610938 0.971575
vt 1.54281 0.960807
vt 1.52537 0.966754
vt 1.52537 0.966754
vt 1.54281 0.960807
vt 0.610938 0.971575
vt -1.55932 0.952625
vt 0 0.971575
vt -1.54281 0.960807
vt -1.54281 0.960807
vt 0 0.971575
vt -1.55932 0.952625
vt 0 -1.13167
vt -0.353906 -1.1501
vt 0 -1.1501
vt 0 -1.1501
vt -0.353906 -1.1501
vt 0 -1.13167
vt -0.353906 -1.1501
vt 0 -1.13167
vt -0.353906 -1.13167
vt -0.353906 -1.13167
vt 0 -1.13167
vt -0.353906 -1.1501
vt -1.60053 0.91626
vt 0 0.971575
vt -1.58843 0.930157
vt -1.58843 0.930157
vt 0 0.971575
vt -1.60053 0.91626
vt -0.353906 -0.119525
vt 0 -0.13795
vt 0 -0.119525
vt 0 -0.119525
vt 0 -0.13795
vt -0.353906 -0.119525
vt 0 -0.13795
vt -0.353906 -0.119525
vt -0.353906 -0.13795
vt -0.353906 -0.13795
vt -0.353906 -0.119525
vt 0 -0.13795
vt 0.610938 0.971575
vt 1.60053 0.91626
vt 1.58843 0.930157
vt 1.58843 0.930157
vt 1.60053 0.91626
vt 0.610938 0.971575
vt -0.545358 1.0859
vt 0 1.23824
vt -0.524102 1.11121
vt -0.524102 1.11121
vt 0 1.23824
vt -0.545358 1.0859
vt -2.71328 0.558904
vt -0.353906 0.52585
vt -0.353906 0.558904
vt -0.353906 0.558904
vt -0.353906 0.52585
vt -2.71328 0.558904
vt -0.450341 1.17723
vt 0 1.23824
vt -0.422837 1.19556
vt -0.422837 1.19556
vt 0 1.23824
vt -0.450341 1.17723
vt -0.353906 0.256193
vt -2.71328 0.223139
vt -0.353906 0.223139
vt -0.353906 0.223139
vt -2.71328 0.223139
vt -0.353906 0.256193
vt 0 1.23824
vt 0.476473 1.15699
vt 0.450341 1.17723
vt 0.450341 1.17723
vt 0.476473 1.15699
vt 0 1.23824
vt -2.71328 0.278191
vt -0.353906 0.311245
vt -2.71328 0.311245
vt -2.71328 0.311245
vt -0.353906 0.311245
vt -2.71328 0.278191
vt -0.353906 0.480852
vt -2.71328 0.513906
vt -2.71328 0.480852
vt -2.71328 0.480852
vt -2.71328 0.513906
vt -0.353906 0.480852
vt 0 1.23824
vt 0.524102 1.11121
vt 0.501101 1.13495
vt 0.501101 1.13495
vt 0.524102 1.11121
vt 0 1.23824
vt 0.610938 0.971575
vt 1.55932 0.952625
vt 1.54281 0.960807
vt 1.54281 0.960807
vt 1.55932 0.952625
vt 0.610938 0.971575
vt -1.57461 0.942349
vt 0 0.971575
vt -1.55932 0.952625
vt -1.55932 0.952625
vt 0 0.971575
vt -1.57461 0.942349
vt 0 -0.95568
vt -0.353906 -0.974105
vt 0 -0.974105
vt 0 -0.974105
vt -0.353906 -0.974105
vt 0 -0.95568
vt -0.353906 -0.974105
vt 0 -0.95568
vt -0.353906 -0.95568
vt -0.353906 -0.95568
vt 0 -0.95568
vt -0.353906 -0.974105
vt -1.58843 0.930157
vt 0 0.971575
vt -1.57461 0.942349
vt -1.57461 0.942349
vt 0 0.971575
vt -1.58843 0.930157
vt -0.353906 -0.34132
vt 0 -0.359745
vt 0 -0.34132
vt 0 -0.34132
vt 0 -0.359745
vt -0.353906 -0.34132
vt 0 -0.359745
vt -0.353906 -0.34132
vt -0.353906 -0.359745
vt -0.353906 -0.359745
vt -0.353906 -0.34132
vt 0 -0.359745
vt 0.610938 0.971575
vt 1.58843 0.930157
vt 1.57461 0.942349
vt 1.57461 0.942349
vt 1.58843 0.930157
vt 0.610938 0.971575
vt -0.524102 1.11121
vt 0 1.23824
vt -0.501101 1.13495
vt -0.501101 1.13495
vt 0 1.23824
vt -0.524102 1.11121
vt -2.71328 0.513906
vt -0.353906 0.480852
vt -0.353906 0.513906
vt -0.353906 0.513906
vt -0.353906 0.480852
vt -2.71328 0.513906
vt -0.476473 1.15699
vt 0 1.23824
vt -0.450341 1.17723
vt -0.450341 1.17723
vt 0 1.23824
vt -0.476473 1.15699
vt -0.353906 0.311245
vt -2.71328 0.278191
vt -0.353906 0.278191
vt -0.353906 0.278191
vt -2.71328 0.278191
vt -0.353906 0.311245
vt 0 1.23824
vt 0.501101 1.13495
vt 0.476473 1.15699
vt 0.476473 1.15699
vt 0.501101 1.13495
vt 0 1.23824
vt -2.71328 0.331755
vt -0.353906 0.364808
vt -2.71328 0.364808
vt -2.71328 0.364808
vt -0.353906 0.364808
vt -2.71328 0.331755
vt -0.353906 0.433342
vt -2.71328 0.466395
vt -2.71328 0.433342
vt -2.71328 0.433342
vt -2.71328 0.466395
vt -0.353906 0.433342
vt 0.610938 0.971575
vt 1.57461 0.942349
vt 1.55932 0.952625
vt 1.55932 0.952625
vt 1.57461 0.942349
vt 0.610938 0.971575
vt 0 -0.763036
vt -0.353906 -0.781462
vt 0 -0.781462
vt 0 -0.781462
vt -0.353906 -0.781462
vt 0 -0.763036
vt -0.353906 -0.781462
vt 0 -0.763036
vt -0.353906 -0.763036
vt -0.353906 -0.763036
vt 0 -0.763036
vt -0.353906 -0.781462
vt 0 -0.557065
vt -0.353906 -0.57549
vt 0 -0.57549
vt 0 -0.57549
vt -0.353906 -0.57549
vt 0 -0.557065
vt -0.353906 -0.57549
vt 0 -0.557065
vt -0.353906 -0.557065
vt -0.353906 -0.557065
vt 0 -0.557065
vt -0.353906 -0.57549
vt -0.501101 1.13495
vt 0 1.23824
vt -0.476473 1.15699
vt -0.476473 1.15699
vt 0 1.23824
vt -0.501101 1.13495
vt -2.71328 0.466395
vt -0.353906 0.433342
vt -0.353906 0.466395
vt -0.353906 0.466395
vt -0.353906 0.433342
vt -2.71328 0.466395
vt -0.353906 0.364808
vt -2.71328 0.331755
vt -0.353906 0.331755
vt -0.353906 0.331755
vt -2.71328 0.331755
vt -0.353906 0.364808
vt -2.71328 0.383559
vt -0.353906 0.416612
vt -2.71328 0.416612
vt -2.71328 0.416612
vt -0.353906 0.416612
vt -2.71328 0.383559
vt -0.353906 0.416612
vt -2.71328 0.383559
vt -0.353906 0.383559
vt -0.353906 0.383559
vt -2.71328 0.383559
vt -0.353906 0.416612
usemtl cb93c492c1c3c00a94c9842dcb05f464_1
f 1/1/1 2/2/2 3/3/3
f 4/4/4 5/5/5 6/6/6
f 7/7/7 8/8/8 9/9/9
f 10/10/10 11/11/11 12/12/12
f 13/13/13 14/14/14 15/15/15
f 16/16/16 17/17/17 18/18/18
f 19/19/19 20/20/20 21/21/21
f 22/22/22 23/23/23 24/24/24
f 25/25/25 26/26/26 27/27/27
f 28/28/28 29/29/29 30/30/30
f 31/31/31 32/32/32 33/33/33
f 34/34/34 35/35/35 36/36/36
f 37/37/37 38/38/38 39/39/39
f 40/40/40 41/41/41 42/42/42
f 43/43/43 44/44/44 45/45/45
f 46/46/46 47/47/47 48/48/48
f 49/49/49 50/50/50 51/51/51
f 52/52/52 53/53/53 54/54/54
f 55/55/55 56/56/56 57/57/57
f 58/58/58 59/59/59 60/60/60
f 61/61/61 62/62/62 63/63/63
f 64/64/64 65/65/65 66/66/66
f 67/67/67 68/68/68 69/69/69
f 70/70/70 71/71/71 72/72/72
f 73/73/73 74/74/74 75/75/75
f 76/76/76 77/77/77 78/78/78
f 79/79/79 80/80/80 81/81/81
f 82/82/82 83/83/83 84/84/84
f 85/85/85 86/86/86 87/87/87
f 88/88/88 89/89/89 90/90/90
f 91/91/91 92/92/92 93/93/93
f 94/94/94 95/95/95 96/96/96
f 97/97/97 98/98/98 99/99/99
f 100/100/100 101/101/101 102/102/102
f 103/103/103 104/104/104 105/105/105
f 106/106/106 107/107/107 108/108/108
f 109/109/109 110/110/110 111/111/111
f 112/112/112 113/113/113 114/114/114
f 115/115/115 116/116/116 117/117/117
f 118/118/118 119/119/119 120/120/120
f 121/121/121 122/122/122 123/123/123
f 124/124/124 125/125/125 126/126/126
f 127/127/127 128/128/128 129/129/129
f 130/130/130 131/131/131 132/132/132
f 133/133/133 134/134/134 135/135/135
f 136/136/136 137/137/137 138/138/138
f 139/139/139 140/140/140 141/141/141
f 142/142/142 143/143/143 144/144/144
f 145/145/145 146/146/146 147/147/147
f 148/148/148 149/149/149 150/150/150
f 151/151/151 152/152/152 153/153/153
f 154/154/154 155/155/155 156/156/156
f 157/157/157 158/158/158 159/159/159
f 160/160/160 161/161/161 162/162/162
f 163/163/163 164/164/164 165/165/165
f 166/166/166 167/167/167 168/168/168
f 169/169/169 170/170/170 171/171/171
f 172/172/172 173/173/173 174/174/174
f 175/175/175 176/176/176 177/177/177
f 178/178/178 179/179/179 180/180/180
f 181/181/181 182/182/182 183/183/183
f 184/184/184 185/185/185 186/186/186
f 187/187/187 188/188/188 189/189/189
f 190/190/190 191/191/191 192/192/192
f 193/193/193 194/194/194 195/195/195
f 196/196/196 197/197/197 198/198/198
f 199/199/199 200/200/200 201/201/201
f 202/202/202 203/203/203 204/204/204
f 205/205/205 206/206/206 207/207/207
f 208/208/208 209/209/209 210/210/210
f 211/211/211 212/212/212 213/213/213
f 214/214/214 215/215/215 216/216/216
f 217/217/217 218/218/218 219/219/219
f 220/220/220 221/221/221 222/222/222
f 223/223/223 224/224/224 225/225/225
f 226/226/226 227/227/227 228/228/228
f 229/229/229 230/230/230 231/231/231
f 232/232/232 233/233/233 234/234/234
f 235/235/235 236/236/236 237/237/237
f 238/238/238 239/239/239 240/240/240
f 241/241/241 242/242/242 243/243/243
f 244/244/244 245/245/245 246/246/246
f 247/247/247 248/248/248 249/249/249
f 250/250/250 251/251/251 252/252/252
f 253/253/253 254/254/254 255/255/255
f 256/256/256 257/257/257 258/258/258
f 259/259/259 260/260/260 261/261/261
f 262/262/262 263/263/263 264/264/264
f 265/265/265 266/266/266 267/267/267
f 268/268/268 269/269/269 270/270/270
f 271/271/271 272/272/272 273/273/273
f 274/274/274 275/275/275 276/276/276
f 277/277/277 278/278/278 279/279/279
f 280/280/280 281/281/281 282/282/282
f 283/283/283 284/284/284 285/285/285
f 286/286/286 287/287/287 288/288/288
f 289/289/289 290/290/290 291/291/291
f 292/292/292 293/293/293 294/294/294
f 295/295/295 296/296/296 297/297/297
f 298/298/298 299/299/299 300/300/300
f 301/301/301 302/302/302 303/303/303
f 304/304/304 305/305/305 306/306/306
f 307/307/307 308/308/308 309/309/309
f 310/310/310 311/311/311 312/312/312
f 313/313/313 314/314/314 315/315/315
f 316/316/316 317/317/317 318/318/318
f 319/319/319 320/320/320 321/321/321
f 322/322/322 323/323/323 324/324/324
f 325/325/325 326/326/326 327/327/327
f 328/328/328 329/329/329 330/330/330
f 331/331/331 332/332/332 333/333/333
f 334/334/334 335/335/335 336/336/336
f 337/337/337 338/338/338 339/339/339
f 340/340/340 341/341/341 342/342/342
f 343/343/343 344/344/344 345/345/345
f 346/346/346 347/347/347 348/348/348
f 349/349/349 350/350/350 351/351/351
f 352/352/352 353/353/353 354/354/354
f 355/355/355 356/356/356 357/357/357
f 358/358/358 359/359/359 360/360/360
f 361/361/361 362/362/362 363/363/363
f 364/364/364 365/365/365 366/366/366
f 367/367/367 368/368/368 369/369/369
f 370/370/370 371/371/371 372/372/372
f 373/373/373 374/374/374 375/375/375
f 376/376/376 377/377/377 378/378/378
f 379/379/379 380/380/380 381/381/381
f 382/382/382 383/383/383 384/384/384
f 385/385/385 386/386/386 387/387/387
f 388/388/388 389/389/389 390/390/390
f 391/391/391 392/392/392 393/393/393
f 394/394/394 395/395/395 396/396/396
f 397/397/397 398/398/398 399/399/399
f 400/400/400 401/401/401 402/402/402
f 403/403/403 404/404/404 405/405/405
f 406/406/406 407/407/407 408/408/408
f 409/409/409 410/410/410 411/411/411
f 412/412/412 413/413/413 414/414/414
f 415/415/415 416/416/416 417/417/417
f 418/418/418 419/419/419 420/420/420
f 421/421/421 422/422/422 423/423/423
f 424/424/424 425/425/425 426/426/426
f 427/427/427 428/428/428 429/429/429
f 430/430/430 431/431/431 432/432/432
f 433/433/433 434/434/434 435/435/435
f 436/436/436 437/437/437 438/438/438
f 439/439/439 440/440/440 441/441/441
f 442/442/442 443/443/443 444/444/444
f 445/445/445 446/446/446 447/447/447
f 448/448/448 449/449/449 450/450/450
f 451/451/451 452/452/452 453/453/453
f 454/454/454 455/455/455 456/456/456
f 457/457/457 458/458/458 459/459/459
f 460/460/460 461/461/461 462/462/462
f 463/463/463 464/464/464 465/465/465
f 466/466/466 467/467/467 468/468/468
f 469/469/469 470/470/470 471/471/471
f 472/472/472 473/473/473 474/474/474
f 475/475/475 476/476/476 477/477/477
f 478/478/478 479/479/479 480/480/480
f 481/481/481 482/482/482 483/483/483
f 484/484/484 485/485/485 486/486/486
f 487/487/487 488/488/488 489/489/489
f 490/490/490 491/491/491 492/492/492
f 493/493/493 494/494/494 495/495/495
f 496/496/496 497/497/497 498/498/498
f 499/499/499 500/500/500 501/501/501
f 502/502/502 503/503/503 504/504/504
f 505/505/505 506/506/506 507/507/507
f 508/508/508 509/509/509 510/510/510
f 511/511/511 512/512/512 513/513/513
f 514/514/514 515/515/515 516/516/516
f 517/517/517 518/518/518 519/519/519
f 520/520/520 521/521/521 522/522/522
f 523/523/523 524/524/524 525/525/525
f 526/526/526 527/527/527 528/528/528
f 529/529/529 530/530/530 531/531/531
f 532/532/532 533/533/533 534/534/534
f 535/535/535 536/536/536 537/537/537
f 538/538/538 539/539/539 540/540/540
f 541/541/541 542/542/542 543/543/543
f 544/544/544 545/545/545 546/546/546
f 547/547/547 548/548/548 549/549/549
f 550/550/550 551/551/551 552/552/552
f 553/553/553 554/554/554 555/555/555
f 556/556/556 557/557/557 558/558/558
f 559/559/559 560/560/560 561/561/561
f 562/562/562 563/563/563 564/564/564
f 565/565/565 566/566/566 567/567/567
f 568/568/568 569/569/569 570/570/570
f 571/571/571 572/572/572 573/573/573
f 574/574/574 575/575/575 576/576/576
f 577/577/577 578/578/578 579/579/579
f 580/580/580 581/581/581 582/582/582
f 583/583/583 584/584/584 585/585/585
f 586/586/586 587/587/587 588/588/588
f 589/589/589 590/590/590 591/591/591
f 592/592/592 593/593/593 594/594/594
f 595/595/595 596/596/596 597/597/597
f 598/598/598 599/599/599 600/600/600
f 601/601/601 602/602/602 603/603/603
f 604/604/604 605/605/605 606/606/606
f 607/607/607 608/608/608 609/609/609
f 610/610/610 611/611/611 612/612/612
f 613/613/613 614/614/614 615/615/615
f 616/616/616 617/617/617 618/618/618
f 619/619/619 620/620/620 621/621/621
f 622/622/622 623/623/623 624/624/624
f 625/625/625 626/626/626 627/627/627
f 628/628/628 629/629/629 630/630/630
f 631/631/631 632/632/632 633/633/633
f 634/634/634 635/635/635 636/636/636
f 637/637/637 638/638/638 639/639/639
f 640/640/640 641/641/641 642/642/642
f 643/643/643 644/644/644 645/645/645
f 646/646/646 647/647/647 648/648/648
f 649/649/649 650/650/650 651/651/651
f 652/652/652 653/653/653 654/654/654
f 655/655/655 656/656/656 657/657/657
f 658/658/658 659/659/659 660/660/660
f 661/661/661 662/662/662 663/663/663
f 664/664/664 665/665/665 666/666/666
f 667/667/667 668/668/668 669/669/669
f 670/670/670 671/671/671 672/672/672
f 673/673/673 674/674/674 675/675/675
f 676/676/676 677/677/677 678/678/678
f 679/679/679 680/680/680 681/681/681
f 682/682/682 683/683/683 684/684/684
f 685/685/685 686/686/686 687/687/687
f 688/688/688 689/689/689 690/690/690
f 691/691/691 692/692/692 693/693/693
f 694/694/694 695/695/695 696/696/696
f 697/697/697 698/698/698 699/699/699
f 700/700/700 701/701/701 702/702/702
f 703/703/703 704/704/704 705/705/705
f 706/706/706 707/707/707 708/708/708
f 709/709/709 710/710/710 711/711/711
f 712/712/712 713/713/713 714/714/714
f 715/715/715 716/716/716 717/717/717
f 718/718/718 719/719/719 720/720/720
f 721/721/721 722/722/722 723/723/723
f 724/724/724 725/725/725 726/726/726
f 727/727/727 728/728/728 729/729/729
f 730/730/730 731/731/731 732/732/732
f 733/733/733 734/734/734 735/735/735
f 736/736/736 737/737/737 738/738/738
f 739/739/739 740/740/740 741/741/741
f 742/742/742 743/743/743 744/744/744
f 745/745/745 746/746/746 747/747/747
f 748/748/748 749/749/749 750/750/750
f 751/751/751 752/752/752 753/753/753
f 754/754/754 755/755/755 756/756/756
f 757/757/757 758/758/758 759/759/759
f 760/760/760 761/761/761 762/762/762
f 763/763/763 764/764/764 765/765/765
f 766/766/766 767/767/767 768/768/768
f 769/769/769 770/770/770 771/771/771
f 772/772/772 773/773/773 774/774/774
f 775/775/775 776/776/776 777/777/777
f 778/778/778 779/779/779 780/780/780
f 781/781/781 782/782/782 783/783/783
f 784/784/784 785/785/785 786/786/786
f 787/787/787 788/788/788 789/789/789
f 790/790/790 791/791/791 792/792/792
f 793/793/793 794/794/794 795/795/795
f 796/796/796 797/797/797 798/798/798
f 799/799/799 800/800/800 801/801/801
f 802/802/802 803/803/803 804/804/804
f 805/805/805 806/806/806 807/807/807
f 808/808/808 809/809/809 810/810/810
f 811/811/811 812/812/812 813/813/813
f 814/814/814 815/815/815 816/816/816
f 817/817/817 818/818/818 819/819/819
f 820/820/820 821/821/821 822/822/822
f 823/823/823 824/824/824 825/825/825
f 826/826/826 827/827/827 828/828/828
f 829/829/829 830/830/830 831/831/831
f 832/832/832 833/833/833 834/834/834
f 835/835/835 836/836/836 837/837/837
f 838/838/838 839/839/839 840/840/840
f 841/841/841 842/842/842 843/843/843
f 844/844/844 845/845/845 846/846/846
f 847/847/847 848/848/848 849/849/849
f 850/850/850 851/851/851 852/852/852
f 853/853/853 854/854/854 855/855/855
f 856/856/856 857/857/857 858/858/858
f 859/859/859 860/860/860 861/861/861
f 862/862/862 863/863/863 864/864/864
f 865/865/865 866/866/866 867/867/867
f 868/868/868 869/869/869 870/870/870
f 871/871/871 872/872/872 873/873/873
f 874/874/874 875/875/875 876/876/876
f 877/877/877 878/878/878 879/879/879
f 880/880/880 881/881/881 882/882/882
f 883/883/883 884/884/884 885/885/885
f 886/886/886 887/887/887 888/888/888
f 889/889/889 890/890/890 891/891/891
f 892/892/892 893/893/893 894/894/894
f 895/895/895 896/896/896 897/897/897
f 898/898/898 899/899/899 900/900/900
f 901/901/901 902/902/902 903/903/903
f 904/904/904 905/905/905 906/906/906
f 907/907/907 908/908/908 909/909/909
f 910/910/910 911/911/911 912/912/912
f 913/913/913 914/914/914 915/915/915
f 916/916/916 917/917/917 918/918/918
f 919/919/919 920/920/920 921/921/921
f 922/922/922 923/923/923 924/924/924
f 925/925/925 926/926/926 927/927/927
f 928/928/928 929/929/929 930/930/930
f 931/931/931 932/932/932 933/933/933
f 934/934/934 935/935/935 936/936/936
f 937/937/937 938/938/938 939/939/939
f 940/940/940 941/941/941 942/942/942
f 943/943/943 944/944/944 945/945/945
f 946/946/946 947/947/947 948/948/948
f 949/949/949 950/950/950 951/951/951
f 952/952/952 953/953/953 954/954/954
f 955/955/955 956/956/956 957/957/957
f 958/958/958 959/959/959 960/960/960
f 961/961/961 962/962/962 963/963/963
f 964/964/964 965/965/965 966/966/966
f 967/967/967 968/968/968 969/969/969
f 970/970/970 971/971/971 972/972/972
f 973/973/973 974/974/974 975/975/975
f 976/976/976 977/977/977 978/978/978
f 979/979/979 980/980/980 981/981/981
f 982/982/982 983/983/983 984/984/984
f 985/985/985 986/986/986 987/987/987
f 988/988/988 989/989/989 990/990/990
f 991/991/991 992/992/992 993/993/993
f 994/994/994 995/995/995 996/996/996
f 997/997/997 998/998/998 999/999/999
f 1000/1000/1000 1001/1001/1001 1002/1002/1002
f 1003/1003/1003 1004/1004/1004 1005/1005/1005
f 1006/1006/1006 1007/1007/1007 1008/1008/1008
f 1009/1009/1009 1010/1010/1010 1011/1011/1011
f 1012/1012/1012 1013/1013/1013 1014/1014/1014
f 1015/1015/1015 1016/1016/1016 1017/1017/1017
f 1018/1018/1018 1019/1019/1019 1020/1020/1020
f 1021/1021/1021 1022/1022/1022 1023/1023/1023
f 1024/1024/1024 1025/1025/1025 1026/1026/1026
f 1027/1027/1027 1028/1028/1028 1029/1029/1029
f 1030/1030/1030 1031/1031/1031 1032/1032/1032
f 1033/1033/1033 1034/1034/1034 1035/1035/1035
f 1036/1036/1036 1037/1037/1037 1038/1038/1038
f 1039/1039/1039 1040/1040/1040 1041/1041/1041
f 1042/1042/1042 1043/1043/1043 1044/1044/1044
f 1045/1045/1045 1046/1046/1046 1047/1047/1047
f 1048/1048/1048 1049/1049/1049 1050/1050/1050
f 1051/1051/1051 1052/1052/1052 1053/1053/1053
f 1054/1054/1054 1055/1055/1055 1056/1056/1056
f 1057/1057/1057 1058/1058/1058 1059/1059/1059
f 1060/1060/1060 1061/1061/1061 1062/1062/1062
f 1063/1063/1063 1064/1064/1064 1065/1065/1065
f 1066/1066/1066 1067/1067/1067 1068/1068/1068
f 1069/1069/1069 1070/1070/1070 1071/1071/1071
f 1072/1072/1072 1073/1073/1073 1074/1074/1074
f 1075/1075/1075 1076/1076/1076 1077/1077/1077
f 1078/1078/1078 1079/1079/1079 1080/1080/1080
f 1081/1081/1081 1082/1082/1082 1083/1083/1083
f 1084/1084/1084 1085/1085/1085 1086/1086/1086
f 1087/1087/1087 1088/1088/1088 1089/1089/1089
f 1090/1090/1090 1091/1091/1091 1092/1092/1092
f 1093/1093/1093 1094/1094/1094 1095/1095/1095
f 1096/1096/1096 1097/1097/1097 1098/1098/1098
f 1099/1099/1099 1100/1100/1100 1101/1101/1101
f 1102/1102/1102 1103/1103/1103 1104/1104/1104
f 1105/1105/1105 1106/1106/1106 1107/1107/1107
f 1108/1108/1108 1109/1109/1109 1110/1110/1110
f 1111/1111/1111 1112/1112/1112 1113/1113/1113
f 1114/1114/1114 1115/1115/1115 1116/1116/1116
f 1117/1117/1117 1118/1118/1118 1119/1119/1119
f 1120/1120/1120 1121/1121/1121 1122/1122/1122
f 1123/1123/1123 1124/1124/1124 1125/1125/1125
f 1126/1126/1126 1127/1127/1127 1128/1128/1128
f 1129/1129/1129 1130/1130/1130 1131/1131/1131
f 1132/1132/1132 1133/1133/1133 1134/1134/1134
f 1135/1135/1135 1136/1136/1136 1137/1137/1137
f 1138/1138/1138 1139/1139/1139 1140/1140/1140
f 1141/1141/1141 1142/1142/1142 1143/1143/1143
f 1144/1144/1144 1145/1145/1145 1146/1146/1146
f 1147/1147/1147 1148/1148/1148 1149/1149/1149
f 1150/1150/1150 1151/1151/1151 1152/1152/1152
f 1153/1153/1153 1154/1154/1154 1155/1155/1155
f 1156/1156/1156 1157/1157/1157 1158/1158/1158
f 1159/1159/1159 1160/1160/1160 1161/1161/1161
f 1162/1162/1162 1163/1163/1163 1164/1164/1164
f 1165/1165/1165 1166/1166/1166 1167/1167/1167
f 1168/1168/1168 1169/1169/1169 1170/1170/1170
f 1171/1171/1171 1172/1172/1172 1173/1173/1173
f 1174/1174/1174 1175/1175/1175 1176/1176/1176
f 1177/1177/1177 1178/1178/1178 1179/1179/1179
f 1180/1180/1180 1181/1181/1181 1182/1182/1182
f 1183/1183/1183 1184/1184/1184 1185/1185/1185
f 1186/1186/1186 1187/1187/1187 1188/1188/1188
f 1189/1189/1189 1190/1190/1190 1191/1191/1191
f 1192/1192/1192 1193/1193/1193 1194/1194/1194
f 1195/1195/1195 1196/1196/1196 1197/1197/1197
f 1198/1198/1198 1199/1199/1199 1200/1200/1200
f 1201/1201/1201 1202/1202/1202 1203/1203/1203
f 1204/1204/1204 1205/1205/1205 1206/1206/1206
f 1207/1207/1207 1208/1208/1208 1209/1209/1209
f 1210/1210/1210 1211/1211/1211 1212/1212/1212
f 1213/1213/1213 1214/1214/1214 1215/1215/1215
f 1216/1216/1216 1217/1217/1217 1218/1218/1218
f 1219/1219/1219 1220/1220/1220 1221/1221/1221
f 1222/1222/1222 1223/1223/1223 1224/1224/1224
f 1225/1225/1225 1226/1226/1226 1227/1227/1227
f 1228/1228/1228 1229/1229/1229 1230/1230/1230
f 1231/1231/1231 1232/1232/1232 1233/1233/1233
f 1234/1234/1234 1235/1235/1235 1236/1236/1236
f 1237/1237/1237 1238/1238/1238 1239/1239/1239
f 1240/1240/1240 1241/1241/1241 1242/1242/1242
f 1243/1243/1243 1244/1244/1244 1245/1245/1245
f 1246/1246/1246 1247/1247/1247 1248/1248/1248
f 1249/1249/1249 1250/1250/1250 1251/1251/1251
f 1252/1252/1252 1253/1253/1253 1254/1254/1254
f 1255/1255/1255 1256/1256/1256 1257/1257/1257
f 1258/1258/1258 1259/1259/1259 1260/1260/1260
f 1261/1261/1261 1262/1262/1262 1263/1263/1263
f 1264/1264/1264 1265/1265/1265 1266/1266/1266
f 1267/1267/1267 1268/1268/1268 1269/1269/1269
f 1270/1270/1270 1271/1271/1271 1272/1272/1272
f 1273/1273/1273 1274/1274/1274 1275/1275/1275
f 1276/1276/1276 1277/1277/1277 1278/1278/1278
f 1279/1279/1279 1280/1280/1280 1281/1281/1281
f 1282/1282/1282 1283/1283/1283 1284/1284/1284
f 1285/1285/1285 1286/1286/1286 1287/1287/1287
f 1288/1288/1288 1289/1289/1289 1290/1290/1290
f 1291/1291/1291 1292/1292/1292 1293/1293/1293
f 1294/1294/1294 1295/1295/1295 1296/1296/1296
f 1297/1297/1297 1298/1298/1298 1299/1299/1299
f 1300/1300/1300 1301/1301/1301 1302/1302/1302
f 1303/1303/1303 1304/1304/1304 1305/1305/1305
f 1306/1306/1306 1307/1307/1307 1308/1308/1308
f 1309/1309/1309 1310/1310/1310 1311/1311/1311
f 1312/1312/1312 1313/1313/1313 1314/1314/1314
f 1315/1315/1315 1316/1316/1316 1317/1317/1317
f 1318/1318/1318 1319/1319/1319 1320/1320/1320
f 1321/1321/1321 1322/1322/1322 1323/1323/1323
f 1324/1324/1324 1325/1325/1325 1326/1326/1326
f 1327/1327/1327 1328/1328/1328 1329/1329/1329
f 1330/1330/1330 1331/1331/1331 1332/1332/1332
f 1333/1333/1333 1334/1334/1334 1335/1335/1335
f 1336/1336/1336 1337/1337/1337 1338/1338/1338
f 1339/1339/1339 1340/1340/1340 1341/1341/1341
f 1342/1342/1342 1343/1343/1343 1344/1344/1344
f 1345/1345/1345 1346/1346/1346 1347/1347/1347
f 1348/1348/1348 1349/1349/1349 1350/1350/1350
f 1351/1351/1351 1352/1352/1352 1353/1353/1353
f 1354/1354/1354 1355/1355/1355 1356/1356/1356
f 1357/1357/1357 1358/1358/1358 1359/1359/1359
f 1360/1360/1360 1361/1361/1361 1362/1362/1362
f 1363/1363/1363 1364/1364/1364 1365/1365/1365
f 1366/1366/1366 1367/1367/1367 1368/1368/1368
f 1369/1369/1369 1370/1370/1370 1371/1371/1371
f 1372/1372/1372 1373/1373/1373 1374/1374/1374
f 1375/1375/1375 1376/1376/1376 1377/1377/1377
f 1378/1378/1378 1379/1379/1379 1380/1380/1380
f 1381/1381/1381 1382/1382/1382 1383/1383/1383
f 1384/1384/1384 1385/1385/1385 1386/1386/1386
f 1387/1387/1387 1388/1388/1388 1389/1389/1389
f 1390/1390/1390 1391/1391/1391 1392/1392/1392
f 1393/1393/1393 1394/1394/1394 1395/1395/1395
f 1396/1396/1396 1397/1397/1397 1398/1398/1398
f 1399/1399/1399 1400/1400/1400 1401/1401/1401
f 1402/1402/1402 1403/1403/1403 1404/1404/1404
f 1405/1405/1405 1406/1406/1406 1407/1407/1407
f 1408/1408/1408 1409/1409/1409 1410/1410/1410
f 1411/1411/1411 1412/1412/1412 1413/1413/1413
f 1414/1414/1414 1415/1415/1415 1416/1416/1416
f 1417/1417/1417 1418/1418/1418 1419/1419/1419
f 1420/1420/1420 1421/1421/1421 1422/1422/1422
f 1423/1423/1423 1424/1424/1424 1425/1425/1425
f 1426/1426/1426 1427/1427/1427 1428/1428/1428
f 1429/1429/1429 1430/1430/1430 1431/1431/1431
f 1432/1432/1432 1433/1433/1433 1434/1434/1434
f 1435/1435/1435 1436/1436/1436 1437/1437/1437
f 1438/1438/1438 1439/1439/1439 1440/1440/1440
f 1441/1441/1441 1442/1442/1442 1443/1443/1443
f 1444/1444/1444 1445/1445/1445 1446/1446/1446
f 1447/1447/1447 1448/1448/1448 1449/1449/1449
f 1450/1450/1450 1451/1451/1451 1452/1452/1452
f 1453/1453/1453 1454/1454/1454 1455/1455/1455
f 1456/1456/1456 1457/1457/1457 1458/1458/1458
f 1459/1459/1459 1460/1460/1460 1461/1461/1461
f 1462/1462/1462 1463/1463/1463 1464/1464/1464
f 1465/1465/1465 1466/1466/1466 1467/1467/1467
f 1468/1468/1468 1469/1469/1469 1470/1470/1470
f 1471/1471/1471 1472/1472/1472 1473/1473/1473
f 1474/1474/1474 1475/1475/1475 1476/1476/1476
f 1477/1477/1477 1478/1478/1478 1479/1479/1479
f 1480/1480/1480 1481/1481/1481 1482/1482/1482
f 1483/1483/1483 1484/1484/1484 1485/1485/1485
f 1486/1486/1486 1487/1487/1487 1488/1488/1488
f 1489/1489/1489 1490/1490/1490 1491/1491/1491
f 1492/1492/1492 1493/1493/1493 1494/1494/1494
f 1495/1495/1495 1496/1496/1496 1497/1497/1497
f 1498/1498/1498 1499/1499/1499 1500/1500/1500
f 1501/1501/1501 1502/1502/1502 1503/1503/1503
f 1504/1504/1504 1505/1505/1505 1506/1506/1506
f 1507/1507/1507 1508/1508/1508 1509/1509/1509
f 1510/1510/1510 1511/1511/1511 1512/1512/1512
f 1513/1513/1513 1514/1514/1514 1515/1515/1515
f 1516/1516/1516 1517/1517/1517 1518/1518/1518
f 1519/1519/1519 1520/1520/1520 1521/1521/1521
f 1522/1522/1522 1523/1523/1523 1524/1524/1524
f 1525/1525/1525 1526/1526/1526 1527/1527/1527
f 1528/1528/1528 1529/1529/1529 1530/1530/1530
f 1531/1531/1531 1532/1532/1532 1533/1533/1533
f 1534/1534/1534 1535/1535/1535 1536/1536/1536
f 1537/1537/1537 1538/1538/1538 1539/1539/1539
f 1540/1540/1540 1541/1541/1541 1542/1542/1542
f 1543/1543/1543 1544/1544/1544 1545/1545/1545
f 1546/1546/1546 1547/1547/1547 1548/1548/1548
f 1549/1549/1549 1550/1550/1550 1551/1551/1551
f 1552/1552/1552 1553/1553/1553 1554/1554/1554
f 1555/1555/1555 1556/1556/1556 1557/1557/1557
f 1558/1558/1558 1559/1559/1559 1560/1560/1560
f 1561/1561/1561 1562/1562/1562 1563/1563/1563
f 1564/1564/1564 1565/1565/1565 1566/1566/1566
f 1567/1567/1567 1568/1568/1568 1569/1569/1569
f 1570/1570/1570 1571/1571/1571 1572/1572/1572
f 1573/1573/1573 1574/1574/1574 1575/1575/1575
f 1576/1576/1576 1577/1577/1577 1578/1578/1578
f 1579/1579/1579 1580/1580/1580 1581/1581/1581
f 1582/1582/1582 1583/1583/1583 1584/1584/1584
f 1585/1585/1585 1586/1586/1586 1587/1587/1587
f 1588/1588/1588 1589/1589/1589 1590/1590/1590
f 1591/1591/1591 1592/1592/1592 1593/1593/1593
f 1594/1594/1594 1595/1595/1595 1596/1596/1596
f 1597/1597/1597 1598/1598/1598 1599/1599/1599
f 1600/1600/1600 1601/1601/1601 1602/1602/1602
f 1603/1603/1603 1604/1604/1604 1605/1605/1605
f 1606/1606/1606 1607/1607/1607 1608/1608/1608
f 1609/1609/1609 1610/1610/1610 1611/1611/1611
f 1612/1612/1612 1613/1613/1613 1614/1614/1614
f 1615/1615/1615 1616/1616/1616 1617/1617/1617
f 1618/1618/1618 1619/1619/1619 1620/1620/1620
f 1621/1621/1621 1622/1622/1622 1623/1623/1623
f 1624/1624/1624 1625/1625/1625 1626/1626/1626
f 1627/1627/1627 1628/1628/1628 1629/1629/1629
f 1630/1630/1630 1631/1631/1631 1632/1632/1632
f 1633/1633/1633 1634/1634/1634 1635/1635/1635
f 1636/1636/1636 1637/1637/1637 1638/1638/1638
f 1639/1639/1639 1640/1640/1640 1641/1641/1641
f 1642/1642/1642 1643/1643/1643 1644/1644/1644
f 1645/1645/1645 1646/1646/1646 1647/1647/1647
f 1648/1648/1648 1649/1649/1649 1650/1650/1650
f 1651/1651/1651 1652/1652/1652 1653/1653/1653
f 1654/1654/1654 1655/1655/1655 1656/1656/1656
f 1657/1657/1657 1658/1658/1658 1659/1659/1659
f 1660/1660/1660 1661/1661/1661 1662/1662/1662
f 1663/1663/1663 1664/1664/1664 1665/1665/1665
f 1666/1666/1666 1667/1667/1667 1668/1668/1668
f 1669/1669/1669 1670/1670/1670 1671/1671/1671
f 1672/1672/1672 1673/1673/1673 1674/1674/1674
f 1675/1675/1675 1676/1676/1676 1677/1677/1677
f 1678/1678/1678 1679/1679/1679 1680/1680/1680
f 1681/1681/1681 1682/1682/1682 1683/1683/1683
f 1684/1684/1684 1685/1685/1685 1686/1686/1686
f 1687/1687/1687 1688/1688/1688 1689/1689/1689
f 1690/1690/1690 1691/1691/1691 1692/1692/1692
f 1693/1693/1693 1694/1694/1694 1695/1695/1695
f 1696/1696/1696 1697/1697/1697 1698/1698/1698
f 1699/1699/1699 1700/1700/1700 1701/1701/1701
f 1702/1702/1702 1703/1703/1703 1704/1704/1704
f 1705/1705/1705 1706/1706/1706 1707/1707/1707
f 1708/1708/1708 1709/1709/1709 1710/1710/1710
f 1711/1711/1711 1712/1712/1712 1713/1713/1713
f 1714/1714/1714 1715/1715/1715 1716/1716/1716
f 1717/1717/1717 1718/1718/1718 1719/1719/1719
f 1720/1720/1720 1721/1721/1721 1722/1722/1722
f 1723/1723/1723 1724/1724/1724 1725/1725/1725
f 1726/1726/1726 1727/1727/1727 1728/1728/1728
f 1729/1729/1729 1730/1730/1730 1731/1731/1731
f 1732/1732/1732 1733/1733/1733 1734/1734/1734
f 1735/1735/1735 1736/1736/1736 1737/1737/1737
f 1738/1738/1738 1739/1739/1739 1740/1740/1740
f 1741/1741/1741 1742/1742/1742 1743/1743/1743
f 1744/1744/1744 1745/1745/1745 1746/1746/1746
f 1747/1747/1747 1748/1748/1748 1749/1749/1749
f 1750/1750/1750 1751/1751/1751 1752/1752/1752
f 1753/1753/1753 1754/1754/1754 1755/1755/1755
f 1756/1756/1756 1757/1757/1757 1758/1758/1758
f 1759/1759/1759 1760/1760/1760 1761/1761/1761
f 1762/1762/1762 1763/1763/1763 1764/1764/1764
f 1765/1765/1765 1766/1766/1766 1767/1767/1767
f 1768/1768/1768 1769/1769/1769 1770/1770/1770
f 1771/1771/1771 1772/1772/1772 1773/1773/1773
f 1774/1774/1774 1775/1775/1775 1776/1776/1776
f 1777/1777/1777 1778/1778/1778 1779/1779/1779
f 1780/1780/1780 1781/1781/1781 1782/1782/1782
f 1783/1783/1783 1784/1784/1784 1785/1785/1785
f 1786/1786/1786 1787/1787/1787 1788/1788/1788
f 1789/1789/1789 1790/1790/1790 1791/1791/1791
f 1792/1792/1792 1793/1793/1793 1794/1794/1794
f 1795/1795/1795 1796/1796/1796 1797/1797/1797
f 1798/1798/1798 1799/1799/1799 1800/1800/1800
f 1801/1801/1801 1802/1802/1802 1803/1803/1803
f 1804/1804/1804 1805/1805/1805 1806/1806/1806
f 1807/1807/1807 1808/1808/1808 1809/1809/1809
f 1810/1810/1810 1811/1811/1811 1812/1812/1812
f 1813/1813/1813 1814/1814/1814 1815/1815/1815
f 1816/1816/1816 1817/1817/1817 1818/1818/1818
f 1819/1819/1819 1820/1820/1820 1821/1821/1821
f 1822/1822/1822 1823/1823/1823 1824/1824/1824
f 1825/1825/1825 1826/1826/1826 1827/1827/1827
f 1828/1828/1828 1829/1829/1829 1830/1830/1830
f 1831/1831/1831 1832/1832/1832 1833/1833/1833
f 1834/1834/1834 1835/1835/1835 1836/1836/1836
f 1837/1837/1837 1838/1838/1838 1839/1839/1839
f 1840/1840/1840 1841/1841/1841 1842/1842/1842
f 1843/1843/1843 1844/1844/1844 1845/1845/1845
f 1846/1846/1846 1847/1847/1847 1848/1848/1848
f 1849/1849/1849 1850/1850/1850 1851/1851/1851
f 1852/1852/1852 1853/1853/1853 1854/1854/1854
f 1855/1855/1855 1856/1856/1856 1857/1857/1857
f 1858/1858/1858 1859/1859/1859 1860/1860/1860
f 1861/1861/1861 1862/1862/1862 1863/1863/1863
f 1864/1864/1864 1865/1865/1865 1866/1866/1866
f 1867/1867/1867 1868/1868/1868 1869/1869/1869
f 1870/1870/1870 1871/1871/1871 1872/1872/1872
f 1873/1873/1873 1874/1874/1874 1875/1875/1875
f 1876/1876/1876 1877/1877/1877 1878/1878/1878
f 1879/1879/1879 1880/1880/1880 1881/1881/1881
f 1882/1882/1882 1883/1883/1883 1884/1884/1884
f 1885/1885/1885 1886/1886/1886 1887/1887/1887
f 1888/1888/1888 1889/1889/1889 1890/1890/1890
f 1891/1891/1891 1892/1892/1892 1893/1893/1893
f 1894/1894/1894 1895/1895/1895 1896/1896/1896
f 1897/1897/1897 1898/1898/1898 1899/1899/1899
f 1900/1900/1900 1901/1901/1901 1902/1902/1902
f 1903/1903/1903 1904/1904/1904 1905/1905/1905
f 1906/1906/1906 1907/1907/1907 1908/1908/1908
f 1909/1909/1909 1910/1910/1910 1911/1911/1911
f 1912/1912/1912 1913/1913/1913 1914/1914/1914
f 1915/1915/1915 1916/1916/1916 1917/1917/1917
f 1918/1918/1918 1919/1919/1919 1920/1920/1920
f 1921/1921/1921 1922/1922/1922 1923/1923/1923
f 1924/1924/1924 1925/1925/1925 1926/1926/1926
f 1927/1927/1927 1928/1928/1928 1929/1929/1929
f 1930/1930/1930 1931/1931/1931 1932/1932/1932
f 1933/1933/1933 1934/1934/1934 1935/1935/1935
f 1936/1936/1936 1937/1937/1937 1938/1938/1938
f 1939/1939/1939 1940/1940/1940 1941/1941/1941
f 1942/1942/1942 1943/1943/1943 1944/1944/1944
f 1945/1945/1945 1946/1946/1946 1947/1947/1947
f 1948/1948/1948 1949/1949/1949 1950/1950/1950
f 1951/1951/1951 1952/1952/1952 1953/1953/1953
f 1954/1954/1954 1955/1955/1955 1956/1956/1956
f 1957/1957/1957 1958/1958/1958 1959/1959/1959
f 1960/1960/1960 1961/1961/1961 1962/1962/1962
f 1963/1963/1963 1964/1964/1964 1965/1965/1965
f 1966/1966/1966 1967/1967/1967 1968/1968/1968
f 1969/1969/1969 1970/1970/1970 1971/1971/1971
f 1972/1972/1972 1973/1973/1973 1974/1974/1974
f 1975/1975/1975 1976/1976/1976 1977/1977/1977
f 1978/1978/1978 1979/1979/1979 1980/1980/1980
f 1981/1981/1981 1982/1982/1982 1983/1983/1983
f 1984/1984/1984 1985/1985/1985 1986/1986/1986
f 1987/1987/1987 1988/1988/1988 1989/1989/1989
f 1990/1990/1990 1991/1991/1991 1992/1992/1992
f 1993/1993/1993 1994/1994/1994 1995/1995/1995
f 1996/1996/1996 1997/1997/1997 1998/1998/1998
f 1999/1999/1999 2000/2000/2000 2001/2001/2001
f 2002/2002/2002 2003/2003/2003 2004/2004/2004
f 2005/2005/2005 2006/2006/2006 2007/2007/2007
f 2008/2008/2008 2009/2009/2009 2010/2010/2010
f 2011/2011/2011 2012/2012/2012 2013/2013/2013
f 2014/2014/2014 2015/2015/2015 2016/2016/2016
f 2017/2017/2017 2018/2018/2018 2019/2019/2019
f 2020/2020/2020 2021/2021/2021 2022/2022/2022
f 2023/2023/2023 2024/2024/2024 2025/2025/2025
f 2026/2026/2026 2027/2027/2027 2028/2028/2028
f 2029/2029/2029 2030/2030/2030 2031/2031/2031
f 2032/2032/2032 2033/2033/2033 2034/2034/2034
f 2035/2035/2035 2036/2036/2036 2037/2037/2037
f 2038/2038/2038 2039/2039/2039 2040/2040/2040
f 2041/2041/2041 2042/2042/2042 2043/2043/2043
f 2044/2044/2044 2045/2045/2045 2046/2046/2046
f 2047/2047/2047 2048/2048/2048 2049/2049/2049
f 2050/2050/2050 2051/2051/2051 2052/2052/2052
f 2053/2053/2053 2054/2054/2054 2055/2055/2055
f 2056/2056/2056 2057/2057/2057 2058/2058/2058
f 2059/2059/2059 2060/2060/2060 2061/2061/2061
f 2062/2062/2062 2063/2063/2063 2064/2064/2064
f 2065/2065/2065 2066/2066/2066 2067/2067/2067
f 2068/2068/2068 2069/2069/2069 2070/2070/2070
f 2071/2071/2071 2072/2072/2072 2073/2073/2073
f 2074/2074/2074 2075/2075/2075 2076/2076/2076
f 2077/2077/2077 2078/2078/2078 2079/2079/2079
f 2080/2080/2080 2081/2081/2081 2082/2082/2082
f 2083/2083/2083 2084/2084/2084 2085/2085/2085
f 2086/2086/2086 2087/2087/2087 2088/2088/2088
f 2089/2089/2089 2090/2090/2090 2091/2091/2091
f 2092/2092/2092 2093/2093/2093 2094/2094/2094
f 2095/2095/2095 2096/2096/2096 2097/2097/2097
f 2098/2098/2098 2099/2099/2099 2100/2100/2100
f 2101/2101/2101 2102/2102/2102 2103/2103/2103
f 2104/2104/2104 2105/2105/2105 2106/2106/2106
f 2107/2107/2107 2108/2108/2108 2109/2109/2109
f 2110/2110/2110 2111/2111/2111 2112/2112/2112
f 2113/2113/2113 2114/2114/2114 2115/2115/2115
f 2116/2116/2116 2117/2117/2117 2118/2118/2118
f 2119/2119/2119 2120/2120/2120 2121/2121/2121
f 2122/2122/2122 2123/2123/2123 2124/2124/2124
f 2125/2125/2125 2126/2126/2126 2127/2127/2127
f 2128/2128/2128 2129/2129/2129 2130/2130/2130
f 2131/2131/2131 2132/2132/2132 2133/2133/2133
f 2134/2134/2134 2135/2135/2135 2136/2136/2136
f 2137/2137/2137 2138/2138/2138 2139/2139/2139
f 2140/2140/2140 2141/2141/2141 2142/2142/2142
f 2143/2143/2143 2144/2144/2144 2145/2145/2145
f 2146/2146/2146 2147/2147/2147 2148/2148/2148
f 2149/2149/2149 2150/2150/2150 2151/2151/2151
f 2152/2152/2152 2153/2153/2153 2154/2154/2154
f 2155/2155/2155 2156/2156/2156 2157/2157/2157
f 2158/2158/2158 2159/2159/2159 2160/2160/2160
f 2161/2161/2161 2162/2162/2162 2163/2163/2163
f 2164/2164/2164 2165/2165/2165 2166/2166/2166
f 2167/2167/2167 2168/2168/2168 2169/2169/2169
f 2170/2170/2170 2171/2171/2171 2172/2172/2172
f 2173/2173/2173 2174/2174/2174 2175/2175/2175
f 2176/2176/2176 2177/2177/2177 2178/2178/2178
f 2179/2179/2179 2180/2180/2180 2181/2181/2181
f 2182/2182/2182 2183/2183/2183 2184/2184/2184
f 2185/2185/2185 2186/2186/2186 2187/2187/2187
f 2188/2188/2188 2189/2189/2189 2190/2190/2190
f 2191/2191/2191 2192/2192/2192 2193/2193/2193
f 2194/2194/2194 2195/2195/2195 2196/2196/2196
f 2197/2197/2197 2198/2198/2198 2199/2199/2199
f 2200/2200/2200 2201/2201/2201 2202/2202/2202
f 2203/2203/2203 2204/2204/2204 2205/2205/2205
f 2206/2206/2206 2207/2207/2207 2208/2208/2208
f 2209/2209/2209 2210/2210/2210 2211/2211/2211
f 2212/2212/2212 2213/2213/2213 2214/2214/2214
f 2215/2215/2215 2216/2216/2216 2217/2217/2217
f 2218/2218/2218 2219/2219/2219 2220/2220/2220
f 2221/2221/2221 2222/2222/2222 2223/2223/2223
f 2224/2224/2224 2225/2225/2225 2226/2226/2226
f 2227/2227/2227 2228/2228/2228 2229/2229/2229
f 2230/2230/2230 2231/2231/2231 2232/2232/2232
f 2233/2233/2233 2234/2234/2234 2235/2235/2235
f 2236/2236/2236 2237/2237/2237 2238/2238/2238
f 2239/2239/2239 2240/2240/2240 2241/2241/2241
f 2242/2242/2242 2243/2243/2243 2244/2244/2244
f 2245/2245/2245 2246/2246/2246 2247/2247/2247
f 2248/2248/2248 2249/2249/2249 2250/2250/2250
f 2251/2251/2251 2252/2252/2252 2253/2253/2253
f 2254/2254/2254 2255/2255/2255 2256/2256/2256
f 2257/2257/2257 2258/2258/2258 2259/2259/2259
f 2260/2260/2260 2261/2261/2261 2262/2262/2262
f 2263/2263/2263 2264/2264/2264 2265/2265/2265
f 2266/2266/2266 2267/2267/2267 2268/2268/2268
f 2269/2269/2269 2270/2270/2270 2271/2271/2271
f 2272/2272/2272 2273/2273/2273 2274/2274/2274
f 2275/2275/2275 2276/2276/2276 2277/2277/2277
f 2278/2278/2278 2279/2279/2279 2280/2280/2280
f 2281/2281/2281 2282/2282/2282 2283/2283/2283
f 2284/2284/2284 2285/2285/2285 2286/2286/2286
f 2287/2287/2287 2288/2288/2288 2289/2289/2289
f 2290/2290/2290 2291/2291/2291 2292/2292/2292
f 2293/2293/2293 2294/2294/2294 2295/2295/2295
f 2296/2296/2296 2297/2297/2297 2298/2298/2298
f 2299/2299/2299 2300/2300/2300 2301/2301/2301
f 2302/2302/2302 2303/2303/2303 2304/2304/2304
f 2305/2305/2305 2306/2306/2306 2307/2307/2307
f 2308/2308/2308 2309/2309/2309 2310/2310/2310
f 2311/2311/2311 2312/2312/2312 2313/2313/2313
f 2314/2314/2314 2315/2315/2315 2316/2316/2316
f 2317/2317/2317 2318/2318/2318 2319/2319/2319
f 2320/2320/2320 2321/2321/2321 2322/2322/2322
f 2323/2323/2323 2324/2324/2324 2325/2325/2325
f 2326/2326/2326 2327/2327/2327 2328/2328/2328
f 2329/2329/2329 2330/2330/2330 2331/2331/2331
f 2332/2332/2332 2333/2333/2333 2334/2334/2334
f 2335/2335/2335 2336/2336/2336 2337/2337/2337
f 2338/2338/2338 2339/2339/2339 2340/2340/2340
f 2341/2341/2341 2342/2342/2342 2343/2343/2343
f 2344/2344/2344 2345/2345/2345 2346/2346/2346
f 2347/2347/2347 2348/2348/2348 2349/2349/2349
f 2350/2350/2350 2351/2351/2351 2352/2352/2352
f 2353/2353/2353 2354/2354/2354 2355/2355/2355
f 2356/2356/2356 2357/2357/2357 2358/2358/2358
f 2359/2359/2359 2360/2360/2360 2361/2361/2361
f 2362/2362/2362 2363/2363/2363 2364/2364/2364
f 2365/2365/2365 2366/2366/2366 2367/2367/2367
f 2368/2368/2368 2369/2369/2369 2370/2370/2370
f 2371/2371/2371 2372/2372/2372 2373/2373/2373
f 2374/2374/2374 2375/2375/2375 2376/2376/2376
f 2377/2377/2377 2378/2378/2378 2379/2379/2379
f 2380/2380/2380 2381/2381/2381 2382/2382/2382
f 2383/2383/2383 2384/2384/2384 2385/2385/2385
f 2386/2386/2386 2387/2387/2387 2388/2388/2388
f 2389/2389/2389 2390/2390/2390 2391/2391/2391
f 2392/2392/2392 2393/2393/2393 2394/2394/2394
f 2395/2395/2395 2396/2396/2396 2397/2397/2397
f 2398/2398/2398 2399/2399/2399 2400/2400/2400
f 2401/2401/2401 2402/2402/2402 2403/2403/2403
f 2404/2404/2404 2405/2405/2405 2406/2406/2406
f 2407/2407/2407 2408/2408/2408 2409/2409/2409
f 2410/2410/2410 2411/2411/2411 2412/2412/2412
f 2413/2413/2413 2414/2414/2414 2415/2415/2415
f 2416/2416/2416 2417/2417/2417 2418/2418/2418
f 2419/2419/2419 2420/2420/2420 2421/2421/2421
f 2422/2422/2422 2423/2423/2423 2424/2424/2424
f 2425/2425/2425 2426/2426/2426 2427/2427/2427
f 2428/2428/2428 2429/2429/2429 2430/2430/2430
f 2431/2431/2431 2432/2432/2432 2433/2433/2433
f 2434/2434/2434 2435/2435/2435 2436/2436/2436
f 2437/2437/2437 2438/2438/2438 2439/2439/2439
f 2440/2440/2440 2441/2441/2441 2442/2442/2442
f 2443/2443/2443 2444/2444/2444 2445/2445/2445
f 2446/2446/2446 2447/2447/2447 2448/2448/2448
f 2449/2449/2449 2450/2450/2450 2451/2451/2451
f 2452/2452/2452 2453/2453/2453 2454/2454/2454
f 2455/2455/2455 2456/2456/2456 2457/2457/2457
f 2458/2458/2458 2459/2459/2459 2460/2460/2460
f 2461/2461/2461 2462/2462/2462 2463/2463/2463
f 2464/2464/2464 2465/2465/2465 2466/2466/2466
f 2467/2467/2467 2468/2468/2468 2469/2469/2469
f 2470/2470/2470 2471/2471/2471 2472/2472/2472
f 2473/2473/2473 2474/2474/2474 2475/2475/2475
f 2476/2476/2476 2477/2477/2477 2478/2478/2478
f 2479/2479/2479 2480/2480/2480 2481/2481/2481
f 2482/2482/2482 2483/2483/2483 2484/2484/2484
f 2485/2485/2485 2486/2486/2486 2487/2487/2487
f 2488/2488/2488 2489/2489/2489 2490/2490/2490
f 2491/2491/2491 2492/2492/2492 2493/2493/2493
f 2494/2494/2494 2495/2495/2495 2496/2496/2496
f 2497/2497/2497 2498/2498/2498 2499/2499/2499
f 2500/2500/2500 2501/2501/2501 2502/2502/2502
f 2503/2503/2503 2504/2504/2504 2505/2505/2505
f 2506/2506/2506 2507/2507/2507 2508/2508/2508
f 2509/2509/2509 2510/2510/2510 2511/2511/2511
f 2512/2512/2512 2513/2513/2513 2514/2514/2514
f 2515/2515/2515 2516/2516/2516 2517/2517/2517
f 2518/2518/2518 2519/2519/2519 2520/2520/2520
f 2521/2521/2521 2522/2522/2522 2523/2523/2523
f 2524/2524/2524 2525/2525/2525 2526/2526/2526
f 2527/2527/2527 2528/2528/2528 2529/2529/2529
f 2530/2530/2530 2531/2531/2531 2532/2532/2532
f 2533/2533/2533 2534/2534/2534 2535/2535/2535
f 2536/2536/2536 2537/2537/2537 2538/2538/2538
f 2539/2539/2539 2540/2540/2540 2541/2541/2541
f 2542/2542/2542 2543/2543/2543 2544/2544/2544
f 2545/2545/2545 2546/2546/2546 2547/2547/2547
f 2548/2548/2548 2549/2549/2549 2550/2550/2550
f 2551/2551/2551 2552/2552/2552 2553/2553/2553
f 2554/2554/2554 2555/2555/2555 2556/2556/2556
f 2557/2557/2557 2558/2558/2558 2559/2559/2559
f 2560/2560/2560 2561/2561/2561 2562/2562/2562
f 2563/2563/2563 2564/2564/2564 2565/2565/2565
f 2566/2566/2566 2567/2567/2567 2568/2568/2568
f 2569/2569/2569 2570/2570/2570 2571/2571/2571
f 2572/2572/2572 2573/2573/2573 2574/2574/2574
f 2575/2575/2575 2576/2576/2576 2577/2577/2577
f 2578/2578/2578 2579/2579/2579 2580/2580/2580
f 2581/2581/2581 2582/2582/2582 2583/2583/2583
f 2584/2584/2584 2585/2585/2585 2586/2586/2586
f 2587/2587/2587 2588/2588/2588 2589/2589/2589
f 2590/2590/2590 2591/2591/2591 2592/2592/2592
f 2593/2593/2593 2594/2594/2594 2595/2595/2595
f 2596/2596/2596 2597/2597/2597 2598/2598/2598
f 2599/2599/2599 2600/2600/2600 2601/2601/2601
f 2602/2602/2602 2603/2603/2603 2604/2604/2604
f 2605/2605/2605 2606/2606/2606 2607/2607/2607
f 2608/2608/2608 2609/2609/2609 2610/2610/2610
f 2611/2611/2611 2612/2612/2612 2613/2613/2613
f 2614/2614/2614 2615/2615/2615 2616/2616/2616
f 2617/2617/2617 2618/2618/2618 2619/2619/2619
f 2620/2620/2620 2621/2621/2621 2622/2622/2622
f 2623/2623/2623 2624/2624/2624 2625/2625/2625
f 2626/2626/2626 2627/2627/2627 2628/2628/2628
f 2629/2629/2629 2630/2630/2630 2631/2631/2631
f 2632/2632/2632 2633/2633/2633 2634/2634/2634
f 2635/2635/2635 2636/2636/2636 2637/2637/2637
f 2638/2638/2638 2639/2639/2639 2640/2640/2640
f 2641/2641/2641 2642/2642/2642 2643/2643/2643
f 2644/2644/2644 2645/2645/2645 2646/2646/2646
f 2647/2647/2647 2648/2648/2648 2649/2649/2649
f 2650/2650/2650 2651/2651/2651 2652/2652/2652
f 2653/2653/2653 2654/2654/2654 2655/2655/2655
f 2656/2656/2656 2657/2657/2657 2658/2658/2658
f 2659/2659/2659 2660/2660/2660 2661/2661/2661
f 2662/2662/2662 2663/2663/2663 2664/2664/2664
f 2665/2665/2665 2666/2666/2666 2667/2667/2667
f 2668/2668/2668 2669/2669/2669 2670/2670/2670
f 2671/2671/2671 2672/2672/2672 2673/2673/2673
f 2674/2674/2674 2675/2675/2675 2676/2676/2676
f 2677/2677/2677 2678/2678/2678 2679/2679/2679
f 2680/2680/2680 2681/2681/2681 2682/2682/2682
f 2683/2683/2683 2684/2684/2684 2685/2685/2685
f 2686/2686/2686 2687/2687/2687 2688/2688/2688
f 2689/2689/2689 2690/2690/2690 2691/2691/2691
f 2692/2692/2692 2693/2693/2693 2694/2694/2694
f 2695/2695/2695 2696/2696/2696 2697/2697/2697
f 2698/2698/2698 2699/2699/2699 2700/2700/2700
f 2701/2701/2701 2702/2702/2702 2703/2703/2703
f 2704/2704/2704 2705/2705/2705 2706/2706/2706
f 2707/2707/2707 2708/2708/2708 2709/2709/2709
f 2710/2710/2710 2711/2711/2711 2712/2712/2712
f 2713/2713/2713 2714/2714/2714 2715/2715/2715
f 2716/2716/2716 2717/2717/2717 2718/2718/2718
f 2719/2719/2719 2720/2720/2720 2721/2721/2721
f 2722/2722/2722 2723/2723/2723 2724/2724/2724
f 2725/2725/2725 2726/2726/2726 2727/2727/2727
f 2728/2728/2728 2729/2729/2729 2730/2730/2730
f 2731/2731/2731 2732/2732/2732 2733/2733/2733
f 2734/2734/2734 2735/2735/2735 2736/2736/2736
f 2737/2737/2737 2738/2738/2738 2739/2739/2739
f 2740/2740/2740 2741/2741/2741 2742/2742/2742
f 2743/2743/2743 2744/2744/2744 2745/2745/2745
f 2746/2746/2746 2747/2747/2747 2748/2748/2748
f 2749/2749/2749 2750/2750/2750 2751/2751/2751
f 2752/2752/2752 2753/2753/2753 2754/2754/2754
f 2755/2755/2755 2756/2756/2756 2757/2757/2757
f 2758/2758/2758 2759/2759/2759 2760/2760/2760
f 2761/2761/2761 2762/2762/2762 2763/2763/2763
f 2764/2764/2764 2765/2765/2765 2766/2766/2766
f 2767/2767/2767 2768/2768/2768 2769/2769/2769
f 2770/2770/2770 2771/2771/2771 2772/2772/2772
f 2773/2773/2773 2774/2774/2774 2775/2775/2775
f 2776/2776/2776 2777/2777/2777 2778/2778/2778
f 2779/2779/2779 2780/2780/2780 2781/2781/2781
f 2782/2782/2782 2783/2783/2783 2784/2784/2784
f 2785/2785/2785 2786/2786/2786 2787/2787/2787
f 2788/2788/2788 2789/2789/2789 2790/2790/2790
f 2791/2791/2791 2792/2792/2792 2793/2793/2793
f 2794/2794/2794 2795/2795/2795 2796/2796/2796
f 2797/2797/2797 2798/2798/2798 2799/2799/2799
f 2800/2800/2800 2801/2801/2801 2802/2802/2802
f 2803/2803/2803 2804/2804/2804 2805/2805/2805
f 2806/2806/2806 2807/2807/2807 2808/2808/2808
f 2809/2809/2809 2810/2810/2810 2811/2811/2811
f 2812/2812/2812 2813/2813/2813 2814/2814/2814
f 2815/2815/2815 2816/2816/2816 2817/2817/2817
f 2818/2818/2818 2819/2819/2819 2820/2820/2820
f 2821/2821/2821 2822/2822/2822 2823/2823/2823
f 2824/2824/2824 2825/2825/2825 2826/2826/2826
f 2827/2827/2827 2828/2828/2828 2829/2829/2829
f 2830/2830/2830 2831/2831/2831 2832/2832/2832
f 2833/2833/2833 2834/2834/2834 2835/2835/2835
f 2836/2836/2836 2837/2837/2837 2838/2838/2838
f 2839/2839/2839 2840/2840/2840 2841/2841/2841
f 2842/2842/2842 2843/2843/2843 2844/2844/2844
f 2845/2845/2845 2846/2846/2846 2847/2847/2847
f 2848/2848/2848 2849/2849/2849 2850/2850/2850
f 2851/2851/2851 2852/2852/2852 2853/2853/2853
f 2854/2854/2854 2855/2855/2855 2856/2856/2856
f 2857/2857/2857 2858/2858/2858 2859/2859/2859
f 2860/2860/2860 2861/2861/2861 2862/2862/2862
f 2863/2863/2863 2864/2864/2864 2865/2865/2865
f 2866/2866/2866 2867/2867/2867 2868/2868/2868
f 2869/2869/2869 2870/2870/2870 2871/2871/2871
f 2872/2872/2872 2873/2873/2873 2874/2874/2874
f 2875/2875/2875 2876/2876/2876 2877/2877/2877
f 2878/2878/2878 2879/2879/2879 2880/2880/2880
f 2881/2881/2881 2882/2882/2882 2883/2883/2883
f 2884/2884/2884 2885/2885/2885 2886/2886/2886
f 2887/2887/2887 2888/2888/2888 2889/2889/2889
f 2890/2890/2890 2891/2891/2891 2892/2892/2892
f 2893/2893/2893 2894/2894/2894 2895/2895/2895
f 2896/2896/2896 2897/2897/2897 2898/2898/2898
f 2899/2899/2899 2900/2900/2900 2901/2901/2901
f 2902/2902/2902 2903/2903/2903 2904/2904/2904
f 2905/2905/2905 2906/2906/2906 2907/2907/2907
f 2908/2908/2908 2909/2909/2909 2910/2910/2910
f 2911/2911/2911 2912/2912/2912 2913/2913/2913
f 2914/2914/2914 2915/2915/2915 2916/2916/2916
f 2917/2917/2917 2918/2918/2918 2919/2919/2919
f 2920/2920/2920 2921/2921/2921 2922/2922/2922
f 2923/2923/2923 2924/2924/2924 2925/2925/2925
f 2926/2926/2926 2927/2927/2927 2928/2928/2928
f 2929/2929/2929 2930/2930/2930 2931/2931/2931
f 2932/2932/2932 2933/2933/2933 2934/2934/2934
f 2935/2935/2935 2936/2936/2936 2937/2937/2937
f 2938/2938/2938 2939/2939/2939 2940/2940/2940
f 2941/2941/2941 2942/2942/2942 2943/2943/2943
f 2944/2944/2944 2945/2945/2945 2946/2946/2946
f 2947/2947/2947 2948/2948/2948 2949/2949/2949
f 2950/2950/2950 2951/2951/2951 2952/2952/2952
f 2953/2953/2953 2954/2954/2954 2955/2955/2955
f 2956/2956/2956 2957/2957/2957 2958/2958/2958
f 2959/2959/2959 2960/2960/2960 2961/2961/2961
f 2962/2962/2962 2963/2963/2963 2964/2964/2964
f 2965/2965/2965 2966/2966/2966 2967/2967/2967
f 2968/2968/2968 2969/2969/2969 2970/2970/2970
f 2971/2971/2971 2972/2972/2972 2973/2973/2973
f 2974/2974/2974 2975/2975/2975 2976/2976/2976
f 2977/2977/2977 2978/2978/2978 2979/2979/2979
f 2980/2980/2980 2981/2981/2981 2982/2982/2982
f 2983/2983/2983 2984/2984/2984 2985/2985/2985
f 2986/2986/2986 2987/2987/2987 2988/2988/2988
f 2989/2989/2989 2990/2990/2990 2991/2991/2991
f 2992/2992/2992 2993/2993/2993 2994/2994/2994
f 2995/2995/2995 2996/2996/2996 2997/2997/2997
f 2998/2998/2998 2999/2999/2999 3000/3000/3000
f 3001/3001/3001 3002/3002/3002 3003/3003/3003
f 3004/3004/3004 3005/3005/3005 3006/3006/3006
f 3007/3007/3007 3008/3008/3008 3009/3009/3009
f 3010/3010/3010 3011/3011/3011 3012/3012/3012
f 3013/3013/3013 3014/3014/3014 3015/3015/3015
f 3016/3016/3016 3017/3017/3017 3018/3018/3018
f 3019/3019/3019 3020/3020/3020 3021/3021/3021
f 3022/3022/3022 3023/3023/3023 3024/3024/3024
f 3025/3025/3025 3026/3026/3026 3027/3027/3027
f 3028/3028/3028 3029/3029/3029 3030/3030/3030
f 3031/3031/3031 3032/3032/3032 3033/3033/3033
f 3034/3034/3034 3035/3035/3035 3036/3036/3036
f 3037/3037/3037 3038/3038/3038 3039/3039/3039
f 3040/3040/3040 3041/3041/3041 3042/3042/3042
f 3043/3043/3043 3044/3044/3044 3045/3045/3045
f 3046/3046/3046 3047/3047/3047 3048/3048/3048
f 3049/3049/3049 3050/3050/3050 3051/3051/3051
f 3052/3052/3052 3053/3053/3053 3054/3054/3054
f 3055/3055/3055 3056/3056/3056 3057/3057/3057
f 3058/3058/3058 3059/3059/3059 3060/3060/3060
f 3061/3061/3061 3062/3062/3062 3063/3063/3063
f 3064/3064/3064 3065/3065/3065 3066/3066/3066
f 3067/3067/3067 3068/3068/3068 3069/3069/3069
f 3070/3070/3070 3071/3071/3071 3072/3072/3072
f 3073/3073/3073 3074/3074/3074 3075/3075/3075
f 3076/3076/3076 3077/3077/3077 3078/3078/3078
f 3079/3079/3079 3080/3080/3080 3081/3081/3081
f 3082/3082/3082 3083/3083/3083 3084/3084/3084
f 3085/3085/3085 3086/3086/3086 3087/3087/3087
f 3088/3088/3088 3089/3089/3089 3090/3090/3090
f 3091/3091/3091 3092/3092/3092 3093/3093/3093
f 3094/3094/3094 3095/3095/3095 3096/3096/3096
f 3097/3097/3097 3098/3098/3098 3099/3099/3099
f 3100/3100/3100 3101/3101/3101 3102/3102/3102
f 3103/3103/3103 3104/3104/3104 3105/3105/3105
f 3106/3106/3106 3107/3107/3107 3108/3108/3108
f 3109/3109/3109 3110/3110/3110 3111/3111/3111
f 3112/3112/3112 3113/3113/3113 3114/3114/3114
f 3115/3115/3115 3116/3116/3116 3117/3117/3117
f 3118/3118/3118 3119/3119/3119 3120/3120/3120
f 3121/3121/3121 3122/3122/3122 3123/3123/3123
f 3124/3124/3124 3125/3125/3125 3126/3126/3126
f 3127/3127/3127 3128/3128/3128 3129/3129/3129
f 3130/3130/3130 3131/3131/3131 3132/3132/3132
f 3133/3133/3133 3134/3134/3134 3135/3135/3135
f 3136/3136/3136 3137/3137/3137 3138/3138/3138
f 3139/3139/3139 3140/3140/3140 3141/3141/3141
f 3142/3142/3142 3143/3143/3143 3144/3144/3144
f 3145/3145/3145 3146/3146/3146 3147/3147/3147
f 3148/3148/3148 3149/3149/3149 3150/3150/3150
f 3151/3151/3151 3152/3152/3152 3153/3153/3153
f 3154/3154/3154 3155/3155/3155 3156/3156/3156
f 3157/3157/3157 3158/3158/3158 3159/3159/3159
f 3160/3160/3160 3161/3161/3161 3162/3162/3162
f 3163/3163/3163 3164/3164/3164 3165/3165/3165
f 3166/3166/3166 3167/3167/3167 3168/3168/3168
f 3169/3169/3169 3170/3170/3170 3171/3171/3171
f 3172/3172/3172 3173/3173/3173 3174/3174/3174
f 3175/3175/3175 3176/3176/3176 3177/3177/3177
f 3178/3178/3178 3179/3179/3179 3180/3180/3180
f 3181/3181/3181 3182/3182/3182 3183/3183/3183
f 3184/3184/3184 3185/3185/3185 3186/3186/3186
f 3187/3187/3187 3188/3188/3188 3189/3189/3189
f 3190/3190/3190 3191/3191/3191 3192/3192/3192
f 3193/3193/3193 3194/3194/3194 3195/3195/3195
f 3196/3196/3196 3197/3197/3197 3198/3198/3198
f 3199/3199/3199 3200/3200/3200 3201/3201/3201
f 3202/3202/3202 3203/3203/3203 3204/3204/3204
f 3205/3205/3205 3206/3206/3206 3207/3207/3207
f 3208/3208/3208 3209/3209/3209 3210/3210/3210
f 3211/3211/3211 3212/3212/3212 3213/3213/3213
f 3214/3214/3214 3215/3215/3215 3216/3216/3216
f 3217/3217/3217 3218/3218/3218 3219/3219/3219
f 3220/3220/3220 3221/3221/3221 3222/3222/3222
f 3223/3223/3223 3224/3224/3224 3225/3225/3225
f 3226/3226/3226 3227/3227/3227 3228/3228/3228
f 3229/3229/3229 3230/3230/3230 3231/3231/3231
f 3232/3232/3232 3233/3233/3233 3234/3234/3234
f 3235/3235/3235 3236/3236/3236 3237/3237/3237
f 3238/3238/3238 3239/3239/3239 3240/3240/3240
f 3241/3241/3241 3242/3242/3242 3243/3243/3243
f 3244/3244/3244 3245/3245/3245 3246/3246/3246
f 3247/3247/3247 3248/3248/3248 3249/3249/3249
f 3250/3250/3250 3251/3251/3251 3252/3252/3252
f 3253/3253/3253 3254/3254/3254 3255/3255/3255
f 3256/3256/3256 3257/3257/3257 3258/3258/3258
f 3259/3259/3259 3260/3260/3260 3261/3261/3261
f 3262/3262/3262 3263/3263/3263 3264/3264/3264
f 3265/3265/3265 3266/3266/3266 3267/3267/3267
f 3268/3268/3268 3269/3269/3269 3270/3270/3270
f 3271/3271/3271 3272/3272/3272 3273/3273/3273
f 3274/3274/3274 3275/3275/3275 3276/3276/3276
f 3277/3277/3277 3278/3278/3278 3279/3279/3279
f 3280/3280/3280 3281/3281/3281 3282/3282/3282
f 3283/3283/3283 3284/3284/3284 3285/3285/3285
f 3286/3286/3286 3287/3287/3287 3288/3288/3288
f 3289/3289/3289 3290/3290/3290 3291/3291/3291
f 3292/3292/3292 3293/3293/3293 3294/3294/3294
f 3295/3295/3295 3296/3296/3296 3297/3297/3297
f 3298/3298/3298 3299/3299/3299 3300/3300/3300
f 3301/3301/3301 3302/3302/3302 3303/3303/3303
f 3304/3304/3304 3305/3305/3305 3306/3306/3306
f 3307/3307/3307 3308/3308/3308 3309/3309/3309
f 3310/3310/3310 3311/3311/3311 3312/3312/3312
f 3313/3313/3313 3314/3314/3314 3315/3315/3315
f 3316/3316/3316 3317/3317/3317 3318/3318/3318
f 3319/3319/3319 3320/3320/3320 3321/3321/3321
f 3322/3322/3322 3323/3323/3323 3324/3324/3324
f 3325/3325/3325 3326/3326/3326 3327/3327/3327
f 3328/3328/3328 3329/3329/3329 3330/3330/3330
f 3331/3331/3331 3332/3332/3332 3333/3333/3333
f 3334/3334/3334 3335/3335/3335 3336/3336/3336
f 3337/3337/3337 3338/3338/3338 3339/3339/3339
f 3340/3340/3340 3341/3341/3341 3342/3342/3342
f 3343/3343/3343 3344/3344/3344 3345/3345/3345
f 3346/3346/3346 3347/3347/3347 3348/3348/3348
f 3349/3349/3349 3350/3350/3350 3351/3351/3351
f 3352/3352/3352 3353/3353/3353 3354/3354/3354
f 3355/3355/3355 3356/3356/3356 3357/3357/3357
f 3358/3358/3358 3359/3359/3359 3360/3360/3360
f 3361/3361/3361 3362/3362/3362 3363/3363/3363
f 3364/3364/3364 3365/3365/3365 3366/3366/3366
f 3367/3367/3367 3368/3368/3368 3369/3369/3369
f 3370/3370/3370 3371/3371/3371 3372/3372/3372
f 3373/3373/3373 3374/3374/3374 3375/3375/3375
f 3376/3376/3376 3377/3377/3377 3378/3378/3378
f 3379/3379/3379 3380/3380/3380 3381/3381/3381
f 3382/3382/3382 3383/3383/3383 3384/3384/3384
f 3385/3385/3385 3386/3386/3386 3387/3387/3387
f 3388/3388/3388 3389/3389/3389 3390/3390/3390
f 3391/3391/3391 3392/3392/3392 3393/3393/3393
f 3394/3394/3394 3395/3395/3395 3396/3396/3396
f 3397/3397/3397 3398/3398/3398 3399/3399/3399
f 3400/3400/3400 3401/3401/3401 3402/3402/3402
f 3403/3403/3403 3404/3404/3404 3405/3405/3405
f 3406/3406/3406 3407/3407/3407 3408/3408/3408
f 3409/3409/3409 3410/3410/3410 3411/3411/3411
f 3412/3412/3412 3413/3413/3413 3414/3414/3414
f 3415/3415/3415 3416/3416/3416 3417/3417/3417
f 3418/3418/3418 3419/3419/3419 3420/3420/3420
f 3421/3421/3421 3422/3422/3422 3423/3423/3423
f 3424/3424/3424 3425/3425/3425 3426/3426/3426
f 3427/3427/3427 3428/3428/3428 3429/3429/3429
f 3430/3430/3430 3431/3431/3431 3432/3432/3432
f 3433/3433/3433 3434/3434/3434 3435/3435/3435
f 3436/3436/3436 3437/3437/3437 3438/3438/3438
f 3439/3439/3439 3440/3440/3440 3441/3441/3441
f 3442/3442/3442 3443/3443/3443 3444/3444/3444
f 3445/3445/3445 3446/3446/3446 3447/3447/3447
f 3448/3448/3448 3449/3449/3449 3450/3450/3450
f 3451/3451/3451 3452/3452/3452 3453/3453/3453
f 3454/3454/3454 3455/3455/3455 3456/3456/3456
f 3457/3457/3457 3458/3458/3458 3459/3459/3459
f 3460/3460/3460 3461/3461/3461 3462/3462/3462
f 3463/3463/3463 3464/3464/3464 3465/3465/3465
f 3466/3466/3466 3467/3467/3467 3468/3468/3468
f 3469/3469/3469 3470/3470/3470 3471/3471/3471
f 3472/3472/3472 3473/3473/3473 3474/3474/3474
f 3475/3475/3475 3476/3476/3476 3477/3477/3477
f 3478/3478/3478 3479/3479/3479 3480/3480/3480
f 3481/3481/3481 3482/3482/3482 3483/3483/3483
f 3484/3484/3484 3485/3485/3485 3486/3486/3486
f 3487/3487/3487 3488/3488/3488 3489/3489/3489
f 3490/3490/3490 3491/3491/3491 3492/3492/3492
f 3493/3493/3493 3494/3494/3494 3495/3495/3495
f 3496/3496/3496 3497/3497/3497 3498/3498/3498
f 3499/3499/3499 3500/3500/3500 3501/3501/3501
f 3502/3502/3502 3503/3503/3503 3504/3504/3504
f 3505/3505/3505 3506/3506/3506 3507/3507/3507
f 3508/3508/3508 3509/3509/3509 3510/3510/3510
f 3511/3511/3511 3512/3512/3512 3513/3513/3513
f 3514/3514/3514 3515/3515/3515 3516/3516/3516
f 3517/3517/3517 3518/3518/3518 3519/3519/3519
f 3520/3520/3520 3521/3521/3521 3522/3522/3522
f 3523/3523/3523 3524/3524/3524 3525/3525/3525
f 3526/3526/3526 3527/3527/3527 3528/3528/3528
f 3529/3529/3529 3530/3530/3530 3531/3531/3531
f 3532/3532/3532 3533/3533/3533 3534/3534/3534
f 3535/3535/3535 3536/3536/3536 3537/3537/3537
f 3538/3538/3538 3539/3539/3539 3540/3540/3540
f 3541/3541/3541 3542/3542/3542 3543/3543/3543
f 3544/3544/3544 3545/3545/3545 3546/3546/3546
f 3547/3547/3547 3548/3548/3548 3549/3549/3549
f 3550/3550/3550 3551/3551/3551 3552/3552/3552
f 3553/3553/3553 3554/3554/3554 3555/3555/3555
f 3556/3556/3556 3557/3557/3557 3558/3558/3558
f 3559/3559/3559 3560/3560/3560 3561/3561/3561
f 3562/3562/3562 3563/3563/3563 3564/3564/3564
f 3565/3565/3565 3566/3566/3566 3567/3567/3567
f 3568/3568/3568 3569/3569/3569 3570/3570/3570
f 3571/3571/3571 3572/3572/3572 3573/3573/3573
f 3574/3574/3574 3575/3575/3575 3576/3576/3576
f 3577/3577/3577 3578/3578/3578 3579/3579/3579
f 3580/3580/3580 3581/3581/3581 3582/3582/3582
f 3583/3583/3583 3584/3584/3584 3585/3585/3585
f 3586/3586/3586 3587/3587/3587 3588/3588/3588
f 3589/3589/3589 3590/3590/3590 3591/3591/3591
f 3592/3592/3592 3593/3593/3593 3594/3594/3594
f 3595/3595/3595 3596/3596/3596 3597/3597/3597
f 3598/3598/3598 3599/3599/3599 3600/3600/3600
f 3601/3601/3601 3602/3602/3602 3603/3603/3603
f 3604/3604/3604 3605/3605/3605 3606/3606/3606
f 3607/3607/3607 3608/3608/3608 3609/3609/3609
f 3610/3610/3610 3611/3611/3611 3612/3612/3612
f 3613/3613/3613 3614/3614/3614 3615/3615/3615
f 3616/3616/3616 3617/3617/3617 3618/3618/3618
f 3619/3619/3619 3620/3620/3620 3621/3621/3621
f 3622/3622/3622 3623/3623/3623 3624/3624/3624
f 3625/3625/3625 3626/3626/3626 3627/3627/3627
f 3628/3628/3628 3629/3629/3629 3630/3630/3630
f 3631/3631/3631 3632/3632/3632 3633/3633/3633
f 3634/3634/3634 3635/3635/3635 3636/3636/3636
f 3637/3637/3637 3638/3638/3638 3639/3639/3639
f 3640/3640/3640 3641/3641/3641 3642/3642/3642
f 3643/3643/3643 3644/3644/3644 3645/3645/3645
f 3646/3646/3646 3647/3647/3647 3648/3648/3648
f 3649/3649/3649 3650/3650/3650 3651/3651/3651
f 3652/3652/3652 3653/3653/3653 3654/3654/3654
f 3655/3655/3655 3656/3656/3656 3657/3657/3657
f 3658/3658/3658 3659/3659/3659 3660/3660/3660
f 3661/3661/3661 3662/3662/3662 3663/3663/3663
f 3664/3664/3664 3665/3665/3665 3666/3666/3666
f 3667/3667/3667 3668/3668/3668 3669/3669/3669
f 3670/3670/3670 3671/3671/3671 3672/3672/3672
f 3673/3673/3673 3674/3674/3674 3675/3675/3675
f 3676/3676/3676 3677/3677/3677 3678/3678/3678
f 3679/3679/3679 3680/3680/3680 3681/3681/3681
f 3682/3682/3682 3683/3683/3683 3684/3684/3684
f 3685/3685/3685 3686/3686/3686 3687/3687/3687
f 3688/3688/3688 3689/3689/3689 3690/3690/3690
f 3691/3691/3691 3692/3692/3692 3693/3693/3693
f 3694/3694/3694 3695/3695/3695 3696/3696/3696
f 3697/3697/3697 3698/3698/3698 3699/3699/3699
f 3700/3700/3700 3701/3701/3701 3702/3702/3702
f 3703/3703/3703 3704/3704/3704 3705/3705/3705
f 3706/3706/3706 3707/3707/3707 3708/3708/3708
f 3709/3709/3709 3710/3710/3710 3711/3711/3711
f 3712/3712/3712 3713/3713/3713 3714/3714/3714
f 3715/3715/3715 3716/3716/3716 3717/3717/3717
f 3718/3718/3718 3719/3719/3719 3720/3720/3720
f 3721/3721/3721 3722/3722/3722 3723/3723/3723
f 3724/3724/3724 3725/3725/3725 3726/3726/3726
f 3727/3727/3727 3728/3728/3728 3729/3729/3729
f 3730/3730/3730 3731/3731/3731 3732/3732/3732
f 3733/3733/3733 3734/3734/3734 3735/3735/3735
f 3736/3736/3736 3737/3737/3737 3738/3738/3738
f 3739/3739/3739 3740/3740/3740 3741/3741/3741
f 3742/3742/3742 3743/3743/3743 3744/3744/3744
f 3745/3745/3745 3746/3746/3746 3747/3747/3747
f 3748/3748/3748 3749/3749/3749 3750/3750/3750
f 3751/3751/3751 3752/3752/3752 3753/3753/3753
f 3754/3754/3754 3755/3755/3755 3756/3756/3756
f 3757/3757/3757 3758/3758/3758 3759/3759/3759
f 3760/3760/3760 3761/3761/3761 3762/3762/3762
f 3763/3763/3763 3764/3764/3764 3765/3765/3765
f 3766/3766/3766 3767/3767/3767 3768/3768/3768
f 3769/3769/3769 3770/3770/3770 3771/3771/3771
f 3772/3772/3772 3773/3773/3773 3774/3774/3774
f 3775/3775/3775 3776/3776/3776 3777/3777/3777
f 3778/3778/3778 3779/3779/3779 3780/3780/3780
f 3781/3781/3781 3782/3782/3782 3783/3783/3783
f 3784/3784/3784 3785/3785/3785 3786/3786/3786
f 3787/3787/3787 3788/3788/3788 3789/3789/3789
f 3790/3790/3790 3791/3791/3791 3792/3792/3792
f 3793/3793/3793 3794/3794/3794 3795/3795/3795
f 3796/3796/3796 3797/3797/3797 3798/3798/3798
f 3799/3799/3799 3800/3800/3800 3801/3801/3801
f 3802/3802/3802 3803/3803/3803 3804/3804/3804
f 3805/3805/3805 3806/3806/3806 3807/3807/3807
f 3808/3808/3808 3809/3809/3809 3810/3810/3810
f 3811/3811/3811 3812/3812/3812 3813/3813/3813
f 3814/3814/3814 3815/3815/3815 3816/3816/3816
f 3817/3817/3817 3818/3818/3818 3819/3819/3819
f 3820/3820/3820 3821/3821/3821 3822/3822/3822
f 3823/3823/3823 3824/3824/3824 3825/3825/3825
f 3826/3826/3826 3827/3827/3827 3828/3828/3828
f 3829/3829/3829 3830/3830/3830 3831/3831/3831
f 3832/3832/3832 3833/3833/3833 3834/3834/3834
f 3835/3835/3835 3836/3836/3836 3837/3837/3837
f 3838/3838/3838 3839/3839/3839 3840/3840/3840
f 3841/3841/3841 3842/3842/3842 3843/3843/3843
f 3844/3844/3844 3845/3845/3845 3846/3846/3846
f 3847/3847/3847 3848/3848/3848 3849/3849/3849
f 3850/3850/3850 3851/3851/3851 3852/3852/3852
f 3853/3853/3853 3854/3854/3854 3855/3855/3855
f 3856/3856/3856 3857/3857/3857 3858/3858/3858
f 3859/3859/3859 3860/3860/3860 3861/3861/3861
f 3862/3862/3862 3863/3863/3863 3864/3864/3864
f 3865/3865/3865 3866/3866/3866 3867/3867/3867
f 3868/3868/3868 3869/3869/3869 3870/3870/3870
f 3871/3871/3871 3872/3872/3872 3873/3873/3873
f 3874/3874/3874 3875/3875/3875 3876/3876/3876
f 3877/3877/3877 3878/3878/3878 3879/3879/3879
f 3880/3880/3880 3881/3881/3881 3882/3882/3882
f 3883/3883/3883 3884/3884/3884 3885/3885/3885
f 3886/3886/3886 3887/3887/3887 3888/3888/3888
f 3889/3889/3889 3890/3890/3890 3891/3891/3891
f 3892/3892/3892 3893/3893/3893 3894/3894/3894
f 3895/3895/3895 3896/3896/3896 3897/3897/3897
f 3898/3898/3898 3899/3899/3899 3900/3900/3900
f 3901/3901/3901 3902/3902/3902 3903/3903/3903
f 3904/3904/3904 3905/3905/3905 3906/3906/3906
f 3907/3907/3907 3908/3908/3908 3909/3909/3909
f 3910/3910/3910 3911/3911/3911 3912/3912/3912
f 3913/3913/3913 3914/3914/3914 3915/3915/3915
f 3916/3916/3916 3917/3917/3917 3918/3918/3918
f 3919/3919/3919 3920/3920/3920 3921/3921/3921
f 3922/3922/3922 3923/3923/3923 3924/3924/3924
f 3925/3925/3925 3926/3926/3926 3927/3927/3927
f 3928/3928/3928 3929/3929/3929 3930/3930/3930
f 3931/3931/3931 3932/3932/3932 3933/3933/3933
f 3934/3934/3934 3935/3935/3935 3936/3936/3936
f 3937/3937/3937 3938/3938/3938 3939/3939/3939
f 3940/3940/3940 3941/3941/3941 3942/3942/3942
f 3943/3943/3943 3944/3944/3944 3945/3945/3945
f 3946/3946/3946 3947/3947/3947 3948/3948/3948
f 3949/3949/3949 3950/3950/3950 3951/3951/3951
f 3952/3952/3952 3953/3953/3953 3954/3954/3954
f 3955/3955/3955 3956/3956/3956 3957/3957/3957
f 3958/3958/3958 3959/3959/3959 3960/3960/3960
f 3961/3961/3961 3962/3962/3962 3963/3963/3963
f 3964/3964/3964 3965/3965/3965 3966/3966/3966
f 3967/3967/3967 3968/3968/3968 3969/3969/3969
f 3970/3970/3970 3971/3971/3971 3972/3972/3972
f 3973/3973/3973 3974/3974/3974 3975/3975/3975
f 3976/3976/3976 3977/3977/3977 3978/3978/3978
f 3979/3979/3979 3980/3980/3980 3981/3981/3981
f 3982/3982/3982 3983/3983/3983 3984/3984/3984
f 3985/3985/3985 3986/3986/3986 3987/3987/3987
f 3988/3988/3988 3989/3989/3989 3990/3990/3990
f 3991/3991/3991 3992/3992/3992 3993/3993/3993
f 3994/3994/3994 3995/3995/3995 3996/3996/3996
f 3997/3997/3997 3998/3998/3998 3999/3999/3999
f 4000/4000/4000 4001/4001/4001 4002/4002/4002
f 4003/4003/4003 4004/4004/4004 4005/4005/4005
f 4006/4006/4006 4007/4007/4007 4008/4008/4008
f 4009/4009/4009 4010/4010/4010 4011/4011/4011
f 4012/4012/4012 4013/4013/4013 4014/4014/4014
f 4015/4015/4015 4016/4016/4016 4017/4017/4017
f 4018/4018/4018 4019/4019/4019 4020/4020/4020
f 4021/4021/4021 4022/4022/4022 4023/4023/4023
f 4024/4024/4024 4025/4025/4025 4026/4026/4026
f 4027/4027/4027 4028/4028/4028 4029/4029/4029
f 4030/4030/4030 4031/4031/4031 4032/4032/4032
f 4033/4033/4033 4034/4034/4034 4035/4035/4035
f 4036/4036/4036 4037/4037/4037 4038/4038/4038
f 4039/4039/4039 4040/4040/4040 4041/4041/4041
f 4042/4042/4042 4043/4043/4043 4044/4044/4044
f 4045/4045/4045 4046/4046/4046 4047/4047/4047
f 4048/4048/4048 4049/4049/4049 4050/4050/4050
f 4051/4051/4051 4052/4052/4052 4053/4053/4053
f 4054/4054/4054 4055/4055/4055 4056/4056/4056
f 4057/4057/4057 4058/4058/4058 4059/4059/4059
f 4060/4060/4060 4061/4061/4061 4062/4062/4062
f 4063/4063/4063 4064/4064/4064 4065/4065/4065
f 4066/4066/4066 4067/4067/4067 4068/4068/4068
f 4069/4069/4069 4070/4070/4070 4071/4071/4071
f 4072/4072/4072 4073/4073/4073 4074/4074/4074
f 4075/4075/4075 4076/4076/4076 4077/4077/4077
f 4078/4078/4078 4079/4079/4079 4080/4080/4080
f 4081/4081/4081 4082/4082/4082 4083/4083/4083
f 4084/4084/4084 4085/4085/4085 4086/4086/4086
f 4087/4087/4087 4088/4088/4088 4089/4089/4089
f 4090/4090/4090 4091/4091/4091 4092/4092/4092
f 4093/4093/4093 4094/4094/4094 4095/4095/4095
f 4096/4096/4096 4097/4097/4097 4098/4098/4098
f 4099/4099/4099 4100/4100/4100 4101/4101/4101
f 4102/4102/4102 4103/4103/4103 4104/4104/4104
f 4105/4105/4105 4106/4106/4106 4107/4107/4107
f 4108/4108/4108 4109/4109/4109 4110/4110/4110
f 4111/4111/4111 4112/4112/4112 4113/4113/4113
f 4114/4114/4114 4115/4115/4115 4116/4116/4116
f 4117/4117/4117 4118/4118/4118 4119/4119/4119
f 4120/4120/4120 4121/4121/4121 4122/4122/4122
f 4123/4123/4123 4124/4124/4124 4125/4125/4125
f 4126/4126/4126 4127/4127/4127 4128/4128/4128
f 4129/4129/4129 4130/4130/4130 4131/4131/4131
f 4132/4132/4132 4133/4133/4133 4134/4134/4134
f 4135/4135/4135 4136/4136/4136 4137/4137/4137
f 4138/4138/4138 4139/4139/4139 4140/4140/4140
f 4141/4141/4141 4142/4142/4142 4143/4143/4143
f 4144/4144/4144 4145/4145/4145 4146/4146/4146
f 4147/4147/4147 4148/4148/4148 4149/4149/4149
f 4150/4150/4150 4151/4151/4151 4152/4152/4152
f 4153/4153/4153 4154/4154/4154 4155/4155/4155
f 4156/4156/4156 4157/4157/4157 4158/4158/4158
f 4159/4159/4159 4160/4160/4160 4161/4161/4161
f 4162/4162/4162 4163/4163/4163 4164/4164/4164
f 4165/4165/4165 4166/4166/4166 4167/4167/4167
f 4168/4168/4168 4169/4169/4169 4170/4170/4170
f 4171/4171/4171 4172/4172/4172 4173/4173/4173
f 4174/4174/4174 4175/4175/4175 4176/4176/4176
f 4177/4177/4177 4178/4178/4178 4179/4179/4179
f 4180/4180/4180 4181/4181/4181 4182/4182/4182
f 4183/4183/4183 4184/4184/4184 4185/4185/4185
f 4186/4186/4186 4187/4187/4187 4188/4188/4188
f 4189/4189/4189 4190/4190/4190 4191/4191/4191
f 4192/4192/4192 4193/4193/4193 4194/4194/4194
f 4195/4195/4195 4196/4196/4196 4197/4197/4197
f 4198/4198/4198 4199/4199/4199 4200/4200/4200
f 4201/4201/4201 4202/4202/4202 4203/4203/4203
f 4204/4204/4204 4205/4205/4205 4206/4206/4206
f 4207/4207/4207 4208/4208/4208 4209/4209/4209
f 4210/4210/4210 4211/4211/4211 4212/4212/4212
f 4213/4213/4213 4214/4214/4214 4215/4215/4215
f 4216/4216/4216 4217/4217/4217 4218/4218/4218
f 4219/4219/4219 4220/4220/4220 4221/4221/4221
f 4222/4222/4222 4223/4223/4223 4224/4224/4224
f 4225/4225/4225 4226/4226/4226 4227/4227/4227
f 4228/4228/4228 4229/4229/4229 4230/4230/4230
f 4231/4231/4231 4232/4232/4232 4233/4233/4233
f 4234/4234/4234 4235/4235/4235 4236/4236/4236
f 4237/4237/4237 4238/4238/4238 4239/4239/4239
f 4240/4240/4240 4241/4241/4241 4242/4242/4242
f 4243/4243/4243 4244/4244/4244 4245/4245/4245
f 4246/4246/4246 4247/4247/4247 4248/4248/4248
f 4249/4249/4249 4250/4250/4250 4251/4251/4251
f 4252/4252/4252 4253/4253/4253 4254/4254/4254
f 4255/4255/4255 4256/4256/4256 4257/4257/4257
f 4258/4258/4258 4259/4259/4259 4260/4260/4260
f 4261/4261/4261 4262/4262/4262 4263/4263/4263
f 4264/4264/4264 4265/4265/4265 4266/4266/4266
f 4267/4267/4267 4268/4268/4268 4269/4269/4269
f 4270/4270/4270 4271/4271/4271 4272/4272/4272
f 4273/4273/4273 4274/4274/4274 4275/4275/4275
f 4276/4276/4276 4277/4277/4277 4278/4278/4278
f 4279/4279/4279 4280/4280/4280 4281/4281/4281
f 4282/4282/4282 4283/4283/4283 4284/4284/4284
f 4285/4285/4285 4286/4286/4286 4287/4287/4287
f 4288/4288/4288 4289/4289/4289 4290/4290/4290
f 4291/4291/4291 4292/4292/4292 4293/4293/4293
f 4294/4294/4294 4295/4295/4295 4296/4296/4296
f 4297/4297/4297 4298/4298/4298 4299/4299/4299
f 4300/4300/4300 4301/4301/4301 4302/4302/4302
f 4303/4303/4303 4304/4304/4304 4305/4305/4305
f 4306/4306/4306 4307/4307/4307 4308/4308/4308
f 4309/4309/4309 4310/4310/4310 4311/4311/4311
f 4312/4312/4312 4313/4313/4313 4314/4314/4314
f 4315/4315/4315 4316/4316/4316 4317/4317/4317
f 4318/4318/4318 4319/4319/4319 4320/4320/4320
f 4321/4321/4321 4322/4322/4322 4323/4323/4323
f 4324/4324/4324 4325/4325/4325 4326/4326/4326
f 4327/4327/4327 4328/4328/4328 4329/4329/4329
f 4330/4330/4330 4331/4331/4331 4332/4332/4332
f 4333/4333/4333 4334/4334/4334 4335/4335/4335
f 4336/4336/4336 4337/4337/4337 4338/4338/4338
f 4339/4339/4339 4340/4340/4340 4341/4341/4341
f 4342/4342/4342 4343/4343/4343 4344/4344/4344
f 4345/4345/4345 4346/4346/4346 4347/4347/4347
f 4348/4348/4348 4349/4349/4349 4350/4350/4350
f 4351/4351/4351 4352/4352/4352 4353/4353/4353
f 4354/4354/4354 4355/4355/4355 4356/4356/4356
f 4357/4357/4357 4358/4358/4358 4359/4359/4359
f 4360/4360/4360 4361/4361/4361 4362/4362/4362
f 4363/4363/4363 4364/4364/4364 4365/4365/4365
f 4366/4366/4366 4367/4367/4367 4368/4368/4368
f 4369/4369/4369 4370/4370/4370 4371/4371/4371
f 4372/4372/4372 4373/4373/4373 4374/4374/4374
f 4375/4375/4375 4376/4376/4376 4377/4377/4377
f 4378/4378/4378 4379/4379/4379 4380/4380/4380
f 4381/4381/4381 4382/4382/4382 4383/4383/4383
f 4384/4384/4384 4385/4385/4385 4386/4386/4386
f 4387/4387/4387 4388/4388/4388 4389/4389/4389
f 4390/4390/4390 4391/4391/4391 4392/4392/4392
f 4393/4393/4393 4394/4394/4394 4395/4395/4395
f 4396/4396/4396 4397/4397/4397 4398/4398/4398
f 4399/4399/4399 4400/4400/4400 4401/4401/4401
f 4402/4402/4402 4403/4403/4403 4404/4404/4404
f 4405/4405/4405 4406/4406/4406 4407/4407/4407
f 4408/4408/4408 4409/4409/4409 4410/4410/4410
f 4411/4411/4411 4412/4412/4412 4413/4413/4413
f 4414/4414/4414 4415/4415/4415 4416/4416/4416
f 4417/4417/4417 4418/4418/4418 4419/4419/4419
f 4420/4420/4420 4421/4421/4421 4422/4422/4422
f 4423/4423/4423 4424/4424/4424 4425/4425/4425
f 4426/4426/4426 4427/4427/4427 4428/4428/4428
f 4429/4429/4429 4430/4430/4430 4431/4431/4431
f 4432/4432/4432 4433/4433/4433 4434/4434/4434
